"Date","Return","Vol_HAR","VaR_HAR_1","ES_HAR_1","VaR_HAR_5","ES_HAR_5","RV_AAPL"
2012-12-20,1.5687306593,1.92494287763879,-4.93931162408213,-5.8341946654671,-3.21669540392567,-4.25297216364037,2.33550646836099
2012-12-21,-2.5572664505,1.85104871029322,-4.74290261469334,-5.60392853063136,-3.08642220148498,-4.08298896003356,1.65950676201618
2012-12-24,-0.64305672768,1.83520347988558,-4.70083984554596,-5.55448972841381,-3.0581583936773,-4.04649038472802,0.711145254508665
2012-12-26,2.1832094582,1.73686851576177,-4.43812055615828,-5.24624568832773,-2.88386247807688,-3.81900964502469,1.30812610168041
2012-12-27,-0.44108846159,1.51206096679188,-3.83782966901001,-4.54225167983864,-2.4857600835018,-3.2994001445703,1.75399054457866
2012-12-28,-1.7272727271,1.48760303596747,-3.77185085273288,-4.46485393153517,-2.4420025092153,-3.24225476613274,1.05636660935845
2012-12-31,-3.756159263,1.49609138520759,-3.79491626450033,-4.49172527848223,-2.45712198393145,-3.26214426473848,3.85463182156424
2013-01-02,1.772480649,1.40264200223989,-3.55397011114949,-4.20634481428763,-2.29964197634403,-3.05748334419296,2.32798010349097
2013-01-03,2.9046123007,1.64378567003976,-4.19888655178565,-4.96360558602405,-2.72900778430122,-3.61717728878617,1.43399467183315
2013-01-04,-1.4216145347,1.61715571525743,-4.12739526556014,-4.88002041819701,-2.68146271339947,-3.5553103255858,1.73064969026435
2013-01-07,-0.87017157175,1.5736334909252,-4.01111444227108,-4.74365778086953,-2.60405209899502,-3.45447793786476,3.15809214558826
2013-01-08,-0.46004620781,1.5905400097301,-4.05618830714952,-4.79612346814074,-2.6340371367296,-3.4933729121559,2.41267136767811
2013-01-09,0.16136175436,1.73610004409035,-4.44542450072365,-5.25327698217526,-2.89326977701047,-3.83126855861906,1.53437380516119
2013-01-10,-1.3781124559,1.64345158053353,-4.19760300349022,-4.96260446143504,-2.72828741160374,-3.61633626384394,2.5761658561463
2013-01-11,0.40165731152,1.55255275207949,-3.9541701853123,-4.67666700063069,-2.5661590660827,-3.4049867237179,1.21659939869402
2013-01-14,-1.0621675144,1.63916025652331,-4.18670529670866,-4.95000284601678,-2.72108715123128,-3.60700165325974,3.16912447949613
2013-01-15,4.4317461987,1.53761144689848,-3.9146072642483,-4.63054854087634,-2.5398593942757,-3.37083082680553,3.03284076941052
2013-01-16,3.16759835,1.64449980163642,-4.20038228987239,-4.96606878995391,-2.73015692729115,-3.61884835643036,1.96146014824347
2013-01-17,-1.2629728794,1.65733874564024,-4.23465231906817,-5.00626876143073,-2.75301221369611,-3.64858444182543,1.73980123954903
2013-01-18,-2.78472868,1.61254735595945,-4.11535250319278,-4.86615235297103,-2.67358621607799,-3.54504018055408,0.873170310622465
2013-01-22,-0.58823529398,1.56768203881641,-3.99573890944436,-4.72627056313372,-2.59968136039725,-3.44302866200525,1.76048438831017
2013-01-23,0.26913533093,1.49636857123569,-3.80530533739647,-4.5028900701671,-2.47260048236183,-3.27780752212129,2.07135934718011
2013-01-24,-1.5628866764,1.49423218364114,-3.79954077558533,-4.4958275688594,-2.46889423490358,-3.27265927452107,6.24490562894081
2013-01-25,1.2396054921,1.47758189879977,-3.75418019016507,-4.44166900681531,-2.43881676319932,-3.23276589802224,6.08767319522753
2013-01-28,-0.61316880283,1.84397640884868,-4.73427962432919,-5.59204475006012,-3.09282512771899,-4.08346347500967,4.74225148347969
2013-01-29,-3.5652508169,1.96813945846349,-5.06650657860752,-5.98191617231955,-3.31456499608447,-4.37179523549329,2.27979923524802
2013-01-30,-3.1549576483,2.02082008020089,-5.20837472338758,-6.14884211438609,-3.42260571019612,-4.49634658057843,2.2918434351172
2013-01-31,4.1508890352,1.92771999567682,-4.96027698169433,-5.8577475148962,-3.25637318467066,-4.28098495948405,1.31069793649507
2013-02-01,-0.67379319871,1.9350048001093,-4.9801643039219,-5.88167112465378,-3.26984617322424,-4.29860794072718,2.13329168476198
2013-02-04,-0.53314235702,1.74282855520866,-4.46596304279048,-5.27800015633496,-2.92545382922842,-3.85209147879866,2.22586324667059
2013-02-05,0.95400000009,1.65512880855048,-4.23148013271761,-5.00267102157562,-2.76841667201082,-3.64846259833198,2.48978339713707
2013-02-06,1.8295461297,1.57511359237889,-4.0173322375778,-4.75124448039121,-2.62500002531929,-3.46250233225715,3.57229124847569
2013-02-07,-12.354938181,1.59913614643254,-4.08125933876279,-4.82577387758081,-2.6677504928695,-3.51773424091801,4.47035938949291
2013-02-08,-2.3573806881,1.70201560644523,-4.36272664575292,-5.46803176081871,-2.86028932715714,-3.83307201042671,1.73714532151104
2013-02-11,2.2619805401,1.84515595274872,-4.74622424161301,-5.94460058531877,-3.10804239451857,-4.16946902309333,2.08536832686616
2013-02-12,1.8762643665,1.69741124385015,-4.35095558105825,-5.45353805713856,-2.84394768756054,-3.82040445299752,2.99127333887124
2013-02-13,-0.31422523844,1.71184119472141,-4.38908914277213,-5.50097670933854,-2.86948348182463,-3.85409215921639,2.89035216670581
2013-02-14,-0.29332574477,1.77348847432792,-4.55419486339353,-5.70596838489244,-2.97972722968808,-3.99984794238995,1.99025091270795
2013-02-15,-0.41054688363,1.75017784299558,-4.49197842382625,-5.62898013083798,-2.93834309703166,-3.94504022610093,1.16424412661595
2013-02-19,-2.4919536176,1.62129365380958,-4.14743127122345,-5.20086037056166,-2.70802719271144,-3.64073190722683,2.09064983927282
2013-02-20,3.5106123225,1.55259199419522,-3.96404974772009,-4.97293275151391,-2.58546665453953,-3.47878091432483,1.65943415553387
2013-02-21,-0.10789701291,1.60405992931865,-4.10156248309807,-5.14424277672213,-2.6774916166119,-3.60037449321614,2.39526993302129
2013-02-22,2.9733890477,1.53379897432546,-3.91328793932294,-4.91027641725451,-2.55161171084214,-3.43405807463036,1.46998167836765
2013-02-25,1.443765751,1.56062384553048,-3.9851569331297,-4.99990148128538,-2.59962768341084,-3.49766543959943,1.50080917255148
2013-02-26,1.0421491432,1.48846229923784,-3.79192607594205,-4.76005163169472,-2.47040986061688,-3.3270703776824,3.37802291138288
2013-02-27,-2.5066155482,1.5017184589502,-3.82678230396437,-4.80313134358911,-2.49366009163993,-3.35772733029717,6.10549823516867
2013-02-28,-0.19021158369,1.64283912590822,-4.20891723088312,-5.28003732391973,-2.74979616668229,-3.69630670078266,1.61614299361823
2013-03-01,-0.089933834352,1.9143239500013,-4.93714330042671,-6.1846011792994,-3.23717881944188,-4.33917052937132,2.05775271712348
2013-03-04,-1.3780835423,1.66481866892918,-4.26115327421125,-5.31578046886558,-2.77732706830835,-3.72845472493137,1.88436991844674
2013-03-05,-0.036943671694,1.7048796250098,-4.37159167793751,-5.45220071863936,-2.85144822804205,-3.82562865991115,3.09962947425224
2013-03-06,-2.4217917781,1.70753038844592,-4.37840180512499,-5.46054713389765,-2.85602530965287,-3.83155050433976,2.21660140059494
2013-03-07,-0.62158850396,1.76438795822863,-4.52951846792223,-5.64787845893986,-2.9566920231122,-3.96481945090092,2.13832929626844
2013-03-08,1.0648791642,1.5923489219518,-4.06872735736259,-5.0779515751885,-2.64935255947356,-3.5591364315822,1.89175497669369
2013-03-11,-1.7768017568,1.60580916113651,-4.10415071888098,-5.12194007636064,-2.6728526916627,-3.59041755600696,2.33532225286564
2013-03-12,1.3934056007,1.58332668374733,-4.04851037808519,-5.05369393890997,-2.63605807912101,-3.5416586131983,2.68168685294743
2013-03-13,-0.98002093682,1.6213766009609,-4.14959514721193,-5.17820153766163,-2.70408337966808,-3.63021499948561,2.02677465195674
2013-03-14,-0.71304856383,1.62317732492816,-4.15448440508445,-5.18445027949753,-2.70704637104094,-3.6345637895805,1.64802001170554
2013-03-15,-2.4762120524,1.58033889966573,-4.04055048957401,-5.04359013329799,-2.63114716618814,-3.53430213058264,1.39551735982024
2013-03-18,-2.420610031,1.54077317970176,-3.93455031466714,-4.91250877397666,-2.56047057952779,-3.4410068387507,2.0495815643156
2013-03-19,2.6411141531,1.50542693526746,-3.83952431306361,-4.79483629309445,-2.49715936443402,-3.35732657369943,2.63444078553966
2013-03-20,-1.271500937,1.5324390414381,-3.91111538119466,-4.88327045814719,-2.54482766264977,-3.4202741699083,1.37706356752987
2013-03-21,1.1558466576,1.56366218158304,-4.00006979992122,-4.99569361513205,-2.60381396621287,-3.49960157993383,1.6473323268054
2013-03-22,0.26429344471,1.46602173725147,-3.73844718349599,-4.67263194632268,-2.42886625358548,-3.26970962502253,1.03622893475681
2013-03-25,1.4245344204,1.48129353570041,-3.77986693451068,-4.72388025329402,-2.4566321656811,-3.30622936675803,2.03121153003935
2013-03-26,-2.1558910178,1.42932195569981,-3.6396853900115,-4.55086584431123,-2.36291941904348,-3.18297716280201,0.861613240455134
2013-03-27,-0.018672828628,1.48868950410357,-3.79786257593328,-4.74765434403508,-2.4681651415546,-3.32292725610042,1.19906272991649
2013-03-28,0.96883389742,1.34613248884287,-3.4151979078712,-4.27443654699444,-2.21284755456073,-2.98613233360798,1.21310841228917
2013-04-01,2.5803468208,1.3604733678364,-3.45304086842982,-4.32154128739757,-2.2379679174408,-3.01960664890761,1.64530085379291
2013-04-02,2.7182977956,1.33931848244375,-3.39530510535407,-4.25031175553165,-2.19921940091553,-2.96880032350113,3.44311961160212
2013-04-03,-0.26990257165,1.38246682005255,-3.51032511024995,-4.39246094771985,-2.27588774315596,-3.06999056189072,2.08260372529167
2013-04-04,-0.53026469241,1.54738512784148,-3.95139440330293,-4.93908337257009,-2.56963783430814,-3.45887397257494,2.25346715272088
2013-04-05,0.1437798619,1.51228083253217,-3.85729411950621,-4.82208050464586,-2.50711035581272,-3.37574263511631,1.45293005590137
2013-04-08,2.0276986284,1.55981938714541,-3.9854763643407,-4.9816292391675,-2.59237646608031,-3.48910506867196,1.26828504298787
2013-04-09,0.36154229183,1.51888728128806,-3.8757166089045,-4.84632560495144,-2.51928699023321,-3.39264153450751,1.06100442778859
2013-04-10,-0.52720134599,1.49243442511195,-3.80448260794396,-4.75816177289187,-2.4722078433008,-3.32987509009129,1.4609695548866
2013-04-11,-1.9638458069,1.38735209978835,-3.5225579703825,-4.40900264197465,-2.28410640520021,-3.08134825405514,1.36189613398917
2013-04-12,-2.0837019996,1.38719370190084,-3.5233500297151,-4.40999873780741,-2.28433756699019,-3.08212633763242,0.798891872760802
2013-04-15,-3.1062214793,1.34285701192279,-3.40497562525209,-4.26338216551605,-2.20539174891725,-2.97783645053362,1.27432305812695
2013-04-16,0.20563754624,1.27302049758581,-3.21825571210534,-4.03216421587771,-2.09262530312517,-2.82149822466412,1.52345583648842
2013-04-17,0.51141017047,1.30386719015057,-3.30137679593066,-4.13555191207436,-2.14843157231488,-2.8951650284591,5.83968050607083
2013-04-18,-0.98844880677,1.34007915824353,-3.39838078136304,-4.25469394463835,-2.2134390129933,-2.98041271789015,3.45480784102987
2013-04-19,-1.0567661086,1.75018330595062,-4.49835697006572,-5.61663222494443,-2.95065622112323,-3.95230949851225,4.95068047257023
2013-04-22,0.7112476369,1.69654148884204,-4.35460979918309,-5.43812735207269,-2.85431368559812,-3.82500217769778,2.69062642649697
2013-04-23,0.18066211487,1.89967702319275,-4.89931077521882,-6.1127798192049,-3.21929741263891,-4.30636393545871,3.25589038925023
2013-04-24,2.0399081925,1.83578023957074,-4.72870310927256,-5.90157069708688,-3.10500590603672,-4.15564787443466,10.4717607781749
2013-04-25,-0.31214854598,1.91646194477082,-4.94328684765793,-6.16534567162608,-3.24847934124655,-4.34402924978188,2.67907163493965
2013-04-26,-1.0429857482,2.34661609764023,-6.09510480750837,-7.59126101308409,-4.0192185362034,-5.36104324724855,1.79869941969327
2013-04-29,-2.3150302466,2.0120838603821,-5.2003985141588,-6.48352240360855,-3.42020617904326,-4.57097031168331,1.86801351431909
2013-04-30,1.521972133,1.88530910518037,-4.86119635297321,-6.06325062041231,-3.19303565277911,-4.2712700538007,2.7475562515582
2013-05-01,-5.4992492494,1.86541751335721,-4.80854580794037,-5.99823039529736,-3.15785538687265,-4.22486840034358,2.86133887893875
2013-05-02,-2.668818272,1.89440972914496,-4.89312566532746,-6.11820981083048,-3.21947782357193,-4.31153579514504,1.62311937113435
2013-05-03,-0.38770564979,1.66897255945809,-4.29010876865675,-5.36960830999335,-2.81546571252418,-3.77769447280661,0.778748061602464
2013-05-06,2.0843469132,1.56181170694993,-4.00397120384006,-5.01481959530719,-2.62381891164491,-3.52460368473919,1.19570585828853
2013-05-07,1.8712218125,1.47262339034711,-3.76639820480881,-4.72086990959045,-2.46473774341177,-3.3148045201242,1.71959700159234
2013-05-08,-0.16447935386,1.47061215834037,-3.76083303587344,-4.71401465705805,-2.46098227039226,-3.30986109286329,1.15859345095962
2013-05-09,0.71967286694,1.4642477201692,-3.7438437842434,-4.69335550322728,-2.44955323250571,-3.29497151617707,1.91978680116531
2013-05-10,2.1609775209,1.36341502018935,-3.47293609607825,-4.35705673359313,-2.26790397518459,-3.05506981589762,1.69310101067856
2013-05-13,3.0956004841,1.4250413612289,-3.6379563427522,-4.5621860961461,-2.37848068864938,-3.20128681783585,1.57154423070984
2013-05-14,2.9433646425,1.44633452841875,-3.69482604303117,-4.63292415394362,-2.41658679578372,-3.25170026296946,2.00562501859502
2013-05-15,-0.78820181579,1.45343011560887,-3.7137171560516,-4.65663325790291,-2.4292071444522,-3.26851280436609,3.84275772214992
2013-05-16,1.4181975461,1.49311841138893,-3.81952849878009,-4.78705805901491,-2.50012204047601,-3.36178875500735,3.57935762801914
2013-05-17,1.0010773927,1.69178287823845,-4.35186991121726,-5.44844276615451,-2.856956078147,-3.8333875561003,2.26693779338842
2013-05-20,2.3845504244,1.7347198159427,-4.46668449712078,-5.59080987654812,-2.93389284034583,-3.93495038062959,2.46674503834829
2013-05-21,-0.44539949213,1.67877469159865,-4.31675545166963,-5.40505430672361,-2.83337951542884,-3.80234169168219,3.2014066219708
2013-05-22,1.1298178599,1.7162488431317,-4.41713075963673,-5.5298461280425,-2.90068582568513,-3.89132328328563,3.01538833497911
2013-05-23,-0.87241476594,1.78754781744926,-4.60850839716828,-5.76772846290182,-3.0290605627456,-4.06097902726648,2.60849651064961
2013-05-24,-0.83192854172,1.75314623572331,-4.51664535164812,-5.65377053501274,-2.96748150207514,-3.97966736946008,1.08835006934118
2013-05-28,0.3907543547,1.70030947507928,-4.37543644607454,-5.47855902259603,-2.87280002160414,-3.85464225489257,2.02449779173967
2013-05-29,-2.3925759777,1.56144895500962,-4.00275173954477,-5.01602861248861,-2.62261560030502,-3.52459277232997,1.47875936876369
2013-05-30,-3.3816969313,1.59721248556026,-4.0990308396166,-5.13566101178192,-2.68713394383844,-3.6099200817959,1.17778310436561
2013-05-31,1.3356651509,1.50460394890996,-3.85148304252187,-4.82812519470515,-2.53646934564966,-3.39745341271855,0.893369518475971
2013-06-03,-0.30328272496,1.41585212898248,-3.61412788897998,-4.53381969718198,-2.37637118782669,-3.18704648410516,2.30182035957928
2013-06-04,2.2319161706,1.32495286945335,-3.37088385047715,-4.23190112437665,-2.21259301568126,-2.97132549700443,1.25377574142322
2013-06-05,-0.73826564012,1.46056762806803,-3.73449352275689,-4.6839177415789,-2.45723893257233,-3.29418051082094,1.7248562430865
2013-06-06,0.38529772992,1.36454602473783,-3.47721129679921,-4.36390258104438,-2.28437948612865,-3.06569418558886,2.15153126089555
2013-06-07,0.17808833727,1.40610901548689,-3.58908193455705,-4.5029468067437,-2.35971547809136,-3.16500344722442,1.77410367343335
2013-06-10,0.68077984342,1.47135082138967,-3.76425044121154,-4.72018257092637,-2.47836377184836,-3.32038452124991,3.17672188050345
2013-06-11,-0.83365157816,1.48135568732989,-3.79131632453556,-4.75376311699228,-2.4966032309469,-3.34436200811883,2.20925599894128
2013-06-12,0.79535337845,1.59614071080306,-4.10056714225066,-5.138378383707,-2.70506991399185,-3.61910567748846,1.46247633292366
2013-06-13,1.4900550623,1.57570726763233,-4.04554103900396,-5.07009742528095,-2.66780815488783,-3.57026629689818,1.8608836628197
2013-06-14,-0.40856548121,1.52324979115595,-3.90488512630043,-4.89561213637711,-2.57262569985689,-3.44550021175173,0.870790569606192
2013-06-17,0.21901786622,1.53651746711487,-3.94041618131222,-4.93971410215914,-2.59672644940184,-3.47704826959111,1.33290618743245
2013-06-18,-0.31283280086,1.44222113101374,-3.68771276097426,-4.62579045299504,-2.42640087400035,-3.25275728633228,0.826757215719169
2013-06-19,-0.93476664215,1.39475938332674,-3.56025336023131,-4.4677608681551,-2.33995174093351,-3.13973232969403,1.19077208948019
2013-06-20,-1.4940127159,1.29930289087595,-3.30463251878392,-4.15014494297533,-2.16795105056892,-2.9128706283179,2.3739528128189
2013-06-21,0.76426583946,1.31018515976889,-3.3341101864093,-4.18669023554232,-2.18813112812365,-2.93904193583427,2.62305921169222
2013-06-24,-0.66114243409,1.40770373304718,-3.5957294013792,-4.51165432053186,-2.36458940188057,-3.1712250069688,3.41110917164112
2013-06-25,-0.29392330662,1.48802833820835,-3.81092643810255,-4.77883509031714,-2.50975000186303,-3.36214201973643,1.79474108163192
2013-06-26,-1.2362888483,1.60705019548374,-4.13056318808205,-5.17565239690742,-2.72557343773362,-3.64573750695835,1.84544494326558
2013-06-27,0.87345843258,1.54853577231928,-3.97350612805173,-4.98003590861181,-2.61963092372087,-3.50614604324396,1.68234581509655
2013-06-28,-1.3567602904,1.5757947812627,-4.04606773741779,-5.07019628382303,-2.6684614138326,-3.57050890032371,2.36434504677362
2013-07-01,0.45343564707,1.54174383901883,-3.95461431365935,-4.95649863151305,-2.6067799856893,-3.48930101934311,1.66889626649581
2013-07-02,-0.053240740726,1.57300617707929,-4.03859296823086,-5.06064957938745,-2.66338495820473,-3.56374078378926,2.23152233344049
2013-07-03,-2.0311740047,1.47122395303983,-3.76552980350744,-4.72124404787768,-2.47935853625035,-3.32131961381395,1.8167201555566
2013-07-05,-1.4567375886,1.52283239063047,-3.90422445220706,-4.89373201328299,-2.57287304566689,-3.44451141297177,1.27925713938742
2013-07-08,-0.80079071486,1.49608203927381,-3.83345780799346,-4.80640254555153,-2.52541541202862,-3.38207447034042,2.04406768170539
2013-07-09,-2.6505441354,1.44880648910454,-3.70746536469,-4.64968503045933,-2.44062726019737,-3.27029317559161,2.28837434377739
2013-07-10,0.022358026399,1.48361361643422,-3.80093638989188,-4.76561992610116,-2.50494167086418,-3.35435375072761,2.12773258918305
2013-07-11,-1.132553461,1.5205770533109,-3.90023498799285,-4.88929191008304,-2.57160258271791,-3.44262500245836,1.08668208051418
2013-07-12,-1.077699902,1.5082097661257,-3.86709911018652,-4.84787811166947,-2.54949542833666,-3.41311119103332,1.11061703026793
2013-07-15,0.69835949016,1.41339144088934,-3.61372610403807,-4.53315836502109,-2.37866900210039,-3.18826893238885,1.01599276141473
2013-07-16,3.2002622753,1.40617701674878,-3.59393843309839,-4.50858008803349,-2.36503972054431,-3.17065750702798,1.28115402680616
2013-07-17,2.2652851767,1.35857473111431,-3.46653131208514,-4.35012195005015,-2.27939462147272,-3.05753291277057,0.855183453139844
2013-07-18,0.55198451555,1.3337576059859,-3.3995611205553,-4.26733137938552,-2.23451455260368,-2.99818760022307,0.616207265506296
2013-07-19,-0.80323193906,1.25065780413017,-3.17668218100716,-3.99060724526493,-2.08471901720948,-2.80039234102628,1.13437874747402
2013-07-22,-0.56777346572,1.21083416104909,-3.06976846453531,-3.85789120456174,-2.01255507506318,-2.70550967503334,1.38389260070729
2013-07-23,1.7588242381,1.24977256273987,-3.174904118817,-3.98825775352281,-2.08337581870533,-2.79883241855931,0.974479866106841
2013-07-24,-0.38356813066,1.28329829123641,-3.26454804353761,-4.10005344564597,-2.14398343106959,-2.87852850191137,2.08745807946404
2013-07-25,1.5587193688,1.23834138120914,-3.1440263718336,-3.94987381700792,-2.06251531149139,-2.77139404987153,1.34396181185805
2013-07-26,-0.18207859812,1.36440960988795,-3.48137353125596,-4.36950422553478,-2.29005600716386,-3.07097252750644,0.846616718070338
2013-07-29,0.2180488149,1.3404182354905,-3.41694962061617,-4.28987970355639,-2.24639663835534,-3.0139184875424,1.08860534823421
2013-07-30,0.6445349054,1.29245589434602,-3.28906038883171,-4.13122016584195,-2.16020189939163,-2.90053568831888,0.955474785724809
2013-07-31,0.02673206327,1.29490714805964,-3.29522148302565,-4.13889899723874,-2.16422327399834,-2.90595411805723,1.13397447117312
2013-08-01,0.33650159185,1.28321935540095,-3.26395286578757,-4.10007640177613,-2.14312302297101,-2.87820839320742,0.616427329728899
2013-08-02,-1.576809231,1.25159091666001,-3.17918037463736,-3.99480574100865,-2.08591129609276,-2.80296991588586,0.517131047834655
2013-08-05,0.32003765155,1.17856705659976,-2.98388467395933,-3.75183229315892,-1.95176467208086,-2.6284112257034,0.907489977207262
2013-08-06,-1.7170603552,1.15105822742787,-2.91002521922553,-3.66022967146688,-1.90173049306483,-2.56290860992288,1.32989297531931
2013-08-07,5.1361607675,1.16987313841388,-2.96066968646546,-3.72320656045278,-1.93586725234501,-2.6078937854479,1.17785358530698
2013-08-08,-0.45628930102,1.21811267046385,-3.09014284739967,-3.88445052223267,-2.02265882347811,-2.72293174789491,0.907682644943368
2013-08-09,0.5678449259,1.20684816033986,-3.05998124822782,-3.8469455525664,-2.00235776712052,-2.69615810176458,0.865691135731679
2013-08-12,1.541985079,1.19651309543747,-3.03297211316369,-3.81329200628437,-1.98442718094847,-2.67222248277229,1.42259401865547
2013-08-13,1.2349538845,1.20453024590499,-3.05665243363014,-3.84333425304375,-1.99981356919076,-2.69360691054836,3.89795879160912
2013-08-14,-0.1742698315,1.26831032213175,-3.22681960136038,-4.05508049866837,-2.10213564215997,-2.84431952929281,2.72393811802991
2013-08-15,0.91618235256,1.53046423524026,-3.93127570579798,-4.93072358340827,-2.57397608611657,-3.46961704335178,1.80366962336041
2013-08-16,1.2840613477,1.52088435141744,-3.90596969494803,-4.89926640827354,-2.55694517812874,-3.44714608921254,0.859518772162846
2013-08-19,1.4939248498,1.49987696994946,-3.85065120221482,-4.83034036657763,-2.51976371769473,-3.39793888543232,1.19933920175783
2013-08-20,-0.89466396848,1.44342817129713,-3.69824150707426,-4.6412963518515,-2.41789588652951,-3.26292931409586,1.52840826745488
2013-08-21,-0.058033315418,1.45696178809817,-3.73471580714953,-4.68654216730105,-2.44251344136767,-3.29531147238426,1.52896212819834
2013-08-22,-0.19916437559,1.387608378783,-3.54779579154543,-4.45412147607544,-2.31747951671437,-3.1294227722928,1.42129024346993
2013-08-23,-1.4229626254,1.33999325992373,-3.42016799517789,-4.29543564709179,-2.23203084465171,-3.01614117920347,0.588547021681476
2013-08-26,2.8407965672,1.31792726213533,-3.36124355567812,-4.22220003331434,-2.19257557106705,-2.96386901337756,1.09832432979232
2013-08-27,4.7522252653,1.24484218769262,-3.16535928121532,-3.97971442379525,-2.06092353165038,-2.7904400203301,2.15446795505923
2013-08-28,1.8240496764,1.27588068492567,-3.24789254756531,-4.08231620966878,-2.11596693754038,-2.86358802862717,2.17402806741371
2013-08-29,-0.1183550652,1.37532780637782,-3.51404439549779,-4.41317455474724,-2.29402438327572,-3.09978162637192,0.916857256718544
2013-08-30,0.88771063056,1.4041970026122,-3.59144079763309,-4.50945910370084,-2.34576344865683,-3.16852292219363,0.961713487128886
2013-09-03,1.0769812672,1.30170418647002,-3.3161975606093,-4.1671681072967,-2.16143371556934,-2.9241159462398,1.76995582494722
2013-09-04,-1.313664474,1.31914907436047,-3.36430917727776,-4.22766872601956,-2.19365487516152,-2.96722333656511,1.24252561352416
2013-09-05,0.25744905906,1.40097711917658,-3.58408545105492,-4.50120667223814,-2.34060980977628,-3.16244734234906,0.547230677857559
2013-09-06,0.11943626086,1.33177213774922,-3.39145147315914,-4.26171764992835,-2.21113642051086,-2.98633487400687,1.23919541314581
2013-09-09,-0.38571655796,1.21292994968585,-3.07223751000596,-3.86476601443512,-1.99730762693934,-2.70329730326579,0.756656473286413
2013-09-10,0.38920601983,1.27574975480065,-3.24150934190416,-4.0750824407672,-2.11078591491252,-2.85337909195341,4.84918096037701
2013-09-11,-2.8590174365,1.23256063604676,-3.1248810813258,-3.92961279452009,-2.03256675561129,-2.74967964353742,2.17738937705685
2013-09-12,0.47197036383,1.61294346247452,-4.14500651674175,-5.19796674312497,-2.72204749002809,-3.6551012037841,1.58204671161462
2013-09-13,0.16378214532,1.49659101838443,-3.83310190528588,-4.81009058178577,-2.51281111508989,-3.37851779024539,0.73129456179077
2013-09-16,-0.9119381737,1.49929944205658,-3.84020567624705,-4.8197362791326,-2.51722918198984,-3.38521146917325,1.8949571433866
2013-09-17,0.27995796536,1.42206851387657,-3.63330596349456,-4.56322793449724,-2.37809052736221,-3.20208549784335,1.8084312616076
2013-09-18,2.0694666175,1.53225665585525,-3.92873893933414,-4.93025758717529,-2.57650158130453,-3.46392786930049,2.26908540939462
2013-09-19,-0.68599593733,1.41446294024014,-3.61247529282033,-4.53670823051571,-2.3643212309864,-3.18329169022162,0.816586606564851
2013-09-20,0.5956347044,1.44911839892855,-3.70536746273068,-4.6526131558621,-2.42650766670108,-3.2658761428532,1.13607584061769
2013-09-23,1.595680623,1.32549500825532,-3.37377734645542,-4.24045873604638,-2.2039186477449,-2.97186748360347,3.2294049071739
2013-09-24,-2.2778908271,1.36260997463184,-3.47244552245101,-4.36291716584265,-2.27003175452651,-3.05918665426326,1.6793806111852
2013-09-25,-5.4443635777,1.5435021704388,-3.9585640718158,-4.96661879467901,-2.59678841007656,-3.49003263571783,1.62925631139584
2013-09-26,1.0647623529,1.44765648147674,-3.7101224184918,-4.717247760318,-2.43837852173313,-3.28702804749044,0.736781389455473
2013-09-27,-1.648014555,1.42210252056654,-3.64214940385929,-4.6316134060878,-2.39288821204546,-3.22647306697357,0.562251772156819
2013-09-30,-3.1791783178,1.36127890839196,-3.47929016245084,-4.42668296584229,-2.28322947928266,-3.08141225970343,1.37351940087989
2013-10-01,1.1552474894,1.32253171093211,-3.3763031251242,-4.29698920350671,-2.21846909639463,-2.99749737324072,1.23145869527711
2013-10-02,2.0556970921,1.29772074566777,-3.30994906086393,-4.21366881290107,-2.17366888757774,-2.93834555750487,1.43189829608663
2013-10-03,1.6398381682,1.26940762201471,-3.23425472442416,-4.11842118168878,-2.12267751997435,-2.8707841650546,1.64290507931955
2013-10-04,-1.035358882,1.2757379033773,-3.25139585440197,-4.14020242517669,-2.13411240459661,-2.88617893205431,1.02046496603815
2013-10-07,4.9699407373,1.3273816816936,-3.39094740140966,-4.31603301058563,-2.22395693682512,-3.00994896386063,1.11838513815945
2013-10-08,-0.31387575409,1.30383231634005,-3.32676220963299,-4.23629147632753,-2.17889465583409,-2.95292155570578,1.66314328051441
2013-10-09,-1.5477407484,1.30128431674341,-3.31930835585726,-4.22699170112353,-2.1737530318755,-2.946266747976,1.46812508276292
2013-10-10,0.97397877616,1.35612436998595,-3.46720614919518,-4.41301213899596,-2.27371694564194,-3.07834275377407,1.04581063418881
2013-10-11,-0.7136687097,1.34648884968062,-3.44095283600324,-4.38008922212014,-2.25590172309344,-3.0549476808879,0.705841745522672
2013-10-14,-1.2428793371,1.28430954739716,-3.27433916538987,-4.17054062160949,-2.14341818135369,-2.90621550892903,1.08599555302213
2013-10-15,2.3513371789,1.24371551796409,-3.16519360887683,-4.03274698435961,-2.0704463970032,-2.80859486369149,1.31917406056039
2013-10-16,0.32789572924,1.2677469064749,-3.22939427025478,-4.1140200000268,-2.11296518582764,-2.86605437376436,0.51611168997691
2013-10-17,-1.2562300842,1.27021190147179,-3.23633266934123,-4.12299544335008,-2.11738886352968,-2.87236577344492,0.538528357349908
2013-10-18,-0.078608220883,1.16559455790674,-2.95625118212584,-3.76985686720672,-1.92980285407557,-2.62213537808489,0.324407442096303
2013-10-21,0.97716497949,1.13992862926946,-2.88724335301535,-3.68296151361448,-1.88333895079434,-2.56049811938868,1.16926770331766
2013-10-22,-1.3962070733,1.09936846747263,-2.77750623315286,-3.54497253919559,-1.80907410087632,-2.46246498542374,8.32800176843973
2013-10-23,1.1743668649,1.17181471199147,-2.97088426218361,-3.78752261279344,-1.94015147706551,-2.63472072094997,2.06324779127427
2013-10-24,0.62681364925,1.85596468360756,-4.81007822394002,-6.10408858699675,-3.17696999145141,-4.2778401153051,0.938207669467518
2013-10-25,0.64823400153,1.58128106353274,-4.07202195112305,-5.17476555971801,-2.68004490868016,-3.61860033575391,0.938733854628451
2013-10-28,0.65501651752,1.52966411637858,-3.93394640558558,-5.00118532653085,-2.58683910470817,-3.49540086150681,1.03244238296717
2013-10-29,0.5322151439,1.54996447307357,-3.98876250956796,-5.07018370233515,-2.62348286787372,-3.54432824343123,4.42654595992135
2013-10-30,0.48808855372,1.55136681373343,-3.99184592769355,-5.07430510170483,-2.6253778916106,-3.5471961177399,1.97621618512826
2013-10-31,0.67569455241,1.61324730907878,-4.15797925367175,-5.28371869577602,-2.73658753577296,-3.69569566297162,1.15530895415169
2013-11-01,0.87016848374,1.47091050589501,-3.77491679779077,-4.80175040399338,-2.47860139824285,-3.35367822323029,0.951016358574988
2013-11-04,2.450824343,1.42915561039967,-3.66257345573101,-4.65962326488012,-2.40344413179555,-3.25298154819303,1.07473495201529
2013-11-05,-0.28665303571,1.41567057943372,-3.626327489097,-4.6145447202338,-2.37869360674488,-3.22088761532571,1.07845621869513
2013-11-06,0.9795765267,1.42358788650862,-3.64730427566113,-4.64173985785473,-2.3921911051054,-3.2400171924417,0.934207198404556
2013-11-07,1.3239103931,1.28902662206139,-3.28476870336508,-4.18543495137775,-2.14807355120911,-2.91615241691191,1.22551978008109
2013-11-08,-1.1189862948,1.23352239792883,-3.13439309106101,-3.99640430742192,-2.04640248791781,-2.78184281255075,0.745388761688453
2013-11-11,0.74492640106,1.25606450958608,-3.19537653011093,-4.07326443814631,-2.08749351089234,-2.83641578876931,1.27167177175501
2013-11-12,-2.4907714257,1.21102474710384,-3.07377824663222,-3.92001896971981,-2.00565764841845,-2.72765144092563,0.797410630418359
2013-11-13,1.5905457556,1.25792868180941,-3.20035575582909,-4.07922440300978,-2.0969058419945,-2.84390690777323,0.560808016596323
2013-11-14,-0.41798756329,1.21168334173099,-3.07638915595782,-3.9228771563378,-2.01351071430562,-2.73294896566152,0.536896504233533
2013-11-15,-0.51118993215,1.17544815502544,-2.97873545299087,-3.80042953305193,-1.9475316206317,-2.64585084579423,0.436555355523169
2013-11-18,1.2922331403,1.13887593998454,-2.88052735149689,-3.67684159656781,-1.88136422898036,-2.55807233725594,0.937392473006973
2013-11-19,-0.24698623629,1.11502879799275,-2.81671645773585,-3.59726821958453,-1.83830315768707,-2.50144504123016,0.803874017940041
2013-11-20,-0.28311692804,1.1389662112319,-2.88199642669515,-3.67917414696021,-1.88260752863441,-2.55980418879795,0.643720575547652
2013-11-21,-1.6179067803,1.12974683845487,-2.85733281084805,-3.64850879047187,-1.86591735354435,-2.53796413077838,0.585104982949113
2013-11-22,1.5742684764,1.11921447739229,-2.82922817682823,-3.61368584123158,-1.84686856350315,-2.51314793723363,0.370054691867981
2013-11-25,-0.2904564315,1.09603126188811,-2.76660058473239,-3.53493396895215,-1.80457325777836,-2.45715443529045,0.571963133917926
2013-11-26,0.18533931343,1.06963847882764,-2.69596027589758,-3.44644687937946,-1.7567456309273,-2.39420348019188,0.567514218796838
2013-11-27,0.1199976923,1.06686711461442,-2.6884791169261,-3.4367410248094,-1.75177637565761,-2.38735083045881,0.66063508582747
2013-11-29,1.4455452394,1.05250005065954,-2.6498458745938,-3.38868950918387,-1.72536690699882,-2.35302626825994,0.415663066812737
2013-12-02,-0.60000757358,1.06032848950804,-2.67038807745393,-3.41469399234471,-1.73909340364967,-2.3713971600036,1.7863682363344
2013-12-03,-1.2118302981,1.01964000159491,-2.56132863551425,-3.2764032273907,-1.666037355697,-2.27345586084809,1.0021306399192
2013-12-04,0.17758359063,1.19823940819632,-3.04123096312928,-3.88266921919959,-1.98399314340313,-2.6955847906993,1.41547230984771
2013-12-05,-0.87575786738,1.15907640373461,-2.9350370615663,-3.74904053261849,-1.91215194153313,-2.60079628862471,1.19610057494814
2013-12-06,1.1914563107,1.2295467340726,-3.12498729702435,-3.9885462788006,-2.03990523233448,-2.77044055754214,0.630479172945175
2013-12-09,-0.25636302234,1.23780562476019,-3.14677948096739,-4.01628740236672,-2.0542309009917,-2.78999245674386,0.651300371926444
2013-12-10,0.75798383987,1.20502651224261,-3.05890277400519,-3.90564954775465,-1.99517975624776,-2.71164597892768,0.836771239274038
2013-12-11,1.8444266239,1.15246419601832,-2.91762738606658,-3.72840559865788,-1.89956124622648,-2.58591263074483,1.0997608551062
2013-12-12,2.3547056617,1.15730850060579,-2.9309544831498,-3.74577183398583,-1.90811700650949,-2.5981141595805,0.858714927603474
2013-12-13,1.8517840137,1.163426209941,-2.94692537393085,-3.76615494911891,-1.91852313908281,-2.61243267401698,0.73769130063145
2013-12-16,-0.87039401524,1.12729341054074,-2.85001787426406,-3.64405186088032,-1.853453760742,-2.52597459594155,0.901142153598313
2013-12-17,2.737877111,1.12294343154798,-2.83861799194016,-3.6293480439803,-1.84617762437409,-2.51569601655283,0.978737072871379
2013-12-18,-0.23343610173,1.14858516665299,-2.90751044798798,-3.71636272208452,-1.89232997982301,-2.57727634923668,3.01856440315474
2013-12-19,0.51345132742,1.16299114608308,-2.94603560341914,-3.7643981335251,-1.91854272203181,-2.61139010733881,1.0685390196753
2013-12-20,-1.3877418776,1.39218725475439,-3.56349863411779,-4.54319833002998,-2.33349645363097,-3.16297988389368,0.418743382595976
2013-12-23,1.1446019786,1.27177954131474,-3.2389165803523,-4.13373125564281,-2.115483692301,-2.87303394727714,1.00882674145407
2013-12-24,-0.15535900284,1.21059329387228,-3.07443272061461,-3.92595398134358,-2.00536116062012,-2.72602421506563,0.561537747820808
2013-12-26,-0.7408717177,1.25820328393946,-3.20283225739965,-4.08816120741805,-2.09152055450937,-2.84086161431825,0.643001161122275
2013-12-27,-0.14607382082,1.20760530235872,-3.06688564229201,-3.91636529733198,-2.00059715740267,-2.71934691441934,0.431488187661954
2013-12-30,-1.0900203376,1.10091448602091,-2.78128505873781,-3.55663852119502,-1.80871035398046,-2.46463647605014,0.745290430396005
2013-12-31,0.55372184033,1.05088248860743,-2.64634050133965,-3.3863539722626,-1.71804531374937,-2.3440569026271,0.565204729968335
2014-01-02,-0.45022421527,1.09400526092537,-2.76279601793032,-3.53294483992523,-1.79668148531731,-2.44799700409426,0.620388561776524
2014-01-03,-0.76037406088,1.05602129986306,-2.661163399632,-3.40473875430331,-1.72857590356307,-2.3573078043851,0.730382117482769
2014-01-06,-1.1456687908,1.06444289768766,-2.68384606813658,-3.43312075444349,-1.74402820062207,-2.37747592561876,1.95513619785784
2014-01-07,0.83752709088,1.07521039172966,-2.71195091300376,-3.46891187169361,-1.76236759242124,-2.40259571804009,1.13326199426538
2014-01-08,3.8377472589,1.24251759622679,-3.16272177807458,-4.03812298032093,-2.06169130891658,-2.80537215529979,0.864431359765023
2014-01-09,-0.42449437797,1.19977523342134,-3.04682269409721,-3.89220539798028,-1.98412869966638,-2.70190502224245,1.05637296996666
2014-01-10,-0.66411823773,1.19302504508645,-3.02827304275937,-3.86861421684995,-1.97144887971737,-2.6852311916806,0.986493006980907
2014-01-13,-0.6756517113,1.22772295993556,-3.12156637136346,-3.98650511929861,-2.03426617425182,-2.76864965405528,1.58661629972254
2014-01-14,-0.99448302954,1.23498884972119,-3.14140216030562,-4.01119543495423,-2.04728205378119,-2.78624962294459,0.933665196461253
2014-01-15,1.1721849527,1.263212716152,-3.21772848733629,-4.10713175841286,-2.09821583879172,-2.85431750212001,0.972069227450735
2014-01-16,-1.4063669743,1.20702295777762,-3.06643609793547,-3.91654690084705,-1.99700398692081,-2.71931484341608,0.75710607478759
2014-01-17,-2.1965903133,1.2147906289589,-3.08731345419686,-3.94314597620577,-2.01129939207028,-2.73808667098193,0.767493542410112
2014-01-21,0.54530666548,1.18220093418815,-3.00305268757905,-3.83891511510966,-1.95860328948692,-2.66598781721829,1.63077662606378
2014-01-22,-0.71562517232,1.17211929885158,-2.97654785119005,-3.80523572477096,-1.94104519189842,-2.6420924709768,1.77845690355665
2014-01-23,0.63375228583,1.23884719153431,-3.15625329152487,-4.03212050966409,-2.0618343130079,-2.80280871805327,1.67081195613233
2014-01-24,-1.2771869135,1.28294065777689,-3.27503705841405,-4.18205929264813,-2.14172126617214,-2.9089928062633,1.35451375764036
2014-01-27,-0.66707795986,1.30651617152084,-3.33870682538731,-4.26236776990486,-2.18460457287695,-2.96584811092529,1.73672387149028
2014-01-28,0.52351108934,1.31303501143822,-3.35523922151182,-4.28393585050662,-2.19546897765225,-2.98119373541023,4.73941011421979
2014-01-29,1.9898082988,1.37974680199536,-3.5344211691155,-4.50958175567384,-2.31496826393788,-3.14111287860476,2.82292303851668
2014-01-30,2.007723421,1.6722282173576,-4.32294272826493,-5.50552089743084,-2.8456528739469,-3.84653568908368,1.61308161152459
2014-01-31,-0.55798765616,1.60869050810983,-4.15118114895718,-5.28863332271374,-2.73017132333227,-3.69289389032384,1.01639904582376
2014-02-03,-2.450157871,1.5410318059339,-3.96965005945481,-5.05944207418362,-2.60453538210972,-3.53027208479715,1.95400189818492
2014-02-04,1.5536279061,1.49479353134203,-3.84518725380801,-4.90206770240967,-2.52122399429122,-3.4188648819058,1.12075672216687
2014-02-05,0.44438778277,1.55917913192614,-4.01860458911783,-5.12124345068202,-2.63689730318412,-3.57399988714303,1.22163991418034
2014-02-06,0.84676615115,1.37471714518695,-3.52192112463581,-4.49413488899338,-2.30340086870491,-3.12979820955025,0.838064294653214
2014-02-07,-1.8177568411,1.31675224668606,-3.36650586701216,-4.29782817865439,-2.19868848478573,-2.99069230100214,0.686164731762764
2014-02-10,0.81125130473,1.25499036959735,-3.19957646526494,-4.08700533133083,-2.0864593675042,-2.84132906833583,1.19209614924797
2014-02-11,-7.9927338784,1.22878641991491,-3.12842464086995,-3.99715685649391,-2.03860777033984,-2.77767415686221,0.772032866052994
2014-02-12,-1.1352418559,1.23175748592357,-3.15888023128595,-4.20135124932141,-2.04878971415544,-2.83347466302007,1.01143853767426
2014-02-13,-0.19331003487,1.18469301107454,-3.031380880623,-4.03390724674216,-1.9635595865632,-2.71839193806332,0.592931872185111
2014-02-14,0.16367136068,1.19228240689655,-3.05293217572939,-4.0622222176793,-1.97809828514803,-2.73788708136838,0.794845012548885
2014-02-18,0.18577706742,1.1465157442258,-2.92928245715453,-3.9000349845186,-1.89567795396638,-2.62632891859343,0.798436289038522
2014-02-19,1.4475704345,1.16653927187021,-2.98423251233749,-3.97188792379424,-1.93223715443582,-2.6759113772047,1.4085087708836
2014-02-20,0.74687002489,1.14758899869569,-2.93287138315928,-3.9046064567717,-1.89805097042075,-2.62956983990416,1.13898426664725
2014-02-21,0.58287867487,1.22406535845024,-3.13967300949103,-4.17615172449891,-2.03620097369225,-2.81627265770869,0.778266771329644
2014-02-24,1.3989970927,1.21126035166588,-3.10483376462768,-4.13051638533939,-2.01303535112303,-2.78487896010813,1.31383210318004
2014-02-25,1.791487069,1.1915040675172,-3.05140398439061,-4.05988433346915,-1.97691157714236,-2.73653278466244,0.941638413792951
2014-02-26,1.3176052476,1.25198477860573,-3.2161940577276,-4.27588364744573,-2.0867174704412,-2.88523725971763,1.49348359833661
2014-02-27,-0.0074632434917,1.230036061209,-3.15639337578701,-4.19791488460242,-2.0472907829952,-2.8314032575933,1.2499750540568
2014-02-28,1.5879235707,1.27145670041838,-3.27119431356078,-4.34921744841942,-2.12476687593004,-2.93536230728985,1.06103321811715
2014-03-03,-0.080818470542,1.25823232507942,-3.2353985487915,-4.30217311219218,-2.10084813118056,-2.90303715958581,1.66723578274038
2014-03-04,0.36765381701,1.2485571147954,-3.20904806002094,-4.26782349299321,-2.0834933837265,-2.87932681494567,0.809179567272286
2014-03-05,-1.5787834941,1.30311566020284,-3.35669806509608,-4.4613249787392,-2.18167155257708,-3.01243837619073,0.809433441400445
2014-03-06,-1.1574892532,1.23606936684478,-3.17464375551829,-4.22270184893418,-2.06050835092251,-2.84823981145394,0.528970306214301
2014-03-07,-1.1107973266,1.20457865764319,-3.0892185346722,-4.11086906968854,-2.00379791928258,-2.77125369049205,0.696209690620559
2014-03-10,0.43788672047,1.1463532968405,-2.93158588936338,-3.90367557804107,-1.89836851625508,-2.62892293364283,0.731380074390286
2014-03-11,-1.0406596532,1.14042329469113,-2.91520253035884,-3.88252118348777,-1.88772345591923,-2.61423367712241,0.598594434446314
2014-03-12,-0.90219514996,1.09549196461549,-2.79400590329153,-3.72347275569711,-1.80697982552462,-2.5049155547885,0.743055717946719
2014-03-13,1.9947810961,1.07249377385581,-2.73267264392756,-3.64340579526556,-1.7666358056287,-2.44979964061806,1.11479673873788
2014-03-14,-0.27100270991,1.08051146564355,-2.75417551436431,-3.67244320411262,-1.78134606555808,-2.46947327688125,1.0460387813624
2014-03-17,0.2888415931,1.13861709724027,-2.91209916922553,-3.87978410735688,-1.88694901247159,-2.61208043046628,0.542122893197754
2014-03-18,0.65939063206,1.14992328079937,-2.94459626169761,-3.92260184166157,-1.90904428239913,-2.64168033484072,0.627072167261614
2014-03-19,0.21082749809,1.1000530102137,-2.80934005838094,-3.74503764983305,-1.81866998144858,-2.51959767903192,0.801367970327899
2014-03-20,-0.30242692919,1.10836733069613,-2.83229924733295,-3.77487240967085,-1.83419434292236,-2.54025493415011,0.78294232984666
2014-03-21,-0.058407913366,1.12510667669076,-2.87750054961746,-3.83415458343453,-1.86434010684231,-2.58102029790988,0.567979767106379
2014-03-24,0.090490913317,1.106972049169,-2.82806968749758,-3.76972791428256,-1.83112661541126,-2.53654178808269,1.42580365382633
2014-03-25,0.97378136052,1.06338817542718,-2.70951173431918,-3.61380397625562,-1.75193112891352,-2.42939314684951,0.873731294288746
2014-03-26,0.096998638401,1.17426689865678,-3.0111365698773,-4.01021028772837,-1.95342107718912,-2.70184109760074,0.928365677311293
2014-03-27,-1.1106762827,1.14431901958166,-2.93048172679056,-3.90408576951546,-1.89973211068207,-2.62901576136677,1.15142147241198
2014-03-28,-1.1231508527,1.15354870270818,-2.95541399602228,-3.93692775573074,-1.91634549409449,-2.65155604317908,0.55406870564968
2014-03-31,0.39070689363,1.18780213505296,-3.04855089983319,-4.059569088387,-1.97849159925388,-2.7357769397508,0.59532731195429
2014-04-01,0.88468694248,1.13983652228404,-2.9180933271482,-3.88819340327568,-1.89141778364185,-2.61801662270138,0.485946709253163
2014-04-02,-0.026345502465,1.10079660329618,-2.81178521292232,-3.74845963716949,-1.82049938242569,-2.52204911599965,0.600555989120526
2014-04-03,-0.4818732823,1.07060535448551,-2.72927677633823,-3.64057455063415,-1.76508728610566,-2.44766500999992,0.438648093680509
2014-04-04,0.78872706617,1.06017252413784,-2.70059097918355,-3.60300467508605,-1.74592807577676,-2.42182392613332,0.765601679341988
2014-04-07,1.1860303641,1.00708439149466,-2.55872280825162,-3.41578284305615,-1.65180103461616,-2.29361515831631,1.19793509699472
2014-04-08,1.0756876054,1.04642693781744,-2.66481082617515,-3.55524462766116,-1.72259682245713,-2.38940545612463,1.19040136778299
2014-04-09,-0.95598084372,1.11384263196009,-2.84732705528227,-3.79549829154612,-1.84416447267774,-2.55428285469098,0.690249929704555
2014-04-10,-0.42980473545,1.14881926163004,-2.94184475082289,-3.91987390407633,-1.90726024223671,-2.63971911103075,0.877223309914358
2014-04-11,-0.11163621456,1.11434266538427,-2.84823513654129,-3.79688610600602,-1.84478643820134,-2.55521433695741,1.20813477783128
2014-04-14,-0.022352196083,1.15083147313384,-2.94726630656265,-3.92698754446717,-1.91096704822953,-2.64465322804044,0.915606730967778
2014-04-15,0.91478183094,1.19709174619321,-3.07327272660129,-4.09279313853861,-1.99504595008408,-2.75853744755324,1.12754602201323
2014-04-16,0.16615895875,1.1617754703605,-2.97675431501487,-3.96626652437603,-1.9304144306349,-2.67144635690727,0.847771864878289
2014-04-17,-0.69302368438,1.17494114935067,-3.01216927629551,-4.01296664263488,-1.95406251617881,-2.70351568167785,0.503265808305048
2014-04-21,-1.2936394514,1.16192203288106,-2.97675670743328,-3.96684515737942,-1.93036850792971,-2.67172517638847,0.593054525242586
2014-04-22,-1.5700801024,1.11706811865309,-2.85533560396428,-3.80700467245739,-1.84941092145816,-2.56198406259526,0.385275580053888
2014-04-23,-0.0057309874137,1.09299338533612,-2.7894877702096,-3.72084540054135,-1.80531848863779,-2.50264740000069,0.557613365384167
2014-04-24,1.3143817821,1.04771262763699,-2.66663957872075,-3.55925353332769,-1.72333337320644,-2.39164778052654,1.07413235657031
2014-04-25,-1.2897872983,1.03213603308844,-2.62410492401972,-3.50345412522774,-1.69484852391582,-2.3532398431684,0.628887660901683
2014-04-28,-0.73928325819,1.08502812267424,-2.76876087781311,-3.6936333784684,-1.7917024342349,-2.48405927658276,2.67592064753585
2014-04-29,0.39837570475,1.05458495485211,-2.68621389064625,-3.58481760352745,-1.73653703200833,-2.40931850613654,1.79582407159071
2014-04-30,-0.71309998457,1.30804889410687,-3.37373435155347,-4.48808867154887,-2.19584518710575,-3.03020471447151,1.28080248945529
2014-05-01,0.20273770224,1.3096437622565,-3.37816649165337,-4.49432190458263,-2.19879902066601,-3.0344188093312,1.13253384764808
2014-05-02,1.1425598736,1.3070612119688,-3.37170212049313,-4.48565226308297,-2.19465075541898,-3.02855650437528,0.603421378887511
2014-05-05,1.1868023012,1.30083695867433,-3.35458265937905,-4.46323560535077,-2.18319873530547,-3.01313188643137,0.686102066453431
2014-05-06,0.099591467915,1.26386432601832,-3.2539045252016,-4.33118965000676,-2.11588609955268,-2.92231281448574,0.941621377796553
2014-05-07,-1.3069424619,1.1803065265539,-3.02718065295519,-4.03345167692192,-1.96439606980178,-2.71762069709924,1.41751500187674
2014-05-08,8.1981896141,1.16016557459901,-2.97287050886412,-3.96250604346559,-1.92811361876699,-2.66878333827261,0.704516252561815
2014-05-09,0.7344523312,1.20322632901885,-3.08874911555587,-4.11599048008638,-2.00521738988439,-2.77393640369397,0.742424410858432
2014-05-12,3.8727838582,1.1278866678528,-2.88384021568174,-3.84729953762845,-1.86813161580392,-2.58904111990238,0.500073194037159
2014-05-13,-0.2962514096,1.13650996750329,-2.90656853557833,-3.8774675145661,-1.88314902852335,-2.60964511973752,0.54895343373687
2014-05-14,-0.37816757549,1.10673440301468,-2.82695062270527,-3.77356855489265,-1.83013158356309,-2.53816389541996,0.610502237487797
2014-05-15,0.23555728785,1.09030054765251,-2.78242505624759,-3.71455379047854,-1.8003945810688,-2.49767513924873,0.77888336589507
2014-05-16,0.18597416638,1.05224191374707,-2.67974764399072,-3.5791111009579,-1.73199861441267,-2.40476616588669,0.508966728633484
2014-05-19,1.4141550508,1.06948652281464,-2.72666882523435,-3.64094655044559,-1.76338446274925,-2.44726132113908,0.654738957695182
2014-05-20,-1.0899227903,1.03307416767318,-2.62715663657177,-3.51036633584653,-1.6967031331406,-2.35736217666826,0.840455422775859
2014-05-21,-0.34992681813,1.05285905617056,-2.68106803549154,-3.58124242515652,-1.73278918711493,-2.40611439013525,0.444227807046461
2014-05-22,-0.17825614559,1.08392611951852,-2.76555066856589,-3.69244125202259,-1.78113419695162,-2.48101219424969,0.575222351912981
2014-05-23,-0.41624857568,1.04159631089051,-2.6516108912805,-3.54267202211935,-1.70558548393103,-2.37823777683381,0.305280117251589
2014-05-27,1.2445723411,1.04117867880056,-2.65096335661772,-3.54315047350955,-1.70463586644395,-2.37834701844654,0.662151729892042
2014-05-28,0.15687465202,1.0065873789995,-2.55689342978296,-3.41910260738505,-1.64211582007582,-2.29316178194496,0.680805645722067
2014-05-29,0.018526003805,1.03676203318475,-2.63923512164478,-3.52679785171746,-1.69740075724398,-2.36736113280635,0.574043420944987
2014-05-30,-0.85035445472,1.03027561013151,-2.62166543691225,-3.50333435790254,-1.68597895428632,-2.35137176196201,1.54218659817324
2014-06-02,1.4758330219,1.02212931452485,-2.59955772072995,-3.47407090970411,-1.6713496791934,-2.3313100320279,1.9158349764812
2014-06-03,1.1849174072,1.14874724808852,-2.94338377764996,-3.92614322144935,-1.90020762861542,-2.64183439311101,1.13199444992238
2014-06-04,0.019848161719,1.25125994946192,-3.2213691882645,-4.2924708054197,-2.08466712960092,-2.8932612388554,0.830004303418491
2014-06-05,0.26458963785,1.21606668079483,-3.12650362185219,-4.16798382125249,-2.02161422120874,-2.80776410937019,0.8346798209793
2014-06-06,0.15833484522,1.20140455606118,-3.08779748459942,-4.11638518106507,-1.99669068673487,-2.77260771775876,1.02275366679205
2014-06-09,1.129645792,1.21356312814663,-3.12122110887001,-4.16078513297359,-2.0188073646087,-2.80303917920357,1.53751952069558
2014-06-10,1.8725676973,1.20412475156376,-3.09510646151446,-4.12612193322017,-2.00143660137905,-2.77924713407761,1.42970483456846
2014-06-11,-0.25893898946,1.22451329218299,-3.14977201521323,-4.19846853900071,-2.03733915286236,-2.82877373226155,0.959252820085141
2014-06-12,1.8220861844,1.23197881559553,-3.17025554467376,-4.22511733977687,-2.05130116047829,-2.84718835645506,1.22025774515333
2014-06-13,-0.37457899207,1.204668824987,-3.09590492502738,-4.12713124658486,-2.00194219725401,-2.7799408736456,1.5189831938749
2014-06-16,-0.68720379149,1.24257666362377,-3.19847926848121,-4.26213628380907,-2.07007751956591,-2.87262145270297,1.04236542339234
2014-06-17,1.4141414142,1.2871435482917,-3.31972660049071,-4.42142838195011,-2.15106540878661,-2.98211093355088,0.929965806094897
2014-06-18,1.1418891363,1.2328420124484,-3.1721426125647,-4.22853362700375,-2.05195314065436,-2.84931961921626,0.822572984784209
2014-06-19,0.39235755703,1.20217781521337,-3.08897645790618,-4.11969996372664,-1.99632640392416,-2.77446143484622,0.774693084853783
2014-06-20,-0.27496717375,1.18879685318889,-3.05250642974114,-4.07176491537926,-1.97204943654751,-2.74153058241323,0.867441390778102
2014-06-23,1.6001363136,1.16456696622119,-2.98668258456936,-3.98535934028256,-1.92816071973423,-2.68214628978402,0.813056122905531
2014-06-24,0.58697972254,1.14053009840438,-2.92041021798418,-3.89892154292233,-1.88334399855985,-2.6225025604107,0.838243426643525
2014-06-25,-0.41379310351,1.12617413580717,-2.88115438343901,-3.84741842666939,-1.85709783279663,-2.58707388330716,1.22228224382333
2014-06-26,-1.6727040273,1.12420312811402,-2.87567998517246,-3.84052211162734,-1.85111575011369,-2.57419218302516,0.954038783730088
2014-06-27,-1.094376422,1.17473026604199,-3.01335588447053,-4.02191692927384,-1.94268315657263,-2.69843638902168,0.857836488752859
2014-06-30,1.0078878175,1.16363708770065,-2.98344721340635,-3.98266963140374,-1.9228590764797,-2.67156560480811,0.965988855483714
2014-07-01,-0.13015184386,1.15640291845149,-2.96302233711633,-3.95628927354408,-1.90911564829888,-2.65330145843768,0.753232535372502
2014-07-02,0.10860121656,1.17291346216833,-3.00776789222906,-4.01505572069525,-1.93886691215479,-2.69359257989941,0.575062391934718
2014-07-03,-0.34714688663,1.15082775404391,-2.94781402610191,-3.9360486037803,-1.89906855598201,-2.63953498285432,0.412152287195256
2014-07-07,-1.0341824514,1.10165203552446,-2.81634777054019,-3.76164870314808,-1.8122545336037,-2.52069643908932,0.830756494969617
2014-07-08,-0.087999120205,1.05870110670079,-2.69954884649554,-3.60818167818981,-1.7346145529899,-2.41553064297889,1.76146027151445
2014-07-09,-0.60552680816,1.09108683860027,-2.78771827851372,-3.72458109278299,-1.79317548347761,-2.49515005797907,1.20859767661765
2014-07-10,0.088613203297,1.20309504771945,-3.09191950153521,-4.12450480478486,-1.99531386873603,-2.76910675871898,0.990879632260585
2014-07-11,0.59760956174,1.18389908218223,-3.03948940012384,-4.05584263070187,-1.96041733128064,-2.72198861786892,0.623801018742577
2014-07-14,1.1881188118,1.18546339737708,-3.04383896650349,-4.06194102816262,-1.96332730721072,-2.7261046745381,0.607337692191498
2014-07-15,1.0328332246,1.16539778938091,-2.98898579602684,-3.99089952871304,-1.92676818627963,-2.67716616228638,0.817282693203732
2014-07-16,0.63488647356,1.15261656324186,-2.9543655704208,-3.94522813582604,-1.90379996084815,-2.64592786582753,0.877973623328561
2014-07-17,-0.042771599692,1.12199158938942,-2.87170499575048,-3.83604829193088,-1.84901592782037,-2.57131954946305,1.83294500624823
2014-07-18,0.58836114677,1.10902812636535,-2.83620308776151,-3.78905634240517,-1.82536975209079,-2.53915794814963,1.10529327234475
2014-07-21,2.0610443476,1.22244684010364,-3.14456125278379,-4.19514722561121,-2.03030848031411,-2.81723393219599,0.56058495963566
2014-07-22,-0.64396465505,1.19194834521045,-3.06117684938557,-4.08586011800063,-1.97479939412627,-2.74224654940524,0.542712455117255
2014-07-23,0.041950708146,1.14806197030759,-2.94172467996895,-3.92904989987823,-1.89537287017647,-2.63474735397209,1.62214208489522
2014-07-24,-0.3721564105,1.133047667452,-2.9005895191772,-3.87478326966364,-1.86796679150221,-2.59756532229253,0.980661823060949
2014-07-25,0.19466512331,1.2487646964452,-3.21536269770885,-4.28904283393745,-2.07725354071086,-2.88135386606314,1.05851501847049
2014-07-28,1.2917454316,1.16371381365173,-2.98392173741667,-3.98447999677781,-1.92338151639905,-2.67271982723099,1.24528412885788
2014-07-29,-1.1715914981,1.16762110013277,-2.99369681395111,-3.99848989867297,-1.92924125156151,-2.68195236873398,0.764354221353187
2014-07-30,-0.56651279901,1.21302791219911,-3.11764369981432,-4.16142707440039,-2.0119676703854,-2.7936795969208,1.04677799351757
2014-07-31,-1.7831821059,1.18766038892775,-3.04937027596642,-4.07087420762589,-1.96696676583573,-2.73189153938642,1.37832746926931
2014-08-01,1.4395761516,1.18223711480613,-3.03471914389488,-4.0516291890848,-1.95724396500588,-2.71871027996187,1.98867549957588
2014-08-04,-0.51996187658,1.22575919589517,-3.15231573202116,-4.20671783335447,-2.03521938780404,-2.82478172153017,1.03374350089073
2014-08-05,0.83139058315,1.31129260005228,-3.38498098540186,-4.5127808096038,-2.18995621855155,-3.03448986210551,2.26828508646658
2014-08-06,2.6076858107,1.23747433176046,-3.18435618076619,-4.24879095992698,-2.05657760350489,-2.85363754132491,0.721504991488741
2014-08-07,-0.16462599024,1.38715520522905,-3.59090954891301,-4.78469429229048,-2.32650271412147,-3.22054950803147,1.24971861595052
2014-08-08,0.66062042679,1.27143970995033,-3.27674743417202,-4.3706067185362,-2.11804321448092,-2.93707392714899,1.31225134031444
2014-08-11,1.3811673885,1.30079131643828,-3.35584834636419,-4.475236946885,-2.17020358327764,-3.0085825454201,0.713832824719087
2014-08-12,-0.64633407401,1.2762916641965,-3.28908563567583,-4.38763663259045,-2.12567780166657,-2.94852479376961,0.901443455136985
2014-08-13,-0.23378735514,1.21945035819061,-3.13477188212805,-4.18428099815364,-2.0233141054261,-2.80930907392844,0.42148582980248
2014-08-14,-2.5980641875,1.17096391916329,-3.00340552754356,-4.01093738962093,-1.93638575579122,-2.69073699798363,0.525083298263249
2014-08-15,0.55439330554,1.11906667883859,-2.86361738605031,-3.82633336821248,-1.84567438231601,-2.5706749603862,0.754846833420822
2014-08-18,-0.56173931134,1.09035360292898,-2.78642772153653,-3.72416111047061,-1.79491351058991,-2.50078307521071,0.437720096414615
2014-08-19,-0.49168323048,1.08000174075854,-2.75841123752081,-3.68760280963277,-1.77614993984595,-2.47564536323634,0.534806199196436
2014-08-20,-0.16820857854,1.0353812020369,-2.63715704687853,-3.52793538565452,-1.69549908479207,-2.36607909510805,0.648897499142089
2014-08-21,-0.010583130551,1.02232890194353,-2.60196198093972,-3.48146578955674,-1.67225291114188,-2.33426073272425,0.512941270206122
2014-08-22,0.27519051655,1.0439800950776,-2.66175962108061,-3.56005977996041,-1.71244743664776,-2.38836631201868,0.484277415469975
2014-08-25,1.3194004645,1.03125274772961,-2.62728610290375,-3.51523561223027,-1.68927748398265,-2.3575142215071,0.499619234297678
2014-08-26,-0.02083550371,1.00925838423748,-2.56807812867428,-3.43862238802094,-1.64906108366536,-2.30465759300924,0.53394715179868
2014-08-27,1.3233302074,1.01238885601231,-2.57693406428463,-3.45022846145559,-1.65505806830814,-2.31269492569378,0.530143154949757
2014-08-28,0.26737967928,1.01352238373981,-2.58036434199707,-3.45465508114923,-1.65724130177538,-2.31573159452533,0.655823933967202
2014-08-29,0.49230769218,1.00447296917048,-2.5556576355006,-3.42210036985443,-1.64055404044674,-2.2932691216762,0.366536412355173
2014-09-02,1.2043274139,1.02291679980046,-2.60548852445689,-3.48789211627928,-1.67377451731895,-2.33840415998392,0.677169411697535
2014-09-03,1.3816054861,0.989582538974128,-2.51415029781313,-3.36778400573813,-1.61300780082485,-2.25589645315614,3.37565881109836
2014-09-04,0.039789117545,1.02517535109024,-2.60967378395929,-3.49354599669791,-1.67658720970574,-2.34217909944803,1.75779698897938
2014-09-05,0.0099433231298,1.3584262439351,-3.51472195068276,-4.68582894813977,-2.27836792704645,-3.16028018280263,1.39969086805291
2014-09-08,0.73573275004,1.30450832208776,-3.36879945060946,-4.49331881970558,-2.18146515115991,-3.02828949031136,0.706927125844944
2014-09-09,0.21713383358,1.30941671871589,-3.38276572764187,-4.51227381858554,-2.19084039618442,-3.04126578786293,11.8619530895485
2014-09-10,-0.64112664968,1.27935405757318,-3.30019597614663,-4.40016571124647,-2.13661333385338,-2.96468666235821,3.79992222649598
2014-09-11,1.2300647246,2.20970721584154,-5.82598762270425,-7.72643183540873,-3.81636686443139,-5.24684504724836,1.61557049863498
2014-09-12,0.11749730747,1.88026271683281,-4.93182458039746,-6.55052414069525,-3.22109549222826,-4.4400005230044,1.35564590436602
2014-09-15,0.24449877747,1.77278319022893,-4.63998854119049,-6.16639722273231,-3.02718471215568,-4.17642873870653,1.62304496275892
2014-09-16,0.78048780488,1.75886950430724,-4.60260504137484,-6.11793351094823,-3.00219445987832,-4.14311173075236,1.59496222323075
2014-09-17,-4.2207163602,1.80193043591989,-4.7199950144136,-6.27347783449632,-3.08010247776707,-4.24976245201097,1.21132488699899
2014-09-18,-0.8287851223,1.45414234475989,-3.80556435746049,-5.0480953009552,-2.46689102439774,-3.41171242169622,0.462315178730908
2014-09-19,0.86628618028,1.32830821054578,-3.46178764649532,-4.59686129112807,-2.23898186032316,-3.1019995059446,0.921876418080697
2014-09-22,-0.61634838839,1.22746195616576,-3.18573235624782,-4.23455902373265,-2.055810106999,-2.85327379312803,1.14356308764422
2014-09-23,-0.37616917452,1.24167155806999,-3.22448745380752,-4.28536127635655,-2.08155780794992,-2.88817497678814,1.08315210785798
2014-09-24,3.0717420146,1.23722081269077,-3.21230736641882,-4.2693115593787,-2.07353061430945,-2.87719086970056,1.33068505956234
2014-09-25,0.42574257423,1.21148073242884,-3.14141106444432,-4.17624979295683,-2.02639848857808,-2.81326913555932,2.67969667663635
2014-09-26,0.22675736964,1.23698344067215,-3.2109920024449,-4.26711926119164,-2.07286933456264,-2.87583681478803,1.23802059717213
2014-09-29,-0.029510131844,1.42262836089608,-3.71806705149077,-4.93264564921851,-2.40904859222354,-3.33262912596181,1.5983837777153
2014-09-30,-0.75765030006,1.34571670833347,-3.50773879599865,-4.65675737601573,-2.26938919805579,-3.14316964105624,1.4751678305788
2014-10-01,0.71386079708,1.38944101474785,-3.62725795459501,-4.81361637956283,-2.34864216225549,-3.25084489502415,1.28194546057158
2014-10-02,0.20673360905,1.39830046750516,-3.65258103322141,-4.84760752096436,-2.36514960242894,-3.27396608741512,1.76846809493787
2014-10-03,-0.81540426372,1.38484519683818,-3.61862330200966,-4.80401772049619,-2.34230245651304,-3.24384127750702,1.06174361876602
2014-10-07,0.099049128585,1.38170432430827,-3.61068454613495,-4.79266248906241,-2.33832019919168,-3.23654572451749,1.32794238176811
2014-10-08,1.5634276666,1.32366889776694,-3.45231253413653,-4.58471159248689,-2.23336778321843,-3.09388167552746,1.83313612168324
2014-10-09,-0.86710833984,1.32933616353927,-3.46736123609603,-4.6041247289924,-2.24371933597591,-3.10737424546816,1.98921119491835
2014-10-10,-3.8132678133,1.37748836571311,-3.5988860305011,-4.77680122463037,-2.33094086341219,-3.22585315104418,2.72906596312273
2014-10-13,2.9426790641,1.41828845567662,-3.73377199358789,-4.92590920701592,-2.42155732156567,-3.33700175355236,2.51410194358171
2014-10-14,-0.63523573199,1.48057659559126,-3.90462949210211,-5.14901273634923,-2.53492241754525,-3.49040222347829,3.04447530405464
2014-10-15,0.63929677362,1.51905140552716,-4.01020692832911,-5.28694814103501,-2.60494858011524,-3.58526399991305,6.58167614348426
2014-10-16,-1.5583126551,1.61222613265932,-4.26527749963868,-5.62051574192823,-2.77395488341906,-3.81471967379121,4.97421115471356
2014-10-17,0.72595281308,1.94242291574525,-5.17153730429254,-6.80459576090429,-3.37469886633265,-4.6291146138616,1.42570131765257
2014-10-20,-0.28028028028,1.9596229393037,-5.22100195515065,-6.86881215729475,-3.40746604500515,-4.67309974311035,1.16433523778164
2014-10-21,0,1.75337459926132,-4.65598276292536,-6.13067328807319,-3.03282100468841,-4.16546157145449,1.77436476170382
2014-10-22,-0.87331861059,1.69663065564059,-4.50075669667594,-5.92778935258146,-2.93003546249615,-4.02593518606675,1.21479086002896
2014-10-23,2.0759493671,1.68894948008587,-4.47969904485758,-5.90029968703399,-2.91606197289055,-4.00702436384311,0.760894662105373
2014-10-24,0.21825396816,1.47119641045181,-3.88128703500261,-5.11856814867876,-2.51930389555271,-3.46958048487234,0.669540862117935
2014-10-27,-0.28707186702,1.2718642898447,-3.33383337171115,-4.4034518309752,-2.15625530981558,-2.97806526378471,0.523330298432625
2014-10-28,-0.91333267146,1.2312257337581,-3.22204417276867,-4.25732069231488,-2.06847005879863,-2.87270049409047,0.415366193042986
2014-10-29,-1.0620178338,1.18896957157094,-3.10692955309202,-4.10688955664065,-1.99258191284126,-2.76944229758397,1.09894059457567
2014-10-30,-1.2253164557,1.1097083062758,-2.88898048557388,-3.82221889958983,-1.84922122021749,-2.57411456244552,0.828947072892821
2014-10-31,-1.3122821407,1.15545467370545,-3.01591582486741,-3.98799753032453,-1.9325252331313,-2.68780075027408,0.46335046232867
2014-11-03,1.4647828797,1.13560741221889,-2.96262431512295,-3.91820901710211,-1.89739540564519,-2.63995511162611,0.6374179267326
2014-11-04,2.139858708,1.094159484044,-2.84862410889016,-3.76928977389403,-1.82231474700524,-2.53774510332405,0.992014159173377
2014-11-05,2.7165196472,1.11228874261869,-2.89758734031384,-3.83325920667762,-1.85446588921939,-2.58160354770104,0.784997583875291
2014-11-06,0.50746559973,1.16529169723092,-3.04309495976771,-4.02324638188526,-1.9497853925216,-2.71182720806518,0.541173211299891
2014-11-07,1.7865812215,1.13387434782549,-2.95652814190364,-3.91014798458071,-1.89266476925225,-2.6341610283613,0.399113422664537
2014-11-10,0.37203090724,1.09841482625159,-2.8590582546515,-3.78277545615683,-1.81898696795556,-2.54502661764282,0.255842952006737
2014-11-11,-0.10454286257,1.07999153847057,-2.8082616698163,-3.7164082892993,-1.78587597286979,-2.49954872180551,0.494458485349469
2014-11-12,1.5507563505,1.04358132235938,-2.70804045519905,-3.58547841637011,-1.72017920817235,-2.40973421526836,0.560448639822206
2014-11-13,0.56211354695,1.02972109074156,-2.67211451544017,-3.53846244802036,-1.69796343532104,-2.37791976050384,1.16989599169614
2014-11-14,-0.33538289545,1.01699338771103,-2.63780217492634,-3.4934811393909,-1.6749033362466,-2.34697894670131,0.601004925045015
2014-11-17,0.95344924284,1.09477139233434,-2.85198286968415,-3.77326308282,-1.81613765477369,-2.53909326596024,1.07194346313407
2014-11-18,1.2962962963,1.04197075664676,-2.70723177893442,-3.58410639675182,-1.72112930628463,-2.40936367144544,0.545809090033223
2014-11-19,-0.73126142597,1.11035168979198,-2.89675046877003,-3.8314614567219,-1.84552876025068,-2.57912522996416,1.08561017694052
2014-11-20,0.23941068139,1.06812580877352,-2.78140397232096,-3.68051230576637,-1.76929815678848,-2.47553778781642,0.635063843690025
2014-11-21,0.28600424394,1.13356938601223,-2.96744651726296,-3.92153404334807,-1.88788327071643,-2.64058820444668,1.052258327615
2014-11-24,0.28518859253,1.06804662636053,-2.78685611856606,-3.68564745541016,-1.76890622083984,-2.47865928428969,0.523137214942238
2014-11-25,-0.16512246584,1.12301896173246,-2.93848473687697,-3.8833597996081,-1.86687780631214,-2.61399208632191,1.09232995409608
2014-11-26,0.79941192689,1.05285959226305,-2.74492897143439,-3.6310251661758,-1.74154486783647,-2.44120478576791,0.653199748224344
2014-11-28,1.4129443938,1.12749164000099,-2.94944318807749,-3.89802185229197,-1.87388134457522,-2.6239309345694,0.626815418164743
2014-12-01,1.4112359549,1.07219223931569,-2.79646887748107,-3.69819749911378,-1.77340804260562,-2.48683706392134,15.6685294516092
2014-12-02,1.2054600249,1.0742519662196,-2.77547860799492,-3.69613202880836,-1.77404831479936,-2.47916936893915,2.22397402852519
2014-12-03,-0.16640392359,2.33295184036303,-6.21032904563971,-8.20980922553882,-4.03417583194202,-5.56660124120608,1.34315634064536
2014-12-04,1.2983595052,1.82782142058181,-4.83262036708345,-6.39934403019855,-3.12720235472331,-4.32817030601535,1.14037831461117
2014-12-05,-0.69282064596,1.7949213279013,-4.74351177076457,-6.28230136465005,-3.06832228150463,-4.24806039020084,1.18168788211199
2014-12-08,1.4301909829,1.80068241591122,-4.7599565465334,-6.30393698085079,-3.07896988773627,-4.26281531404476,2.16677521737888
2014-12-09,0.13756340813,1.81976756691654,-4.8120713395357,-6.37212379103894,-3.11313902763652,-4.30950164720497,3.3740786059666
2014-12-10,1.8502618701,1.40919919644269,-3.69075431960378,-4.89858584549551,-2.37528219906576,-3.30157792504604,2.62039451006095
2014-12-11,-0.86406743931,1.5290495521745,-4.01755813159625,-5.3282670358334,-2.59007303812244,-3.59537236992012,1.56053708931326
2014-12-12,1.1904761905,1.53764261833754,-4.04109768015556,-5.35892008547305,-2.60560497914094,-3.61642897017399,2.1638204540391
2014-12-15,-0.058823529343,1.49579371064563,-3.92669058779314,-5.20859608183186,-2.53023625941334,-3.51357244401971,5.06963236353214
2014-12-16,-3.2456066594,1.56894672337596,-4.12541686173318,-5.46912700669035,-2.66119399668886,-3.69198080323007,5.02288972716887
2014-12-17,-0.38237594499,1.81966694501439,-4.80866962249879,-6.36596974040501,-3.11600828771895,-4.3068284016399,3.34218232506965
2014-12-18,1.1340835732,1.87345476863101,-4.95528939023504,-6.55836540064781,-3.21301892997705,-4.43852026825819,1.35361446130441
2014-12-19,-0.37953937726,1.82145853428913,-4.8140312415308,-6.37297327900686,-3.11944689526983,-4.31159628815202,1.08503528607023
2014-12-22,-0.42427915832,1.71856032129131,-4.5349368976743,-6.00740197024906,-2.93498930215747,-4.06117733707557,0.843981822885833
2014-12-23,-2.2608695652,1.67001968874722,-4.40396945741229,-5.83623661703522,-2.84789996032989,-3.94382096529761,0.555112341152242
2014-12-24,1.5302491103,1.50833425616071,-3.96284374979232,-5.25666185691522,-2.55724545089733,-3.54725272181462,0.339152288531377
2014-12-26,-1.9015071854,1.31442994271899,-3.4332210236036,-4.56073990750792,-2.20828533655837,-3.07109425790292,0.481737510635815
2014-12-29,-0.29477445296,1.16237020488906,-3.01884878393538,-4.01621519220012,-1.93557612540378,-2.69861700257084,0.707382213784301
2014-12-30,-1.6932449381,1.13048230720472,-2.93191703884711,-3.90201426087943,-1.87832720913268,-2.62049069541706,1.04019330795519
2014-12-31,-1.3715483459,1.12787222746423,-2.9261562751804,-3.89377706707397,-1.8759393664265,-2.61531860636994,1.09964338073706
2015-01-02,-1.3675213676,1.16347994061237,-3.02320156294831,-4.02119452572707,-1.94013272974484,-2.70253580448994,2.7518505018148
2015-01-05,2.4966040564,1.19478723429404,-3.10802987176789,-4.13300555322302,-1.99521472955763,-2.77877617798363,2.77935986901951
2015-01-06,2.9613380862,1.37944656558735,-3.61149057567244,-4.79459601429663,-2.32692165484474,-3.23133620905562,3.73024140770481
2015-01-07,-0.77230359529,1.47216522658661,-3.86439599889381,-5.1265362628729,-2.49440518469078,-3.45857390788065,2.10404568514225
2015-01-08,1.0377527286,1.63754986724963,-4.31533564005424,-5.71901549181849,-2.79185454791219,-3.86388283925471,1.36811207695524
2015-01-09,-0.35417035579,1.58887681234603,-4.1840855977004,-5.5472073232118,-2.70461417809716,-3.74616654150764,2.34975607174347
2015-01-12,-0.47094366455,1.55876570288342,-4.10136934845041,-5.43834711749115,-2.65029573407458,-3.67175241618501,2.57142858614478
2015-01-13,1.7676993126,1.59848889757202,-4.20950600249511,-5.58028147657443,-2.72188033893574,-3.76889535796269,2.38208832775382
2015-01-14,-0.070181594856,1.60082481816412,-4.21784090138957,-5.5921957029096,-2.72624218879686,-3.77676020092936,3.15270699610147
2015-01-15,-1.2202616101,1.5425637587587,-4.05825641156474,-5.38217194648692,-2.62156261433487,-3.63319803707719,3.28877806766761
2015-01-16,-1.9018841095,1.6244634464268,-4.2813808338442,-5.67511679562482,-2.76929734264188,-3.83367419795389,2.51188907470465
2015-01-20,-0.95125928619,1.69733617409302,-4.48158710107643,-5.93865033229203,-2.90103392114973,-4.01379431739281,2.11871075115864
2015-01-21,-2.8171590597,1.65808305357944,-4.37502936878125,-5.79863392493218,-2.83083619564593,-3.91802059668431,2.08323493270141
2015-01-22,0.0094117645858,1.61656189044672,-4.2622396738514,-5.65016354167571,-2.77080400382967,-3.81696433641838,1.68707631557761
2015-01-23,1.4022209676,1.60197314737781,-4.22257588637597,-5.59780921950348,-2.73169989602558,-3.77504115139629,1.40368000276059
2015-01-26,3.8422273781,1.52875800942301,-4.02296217399191,-5.33544738920381,-2.60002203911061,-3.59591092901164,1.1038186336801
2015-01-27,0.10724819021,1.44249098458928,-3.78753326544236,-5.02601313974343,-2.44470863058325,-3.3846325228156,3.49990178941183
2015-01-28,-2.4640657084,1.36903674000792,-3.58700100307517,-4.76243787482236,-2.30807608746821,-3.19739172044538,4.1549840655186
2015-01-29,0.88787185359,1.56798079226788,-4.1293071557853,-5.47496893686797,-2.6649604838035,-3.68295375509923,3.01704759211797
2015-01-30,-0.38105606964,1.68084875603932,-4.43649752486512,-5.87866809707133,-2.86694450689632,-3.95799082418507,2.24871854449616
2015-02-02,-2.714025501,1.67116870083207,-4.40984221524925,-5.84331186856556,-2.84950923485092,-3.93398915954246,3.30926147731269
2015-02-03,-0.77700805086,1.66247483190114,-4.38612859876377,-5.81213785745356,-2.83395754209238,-3.91275871648278,1.83055076745417
2015-02-04,2.5757146901,1.79001777217083,-4.7345814099838,-6.27059990054952,-3.06292695180059,-4.22494120582704,1.57319254985669
2015-02-05,0.76342899192,1.66390279909967,-4.39066530527681,-5.81821898584356,-2.8368620689049,-3.91685782987708,0.749070873437837
2015-02-06,2.6015518028,1.55887244188288,-4.10462361151667,-5.44190481423539,-2.64890902400647,-3.66062338633934,1.03003087385153
2015-02-09,0.51601423493,1.42245174205938,-3.73336222024776,-4.95379962102988,-2.40496352745752,-3.32821797450905,0.970311010925608
2015-02-10,0.10621348901,1.38569448710172,-3.63326115976279,-4.82202113497703,-2.33922679570031,-3.23853677881299,0.733955791305417
2015-02-11,-3.5013262599,1.28172652409429,-3.3499100082657,-4.44972322030395,-2.15279784726732,-2.98486789437398,0.734107129524816
2015-02-12,5.6532893532,1.21447715512619,-3.19155071818817,-4.22321018696896,-2.03797599119559,-2.8336670206992,1.1250435322077
2015-02-13,3.1133466307,1.17089514759876,-3.07227071166345,-4.06686166440616,-1.95798706756945,-2.72664580920461,0.967688236786009
2015-02-17,-1.4634146341,1.21311357921041,-3.18807547485852,-4.21849193265385,-2.0338377829076,-2.83005463735214,1.25819563737708
2015-02-18,1.254694435,1.19569593995004,-3.13989473453735,-4.1554441844377,-2.00300965713073,-2.78722074357335,0.61967201331715
2015-02-19,0.016859141942,1.22494040336903,-3.22003551507571,-4.2602864271987,-2.05511951014153,-2.85865162634248,0.428204645460013
2015-02-20,0.76696165179,1.16691643157193,-3.06086993600669,-4.05185037506842,-1.9511089745625,-2.71657404166536,0.40754984016487
2015-02-23,0.71374590625,1.13192181514889,-2.96538342360592,-3.92675602472652,-1.88796708470644,-2.63113836850764,0.705403683028768
2015-02-24,-0.84208771041,1.08943537716837,-2.84909365690295,-3.77443636045595,-1.81131820578432,-2.52715323232061,1.50172188206374
2015-02-25,0.6642562852,1.09514910196439,-2.86548195045609,-3.79573717026716,-1.82053827279133,-2.5413406358871,2.41875163571258
2015-02-26,1.9211493485,1.16570737358604,-3.06257864872862,-4.05297010863325,-1.94794266969296,-2.71662660378334,2.87577183393968
2015-02-27,2.3438780529,1.31141825657188,-3.46587425991886,-4.57945655274765,-2.20914055571349,-3.0754441881449,1.82756919812552
2015-03-02,1.2652146061,1.44136518602391,-3.82736225936687,-5.05036410489383,-2.44178866001735,-3.39626140205066,1.34769061575404
2015-03-03,0.49027360437,1.43150378092343,-3.79862042829597,-5.01382127810279,-2.42357603404696,-3.37108693126628,1.29655680119337
2015-03-04,0.59017941458,1.42232819310909,-3.77315555562533,-4.98053444552728,-2.40692228215746,-3.34834775436082,1.10593529736397
2015-03-05,0.69232574515,1.40785793027998,-3.73298980837325,-4.92805590657157,-2.38068774089498,-3.31250570674798,1.08681962241715
2015-03-06,-0.20588121051,1.33987414357777,-3.51283789718764,-4.64698515384426,-2.25560193961128,-3.12799889546655,1.78828555187393
2015-03-09,0.81354612703,1.25689865545907,-3.2853921303215,-4.34891610299043,-2.10101782585554,-2.92291092148116,3.07201208111499
2015-03-10,2.7066682111,1.30198597674434,-3.4081135097338,-4.50937591955069,-2.18148655590428,-3.03258889719293,2.31275560152547
2015-03-11,-0.6240601504,1.45421494670574,-3.82445297832057,-5.05466559264661,-2.4542981407524,-3.40504647524419,2.33719611100351
2015-03-12,-2.5573125519,1.45231874940818,-3.81903625516485,-5.04720659572389,-2.44399479115185,-3.39951507344408,1.93111156621209
2015-03-13,1.2617439241,1.50289872696909,-3.95757692472834,-5.22833619610168,-2.54187411030012,-3.5234776763557,1.78650277907592
2015-03-16,-1.4990606909,1.5134001177941,-3.98555974511289,-5.26482589448687,-2.55261919769359,-3.54545902934351,1.08657150258807
2015-03-17,0.49042503524,1.50717707421316,-3.96874875383697,-5.24275730030767,-2.54159613164712,-3.53040803452468,1.13730767020661
2015-03-18,0.20915640252,1.39025494822762,-3.64922109011153,-4.82433878065793,-2.33277796149094,-3.24485888844799,1.360560245829
2015-03-19,-0.63388991966,1.34530110411963,-3.52656321770855,-4.6638642786108,-2.25267409155681,-3.13530770620493,1.13109759525279
2015-03-20,-1.6570717286,1.31962564504311,-3.45597270043005,-4.57118802647389,-2.20639583501093,-3.07208852391048,1.13620261909154
2015-03-23,0.15030456452,1.26981269209061,-3.32019576866207,-4.39291347560912,-2.1175660482732,-2.95064626501849,0.796561936287813
2015-03-24,0.42654028439,1.24241058805113,-3.24512721277655,-4.2948793593749,-2.06853930186206,-2.88360327197949,0.787776176582057
2015-03-25,-2.068585811,1.20505002893985,-3.14464023599191,-4.16541433552738,-2.00373000176344,-2.79468061531499,1.2063587642657
2015-03-26,-1.8231467352,1.18890386711356,-3.10099876041519,-4.10818265357482,-1.98031019063965,-2.75643558589137,1.88414365534565
2015-03-27,1.8079188481,1.21267645657903,-3.16627075786439,-4.1932457739586,-2.02334040183804,-2.8147041151283,0.993001647188857
2015-03-30,-0.69104057857,1.29306300792351,-3.38596728388556,-4.48115310127522,-2.16720601585613,-3.01112800887968,0.797911417570941
2015-03-31,1.1004126549,1.22333490665775,-3.19551846660376,-4.23129493248795,-2.04269685070247,-2.84080307732519,1.22820557744624
2015-04-01,1.6726690677,1.20490944845512,-3.14468597275312,-4.16465566649098,-2.00941528519717,-2.79532240955997,1.87038327686683
2015-04-02,1.1256297228,1.25316265140451,-3.2759552352748,-4.33713556558456,-2.09502759166364,-2.91274515260913,0.911099422299307
2015-04-06,-0.75893204639,1.32518790084006,-3.47328956157748,-4.59580257212151,-2.21869145237211,-3.08638874700937,0.815360175790961
2015-04-07,-1.251029452,1.21735547233744,-3.17828441496221,-4.20969892809685,-2.02589079259786,-2.82294949722851,0.645061654942383
2015-04-08,1.0405083398,1.20187748073162,-3.13472444303698,-4.15316413317893,-1.99734943083007,-2.78404397480666,1.33593677098107
2015-04-09,-0.40877289521,1.18159760994725,-3.07830434081135,-4.07970708102344,-1.96040535820895,-2.73365274211493,1.17403353950832
2015-04-10,-2.6126766122,1.23422635270941,-3.22209690864109,-4.26769126320225,-2.05440838037955,-2.86200701829256,0.864205291110549
2015-04-13,0.69703355493,1.18601471279052,-3.09093084010401,-4.09527454283352,-1.97324104123896,-2.74989827550079,0.717568152151851
2015-04-14,-0.79684481652,1.15757289531781,-3.01260071801735,-3.99318086613609,-1.92154103773037,-2.67987081581417,0.719925210880896
2015-04-15,2.5314401622,1.13761282781578,-2.95886426991236,-3.92242297762178,-1.88667577074417,-2.63177409602094,0.577706768156369
2015-04-16,-1.5351744876,1.13793634903564,-2.95920739905075,-3.92376376003513,-1.88636359723733,-2.63225747563156,0.570775123736905
2015-04-17,-0.14465964796,1.08508277203083,-2.81599117085835,-3.73611055485987,-1.79284945298477,-2.50422831563741,0.758955245721951
2015-04-20,0.86116700186,1.05108318947084,-2.72303307856869,-3.61476886472055,-1.73174695659174,-2.42114360596081,0.660032644452496
2015-04-21,1.6198531759,1.0597366206299,-2.74623186154408,-3.64516799458654,-1.74684804944772,-2.44186031455507,0.667165331101303
2015-04-22,-1.052218296,1.04669311251897,-2.71011904513936,-3.59813620191206,-1.72296420832466,-2.40955645831786,0.700345947364624
2015-04-23,-0.32537100233,1.04234352782323,-2.69941217418173,-3.58431114300413,-1.71603882196021,-2.40014818393546,0.821534311074472
2015-04-24,0.7643312103,1.05057204684835,-2.72188211874931,-3.61351122744283,-1.73087365174581,-2.42021034986833,0.570520874559211
2015-04-27,0.42667509479,1.07373120201119,-2.78481800659635,-3.69596964553786,-1.76876714274087,-2.4719209622487,1.10422417656968
2015-04-28,-0.19669551539,1.04309798076086,-2.70124137426613,-3.58625341495727,-1.71410852293834,-2.39721782608899,4.25778579256483
2015-04-29,-0.43358297189,1.10858557807141,-2.87978928626245,-3.8199038498643,-1.82342027407117,-2.55482412004164,2.23970412569923
2015-04-30,0.38004750586,1.47668443241591,-3.88693705785111,-5.13883823077822,-2.47976620737457,-3.45397968900055,2.19036857993354
2015-05-01,-0.48114844612,1.42088699404141,-3.73378692001103,-4.9380821005321,-2.37990564437691,-3.317161150641,1.20355741656718
2015-05-04,-1.1254656416,1.4735874089284,-3.85650509426962,-5.11370279415599,-2.46812567756451,-3.43228792093779,1.16879594870813
2015-05-05,2.2845691383,1.4404239712092,-3.76624925498428,-4.99503565359269,-2.40911167203326,-3.35147666659388,1.48396302833251
2015-05-06,-0.54075235112,1.43911629507198,-3.76360677264285,-4.99134129232299,-2.40805082858875,-3.34869604738008,2.43679811340246
2015-05-07,1.3474115516,1.34806065429188,-3.51560243112991,-4.66574888218013,-2.24568689334177,-3.12706603950042,1.83587420922293
2015-05-08,0.81635826446,1.41762930537225,-3.70602899441457,-4.91576993023722,-2.37039872055485,-3.29724875767833,0.861450953112194
2015-05-11,0.47042492497,1.36956287791661,-3.57458534646007,-4.7431517780411,-2.28442060557344,-3.17971078605315,1.1924989726557
2015-05-12,1.8191587349,1.29199680317223,-3.36330199520834,-4.46567792634059,-2.14613340103026,-2.99081548394084,0.944492440006094
2015-05-13,-1.5755748208,1.3145485769176,-3.42493254767064,-4.54658886581816,-2.18628571044609,-3.0460096953148,0.874444872228195
2015-05-14,-1.4705882353,1.27526808206694,-3.31776691149372,-4.40582252418704,-2.11602262260705,-2.95026194465707,0.446554124643616
2015-05-15,-2.7129975124,1.19998524490329,-3.11356746934642,-4.13753421523499,-1.98226927921516,-2.76792516732199,0.644684808244493
2015-05-18,3.0363563723,1.09982704367433,-2.84166101364359,-3.78029145265061,-1.80462973026058,-2.53130896177817,0.872441388886072
2015-05-19,-0.19387359434,1.10401290001064,-2.85317339479875,-3.79544692867751,-1.81233446335742,-2.54146686801949,0.814248095363925
2015-05-20,-2.2533022532,1.10621937027695,-2.85918180514291,-3.80328884234621,-1.81612192444103,-2.54697295044039,0.760055694769902
2015-05-21,-0.62798092213,1.09530552922822,-2.82957287161416,-3.76435144829519,-1.80165092954676,-2.52416191901642,0.486289551915358
2015-05-22,0.61852357612,1.08552039520802,-2.80278095250781,-3.72915827267438,-1.7840361627167,-2.50005418863047,0.578979776334241
2015-05-26,1.8840811113,1.06553140178639,-2.74842832886658,-3.65772497877539,-1.74847671552232,-2.45129773642979,1.03940410445995
2015-05-27,-1.0186491146,1.06835570398786,-2.75700690653229,-3.66899834913255,-1.75384975424129,-2.45876753509729,0.489642923654835
2015-05-28,-0.3601963268,1.11333331470901,-2.87913200244271,-3.82945420818933,-1.83366514455718,-2.56821427037861,0.585059230681095
2015-05-29,0.11520279658,1.05331955120156,-2.71559761201386,-3.61466013867081,-1.72651157937061,-2.42143837064566,0.726640382221645
2015-06-01,2.3331481629,1.05010450839014,-2.70663012979418,-3.60293983430198,-1.72041506216528,-2.41321239065687,0.704230441165293
2015-06-02,-0.13958898789,1.06426578575989,-2.74496506818461,-3.65331992448403,-1.74547424719618,-2.44757557076427,0.654776581358523
2015-06-03,1.1027413217,1.06438181369945,-2.7460613532421,-3.65464621141882,-1.74624422104206,-2.4485542305648,0.42746486562397
2015-06-04,-0.092172977929,1.03553711141229,-2.6667627240662,-3.55061563667013,-1.69395943061466,-2.37714700909945,0.902083271922177
2015-06-05,-0.0076881678979,1.01118145714452,-2.60016866512044,-3.4631771308841,-1.65035920789336,-2.31742881242312,0.710856577797528
2015-06-08,1.0226049515,1.06622776242859,-2.75030495813686,-3.66030405811837,-1.7487589122027,-2.45215580244289,1.02459178553015
2015-06-09,0.87525686904,1.04781549738979,-2.70038467182932,-3.59470329205268,-1.71615354076842,-2.40743598462498,1.31051143615633
2015-06-10,-2.2031084955,1.08557992696839,-2.8035002095228,-3.73008951849328,-1.78378967096375,-2.50002075878924,0.633503510622984
2015-06-11,1.8708532632,1.13807049721882,-2.94836586249437,-3.92014074842473,-1.88615549579704,-2.63246928982971,0.693891098973123
2015-06-12,-0.20068915892,1.09625056153573,-2.83428480607003,-3.77033247686936,-1.81093863587245,-2.52981942907838,0.62960377342008
2015-06-15,-1.1382607376,1.08913549562303,-2.81455383580639,-3.74448037939571,-1.7980592975154,-2.51220182111719,0.925303158333158
2015-06-16,0.19573226891,1.07925642407543,-2.78754658411486,-3.70902786591222,-1.78050499064721,-2.48812400472847,0.564128008171015
2015-06-17,-0.44049488642,1.09752399839013,-2.83703536066307,-3.77406617555322,-1.81313263661884,-2.53265157220701,0.760448129044885
2015-06-18,0.12311480477,1.02979259307189,-2.65217946322063,-3.5313363748581,-1.69146443605111,-2.36652590884826,0.487429732559023
2015-06-19,-0.58407623737,1.05291809395717,-2.71502626244836,-3.61388149380719,-1.73268008403355,-2.4228798371522,0.40295739358289
2015-06-22,-0.54885590616,1.01822269964372,-2.62067373440144,-3.48991087840969,-1.6639611150726,-2.33722178845962,0.433303679412268
2015-06-23,-0.66070734529,0.996965048307069,-2.5629396598364,-3.41410247244078,-1.62597358470348,-2.28524738355383,0.335530985517628
2015-06-24,-0.29733959318,0.970605524805212,-2.49124329355065,-3.31987332090937,-1.57911068946369,-2.220943135589,1.00977339364059
2015-06-25,1.1458169831,0.947757235626711,-2.4293575678131,-3.23860533079943,-1.53848474636588,-2.16531229640543,0.520082235208975
2015-06-26,-0.22501551821,1.02094121444059,-2.62970981887371,-3.50160006472878,-1.66986495092533,-2.34523173661419,0.787051655374552
2015-06-29,-1.1042849366,0.979765641440799,-2.51724202111774,-3.35393463949974,-1.5961155136672,-2.2442158049196,0.941114916961262
2015-06-30,-0.19658724532,1.02482715907308,-2.64011174370977,-3.51527517128355,-1.67672438256734,-2.35461861751208,1.11346831165779
2015-07-01,0.53577056406,1.06545369506513,-2.7512071037519,-3.66112334502008,-1.74957832617532,-2.45440341839598,0.623696630403683
2015-07-02,-0.23510971778,1.11984418684026,-2.89925259957669,-3.855583037735,-1.8465117365988,-2.58728573532782,0.426716137091282
2015-07-06,0.45561665356,1.06155031123106,-2.74068872030987,-3.64727508973936,-1.74264895686725,-2.44490771231162,0.610718170101419
2015-07-07,-1.0009383797,1.04010349204328,-2.682096867283,-3.5703251686016,-1.70427055828983,-2.3923084399773,1.18070301513696
2015-07-08,0.79778830968,1.04584013866716,-2.6988770661697,-3.59218137329342,-1.71561707474402,-2.40761139695345,1.50090096132607
2015-07-09,-0.45450983462,1.10444616744553,-2.85798002841386,-3.8012355535166,-1.81610422251212,-2.5504926659264,2.30033071721625
2015-07-10,0.8501928678,1.15029159845628,-2.98213794626213,-3.96443076230116,-1.89709507132718,-2.66207876682702,1.17608689957976
2015-07-13,-0.47615330577,1.28611016942101,-3.3521709133202,-4.450521676404,-2.13875684060054,-2.99437029350731,0.534605667874313
2015-07-14,-0.58823529416,1.243377494454,-3.23644631938919,-4.29837929671002,-2.0631544203639,-2.89043856590775,0.490594076294603
2015-07-15,-1.7514792899,1.19472356279404,-3.10457539706141,-4.12501877388857,-1.97710271635045,-2.77194363496734,0.533834435903515
2015-07-16,0.71870232077,1.15796034606313,-3.00509678159408,-3.99422190334694,-1.91205375517791,-2.68270799458658,0.392291332627727
2015-07-17,0.93681482958,1.1131880220546,-2.88320251464316,-3.83404939574768,-1.83246693276954,-2.57322057624921,0.532385132901991
2015-07-20,-0.12638230655,0.998749199495609,-2.57203300752456,-3.42518903773776,-1.62932516150687,-2.29377061923502,0.923936810809404
2015-07-21,-0.34799114192,0.973616470169151,-2.50440863499522,-3.33623785576034,-1.58527221055545,-2.23300467635375,1.60474301056071
2015-07-22,-0.24603174616,1.02938015438905,-2.65577528322671,-3.53517124871412,-1.68408206838104,-2.36894504646766,3.95908264634276
2015-07-23,-2.4822977166,1.14398239256067,-2.96606683931495,-3.94310008358517,-1.88658690111711,-2.64764273011662,1.31921913103491
2015-07-24,-2.0396508118,1.45365312924166,-3.80902448471946,-5.05059307748288,-2.4427481731741,-3.40477359370052,1.13410733542952
2015-07-27,2.6734404932,1.33207635909227,-3.47828674021564,-4.61603897545916,-2.22635155842335,-3.10794519876841,1.1122019996794
2015-07-28,1.9305645685,1.34725957147841,-3.51966404303007,-4.67033243122383,-2.25333551130361,-3.14495183924567,0.796386663534011
2015-07-29,-0.03978990926,1.35368581149804,-3.53767324780004,-4.693845147063,-2.26496504044679,-3.16088565622691,1.04423397303207
2015-07-30,0.96329910029,1.29996224586839,-3.39146627913478,-4.50172621882845,-2.16927110252255,-3.02963077398358,0.733315511490766
2015-07-31,1.3325973821,1.1857805550417,-3.08120521178764,-4.09405229787368,-1.96602859672753,-2.75092955669116,0.836403886735603
2015-08-03,0.86374601196,1.13403665795348,-2.94069694530742,-3.90941761249521,-1.87408438348182,-2.62480441682948,2.75401399063464
2015-08-04,1.8901404104,1.12665977039365,-2.91981190425625,-3.88209581189276,-1.86039542103738,-2.60609092376757,4.42791733815567
2015-08-05,-0.99946997816,1.33881294832332,-3.49679133647458,-4.64018261907015,-2.23817909949685,-3.12418274689607,3.72020672326342
2015-08-06,-4.2294455067,1.58381476081112,-4.16263859493772,-5.51525287025606,-2.6742589971201,-3.72234859638097,2.49369385214015
2015-08-07,-0.047915668256,1.64515475512253,-4.32919001502364,-5.7343573417635,-2.79496318808303,-3.88372339748183,1.62031941172226
2015-08-10,-0.527325024,1.64416701656727,-4.3267103139363,-5.73091343792271,-2.79320839495979,-3.88133656778922,1.22924607183883
2015-08-11,-1.3895582329,1.62522345269483,-4.27719149905504,-5.66554387369535,-2.76033006209239,-3.83646283598487,2.48013103037878
2015-08-12,0.49686405473,1.54854956862247,-4.06832356198258,-5.39111492478448,-2.62318460771492,-3.64846482665823,4.94561947322713
2015-08-13,-0.31609661219,1.54977436805104,-4.07016320037152,-5.39379245187453,-2.62465086755421,-3.65035950035438,2.87609677568428
2015-08-14,-0.5041060248,1.72766715349552,-4.553496037806,-6.02900674395605,-2.94224458378535,-4.08560381347989,1.10590264139183
2015-08-17,-0.8743973196,1.64010539631432,-4.31578235739049,-5.71651946467975,-2.78599166691776,-3.87148811250662,1.23567418046938
2015-08-18,-2.3577906019,1.52778711809062,-4.01117536539341,-5.31611485897129,-2.58576231206044,-3.59712572240596,0.9734637142685
2015-08-19,-3.2083755487,1.53632721279807,-4.03612475726109,-5.34877752938971,-2.60197367039972,-3.61943691281856,1.48919997541064
2015-08-20,0.66294487096,1.46581840910381,-3.84551583809523,-5.09820530823692,-2.47672483095732,-3.44662510534158,2.1207157869359
2015-08-21,0.21761838434,1.36126863455752,-3.56069603837746,-4.72394469485828,-2.28975779429484,-3.19036361042294,7.66254855595947
2015-08-24,0.33874750279,1.37165223829767,-3.58661795434838,-4.7581621287303,-2.30714307956215,-3.21403165673044,45.7856963853551
2015-08-25,3.6357340719,1.90093200510637,-5.00631394314758,-6.62644790526865,-3.2411759105569,-4.49492095341521,11.4987514363431
2015-08-26,-5.2038088874,3.92058662952222,-10.4819898783255,-13.8218702979092,-6.83911773425776,-9.42445205990093,10.9409933969391
2015-08-27,1.541986078,3.27498859895561,-8.72967078430652,-11.5198886910707,-5.68707954118454,-7.84683338837869,5.63711378398002
2015-08-28,-0.07809788267,3.42308553792384,-9.13175277686964,-12.0438294647292,-5.94732004393042,-8.20625453369654,2.51503122715359
2015-08-31,0.7034303082,3.34191196725012,-8.91816062373577,-11.7543714115648,-5.8015098460294,-8.00956291839578,2.54057519240074
2015-09-01,1.0348395999,3.16465605587187,-8.44353770586733,-11.1244077259697,-5.48532215557653,-7.57900104418013,5.75297688237628
2015-09-02,-0.56333219536,2.30508890979081,-6.11372027157799,-8.0668157215805,-3.95837161571257,-5.48376937851216,4.33344956534705
2015-09-03,-1.2789699571,2.29822429113473,-6.09516641014689,-8.04260516992978,-3.93790372472637,-5.46265694851664,3.64968834146606
2015-09-04,-2.0519954786,2.07895129708932,-5.50023921016382,-7.26189090088145,-3.54893557622448,-4.92818831248669,2.9794404968921
2015-09-08,-6.116289392,1.99513455995181,-5.27236417837281,-6.96297267003893,-3.40001616801896,-4.72356516425737,1.75491412701778
2015-09-09,-2.4962178518,1.97687539901986,-5.25612177467081,-6.93255456867502,-3.3744903981648,-4.70102619624379,4.7849891804495
2015-09-10,0.60124127231,1.89847483143476,-5.04121700171347,-6.64990548366246,-3.23394658911999,-4.50770027763326,3.27645791596361
2015-09-11,5.7354925775,2.01200045236285,-5.35176530120831,-7.05789953061708,-3.43625204385477,-4.78659685797121,1.22244298815286
2015-09-14,2.94466223,1.91797010223853,-5.0968518950824,-6.72494020382321,-3.27124446531864,-4.55866652700391,1.93009549136206
2015-09-15,0.32766560398,1.74474057748588,-4.62494903961316,-6.10688586985711,-2.96455843569667,-4.13573305216756,1.21947265396231
2015-09-16,-0.46782593354,1.74167380403333,-4.61696280104039,-6.09692065262826,-2.9596242934667,-4.12881923169955,0.798223584994193
2015-09-17,-4.4696700958,1.68464574567502,-4.46201802307332,-5.89416067920038,-2.85884231215837,-3.98998296270143,2.66173927767523
2015-09-18,4.2888971408,1.52553264196407,-4.05643090276978,-5.34098146939393,-2.59710702576088,-3.61508740804948,2.64299726944195
2015-09-21,-1.7536051272,1.61125620796084,-4.292047167684,-5.64857628234508,-2.75028329304032,-3.82564216412895,1.41041829762924
2015-09-22,-0.99664763975,1.66064952730091,-4.42816499927173,-5.82640203845476,-2.83880754987985,-3.94732059786456,1.50187934779467
2015-09-23,2.7820993868,1.57573850318067,-4.19519506606197,-5.52237116895587,-2.68718597001571,-3.73907525021278,1.03808891843429
2015-09-24,-1.9232481524,1.58880244196051,-4.23189637292377,-5.57051588649064,-2.711010974102,-3.77190910856125,1.77279803661797
2015-09-25,2.1970040852,1.55835290175039,-4.14739812066405,-5.46033826404053,-2.65634437834571,-3.69656003144196,1.89424673674247
2015-09-28,1.4568712801,1.47841249489188,-3.92756789280767,-5.17290523829199,-2.51287467150301,-3.49973022574389,2.45592360254358
2015-09-29,0.96313807917,1.43708995686241,-3.81397442130769,-5.02438197884917,-2.43862174946111,-3.39796921498639,3.47406187199414
2015-09-30,0.84121064956,1.49198746717283,-3.9640294661563,-5.22039332014653,-2.53641155639376,-3.53220368242837,2.79127202299975
2015-10-01,0.11179910561,1.61471633844874,-4.30098488360147,-5.66052237714859,-2.75603840634731,-3.83364941175323,3.59410968059874
2015-10-02,-2.1389914956,1.63755354547728,-4.36320667075854,-5.74177365800198,-2.79663599093865,-3.88932616325164,2.51312153318955
2015-10-05,-0.41257022476,1.74019411684412,-4.64482877270785,-6.10989918157917,-2.9805269212817,-4.14149311379096,1.58146983448968
2015-10-06,1.5513442044,1.69867047920267,-4.53181681481702,-5.96186970697807,-2.9063877446238,-4.04007061136207,2.00476276629694
2015-10-07,-1.5710441802,1.61529099109622,-4.30199829631973,-5.66205236397623,-2.75712087403863,-3.83481475686624,1.73595640345174
2015-10-08,0.81128747788,1.58507062998762,-4.21888098576719,-5.55350715861091,-2.70307085930847,-3.76052414301198,2.0927123097689
2015-10-09,0.59482155357,1.53010230427729,-4.06899572411532,-5.35753548401642,-2.60502499392648,-3.62622626003387,1.72967938321367
2015-10-12,-0.25217391303,1.49691682226192,-3.97904419724786,-5.23973579586203,-2.54587965632799,-3.5454297984967,0.987396874960239
2015-10-13,-1.9789033214,1.43932757802571,-3.82127209310215,-5.03371270024291,-2.44331717289921,-3.40443373049341,0.999637707269462
2015-10-14,-3.0060476698,1.36462652205955,-3.61592257493556,-4.76553408065355,-2.30987831235441,-3.22093664905245,1.26526347590869
2015-10-15,1.1369888134,1.32372984355092,-3.50432259555594,-4.61967192515259,-2.24161154946243,-3.12727647377472,1.23968835926312
2015-10-16,-0.6527651859,1.32044123630028,-3.49496025238368,-4.60753817834141,-2.23553058042782,-3.11898864456041,0.844356186898009
2015-10-19,0.73006022994,1.28290466898172,-3.39192020039066,-4.47285742739539,-2.16826807586786,-3.02659010983336,1.02404376145425
2015-10-20,0.36238448993,1.21642400157733,-3.20958642527144,-4.23456480771252,-2.04928503882408,-2.86317985364761,2.00954992872134
2015-10-21,0.47842570875,1.22691239291362,-3.2379639862399,-4.27165300008439,-2.06770983149028,-2.88851207564285,1.46815967620323
2015-10-22,-0.47614769574,1.33604172898442,-3.53745857608867,-4.66299041995694,-2.26310865729997,-3.15687476714425,1.01696557244157
2015-10-23,-1.1554432208,1.30873231441004,-3.46235268888168,-4.56498195239257,-2.21434389824539,-3.08985764849702,1.13124657253636
2015-10-26,2.3926940639,1.26734934368815,-3.34881771988288,-4.41660147460727,-2.14028494204032,-2.98812787246908,2.11113077971962
2015-10-27,-0.4637887977,1.28754704508256,-3.40469001286224,-4.48961986080093,-2.17676862715652,-3.03824356907098,1.80496257965751
2015-10-28,0.17025089601,1.39672510382302,-3.70425068542638,-4.88126976125522,-2.37232199794383,-3.30692057395539,2.47381695260502
2015-10-29,-1.4133643439,1.36920135048102,-3.62819469513748,-4.78190113861028,-2.32270707866088,-3.23877889153651,1.37433305356525
2015-10-30,1.4971418203,1.44976107571221,-3.84965303519122,-5.07128976375783,-2.46717502927032,-3.43719499150693,1.11381824557957
2015-11-02,-0.73305918113,1.39088954286483,-3.6883869740299,-4.86038615203558,-2.36188859613518,-3.29250992827649,0.570179436853884
2015-11-03,0.62139769452,1.3697890326705,-3.63059127060204,-4.78483498616903,-2.32419387356438,-3.24072898650895,1.09530793978309
2015-11-04,1.8258301263,1.26242241988878,-3.33570737077275,-4.39943850694678,-2.13185855943409,-2.97650821433711,1.22168954742856
2015-11-05,-0.0087896633886,1.2648391842943,-3.31823929942608,-4.40540920301097,-2.13204391448879,-2.97198195557977,1.23123262905129
2015-11-06,1.5295358649,1.21768235061702,-3.18972028579341,-4.23636605467471,-2.04774311593097,-2.85637621511611,0.981913171978227
2015-11-09,3.0995670995,1.20994462036298,-3.16859031385081,-4.20855836893467,-2.03386937298257,-2.8373590609899,1.34745746324989
2015-11-10,-3.191132012,1.18359761044115,-3.09701893001555,-4.1143712392153,-1.98698156645411,-2.77298731415406,2.0041814603666
2015-11-11,-0.63324080502,1.24313210901185,-3.25954977045305,-4.32798972201238,-2.09735299012271,-2.92797795593664,1.8742970884213
2015-11-12,4.1204714098,1.32712398621113,-3.48872965240191,-4.62960291942174,-2.24797217886132,-3.13480076160728,1.30619382641136
2015-11-13,1.0564265951,1.34728885715105,-3.54350313178811,-4.70200978247889,-2.28408475507515,-3.1843385050207,1.7559789397305
2015-11-16,-0.85455903109,1.31379551993388,-3.45209862613685,-4.58152753836554,-2.22392901316286,-3.10177419023352,1.89378737425836
2015-11-17,1.4058577408,1.37576468938575,-3.62109963743716,-4.80371042927051,-2.33490317767011,-3.25419219253377,1.39584353902427
2015-11-18,1.1470539692,1.40739733970007,-3.70741918608022,-4.91711593301609,-2.39155078795849,-3.33200926078537,1.31436118230937
2015-11-19,-0.4650403851,1.35117408380514,-3.55698335358514,-4.72064884940993,-2.28861244668454,-3.19568772072645,1.33046119894872
2015-11-20,-0.46098123139,1.3238645092058,-3.48189005611421,-4.62184216184057,-2.23943644705854,-3.1279394124998,0.745989132162003
2015-11-23,0.11577902751,1.32411300834581,-3.48290141802831,-4.62332778169276,-2.24007635885537,-3.12893803264078,0.960342152419733
2015-11-24,-0.40475797132,1.23934776101647,-3.2521060188598,-4.31916510367722,-2.08899651296358,-2.92064571141565,1.33034670363015
2015-11-25,-3.15169611,1.21308224609662,-3.18055436447383,-4.22482561501839,-2.04218611591356,-2.85606057082682,0.627793307334107
2015-11-27,-0.56521366796,1.23710038420092,-3.24635537441719,-4.31136556669795,-2.08891134112816,-2.9239935638301,0.401144051142136
2015-11-30,-0.33588838178,1.14928807748993,-3.00849136041955,-3.99844273191715,-1.93300307582857,-2.7090570567111,1.00514227167257
2015-12-01,-2.9208434152,1.08174088940095,-2.82473684476197,-3.75665855770323,-1.81246767752066,-2.54292593287065,1.00964466464704
2015-12-02,1.6334342177,1.13769447520375,-2.97818416347209,-3.95860768835258,-1.91528904689968,-2.68989604385741,1.08693172318764
2015-12-03,-0.42478651203,1.13946920406466,-2.98275134563138,-3.96472282607413,-1.9182356319449,-2.69405341921168,1.55250527373809
2015-12-04,3.1665054095,1.13244580426359,-2.96542959618407,-3.94218057553225,-1.90712234902537,-2.67857448134737,1.33711613495416
2015-12-07,1.270355529,1.21261414505084,-3.18420522275854,-4.23051627024525,-2.05054082104076,-2.87712805510066,1.86464918250031
2015-12-08,0.43778413874,1.23934883689121,-3.25681821355313,-4.32649714559396,-2.09737689707187,-2.94310793894019,1.42929843266841
2015-12-09,-1.2992455992,1.31364640124982,-3.46009932010347,-4.59410822701594,-2.23095605013184,-3.12756155060903,1.75120344043178
2015-12-10,0.95966029712,1.30256037269829,-3.42958077938102,-4.5539709077843,-2.21084528479977,-3.09987855901389,1.34139850594256
2015-12-11,-0.71500672939,1.35321506890798,-3.56727349524033,-4.73545592667587,-2.30140084939442,-3.22487672009435,1.84084628261333
2015-12-14,-0.18639328982,1.31798738181875,-3.47070489444869,-4.60814074360808,-2.23802259103852,-3.13716165861624,3.03747232148553
2015-12-15,0.41592394537,1.37063202572381,-3.61461230598298,-4.79737914135114,-2.33298885695365,-3.26763723703158,1.4072038415929
2015-12-16,-0.81149619618,1.49026306965237,-3.94317985768707,-5.23072881002589,-2.54866491929285,-3.56615829932003,3.0576735167731
2015-12-17,-0.90335776367,1.3904521746504,-3.67103986785023,-4.87242429203068,-2.37013184412623,-3.31923599625673,1.93703752341776
2015-12-18,-0.92879256972,1.54019194142007,-4.08045840577247,-5.41151446279198,-2.6392793281177,-3.69071525488674,3.21880637555352
2015-12-21,3.3246527779,1.49736158257015,-3.96327205571517,-5.25708239681363,-2.56218073781857,-3.58431585955137,1.76076485302254
2015-12-22,-0.63009325377,1.62016526663707,-4.30090475876519,-5.70207175626041,-2.78424631351863,-3.89099071817522,1.08216978497831
2015-12-23,-0.042272573683,1.49455980982697,-3.95721524192562,-5.24993308019072,-2.55784969578399,-3.57932427655888,0.928390906386446
2015-12-24,-2.2075615326,1.44161796828865,-3.81244603411892,-5.05921503975883,-2.46286611953602,-3.4479163337314,0.477645699602632
2015-12-28,0.47569624639,1.34893679618431,-3.55974973106688,-4.72641183381089,-2.29600269010725,-3.21228121913296,0.823315347338637
2015-12-29,-2.5738142377,1.256549646353,-3.30686258526243,-4.39337612708611,-2.12969112392211,-2.98323852856392,0.629623376256611
2015-12-30,-0.61848383102,1.1726076049139,-3.07789751029615,-4.09121377442383,-1.98100181030495,-2.78045066370318,0.914344100709294
2015-12-31,-1.769203414,1.10345599040862,-2.88922704655254,-3.84257951117215,-1.85614018439542,-2.60122744821525,1.03554559293474
2016-01-04,0.76930038922,1.11898024515483,-2.93275594327285,-3.89924885437991,-1.88567684503514,-2.64046317283971,3.471027511608
2016-01-05,-2.1196335549,1.13426988314883,-2.97419398441996,-3.95307059678449,-1.90725230117593,-2.67664420739258,4.05627115118381
2016-01-06,-2.7069187007,1.43428149201368,-3.79054764324114,-5.02700015260564,-2.44166371734903,-3.41383140405099,3.59816748159456
2016-01-07,1.226068094,1.59134753127113,-4.21788157623518,-5.58908728552546,-2.7214474317235,-3.79960871540013,4.42632091233243
2016-01-08,-0.093170595301,1.66985583760938,-4.43311881844314,-5.87490370738286,-2.86295451785483,-3.99521817279549,3.88677469048692
2016-01-11,1.2962790262,1.82708957973867,-4.86051329221956,-6.4374034903576,-3.14274522191156,-4.38130524079688,3.32943253529649
2016-01-12,-0.54317805188,1.88909241524714,-5.02910400929954,-6.65935467243879,-3.25307570359012,-4.53378177477919,2.90907992686351
2016-01-13,-1.1200592428,1.86208546987557,-4.95566030437091,-6.56274843036308,-3.20494766748317,-4.46755804098108,4.28579708893268
2016-01-14,1.7974162141,1.81004833558246,-4.81319155018123,-6.37468127404984,-3.11163342154484,-4.33845724232955,4.57285575262609
2016-01-15,-1.3058672062,1.90051204404924,-5.05912942069211,-6.69848518322039,-3.27274670397382,-4.56078261923258,4.06589797019078
2016-01-19,-1.9194931047,1.92234291210446,-5.11879781266375,-6.77733373456992,-3.31191268000513,-4.61487471250985,2.88912644383687
2016-01-20,0.085502565162,1.90586321841625,-5.07421011293859,-6.71875508201606,-3.28268395578945,-4.57467676150102,5.30091708982489
2016-01-21,-2.5059326056,1.84039899360075,-4.89629292999329,-6.48514591095108,-3.16634171206336,-4.41417669365826,5.51643119712202
2016-01-22,-1.9569662157,2.02157869244028,-5.38837508346242,-7.1322065327558,-3.48860926205599,-4.8582142463706,2.6468299624024
2016-01-25,-4.2204568023,2.06919929569297,-5.51776798287,-7.30223831266824,-3.5731519561768,-4.9748821139511,2.64805100411421
2016-01-26,0.52877138423,1.88798251954412,-5.02426765138192,-6.65208911756143,-3.25675829743162,-4.53645102688234,3.43340981485302
2016-01-27,1.6192244226,1.84814748775123,-4.91555905466645,-6.5090189865782,-3.1858395477876,-4.43820707322152,5.79950150815334
2016-01-28,1.4513346188,1.90500453818766,-5.0691485548758,-6.71081569619624,-3.28660687858329,-4.57700000661467,4.03521309943547
2016-01-29,-2.5710284113,2.0319152334385,-5.41498654317011,-7.16640909312145,-3.51438979732475,-4.89043547624371,1.80567798266099
2016-02-01,2.1870828627,1.91790871365701,-5.1057975115143,-6.76012261332144,-3.3113875368138,-4.61088479397431,1.5310574483315
2016-02-02,-2.4015273311,1.78904523670899,-4.75603888314224,-6.30038526627493,-3.08207433290821,-4.29469763828095,1.79715668066521
2016-02-03,-0.48388757332,1.74221072137222,-4.62894407800222,-6.13351171421768,-2.99883004363234,-4.17995180412795,3.87634919255538
2016-02-04,0.13449203379,1.70547840164454,-4.52853059676485,-6.00082621453682,-2.93265357260705,-4.08872854412213,3.08244174555425
2016-02-05,-0.50625064569,1.75498065307415,-4.66336857002863,-6.17861135726113,-3.02142283240964,-4.21098755379226,2.76752760806584
2016-02-08,5.3167185879,1.68352101686736,-4.46861046980142,-5.92180656171654,-2.89323241886079,-4.03440439830189,3.98759975586719
2016-02-09,-1.9522776574,1.69574964207831,-4.50255221267399,-5.96695818571576,-2.91576565785538,-4.06542583408628,3.76956230550199
2016-02-10,0.55309734526,1.83318733145952,-4.87699921918195,-6.45977933211207,-3.16134213917872,-4.40422577944409,2.0782744836541
2016-02-11,-6.5706570656,1.88002020144553,-5.00444269075471,-6.62766645272681,-3.24506607723011,-4.51965324248695,3.18312117956045
2016-02-12,0.7171911795,1.74080178471383,-4.67023165469365,-6.20451405308315,-2.99734815096831,-4.20457411293622,1.20101080459224
2016-02-16,3.4541396535,1.79820685663277,-4.82826244675222,-6.41331894536121,-3.10011831971501,-4.34725402590625,1.30376862914334
2016-02-17,-0.93486747473,1.64406919202365,-4.40617360727759,-5.85564536745208,-2.82524874444962,-3.96603247664908,1.63445037581157
2016-02-18,-2.0221922638,1.55150205853521,-4.15294157629192,-5.52107777884729,-2.66027853026661,-3.73727959655963,1.6349623201427
2016-02-19,1.9792548688,1.48741915044368,-3.97695211881854,-5.28870829685206,-2.54582506340219,-3.57844125977747,1.32319298649439
2016-02-22,0.80350620883,1.46586122967373,-3.91775681273002,-5.21030552305406,-2.5066911755007,-3.52477260470451,0.977145233851675
2016-02-23,-2.6708074533,1.3712055109911,-3.65756702594646,-4.86674858462005,-2.33730349712863,-3.28988595450058,0.729215359778201
2016-02-24,1.0529674537,1.32970367585473,-3.54318033672874,-4.71586722890264,-2.26469318292767,-3.19008249278115,2.03948740029582
2016-02-25,-0.021050415671,1.27750304102217,-3.39923170330706,-4.52571300255997,-2.1706858843402,-3.059882291677,1.45725022678568
2016-02-26,-0.75797452364,1.3791148560388,-3.67893874855944,-4.89487968849534,-2.3524983688321,-3.31245104014503,1.25466197003785
2016-02-29,-0.60464622902,1.33152689937393,-3.54806133240329,-4.7221335036079,-2.26741456507693,-3.19426445745867,1.34077732861994
2016-03-01,0.30949839929,1.31017146851871,-3.48908566032799,-4.6442513465679,-2.22904461162859,-3.14096719894185,1.71549069134773
2016-03-02,2.8194488776,1.32010095293638,-3.51716073886568,-4.68123439627357,-2.24699949197416,-3.16616919115132,1.30396300905773
2016-03-03,1.5314569537,1.37908282954751,-3.67960516210712,-4.89552244277565,-2.35250816529992,-3.31276829576538,1.40507463372504
2016-03-04,-1.8956379943,1.32138551465917,-3.52065826374608,-4.68577131716472,-2.24919532546754,-3.16925068559504,2.30357514139941
2016-03-07,-0.22854768331,1.32594083582083,-3.53241615823628,-4.70149567033575,-2.25725282230641,-3.18014025116148,1.39568328066046
2016-03-08,0.87463556847,1.42599135118624,-3.80798845722799,-5.06517977029776,-2.43647399594074,-3.42901462616721,1.74003259319179
2016-03-09,-2.2605284889,1.36559618491624,-3.64184885509421,-4.84570514565147,-2.32811965006048,-3.27873189736763,1.54217119516158
2016-03-10,1.4890695955,1.38541630968633,-3.69645069624861,-4.91785559314789,-2.36381043215563,-3.32817103912233,2.2416528749719
2016-03-11,0.68678459938,1.37964112451859,-3.68030952687201,-4.89649473340871,-2.35321219173449,-3.31351252289992,0.766982523767915
2016-03-14,0.15502273673,1.45121054711746,-3.87819039325835,-5.15734175126432,-2.48168076626363,-3.49200178728924,0.690422066173853
2016-03-15,-0.227014756,1.28854263655378,-3.43014752329073,-4.56593517223397,-2.1899805107171,-3.08714417882936,1.16815418292266
2016-03-16,3.971455166,1.24916449376416,-3.32202741847607,-4.42313260127397,-2.11937821869587,-2.98931135639173,1.28123819945746
2016-03-17,0.21884014732,1.25260270741976,-3.33109961177303,-4.43504475906308,-2.12506897714121,-2.99735905964957,1.13163691122378
2016-03-18,0.74441687357,1.24929381245743,-3.32193696773483,-4.42290267094954,-2.11904042627003,-2.98902298033597,0.765443385730726
2016-03-21,1.487684729,1.18807661804608,-3.1532123577827,-4.20019641278908,-2.00900088195611,-2.83645798818466,1.79498819093403
2016-03-22,-1.106688671,1.15843568385442,-3.07152683026527,-4.09251169672441,-1.95616834346605,-2.76288553347624,0.994699435008795
2016-03-23,-0.82458034758,1.28149454865227,-3.41295262696371,-4.54272754672077,-2.17819408246249,-3.07113954365784,0.782559837091788
2016-03-24,0.089082450722,1.21690431769,-3.23492606289932,-4.30780993758041,-2.06235371641131,-2.91033341947665,0.702575570001401
2016-03-28,0.049446202502,1.1777989283974,-3.12757332207225,-4.1660364480898,-1.99238344551659,-2.81326408124846,0.805741551882061
2016-03-29,1.0773944845,1.15118747367021,-3.0546818669225,-4.06967691155084,-1.94467415325373,-2.74720869772522,0.839445777081116
2016-03-30,0.25425386266,1.15750370579878,-3.07274656568687,-4.09357976267841,-1.95701411108806,-2.76388060214587,1.57664213225227
2016-03-31,2.0093640265,1.11205889665109,-2.94818856575283,-3.92913870601002,-1.87636566195921,-2.65156202946763,1.04820534741055
2016-04-01,1.329126028,1.19646841439816,-3.18073371710976,-4.23602816454217,-2.02735423576081,-2.86144670451112,0.910823896073218
2016-04-04,-0.16042276111,1.16892513490367,-3.10448398697135,-4.13537771346514,-1.97754373483301,-2.79245221857427,1.27248694677999
2016-04-05,0.11342155012,1.16541810075315,-3.09623262347677,-4.12436077552412,-1.97203508715249,-2.78489589773389,1.32900342083535
2016-04-06,-0.0094410876954,1.2137540533818,-3.22882932538306,-4.29960312312021,-2.05831269852577,-2.90478203072156,0.865991959629462
2016-04-07,0.76480030202,1.23958804901079,-3.29991966297743,-4.39332679267213,-2.10323267836616,-2.9667433349608,1.21362288368836
2016-04-08,-0.55284857563,1.17011671195381,-3.10745259607771,-4.13936256708056,-1.97800380157073,-2.79290395515191,1.08740781203085
2016-04-11,-0.4334306981,1.20263628508785,-3.19796536611064,-4.25880234962734,-2.03692039374746,-2.87469642736597,1.20137568950284
2016-04-12,-0.45424434575,1.19986817728394,-3.19008531150376,-4.24842210478181,-2.0317839291063,-2.86758524479301,1.40736590827617
2016-04-13,2.367145166,1.2039418421138,-3.20178939460314,-4.2638091773801,-2.03946774262279,-2.87821034034935,0.995323554683571
2016-04-14,1.7459138187,1.22024770104041,-3.24648033926748,-4.32282540844837,-2.06847550393636,-2.91849440455744,0.557709137802478
2016-04-15,-0.52026286976,1.19637220991416,-3.18106575794312,-4.23668866841345,-2.02584622019526,-2.85943342969672,1.25613804851819
2016-04-18,0.91751536838,1.13225686508934,-3.00396690026981,-4.00299035030091,-1.91067858687136,-2.69958865167457,1.24174830044038
2016-04-19,1.0273661243,1.19215683152862,-3.17141182986214,-4.22399835657534,-2.01958427809869,-2.85079449377919,1.21593026576442
2016-04-20,-1.1789056874,1.19275471825874,-3.17332580533212,-4.22646150495506,-2.02085867828135,-2.85250124723836,0.988376321109468
2016-04-21,1.0472634549,1.1820928060029,-3.14435281624217,-4.18814783963925,-2.00208490603654,-2.82637725936781,1.10045186065756
2016-04-22,-2.1809661138,1.16502681673534,-3.09761203416036,-4.12656599784683,-1.97165821651514,-2.78418442434293,1.30543743574536
2016-04-25,0.11055831964,1.19676602174913,-3.18552006106824,-4.24244461893927,-2.02999979885663,-2.86482857438824,0.851265171786557
2016-04-26,0.33130866923,1.21461223251866,-3.23494873104104,-4.30768192561353,-2.06209536720229,-2.90944269496674,1.58590489810308
2016-04-27,1.3025133003,1.16350915752292,-3.09342213395465,-4.12090225503413,-1.97002931509349,-2.78162847912241,2.44284829523992
2016-04-28,1.4487504528,1.23670611223872,-3.29497381534435,-4.38685346649443,-2.1011523089937,-2.96360242579395,2.14664732987605
2016-04-29,0.053552302779,1.360099407491,-3.63520928704117,-4.83578851777042,-2.32243858943838,-3.27077151988011,2.06723422420947
2016-05-02,-2.0071364854,1.38604105708409,-3.70653199702744,-4.92986956843027,-2.36881739768944,-3.33514041989633,1.70724020386161
2016-05-03,-2.1574874829,1.41187549782714,-3.77823117238673,-5.02449574815176,-2.41427267367866,-3.39801254997958,1.65330317806384
2016-05-04,-0.5303312244,1.42404409073569,-3.81211646459146,-5.06922715526157,-2.43631162213342,-3.42858577105709,1.50329774946775
2016-05-05,0.20578056301,1.42510119721036,-3.81449354216613,-5.07230342849008,-2.43791616987557,-3.43073113600136,1.19113469440823
2016-05-06,-1.0827966023,1.37962277607527,-3.68867642298667,-4.90614491714686,-2.35616554045434,-3.31711374922154,1.32661366950432
2016-05-09,-0.27366235727,1.31992981871384,-3.52440892762635,-4.68961121349089,-2.24925736174518,-3.16891742739584,1.09210257641598
2016-05-10,-0.56775170333,1.29895556929525,-3.466877641435,-4.61368368223574,-2.21185031152359,-3.11698945754469,1.28548287706945
2016-05-11,-0.69470879325,1.25628965644523,-3.34856023172815,-4.45760981628848,-2.1348840974479,-3.0101858705771,1.11640812705506
2016-05-12,-6.2577862962,1.25453462409842,-3.34324826692597,-4.45038870547309,-2.13155148345235,-3.00536592339121,2.36612174187295
2016-05-13,-3.056634635,1.22552872769008,-3.32175794066303,-4.4617694958768,-2.08049880986076,-2.96663389315112,1.70184543571201
2016-05-16,-1.1494252873,1.36229246558969,-3.70617691713438,-4.97296486535465,-2.33319623659129,-3.31699858854478,1.46502359013196
2016-05-17,-0.10667804563,1.33576023551151,-3.63233159310208,-4.87481259553742,-2.28585079692151,-3.25074622894962,1.35600268422472
2016-05-18,1.6445963263,1.3375993145177,-3.63773572356543,-4.88187521028634,-2.28945797945611,-3.25555010014366,1.7470631213641
2016-05-19,-1.0401344821,1.3333751000487,-3.62587497057461,-4.86676884452339,-2.28151202995175,-3.24525124372495,1.47605184609534
2016-05-20,-0.40589617602,1.38499184637722,-3.77079811650611,-5.06040106457274,-2.37414621519813,-3.37584920430677,0.584824633062232
2016-05-23,-0.55770055778,1.33127477055422,-3.62093655550294,-4.86263144333818,-2.27760682485839,-3.2422368451695,0.850636157589641
2016-05-24,0.075496117461,1.22048530769463,-3.31136519767925,-4.45023477285309,-2.07912009752269,-2.96403303178453,0.546288924192481
2016-05-25,0.67895247321,1.21130976453382,-3.28521914076308,-4.41564651336338,-2.06237192580178,-2.94064509138697,0.78933868460326
2016-05-26,-0.9740954828,1.14898056119468,-3.10948465210455,-4.18232017770501,-1.94948789436451,-2.78305972281852,1.26632711637126
2016-05-27,-2.3456923575,1.12112582094829,-3.03132651533335,-4.0784633063587,-1.89956500353702,-2.71299488057405,0.631470046069254
2016-05-31,0.19924728804,1.146869071722,-3.10385053365128,-4.17501316035645,-1.96937455266809,-2.7811943651823,0.697306924381177
2016-06-01,3.7118868759,1.09466850695997,-2.95764432249867,-3.9793924444773,-1.87470086206009,-2.64917271365109,0.785833374025467
2016-06-02,-0.41542394547,1.08811298083923,-2.93801551743681,-3.95411426724559,-1.8394881700369,-2.62729652439426,1.11438846920946
2016-06-03,1.1445074339,1.10374304488447,-2.98115651935977,-4.01173740443479,-1.86701389308585,-2.66603995180168,0.75097498125087
2016-06-06,-0.38071065992,1.14347864071396,-3.09315213963814,-4.16076614118041,-1.93882914342116,-2.76661609156143,0.797994114504112
2016-06-07,1.0828025477,1.0869516955199,-2.93411869577606,-3.94924673502546,-1.83692368836716,-2.62389007304126,0.525287557579767
2016-06-08,1.2707414409,1.09703314655699,-2.96276641114145,-3.98718361522354,-1.85534884437468,-2.64956821489262,0.56635421755617
2016-06-09,1.5244218604,1.0642096075416,-2.86964066635479,-3.86391891705113,-1.79567992825733,-2.56623360147929,0.706102916608125
2016-06-10,1.7568947906,1.05399209086316,-2.84040937969355,-3.82532835928668,-1.77695109313783,-2.54011090489459,0.653595152306507
2016-06-13,0.79301345104,1.04325384317577,-2.8097820221056,-3.7846448985777,-1.75730754075717,-2.51261997922866,1.39015228003841
2016-06-14,-0.059755004531,1.03179535235636,-2.77752226449348,-3.74164524813975,-1.73658836446217,-2.48360104756038,1.21707909641752
2016-06-15,-0.4882909815,1.12145101449625,-3.03181807173657,-4.08078920074353,-1.89974628545469,-2.71241676343609,0.791466202353788
2016-06-16,-1.4019627479,1.13777989616041,-3.07879077879228,-4.14362769969574,-1.9301477480834,-2.75473926046742,1.08628286521976
2016-06-17,-0.75157424344,1.11312678471584,-3.00982213169094,-4.05155726860791,-1.88594307108784,-2.69268775330996,1.17527524504708
2016-06-20,0.2046663938,1.15315450864918,-3.1222158077298,-4.2016558272042,-1.9580836893098,-2.79387238866105,0.823221459968468
2016-06-21,0.72508169924,1.18375749840481,-3.20796872652911,-4.31643225560924,-2.01320210291367,-2.87121194980163,1.03649101279111
2016-06-22,0.40555611886,1.12800022467355,-3.0515910005649,-4.1069807748254,-1.91269616386263,-2.73007086250742,0.751839100545268
2016-06-23,-0.090881551114,1.13458069144023,-3.06938724623791,-4.13098397574763,-1.92414852980726,-2.7461503039976,0.730621334115863
2016-06-24,0.71760663031,1.11117709037225,-3.00350084855616,-4.04281308891403,-1.88187734336766,-2.68673466793354,2.82524280048396
2016-06-27,-0.82288008043,1.0918898571075,-2.94848110432482,-3.96925512651476,-1.84636723892562,-2.63703290920045,1.82948333929297
2016-06-28,-1.5076393807,1.32402530828203,-3.60178722241513,-4.83955544848869,-2.26550069798381,-3.22419515972427,0.925281756909093
2016-06-29,0.12327922741,1.30262686627612,-3.54135183949075,-4.75889046452642,-2.22187851727461,-3.16718234519896,0.872002950524592
2016-06-30,-0.32833983169,1.23484079796812,-3.35029843099095,-4.50463839680139,-2.09968259490469,-2.99576111282649,0.803940187225074
2016-07-01,0.42207123752,1.23694047406929,-3.35644450878397,-4.51278461550242,-2.10368297509759,-3.00130110943064,0.471120819410158
2016-07-05,-2.2757560227,1.23547507713429,-3.35156192914194,-4.50745172858119,-2.10092477295515,-2.99755387874838,0.53130335223815
2016-07-06,-0.24126717708,1.09875079821276,-2.96685491663221,-3.99509429483056,-1.85863498899469,-2.65550040569848,1.18408950853118
2016-07-07,0.85173501593,1.03519867345249,-2.78723062942222,-3.756128820534,-1.74331306157705,-2.49406477813683,0.706188786502026
2016-07-08,-0.3753518924,1.10299679881992,-2.9785810034235,-4.01069038397401,-1.86617872443595,-2.66603424088664,0.584394712111648
2016-07-11,0.57561486119,1.05554024778845,-2.84530935468314,-3.83311838729052,-1.78070029308254,-2.54621154756107,0.48900101034925
2016-07-12,-2.809573361,1.03408198156888,-2.7850803457335,-3.75261003003523,-1.74206991148802,-2.49195113797344,0.3390114295813
2016-07-13,-1.4561027837,1.02673601013585,-2.77355805715216,-3.72820524295694,-1.75078588138687,-2.48365050054862,0.531654324395885
2016-07-14,1.6840504128,1.00244756517755,-2.70503067607319,-3.63703357494356,-1.70675258328896,-2.42206728059279,0.391642172312778
2016-07-15,0.86547708088,0.982555979158697,-2.64936310887865,-3.56300348140215,-1.67055667961517,-2.37192837071025,0.424079887300728
2016-07-18,1.2711864407,0.948635374126392,-2.55391710696385,-3.43606650445311,-1.60878086354403,-2.28603284499574,0.350200728965155
2016-07-19,0.30334728035,0.93921939861953,-2.52818411498995,-3.40175489143484,-1.59219704263325,-2.2628893177342,0.446592119521481
2016-07-20,-0.93857545107,0.922546508831634,-2.48112490680006,-3.33920545469589,-1.56161708889476,-2.22051159342072,0.422316864992185
2016-07-21,0.5684808928,0.935566578454466,-2.51865214012404,-3.38895397276094,-1.58633106886308,-2.25439620989966,0.618221583276776
2016-07-22,0.42918454928,0.92332945766302,-2.48571825688759,-3.34501715794487,-1.565062114052,-2.22480653117831,0.539255868922982
2016-07-25,0.77131540547,0.954089965413343,-2.57221235816965,-3.46012888797669,-1.62076763770407,-2.30258471587597,0.749079867988952
2016-07-26,0.31030202717,0.952002442275687,-2.56624098696701,-3.45215993395145,-1.61704221569233,-2.2972306964512,0.796551319805148
2016-07-27,0.45370179414,0.993462695511598,-2.68311560185678,-3.6075606913918,-1.69284568410014,-2.40243801009161,1.34876809406637
2016-07-28,-0.56456579759,1.01717328082173,-2.74933373431857,-3.69570019601332,-1.73547548670292,-2.4619547847408,0.661623854871268
2016-07-29,1.9820377827,1.10597798159345,-2.99966742720632,-4.02868282204354,-1.89709990931869,-2.68715553043291,0.694779528715952
2016-08-01,-0.010122482035,1.04930079848856,-2.83923997882769,-3.81543380120432,-1.79277111699746,-2.54265776617773,0.488613244179013
2016-08-02,1.0629682121,1.05927385722233,-2.86746004765131,-3.85299880879072,-1.81070077523992,-2.56798813588619,0.944650348708003
2016-08-03,0.040068115959,1.02725035020362,-2.77697162188731,-3.73267873717477,-1.75220808990179,-2.48656704935115,0.450373995281146
2016-08-04,0.090117152286,1.07306254831959,-2.90642414347277,-3.90483225641452,-1.83570097899264,-2.6030163100282,0.403035856445842
2016-08-05,-0.53021208478,0.982985824903754,-2.65244129270083,-3.56708182833681,-1.67153583331796,-2.37449323521594,0.311484064670908
2016-08-08,-0.7744141607,0.963664377080393,-2.59852478400886,-3.49524359048771,-1.63719988877787,-2.32611196166416,0.417715668763787
2016-08-09,-1.3379282385,0.930078121286427,-2.50420040960976,-3.36968914964927,-1.5766083589467,-2.24133613859675,0.374816213556066
2016-08-10,-0.68830901992,0.935019197300203,-2.51798718891624,-3.38800544693072,-1.5856731174593,-2.25378016056631,0.340128482147862
2016-08-11,6.4963277127,0.895759990598553,-2.40776079696564,-3.24134509241608,-1.51448853804419,-2.15462479764517,0.37794576308753
2016-08-12,1.3501699856,0.884884769680943,-2.37604750947331,-3.19949699025568,-1.49289271537762,-2.12582472283728,0.275841989712691
2016-08-15,-0.12459267782,0.887024130127097,-2.38228137169125,-3.20777306599919,-1.4968931635975,-2.13143350117422,0.317131261662765
2016-08-16,1.7656654833,0.873520684321127,-2.34440208885047,-3.15740582098794,-1.47228383675612,-2.09732490905836,0.438538836661482
2016-08-17,-1.4804337577,0.871109283982162,-2.33734991384675,-3.14807597005206,-1.467623012473,-2.09095730849333,0.902005781195748
2016-08-18,1.253828484,0.887375910469981,-2.38344266983554,-3.20925837607554,-1.497831227346,-2.13252848744702,0.413245319680282
2016-08-19,0.61775327868,0.966132044565307,-2.60515231957327,-3.50422301102757,-1.64063440855086,-2.33190446912094,0.403741596521236
2016-08-22,1.5207329745,0.922865294876748,-2.4829967975504,-3.34183452725772,-1.56147441744713,-2.22194423694667,0.611855919258272
2016-08-23,0.82806103474,0.92953131454801,-2.50165096053414,-3.3666695520905,-1.55906221667126,-2.23860156238615,0.378160834741054
2016-08-24,0.40601642522,0.965644726699282,-2.60375045775182,-3.50240922538732,-1.6245526129385,-2.33047816013573,0.474210019004493
2016-08-25,-0.74441687339,0.940284203154234,-2.53216278998509,-3.40721025455961,-1.57864326711052,-2.26608331423809,0.515102938979285
2016-08-26,-0.064814814868,0.923180299010499,-2.48447779861768,-3.34361602032027,-1.54769335242506,-2.22334634471026,0.909325459422492
2016-08-29,0.23163161313,0.931876320897277,-2.50902825355373,-3.3763295340079,-1.56375074774487,-2.245360781274,0.686315094479702
2016-08-30,1.201700869,0.994560475958898,-2.68683403266177,-3.61264921949346,-1.67774360221395,-2.4054178108481,0.657721337626149
2016-08-31,-0.091340884228,0.979345311053557,-2.64337337366012,-3.55491777869816,-1.64978060619044,-2.36629317108359,0.497352835404084
2016-09-01,-0.14627902729,0.992073244690573,-2.67955469737251,-3.6030299589195,-1.67318213433754,-2.39883809378471,0.464022410305261
2016-09-02,-0.12818165178,0.979220229720365,-2.64329553183477,-3.55480134306315,-1.64993433241386,-2.36622777952434,0.581592643262354
2016-09-06,0.25669233582,0.971863919423601,-2.6227297514363,-3.52737921058878,-1.63654236672703,-2.34779564670547,0.366830434282437
2016-09-07,-0.77724945122,0.964330006215269,-2.60135229196473,-3.49895616725606,-1.62282792187241,-2.32855721737246,0.744841625462398
2016-09-08,0.31333517654,0.925776150983415,-2.49275106373845,-3.35449372328468,-1.5533047046516,-2.23086488622746,1.50006351896709
2016-09-09,-0.75333027098,0.967370836713659,-2.60965295618205,-3.51000141535002,-1.62788845885326,-2.33604271557411,1.48306852771979
2016-09-12,-0.42580764612,1.08845205536952,-2.95101375428206,-3.96399996924661,-1.84618855848384,-2.64319954622723,1.66963201293902
2016-09-13,-0.58566514826,1.14045859266186,-3.09795077885894,-4.1593915962316,-1.94002135339966,-2.775462542672,1.58566914450675
2016-09-14,-0.11221245558,1.20880525436357,-3.29057477189274,-4.41560337796209,-2.06324620469469,-2.94876537926616,3.80781345351116
2016-09-15,-0.76764650812,1.26083774093333,-3.43596800303706,-4.6090146112549,-2.155428948187,-3.07956407316853,1.65213084283543
2016-09-16,0.094339622592,1.52831980299789,-4.18986228095691,-5.61181656929105,-2.63688914062056,-3.75797934263059,1.46236555387521
2016-09-19,0.59377945327,1.4090011527182,-3.85351354715902,-5.16445167373647,-2.421836066459,-3.45543463979144,1.70285145250557
2016-09-20,0.9369436897,1.39863975086723,-3.82451233016339,-5.12584339861216,-2.4033674993538,-3.42928309265227,1.21620735806288
2016-09-21,-0.027847396268,1.41639408493197,-3.87511007299758,-5.19313817762697,-2.43626060966848,-3.47478492063667,1.0949380182206
2016-09-22,0.61281337039,1.37314939435044,-3.75343407747257,-5.03129585960104,-2.35866778864573,-3.36531656354455,0.588934915567866
2016-09-23,-2.6208933185,1.25312251954284,-3.41531222336198,-4.58153578080902,-2.14314205247438,-3.06100488705485,1.69494997933058
2016-09-26,-2.2649734648,1.1685359181054,-3.17665277400175,-4.26409113271081,-2.01120370063988,-2.85125904390738,0.885903269592112
2016-09-27,2.2398913992,1.26169338002366,-3.43960136766652,-4.61383373486505,-2.19041146726559,-3.08893921394949,0.722821875546585
2016-09-28,2.3805007588,1.16773404930211,-3.17471910050376,-4.26150034576174,-2.01872695410854,-2.85009991743271,0.623282420519577
2016-09-29,3.5386753127,1.13232610055545,-3.07476626944219,-4.12859192590837,-1.95400235242745,-2.75991467685838,1.11462801444146
2016-09-30,3.399838955,1.10045228061564,-2.98478988540287,-4.00896935536938,-1.89572450028934,-2.67872189659739,0.875744174865794
2016-10-03,-0.56242969622,1.16503224603761,-3.16652028413744,-4.25071227796522,-2.01380685718946,-2.84242237594434,0.451733100577745
2016-10-04,-1.1660285417,1.10764341609899,-3.00466566991305,-4.03548176924442,-1.90874179627682,-2.69650892711064,0.977466050080745
2016-10-05,-0.0088043670075,1.0511711298228,-2.84567065985281,-3.82396838638977,-1.80542267637232,-2.55329701631885,0.696212450959689
2016-10-06,-0.017610284249,1.10766082539251,-3.00571119840257,-4.03679159717144,-1.90953971488462,-2.69751557730385,0.678572947333031
2016-10-07,0.94231616022,1.08911280651455,-2.95377011158991,-3.96769333905606,-1.87590934365252,-2.65069192586189,0.682830316340453
2016-10-10,-1.6663758506,1.06597319602608,-2.88888824059794,-3.88143628045078,-1.83402133482628,-2.59210985683979,0.521827266419934
2016-10-11,0.1508295627,1.05603953727694,-2.86119549165258,-3.84456233188608,-1.81604720634219,-2.56719395047507,1.3523373396372
2016-10-12,0.18603827066,1.0435116408819,-2.82622560632534,-3.7979229774708,-1.79318727121388,-2.53584253290804,0.837348499976285
2016-10-13,0.76045627375,1.12878683351729,-3.06675528767208,-4.11782488012447,-1.94922914682442,-2.75266574146523,0.834790720751864
2016-10-14,-1.5533128564,1.0930897132036,-2.96603700497655,-3.98383082013192,-1.88378655943204,-2.66191058805549,0.764566446313453
2016-10-17,0.77553931187,1.09865696669423,-2.98166125887445,-4.00458927694286,-1.89384094194791,-2.67602015076865,0.573047551288912
2016-10-18,-0.46881910666,1.08793413728733,-2.95214648431919,-3.96532148321428,-1.87491782327253,-2.6493922677022,0.326965770230748
2016-10-19,0.42659082828,1.07177273843463,-2.9068991243321,-3.90510950001494,-1.84561662821357,-2.6086323035037,0.378687895034297
2016-10-20,0.044247787628,0.992868024616764,-2.68416671142829,-3.60889654017809,-1.70114323328438,-2.40780062971024,0.723087846825024
2016-10-21,0.74303405563,0.96704009419761,-2.61186319290085,-3.51271526409537,-1.65438681782134,-2.34260883987437,0.419975382649781
2016-10-24,0.14926683652,0.989939296998153,-2.67634935096171,-3.59849766022629,-1.69620757697293,-2.40074071828541,0.297546028611736
2016-10-25,1.7446957741,0.940632978096162,-2.53704183823293,-3.41327971903527,-1.60582955147181,-2.27509790618592,0.314486561086613
2016-10-26,0.21542438608,0.911813739687019,-2.45537864190684,-3.30473612287954,-1.55278947231943,-2.20143378319533,1.44932174058804
2016-10-27,0.89423903701,0.907784525218787,-2.44398230790508,-3.28962329029567,-1.54541764432669,-2.19112822145921,0.671669312924535
2016-10-28,-0.30680074997,1.06879035118601,-2.89922728479866,-3.89502987901754,-1.83016274591269,-2.6008227146217,1.13603835909746
2016-10-31,0.55565053863,1.00053093381066,-2.70644828310264,-3.63861218447812,-1.70589101806008,-2.42714949091829,0.452404461595182
2016-11-01,-0.068009861388,1.07832977738888,-2.92708459667976,-3.93201408430749,-1.84832129001953,-2.62599639465524,0.959670589445939
2016-11-02,-0.068056146392,1.02779680011992,-2.78459451650091,-3.74246070297856,-1.75643563401664,-2.49762716709465,1.03094674965674
2016-11-03,-0.29794841239,1.10305048847793,-2.99666660544602,-4.02454442665111,-1.89344520154359,-2.68872149774263,0.766921089931793
2016-11-04,-0.051229508153,1.0888472471695,-2.95761988930541,-3.97258980168055,-1.86816865805132,-2.6535785980138,1.1781116979803
2016-11-07,-0.3929608748,1.07204729303926,-2.90980608104167,-3.90899607450572,-1.8375415763849,-2.61053602298052,0.591022525386789
2016-11-08,0.90051457973,1.10859958817316,-3.01266376870244,-4.04581359369238,-1.90392306003345,-2.70319349434858,0.667891976729855
2016-11-09,0.50998725037,1.0677298290768,-2.89830067418333,-3.89367998737058,-1.82992373472932,-2.60015212890693,4.17722678229293
2016-11-10,-2.2494714588,1.05974893168686,-2.87452799399616,-3.862086480534,-1.8149771496848,-2.57876081248676,5.86374397695445
2016-11-11,-0.96029068254,1.4514248923422,-3.97775727542332,-5.32981956396961,-2.52838289709404,-3.57304079043867,2.20837211079403
2016-11-14,-0.6638714186,1.72901085473384,-4.75991598943209,-6.37051890255309,-3.03393218315317,-4.27792238644252,3.0807949809111
2016-11-15,-0.15828350333,1.57074945398933,-4.32043114612216,-5.78590812687197,-2.74844762776192,-3.88176539404446,1.5883605979329
2016-11-16,-1.8055310904,1.70499023807004,-4.6993804764369,-6.29032328156268,-2.99308924070589,-4.2233163384614,1.43609699898748
2016-11-17,0.089694142844,1.65907913055854,-4.56945973936209,-6.11743660103572,-2.9092637112095,-4.10623584021323,1.1158822589499
2016-11-18,-1.0718789407,1.55917040728785,-4.28722243866846,-5.74185851348669,-2.72737994692395,-3.85190468957027,0.724470300635288
2016-11-21,-0.90139306203,1.3635950894312,-3.73510099348119,-5.0070007282648,-2.3712560602311,-3.35433622002991,0.727331494715026
2016-11-22,1.4424843808,1.27684591934216,-3.49041115043846,-4.68130365566161,-2.21341068147886,-3.13382362241309,0.558513746554488
2016-11-23,0.58871479032,1.17077890232218,-3.19233011906217,-4.28463258823696,-2.02051087985436,-2.86516270544375,0.639533625920936
2016-11-25,-0.16207455428,1.10853327920067,-3.01658584660479,-4.05080851874635,-1.90701677210292,-2.70682068635112,0.222589703142119
2016-11-28,-2.7867965368,1.07546478767467,-2.92404869235128,-3.92764923963052,-1.84712881104672,-2.62341418595405,0.483294969474867
2016-11-29,0.5937471009,0.992225573237371,-2.7066307620407,-3.61912152471555,-1.70579932717934,-2.42090550844412,0.769250894904217
2016-11-30,-2.5085308494,0.998995074821729,-2.72501921816739,-3.6435647398874,-1.71760419580521,-2.43733684508315,1.12211220552832
2016-12-01,1.3243780153,1.02636080651735,-2.80275416578948,-3.74660258253897,-1.77357175769754,-2.51341477246734,1.32444633567183
2016-12-02,2.6888245729,1.08504962562353,-2.96890699886779,-3.96669261702871,-1.88107840534704,-2.66312417481193,1.18119419663951
2016-12-05,-0.03636694255,1.13751203428734,-3.11713396670454,-4.16292133231857,-1.97659446413712,-2.79643765056843,1.29363672256481
2016-12-06,0.10004547548,1.17320317765005,-3.19811210813653,-4.25716294026922,-2.03541818749428,-2.87011462028744,0.693259461985731
2016-12-07,1.5173541704,1.21922090380715,-3.32819379391624,-4.42888522849459,-2.11992501537492,-2.98728392336739,0.900094179703429
2016-12-08,0.062651033841,1.17176631635367,-3.19389993469665,-4.25167253952239,-2.03288318102498,-2.86626714416888,0.80212484621234
2016-12-09,-0.50983899828,1.1759554811396,-3.20565383174554,-4.26723799150563,-2.04065668685093,-2.87679936167903,0.997379429195479
2016-12-12,0.50346129647,1.14447642439038,-3.11670441921854,-4.14981909631657,-1.98287431063625,-2.79671865559125,0.779102686323132
2016-12-13,-0.19679756706,1.15128817774543,-3.13606722384283,-4.17542741890915,-1.99558708823627,-2.81409587975028,0.871067722711471
2016-12-15,-0.098592811628,1.09960257095158,-2.9901030951652,-3.98284374031468,-1.90092396640383,-2.68253751546197,1.08217675480276
2016-12-16,-0.84335187512,1.10161840246774,-2.99538983333569,-3.98984015046984,-1.90433634526744,-2.6873118780704,0.589052342791191
2016-12-19,-0.93195801655,1.12382982311986,-3.05838532007595,-4.07298412659778,-1.94532339878375,-2.74406241371754,0.60061905796345
2016-12-20,0.37446342121,1.06651824170322,-2.89674764659673,-3.85965952691565,-1.84040513925997,-2.5984564037581,0.33626018402206
2016-12-21,-0.71883530482,1.04383643806788,-2.83255735729194,-3.77498679248348,-1.79876897574755,-2.54060138246258,0.399357657167143
2016-12-22,0.76986527347,0.99395306163066,-2.69213349112478,-3.58947887807212,-1.70751412878987,-2.41424015675065,0.479907400875372
2016-12-23,0.9822646658,0.970950457539896,-2.62682859615615,-3.50335336167582,-1.66512201354976,-2.35536002528971,0.446462023204466
2016-12-27,0.98171665304,0.943106467476358,-2.54808801387573,-3.39937259669602,-1.61395126696748,-2.28446467651015,0.268401170330639
2016-12-28,1.6321798073,0.930521158695231,-2.51252195350436,-3.3525073596695,-1.59092492852796,-2.25237208854604,0.536540604310451
2016-12-29,-0.57042562512,0.892193693623072,-2.40441397464076,-3.20988643185863,-1.520803120871,-2.15492836173845,0.341630689438447
2016-12-30,1.6681376874,0.929375707105586,-2.51085455290232,-3.35001114387614,-1.58055037477958,-2.24501878648716,0.832718673970078
2017-01-03,0,0.907857871206037,-2.45049978376598,-3.27020800466455,-1.54201554637325,-2.19087040886341,0.909289487479885
2017-01-04,0.54692247595,0.975062277241893,-2.6400611426049,-3.52050540325026,-1.66411481747742,-2.36117398190574,0.443377719725056
2017-01-05,0.12951131084,1.00726217329017,-2.73160988087574,-3.64145085750038,-1.72266267395574,-2.44337685757683,0.529120826245758
2017-01-06,0.5777356213,0.973595683437939,-2.63704738900441,-3.5165412938294,-1.66190766669448,-2.35846484451741,0.724598323876314
2017-01-09,0.26577503413,0.977738247863861,-2.64908318173108,-3.53256379774284,-1.6691081511675,-2.36920834663594,0.625534846340238
2017-01-10,0.094057289607,1.01446453782173,-2.75221934321931,-3.66892311298148,-1.73480307863439,-2.46172153082347,0.574370777126894
2017-01-11,-0.65778233393,0.99216883623413,-2.68941283347684,-3.58607069734652,-1.69411129029084,-2.40526480949148,0.597977392399985
2017-01-12,0.19778140868,0.968756692071501,-2.62274509109265,-3.49809697230598,-1.65107060246173,-2.34530167121843,0.583787933788201
2017-01-13,0.63508410567,0.978756789262237,-2.65067468630415,-3.53498522602913,-1.66895473086537,-2.37034990543264,0.355528446715992
2017-01-17,-0.42640286547,0.980064745142833,-2.65417289932451,-3.53955149281776,-1.67134930101397,-2.37349327149457,0.638287196823893
2017-01-18,-0.025693730731,0.936040619492821,-2.51823518192382,-3.3475650018877,-1.58271902652968,-2.24845882157517,0.489160808541121
2017-01-19,-0.77957680123,0.962358684623727,-2.59202641715228,-3.44470083281742,-1.63036126972894,-2.31471599943773,0.397596951170861
2017-01-20,0.28492488364,0.942383403100049,-2.53617614905894,-3.37116529729469,-1.59435185815504,-2.26459097894619,0.301723157210188
2017-01-23,-0.11192423589,0.919345168835417,-2.47132880181523,-3.28629010933762,-1.55304579599986,-2.20659681864131,0.434213907106056
2017-01-24,0.50853301145,0.891662325257021,-2.39366202575462,-3.18436948009199,-1.50332207110785,-2.13702576682924,0.175274822704196
2017-01-25,1.1148272019,0.908950621580632,-2.44177051115346,-3.24773902941193,-1.53428362508999,-2.18020293613281,0.325701692356801
2017-01-26,0.91595284539,0.853805581052075,-2.28635150836796,-3.0435367515996,-1.43416786346755,-2.04074458609636,0.390310315362733
2017-01-27,0.10084881087,0.858575289105845,-2.29923732211909,-3.0606002429852,-1.44243295768112,-2.05229386296629,0.25496585125846
2017-01-30,0.53731844528,0.864285656776235,-2.31534299385944,-3.08179307012214,-1.45287053255652,-2.06677039458792,0.400889237551551
2017-01-31,-0.4175365345,0.846794877076489,-2.26651902791797,-3.01728224538262,-1.42114554513222,-2.02284768071644,0.459893734353421
2017-02-01,-0.17610062896,0.860182049995111,-2.30420951698041,-3.0666961248653,-1.44528673514069,-2.05661869755657,1.23606885168321
2017-02-02,0.80645161288,0.883951865943479,-2.37028887253849,-3.15391982847558,-1.48801968646894,-2.11598479571034,0.645018257646329
2017-02-03,-0.008333333335,1.01116188198212,-2.72855155400514,-3.6249846010987,-1.71923365511635,-2.43762976454651,0.454016906980963
2017-02-06,-0.17501458451,0.972563657756591,-2.61991666617622,-3.48230521394057,-1.64937055456477,-2.34020455057818,0.347849911271037
2017-02-07,0.18367006178,0.965040400953789,-2.59898365304895,-3.454773273493,-1.63594386476537,-2.32145332110906,0.467564512800953
2017-02-08,0.06666666668,0.951874212483146,-2.56192329040333,-3.40623355050759,-1.61228741016247,-2.28829355381448,0.245717087233137
2017-02-09,-0.091605596208,0.963016239439988,-2.59313328286715,-3.44738959102709,-1.63253156526018,-2.31636551099201,0.352933707899972
2017-02-10,1.5920646829,0.881378035566253,-2.36366761768989,-3.14531763443758,-1.48416644949762,-2.11023315927615,0.356705973338826
2017-02-13,0.049228749594,0.872794240428853,-2.34000492585338,-3.11380373984335,-1.46859231742651,-2.08885747938744,0.268538122447649
2017-02-14,0.0082007545643,0.866293618607457,-2.32175103689547,-3.08968971974312,-1.45670001813225,-2.07241995576012,0.430114559503258
2017-02-15,-0.26240262405,0.851031428530447,-2.27869392031088,-3.03314642092885,-1.42898559671981,-2.03379367885358,0.515110301438499
2017-02-16,-0.23020636354,0.864629956735385,-2.31680750093209,-3.08322203489156,-1.44464752795595,-2.06593975983364,0.505375022097785
2017-02-17,6.0980634527,0.890412887073374,-2.38827067908169,-3.17809376557257,-1.49064231189714,-2.13035113769742,0.356513535360121
2017-02-21,-0.17087378637,0.89820891899599,-2.40907773709975,-3.20643435971051,-1.50418533608183,-2.14937482192142,0.357538869200903
2017-02-22,0.42791566175,0.883066159505614,-2.36715597422246,-3.15088761593535,-1.47726644951902,-2.11165576426413,0.205570370878164
2017-02-23,0.93740316079,0.888514527725391,-2.38196319205324,-3.17076571986379,-1.48683657777641,-2.12508153837338,0.325534282868811
2017-02-24,0.95172307938,0.858690014660774,-2.29807526394513,-3.060546227769,-1.43305748405671,-2.04989251962482,0.385691603709068
2017-02-27,0.38774424083,0.858336611918174,-2.29735770056896,-3.05941994689021,-1.43258753041225,-2.04919667731231,0.358567904585226
2017-02-28,0.7225983114,0.857547233928177,-2.29492262895228,-3.05637372632013,-1.43104414607499,-2.04706298338416,0.281094353483083
2017-03-01,-0.22655188022,0.85516355370275,-2.28806965472101,-3.04731287116835,-1.42658000307449,-2.04086358746342,0.42197508481553
2017-03-02,0.8855585831,0.841774559178378,-2.25043643812355,-2.99782877580778,-1.40244416232613,-2.00711599732632,0.54272808944789
2017-03-03,1.2979218245,0.869262331013897,-2.32860947169849,-3.10168899722231,-1.45342009689301,-2.07797612835538,0.348352960630806
2017-03-06,0.36290919852,0.895596444894245,-2.40186375706504,-3.19837997642144,-1.5002824730543,-2.14377462211546,0.271724347031172
2017-03-07,-0.12176223153,0.872245838470259,-2.33681580253891,-3.11398011679426,-1.45917899393287,-2.08623078871102,0.377177448485191
2017-03-08,0.27706971068,0.855748963879309,-2.29010280680579,-3.05235106557468,-1.42897592303524,-2.04417110268039,0.347111252372638
2017-03-09,0.72207485991,0.871914275533753,-2.33553911449037,-3.11179042396002,-1.45801137267568,-2.08470321078337,0.899399006751872
2017-03-10,0.29992684722,0.864061231344471,-2.31362245840056,-3.0824523331492,-1.44372712428084,-2.06475397856145,0.307109461574022
2017-03-13,-0.42301801477,0.941407644320874,-2.53136782098776,-3.3687420246731,-1.58347143220162,-2.26005425692513,0.265200958316639
2017-03-14,0.095217168382,0.88159665729287,-2.36366247711666,-3.14754386410767,-1.47568681027325,-2.10934066920182,0.225859352761369
2017-03-15,0.19757061309,0.877169668133302,-2.35114490064199,-3.13101751886102,-1.46761764614557,-2.09807484371596,0.337593641357167
2017-03-16,0.043818009181,0.862997775501759,-2.31115873362977,-3.07867852731626,-1.442054983494,-2.06232696461329,0.276988948664935
2017-03-17,2.0439448137,0.873327535133774,-2.34088349500379,-3.11762779140606,-1.4612542005996,-2.08902574698652,0.185279316511499
2017-03-20,-0.59374776465,0.82675982233213,-2.20923920071421,-2.94485066270187,-1.37678408040124,-1.9710300088988,0.228122381120315
2017-03-21,0.59009787001,0.807048193498029,-2.15358333379942,-2.87243590711509,-1.34130115162029,-1.921492486557,0.962177102165482
2017-03-22,-0.31478036917,0.808338226899777,-2.15708727793634,-2.8768465505707,-1.34345946642645,-1.92451054343652,0.830397858421672
2017-03-23,0.12918042194,0.93049329413852,-2.50087775701358,-3.32932793814316,-1.56430830101161,-2.23312945682818,0.536110597919601
2017-03-24,-0.37270642206,0.948503928106987,-2.55180619769366,-3.39645001467924,-1.59711546337512,-2.27894149692401,0.541036122032992
2017-03-27,-0.23021582738,0.935440931037747,-2.51597906339285,-3.35059969755924,-1.5746952055358,-2.24766071967299,0.741496069258396
2017-03-28,0.33169887502,0.958054968921794,-2.57936960069084,-3.43386766930989,-1.61522062790378,-2.30446112511203,0.530967992261017
2017-03-29,0.043122035459,1.00636597630665,-2.71529727826539,-3.61234757716091,-1.70240647580486,-2.4262142800369,0.489613319372155
2017-03-30,-0.15086206895,0.964216173749368,-2.59634792343307,-3.45571596062216,-1.62591710599187,-2.31932774192439,0.385670149481268
2017-03-31,1.0576300452,0.941380937352609,-2.53215623998251,-3.37082712170862,-1.58460886215637,-2.26147514955452,0.489099089574387
2017-04-03,0.16374768638,0.92306948302789,-2.47998981131734,-3.30264192691465,-1.55106772115194,-2.21481143052519,0.377676019809783
2017-04-04,-0.49754780011,0.929487493642013,-2.49821270916126,-3.32717353620068,-1.56292106749562,-2.2314779539051,0.3694009447095
2017-04-05,1.0500750053,0.89640945663346,-2.40457497768006,-3.20410383485377,-1.50268362095676,-2.14744416874981,0.679502138256541
2017-04-06,-1.1452000565,0.885702484191271,-2.37446709942933,-3.16441614946519,-1.48333598257044,-2.1203865087588,0.761670255839088
2017-04-07,1.1298627,0.928303783452653,-2.49456532761372,-3.32276947618467,-1.5606154178675,-2.22839607034552,0.470929435297137
2017-04-10,-0.3535567811,0.959033882988147,-2.58093623570926,-3.43677261050359,-1.61617081438976,-2.30610503905551,0.26045456194351
2017-04-11,-0.1986942948,0.931340969580701,-2.50302059564859,-3.33432284103815,-1.56614918058545,-2.23621788225782,1.61461564853516
2017-04-12,0.17064846415,0.902146434650084,-2.42097263910749,-3.22599278020432,-1.51336253575909,-2.16237612654903,0.624969641981893
2017-04-13,2.0726859739,1.09347714894892,-2.96049529387717,-3.93611547748543,-1.86024698640672,-2.64689951427431,0.36927597112882
2017-04-17,0.22253129355,1.00943133220854,-2.72327702192803,-3.62417076872074,-1.70778509933654,-2.43400683414948,0.28286921080939
2017-04-18,-0.13183458232,0.964711500677918,-2.59805448025627,-3.45971895108895,-1.62755545658831,-2.32188754387203,0.370034473864581
2017-04-19,-0.18759119021,0.945537942123379,-2.54498021012544,-3.38946983045646,-1.59358774449812,-2.27415769974905,0.299891530585558
2017-04-20,0.027843519456,0.959222394076353,-2.58429649176941,-3.44203651818081,-1.61926063030338,-2.31002663932797,0.355048816196663
2017-04-21,0.74460681972,0.873891610071223,-2.34395928186058,-3.12554036313045,-1.46480960340785,-2.09416864417035,0.304640183126532
2017-04-24,-0.51806313459,0.862525631021086,-2.31179122549821,-3.0835833196887,-1.44420680537981,-2.06548158873587,0.249281469742714
2017-04-25,-0.24996528273,0.851008024026078,-2.27961663229666,-3.04074412758023,-1.4234550580782,-2.03634961202946,0.236432870712999
2017-04-26,-0.22274815528,0.841515562387905,-2.25280291483391,-3.0047437692727,-1.40602765106621,-2.01182515350612,0.467919183569974
2017-04-27,-0.11859913502,0.830444502812953,-2.22173872165172,-2.9634824076385,-1.38603000797658,-1.98373233660045,0.286149326410811
2017-04-28,-1.0756443389,0.864913176824351,-2.31954326178729,-3.09180947664866,-1.44897508249431,-2.0714355837013,0.356861990839668
2017-05-01,0.12003106694,0.840023748117602,-2.25001607396394,-3.00000641035675,-1.40440068165079,-2.00896319630481,0.362942146500821
2017-05-02,-0.52891396326,0.849793382880671,-2.27803244412168,-3.03687513235728,-1.41953280634615,-2.03048577702533,0.515508984968438
2017-05-03,0.55299539163,0.857194001381232,-2.29911889652479,-3.06457079082311,-1.43309695419743,-2.04938961324085,1.38570717912615
2017-05-04,-0.44419375308,0.890399757795553,-2.39286637159248,-3.18799922328263,-1.49320672014145,-2.13342704111454,0.562698480123695
2017-05-05,-0.36827195463,1.02502142466983,-2.77231488698841,-3.68809106641892,-1.73660620420079,-2.47379912149138,0.346457694991432
2017-05-08,1.2510662496,0.968702183529409,-2.61353994076038,-3.479301276192,-1.63489029924761,-2.33163263648488,1.00773693500896
2017-05-09,-0.11934849753,0.94853115324015,-2.5563434701777,-3.40397430401025,-1.59813527051742,-2.28030273360459,0.78253380878273
2017-05-10,0.96295775638,1.04316489187101,-2.8231909690269,-3.75521307436116,-1.76923974459601,-2.51945453536434,0.457937451793779
2017-05-11,0.61960456696,1.03825928756776,-2.80939734365938,-3.73739625114594,-1.76051885105848,-2.50729698185364,0.634764451733804
2017-05-12,-0.58811319459,0.958726557101103,-2.58567612687688,-3.44241692966397,-1.61707092584449,-2.30660611060035,0.803356213368277
2017-05-15,0.076559020272,0.979672562629038,-2.64524313605112,-3.52090188974329,-1.65536854804601,-2.36009587775239,0.519489552411512
2017-05-16,-0.097364211979,1.01716610476133,-2.75046968301663,-3.65955164354194,-1.72281257785991,-2.45443206731669,0.346929261827371
2017-05-17,2.0396797774,0.964578621295486,-2.6020831978227,-3.46447032330702,-1.62774138122181,-2.32157623618131,1.96958855298056
2017-05-18,0.63446582062,0.923410559094349,-2.48624133332692,-3.3114404561734,-1.55334093259917,-2.21747525541631,1.41689942351072
2017-05-19,-0.30506406338,1.14615315911973,-3.11304978388763,-4.13695047419234,-1.9550949602824,-2.77929918232643,0.690928536425066
2017-05-22,-0.36039711686,1.14465607576802,-3.10941363101559,-4.13128469014386,-1.95263871585436,-2.77561930400719,0.45134496900107
2017-05-23,1.658363475,1.08337858503713,-2.93734059263429,-3.9041793603927,-1.84235624581468,-2.62119600083425,0.517385654821791
2017-05-24,2.7188506983,1.06052813108412,-2.87233711480201,-3.81938981874962,-1.80083604262734,-2.56332387014352,0.374392832958409
2017-05-25,0.64048101431,1.07531368589703,-2.91383597560087,-3.87418002407736,-1.82750282982983,-2.60060555173667,0.41542485406157
2017-05-26,-0.47405675696,0.97787225140988,-2.6397615244795,-3.51319145881474,-1.6518845086735,-2.35496587265277,0.358590552099521
2017-05-30,0.86483653286,0.924356200240976,-2.4893334897957,-3.31475121769016,-1.55547761756587,-2.22000967965111,0.299852007124941
2017-05-31,1.396557324,0.898207070604644,-2.41575505098767,-3.21813487829038,-1.50839057439248,-2.15421870926782,0.446470119541084
2017-06-01,-0.25624599621,0.882919701089578,-2.37260482747544,-3.16163486511835,-1.48077600162786,-2.11569617526575,0.404615007573882
2017-06-02,-0.14771997439,0.892310011162113,-2.39888373337334,-3.1975140073153,-1.49779840325198,-2.13986096940666,0.409575433585279
2017-06-05,-3.3575609442,0.889305137309669,-2.391137934798,-3.18785190756157,-1.49305120680958,-2.13325128993934,0.58510290423253
2017-06-06,1.5241264558,0.886836633759156,-2.40327841062155,-3.2205083181751,-1.49384224407989,-2.14445038107023,0.664592395041429
2017-06-07,0.34089419169,0.914642824534459,-2.48228922611827,-3.32520822237253,-1.54431586435016,-2.21531861253391,0.607511150464934
2017-06-08,0.60760486085,0.94363970163146,-2.56516086489156,-3.43503634566126,-1.59736805910954,-2.28975158060274,0.506580873010098
2017-06-09,-0.12338463529,0.947698666697834,-2.5780238570535,-3.45217303140141,-1.60599231000229,-2.30155970338669,5.45174658226907
2017-06-12,-0.29908972683,0.941992345975689,-2.56205982731618,-3.43116997840271,-1.59676776392139,-2.28757162480016,6.5376216594584
2017-06-13,0.34563714617,1.52902760130789,-4.22487791110226,-5.63434679055056,-2.65706688068187,-3.77941525532997,1.01858104925556
2017-06-14,-0.1689738092,1.79427181663139,-4.97733107736953,-6.63093760168712,-3.13131297274073,-4.44697772772209,1.36992185028714
2017-06-15,0.039059957089,1.51582445359729,-4.18869987708904,-5.58650752110811,-2.6290898695764,-3.74084344346493,1.55228131976098
2017-06-16,-0.59217804383,1.56410537854749,-4.32583601029565,-5.76824702865665,-2.71641016091799,-3.86367795438327,0.808145718050499
2017-06-19,0.27494108399,1.61233825074866,-4.4630891975892,-5.95016044926632,-2.80384524891187,-3.9866235003313,0.567919736139503
2017-06-20,1.4819166992,1.40007346369492,-3.86272290064585,-5.1549708320657,-2.42110665457583,-3.44885373926623,0.81786541418472
2017-06-21,-0.97780636861,1.11782650073471,-3.06515106369842,-4.09835127231696,-1.90042729471873,-2.72651922811937,0.594702842899134
2017-06-22,0.33781589045,1.12608520456661,-3.08751369325523,-4.12824276452353,-1.91538560914198,-2.74664861384302,0.636074957034772
2017-06-23,0.59566202672,1.06932485158929,-2.9260453740895,-3.91422564693032,-1.81282376292267,-2.60230834430542,0.462888317673379
2017-06-26,-0.24457746031,1.02511559608184,-2.80112370179847,-3.74856151560099,-1.7342045441668,-2.49080079746867,1.26263306075203
2017-06-27,-3.8776695272,0.989342053364219,-2.70319221846205,-3.61910648845881,-1.67270220661444,-2.40370650671756,1.2720777474561
2017-06-28,-2.3895824943,1.09655616070687,-3.03106676954445,-4.05644233831168,-1.87492693574079,-2.69144488933807,1.26758030022275
2017-06-29,0.80456608448,1.12246155281395,-3.1041831080274,-4.15365059537566,-1.92421427780299,-2.76063240004651,2.21401172439559
2017-06-30,-0.97550992577,1.15727575537633,-3.20287745404233,-4.28477542897313,-1.98437272217456,-2.84644942952076,0.734400517398627
2017-07-03,-0.5993386606,1.30068024480138,-3.61160243584669,-4.82749684910516,-2.24333987189603,-3.21148870296119,0.699508789484478
2017-07-05,-1.3999584171,1.20972923844951,-3.35070907979856,-4.48171493983619,-2.07901432091725,-2.97905674188938,0.841588305060227
2017-07-06,2.8607577142,1.18230057613811,-3.27110296546445,-4.37694707445927,-2.0297371782986,-2.90883551645612,0.942693233567045
2017-07-07,-0.90884242181,1.17427121854541,-3.24671294755018,-4.34534993242427,-2.01496579468579,-2.88760206037792,0.587829533683361
2017-07-10,0.59306254734,1.16737006163808,-3.2280852072068,-4.32025069681786,-2.00286843137749,-2.87070295076199,0.556073414498934
2017-07-11,-0.1645300611,1.05920459897156,-2.9186589115505,-3.90979991945791,-1.80746734226903,-2.59470045333506,0.588555225235101
2017-07-12,0.44633660673,1.04670218414346,-2.88435453843228,-3.86367405374169,-1.78529574795163,-2.56365950479482,0.6747513641534
2017-07-13,-0.31446540888,1.04407464629451,-2.87618679362614,-3.85329624371445,-1.7807300664808,-2.55683808581693,0.688470612155951
2017-07-14,-1.4332738993,1.02769379495943,-2.82897646199122,-3.7908671844115,-1.7511548002524,-2.51490994131571,0.469104904346702
2017-07-17,1.4610728449,0.994550195084349,-2.73977468388805,-3.66996965801569,-1.69186314990161,-2.43299526153177,0.694205433563448
2017-07-18,-1.4743194131,0.966283107829369,-2.65928499196556,-3.56305833914554,-1.64095018218235,-2.36110773648981,0.496108254066235
2017-07-19,0.2366369712,0.992189143944477,-2.73335226921682,-3.66157754359486,-1.68860100996685,-2.42776773647976,0.471373248599406
2017-07-20,-0.36106096377,0.965879942277024,-2.65749218857581,-3.56109152041238,-1.64076494540608,-2.36016343818448,0.530644288865505
2017-07-21,0.41114982596,0.951050024937487,-2.61436289982283,-3.50405919925621,-1.61364360882199,-2.32178935564366,0.623527537904731
2017-07-24,-0.94385453558,0.947604593247448,-2.60307062345505,-3.48931684915259,-1.60614439967065,-2.31153464192123,0.447613849806745
2017-07-25,1.0159041547,0.964498978388473,-2.65112040503073,-3.55329804253454,-1.63703153310877,-2.3547688620813,0.613399353471839
2017-07-26,0.61034817609,0.933710694088022,-2.56243248615626,-3.43588239780013,-1.58129729370869,-2.27587652793145,0.442898632657326
2017-07-27,0.32400386044,0.95586561063167,-2.60535601310586,-3.51183417793684,-1.60597427854966,-2.32227070759995,3.21421937358003
2017-07-28,0.14430014435,0.938694318397403,-2.55666511217273,-3.44662571622128,-1.57537407463314,-2.278642167441,0.638507406432996
2017-07-31,1.3928914506,1.29402227543399,-3.56447415192912,-4.79139853190359,-2.21172700688097,-3.18123115500387,0.873012520058591
2017-08-01,0.85944373004,1.10458431759355,-3.02681273758849,-4.07406830396441,-1.87215178616111,-2.69969482353733,0.626119478435683
2017-08-02,0.34889962426,1.14257912627594,-3.13395550398008,-4.21724955492735,-1.93946170457058,-2.79557406766146,2.45363547136118
2017-08-03,0.34768654732,1.11974322090963,-3.06864028908711,-4.13007046982901,-1.89815020277474,-2.73701839413132,1.14712813520785
2017-08-04,0.6263326226,1.34388496876337,-3.7050945885933,-4.97909363612319,-2.30030780086052,-3.30710678261308,0.991598086505628
2017-08-07,-0.45027148708,1.16291789268695,-3.19173520893299,-4.29444504428902,-1.97572079278757,-2.84725966103628,0.400280305666272
2017-08-08,-0.046561128238,1.16821615209962,-3.20653427402166,-4.31431770857171,-1.98492447823018,-2.86050857621664,0.994380060566748
2017-08-09,1.2111532575,1.09812634908533,-3.00694110517523,-4.04813812739972,-1.85873969982664,-2.68170112626075,1.25476777846306
2017-08-10,0.42737852582,1.16333434821603,-3.19218474687369,-4.2950863132957,-1.97603890170733,-2.84768087189257,2.12131923016794
2017-08-11,0.47138928876,1.128148582011,-3.09170067357294,-4.16096430176137,-1.91261484939864,-2.75765855427896,1.67492943718449
2017-08-14,-1.8897432554,1.24175070966701,-3.41404042113072,-4.59075363677389,-2.11659146506958,-3.04643632701951,0.616050672758856
2017-08-15,-0.7040382573,1.24273527795306,-3.41765246958979,-4.59553161680815,-2.11911886105044,-3.04976486735811,0.641128032131702
2017-08-16,-0.51505016718,1.17542064727935,-3.22672559051552,-4.34086006317079,-1.99850583576567,-2.87878314487168,0.949449565932514
2017-08-17,0.88751428757,1.16119766495478,-3.18657626981214,-4.28717639444044,-1.97339743041442,-2.84288938257542,1.62775977871374
2017-08-18,4.7250916359,1.17049054988689,-3.21332019061993,-4.32305923652438,-1.98998648391656,-2.86680146809333,1.55123670743179
2017-08-21,-0.99910907447,1.20111154894275,-3.29946969424047,-4.43821690394959,-2.04388794895505,-2.94382842235825,1.48984216080231
2017-08-22,0.52709391257,1.18364070740078,-3.26926319606874,-4.40161160816359,-2.02430749222685,-2.91770595523203,0.602454502873077
2017-08-23,1.5474135176,1.2240030635612,-3.38044400804956,-4.5534875378649,-2.09922595872794,-3.01889589197335,0.597178264525629
2017-08-24,0.79969775197,1.15291825137488,-3.17800163897622,-4.28254700498287,-1.97135923663481,-2.83701952594468,1.00954107464572
2017-08-25,0.61219390318,1.13742545558875,-3.1339975177501,-4.22270516368442,-1.94385260188025,-2.7967363809748,0.558025633753313
2017-08-28,-3.1851898025,1.143215070447,-3.15028078647197,-4.24359677782223,-1.95450661894732,-2.81023073045018,0.593082414134949
2017-08-29,1.3906773112,1.05721092824608,-2.9418267575145,-3.92555744671,-1.80059976259,-2.60101430851299,0.83286296264797
2017-08-30,1.50495301,1.00426502763462,-2.78914905718469,-3.72355496481489,-1.70502977193213,-2.46512552952683,0.697572094359194
2017-08-31,1.0947763529,1.03879988285696,-2.88852082891894,-3.85513948261086,-1.76724737497805,-2.55364858581404,0.42872968337121
2017-09-01,-0.40222772286,1.03139421765232,-2.86798579415972,-3.82771112317751,-1.75441337478372,-2.53505244390237,0.297392739201069
2017-09-05,-1.9198508853,0.97346981021369,-2.70313497034993,-3.60898611884935,-1.65126685887303,-2.38804433895601,1.22371319381183
2017-09-06,-0.22805017115,0.939279336068428,-2.60400648599034,-3.47804910976149,-1.59317895811169,-2.30292403712036,0.610112689736404
2017-09-07,-0.1841269841,1.05898436478562,-2.94889237861729,-3.93437884604418,-1.80994364259217,-2.60983067863122,0.91393717724871
2017-09-08,1.6347560588,0.991862256147914,-2.75396937202734,-3.67698423562801,-1.68807560637471,-2.43686365136378,0.591100390091953
2017-09-11,0.12517211162,1.03261872820957,-2.87112850148585,-3.83212667280452,-1.7617935026,-2.54120287841506,0.608114350010174
2017-09-12,-0.44380547579,1.01115802576448,-2.81016931153374,-3.75120713564254,-1.7231739601292,-2.48671862542236,3.47326185028234
2017-09-13,0.37044013334,1.02831033895868,-2.85813256860956,-3.81491033392357,-1.75371887892292,-2.52967389230439,1.23039829827674
2017-09-14,1.0071312396,1.354279940519,-3.8004747167128,-5.06053937848528,-2.34438738212907,-3.36702568035411,0.491635696198208
2017-09-15,0.89180652758,1.2216429577382,-3.41779333402182,-4.55467190809388,-2.10459856974227,-3.02701432000398,0.662397682845348
2017-09-18,0.2700877787,1.14483383103465,-3.19602551462102,-4.26159132736008,-1.96586374972994,-2.83011260155928,0.693513462111878
2017-09-19,0.39791857962,1.16168605813565,-3.24465523886936,-4.32599127808275,-1.99635731157291,-2.87337133033332,0.723276250154247
2017-09-20,0.030487804906,1.16300548656963,-3.27010503230375,-4.35156249264738,-2.00899487920893,-2.88909849523718,1.67918577199506
2017-09-21,-1.2008533984,1.02304876573879,-2.86390794557616,-3.81547410263253,-1.75430571405277,-2.52894956798268,1.38697756148919
2017-09-22,-0.10488647594,1.12421356332721,-3.15895375069933,-4.20907628580587,-1.93881811074858,-2.79377923425873,1.40644417965389
2017-09-25,-0.40145759976,1.14621054470358,-3.22715211057451,-4.29334343627096,-1.98218160207834,-2.8499091563031,1.65381211043614
2017-09-26,-1.6309066104,1.18549745773517,-3.34200909450139,-4.44386325258681,-2.05399549099543,-2.95092641781958,1.01763618860609
2017-09-27,1.8092416314,1.25029550292926,-3.53076475223487,-4.69277800862762,-2.17216799819722,-3.11808755513327,0.640004889679688
2017-09-28,-0.39628482964,1.21683299253417,-3.4340203484182,-4.56495886176014,-2.1115942952973,-3.0322385054034,0.468519972879294
2017-09-29,-0.75220688805,1.13909270604288,-3.2091927985311,-4.26709244900694,-1.97080726058552,-2.83221786476156,0.737549403506378
2017-10-02,-0.85812715306,1.07812727576494,-3.0327291789234,-4.0343580275802,-1.85145611380331,-2.67575071530876,0.667686274295532
2017-10-03,1.0108668181,1.06573471941823,-2.99673674194176,-3.98673356803807,-1.82893366823205,-2.64375796003309,0.487256648742167
2017-10-04,-0.75681761309,1.00686303362119,-2.82398695465855,-3.75863741079412,-1.71825892882793,-2.48718574350488,0.611091184297734
2017-10-05,0.037814331699,0.960436852552356,-2.68872888070644,-3.58044011307726,-1.63505119896281,-2.36789740744162,0.435461619081112
2017-10-06,-1.6758016757,0.971130799507386,-2.71993481272025,-3.62162500375609,-1.65444103613379,-2.39549013911065,0.333046941057322
2017-10-09,-1.7171781894,0.950671635255362,-2.65899113305584,-3.54220704896213,-1.61965384558177,-2.34294421702606,0.442624887219295
2017-10-10,-0.97789947195,0.91580991205442,-2.557186125639,-3.40842988561458,-1.56280020381635,-2.25472925298766,0.459637233669664
2017-10-11,-0.88221739406,0.910911482018891,-2.54448520803748,-3.39087491586395,-1.55492221658899,-2.24294626519979,0.38162992216178
2017-10-12,1.7203586847,0.91041059449526,-2.5428622994745,-3.38888425824988,-1.55388143573422,-2.24156615638038,0.487760464082465
2017-10-13,0.71176701058,0.887591914374068,-2.47639523571166,-3.30138603731998,-1.51233450424465,-2.1829156420004,0.315218324236902
2017-10-16,-0.61596317182,0.891950643512237,-2.48821184289891,-3.31790621246763,-1.51993946736848,-2.19441133286861,0.437219954959389
2017-10-17,0.54801670158,0.870285259293982,-2.42438216291816,-3.23433705213309,-1.48003833390491,-2.13844830782275,0.450173712050252
2017-10-18,-0.20114196732,0.882433057897648,-2.45819715124193,-3.27981058121532,-1.50107293644414,-2.16888891328392,0.321879139859633
2017-10-19,0.43560236645,0.882551145493076,-2.45757180859348,-3.27975536109983,-1.50071831940689,-2.16898512154722,1.05617554264669
2017-10-20,-0.64733298814,0.863862875945553,-2.40576601844176,-3.20975184019128,-1.46834630281195,-2.12187629483677,0.505793743508093
2017-10-23,1.2444618191,0.971238588267043,-2.71792569700481,-3.62167256758278,-1.66352043822109,-2.3982039754401,0.801733943741199
2017-10-24,-0.057918784842,0.926699540924118,-2.58887059120647,-3.45121567484314,-1.5828658966537,-2.28389463612596,0.435764657524843
2017-10-25,0.34771410174,0.974481316073394,-2.72629279725842,-3.63322313350837,-1.66871910925242,-2.40595742948074,0.892133803485001
2017-10-26,0.038501026756,0.935890924508517,-2.61548768673267,-3.48643719892927,-1.59947926579787,-2.30743928784628,0.605778647928398
2017-10-27,0.41693393214,1.00809440017764,-2.82604032201867,-3.76423516760615,-1.73109158279552,-2.49365468535184,1.0213557563187
2017-10-30,-0.35132545518,0.955239886321384,-2.67232767601071,-3.56131396509732,-1.63507849818198,-2.35770822558883,1.27220934750887
2017-10-31,0.63461538466,1.02382118678662,-2.86950025069084,-3.82212007360979,-1.75823132003955,-2.53259611360442,0.759165750440065
2017-11-01,1.8408815846,1.0730077596135,-3.01067158467581,-4.00885952108453,-1.8463477396695,-2.65765874058239,1.37820473466881
2017-11-02,0.36902677002,1.04716778394825,-2.9341985320649,-3.9079958875692,-1.79833550775362,-2.58973778463515,1.5060772736888
2017-11-03,-0.44245030213,1.12547888347073,-3.16056376256852,-4.20694758366187,-1.93991217925653,-2.7901440412379,2.09106663000869
2017-11-06,-2.3660490736,1.181828918983,-3.32407659573701,-4.42302521178202,-2.04227268672304,-2.93552835854039,0.740466908465352
2017-11-07,0.17309911509,1.27671649679407,-3.59918539193227,-4.78651918677267,-2.21437483542985,-3.17788855465939,0.752297473274067
2017-11-08,-0.051200000053,1.15312261235947,-3.24102732581222,-4.31346415665123,-1.99032524248225,-2.86055733291948,0.527318062088142
2017-11-09,0.59550489877,1.15427935988304,-3.24604213878797,-4.31974427370804,-1.99350282940894,-2.8647120780554,1.1641710329116
2017-11-10,-0.439210694,1.09419328022534,-3.0716525939198,-4.0894029406552,-1.88438855107905,-2.71015179792572,0.490386935561796
2017-11-13,0.63934531045,1.12930146567643,-3.17631628024994,-4.22716122868126,-1.94994836106541,-2.80250712424313,0.361915200209806
2017-11-14,3.5829998094,0.98354751691522,-2.76240762656379,-3.6796602088379,-1.69102864517556,-2.43479184885065,0.686695047090735
2017-11-15,2.2508432996,0.949159153415868,-2.66234008296346,-3.54791528544632,-1.62835607554507,-2.34636606057907,1.04213164745898
2017-11-16,1.3915547024,0.975193721610736,-2.73737975295996,-3.65001071084127,-1.67574794480286,-2.41485164774819,0.43361300938481
2017-11-17,-1.2718883106,1.03692471967501,-2.91746280511095,-3.88756171785449,-1.78844953843098,-2.5741170522374,0.657684521586995
2017-11-20,0.73102043261,0.94128689933614,-2.64067934342224,-3.51983247553516,-1.61497582427074,-2.32761390160978,0.286091400603451
2017-11-21,2.6113854025,0.973429403248297,-2.73662937892456,-3.64268712135166,-1.67433250952847,-2.40981473712793,0.486912912556183
2017-11-22,1.0144927535,0.930404222853917,-2.61194276141812,-3.4804166417001,-1.59710547021423,-2.30085838893824,0.561397224499742
2017-11-24,0.3213773316,0.935881106286678,-2.62776967592071,-3.50491474003923,-1.60446068061054,-2.31369359814157,0.213785088413729
2017-11-27,0.81803100493,0.912320901827177,-2.55908378841902,-3.41552555344646,-1.56337690560264,-2.25391147043084,0.636612737109918
2017-11-28,-0.2042669088,0.863839254120796,-2.41852409117481,-3.22841600006977,-1.47481444642093,-2.1286659815599,0.651944114680226
2017-11-29,-0.33095577755,0.902822050791886,-2.53140313862946,-3.38058017014203,-1.54619736421255,-2.23086918596224,2.38195888408264
2017-11-30,-0.40075571069,0.92697380469437,-2.59631778017928,-3.47384021133524,-1.59070326832756,-2.29408208228977,1.8415045159517
2017-12-01,-1.5117549002,1.17508249546873,-3.31913827865056,-4.42956473534684,-2.04135121694228,-2.93387931768059,2.47755920448723
2017-12-04,-1.3190148244,1.19699363463685,-3.38360608374391,-4.51296521591207,-2.08008054046383,-2.98954024901082,1.87029966160337
2017-12-05,1.1947007333,1.34445229498834,-3.81316027103631,-5.07972800779577,-2.34835865196979,-3.36885673557177,1.52794514801036
2017-12-06,-0.55523085921,1.35803818139916,-3.85290337159599,-5.13156650528083,-2.37318609980232,-3.4034548989776,1.61271255969004
2017-12-07,-0.099911842517,1.37295435711535,-3.89496801813313,-5.18766375780382,-2.39966851967726,-3.44097737205698,1.32702822981249
2017-12-08,1.8590422402,1.34536945010029,-3.81207965708373,-5.08006392004161,-2.34842373077231,-3.36900703256062,0.659024154729201
2017-12-11,1.0511724617,1.30616165549849,-3.69514833230886,-4.92794756171561,-2.27656692370555,-3.26724212026884,0.73346789025691
2017-12-12,0.005715592124,1.17724736668176,-3.28164773920291,-4.3683942506476,-2.04034814848427,-2.91209017745186,0.417953994693747
2017-12-13,-0.5029433617,1.12765889076598,-3.14125367251864,-4.1825599811,-1.95143242713546,-2.78669101175765,0.64584503903748
2017-12-14,-0.58590384297,1.04280097283299,-2.90234728491749,-3.86553223099553,-1.79835773310633,-2.57271636879955,0.619370456118448
2017-12-15,-2.0743051945,1.00881175924948,-2.80461391852988,-3.73643800356235,-1.73692577361752,-2.48589642442527,0.532016576331249
2017-12-18,1.398395091,0.966978280083397,-2.68314674986146,-3.57618209555676,-1.66405422559908,-2.38146601220694,0.471311302535316
2017-12-19,-0.46552225767,0.951323725807015,-2.63728963155795,-3.51579835705438,-1.63468874347627,-2.34071839533471,0.612725914202741
2017-12-20,-0.73078047362,0.928402705056685,-2.57072453470352,-3.4278766459257,-1.5920898645047,-2.28153492036538,0.647637151961566
2017-12-21,-0.094228504167,0.953619995035772,-2.64255740936981,-3.52290101830319,-1.63723878344213,-2.34569168916744,0.518280257793272
2017-12-26,-0.37137467571,0.95710790690727,-2.65109840231157,-3.53453617398806,-1.64295886669441,-2.35361570469102,0.715605787896814
2017-12-27,0.18342109943,0.940318042812685,-2.60256133654416,-3.47044349377136,-1.61249629426688,-2.31044127804045,0.360243117442983
2017-12-28,0.029529884159,0.969291767410357,-2.68533968689806,-3.58031226022824,-1.66280069409099,-2.37787608938549,0.26675995955081
2017-12-29,1.9483970005,0.930064641595034,-2.57242112263037,-3.43127260717221,-1.59131708500567,-2.27748754440457,0.323898020459641
2018-01-02,-0.56176521684,0.89963746548429,-2.48545341081444,-3.31666857802542,-1.53606537379185,-2.19990672033326,0.460431593355118
2018-01-03,0.33197437388,0.88305862680051,-2.43947665536566,-3.25551672004184,-1.50697375030691,-2.15891675913129,0.591418205637877
2018-01-04,-0.029024206196,0.891545586851346,-2.46426804138543,-3.28833634616176,-1.52246464437308,-2.18090227895021,0.68077134511518
2018-01-05,1.0161421438,0.889915998564948,-2.45939294549795,-3.282099528946,-1.51917496825484,-2.17652977748446,0.393743619991726
2018-01-08,1.4082887854,0.914641887615481,-2.53051414889326,-3.37591271448545,-1.56437551841057,-2.23983683681969,0.496635073025991
2018-01-09,-1.0656388165,0.888387712253906,-2.45409293294515,-3.27538433421478,-1.51561675381006,-2.17179280439281,0.421751873058511
2018-01-10,-0.10885756837,0.903825035365586,-2.49886084449316,-3.33496184957531,-1.54361924589082,-2.21160994904642,0.4669201625001
2018-01-11,0.37854889579,0.889545268384316,-2.45964695516271,-3.28324713516237,-1.51865198491889,-2.17671566502241,0.383144437631055
2018-01-12,0,0.882107284113847,-2.43784607517521,-3.25449006451,-1.50489210540942,-2.15735803575987,0.318119010414125
2018-01-16,-2.5369978858,0.850775393312667,-2.34753634040536,-3.13551629605778,-1.44737736704705,-2.07701074427665,1.0791603713739
2018-01-17,0.01758808703,0.837949791450979,-2.33936741960296,-3.09397989918181,-1.42507750157203,-2.05190800908126,1.24964160413841
2018-01-18,0.28135990633,0.948881956290198,-2.66260287496641,-3.51680864597404,-1.62739263743,-2.33709617716954,1.0089673694619
2018-01-19,-1.0813654432,1.01403255501058,-2.85239962017782,-3.76524641824732,-1.74577549957365,-2.50454446631088,0.828794791026742
2018-01-22,1.790462684,1.02515597292556,-2.88477279253627,-3.8076103721114,-1.76624938495269,-2.53318909669004,0.550016605655282
2018-01-23,-0.017415534694,1.03503414141813,-2.9143207090701,-3.84633382379883,-1.78450052259096,-2.55923921478189,0.937988080450323
2018-01-24,0.46449515175,1.02378666146725,-2.88457268968358,-3.8069523195199,-1.76517435074819,-2.53250255926686,1.66104636953947
2018-01-25,1.1385308906,1.04924067806478,-2.95949660473988,-3.90473286974947,-1.8123229346752,-2.59856128963006,1.2613715271065
2018-01-26,-0.37142857136,1.13007799004627,-3.19541739568772,-4.21333070451505,-1.95987536000709,-2.8067243295604,0.768802538778954
2018-01-29,-0.01147117864,1.11420062168363,-3.1488118236542,-4.15249559947798,-1.93050150571007,-2.76562268469842,1.57900403573606
2018-01-30,-0.02294498936,1.07410610055932,-3.03012088921145,-3.99721372949655,-1.85613617827807,-2.66084135828485,1.62590798258584
2018-01-31,0.5680188191,1.18891533688377,-3.36509881692268,-4.43545119569595,-2.06541266170663,-2.95647125532582,1.45106434252472
2018-02-01,1.0326335007,1.22774016356002,-3.47809412048006,-4.58347115555328,-2.13621492724719,-3.05638552450322,1.45555797730878
2018-02-02,-0.50821616132,1.20878810115261,-3.42252525044079,-4.51081536444525,-2.10175836795683,-3.00741728139675,2.95506849873057
2018-02-05,1.6516260855,1.22124604869431,-3.45870940052912,-4.55765176342534,-2.12504436624063,-3.03918622643548,10.1788616686122
2018-02-06,0.089335566736,1.41875749443631,-4.0323917446902,-5.30614824997039,-2.48527336492622,-3.54477111619911,13.5544343198797
2018-02-07,-0.44627914767,2.07005679574213,-5.93127692217683,-7.78377740015947,-3.67770775630338,-5.21785254703011,3.28751810685699
2018-02-08,-0.81811050095,2.50669453978943,-7.20543633607062,-9.45172295869287,-4.47720151584959,-6.34394717276155,5.21550419760652
2018-02-09,0.022598870055,2.18153393498114,-6.25691055954201,-8.21139879227243,-3.88185903137596,-5.50663235439641,9.96007363078749
2018-02-12,-1.5928603706,2.35541846607518,-6.76624077185237,-8.87222698319198,-4.200569251862,-5.95302994780052,3.04393404563465
2018-02-13,-1.7850992996,2.68338538129694,-7.72223401586938,-10.1262452322445,-4.80115988603536,-6.79939424090163,1.74628242727589
2018-02-14,0.23376775171,2.28611667575548,-6.56214689217045,-8.61318705923464,-4.07370888799034,-5.77777310716418,1.39403195499962
2018-02-15,-2.0698501546,1.91750135575881,-5.48663589923876,-7.20811269487946,-3.39867626584079,-4.82914328550385,1.80066107345899
2018-02-16,-0.58942605374,1.84620809247355,-5.27817796178606,-6.93623583624292,-3.26814991781467,-4.64547826495996,1.86450488298655
2018-02-20,0.27549859242,1.75963548907099,-5.02528065741513,-6.6059551914894,-3.10953534517182,-4.42248532840535,1.52545762213124
2018-02-21,0.20904258508,1.4820105253076,-4.21473257704568,-5.54606612170121,-2.60131396020893,-3.70693265670794,1.66857118009403
2018-02-22,-4.3390153774,1.40340309950861,-3.98576737774898,-5.2464446469929,-2.45816007889094,-3.5046870951846,1.67388618155785
2018-02-23,-2.4984423677,1.41091987942684,-4.07774006064136,-5.28523611325222,-2.47280809151043,-3.53876959218432,0.632086722134142
2018-02-26,4.1791807784,1.42477155395919,-4.11902860136809,-5.33843769036526,-2.49924435416197,-3.57473022796444,0.96825056657786
2018-02-27,-2.1407102986,1.31069200215391,-3.78079991079865,-4.90260672234742,-2.29036833077884,-3.279894772925,1.28926356688847
2018-02-28,-2.7516610256,1.29229073412719,-3.72589865616792,-4.83192204027916,-2.25662972824206,-3.2321417820024,1.22638268283661
2018-03-01,1.2231426352,1.30319004474842,-3.7582747886216,-4.8736124240547,-2.28491815440977,-3.26413172147327,4.79558189599064
2018-03-02,4.0278754555,1.28077680538715,-3.69181147570865,-4.78807706942359,-2.24380118794292,-3.20621254551193,3.30931215039381
2018-03-05,1.0017823122,1.61957376339606,-4.69753392754275,-6.08356676378652,-2.86648823514734,-4.08350138151643,1.7613845408116
2018-03-06,1.8437385907,1.63665350334652,-4.75243436943471,-6.15416131097639,-2.88937579345668,-4.11975441656393,1.29637363408212
2018-03-07,3.3578299575,1.58280749699479,-4.59326886105512,-5.94885966286826,-2.79145532761899,-3.98109366513516,1.16567562148892
2018-03-08,-0.32371813395,1.55747256534524,-4.51813001686106,-5.85180935294004,-2.74523954274059,-3.91555589460119,0.894747528191718
2018-03-09,-0.33636838125,1.54457208431061,-4.47998908105404,-5.80244724443617,-2.72177610511933,-3.8822058611057,0.531833522929626
2018-03-12,-0.4538842014,1.35697818886113,-3.92319508677003,-5.08524799460493,-2.37817462853658,-3.39773307900337,0.777184318650266
2018-03-13,0.83591512248,1.17760428465386,-3.3892590075381,-4.39753586362747,-2.04848161528983,-2.93345527668805,1.69564998685227
2018-03-14,1.7391304347,1.1409913928443,-3.28078124997411,-4.25777022862177,-1.98163633099071,-2.83894332201331,1.50762970731667
2018-03-15,1.9772079771,1.217705243575,-3.50867842178332,-4.55131488141663,-2.12113604209143,-3.02960600642105,0.894281456692663
2018-03-16,-0.32407666095,1.19915683076156,-3.45348456733814,-4.48026294437743,-2.08721979017573,-2.98181182373389,0.572913879663627
2018-03-19,-0.15135377525,1.14866806613025,-3.30413344959243,-4.28785788288206,-1.99509403791272,-2.85219573925235,1.53714587758918
2018-03-20,-1.751628116,1.12359552034491,-3.22912680079463,-4.19126668716182,-1.94907534874267,-2.78727525152085,1.01121516403857
2018-03-21,0.69142857137,1.23052396019391,-3.54663352097984,-4.6003146443476,-2.14477964729925,-3.06274533635082,1.02966095961676
2018-03-22,0.34617785604,1.15851527870089,-3.33263983820762,-4.32467548712451,-2.01289956159326,-2.8771288212718,2.72188090816827
2018-03-23,-0.084832032644,1.13456985894872,-3.26026103263087,-4.23149462620639,-1.96819744136663,-2.81446613352375,3.19943010592788
2018-03-26,-0.928284372,1.33829173539695,-3.86421770856906,-5.00960122313817,-2.34073579366919,-3.33869147056472,2.17551225233865
2018-03-27,1.0912415015,1.4758623026092,-4.27355955666801,-5.53685170878506,-2.59270033218736,-3.69369791306612,4.22818097975557
2018-03-28,1.71809653,1.44206427059618,-4.1712752861658,-5.405076941313,-2.53058662831937,-3.60511077113086,6.11731253852589
2018-03-29,0.96677408601,1.67838619272005,-4.87174750397273,-6.30706990171603,-2.96270200518369,-4.2126453526567,2.8758297511824
2018-04-02,-0.96302003094,1.9352506115457,-5.63538386682901,-7.29095973375495,-3.4329745137549,-4.87509807313407,3.89308802362885
2018-04-03,-0.85014169026,1.79353528235324,-5.21745377091693,-6.75227863925096,-3.17449903661577,-4.51219117833844,3.45188887038425
2018-04-04,0.11768661734,1.86641915154576,-5.43646802154934,-7.03456196195826,-3.30959466180155,-4.70210691757232,3.35149358708816
2018-04-05,-0.35264483622,1.88275638142374,-5.48405947513214,-7.09594255568834,-3.338678930471,-4.74341371346651,1.76911614684315
2018-04-06,-1.5279182115,1.85189718349351,-5.39264783831978,-6.97780740654774,-3.28283787336472,-4.66402861199347,3.40940593963038
2018-04-09,-0.034227039305,1.63371182750492,-4.74289714114946,-6.1407248705246,-2.88201470523385,-4.10035602952023,1.64437709585384
2018-04-10,-2.2654645059,1.73839478824593,-5.05351358164091,-6.54088382719062,-3.07339372603602,-4.36983286212478,1.77536223627476
2018-04-11,-1.4129736674,1.57172399006074,-4.5569419979421,-5.90147071972654,-2.76860223369386,-3.93927220158155,1.22441938514234
2018-04-12,-2.3156647913,1.51909860656895,-4.40136004968196,-5.70109541299995,-2.67267429778909,-3.80430005951302,0.945606372552437
2018-04-13,4.7471807931,1.40577534778716,-4.06630081595944,-5.26941115171211,-2.46628694875852,-3.51361818545236,1.1521352244805
2018-04-16,-2.564102564,1.35496471087126,-3.91646988566841,-5.0762594949581,-2.37211402926606,-3.37523090658936,0.596479763370106
2018-04-17,-1.1049067364,1.26972661171225,-3.66372567516418,-4.7505500003236,-2.21790503365341,-3.15926344484044,0.538974557688292
2018-04-18,0.7808745795,1.18003943052066,-3.39877208267776,-4.4090414046917,-2.0546591664337,-2.92973476939657,0.724619129038556
2018-04-19,-0.65562045538,1.11046760674838,-3.20107860089837,-4.15372749717288,-1.93177063064388,-2.75765590250324,0.930489844848197
2018-04-20,1.0259179266,1.09977051482279,-3.16882903039229,-4.11181053004001,-1.9119921069196,-2.72957462126505,1.87335901384622
2018-04-23,1.9122275669,1.11351820694271,-3.20897641409674,-4.16345862231265,-1.93682470774908,-2.76433601772153,1.0962961451219
2018-04-24,0.69343278374,1.2194986623761,-3.52509816265178,-4.57106678242876,-2.1312150225967,-3.03808816692074,2.34279773884032
2018-04-25,-2.5578703705,1.18677649592555,-3.43093230806674,-4.45245810821956,-2.0727765732184,-2.95819474715266,1.85190519412936
2018-04-26,0.99180425241,1.35096842477285,-3.91940429618261,-5.07969207888296,-2.37424482646067,-3.38110638055274,1.01104110458052
2018-04-27,1.8817994707,1.36380585856646,-3.95703354030765,-5.12758128936527,-2.39753113921633,-3.41328219677244,1.75640492285923
2018-04-30,-0.46753246761,1.31088421512917,-3.79872020578267,-4.92323652955522,-2.3004671865139,-3.27601373419553,2.27017078115952
2018-05-01,0.98585015094,1.34875944906121,-3.91035879109803,-5.06694162669975,-2.36947739742782,-3.37263852671155,1.61931001781881
2018-05-02,0.33880785577,1.42051279449241,-4.1228973409005,-5.34055826765187,-2.50047471167362,-3.55650044396161,1.97543172111492
2018-05-03,0.62381960743,1.3477697427047,-3.90723536121938,-5.06254991987941,-2.36756044767642,-3.36966353704634,1.7784850817003
2018-05-04,1.3764076895,1.37116069253355,-3.97668834080766,-5.15205061886198,-2.41031262781852,-3.42979665033405,1.21296918191264
2018-05-07,-0.22441651699,1.38679672072953,-4.02296783360557,-5.21183879196033,-2.43749107881385,-3.46685730584317,1.44400007335953
2018-05-08,-2.8340080971,1.32342184511931,-3.83523197768059,-4.96987859009298,-2.32191985578895,-3.30438450202773,1.23282603976797
2018-05-09,-4.0972222223,1.30161549010121,-3.7726511675964,-4.88884136096501,-2.28427538731459,-3.25430122797286,0.552094305178248
2018-05-10,-0.28964518469,1.26512242528742,-3.69866542003744,-4.76666171385743,-2.22268521924834,-3.17621349972126,0.6185174668696
2018-05-11,-1.3919147906,1.14670068685722,-3.34520388266628,-4.31335314041509,-2.00680177608913,-2.87110069927692,0.636731562210886
2018-05-14,0.43574321844,1.08965376661342,-3.17479437110452,-4.09480641380152,-1.90267010531293,-2.72398910231622,0.540487739146635
2018-05-15,0.34830430795,1.05880212205879,-3.08297192340299,-3.97701645356805,-1.84657352833546,-2.64472654051271,1.03466361129943
2018-05-16,-1.156984533,0.999971052083089,-2.90592496734595,-3.75006413331796,-1.73825216560867,-2.49185214779223,0.569177209243529
2018-05-17,1.8112370626,1.03014293442779,-2.9968430051923,-3.86646996397485,-1.7938101043305,-2.57019452027125,0.616361702909129
2018-05-18,2.3236112793,0.991684852347039,-2.8811121154507,-3.71822260965817,-1.72302750059644,-2.47046010062594,0.708281604485753
2018-05-21,4.4175044353,0.995280736977804,-2.89337776708861,-3.73374958911859,-1.72588913717,-2.47742251289834,0.561067915003466
2018-05-22,0.18123123955,1.00627782046865,-2.92846092185142,-3.77830112696402,-1.7467694288731,-2.5071243663956,0.436698675260924
2018-05-23,3.9233421903,0.993548513181716,-2.89068787133991,-3.72980290354724,-1.7236538158769,-2.47449480458267,0.729204418406326
2018-05-24,0.72349453294,0.942031192966956,-2.73824910217908,-3.53403806038949,-1.63000462079755,-2.34272483397018,0.824068785997343
2018-05-25,0.48066537056,0.976786476516092,-2.84197740355706,-3.66682241927469,-1.69287119681877,-2.43190782172956,0.550178907748848
2018-05-29,0.70411179804,0.992773931420079,-2.88874125787852,-3.72722696079691,-1.72182527079094,-2.47248017141308,0.989270941029657
2018-05-30,1.4304013663,0.955948554537381,-2.77669156059996,-3.58414752203885,-1.65394679250638,-2.37628249395227,0.448209513260885
2018-05-31,-0.38032856155,1.01832839358775,-2.96498548105224,-3.8251597762678,-1.76872173778094,-2.53831364735383,0.634974996476585
2018-06-01,-0.23331035591,0.967541542777573,-2.81477912829831,-3.63220599615593,-1.67640445047609,-2.4084558728913,0.398954352135778
2018-06-04,-0.90884932233,0.973235616128792,-2.83245578040668,-3.65469421381891,-1.68695270284968,-2.42346870865359,0.643074910150482
2018-06-05,0.93327612085,0.922679103662034,-2.68025078180189,-3.45988476431856,-1.59441912804894,-2.29264339032369,0.63666245172899
2018-06-06,-0.63237325958,0.946713445429996,-2.75167237686969,-3.55136231402458,-1.63786396054535,-2.35400337038165,0.489506473676948
2018-06-07,-0.36365581045,0.921141579922814,-2.67406146571866,-3.45197901719541,-1.59037615855586,-2.28703288437208,0.693417785167456
2018-06-08,0.70849659151,0.907720420620039,-2.63338497325232,-3.39993531174566,-1.56562454227782,-2.25203783627855,0.71387360124419
2018-06-11,-0.25049299156,0.927944529153784,-2.69424330834225,-3.47787885619087,-1.6029579716415,-2.30453929240979,0.379956096815473
2018-06-12,0.64116264184,0.947128910358984,-2.75253708790513,-3.5524792535539,-1.63868448302836,-2.3548052860501,0.344719702625873
2018-06-13,-0.11148863886,0.899433273091789,-2.60888061702898,-3.36843673953595,-1.55083502320442,-2.23097085377076,0.608997779579612
2018-06-14,0.22854105773,0.876430255739615,-2.53964446437843,-3.27980496227226,-1.50873069941547,-2.17144781865407,0.51093100978599
2018-06-15,-0.36058967025,0.909358335518524,-2.63820061633162,-3.4058964112134,-1.56862805355848,-2.25608238726753,0.685651368431692
2018-06-18,-0.21287919108,0.888364658948712,-2.57496432139161,-3.32491283163563,-1.52867311933108,-2.19886441203162,0.566732388233359
2018-06-19,-0.33599999988,0.901951037091481,-2.61617749359816,-3.37761781182935,-1.55376967187671,-2.23426355607476,1.0272205326164
2018-06-20,1.8033927328,0.902810158879074,-2.618157341772,-3.38029263507788,-1.54852737876493,-2.23237037014337,0.438828340456378
2018-06-21,0.83578637514,0.986566430427908,-2.87070748653138,-3.70324590222631,-1.70094804500926,-2.44860483559212,0.950911303314979
2018-06-22,0.77151644691,0.923023129075648,-2.67913821572519,-3.45809975863882,-1.58467102555857,-2.28421895522744,0.550655657084677
2018-06-25,0.34659355442,0.995597715245543,-2.89855725062181,-3.73870002982546,-1.71744152288422,-2.4722746867754,1.81137109499048
2018-06-26,-0.26806887299,0.953464038436559,-2.77054320799684,-3.57524310495633,-1.64046854840464,-2.36285982692472,1.09288912944483
2018-06-27,-0.90974878531,1.12791985106716,-3.29626960989929,-4.24797863142664,-1.95934572446312,-2.8138890709756,1.16222690115455
2018-06-28,-0.24517475213,1.07649627291267,-3.14102706877599,-4.0494325506663,-1.86534992682561,-2.68080398328171,1.23205350018899
2018-06-29,0.54907702761,1.12101716556131,-3.27499910469462,-4.2211027246361,-1.94705988592298,-2.79601423183793,2.8620603362201
2018-07-02,-0.82171832746,1.14142104888984,-3.33518292606327,-4.2986476216542,-1.98415055434462,-2.84809876440375,0.80062525251293
2018-07-03,0.052438384955,1.36285524233083,-4.00311983978476,-5.15330716433,-2.38927043579277,-3.42109400718257,0.817207423097817
2018-07-05,-1.0272536687,1.17991271219818,-3.45142934263389,-4.44719961271352,-2.0545749454047,-2.94767963325771,0.680338029584211
2018-07-06,-0.052954882449,1.16879666841969,-3.41807340263182,-4.40434542339963,-2.03417802021407,-2.91891900858246,0.492510559971691
2018-07-09,-1.6159796547,1.13488839700981,-3.31620262762291,-4.27385269742235,-1.97231799903451,-2.83143135307708,0.43052785563968
2018-07-10,0.43621088917,1.08210626291664,-3.15724617601148,-4.07026412618098,-1.87571237119581,-2.69490107623043,0.445004726367228
2018-07-11,-0.55764075069,0.940061098220326,-2.72927466470853,-3.52247974314968,-1.61605323645615,-2.32766299846271,0.792582154818307
2018-07-12,-0.29116790683,0.918795034193346,-2.66532642524053,-3.44059170775408,-1.57719319171665,-2.27275240509975,0.443909205037087
2018-07-13,-1.4871295694,0.948629869793012,-2.75656533053382,-3.55691518917517,-1.63174791771785,-2.35053595542071,0.384913848470319
2018-07-16,1.2405994401,0.901553771880777,-2.61608212136612,-3.3768725547593,-1.54635430982356,-2.22985615341505,0.434024530469322
2018-07-17,-0.14639700703,0.888680465391672,-2.57814046865096,-3.32796423687903,-1.5226068220036,-2.19684150155352,0.486570684092494
2018-07-18,0.72762814943,0.891994342173077,-2.59052468680948,-3.343280705357,-1.52988619956218,-2.20717290999747,0.585246991478133
2018-07-19,-0.21024258749,0.897210761314473,-2.61101000108196,-3.3680376292366,-1.54072363914959,-2.22340231283236,0.700743946552475
2018-07-20,1.1182540109,0.891728931958919,-2.59707378905014,-3.34975323045996,-1.53242990818371,-2.21121061930215,0.580863923157193
2018-07-23,-1.7416390639,0.918820442648984,-2.67925304618579,-3.45453368423738,-1.58155014523056,-2.28120200615079,0.467270777285753
2018-07-24,0.80469769473,0.918450603793098,-2.67855880515973,-3.45365829807563,-1.58749730531969,-2.28201130574965,0.599952122164032
2018-07-25,1.3861920173,0.910359714289512,-2.65359487908055,-3.42209208485601,-1.57272452937215,-2.26085770945628,0.434693498534097
2018-07-26,1.3885194447,0.927608248540651,-2.70783449709587,-3.49022921705078,-1.60441973755602,-2.30651727766023,0.872406130006876
2018-07-27,-0.12068422711,0.900317417067987,-2.63106157714476,-3.3896397602948,-1.55448255312849,-2.23900351861424,1.10408406276494
2018-07-30,-1.2976096665,0.944929393616257,-2.76875486418991,-3.5662557130867,-1.6377075523375,-2.35761996250979,0.760466891684309
2018-07-31,1.6766020864,0.991004158763322,-2.91185734032404,-3.74924686692664,-1.72340922246908,-2.4814196355899,1.00597113421733
2018-08-01,0.15704339639,0.97984952424043,-2.87836171047163,-3.70623604184277,-1.70185983995013,-2.4523645623332,2.46070813562844
2018-08-02,-0.21951601966,1.02194015800463,-3.00403288732868,-3.87089602017771,-1.78160660042045,-2.56218174095573,1.91785501553527
2018-08-03,0.2828557961,1.22285258790203,-3.61453897809358,-4.65278330507286,-2.15319290895164,-3.08674984075781,1.11025059970154
2018-08-06,-0.54844606957,1.24195604850828,-3.67186959515318,-4.72762849395743,-2.18942032929412,-3.13670279175554,0.621216078235722
2018-08-07,0.77731092442,1.19449072854371,-3.52623343871051,-4.54264939753601,-2.10234430899079,-3.01239714114802,0.50962184699238
2018-08-08,-0.22930998539,1.15575788694433,-3.41071889398725,-4.3947718497482,-2.03262354740412,-2.91320861812548,0.930673157366075
2018-08-09,0.088800668709,1.12495940291528,-3.32695580706006,-4.30434608675027,-1.99922954963129,-2.85205703597448,0.617215626712767
2018-08-10,0.7254318667,1.06860813048801,-3.16911850979603,-4.08617866981452,-1.8869444330165,-2.70512966475142,0.744324884262853
2018-08-13,0.9430051814,0.970182898665045,-2.86777102829258,-3.70034445134661,-1.70359224095568,-2.44642476870027,0.952795928839408
2018-08-14,-0.31310953709,0.959314307295713,-2.83410787519678,-3.65710597662246,-1.68266129049436,-2.41749171899572,0.658940784024503
2018-08-15,-1.6631481385,1.01005129969783,-2.95277637990919,-3.83235703159598,-1.76625056228922,-2.54048997413859,0.815854612156829
2018-08-16,-0.56026809098,0.996053832933148,-2.88758065051976,-3.76839977919651,-1.74387036911586,-2.49892808597878,0.523580193348525
2018-08-17,0.20009478194,1.00976797953985,-2.90132404946691,-3.80938050966657,-1.77862233708211,-2.52851817526072,0.810882412055708
2018-08-20,5.8910084608,0.999242371609315,-2.79878460981321,-3.73301380627538,-1.75605751307273,-2.4822620169076,0.896551296147993
2018-08-21,2.9230769231,1.02659616015455,-2.86471404831192,-3.83253180159173,-1.80880019877485,-2.54969824596884,0.732788677804665
2018-08-22,0.28930999579,1.0854579176109,-2.95300847863832,-3.96637690444881,-1.87037769995168,-2.63973270584026,0.880022171853074
2018-08-23,0.51925573334,1.04187489555405,-2.86726137350402,-3.83867805286275,-1.82829468473334,-2.5551600411814,0.546697842758898
2018-08-24,-0.93748505287,1.07570443010295,-2.94929440614522,-3.95155908554734,-1.87881555626478,-2.63299696961129,0.416969329583282
2018-08-27,0.067596929148,1.03188492313379,-2.82531720754019,-3.7870454239406,-1.79806247674249,-2.52182466963584,0.462294976878944
2018-08-28,0.78648974668,1.03740276489163,-2.81967514091171,-3.78701070102202,-1.79887437900547,-2.52415026666453,0.414766223250935
2018-08-29,-0.29786211862,1.03073820908551,-2.80394824564131,-3.76626357475152,-1.78898812279859,-2.51014230103514,0.423797158554073
2018-08-30,0.64568977978,1.01316099579817,-2.75891699811114,-3.70144023853831,-1.75721834301326,-2.46629123995679,1.72035956211084
2018-08-31,0.42131469327,1.00200184696632,-2.74263368598631,-3.66108812477551,-1.73657701705975,-2.43851152480084,1.30584422086173
2018-09-04,0.23361144231,1.18989873215466,-3.27069538262007,-4.36752890648045,-2.08356126993339,-2.91634608622009,1.23607212713049
2018-09-05,1.4649923896,1.14536742864208,-3.12808399369738,-4.19885197432295,-2.00562994917432,-2.80235138774186,1.79957456291291
2018-09-06,1.9969998126,1.14279518982329,-3.11935731774769,-4.1893255971765,-2.00502367953118,-2.79551906166003,2.59937169955887
2018-09-07,-0.9743542606,1.22144305833537,-3.34297661749145,-4.48450447637109,-2.14768229765684,-2.99519456165707,2.86647829995766
2018-09-10,-0.19493177388,1.33213847710373,-3.65681401927901,-4.90050920506077,-2.35082238040152,-3.27639469913211,2.34426488144049
2018-09-11,0.0046502977057,1.38544307641516,-3.80197879897839,-5.1017770794624,-2.45290961317483,-3.41277358859386,1.63857728356966
2018-09-12,0.20460358064,1.33614083435454,-3.6674544667226,-4.9162182089453,-2.3569942089761,-3.28734938046558,4.52152096915659
2018-09-13,0.31091930014,1.26113749896312,-3.45500874714369,-4.63134619397399,-2.2143969935933,-3.09446412824605,2.02283699100954
2018-09-14,0.82346410054,1.57692721818896,-4.3953746239279,-5.81770212893946,-2.79070443590381,-3.89681004917265,1.89433122234309
2018-09-17,0.80756171428,1.32128987911334,-3.65447783998657,-4.85482628668094,-2.31472851502833,-3.24416993822844,1.95864786015223
2018-09-18,1.4929449249,1.30404607171529,-3.59969767491121,-4.78908514329471,-2.2865863368911,-3.19870145208243,1.42351627371509
2018-09-19,0.91936496538,1.31674730654874,-3.63881995658467,-4.83681826879457,-2.30856714336883,-3.23089762480742,1.69668045395793
2018-09-20,1.155401502,1.26089860293746,-3.48525153428725,-4.62595421223574,-2.20682618247161,-3.08826930851564,1.30622401080076
2018-09-21,0.32069586614,1.29095519187358,-3.57639558867983,-4.73883885296193,-2.26161783142028,-3.1645424017799,1.03375309618743
2018-09-24,-0.65247854263,1.24830035523971,-3.45718489449368,-4.57777785952615,-2.18526838288598,-3.05556431393268,0.948141697540544
2018-09-25,-1.6617446115,1.21720842153777,-3.37099042369375,-4.46074099969041,-2.12921450810295,-2.97652166913346,1.02350220028736
2018-09-26,-0.80681308827,1.20731069550575,-3.31973097026434,-4.42575625066335,-2.10842463266814,-2.95330503352115,1.11153403687402
2018-09-27,-1.3420695888,1.21857973384232,-3.35661100495125,-4.46823105282659,-2.12815470853259,-2.98194918536563,0.894416634987503
2018-09-28,2.5282828747,1.23309001486482,-3.39589873306797,-4.52335574497101,-2.15606007882788,-3.01932151122587,0.689765878313643
2018-10-01,-1.2419030601,1.20980741510747,-3.32864016518466,-4.435885044768,-2.11139793950193,-2.95996786951376,0.59464186737508
2018-10-02,2.4155244944,1.18640838466543,-3.26225728800512,-4.34765638860625,-2.06820426902027,-2.90013549073118,0.919209077848093
2018-10-03,-1.1351088732,1.17777008457662,-3.23497559248615,-4.31713066903342,-2.04670804243303,-2.88083526128259,1.07217428734803
2018-10-04,-2.6626161544,1.21270406952613,-3.32840607350238,-4.44959916562043,-2.10974960507654,-2.97057443954796,2.09561396324835
2018-10-05,0.16522856622,1.23037066462668,-3.36484987790015,-4.51761449585786,-2.14713915522978,-3.02065568209062,2.2034738096136
2018-10-08,0.059567448625,1.35223701855599,-3.71191657871871,-4.97917408904208,-2.38184447120811,-3.33331293750002,2.98244182630827
2018-10-09,0.76017768006,1.36763512620958,-3.75511963021307,-5.03660637969275,-2.40877699726765,-3.37224475857041,2.50458306529815
2018-10-10,-1.0771258466,1.4507882864253,-3.99153957703042,-5.3490693871238,-2.55451558083999,-3.58310599156095,4.25179371889906
2018-10-11,1.4380226041,1.40395756875929,-3.85747075420065,-5.17075615574743,-2.46743027757695,-3.46219841610845,10.1792473056494
2018-10-12,0.63408668866,1.58723649143416,-4.37932015426486,-5.8622962467169,-2.80466101723566,-3.93049955843573,3.95862948045083
2018-10-15,-0.79661550926,2.09230809685153,-5.81980188455594,-7.77370961853931,-3.74751345544147,-5.22524095342949,2.56519768477271
2018-10-16,2.0551674077,1.61471403746259,-4.466115190133,-5.9742942417977,-2.85934350547757,-4.00303423046551,1.44933969165391
2018-10-17,0.35118915312,1.489196056282,-4.10933633108532,-5.50121492344174,-2.62762849582078,-3.68240698686948,2.08196144247694
2018-10-18,0.67334101186,1.3747282872399,-3.78315919390017,-5.06767368321896,-2.41555412742872,-3.38890377527359,2.79475943001276
2018-10-19,0.88884977558,1.43431655049109,-3.95294574316076,-5.29447345145189,-2.52531869040307,-3.5423132640064,2.41854760900432
2018-10-22,1.2168527564,1.49642862275782,-4.12992511458222,-5.52932367319182,-2.64022636381247,-3.70145318987493,2.22463328732258
2018-10-23,-1.7580902315,1.46057144709571,-4.02784068974898,-5.39468425594688,-2.57862162879366,-3.61003978782921,3.76718830593334
2018-10-24,-1.6228781964,1.44362893590012,-3.98040280965132,-5.3345348239735,-2.5604133691867,-3.56893544828587,4.84812429905845
2018-10-25,-0.23184270358,1.60589909776931,-4.43944357081277,-5.94379895570143,-2.85779602163508,-3.98126217222082,2.93521348738645
2018-10-26,1.3853510301,1.71939561653634,-4.76273205067261,-6.37422100710035,-3.0708103221015,-4.272582593182,5.79692816029154
2018-10-29,-4.6326089831,1.56285734672928,-4.31612759346611,-5.78018966181526,-2.77864559448929,-3.87061336183389,6.16131302743475
2018-10-30,-0.8827879461,1.82979548539379,-5.07155394318199,-6.7836105040105,-3.27852016311149,-4.56030966920207,6.96008702338906
2018-10-31,3.5719281885,1.88632005969413,-5.23014145683178,-6.99237175759989,-3.37245066838715,-4.70242738969785,1.75996943241796
2018-11-01,-2.1385799829,1.97285003523489,-5.47851376165849,-7.32211401019082,-3.53490899960131,-4.92656118387834,2.39391928989428
2018-11-02,2.2037173352,1.55499125428316,-4.28977079485399,-5.74175017597566,-2.75660308854825,-3.85436686594341,6.64226797779821
2018-11-05,-0.43214044563,1.62165285958714,-4.47608507149154,-5.98702028319529,-2.87511039030014,-4.02115536853546,2.89159586108951
2018-11-06,-2.3373570234,1.98174546441327,-5.49747710056697,-7.34380531263759,-3.54069252732087,-4.94215416452952,1.4207942993735
2018-11-07,1.5230071289,1.69227571162331,-4.67364459402271,-6.25079539626185,-3.00275063658149,-4.20054126755907,1.05387997782273
2018-11-08,0.61100724997,1.54773160279345,-4.2676581334288,-5.71033070040174,-2.73902476532853,-3.8333567654942,1.25406852276563
2018-11-09,0.94266938595,1.50475638895824,-4.1437255871466,-5.54648984894451,-2.65114865120208,-3.71252152551273,1.20055380553552
2018-11-12,-3.4301620796,1.51579996312777,-4.17507760201885,-5.58834199391616,-2.67156329228446,-3.7409758832827,2.58215346956713
2018-11-13,2.1897810218,1.48451948137242,-4.08794611122851,-5.47188011415758,-2.62097673408484,-3.66841056641841,5.0028535210371
2018-11-14,-1.5923566878,1.57377916650877,-4.34204726289976,-5.80930748090905,-2.77907524191743,-3.89468497437474,4.28978791096033
2018-11-15,-1.8770226538,1.78852639551734,-4.95309903772188,-6.62050713916093,-3.17655371904229,-4.44481766341549,3.92804075970412
2018-11-16,0.49943460235,1.74201463136133,-4.82096862699066,-6.44584050037486,-3.0904962691725,-4.32606265275708,2.5278758736013
2018-11-19,2.6066572902,1.7268820122639,-4.77679484995945,-6.38766040637826,-3.06217612302932,-4.28611658747732,3.07784146463312
2018-11-20,1.5352279996,1.61168782656742,-4.44967369576207,-5.95299142867945,-2.84919808200185,-3.99174837743122,6.884968258592
2018-11-21,-6.6330663307,1.66175771307166,-4.59047538936425,-6.14014229187426,-2.94115474093817,-4.11840650392316,2.96914645098301
2018-11-23,-2.8388278389,1.97945770398598,-5.52186073291705,-7.38425366585136,-3.54084754735538,-4.9558634541886,1.55758303480271
2018-11-26,1.0814028474,1.67186689114124,-4.64562469010835,-6.22503217780982,-2.97610614089737,-4.17082931394999,2.48726595653388
2018-11-27,3.0328311332,1.531183294638,-4.24404384049278,-5.69328644261931,-2.7169710663323,-3.81051649450943,2.76832300579866
2018-11-28,-0.34891501764,1.60253633560891,-4.44803109524093,-5.96708709013504,-2.8510768321502,-3.99546773878221,2.45623176797756
2018-11-29,-1.9281500312,1.62525635443146,-4.51364784963015,-6.05490406370673,-2.89408387720579,-4.05495207094986,2.34407294075007
2018-11-30,-5.0374138014,1.57267944590075,-4.36377811170788,-5.86015385181519,-2.80442559893619,-3.92268166584534,1.40185166294491
2018-12-03,-0.99912447859,1.54410450339345,-4.30867459024263,-5.78040290778615,-2.76287918042255,-3.86686806642344,1.77992927706674
2018-12-04,-2.8247411954,1.42750706760858,-3.97368139734649,-5.33398439036749,-2.54444907637095,-3.56517873186413,2.96570688225452
2018-12-06,2.4678800855,1.46352612131727,-4.07674642609357,-5.47143983679371,-2.61555987579348,-3.65972652723571,4.58952220396144
2018-12-07,1.1075701375,1.57750307454918,-4.40270619247904,-5.9056448508985,-2.82791089052104,-3.95351673722522,3.28301580334074
2018-12-10,-3.9632098383,1.71118286892415,-4.78632864162015,-6.41672729472175,-3.07824495601388,-4.2990099785617,5.95925943794732
2018-12-11,-4.7777897343,1.60254484797561,-4.47397674383797,-6.00045100480868,-2.88255020956498,-4.02609930148436,3.58404581572173
2018-12-12,-0.1130071193,1.84740485073384,-5.17523018753751,-6.93506280164517,-3.34102032176527,-4.66226974914562,2.03615232490283
2018-12-13,-2.539880077,1.66830964599185,-4.66317715459925,-6.25240242306945,-3.00635157913714,-4.19972618187745,2.99072738653019
2018-12-14,1.3523710024,1.53339517780628,-4.27615647476687,-5.73684185612755,-2.75329534106701,-3.84998615775023,2.76055418493176
2018-12-17,-0.21761539347,1.62532359848199,-4.53894135828234,-6.08711333360549,-2.92502087844933,-4.08758778986687,3.23301262292051
2018-12-18,3.8452708906,1.60540967938427,-4.48171428547431,-6.01069776841573,-2.88750448260167,-4.03595211096,2.31145080575365
2018-12-19,-0.76821045659,1.63366468777012,-4.56634340202926,-6.12225645567124,-2.94295450874801,-4.11148770314805,6.90349466356742
2018-12-20,-0.54023948751,1.54073144462787,-4.29846875330931,-5.76551755748954,-2.7678261000803,-3.86938494135034,6.32030888190517
2018-12-21,3.4942322769,1.93307912077732,-5.42702043842637,-7.26756237860269,-3.50530099419497,-4.887656856303,6.5144872452761
2018-12-24,-4.3988745808,1.90926279642643,-5.35694520641697,-7.1739403698547,-3.45979490428852,-4.82447504871874,5.64094441502004
2018-12-26,-1.1149470824,1.9408172606257,-5.44745906517352,-7.29435600246661,-3.51950012650205,-4.91285165579974,5.19961640955188
2018-12-27,-3.5657051281,1.87405278105485,-5.25665961994986,-7.03988562316239,-3.39484431503191,-4.73992035686028,6.06278944156113
2018-12-28,0.65879280664,1.85347370602683,-5.19571769268949,-6.9588761914387,-3.36500959355381,-4.6859118305009,4.21704624854127
2018-12-31,-0.57193396233,1.93269534627367,-5.42417646429384,-7.26316162662829,-3.51705379466685,-4.89209643890144,2.64643912098624
2019-01-02,0.27871671718,1.79427559515589,-5.02970495238575,-6.73764445199698,-3.26035155142016,-4.53518659976635,2.96796190628842
2019-01-03,1.0940272026,1.6584600671199,-4.64095594739701,-6.21982908279212,-3.0057736551303,-4.18366501506494,5.31212213196028
2019-01-04,-3.1997660134,1.68249036824741,-4.71101707202134,-6.31330773157035,-3.05234975887083,-4.24180353226563,3.03340300427002
2019-01-07,-0.93062605756,1.8791049753375,-5.27747665305304,-7.0679076119221,-3.42733080232019,-4.75322490944478,3.42797939946646
2019-01-08,1.2992558253,1.69701113098374,-4.75844241827712,-6.37769573377349,-3.09413427991024,-4.28486081132989,1.61468416672328
2019-01-09,-3.1191666167,1.73248650969542,-4.86351941293924,-6.51808053348312,-3.1674291378818,-4.37979026241403,3.32808666523885
2019-01-10,-2.5234632357,1.56796284461786,-4.39158247658344,-5.89090835679738,-2.85898525247074,-3.95443068523616,1.55151306056923
2019-01-11,-3.889561946,1.70993948735693,-4.8014524623717,-6.43683439218236,-3.12917045296162,-4.32448959056835,1.03567907945153
2019-01-14,-2.587407948,1.54101108948311,-4.31761590771633,-5.79304296910903,-2.80796197168171,-3.89642092073952,1.4360279557986
2019-01-15,7.0421575972,1.46199263107586,-4.0953008616493,-5.4993820471395,-2.65692445202326,-3.69632647137955,1.38349288536725
2019-01-16,-0.64897881284,1.48595168046871,-4.16719887786595,-5.59659880851228,-2.70209883831238,-3.76178960602496,1.30284727261266
2019-01-17,0.051232789156,1.47700507883707,-4.14209264961394,-5.56355810286915,-2.6844660390141,-3.73909366294834,1.99363171925837
2019-01-18,0.96652371503,1.45851106941161,-4.09311637118371,-5.49481066401705,-2.64866314555785,-3.69224598531037,1.26127338538862
2019-01-22,0.11411182968,1.51929804874933,-4.27350739831726,-5.73172167927409,-2.76346314548734,-3.85291994664221,1.90768691712247
2019-01-23,-9.9607396151,1.44108114671097,-4.04880328399446,-5.43129198527448,-2.61477235327292,-3.64889065738788,1.5120085496989
2019-01-24,4.2689359308,1.50002900364728,-4.24760962498637,-5.8896337780493,-2.73599185336949,-3.86222922614615,1.15678076387714
2019-01-25,-0.22258195077,1.43792023336195,-4.06713802403744,-5.64422652690167,-2.61812213200824,-3.69952392499378,1.07025992944607
2019-01-28,1.9063070373,1.37614809115157,-3.8949278361825,-5.40395176148901,-2.49981995029966,-3.53965817281928,1.79477883072915
2019-01-29,1.6981757877,1.34131108464742,-3.79604235830495,-5.26628961722767,-2.43323597358358,-3.44821930751133,1.73068340686268
2019-01-30,0.3196138543,1.40023631484967,-3.96498154028048,-5.50065754408358,-2.54577800133918,-3.60370349457168,3.44426101622218
2019-01-31,-0.98179453835,1.37841253309879,-3.90271073679225,-5.41357739799863,-2.50349090558192,-3.54586577132531,1.76244103110868
2019-02-01,-1.5037100269,1.53456839234094,-4.36010103576356,-6.04170555838423,-2.79989668189277,-3.96159554296423,1.23679144021488
2019-02-04,2.0466666667,1.36069386177799,-3.85893104812183,-5.3485364318222,-2.47030804159699,-3.5021338955513,1.1050160373991
2019-02-05,1.2216632913,1.29892033974028,-3.67916392584116,-5.1011400503701,-2.35331292193723,-3.3383577876078,1.35504657759253
2019-02-06,0.59377823673,1.27540036837373,-3.60941404654134,-5.0059352882236,-2.30813229022504,-3.27543638319738,1.17375348682764
2019-02-07,0.61593737973,1.28417867820152,-3.63619644127198,-5.0421102425441,-2.32526593534527,-3.29932530787608,1.5856234301965
2019-02-08,-2.2446116567,1.25304498612703,-3.54463572573785,-4.91664180521757,-2.26589531208188,-3.21630555932024,1.35632746969986
2019-02-11,0.4044357469,1.28988964169723,-3.65243404797425,-5.06483405215813,-2.3360173216905,-3.31442034020001,1.21154742443181
2019-02-12,-0.7926195427,1.26334460710871,-3.57702001918439,-4.95988424921435,-2.28634340884425,-3.24478526944104,0.643184492288017
2019-02-13,3.3136869679,1.23717490710393,-3.50068405740984,-4.85508187420218,-2.23676268913032,-3.17543197062063,0.986335434148686
2019-02-14,-0.92545638936,1.16520385347248,-3.29127354780108,-4.56661409668588,-2.10010044833112,-2.98426649653896,1.1095153266523
2019-02-15,-1.0364683302,1.20544348381727,-3.40857728376345,-4.72816060027386,-2.17663791875303,-3.09132636202689,1.06164894683505
2019-02-19,6.8334626327,1.21753740007296,-3.44401365958244,-4.77688178075822,-2.19967943400056,-3.12357821478623,0.788246436398374
2019-02-20,0.72012102883,1.21008384730946,-3.42070511538845,-4.74583358075239,-2.1849422280211,-3.10311044857827,1.20564213735001
2019-02-21,0.048065368901,1.17472445324644,-3.31763449802589,-4.60399787774316,-2.11775133099567,-3.00913776167938,0.786148569868025
2019-02-22,2.8404996398,1.22047747771857,-3.45170874337761,-4.78828747963868,-2.20505425726931,-3.13122584622255,0.573626936811076
2019-02-25,1.710948905,1.16826028533216,-3.29982633164919,-4.5791981117365,-2.10593106482249,-2.99263916458651,0.639865616753606
2019-02-26,0.034447123835,1.13471731217924,-3.20170553856835,-4.44441298782655,-2.04197756872107,-2.90329472444902,0.705443655027005
2019-02-27,-1.893939394,1.13779288377607,-3.21083898475086,-4.45702151931282,-2.04797536509646,-2.91167792201751,0.933711587876432
2019-02-28,0.11750190933,1.14335329982833,-3.22809844966003,-4.48037336378885,-2.0591648297813,-2.92720322844993,0.631162263297965
2019-03-01,-0.57508362188,1.16984731471744,-3.30678600888311,-4.58810417840162,-2.11018434241257,-2.99851950420812,0.707052369053567
2019-03-04,0.86171280182,1.12638695872637,-3.18138249677899,-4.41496768087591,-2.0280422871597,-2.88366867075696,1.41555653965053
2019-03-05,-0.41547194096,1.13059544965667,-3.199389860375,-4.43528313240789,-2.03753979536929,-2.89685598810283,0.772839242932382
2019-03-06,0.36432013167,1.20673767691896,-3.42431036193559,-4.74342476179726,-2.18376114885799,-3.10110550050721,0.629005270315949
2019-03-07,-0.22248243558,1.12436427691556,-3.18280288189286,-4.41196141558041,-2.02676774587134,-2.88158751832901,1.16781090393583
2019-03-08,0.29926065017,1.10265845194963,-3.11947004408962,-4.3248396768276,-1.9856082521704,-2.82395189164956,1.19708925525377
2019-03-11,0.64353829057,1.17027540152529,-3.31836326042914,-4.59763930608354,-2.11482796215259,-3.00461688960007,0.721572878456242
2019-03-12,-0.56385514154,1.17350551798406,-3.32829354406792,-4.61122350281332,-2.12127184906041,-3.01361465107089,0.882719534923748
2019-03-13,1.1165672864,1.11176024892005,-3.14668458142798,-4.3624043336,-2.00352795765673,-2.84892288624074,0.925414439260277
2019-03-14,0.72845002014,1.12846648896009,-3.1953645551569,-4.42966161037642,-2.03539598812504,-2.89349627111306,0.71105638773114
2019-03-15,0.057395397016,1.13186265832796,-3.20511284429436,-4.4434341803289,-2.0419120838375,-2.90263274444811,0.770942533557473
2019-03-18,0.30975735681,1.10152646719979,-3.1177339870801,-4.32235014173665,-1.98459160175221,-2.82242517972204,0.711213298053234
2019-03-19,-0.98358780824,1.10903212341592,-3.14132058392931,-4.35387342931869,-1.99967557906074,-2.84338729151884,1.07685073358366
2019-03-20,1.0511117529,1.09985460560628,-3.11734397141029,-4.31882585752896,-1.98307750146371,-2.82010737223154,1.56968315347144
2019-03-21,0.50294336179,1.14577854383385,-3.25196230718086,-4.50361655901634,-2.07051995876158,-2.9424364573949,1.31799028501037
2019-03-22,-0.18197327263,1.20784119265363,-3.43638330729023,-4.75528897327972,-2.18971838682544,-3.1090492578255,2.97166877245756
2019-03-25,-0.57540021662,1.18189294613958,-3.36110357478392,-4.65069090196944,-2.14016588209701,-3.03968969049117,4.05819476423502
2019-03-26,-1.157460463,1.37467214265293,-3.92891503718507,-5.42747571800014,-2.50788601714742,-3.55389307859023,2.87262928491904
2019-03-27,0.23768115952,1.49767747800832,-4.29157321385575,-5.92356393610844,-2.74269030021682,-3.88226653329861,2.26445927245225
2019-03-28,3.4642299463,1.39331217935889,-3.986475540227,-5.50377237741466,-2.54393435892454,-3.60424893272496,1.14414154652058
2019-03-29,1.1235326998,1.33809495394551,-3.82324937389566,-5.28100640988598,-2.43853315410364,-3.45683332678144,0.796145541331909
2019-04-01,0.44220883319,1.21612134925808,-3.46668786923995,-4.7909996093663,-2.20674165923197,-3.13246537657875,1.34501378221783
2019-04-02,1.1116614385,1.17157760557894,-3.33640916131174,-4.61192668421884,-2.12203806939208,-3.01393450438152,0.741355358518365
2019-04-03,1.3008218582,1.23530442544167,-3.52431184012712,-4.86941549240413,-2.24385522482633,-3.184352549082,0.935952464976507
2019-04-04,1.0208467655,1.16165671978752,-3.30860320009328,-4.57320603630038,-2.10369375775552,-2.9882601595723,0.810024243500399
2019-04-05,-0.79246888627,1.1806895009091,-3.36632714362709,-4.65135796549387,-2.1389586049609,-3.03448187004144,0.51753128702607
2019-04-08,0.87385407169,1.16508975839198,-3.3212829416097,-4.58933476988307,-2.10394424585884,-2.98858125975938,0.75481341664707
2019-04-09,3.6830357145,1.12823219634185,-3.21223818680035,-4.44038327325326,-2.03358008356263,-2.89031097611911,1.18619359955167
2019-04-10,-2.0708391,1.15465482489876,-3.289365760547,-4.54651728686015,-2.08346008255121,-2.9602954156456,0.828891055356795
2019-04-11,-1.2091075634,1.20639703943095,-3.44303502884696,-4.75640019084466,-2.18264205341754,-3.09882469001752,0.599522284034984
2019-04-12,-1.0331673201,1.16424946004301,-3.31898735788487,-4.58662814638833,-2.10265623528932,-2.98687865674105,0.99745579799589
2019-04-15,0.89940574981,1.1344460347942,-3.23123817134138,-4.4664463064339,-2.04593119961773,-2.90759009964257,0.571334761276928
2019-04-16,0.1326471056,1.18344735597134,-3.37704453687277,-4.66536320364287,-2.13972821298605,-3.03881186813331,0.917866215640634
2019-04-17,0.65175922009,1.13035824668586,-3.22322092869983,-4.45280720675077,-2.03950614681749,-2.89853648296316,1.25255149338722
2019-04-18,0.67912608592,1.17295795762598,-3.34921495303771,-4.62512527355063,-2.12085093766428,-3.01223520987606,0.650358632847205
2019-04-22,1.45367078,1.21522043500767,-3.47481804491227,-4.79666505763457,-2.20166791847572,-3.12538024722888,0.57839626803011
2019-04-23,0.6854963407,1.1411729272588,-3.2573069052647,-4.49848336142583,-2.06104415993422,-2.92867616050593,0.443904519293028
2019-04-24,0.17404658302,1.12671471829472,-3.21395648612293,-4.43976016335359,-2.03325495785676,-2.88995889541975,0.623948356684434
2019-04-25,0.66942613321,1.10497096917345,-3.1509494138857,-4.35293508928457,-1.99236325988342,-2.83269948434083,0.772654730916546
2019-04-26,1.573604061,1.1155667279912,-3.18184590600245,-4.3956071075939,-2.01246012109735,-2.86087278551223,1.06557823122013
2019-04-29,-0.29985007504,1.11697262893445,-3.18856271999383,-4.40314530967986,-2.01604287607121,-2.86581159807496,0.507617920354324
2019-04-30,0.5614035088,1.14505421285208,-3.2710419027216,-4.51661295921558,-2.06967674013494,-2.94077247688365,1.71971397286952
2019-05-01,-0.8324194996,1.0653179483038,-3.03483170293563,-4.19362009537091,-1.91740261338295,-2.72770553136758,2.44292527117417
2019-05-02,-0.040211108353,1.21935286856246,-3.49175368861141,-4.81713446849161,-2.21144701345178,-3.13892868538119,2.18693682581611
2019-05-03,0.18102277863,1.30933532365084,-3.75971755110944,-5.18220355133738,-2.3835617228693,-3.37967655381826,0.522056724137969
2019-05-06,0.010038648906,1.28676859930952,-3.69227190032963,-5.09097463090748,-2.34050296086612,-3.31955961084438,1.36571800716153
2019-05-07,1.9473023838,1.08775241382295,-3.10363217796922,-4.28593078040147,-1.96090776159126,-2.78850958008733,2.78160899598697
2019-05-08,0.3593757694,1.19543767760585,-3.42137998918992,-4.72022993932699,-2.16552086152366,-3.07489807665757,2.38025551038813
2019-05-09,0.32865692137,1.36126287775486,-3.91200408270815,-5.39078098520438,-2.48183923015512,-3.51734749328488,4.20804342872891
2019-05-10,1.4423311985,1.32736682085745,-3.81136833201954,-5.25206691230101,-2.41644691738473,-3.42569751699563,4.75067928736961
2019-05-13,-0.15423173318,1.5240998580893,-4.39297572330277,-6.04588828839964,-2.79108019478952,-3.94945418987216,5.49151859242169
2019-05-14,-0.90751110256,1.59110843042497,-4.59169034436751,-6.31485785242078,-2.91793186301058,-4.12670400055949,2.58449402941335
2019-05-15,-0.47739672636,1.67494344443413,-4.83981961099426,-6.65387284106413,-3.07780948334846,-4.35030144981684,1.50040119112415
2019-05-16,0.15173764077,1.41667782841666,-4.07571954628795,-5.61039536753333,-2.58559423021256,-3.66195206431821,1.44018341721842
2019-05-17,-1.925614584,1.30515524032819,-3.74768491472238,-5.16115160656712,-2.3736451509679,-3.36557363417682,2.86768653556703
2019-05-20,4.9085563363,1.29888892614712,-3.72934765043687,-5.13584229555678,-2.36167810061311,-3.34880024534005,3.13917754387772
2019-05-21,-0.65076952324,1.45064811568879,-4.17799114765196,-5.74884013443319,-2.65084634259785,-3.75313488990405,1.14262474468339
2019-05-22,1.2431269426,1.4807388495748,-4.26756454906115,-5.87131507575524,-2.70858426064185,-3.83387680593718,1.53575873320112
2019-05-23,-1.544273908,1.27694970451937,-3.66454996885132,-5.04760382630383,-2.32011395006694,-3.29054569492735,2.07286666686716
2019-05-24,-2.6957022255,1.32381663591993,-3.80244588794393,-5.23624071278085,-2.40908472842557,-3.41494389919641,1.07898916505001
2019-05-28,0.019718031945,1.38685658183885,-3.98912817601933,-5.49161995929957,-2.53664122889191,-3.58457594620331,2.18855615379848
2019-05-29,-1.0744208969,1.28176373558149,-3.67744914055629,-5.06598108730104,-2.33554795537543,-3.30381316728657,1.75333294626931
2019-05-30,-1.3853463366,1.40238752793087,-4.03498557780168,-5.55441458846261,-2.56637799293969,-3.62594968678638,1.19175460970182
2019-05-31,-5.8119484735,1.36143172517361,-3.91414793764415,-5.38945946841427,-2.48853403081522,-3.51709586009744,1.3937964577001
2019-06-03,1.5830282146,1.30423616142507,-3.79517630819794,-5.24191636856815,-2.38114137738817,-3.39299860497536,10.6972162670981
2019-06-04,1.1979221881,1.32544756042714,-3.85022838057679,-5.32222593746913,-2.41868692712665,-3.4455507717743,1.48176236478229
2019-06-05,-0.43997485845,2.1193215850879,-6.22366776063626,-8.57828105931636,-3.93423670276183,-5.57617225567655,2.19837638801161
2019-06-06,-0.56818181829,1.37644499038203,-4.00389765092327,-5.53318987113322,-2.5171384255151,-3.58351093299033,1.29824640538662
2019-06-07,-3.126984127,1.45441770863236,-4.23730290445953,-5.85315676031228,-2.66603256437798,-3.79289067957526,1.53350399613206
2019-06-10,1.9170899557,1.36456254847002,-3.96906602172521,-5.48504006883987,-2.50184612079991,-3.55703197402732,1.58774262528448
2019-06-11,-2.0471596999,1.38377142519162,-4.02629021868921,-5.5636926845744,-2.53864800474558,-3.60860870228675,1.51338959288139
2019-06-12,-1.7069701281,1.37461158382962,-3.99925713546002,-5.52624513260331,-2.52105392393892,-3.58402533691177,0.990587766206616
2019-06-13,-0.38405877758,1.35600400751826,-3.94455748984243,-5.45058157096146,-2.48567909569915,-3.53442213760617,1.11183688789165
2019-06-14,-0.41347711913,1.28317785675156,-3.72697240497552,-5.15199256246819,-2.34633181498263,-3.33875850538698,0.943730273105104
2019-06-17,-0.47691185546,1.27734096022274,-3.71021587187378,-5.12857202629847,-2.33533840387382,-3.32340534826275,0.670687983468335
2019-06-18,0.51866050289,1.25064030496529,-3.63074044364198,-5.01941696606554,-2.28445239318329,-3.25189637160137,1.51799392302213
2019-06-19,-1.8115535614,1.21465579899114,-3.52260553218289,-4.87143799537792,-2.21544810620697,-3.15492499942642,1.46426739316188
2019-06-20,-1.0110241617,1.30927362402607,-3.80561064653464,-5.25934292532529,-2.39633299813149,-3.4090791065086,0.861529860058307
2019-06-21,3.6583958454,1.298160256513,-3.77293902477758,-5.21411314779025,-2.37512995524738,-3.37942143706353,0.697994397371143
2019-06-24,1.6143397908,1.22056962482605,-3.54146749701047,-4.89656314013654,-2.2271124846643,-3.1714088799664,0.498209740699316
2019-06-25,1.4681713596,1.19907817020662,-3.47754205817146,-4.80880713969985,-2.18622438777603,-3.11391875558399,1.07718969165705
2019-06-26,2.6616996005,1.17037874863176,-3.39164376252278,-4.69100254945951,-2.13126470889568,-3.03671982695833,0.8302141554538
2019-06-27,1.2779384697,1.2327283169382,-3.5781946249564,-4.94686634391338,-2.25068255685869,-3.20437281678519,0.471860599937116
2019-06-28,1.1579603281,1.2020810754416,-3.48668247883161,-4.82136053376991,-2.19216289574369,-3.1221225536761,0.711877037500728
2019-07-01,-0.31825881624,1.15072544527077,-3.33294321597935,-4.61057701867797,-2.09377000316704,-2.98395584251018,0.954997958082256
2019-07-02,-0.020598383071,1.17490929699555,-3.40505930324464,-4.70945059955391,-2.13990330895735,-3.04872857386924,0.599448684599422
2019-07-03,-0.72624259592,1.20315182628362,-3.48991236980551,-4.82557885915889,-2.19411849074453,-3.12485566543048,0.231909301648783
2019-07-05,0.59665871122,1.15626136106359,-3.35001979598033,-4.63365069603102,-2.10454472874287,-2.99907483477357,0.467471898955938
2019-07-08,2.3518489865,1.05690760708038,-3.05277546663519,-4.22616753081184,-1.91434042443985,-2.73202465923348,0.830855364025716
2019-07-09,-0.29226505403,1.08265303720414,-3.12980986640835,-4.33176805619755,-1.96364256850106,-2.80124357058634,0.627767292190451
2019-07-10,0.80355789141,1.12201761194509,-3.24773754842963,-4.4938900888921,-2.03945088028408,-2.90755724902773,0.676824400934534
2019-07-11,-0.34092048527,1.09216756163287,-3.15872502698956,-4.37204815975247,-1.98268552168871,-2.82777952807559,0.506840213459108
2019-07-12,-0.10061374387,1.09423253295915,-3.12514576214692,-4.36315443506877,-1.9805029853337,-2.82072397851457,0.360278050315487
2019-07-15,-1.5157619095,1.0667292897715,-3.04473446289481,-4.25163804633477,-1.92855448383859,-2.74781819421689,0.554119800573794
2019-07-16,2.1629084215,1.04080576404257,-2.96859891895956,-4.14621636727337,-1.87945974834686,-2.67886164793055,0.463973627646781
2019-07-17,-0.030030030121,1.06383447436854,-3.03633098931932,-4.24009246085457,-1.92305549438855,-2.74029170810692,0.444722694222021
2019-07-18,-0.91118453993,1.04816038404347,-2.99033688371063,-4.17633079606427,-1.89354147991744,-2.69861099802173,0.626490840136777
2019-07-19,1.8340743734,1.04255533804285,-2.97388164302496,-4.15349986795667,-1.88301391851662,-2.68369528337497,0.893980361645649
2019-07-22,0.58546266446,1.06638973284451,-3.04437830673254,-4.25139949406233,-1.92860718813859,-2.74784919413284,0.531181729403157
2019-07-23,0.82868840327,1.09862016574946,-3.13950790687517,-4.38331202250968,-1.9901240930325,-2.83426391425054,0.541612656313423
2019-07-24,-0.088058314122,1.04626828185713,-2.9846321962465,-4.16924809605446,-1.89009930127532,-2.69405472824693,0.495246295001634
2019-07-25,-2.0614013611,1.04600488575976,-2.98376527699286,-4.16826033824321,-1.88962628210776,-2.69342985847274,0.840042713062648
2019-07-26,0.60993900606,1.03882191930257,-2.96285655147276,-4.13913958481772,-1.8825397619772,-2.67589560234212,0.743897605883328
2019-07-29,0.98886901214,1.08641968215225,-3.10332313380374,-4.33365862724747,-1.97366428637779,-2.80335856242737,0.606280451569427
2019-07-30,-0.72823894106,1.07162086630749,-3.05979974078707,-4.27378150142311,-1.94575357080313,-2.76419229297485,0.760635971012887
2019-07-31,0.7682775713,1.05243782664509,-3.00302314075218,-4.19525539147115,-1.90898738884696,-2.71274701669852,5.47368802176918
2019-08-01,0.93949827824,1.07603651852355,-3.07254739692709,-4.29008910767835,-1.95283212509139,-2.77461453337287,5.85536354593233
2019-08-02,-0.34598703751,1.59872655997531,-4.61462793397845,-6.4235447325736,-2.95124140425433,-4.17213910017474,3.28238620248356
2019-08-05,-0.56234718832,1.65392695207533,-4.77765821279941,-6.64906920963151,-3.05667568725174,-4.31981433394117,2.91327545103867
2019-08-06,1.1359724611,1.43191313339386,-4.12256451275159,-5.74273556687148,-2.63235212482521,-3.72600774776222,2.51116510764508
2019-08-07,-1.4927550325,1.40874466598059,-4.05455089815282,-5.6483407924723,-2.5882390438033,-3.66418800775114,2.67325898644232
2019-08-08,2.2854040179,1.37902300452945,-3.96589331571973,-5.52615231308844,-2.53070175154966,-3.58396084381746,0.970240578501456
2019-08-09,0.7817778207,1.39848641756805,-4.02380463388356,-5.60613009403894,-2.56830419065857,-3.63645272344255,1.68640475283014
2019-08-12,-0.081402030355,1.20908229055192,-3.46491896377573,-4.83285530033574,-2.2064146625906,-3.12989414534239,1.43171100237134
2019-08-13,-0.79072219278,1.29160308122953,-3.70891010075127,-5.16996179525317,-2.3643762578882,-3.35080011312795,7.972524288868
2019-08-14,0.34779248381,1.2664461237609,-3.63115595579054,-5.06394848424539,-2.31414694612176,-3.28103598414386,3.05612863348303
2019-08-15,0.9338596321,1.88314721531861,-5.4509509447163,-7.58159511404711,-3.49262837701731,-4.9303967135863,2.91744257692636
2019-08-16,-0.42922548646,1.48096828952157,-4.26357472480125,-5.93908169306123,-2.72370246943041,-3.85430481634255,1.01873879480611
2019-08-19,2.0404253281,1.47913514771548,-4.25819033439532,-5.93197522751667,-2.72025730420351,-3.84960115671158,0.61385734091841
2019-08-20,-2.1639128802,1.28723474020221,-3.69263395671894,-5.14925506922804,-2.35406522491493,-3.33692385451604,1.05132044842025
2019-08-21,-2.1158182602,1.24090210890479,-3.55563741509115,-4.96001774964781,-2.26542258128891,-3.21293801500628,0.621350329611942
2019-08-22,-5.2347809038,1.28012668384807,-3.67146787365543,-5.12038617779777,-2.34039851225987,-3.31795402171915,0.908590210145389
2019-08-23,1.8930381711,1.22865839605649,-3.57092213504385,-4.97901634058767,-2.25080426128081,-3.2046819899811,4.60851770678978
2019-08-26,1.0355329949,1.26061801599189,-3.66311290711999,-5.10857893757065,-2.31108885077993,-3.28901469425584,1.45354786305787
2019-08-27,2.2055868167,1.63921697973218,-4.79499921947264,-6.67415821423724,-3.02440759136473,-4.30515934337784,1.56277351892011
2019-08-28,-0.82404026443,1.34527715122555,-3.91657856206914,-5.4588162393043,-2.46366395464955,-3.51466632404805,0.948760732595483
2019-08-29,-0.25374396728,1.36025290998751,-3.96276761226968,-5.52217657667499,-2.49293366102083,-3.55589672143743,1.03861487546206
2019-08-30,4.2348363926,1.29691449272285,-3.77424837716832,-5.26106179245448,-2.37239183413115,-3.38603477004279,1.15367433242867
2019-09-03,-2.9765038043,1.30779551337375,-3.80728400175325,-5.30661934472358,-2.39348022563919,-3.41568627659146,1.14354630697307
2019-09-04,-0.49815043158,1.29697368201628,-3.77597164879418,-5.26305202924991,-2.38239520485694,-3.39214253569336,0.364937979499523
2019-09-05,2.3594725884,1.2753509153883,-3.712220396952,-5.17411829396706,-2.34110852721898,-3.3342002505366,0.594102477880473
2019-09-06,1.8644067797,1.17085389850427,-3.40004045077708,-4.74232230489553,-2.14113144340267,-3.05295537167803,0.61574481561547
2019-09-09,0.004753981375,1.18652689847347,-3.44738336323087,-4.80843011417354,-2.17189948331405,-3.0960737960781,0.852558219891838
2019-09-10,1.0838562463,1.17934019014638,-3.42630053356149,-4.78007932789187,-2.15889843758506,-3.07768141912965,2.05543040548577
2019-09-11,-0.084650112785,1.19876297766705,-3.48407869491671,-4.85980551219396,-2.19581223767065,-3.12959217298142,1.37224132831638
2019-09-12,-4.6220465028,1.33773976073642,-3.90082684821375,-5.43686587574857,-2.46337490620427,-3.50556584425125,1.56782911775844
2019-09-13,1.8999210422,1.26336786393626,-3.83676614900235,-5.16342475225973,-2.32401185442666,-3.32540417936103,1.71944422871031
2019-09-16,-1.1283839411,1.2867948924182,-3.90981984477892,-5.26124015485942,-2.36916584744605,-3.38907510537125,0.854668646290605
2019-09-17,0.67104231985,1.27825558673175,-3.88342074672198,-5.22601670333488,-2.35299088081897,-3.36616869803241,0.514695798544407
2019-09-18,1.6931834769,1.1691457812948,-3.54327274203611,-4.77135924949777,-2.14360698672111,-3.07026502356139,1.44254099171575
2019-09-19,-0.12918042203,1.11354018897591,-3.36964784613408,-4.53925023397687,-2.0366121770465,-2.91915892957821,0.778131598106498
2019-09-20,-1.4563571907,1.22694855402178,-3.72293145743971,-5.01174421043856,-2.254343885501,-3.22671335430359,1.85937733872119
2019-09-23,1.6966456004,1.14809421977299,-3.47684013034054,-4.68267392948797,-2.10094584308136,-3.01128388147599,0.797689075613594
2019-09-24,1.9551603806,1.27702793190635,-3.87872450704047,-5.22014903976714,-2.33944144129549,-3.3602132309953,2.47885577151577
2019-09-25,-0.0093773443041,1.15548955377137,-3.49904789498424,-4.71255928022282,-2.10655075671271,-3.02997427833135,1.2036754570504
2019-09-26,0.42670918119,1.35328062013216,-3.94482309165598,-5.53371175728694,-2.47766079275044,-3.55235268783318,0.948596913582984
2019-09-27,1.1813045712,1.19802503843673,-3.47974083230561,-4.88681410579427,-2.18136338794918,-3.13288486886644,1.50612075999321
2019-09-30,3.1795108445,1.16575656883734,-3.38274943789603,-4.75197942816931,-2.11971795390363,-3.04545014022948,0.765718250025598
2019-10-01,-0.22585983279,1.23020820308815,-3.57480911270484,-5.02032853009457,-2.24241621933134,-3.2195096907367,1.64158595451106
2019-10-02,-1.9432055045,1.14173381486405,-3.31060083300057,-4.65189528014304,-2.07387720565403,-2.98056246077168,1.42741725043514
2019-10-03,0.52571428569,1.24635402266037,-3.62251282816787,-5.08693108329668,-2.27316748651089,-3.26270516451837,2.8527768775167
2019-10-04,0.36380172824,1.22392489254407,-3.55452272731826,-4.99219998973703,-2.22985121487882,-3.20122112266333,0.993728155362837
2019-10-07,0.93792478474,1.38680918526137,-4.04071327514311,-5.67031932946089,-2.54031627987257,-3.64099947352261,1.31190370182898
2019-10-08,-0.81249719442,1.18609692677988,-3.44022046222259,-4.83416383807337,-2.15749826665499,-3.09877103235167,2.459488399693
2019-10-09,-1.4618030412,1.22738526474212,-3.5632121569605,-5.00529713803206,-2.23594341028285,-3.2097117714765,0.681374392473275
2019-10-10,0.45469159049,1.3605839511165,-3.96101837071959,-5.56010608905783,-2.48999487799235,-3.56950856081177,1.01446784627618
2019-10-11,-0.47549378205,1.16090018880126,-3.36449169340498,-4.72903181877791,-2.10949200197986,-3.03061686395848,0.929770270190597
2019-10-14,1.5389562661,1.19292227251674,-3.4602985050249,-4.86269457696797,-2.17059643096435,-3.1173075401343,0.832848404162555
2019-10-15,-0.51576709056,1.18066240639713,-3.42372079091004,-4.81191473563324,-2.14728429171467,-3.08439350758711,0.545399202237757
2019-10-16,-0.48660693974,1.16424736726988,-3.37654261684469,-4.74564621221216,-2.11551318509553,-3.03926002179984,0.66149771676483
2019-10-17,2.3535325838,1.1201696989104,-3.24554268163819,-4.56296025698376,-2.03209058121779,-2.92098430635364,0.572857015710323
2019-10-18,0.27682278887,1.13343206638699,-3.28569994241545,-4.61853146340277,-2.05741775329837,-2.95699349107134,0.665590610202253
2019-10-21,-2.5067901511,1.12187332900327,-3.25151607138347,-4.57065936604872,-2.0354931605222,-2.92598593379483,0.6734276393864
2019-10-22,0.84947022297,1.12911546313893,-3.27346979014645,-4.60117715080783,-2.05100227215688,-2.94947956965514,0.550650095662569
2019-10-23,2.8031881169,1.1292037044607,-3.27401231999072,-4.60157819125574,-2.05094541281218,-2.94971380573093,0.666039252647467
2019-10-24,0.022025461476,1.10720790358797,-3.20854624878403,-4.50990964851939,-2.00859514814229,-2.89019074500696,0.644407732795502
2019-10-25,-1.1714965209,1.12103000801216,-3.25008028184089,-4.56774335657355,-2.03519487188242,-2.92775661999886,0.415670861445211
2019-10-28,1.1720142604,1.109251173061,-3.21505381996542,-4.51863336793778,-2.01250304788821,-2.89587177634879,0.419701338178203
2019-10-29,1.3478394925,1.07539951011003,-3.11395237046596,-4.37762942422373,-1.94787727356869,-2.80437659498464,1.39718433555215
2019-10-30,2.6598287626,1.07291455285141,-3.1061914040367,-4.36689617683564,-1.94286766793553,-2.79736366956736,1.15146534701748
2019-10-31,-0.14393971469,1.19463560402246,-3.47051007623151,-4.87411780984752,-2.1738990599134,-3.12648287567271,2.39510681586842
2019-11-01,-0.23317929363,1.16829756338031,-3.39079789920405,-4.76369319166777,-2.1234531986673,-3.05477468860418,0.766415996117225
2019-11-04,-0.40370559245,1.31459544235317,-3.82851468437715,-5.37326883113705,-2.40241610946492,-3.45038167492485,0.819421032511545
2019-11-05,0.38827494991,1.12474617044226,-3.26068547479872,-4.58252970065447,-2.04069166867438,-2.93729854227456,0.476086040343257
2019-11-06,0.48027881676,1.12179894695721,-3.25235208031781,-4.57064641310761,-2.03526843821758,-2.92963607261016,0.570613980218082
2019-11-07,1.7342751999,1.07382223403942,-3.10884553443951,-4.37066573778831,-1.94377472291343,-2.79989018487386,0.585144167824236
2019-11-08,-0.2286807201,1.08125743670092,-3.13128359966179,-4.40163451226461,-1.9578417091309,-2.81996863637393,0.498632828240487
2019-11-11,1.3418903151,1.07061829437606,-3.09939070944059,-4.35721706173492,-1.93758143871687,-2.79118836693608,0.498670177079466
2019-11-12,0.16448721126,1.05778507697397,-3.06100412458734,-4.30365056360645,-1.91305695656024,-2.75643974815647,0.492854634529879
2019-11-13,1.2316282124,1.05447243189816,-3.05122664525936,-4.28988954487701,-1.90675679095804,-2.74753163843535,0.856745272842611
2019-11-14,1.0017033012,1.0513652478756,-3.04197955616742,-4.27686365384073,-1.90068540652098,-2.73905295165217,0.800079176750517
2019-11-15,-2.3127885966,1.09923856180385,-3.18555345125387,-4.47639632375421,-1.99167751771911,-2.86851146243627,0.473308227803519
2019-11-18,-0.012330963181,1.09354753001506,-3.16864995637561,-4.45281976232684,-1.98351650558931,-2.85593723846388,0.465522214828352
2019-11-19,2.2609553565,1.04960175647568,-3.03749944828211,-4.27012130289549,-1.89993247139198,-2.7373481527566,0.572546278456408
2019-11-20,2.8380768612,1.04771735596924,-3.03215593780042,-4.26230881471968,-1.89624934232904,-2.73224966551646,1.5542347475092
2019-11-21,0.65671175034,1.06161452950979,-3.07364148045069,-4.3200011072584,-1.92257475604584,-2.76966338265829,0.666112445458832
2019-11-22,-0.14368932043,1.18930379161322,-3.45628256219058,-4.85231186599248,-2.16648569229973,-3.11551508946762,0.539096291287745
2019-11-25,0.042779916839,1.07967953625971,-3.12815277780746,-4.3953993469751,-1.95704355099897,-2.81865645133657,0.331425354266016
2019-11-26,1.1541310876,1.06230018215776,-3.07638200438873,-4.32303377801017,-1.92382583798011,-2.77164307690547,0.737276714661825
2019-11-27,0.27367690709,1.03241637253853,-2.9870896957244,-4.19851906382286,-1.86669110240398,-2.69072715410684,0.257335304193556
2019-11-29,0.79188129475,1.08752156362033,-3.15345641848005,-4.42931259740576,-1.97254539963525,-2.84081563148689,0.281566668379341
2019-12-02,-0.091533180967,1.01974655979833,-2.9518192674908,-4.1478518400977,-1.84339923083893,-2.65796861723024,1.14550877595511
2019-12-03,0.95816155153,1.01631928134032,-2.94144973060458,-4.13338151266273,-1.83666493920883,-2.6485096938918,1.34130801726773
2019-12-04,-0.69194993757,1.12918612678162,-3.28260966925815,-4.60702743474251,-2.05415624430762,-2.95659985286801,0.523119854612462
2019-12-05,1.1879378615,1.14722507932115,-3.34035548140211,-4.68771793556906,-2.09137515471048,-3.00935963195956,0.540897146645622
2019-12-06,0.50421432898,1.04128907364386,-3.02212790784289,-4.24487410886103,-1.88821407489568,-2.72148765673733,0.37051774059479
2019-12-09,-0.303257207,1.04206200757116,-3.02505681180068,-4.24925274437237,-1.89052562984506,-2.72441069746026,0.732745868460521
2019-12-10,-1.164144354,1.01828894918791,-2.95393336766817,-4.15069941741056,-1.84556812490155,-2.66041443172549,0.965131763091799
2019-12-11,-0.4483453019,1.06711701821086,-3.10080928602654,-4.35468308987784,-1.93904769196181,-2.79302212356611,0.496459947577828
2019-12-12,-0.087782909031,1.09838550009911,-3.19528722415916,-4.48585249061996,-1.99927561966911,-2.87835484647943,1.88669554900737
2019-12-13,1.7533807015,1.03734395087798,-3.01142817032561,-4.23054802179581,-1.88211623501325,-2.71228550793599,1.56549845050013
2019-12-16,-0.78086871645,1.21780486327463,-3.48973096037716,-4.97570098795323,-2.22386834331866,-3.19144505337761,0.480286635810754
2019-12-17,1.3432214611,1.18661663397229,-3.3970156359233,-4.84549710918658,-2.16416906060903,-3.10701383460435,0.541383882174435
2019-12-18,-0.22028076464,1.048807463928,-2.98990171388079,-4.27027661584741,-1.90022998570208,-2.73368885840488,0.393485821194616
2019-12-19,-1.156220767,1.05481783671407,-3.00708566860651,-4.29496881870914,-1.91157341454146,-2.74980823524808,0.411008288597999
2019-12-20,-1.7830102967,1.0343251140743,-2.94540691472091,-4.20956162498045,-1.871253029576,-2.6859379178354,0.434896187448872
2019-12-23,0.88263634607,1.03443888004462,-2.94579280363615,-4.21038827732048,-1.86896633263078,-2.68096490294111,0.419789193009783
2019-12-24,1.4671047604,1.03541965047749,-2.94615886972098,-4.21318736223721,-1.87021267225272,-2.68284317899231,0.253704910963871
2019-12-26,1.9316213569,1.02680250725519,-2.91946026689466,-4.17679775580836,-1.85358745981264,-2.65942471253805,0.284752167104538
2019-12-27,-1.4000221639,1.00109867212473,-2.84203535914712,-4.06881799272726,-1.8040260264757,-2.58972341713136,1.23912677045887
2019-12-30,0.58444477745,1.00396712099148,-2.84899673310474,-4.07996162755139,-1.80580967350953,-2.5909091704557,1.37569982245269
2019-12-31,0.85294994024,1.13433610269158,-3.23113777867545,-4.62256970174007,-2.05383115228842,-2.9405301607586,0.857137034313854
2020-01-02,0.25482882156,1.15500115521938,-3.29129743335686,-4.70853344685739,-2.09322462902956,-2.99592714564281,0.793854615399559
2020-01-03,1.3593162897,1.09411738818572,-3.11064148732208,-4.45397894865099,-1.97722355624997,-2.83198715356956,1.27109611973399
2020-01-06,1.7117935671,1.08931584245551,-3.09627224075731,-4.43376613194843,-1.96799344572885,-2.81895340867662,0.756112266358245
2020-01-07,0.19652683495,1.15025126686216,-3.27384903607963,-4.68701496443919,-2.08401008873471,-2.98219786315538,0.821685362932217
2020-01-08,-0.23893584403,1.08235475901518,-3.07287868164302,-4.40320497285497,-1.95446051442959,-2.79932224162682,0.90707483608641
2020-01-09,0.10009294346,1.09184095934208,-3.10050823423305,-4.44264785802894,-1.97260122409423,-2.82479336044468,1.18275308458388
2020-01-10,-0.20712806236,1.10479049363285,-3.13797327623737,-4.49609593699537,-1.99706554734076,-2.85923256260989,1.15291356956378
2020-01-13,1.6318350989,1.14365110745086,-3.25164176581251,-4.65760597375019,-2.07093327825896,-2.96330973050774,0.545190103983483
2020-01-14,0.095070422503,1.14194704172476,-3.24663092206561,-4.65073861640195,-2.06791476148693,-2.95894931877853,1.95462500230201
2020-01-15,1.9840292682,1.06296880289573,-3.01420108250684,-4.32082812647963,-1.91691589921546,-2.7462500431963,1.15994570129185
2020-01-16,-0.037942810104,1.24183621734478,-3.53950071364018,-5.06629271884755,-2.25789456569042,-3.22672099211406,0.603514183311224
2020-01-17,0.59351276759,1.145556387651,-3.25596313053982,-4.66471544521585,-2.07423827660218,-2.96782488665483,0.524712202465751
2020-01-21,0.73065312845,1.06983246402633,-3.03341740716923,-4.34914271138333,-1.92989887099197,-2.76441939133205,0.627579865489127
2020-01-22,2.2816277882,1.05909352680016,-3.00187084603753,-4.30449816670713,-1.90952621016734,-2.73566638888751,0.545655453546536
2020-01-23,-0.97219910094,1.07281412943625,-3.04210902521981,-4.36206417116335,-1.93597224007683,-2.77279782179889,0.720997973336063
2020-01-24,0.79682614378,1.0616846498745,-3.00904192719203,-4.31525976808601,-1.9144554844607,-2.74254550102347,1.34203836613394
2020-01-27,-0.47031354234,1.08593535700848,-3.07985006621188,-4.41572686887347,-1.9602888444485,-2.80721398111663,2.45930586393298
2020-01-28,1.6086329972,1.16854176651889,-3.32286214993796,-4.75969242117607,-2.11761712189606,-3.02899606968216,0.921591912126696
2020-01-29,2.1240806096,1.30563685256856,-3.72594806805216,-5.33159559405479,-2.37955385186609,-3.3978159625096,2.34419397124275
2020-01-30,0.22607628453,1.13347162603233,-3.21949996008788,-4.61289395321067,-2.05029381607139,-2.93426792803434,1.63889202013509
2020-01-31,2.1364354076,1.30742679250283,-3.73095139791663,-5.33823149633753,-2.38248522868956,-3.40204669123727,3.75544232037638
2020-02-03,-1.350328117,1.23301422040965,-3.51205248671687,-5.0267040461402,-2.23946931624857,-3.20099809698963,2.88941033422773
2020-02-04,-0.42855315351,1.46424212432443,-4.19246776756123,-5.99056769081848,-2.68072861885249,-3.82260678609794,1.16453977387616
2020-02-05,1.2526498364,1.38797784259002,-3.96805447825663,-5.67293752286148,-2.53533697605739,-3.61776839562402,1.53718604483873
2020-02-06,1.1070930084,1.20433694139384,-3.42767965469513,-4.90670341305494,-2.18438567270563,-3.12356475816218,0.838704608696715
2020-02-07,-0.67768958061,1.24724714663017,-3.55395694825907,-5.08587540973442,-2.26647641471367,-3.23914378009205,1.46247145469169
2020-02-10,0.35695106944,1.16636284916982,-3.31607547713418,-4.74836311991034,-2.11184633631259,-3.02145445389535,1.47519312179233
2020-02-11,0.4815864022,1.23985959160737,-3.53234276541754,-5.05489766541482,-2.25219481261737,-3.2191443971624,0.982739846418774
2020-02-12,-0.28819346562,1.24265902847733,-3.54071205273416,-5.06701130104154,-2.25783035438366,-3.22698415621793,0.646678160398282
2020-02-13,-2.9405296723,1.18497775714974,-3.37121533845029,-4.82649607967266,-2.14764657777056,-3.07186600190631,1.19877078880826
2020-02-14,2.828936721,1.14138047931071,-3.24317035622153,-4.64481684898464,-2.06707093772184,-2.96177790841166,0.651502141282141
2020-02-18,2.0932355441,1.21028737988464,-3.44586544944869,-4.93239494858915,-2.19873081761794,-3.14764558701721,1.42795900791889
2020-02-19,-0.1449096625,1.13831307033038,-3.23369118658685,-4.63149555783213,-2.06067146194952,-2.95305303114209,0.461140584410186
2020-02-20,-4.4338777907,1.23096878695506,-3.50675879336787,-5.01826878819264,-2.23806635530884,-3.20309594406603,1.3913872549185
2020-02-21,-0.27462763701,1.11501750013693,-3.23899399152039,-4.58374501974837,-2.02030322166274,-2.90994535728862,2.000644001783
2020-02-24,3.3013672002,1.23082817087598,-3.58643362067073,-5.07103479144928,-2.24183413588193,-3.22355517046758,18.1989710241683
2020-02-25,0.81543045308,1.30774078348743,-3.80717192192835,-5.38456639137375,-2.38491505252997,-3.4249098849388,6.59842531920189
2020-02-26,1.1696997977,2.54455133419626,-7.51757517955549,-10.5862095498332,-4.74842396836546,-6.77281899020722,7.24698925044744
2020-02-27,-1.3592651953,1.821368022348,-5.34782167208677,-7.54274470001718,-3.3654601481856,-4.81391712044829,13.3396969228158
2020-02-28,0.47495547296,1.90000521347461,-5.58185429564766,-7.8669989122027,-3.51229661319485,-5.02194825726246,35.4568026293769
2020-03-02,-0.60332763178,2.38046911316824,-7.02973211261485,-9.86596139956247,-4.41365689899937,-6.30627639540481,9.77841498260535
2020-03-03,2.3747692501,3.53221392285471,-10.4780217362999,-14.6943878012352,-6.60605001989859,-9.41188328311091,26.6481821599994
2020-03-04,-0.71210268952,2.35324417025714,-6.94341216273219,-9.73744101931606,-4.34999580272133,-6.22273240689109,6.41472460887778
2020-03-05,0.024625234801,3.26320121625791,-9.66487549298685,-13.5474969698027,-6.07812840262411,-8.67244995341991,5.57560905604489
2020-03-06,-1.8310509309,2.24705990413192,-6.62181790907074,-9.29502453838736,-4.15065436990989,-5.93782069981606,8.35915378336637
2020-03-09,1.4482758621,2.19852814575251,-6.47682215267244,-9.09076869678347,-4.0548760032286,-5.80647719985041,24.1263639092092
2020-03-10,-1.0258945677,2.34978146141494,-6.92493761226995,-9.68996502325668,-4.32306438983414,-6.19633126712466,15.3014070665459
2020-03-11,-2.2635029659,3.22501439146865,-9.55253716457815,-13.3305800123785,-5.96823132191904,-8.54137695743318,11.1942209329573
2020-03-12,-4.7500399297,2.82808215957037,-8.36228296524832,-11.6657824742665,-5.21374109949985,-7.47089526653865,48.8753333064121
2020-03-13,-3.3872157758,2.75077686459072,-8.06265330456518,-11.2427263411939,-5.03155338135817,-7.21514594161176,32.9631078308159
2020-03-16,1.5863648987,4.49003517098974,-13.2018899321894,-18.396822147261,-8.228122756907,-11.8431985288956,35.0360005864051
2020-03-17,-6.5368187255,4.08306639516729,-12.2255160746788,-16.9715166424972,-7.61406034667344,-10.9485369536579,33.8630657164019
2020-03-18,-0.058496636484,4.76769276182225,-14.8540565685008,-20.1877866602574,-9.16416843634231,-13.1102891835768,25.1339038336206
2020-03-19,9.3100673104,5.00164470674138,-16.1442511673932,-21.4919724192015,-9.71356538437522,-13.948616102444,18.8398224304762
2020-03-20,-3.1759311937,4.64633048989379,-15.0725656518529,-20.0054573147107,-9.02416528814935,-12.9731234609617,15.1947689151953
2020-03-23,4.6384626021,4.31288528346818,-14.1314089722144,-18.6331631445138,-8.38625305936312,-12.0586067398558,42.3036966700474
2020-03-24,-3.2437074719,4.41236741586072,-14.0533604145498,-19.3569634126409,-8.54174536328671,-12.4644196976885,9.6882493426722
2020-03-25,-1.3280076472,5.31625867366069,-17.2129855338711,-23.1508707436339,-10.2777719479687,-14.9189223644996,15.249853632722
2020-03-26,-7.9092135764,3.9844524944502,-12.9038199427244,-17.3306547444415,-7.68227043153068,-11.1576934201463,16.7466475152325
2020-03-27,7.2021640304,4.09113115254321,-13.2382734158891,-17.7846458052819,-7.88970945799467,-11.4490670479231,6.91381846236976
2020-03-30,-3.4730496949,4.05253346855195,-13.2961892855135,-17.7037430793545,-7.78153936632574,-11.3812063188515,4.96989225971035
2020-03-31,-9.8754674509,3.4677613986211,-11.4730563118531,-15.1886650158478,-6.65157160911491,-9.74916217845615,6.38194511121395
2020-04-01,11.980824235,2.80362935037513,-9.29499551823918,-12.3005671630049,-5.36242929035263,-7.90417355402823,4.60640790213014
2020-04-02,-12.864697629,2.80723958524625,-9.31934791925308,-12.3330291527312,-5.37527579848492,-7.92526424396048,7.4301911878343
2020-04-03,4.3970108585,2.49904244348995,-8.33221393727588,-11.1600674516901,-4.78783242989234,-7.10995870695258,3.93496134132932
2020-04-06,-2.447994938,2.50076631436565,-8.34602988363672,-11.1759222886628,-4.796951567991,-7.11921241425414,3.09888410047093
2020-04-07,-0.76620586196,2.2048122243495,-7.33993233093216,-9.8342340429122,-4.21293544932237,-6.26118610437051,7.92838629908517
2020-04-08,-6.3485578888,2.14547774962996,-7.1289346967275,-9.53144045148288,-4.10055338550219,-6.07539086883419,3.17153220842861
2020-04-09,-2.1244110974,2.48949077080249,-8.28092235293855,-11.0961922708648,-4.82191657421574,-7.08333409903931,3.84640018446706
2020-04-13,10.032535543,2.12075490900002,-7.03396145298131,-9.43249594712509,-4.09171263430544,-6.01711718418247,2.61042234774864
2020-04-14,-0.55087491892,2.0780141452581,-6.90261750703576,-9.25226372709118,-4.01246802571601,-5.90069223613427,2.84884316063433
2020-04-15,5.2623004236,1.93407867321792,-6.42422007499069,-8.61144049343279,-3.68257404300981,-5.47763656295734,2.33877451979976
2020-04-16,-4.1402259712,1.90373508373049,-6.33888347101656,-8.49290685971791,-3.63486205829465,-5.39733597714044,3.02084834519282
2020-04-17,2.8537983369,1.67809034368259,-5.59027959913331,-7.48993169473254,-3.22340740385525,-4.75876024871117,3.07006504928154
2020-04-20,-0.20407362354,1.72612521934629,-5.75367302096864,-7.70773947201405,-3.31900311077156,-4.89817915204748,2.28381089461764
2020-04-21,-5.2617090723,1.69497627601328,-5.65116113091911,-7.57026134462525,-3.25716685814426,-4.80963744589019,4.7198930654626
2020-04-22,1.6686729485,1.60767430685298,-5.34564123575906,-7.16481870706002,-3.09443933819335,-4.56922897697046,1.66620796457785
2020-04-23,-1.4371453069,1.87449112180605,-6.25440796616734,-8.37564777573649,-3.62689009151718,-5.34624130941999,3.90344571274077
2020-04-24,8.7237479807,1.56834790593735,-5.21062015159363,-6.9843971425292,-3.01678882338897,-4.45315150751138,1.6329071027385
2020-04-27,-1.158227607,1.7904434341209,-5.96663695701873,-7.99176801062994,-3.46007391333606,-5.10081755686142,1.44601182407045
2020-04-28,2.5594572717,1.52520461840806,-5.06926078426397,-6.79465100562172,-2.93319899996384,-4.33109781364668,2.23376520476365
2020-04-29,0.72161461267,1.47327221206152,-4.89193040717694,-6.55823043144724,-2.82059687516599,-4.17852344418419,1.68132146970334
2020-04-30,1.9627598045,1.47301579288883,-4.89275279560227,-6.55903560929026,-2.82111423911173,-4.17895175204834,2.28558948482887
2020-05-01,5.0503202196,1.4090650271958,-4.67713289450127,-6.27117145247307,-2.69613927040867,-3.99408561727563,7.15231114442099
2020-05-04,-0.9127329733,1.42445808232277,-4.72479925151319,-6.33528185382671,-2.72729375970115,-4.03614101480333,1.6878963813219
2020-05-05,0.79457159936,2.0268353338207,-6.76949463066398,-9.06147903782853,-3.92259983769156,-5.78799336365783,1.83517596105817
2020-05-06,-1.3568663016,1.54015006081008,-5.12044952778045,-6.86238082566989,-2.95649216845257,-4.37430666024864,1.75507386821488
2020-05-07,-2.0756718527,1.54069731996403,-5.12247310839123,-6.86520433617049,-2.95670798615255,-4.37591822103169,1.08888900106132
2020-05-08,-3.0910338352,1.53271442591604,-5.09911433406653,-6.83399090923447,-2.94324784509663,-4.35575365351892,0.870794232018665
2020-05-11,2.8803517531,1.42090802094371,-4.72038525495295,-6.32897522596307,-2.72820935209669,-4.03407573615942,0.896243174528999
2020-05-12,-0.38754074631,1.16096573836541,-3.84057956437827,-5.15559518489136,-2.21150799017862,-3.27949508503266,2.06604940200127
2020-05-13,2.8869577867,1.13114246717475,-3.73808040824586,-5.01901404555695,-2.15123101969722,-3.19168265599085,5.05350094291336
2020-05-14,0.070678870543,1.29546282604563,-4.29233519013447,-5.75840477228077,-2.47671686153125,-3.66746611443269,3.75912546098611
2020-05-15,-1.620934421,1.71890692172589,-5.72827768247198,-7.67294114918907,-3.319849780748,-4.89942499320777,2.97614844069515
2020-05-18,3.2845143227,1.6700172603492,-5.56167147457078,-7.45101227697504,-3.22202431174661,-4.75639813959053,1.6417153100222
2020-05-19,2.1096166545,1.65365978135592,-5.50649072134288,-7.37734456111664,-3.18969687568108,-4.70911296050226,1.45840356302318
2020-05-20,-1.6099387338,1.53996658014989,-5.121867990184,-6.86441684804133,-2.96354004305303,-4.37925974661768,1.03329109582799
2020-05-21,1.4148822085,1.50016449408906,-4.99185744156835,-6.6908312620284,-2.88650845636321,-4.26736645668887,1.41088504990705
2020-05-22,1.5008868877,1.3170802854217,-4.36892448972019,-5.86049491601384,-2.51747243977887,-3.72982465000454,0.86637018358601
2020-05-26,1.0317246943,1.27754201722962,-4.23556736299338,-5.68264655948121,-2.43919965409026,-3.615502729865,1.45666632130465
2020-05-27,1.0344942288,1.12116681027067,-3.70514963784736,-4.97537502423575,-2.12827086382429,-3.1608744073704,2.54426297703365
2020-05-28,2.3801663807,1.19493058953378,-3.95503238351779,-5.30864957913665,-2.27477203438374,-3.37511560225432,1.79539095342527
2020-05-29,1.5735336792,1.37202603376542,-4.55663554127508,-6.11078926449913,-2.62742509891402,-3.8907978997981,2.43508723722017
2020-06-01,-1.1428208626,1.30832597883761,-4.3406019925623,-5.82268216597585,-2.5007415706216,-3.70567084499631,0.722848952441806
2020-06-02,-1.2074114513,1.41941626261826,-4.71829846732214,-6.32620777855348,-2.72229665268185,-4.02949624466432,0.822485172795103
2020-06-03,0.61433447117,1.20272186778101,-3.98124700737838,-5.34355656255279,-2.29030536121219,-3.39766997136909,0.98559183968079
2020-06-04,-0.59119984498,1.19078709970433,-3.94003555234322,-5.28864133989242,-2.26635797142254,-3.36244042810081,0.829929367573877
2020-06-05,2.3561145234,1.14736228928628,-3.79239949871425,-5.09183531858521,-2.1798769432983,-3.23589566188458,1.21642012774374
2020-06-08,-0.57785115569,1.08390404073127,-3.57631402755169,-4.80378726629961,-2.05320427752967,-3.05070223479141,0.788663554308287
2020-06-09,1.9448170147,1.0882822380237,-3.5919554932205,-4.82455461808398,-2.06232310651492,-3.06402237407722,1.81681978234375
2020-06-10,-0.74554396515,1.02537455799374,-3.3776604848075,-4.53886592484081,-1.93667503016446,-2.88032043274813,3.0314925585698
2020-06-11,0.64383777808,1.21609923571067,-4.02379071651083,-5.40051539427085,-2.31565204408233,-3.4343640766141,5.39433936577956
2020-06-12,-0.67734955637,1.43817018680104,-4.77490687560007,-6.40232111193886,-2.75497120689169,-4.0783696566412,6.71725658575082
2020-06-15,0.4357023332,1.80876521523901,-6.02969149611436,-8.07594005738343,-3.48820191367636,-5.15407804545207,3.63463718744875
2020-06-16,0.044009933663,2.05416166731432,-6.86137811600445,-9.18500744419049,-3.97626575822453,-5.86732651077507,3.93389057209373
2020-06-17,-0.097407698286,1.86562694301191,-6.22143972044678,-8.33164704721348,-3.60064087252356,-5.31854265659542,1.38479112942655
2020-06-18,1.2297917847,1.94205948531378,-6.47992763976719,-8.67700037434393,-3.75367899876533,-5.54110047750217,1.03938554094146
2020-06-19,0.46294857839,1.66818057045812,-5.55199928616388,-7.43983802299619,-3.2103091802548,-4.74611563199262,3.15215786660648
2020-06-22,0.55050411338,1.50585635109938,-5.00144470342747,-6.705356607154,-2.88780838115949,-4.27380412870422,1.13780604036552
2020-06-23,-0.86122047251,1.62088920786782,-5.39304649254422,-7.22756869905118,-3.1174235247841,-4.60963597774141,1.7824096032277
2020-06-24,2.848101266,1.31920932855312,-4.3690506878,-5.86196565010653,-2.51722630679291,-3.73161363670071,3.22598460598134
2020-06-25,0.59125188527,1.32372244126384,-4.38326014715785,-5.88090637175677,-2.52568831296615,-3.74392480289961,2.50143748728427
2020-06-26,3.1578000362,1.54814105955229,-5.14459402414672,-6.89597627221448,-2.97235004258457,-4.39698695948097,4.16385206852031
2020-06-29,2.5727492077,1.51612293397777,-5.03451486567572,-6.7491074895715,-2.90798406957531,-4.30267003162215,2.21028428825893
2020-06-30,-4.8010429656,1.71336989696736,-5.70512244435794,-7.64297257474403,-3.30171061345485,-4.87794896951548,1.28639986119212
2020-07-01,0.86335218803,1.548897800204,-5.14594524557528,-6.89794813458628,-2.97793803957905,-4.41279698068102,1.14378274602938
2020-07-06,1.2367178277,1.43168071644762,-4.7492104420789,-6.36896420106558,-2.74550638572854,-4.07151020337332,0.890916445467772
2020-07-07,2.6502230385,1.34546705445608,-4.45811009253698,-5.98081581523368,-2.57532698289648,-3.82107860161189,1.58773199679004
2020-07-08,-0.13917291526,1.25651479479288,-4.15647095252184,-5.57859175149124,-2.39263553000039,-3.55381272677266,1.35092720074654
2020-07-09,0.039819107405,1.25229691091665,-4.14244258211149,-5.55985664455008,-2.38441283319545,-3.5417775733846,2.33360038978731
2020-07-10,-0.57146106374,1.18851268402778,-3.92544198140861,-5.27069690221856,-2.25724328736237,-3.35561470666039,1.11709665867568
2020-07-13,2.6163788172,1.35316709975922,-4.4851801070864,-6.01681803301494,-2.58557437804274,-3.83617021382522,3.89658204519878
2020-07-14,2.1344776658,1.1975497268804,-3.95444834642373,-5.30947851927357,-2.27444090933325,-3.38067539075275,6.26687032449461
2020-07-15,-1.7652033939,1.6201929509631,-5.3860587208377,-7.21824243841832,-3.11449248739622,-4.61083446176536,4.49449147807317
2020-07-16,1.3275565183,1.95896448437771,-6.53400923606647,-8.74894830565369,-3.78775348832041,-5.59674078601214,2.21916156719072
2020-07-17,-3.0725797609,1.88295197672162,-6.27667789073917,-8.40577896946611,-3.63692335085851,-5.37564510437562,1.00838447942656
2020-07-20,2.3046687214,1.6682137094822,-5.54783035743288,-7.43454149384782,-3.20865574328561,-4.74963651500219,0.773798522416954
2020-07-21,0.83476145719,1.53956822851031,-5.11214080430079,-6.8537730595775,-2.9240667019821,-4.37242515938958,1.74665663257225
2020-07-22,-0.18914473676,1.41467002528055,-4.68831841448152,-6.28865359480022,-2.67774274245593,-4.0086630180083,1.32803014430837
2020-07-23,0,1.38031277743983,-4.57197787763851,-6.13356639708012,-2.61013736356975,-3.90875105736986,4.0215024897983
2020-07-24,2.675015792,1.21625062470842,-4.01282790751508,-5.38813747929165,-2.28530850376265,-3.42893905304458,4.39484536787683
2020-07-27,-0.31028487365,1.5909880332116,-5.28214722647681,-7.08077321170303,-3.02300608565937,-4.51892719847438,2.24225853179333
2020-07-28,2.3290133891,1.72301076135571,-5.7300845127306,-7.67795543236809,-3.28346426863902,-4.90341469474581,1.37107974262137
2020-07-29,0.35660906724,1.54830177980762,-5.13822392071681,-6.88879867861473,-2.93936417214415,-4.39531839682937,1.4252912818233
2020-07-30,0.24821675852,1.43993805147103,-4.77122208430007,-6.39948537989989,-2.72594553358536,-4.08028008640221,2.01932638998257
2020-07-31,-0.46132193484,1.4485843706344,-4.80046388562199,-6.43848582375553,-2.7429516213304,-4.10538464829507,4.64362274474469
2020-08-03,1.6548401454,1.45174115860483,-4.80976911110406,-6.45088604881121,-2.74846437351847,-4.11335024607977,5.06675491699068
2020-08-04,0.68773665098,1.73151434982841,-5.75722397083475,-7.71423896105397,-3.29922554578187,-4.92707326829313,2.58749848427638
2020-08-05,-1.2304937324,1.84410536077,-6.14006321816537,-8.22460118185063,-3.52179902050937,-5.25575843668906,1.43039157696108
2020-08-06,-0.20202543437,1.6428308106722,-5.4580333008882,-7.31532673548249,-3.12520797342993,-4.67018836699321,2.27686010801462
2020-08-07,2.1073940465,1.52311072770292,-5.05214476437729,-6.77402158450617,-2.8892538971584,-4.3217471553121,3.61659745590937
2020-08-10,-1.3801692805,1.61684000450088,-5.38206559489837,-7.21847456562887,-3.08572452545806,-4.61005802387523,3.44464075644276
2020-08-11,0.28092783486,1.72955658754521,-5.76484617917321,-7.7370080009637,-3.30951479713824,-4.94429942861953,2.79827348150221
2020-08-12,-4.5516461487,1.67057242201249,-5.56440991214117,-7.46941505227548,-3.19324439533522,-4.77169753373301,1.87880425223424
2020-08-13,-0.24772470251,1.60705328180958,-5.3471763313442,-7.18152746221114,-3.07026699833356,-4.59712556671416,2.95254469090911
2020-08-14,2.3700264537,1.51526686071413,-5.03591889320771,-6.76451777462686,-2.88960047118926,-4.32724612750647,1.57435285829671
2020-08-17,-1.6427592028,1.65246599102522,-5.50595159035667,-7.38985963753901,-3.16449476818032,-4.73037423064484,1.18465076311867
2020-08-18,1.9168386907,1.43538966280854,-4.76892979513291,-6.40613713586843,-2.73414084704938,-4.09517659113839,1.51932664501968
2020-08-19,1.2100168351,1.31180147577349,-4.34816758397201,-5.84448708354749,-2.48860826638085,-3.73266113347466,1.56202898488756
2020-08-20,10.468863707,1.31342427724325,-4.35336450567154,-5.85156042378937,-2.49161586949283,-3.737320940143,0.831878916142941
2020-08-21,2.5197628458,1.30878195321805,-4.33856820745548,-5.83074550925448,-2.48245255093187,-3.72408273087238,3.48017407111041
2020-08-24,0.66781411351,1.12607081609828,-3.71362326413036,-4.99730436902107,-2.11799791055193,-3.18571920989211,6.80618872989867
2020-08-25,0.36246751479,1.54098191000981,-5.12072093024792,-6.87674859136611,-2.93994281792794,-4.40052608040461,2.57254565424964
2020-08-26,3.4889267461,2.01076503617037,-6.72025253253677,-9.01135458795572,-3.87500642107086,-5.7798982407771,2.13105674814946
2020-08-27,-2.2735768156,1.62735095967021,-5.41608515233135,-7.27070652717054,-3.11310201843171,-4.6552671439677,3.42743520777455
2020-08-28,1.4534818314,1.59509154921676,-5.30557345335444,-7.12286112068611,-3.04855122564736,-4.55936387645576,2.33314740359714
2020-08-31,-2.9739859396,1.79754791150088,-6.00339466777298,-8.05248266295967,-3.45505275669177,-5.15969856899032,6.92099253594751
2020-09-01,3.3234285715,1.65824290707369,-5.52367761385958,-7.41330299471365,-3.17552466851261,-4.74625775641199,4.68363122706046
2020-09-02,1.7697548888,2.0916895833648,-6.99827621872314,-9.38172064833738,-4.03681807115421,-6.01830069500866,19.9075833912315
2020-09-03,-0.08912268504,1.94774059166909,-6.49557459062122,-8.71038868902289,-3.74252483464362,-5.58441567121942,16.5729187851401
2020-09-04,-0.26107956392,3.30353829430849,-11.1102714542902,-14.8606438671863,-6.42999886942203,-9.55812685789421,45.054254415107
2020-09-08,0.83327879929,3.36413176694826,-11.3931193191837,-15.2074185199101,-6.58360400570962,-9.77191043763521,18.9114914338497
2020-09-09,0.12547322876,5.04809439735167,-17.1166478760153,-22.7964438112792,-9.87504903545291,-14.6749350857431,7.98550222144609
2020-09-10,2.2189572846,4.07630547578072,-13.6844814907706,-18.3124042041704,-7.92389876915308,-11.7901288985429,10.951001002648
2020-09-11,5.1532445572,3.56574887253414,-11.9374694676161,-15.9913299200029,-6.90935630807618,-10.2931932764878,10.8781297589086
2020-09-14,1.1960279811,3.6058639119808,-12.0572257841647,-16.1635095989281,-6.98340883985,-10.4072684528333,4.70509640815385
2020-09-15,-0.82037224638,3.50425903949869,-11.6880852449626,-15.6787037160385,-6.75435719529,-10.0819022527939,6.56585665599961
2020-09-16,1.3599038653,2.5932580442356,-8.61697489954971,-11.5703020374417,-4.96567709149235,-7.42797242745985,4.19485766949896
2020-09-17,-1.1954395462,2.54347035830848,-8.45593036500808,-11.3518472497105,-4.86974143246029,-7.28588993579568,7.67297316560294
2020-09-18,-0.16198704107,2.29667764301551,-7.61525436485621,-10.2296809959498,-4.38242627345158,-6.56222329039768,6.66626694876682
2020-09-21,3.3912224826,2.52500839534323,-8.38243602159046,-11.2564037465927,-4.82969905985741,-7.22523825699518,10.686896646464
2020-09-22,3.9832610042,2.38826704636745,-7.912998367828,-10.6207703880787,-4.56249189833572,-6.81916028633114,6.33332101452973
2020-09-23,-2.071843792,2.78136518223829,-9.23417561537771,-12.3968694093697,-5.33423668253761,-7.96626351783778,6.30562279411498
2020-09-24,-8.00608828,2.4599413486149,-8.15230492266405,-10.9482404502043,-4.70299627995136,-7.0303554141967,9.21588662272594
2020-09-25,0.066181336842,2.49704786426825,-8.28438282122322,-11.1035553707793,-4.77862770982381,-7.1578631075512,4.15953618673232
2020-09-28,-6.7294973544,2.73099538629134,-9.06188890094253,-12.1692969845369,-5.23565946939109,-7.8463267191999,3.02418916670795
2020-09-29,3.9886544939,2.30166549968421,-7.62428419351419,-10.244371100567,-4.40927443923446,-6.61476965403618,1.81284524239687
2020-09-30,-3.2645755199,2.05821575518407,-6.81671059513664,-9.16004058686386,-3.93194832937137,-5.90914274470003,3.25161639936116
2020-10-01,-1.3128910036,1.84592258259969,-6.10024361889038,-8.20085653022712,-3.51285017918526,-5.28518193239291,2.38047993866951
2020-10-02,2.9955357144,1.92613479760275,-6.37583648288896,-8.56702380605916,-3.67092501943632,-5.52176725900122,4.0642047565527
2020-10-05,0.16037449623,1.68530013710236,-5.55922990156698,-7.47667715218518,-3.1968443912983,-4.81484480280959,1.10844366646477
2020-10-06,-2.9513588368,1.85785127823427,-6.15097764053928,-8.26412553995841,-3.53787129347447,-5.32429517937339,5.1229027106669
2020-10-07,-1.5963613663,1.4675353341202,-4.82396816535633,-6.49239643982177,-2.78461450914871,-4.17679068433922,1.40120993754408
2020-10-08,-3.1720137756,1.97895964928599,-6.55474957409723,-8.80375516011551,-3.7921826691317,-5.67648243160162,1.03008540662826
2020-10-09,3.0325720703,1.49890594150952,-4.9397866819532,-6.64381774552027,-2.84432266341247,-4.2648433081966,0.771113677533242
2020-10-12,1.5715843025,1.39962033405742,-4.60686958529205,-6.19823265119727,-2.64863921131965,-3.97596076116836,3.35185152020028
2020-10-13,-4.1946158663,1.26062811128455,-4.13502658913802,-5.56755343223752,-2.37280883546578,-3.56754810902117,10.8322964415255
2020-10-14,1.0268857357,1.66239621486094,-5.47358310199408,-7.36104063939911,-3.21032361882557,-4.73892564505762,4.19783636160497
2020-10-15,3.7516170763,2.46678500783638,-8.18173739632304,-10.9814647260299,-4.82031156958583,-7.08881327293803,2.87728685709954
2020-10-16,2.3868899179,1.93714121075916,-6.40266410651362,-8.60155610557689,-3.76208830301043,-5.54412365751746,1.75075120393888
2020-10-19,-0.75678496869,1.83867257381144,-6.07364683923017,-8.16133756116077,-3.56599057643851,-5.2584130955227,2.78223621762397
2020-10-20,1.5075817339,1.73755136224026,-5.73339954940661,-7.70627591241426,-3.3635246694447,-4.96293901492325,3.58544057462606
2020-10-21,0.84621362585,1.8333654501895,-6.05561414413916,-8.13707369814328,-3.55528923975222,-5.24271577252741,2.74037506930389
2020-10-22,-3.2280160973,1.75838914323001,-5.80350606186187,-7.79967000593454,-3.40522636153419,-5.02365923576158,3.10255221180512
2020-10-23,3.079101044,1.62352235977368,-5.34851950864966,-7.19112833094146,-3.15916558400823,-4.62895883134757,1.60607101796107
2020-10-26,-2.8669527896,1.66890249749409,-5.50294191741498,-7.39758654435601,-3.22627961450826,-4.76206230391723,3.03257506347375
2020-10-27,1.6967126192,1.4795997958436,-4.86465745963044,-6.54396391927265,-2.86716783984427,-4.207830869916,2.33362694023382
2020-10-28,-0.095585679446,1.65666961262811,-5.46087445241119,-7.34108230521481,-3.22425428841885,-4.72533859765073,3.72339389830695
2020-10-29,1.7395842393,1.54083304804126,-5.0693616578996,-6.81725057526743,-2.98984305869311,-4.38520539534092,4.62811751594515
2020-10-30,6.3520560829,1.72878371576607,-5.70025066681706,-7.6609215124115,-3.36799793801828,-4.93302129902908,7.09873117853215
2020-11-02,-2.6527331191,1.86184069637838,-6.14448543527382,-8.2552177436881,-3.63514844305548,-5.31937952683821,4.5974976643745
2020-11-03,0.074318744919,2.2042491012339,-7.29554405665736,-9.79400041334661,-4.32447642694777,-6.31828988265081,2.29677564962229
2020-11-04,-0.39607228318,2.00532370570137,-6.62760228884293,-8.90076477904212,-3.9239975682068,-5.7382665284886,3.99248608299529
2020-11-05,-1.4000497059,1.76903328435823,-5.8324150871356,-7.83723799579357,-3.44759429261069,-5.04772432934665,2.83938355685484
2020-11-06,-2.5541925727,1.9516432275572,-6.44663197155666,-8.6583323638651,-3.81500989571954,-5.58066244856292,3.1915959977505
2020-11-09,1.3191929644,1.79424796805361,-5.91690832346723,-7.94984307647012,-3.49720438759456,-5.12052546186939,7.55856466425505
2020-11-10,-0.54463449924,1.74768733089158,-5.75637575350931,-7.73524544529431,-3.40203902336903,-4.98164150182688,8.20711038832899
2020-11-11,-0.95832976813,2.23407829954551,-7.38628434762042,-9.91585574575907,-4.37883520021459,-6.39784774843901,1.82381582172884
2020-11-12,-0.61339092872,2.39000559648655,-7.91476466511764,-10.6206230537763,-4.69508046720763,-6.85525893365738,2.52279282772513
2020-11-13,0.0086926287622,1.75487131605988,-5.78077430820251,-7.76772642143287,-3.41640119143145,-5.00279688530817,1.52203840317572
2020-11-16,1.3472403301,1.81758599684443,-5.99215432974582,-8.05046171871069,-3.54231040639963,-5.18621672502741,2.13760216400221
2020-11-17,-4.6312178387,1.66734349428246,-5.4877106077447,-7.37607300927279,-3.24029140256221,-4.74846844604575,1.28834796215284
2020-11-18,3.7050359713,1.60945411400401,-5.29385158980213,-7.11678117849923,-3.12847396531523,-4.59188610936567,1.38652919648107
2020-11-19,-5.6018036767,1.31129871771532,-4.29232178976659,-5.77779560721959,-2.52766452015418,-3.72050838821245,1.38491473768393
2020-11-20,-0.082674995338,1.3114229570199,-4.35185581882906,-5.82880672166192,-2.53558509315263,-3.74573139851269,0.711589271409263
2020-11-23,1.5353498206,1.27459478047649,-4.22693823750373,-5.66279850183386,-2.46127362143318,-3.63781712302124,1.7690250215284
2020-11-24,4.0836653387,1.13905905607421,-3.7649591637495,-5.04782253255893,-2.18735974285905,-3.23847339832257,2.25210293651705
2020-11-25,3.5493692911,1.2940673707582,-4.29199549396229,-5.7492060738573,-2.49944491099767,-3.69404281536167,1.33812789669056
2020-11-27,-0.11361245533,1.39170147971153,-4.62633749536367,-6.19471622067486,-2.69675999247106,-3.98356982493213,0.551181939392911
2020-11-30,-1.9967983823,1.25519553995851,-4.16228594892112,-5.57751158847877,-2.4212368385977,-3.58257660975712,3.32022208830122
2020-12-01,-0.30089408529,1.09761474921311,-3.6239938368589,-4.86044994830083,-2.10295761742256,-3.11693047916529,2.74051468383016
2020-12-02,3.0352677417,1.57370009778008,-5.24530959931998,-7.01780731028885,-3.06499214481493,-4.51824553929417,1.87827852567412
2020-12-03,-0.23432923263,1.52469594232936,-5.07881507279617,-6.79645536953516,-2.96564141177599,-4.3745333618993,1.25612681581775
2020-12-04,0.041942790085,1.39694758703919,-4.64377127399199,-6.21770567403024,-2.70757754014585,-3.99843765458869,1.10478452060288
2020-12-07,0.87204427291,1.30304881470859,-4.32399211049961,-5.7922967122325,-2.51773959131483,-3.72204194327615,1.2989066669636
2020-12-08,-0.75644222779,1.29637794464303,-4.30115133617194,-5.76193725193088,-2.50412775141011,-3.70227710181343,1.14223759225499
2020-12-09,-1.1391238798,1.26114454942221,-4.181872628677,-5.6033883844723,-2.43320645179633,-3.59931508602806,3.15029893045459
2020-12-10,0.51681775822,1.18406302846999,-3.91823588272769,-5.25212898590111,-2.27739962291291,-3.37119964807247,2.58219106519558
2020-12-11,-1.0957518543,1.5088574899635,-5.02394346162711,-6.72331696460125,-2.93348442974314,-4.32682934557097,1.94803479128769
2020-12-14,-2.974262826,1.46663959918544,-4.87990929649222,-6.53156657673188,-2.84831762014447,-4.2022064364816,1.48326965242525
2020-12-15,1.1594202901,1.39970172338663,-4.65212257214353,-6.22841683539362,-2.71723121787618,-4.00734239410471,2.63033467714482
2020-12-16,0.74672223654,1.3395276988723,-4.44648714877298,-5.95461210238603,-2.59505915708327,-3.82938803976182,1.57692417793432
2020-12-17,0.48263380158,1.53405858169014,-5.10897649232936,-6.83615496851738,-2.98864797865675,-4.40224445628849,1.26414528680875
2020-12-18,2.1099579724,1.35050615582079,-4.48406043245496,-6.00457882464775,-2.61743171576161,-3.861886549634,1.7074319206163
2020-12-21,3.0827383451,1.2641907137463,-4.1899777148466,-5.61331969671359,-2.44268336124346,-3.60764936159546,2.96643016319821
2020-12-22,0.29335071704,1.32315452256075,-4.3912567259334,-5.88147721627955,-2.56216726006695,-3.78196493570794,6.41045375141307
2020-12-23,-0.11374715632,1.53578164960931,-5.11257008752293,-6.84063254163717,-2.99087794215351,-4.40532771915049,1.94803489283522
2020-12-24,-0.56124938992,1.99786896427205,-6.68664070179481,-8.93468256746279,-3.92626985989619,-5.7663195524478,1.14347659976578
2020-12-28,1.226993865,1.51764719730481,-5.051736651332,-6.75951880165722,-2.95480057705395,-4.3526128013629,1.94975623716644
2020-12-29,0.50909090896,1.40801743463399,-4.6782705834111,-6.2626345295675,-2.73289193900805,-4.02969028563294,3.19353099518428
2020-12-30,-2.0903682264,1.5205958347396,-5.06103563392843,-6.77173958581636,-2.96020855294085,-4.36049829904564,1.75250756815661
2020-12-31,1.1988832321,1.67703755664925,-5.59440647532186,-7.48149362774873,-3.27709129712113,-4.82169906576492,1.9367616966828
2021-01-04,-0.67348263547,1.37615573282856,-4.57096815571165,-6.12010496339971,-2.66903201614346,-3.93699774165418,5.19140239349181
2021-01-05,-0.51466383475,1.40079548556836,-4.65302326819847,-6.22875628746954,-2.71786843529321,-4.00760635149239,2.25054739092466
2021-01-06,5.0090326818,1.88066460818838,-6.28714782444912,-8.40296022514774,-3.68871142745258,-5.42047845751372,3.52500522447946
2021-01-07,-0.054738817562,1.55922069416661,-5.19186839100423,-6.94558121778893,-3.0378813277352,-4.47340786276565,2.00447554729418
2021-01-08,0.69634613883,1.71809593731141,-5.73299951396324,-7.66552027082126,-3.35935463227832,-4.94127512634966,3.95671222955527
2021-01-11,-1.588966589,1.54584075624601,-5.14600930576054,-6.88449719949078,-3.01059152221321,-4.43368090885121,2.03217426214414
2021-01-12,1.2435355888,1.81751707094636,-6.07181511681598,-8.1163155671737,-3.56068599677494,-5.23417864706191,2.04212066714831
2021-01-13,2.8464477889,1.52237249874038,-5.06652544719249,-6.77874379843087,-2.96328799214468,-4.36489724055499,1.89142871073116
2021-01-14,-0.69760388214,1.51745971107857,-5.05008920938011,-6.75699068461293,-2.95369917034744,-4.35092002115354,1.21690730446288
2021-01-15,0.77122785569,1.45404390873368,-4.83492693713757,-6.4709684957578,-2.82227283181055,-4.1636109795898,2.44844320319399
2021-01-19,3.5765704328,1.33866527434555,-4.44129901012081,-5.94721773350011,-2.58067557535681,-3.81464717537551,1.37235257779696
2021-01-20,-1.331479991,1.46573294666082,-4.87488649009546,-6.5243296984546,-2.83698399007499,-4.18897108094407,1.81462970052199
2021-01-21,-0.85267294453,1.29621541069061,-4.2973325168473,-5.75592317839183,-2.49527079543079,-3.69059935233514,1.83916312349668
2021-01-22,-0.77026622794,1.35385719081319,-4.49345406604907,-6.01668600292494,-2.61154272910124,-3.8596507359012,2.30804300925987
2021-01-25,-2.471927048,1.35637246752509,-4.50163995200631,-6.02740006616612,-2.61652837813531,-3.86659055388565,9.28434672270063
2021-01-26,1.2363804963,1.45266500913952,-4.82527129159909,-6.45654704437174,-2.80875320504339,-4.14504143102768,2.6912918735999
2021-01-27,-3.3661552553,2.30817561392693,-7.74170771897982,-10.3360748655498,-4.53277132834601,-6.66058360675456,5.6821885555636
2021-01-28,3.4123222747,1.70427651660341,-5.68230480567599,-7.5967279152352,-3.32712078195081,-4.88431648650808,6.7830629341034
2021-01-29,0.86312251769,2.08935555739148,-6.99137855951499,-9.3382561609094,-4.10428393732444,-6.01346017715013,10.4347633787512
2021-02-01,-2.3248769407,2.28006288686078,-7.63655552206463,-10.1977038160315,-4.48626080925762,-6.57031423103347,3.99108344685711
2021-02-02,-0.13955652039,2.69247999337119,-9.03862778308061,-12.0607330929711,-5.32000082378234,-7.77811609828419,1.30661448150484
2021-02-03,1.6226708074,2.08844896642235,-6.98581234117944,-9.32965173406302,-4.10155552601048,-6.00772180924726,1.56196360498366
2021-02-04,-1.512720605,1.79366389418282,-5.98404062056675,-7.99707582150456,-3.50688141039904,-5.14398286786238,1.53202725821205
2021-02-05,-1.3730509658,1.7285227085021,-5.76275766980041,-7.70268616979573,-3.37554850749288,-4.95306250703094,1.19756096075748
2021-02-08,0.54270882483,1.59853707662798,-5.32127376501697,-7.11556055884784,-3.11334218653258,-4.5723644714953,0.970468421253728
2021-02-09,3.2856137057,1.30410976531106,-4.32064624185442,-5.78486684552157,-2.51075065119701,-3.7052895771372,0.945734127522048
2021-02-10,3.6658335228,1.17096859939186,-3.81591320267464,-5.13547828138762,-2.23696696080788,-3.29266723900428,1.78469805135323
2021-02-11,1.6073646526,1.15399735127466,-3.75820297061887,-5.05852078503793,-2.20257142627734,-3.24272266396227,0.951209725093723
2021-02-12,2.7683900193,1.29102141185891,-4.21896076500658,-5.67390205525513,-2.47839420172002,-3.6421509632787,0.730174743850946
2021-02-16,0.16792611259,1.13913741626396,-3.70921189587635,-4.99324761055102,-2.17331092708478,-3.20023291434727,1.32390854720792
2021-02-17,-0.76837105335,1.0830891315712,-3.52084876250363,-4.7418525754446,-2.06066570304807,-3.03701148286173,2.52014554124652
2021-02-18,-3.4985217512,1.19542291826124,-3.89725415701324,-5.24460243031337,-2.28617640617072,-3.36349165289219,1.65292906604567
2021-02-19,-3.7420672552,1.41957436066061,-4.65067855819456,-6.25068645660404,-2.7429895930289,-4.02281867666604,1.35603279574399
2021-02-22,1.6520157624,1.2920524230342,-4.22239080721546,-5.67841985797003,-2.4942047230531,-3.66069532495864,3.82476771449975
2021-02-23,0.63366631875,1.26034241056867,-4.11391648392302,-5.53357588534539,-2.42955831737323,-3.56639935808779,10.4831881036455
2021-02-24,-0.77783539518,1.67105909909816,-5.48477348583778,-7.36522548920345,-3.25753543431751,-4.76096702519165,3.54192781672745
2021-02-25,2.5757802001,2.46619868961746,-8.15217754046491,-10.9267847865562,-4.86391542415963,-7.0824139136467,6.5699707728407
2021-02-26,-0.3098006342,1.87046880151473,-6.1527933664434,-8.25613002210882,-3.65983634181172,-5.34170254616452,8.43102165752201
2021-03-01,0.10968119331,2.24621505978788,-7.41033369348947,-9.93548580541295,-4.4167104843582,-6.43633746347155,2.02029158127625
2021-03-02,-0.65736615297,2.51336939769297,-8.30880390295928,-11.136171488616,-4.95982293295239,-7.21944855166588,2.69595287965677
2021-03-03,-0.45584883464,1.92375968046597,-6.3308844335881,-8.49507402502278,-3.76855773919943,-5.49758711769318,3.92567045320828
2021-03-04,-0.19203781676,1.82945197395945,-6.01432058629914,-8.07207556177459,-3.57772891269342,-5.22180959583831,8.71717521767189
2021-03-05,0.17760674928,1.95975764043091,-6.44902568033513,-8.65206595287918,-3.83861254902524,-5.59955552151956,7.46692866637689
2021-03-08,-1.6104011229,2.42187084909305,-7.99636904229094,-10.7184586885485,-4.77031239997806,-6.94664046734292,4.61023937040519
2021-03-09,-1.7643967265,2.30675075481747,-7.61068764241728,-10.2032859743464,-4.53807876324077,-6.61074486371194,2.74780692096999
2021-03-10,-0.86365025991,2.10455324584283,-6.93306237387108,-9.2989081072092,-4.13026390075033,-6.02093569773818,3.52153792913052
2021-03-11,0.12335209321,1.92838680915708,-6.34252937675491,-8.51033282792525,-3.77464400901363,-5.50681348543258,1.97173283068961
2021-03-12,-2.97990298,1.9967187302513,-6.57316830897191,-8.81845861599859,-3.91381913352155,-5.70795663200007,1.54637258690753
2021-03-15,-0.11111111116,1.69258699190623,-5.55545078201473,-7.45912560590912,-3.30043295095032,-4.82189733219867,1.71626050793876
2021-03-16,-0.4052121405,1.4970098525554,-4.90022125191851,-6.5840328998303,-2.9055924557332,-4.25133064820494,2.37990650625476
2021-03-17,-3.4782608695,1.4426956498773,-4.71834802452557,-6.34112214262973,-2.79605355486906,-4.09305424383867,2.80788716659957
2021-03-18,0.22315893875,1.52071340156605,-4.97844632261191,-6.68883917417012,-2.95663895666039,-4.32377345199371,1.79335134892327
2021-03-19,5.3851228766,1.55761613929639,-5.10242099056842,-6.85434351052046,-3.03118945876557,-4.43162614793357,2.47618042315116
2021-03-22,-2.0893653651,1.42220790348404,-4.6484274316067,-6.24776293848238,-2.75705928181674,-4.03609790363673,1.61286147518769
2021-03-23,-2.4456521738,1.53542543523655,-5.02800573188984,-6.75477748668349,-2.98612593990447,-4.36668047718907,2.02839987959371
2021-03-24,-1.581189579,1.42002983309275,-4.64118657653914,-6.23821106146046,-2.75266639666212,-4.02959339597963,1.36411317560188
2021-03-25,1.0738366769,1.4662184135893,-4.79696227711511,-6.44623475730231,-2.846326718832,-4.16517049026563,3.12636074779416
2021-03-26,-4.1673529896,1.33328073314214,-4.34995732447371,-5.84924198967161,-2.57711610096602,-3.77593233224602,1.64240077940609
2021-03-29,4.060673771,1.59487143046513,-5.22632829683897,-7.02003508254558,-3.10867824066492,-4.54792975548086,1.75755817170816
2021-03-30,-0.91258207049,1.37919517295358,-4.50509405618944,-6.05633531711567,-2.67271962854017,-3.9183465675501,1.18453562923337
2021-03-31,1.6502750459,1.39533600765721,-4.55935318405013,-6.12875049041599,-2.70533591403834,-3.9655963063397,1.32517326969125
2021-04-01,-0.76254509677,1.28231691728558,-4.18101640785173,-5.62328842504266,-2.47671119914619,-3.63528557220374,0.875680506169007
2021-04-05,2.4456746261,1.3013973754305,-4.24540766471435,-5.70924461950681,-2.51544866433425,-3.6914110153883,1.10145333492406
2021-04-06,1.2742963141,1.15788929386011,-3.76494009941652,-5.06745175597702,-2.22608433514699,-3.27196540928013,1.04828902529559
2021-04-07,-0.64505853306,1.17445861716893,-3.82055454555729,-5.14170834503918,-2.25970090213395,-3.32046566041485,1.1638514734136
2021-04-08,-3.3905097787,1.13443759185889,-3.68636907120539,-4.96248349945524,-2.17867490170614,-3.20330970728471,0.899004000385437
2021-04-09,-0.44802123948,1.14725226075639,-3.72944405475198,-5.01998691986182,-2.21225598995442,-3.25040224072318,0.934145166699945
2021-04-12,2.8335694642,1.08302073784943,-3.51412352163901,-4.73236961769586,-2.08195022127049,-3.06189360777306,1.15827634047704
2021-04-13,-0.68887268008,1.08956314452921,-3.53593657915561,-4.7615184269412,-2.08750669899664,-3.07779232389022,1.21749806858665
2021-04-14,-1.9993471521,1.12806673616408,-3.66534948907869,-4.93436361691699,-2.1658912334446,-3.19097545757318,1.49127435339051
2021-04-15,0.41635440102,1.14328930404451,-3.71616787339715,-5.00224496934877,-2.19638183848015,-3.23542436122653,1.00140366426037
2021-04-16,0.51413881756,1.19916956902655,-3.90357704255302,-5.25254478160271,-2.30935082284566,-3.39931121064762,0.679852150676297
2021-04-19,0.14850259886,1.12019802484244,-3.63977961108577,-4.90019447039526,-2.15061265330708,-3.16865843689487,1.42834876891132
2021-04-20,-1.227448719,1.05240609303304,-3.41240890492944,-4.59647949810014,-2.01318545374305,-2.96982790330419,1.72162119034428
2021-04-21,1.8765638031,1.18922282991904,-3.87086915316272,-5.20888870692775,-2.28952148387218,-3.3707963869146,1.26244312016379
2021-04-22,0.69586573882,1.25158447549982,-4.07982924804107,-5.48801070030386,-2.41547747188198,-3.55350437425547,1.76024064009798
2021-04-23,2.3577235772,1.17017037119371,-3.80667172172646,-5.12310714675014,-2.25062611576965,-3.31459381915109,0.831274994269794
2021-04-26,0.24622716446,1.27295363627163,-4.15145033952684,-5.58361362975743,-2.45910153702158,-3.6160880043412,0.635766131831369
2021-04-27,1.3390381111,1.12765040363991,-3.66435380926966,-4.9329997192495,-2.16525140441515,-3.19008542868009,0.760938449037578
2021-04-28,1.9233776389,1.06426559538979,-3.45205015251599,-4.64944576761002,-2.03730366382138,-3.00442780226029,1.15827727843343
2021-04-29,2.0213255601,1.04912149346712,-3.4013451638636,-4.58176642759271,-2.00713806346638,-2.96006106421851,3.28992403444964
2021-04-30,-1.3195984813,1.11591999539815,-3.6246469804539,-4.8800037910727,-2.14167105600533,-3.15531705256789,1.36651248875112
2021-05-03,2.4306613839,1.4792880430812,-4.84404660955774,-6.50850564420867,-2.87816750201271,-4.22178790334632,1.1222315973023
2021-05-04,-1.7853157777,1.22046385738997,-3.97602063924664,-5.34921583979067,-2.35449548307808,-3.46262465529722,2.54387707183874
2021-05-05,1.8707869423,1.19734299225831,-3.89784816348916,-5.24478187942967,-2.30653086923518,-3.3941878816181,1.52560249232304
2021-05-06,-0.25278810426,1.45717365155174,-4.76995562920736,-6.40946806083052,-2.83390730450028,-4.15700621177964,1.92567600060126
2021-05-07,0.50685748374,1.32702399744904,-4.33303596530018,-5.82597999827034,-2.56964127542765,-3.77482968890415,1.37020652159386
2021-05-10,-1.2830020765,1.34567417108669,-4.39541432080418,-5.90922405020094,-2.60726713114895,-3.82933387124747,1.15759138054934
2021-05-11,0.29299075941,1.26402138105617,-4.12135063239849,-5.5432372000895,-2.44150687285143,-3.58963392480691,3.34150285775447
2021-05-12,-1.1685393259,1.23289011732189,-4.01615415770433,-5.40268438988289,-2.37762575245779,-3.49753152720457,2.16617613403407
2021-05-13,1.803850235,1.55837249881221,-5.10742525475396,-6.85987381504978,-3.03641400223558,-4.45190962238587,2.22614725406206
2021-05-14,0.29779630731,1.42423684462345,-4.65726304644558,-6.25873618321492,-2.76459050924553,-4.05820537309726,0.973768719701474
2021-05-17,-0.24495249427,1.44106837531963,-4.71424555785182,-6.33486849045941,-2.79924584907493,-4.10808712468125,1.25834942884071
2021-05-18,-0.60272341661,1.24992777793798,-4.07328718626746,-5.47900116159047,-2.41228415817196,-3.54754057533856,0.74554827341292
2021-05-19,-0.074861506346,1.2961751711146,-4.22844666360812,-5.68623028731586,-2.50624004081368,-3.68329649297204,2.20055526836428
2021-05-20,-1.5133353311,1.13160706859988,-3.67606701381165,-4.94861323202512,-2.17245088027273,-3.20016090222875,0.732717855362531
2021-05-21,0.82154267457,1.3580904659203,-4.43657087582008,-5.96409835746972,-2.63197068884324,-3.86528246456515,0.976692456981265
2021-05-24,-3.5385543986,1.07716168373154,-3.49475112003171,-4.70643435006059,-2.06343527416361,-3.04158300918045,0.540801775919099
2021-05-25,0.19554165046,1.11976623945856,-3.63768340358341,-4.89729552444922,-2.15630349355659,-3.17777216952772,0.740033341493626
2021-05-26,1.2802498048,1.01355864805995,-3.28167386429924,-4.42184908629326,-1.94076438842134,-2.86537289103518,0.494293672177891
2021-05-27,0.5327362569,1.05043977543381,-3.40544152595739,-4.58710233168118,-2.01577094765221,-2.97398546852843,0.94532359988738
2021-05-28,-2.5804469702,0.935553047258221,-3.02015113724625,-4.07256952584877,-1.78245906489394,-2.63588140290651,0.687976320250567
2021-06-01,-0.74103271581,1.03234264018882,-3.34507932278897,-4.50645252950726,-1.98286097059361,-2.9258590860929,0.5899808495503
2021-06-02,-2.4938448098,0.970665426161589,-3.13921438106294,-4.23146711937913,-1.85832877142962,-2.74492061952406,0.669246276979206
2021-06-03,1.791968722,0.950106365986696,-3.07015829822847,-4.13923070927554,-1.82205374236815,-2.68966709036517,0.689889441639195
2021-06-04,1.9844762743,0.962504203181594,-3.11123738013336,-4.19416654391887,-1.84688724104887,-2.72576227620954,0.524159363559863
2021-06-07,-0.92585327575,0.973970103644786,-3.14964783436432,-4.24549102059958,-1.87018688059634,-2.75954575047272,0.621407386391231
2021-06-08,-1.1245743249,0.920630970726375,-2.97080321878637,-4.00663267356546,-1.76137789644543,-2.60205667164493,1.13164117409847
2021-06-09,-0.1281537845,0.93674290446023,-3.02507822011546,-4.07915064373761,-1.7944925670785,-2.64988459098704,0.555100843035878
2021-06-10,2.1012110034,1.05559111373391,-3.42411234769576,-4.61201170479045,-2.03729784184515,-3.00128351416656,0.839009400626362
2021-06-11,-1.4767103919,0.938713448345394,-3.03230969177606,-4.08879576312644,-1.79898953398729,-2.65627592892376,0.452853961896212
2021-06-14,1.3314199154,1.00052010216318,-3.2400583986453,-4.36622688589882,-1.92545265652341,-2.83923639548242,1.14208979198987
2021-06-15,-0.15735641227,0.916916021386769,-2.95917875475274,-3.99118906140875,-1.75446704515378,-2.59184984558894,0.846076608486423
2021-06-16,-0.039401103277,1.06935354067824,-3.47138370890892,-4.67544181110663,-2.06661620135675,-3.04317084653706,2.01650017421082
2021-06-17,-1.237682302,1.00203826533445,-3.24527717001278,-4.37357226151179,-1.92909252851027,-2.84406542020711,1.0783569969231
2021-06-18,-0.53480204351,1.25041054657357,-4.08178228795903,-5.49215105313952,-2.44142330846726,-3.5824496289836,1.20914677788442
2021-06-21,-0.26482625781,1.10536087844767,-3.59496960537267,-4.84071760271434,-2.14507060064666,-3.15295555999987,1.11356647911287
2021-06-22,0.62761506288,1.15320421317384,-3.75486717313569,-5.05398685913979,-2.24434887779857,-3.29407935773897,0.848685146366946
2021-06-23,-1.2154166,1.13566588955162,-3.69693532289486,-4.97673712814883,-2.20773305882249,-3.24287827512626,0.460034376675602
2021-06-24,1.9022179051,1.09220606547487,-3.55398159032378,-4.78434897586182,-2.11662785900121,-3.11550821020697,0.609941296390309
2021-06-25,0.007943442688,0.961571745746558,-3.11732487096043,-4.19963857045999,-1.84706008670276,-2.72939232368423,0.53789320079849
2021-06-28,0.66719618735,0.971188143338081,-3.14993779743754,-4.24260353034918,-1.86658775774047,-2.75757208644916,0.569214271222072
2021-06-29,0.30771658512,0.928052710505772,-3.00461363918055,-4.04856717866476,-1.7783837453942,-2.62962551271369,0.664355932249838
2021-06-30,-0.80232832543,0.910152449128258,-2.94421344718408,-3.96793867698847,-1.74176014848915,-2.57656433632295,0.520425615332139
2021-07-01,0.98326857515,0.920430790806468,-2.98050570642458,-4.01613970740579,-1.76139882928425,-2.60256629939792,0.620823834394066
2021-07-02,2.4577934824,0.893529718892767,-2.89071912187755,-3.89621662390336,-1.70659496906183,-2.52361235263663,0.537466898187629
2021-07-06,-0.64377682411,0.914428430448065,-2.96130840189571,-3.99040735725434,-1.74386698707254,-2.57628437715219,2.05778326055858
2021-07-07,0.39339709965,0.897604513760704,-2.90474573642366,-3.91483097244347,-1.70914720628618,-2.52671152178206,1.72638715115751
2021-07-08,1.2600845179,1.22158462237137,-3.99412589712067,-5.36864612704221,-2.36746923639439,-3.47977677548328,2.36310079035602
2021-07-09,-1.0091812732,1.20830424991503,-3.95080555938324,-5.31066766329167,-2.34069671173434,-3.4415728131022,1.10184975379261
2021-07-12,1.4103939906,1.36014091689543,-4.46127065726313,-5.99199501836041,-2.64937004985284,-3.88833499303058,1.227822941554
2021-07-13,1.2698412698,1.19322342628593,-3.89770984305125,-5.24015029805233,-2.30969189980867,-3.39564747164462,1.73407702441752
2021-07-14,-0.20898641587,1.2363891172172,-4.04214999226996,-5.43294356552038,-2.39693732665226,-3.52209352235868,1.71098770955837
2021-07-15,-0.21690351541,1.3002873324505,-4.25665759451957,-5.71927599568621,-2.52627827011293,-3.70981898034251,2.01565892627426
2021-07-16,-0.22487069928,1.29758129025583,-4.24649069382309,-5.70582213891298,-2.51247817254719,-3.69466403019777,1.63567297730063
2021-07-19,1.2546014575,1.33018022146083,-4.35516135723088,-5.8510352501219,-2.57621487207011,-3.78833175012561,2.50052505236805
2021-07-20,1.1500222587,1.29418010311789,-4.23551349783454,-5.69105701750925,-2.50429446278489,-3.68346425934985,1.64624850037138
2021-07-21,0.46211398785,1.44903465567465,-4.75409460392191,-6.3835406879403,-2.81643758566708,-4.13668533592339,1.21776853687945
2021-07-22,0.22634345805,1.33336968708951,-4.36586400192689,-5.86537950242988,-2.58273212049347,-3.79773672447195,0.947739659876756
2021-07-23,1.9596415823,1.25643585250381,-4.10846774232278,-5.5217676062103,-2.4277724961138,-3.57294206090571,0.638987210928456
2021-07-26,1.4718490998,1.17908556774634,-3.84945857529462,-5.17599700308185,-2.27147354006395,-3.34676641895819,0.901821443299823
2021-07-27,1.7955217574,1.09271374922903,-3.5585762776443,-4.7878375941759,-2.09634796819034,-3.09281412196311,1.70527585825448
2021-07-28,-0.91996956508,1.07761822656973,-3.50706708825242,-4.71912719884896,-2.06528161106251,-3.04781353138632,3.32319591284041
2021-07-29,1.3055012569,1.21090871315827,-3.95372209190155,-5.31526722338817,-2.33466188446601,-3.43784200100739,0.795343234411968
2021-07-30,-0.42037075327,1.49719670690107,-4.91624995087778,-6.59969924943498,-2.9136970488378,-4.27836609429002,0.970905570149869
2021-08-02,0.78892733545,1.13832136885424,-3.71103323805502,-4.9912923790575,-2.18806341091851,-3.22589728678463,0.903193031545585
2021-08-03,2.4100521836,1.17809999196434,-3.84581196999438,-5.17106161691197,-2.268310294052,-3.34350585172109,1.06421739359801
2021-08-04,-0.44921220242,1.16765505971775,-3.81132115312231,-5.12507060285851,-2.2467616492171,-3.31339770316997,0.969724282223276
2021-08-05,-1.407596983,1.17011844882051,-3.82184362588037,-5.13972660035734,-2.25173557885446,-3.32301020615035,0.578238947085677
2021-08-06,-2.6914406721,1.06839270321655,-3.47949799428445,-4.6827085044331,-2.04654475297201,-3.0239103841832,0.573423545366168
2021-08-09,2.5974025973,0.9874857058574,-3.20761721553766,-4.32050754513052,-1.88620717208206,-2.79351131057884,0.581868798414615
2021-08-10,-0.51317139933,0.968703583609489,-3.14434579691378,-4.23601654688573,-1.84823945442514,-2.7380248301794,0.979496313965815
2021-08-11,0.96286107309,0.954835036978744,-3.09777075121656,-4.17356671203241,-1.82007261050525,-2.69704439211206,0.679835553600831
2021-08-12,1.1989100816,1.02516981322613,-3.33487376386844,-4.49037700038909,-1.96323099625152,-2.90495939053542,0.807760432245887
2021-08-13,0.28944534188,0.956653872376566,-3.10400519758334,-4.1823958339585,-1.82406262636042,-2.70290728630096,0.713856893211302
2021-08-16,-1.490032888,0.989217297142529,-3.21439819230365,-4.33016889916413,-1.89077398848658,-2.79994876664064,2.3515535791336
2021-08-17,-1.2195952852,0.975572386505141,-3.17099925341466,-4.27158579295889,-1.86342275300406,-2.76155241697417,2.14569763204468
2021-08-18,0.45523520494,1.3036673490264,-4.27691188159541,-5.74802491308046,-2.53008993542712,-3.7301990195417,1.52830549781894
2021-08-19,0.15105740185,1.31165468286038,-4.30387697517643,-5.78410398425146,-2.54635812596849,-3.75391441319421,2.31667238450751
2021-08-20,-0.23310023316,1.25011302280596,-4.09677388683328,-5.50677114593931,-2.42097315873881,-3.57161571458527,0.695860467384657
2021-08-23,1.2644310062,1.40656931074833,-4.62547430005181,-6.21118077885542,-2.73731227229044,-4.03336684257275,0.649471245151484
2021-08-24,-0.27823018463,1.17755011489022,-3.85328707352734,-5.18047218307354,-2.27142694624195,-3.35726741651999,0.628432663546935
2021-08-25,0.074855392995,1.10757579638306,-3.61711489142169,-4.86532243125919,-2.12968624343282,-3.15064010034686,0.643903521887141
2021-08-26,-0.47670934364,1.04502654096477,-3.40549990928178,-4.583040947914,-2.00298357938911,-2.9656305444168,0.823587779241838
2021-08-27,-0.034213767412,1.01159883753477,-3.29191851134696,-4.43160421318597,-1.9352198560231,-2.86642920851751,0.701856245136976
2021-08-30,-0.33540967897,0.980321693981885,-3.18804861953551,-4.29295453764524,-1.87158463879524,-2.77531437571581,1.06202706109064
2021-08-31,0.17857142848,0.955183372369065,-3.10276054751683,-4.17925743224762,-1.82040182018583,-2.70076826696979,1.31387680604841
2021-09-01,2.0773344302,1.03834622518073,-3.38405595331952,-4.55446782003943,-1.9892548547275,-2.94668750927672,1.35778733383174
2021-09-02,0.14104372367,1.10807661496714,-3.61948670551965,-4.86851490513562,-2.13082036452521,-3.15262355123499,0.874923157070093
2021-09-03,1.3547954393,1.14221290125321,-3.73353246226144,-5.02095323022041,-2.19983772180908,-3.25276575975408,0.758109064436516
2021-09-07,-0.61540497627,1.06444351769919,-3.47074940998989,-4.67054020031483,-2.04196629688807,-3.0229793687686,0.846222274984056
2021-09-08,-2.5501032025,1.04630202841271,-3.40960247129447,-4.58907228748755,-2.00522121766613,-2.9695282696519,1.18198144094907
2021-09-09,0.23230390816,1.0532093559317,-3.43313805779022,-4.62026931823961,-2.03020339576629,-2.99423818376075,0.788676244225768
2021-09-10,1.015678255,1.10515809118868,-3.60793854544534,-4.85361344433766,-2.13623937862413,-3.14757131685321,3.71197530693893
2021-09-13,1.0257102369,1.01620516809926,-3.30663559667894,-4.45106729751707,-1.95426165612195,-2.88314694692325,1.72851942868611
2021-09-14,-0.06011622454,1.52886760041612,-5.03395403272194,-6.75587637426058,-2.99925176764249,-4.39690341691138,1.77998660486171
2021-09-15,-0.8421334046,1.30395277598232,-4.276728904548,-5.74537116775372,-2.5409915118291,-3.73315487058107,1.32134638261806
2021-09-16,-0.55270962539,1.34130017563062,-4.35304032830299,-5.87243143836918,-2.60431054427626,-3.82055692746646,0.844539121336586
2021-09-17,0.71844923423,1.28256540357945,-4.15781709935043,-5.61049023619256,-2.48547062854547,-3.64843968221623,1.08001695476883
2021-09-20,3.0417227457,1.21381464058873,-3.92837300160066,-5.30301636859433,-2.34590299373366,-3.44639839079621,2.16214044381827
2021-09-21,-0.84247648911,1.15628514467509,-3.73632506290882,-5.04542631660555,-2.22819543174767,-3.27702857581484,1.65585108973615
2021-09-22,0.44786932758,1.32960710295554,-4.31331538857464,-5.81896089464334,-2.57993441894048,-3.78556409617034,1.37698815302747
2021-09-23,0.74749196774,1.25386721087839,-4.06097686018351,-5.4807513076276,-2.42622327703763,-3.56323639036281,0.716307365443741
2021-09-24,0.42303937535,1.21480235957814,-3.93444130754591,-5.30860907632976,-2.34688787537927,-3.45012585582787,0.601980133485862
2021-09-27,1.5489306545,1.10657267334444,-3.57519862021414,-4.82624195046354,-2.12767146082347,-3.13300570988364,1.05217045905976
2021-09-28,-1.0083604569,1.06907315671692,-3.4501704334374,-4.65842516729523,-2.05143237103126,-3.02262175736051,2.33193408627951
2021-09-29,-0.67049190893,1.10231408693539,-3.55945048800984,-4.80574793662662,-2.11824329239714,-3.11943159367884,1.5557627384282
2021-09-30,-3.3101836829,1.31892961267127,-4.28263468187845,-5.77364524348207,-2.55808189683188,-3.75596034536227,1.77186153127598
2021-10-01,0.38934013573,1.21419044271611,-3.93284606604581,-5.30580373821976,-2.35797587904061,-3.45597329098033,2.15587156929971
2021-10-04,-0.95620193915,1.28179245431826,-4.15716096742886,-5.60712033274984,-2.49570356237859,-3.6544856867391,1.78291476164939
2021-10-05,0.6143667295,1.38349405160194,-4.49692925230608,-6.0618261637267,-2.70330578881181,-3.95412640269251,1.12355142019637
2021-10-06,-0.16104140104,1.35657781199037,-4.40837945626559,-5.94211157691604,-2.64850370862096,-3.87533611848206,2.10166047017728
2021-10-07,-1.8348007257,1.22483821242544,-3.96757957392589,-5.35331666389375,-2.38002756617854,-3.48725775016529,0.835800133123859
2021-10-08,-2.1361084487,1.37982783179798,-4.48361133872346,-6.04541645686874,-2.69617113407217,-3.94316007254801,1.10661812574823
2021-10-11,0.34280117525,1.16865252446642,-3.77933986189489,-5.10253591990828,-2.26609826359315,-3.32202651231349,1.01318873165564
2021-10-12,1.687234191,1.17284829752066,-3.79453002066585,-5.12219299674479,-2.27507255722121,-3.33501665646605,1.54714740299736
2021-10-13,0.67192320876,1.13055914513405,-3.65214953002615,-4.93259039423429,-2.1888347537621,-3.21010421090702,1.32870801930521
2021-10-14,0.061295375599,1.22612247270173,-3.97035650487894,-5.35891717105455,-2.38326024827354,-3.49089234604768,0.563004842177307
2021-10-15,-1.0549959161,1.16547900166065,-3.76870181098428,-5.08849361836184,-2.25987745497281,-3.31279359639019,0.537397358307054
2021-10-18,-2.3801334526,1.02700839014887,-3.30793182773686,-4.47025576245781,-1.97739087216543,-2.90553301414851,0.937381553126566
2021-10-19,0.64829821731,0.998139346023979,-3.21148827381063,-4.34137886446114,-1.92134201095935,-2.82437298999574,1.1669219305928
2021-10-20,-0.93117692377,1.06559477256102,-3.43628674511761,-4.64239217540983,-2.05898188841371,-3.0228882037841,0.892113622591082
2021-10-21,0.81272084808,1.08950381671501,-3.5161506250216,-4.74970279573234,-2.10525693201941,-3.09082333049647,1.28022768723791
2021-10-22,-2.4605678234,1.0239757060371,-3.29695946764624,-4.45630697006747,-1.97129483695806,-2.89745009038711,0.943529315807658
2021-10-25,1.4158401611,1.1174965384771,-3.60825530388858,-4.8738925048162,-2.16409746774175,-3.17504280514903,0.71127503055154
2021-10-26,0.63071362765,1.07670688112754,-3.47311654797708,-4.69226012109637,-2.08140792955179,-3.05529688933031,1.04980726299325
2021-10-27,0.90845070426,1.02746202675322,-3.30980755614574,-4.47289226758259,-1.98146511051007,-2.91065508878502,0.728031731636153
2021-10-28,-0.27217530878,1.08160477397795,-3.49010690038291,-4.71439500047056,-2.09184554140141,-3.06988578087606,1.03513571891385
2021-10-29,-0.062981105657,1.01920424765915,-3.28175028900385,-4.43536821687315,-1.9643748813059,-2.88585107240334,2.68723668474155
2021-11-01,-0.91030039912,1.06209996336116,-3.42278666175178,-4.62572466505705,-2.05071226130216,-3.01132995079563,0.900157340067953
2021-11-02,-0.423998304,1.36975112890774,-4.44727433837062,-5.99889193860534,-2.67761503070008,-3.91679774171966,1.17026539398699
2021-11-03,2.0225675962,1.11403163177558,-3.59606418864329,-4.85788340935845,-2.1566970839981,-3.16445889337026,0.874418814252612
2021-11-04,0.75125208696,1.16078380359278,-3.75151922590056,-5.06614033145627,-2.25196624609729,-3.30177468699095,0.89941545622883
2021-11-05,1.1806130902,1.11823474565977,-3.60942313347784,-4.87607750664546,-2.16496846189245,-3.17644760122541,0.86969158915002
2021-11-08,1.5080177413,1.11695542391969,-3.60579624989456,-4.87034980669214,-2.16291711512789,-3.17266035105039,0.511852309733313
2021-11-09,0.33611185809,1.0402204539282,-3.35070156904492,-4.52771986466698,-2.00684213482696,-2.94664308620292,1.12489442905455
2021-11-10,0.14739380949,0.958725837717339,-3.07851413129784,-4.16346956880702,-1.83707489288179,-2.70231996149299,1.31233640830769
2021-11-11,-0.52849879585,1.06698783846683,-3.43869546113848,-4.64630954959901,-2.05748145874623,-3.02031787838002,0.504868950283996
2021-11-12,-0.033627009179,1.11513372620939,-3.59950326383451,-4.86177911243886,-2.15607585231257,-3.16229811097608,0.651823747633676
2021-11-15,0.45748116263,0.956574980475695,-3.07118884370629,-4.15382626980136,-1.83275766133469,-2.69598321148904,0.903874847285252
2021-11-16,-0.31476024642,0.974132686944903,-3.12955544591484,-4.23188261223928,-1.86818187344241,-2.74733372775719,0.836945369969107
2021-11-17,2.4991602282,1.03638285902579,-3.33687978882845,-4.50971556758497,-1.99504763171176,-2.93033961958608,1.9030725293324
2021-11-18,-1.8155600707,1.01319087503703,-3.25921582486536,-4.40551929941439,-1.94711619561588,-2.86160299442262,3.15699039598413
2021-11-19,-0.56074766371,1.21094088926281,-3.9157727778197,-5.28743111649502,-2.35047237684231,-3.44253732824698,1.9839325441249
2021-11-22,0.71160042971,1.46554862967414,-4.76442097153415,-6.42416452544666,-2.86956094370795,-4.19140114666569,2.68454815622023
2021-11-23,0.9798693507,1.35485191204966,-4.39457642183645,-5.92925931150572,-2.64344051025154,-3.86532621145192,3.01733048279479
2021-11-24,-0.34985807642,1.49754993613077,-4.86770834977379,-6.56526682195081,-2.93410241042498,-4.28413707144725,2.14476697775362
2021-11-26,0.35823271865,1.59687698198134,-5.19831953634737,-7.00851550494474,-3.13662403484142,-4.57614665051257,1.56358480271683
2021-11-29,-0.55526176629,1.50189506527202,-4.88156870312662,-6.58445251548708,-2.94284761483986,-4.2967612223189,1.4573762034489
2021-11-30,0.24594522729,1.38280812204748,-4.48469440001327,-6.05292944187181,-2.69979320958944,-3.94661787011875,3.38643107330253
2021-12-01,-1.9163185465,1.35351729528852,-4.38513006337963,-5.92102887687712,-2.63881797101906,-3.85962179667847,4.30403960569236
2021-12-02,-0.033802055077,1.61163581820806,-5.2410382614707,-7.07108131911215,-3.16253917864293,-4.61683042530844,5.76067433080919
2021-12-03,1.4336917562,1.74475379112464,-5.68080453576406,-7.6629798989219,-3.43173575767009,-5.00645636921117,5.11966563252199
2021-12-06,0.0066671111199,1.97169725687258,-6.43731107649899,-8.67592962444502,-3.89485630258639,-5.67368914742596,4.02347214513682
2021-12-07,0.66666666662,1.9898404989711,-6.49570311408178,-8.75589845630147,-3.93058107256835,-5.72621487405989,1.67194335122863
2021-12-08,1.6490066226,1.94369277050341,-6.34246786705382,-8.55040567862783,-3.83729469297575,-5.59110547548893,2.57877477241552
2021-12-09,2.8536060983,1.66690186458496,-5.42336096534093,-7.31645359478797,-3.27487501407266,-4.77858547640571,2.23598034161358
2021-12-10,1.6975992905,1.72290014604642,-5.61097990459392,-7.56699638624,-3.39020927322604,-4.94385185840735,1.63459716989729
2021-12-13,0.29274369354,1.59774818111277,-5.19614802900099,-7.0094971039285,-3.13648096355798,-4.57678346017906,3.26482421705798
2021-12-14,0.24220593714,1.43002020554675,-4.636025583976,-6.25950165867255,-2.79347552485272,-4.08264285577439,3.38291935658864
2021-12-15,0.32835635957,1.60656958411595,-5.22152263710774,-7.04598649239072,-3.13836217629037,-4.59869454944862,4.75515840314977
2021-12-16,-3.1678399407,1.66539374566779,-5.41425447582727,-7.30603058982294,-3.25704202199972,-4.76994626172637,4.91924795788581
2021-12-17,2.1873604999,1.86152415000063,-6.06135026811919,-8.17764635486505,-3.64797742799885,-5.34208509330614,5.78557291113414
2021-12-20,3.1577633548,1.93861069391651,-6.31589533166972,-8.51937720386069,-3.80347077711208,-5.56718402765528,3.62406310728724
2021-12-21,-0.32062915916,2.10452306420597,-6.87194020983066,-9.26190350856787,-4.14026673789518,-6.0563379508799,1.70858598526772
2021-12-22,-0.61297566308,1.91575128121964,-6.24645146718478,-8.42227025301484,-3.75890942984692,-5.50353590649706,1.78537490098462
2021-12-23,-1.172447484,1.68107551526602,-5.46655098067597,-7.37643707042131,-3.28430523364336,-4.8149754957809,0.826810663019565
2021-12-27,2.1502718733,1.61425907091694,-5.24565813383124,-7.08005737704817,-3.1500628059261,-4.61980467025951,0.873615946971827
2021-12-28,3.5446406968,1.38148190412514,-4.48128476619289,-6.04691621900061,-2.67991824658611,-3.94020232328334,1.39468177352005
2021-12-29,2.2783035402,1.23087106724051,-3.97997792270802,-5.37461658299129,-2.37430446655294,-3.49752934217119,0.917866328446814
2021-12-30,-0.29700708237,1.23301633169872,-3.98717386939526,-5.38456020746269,-2.37843853729724,-3.50391995047461,0.664157498625945
2021-12-31,2.8013290559,1.13037857401496,-3.64548387703848,-4.92680100426832,-2.1705341311409,-3.20243824421137,0.999371687670313
2022-01-03,-2.0674282531,1.0440305057397,-3.35758207338019,-4.54100224233977,-1.99511660220974,-2.94834570052377,1.68778533272144
2022-01-04,-0.80232161135,1.10593662664331,-3.56297886565127,-4.81707786765223,-2.12113530047717,-3.13018347008781,1.83266413998041
2022-01-05,2.8509149315,1.24048342703495,-4.0089924052956,-5.41645235530232,-2.39368511092087,-3.52471863499845,2.14899514201913
2022-01-06,-3.9263803682,1.27310425652376,-4.11730694750846,-5.56148532378201,-2.45933925395712,-3.62024185621691,2.74581302554425
2022-01-07,-0.65017996058,1.35411717046014,-4.38458994894174,-5.92167798294213,-2.62643158742683,-3.86785160098476,2.05859262897833
2022-01-10,-0.81220053753,1.49054626167619,-4.84161332158802,-6.53247050248591,-2.90403229491537,-4.27104490500507,4.39544455785656
2022-01-11,1.9086892489,1.43484209586174,-4.65242652398772,-6.28099203708146,-2.78974912367789,-4.10505497785385,2.62199684288773
2022-01-12,1.5318804553,1.77360650726385,-5.77840301749335,-7.791734238605,-3.47644164083402,-5.10220363061985,1.61660405304998
2022-01-13,0.36438168991,1.59941568852375,-5.20443423888661,-7.0183562922833,-3.12509817322903,-4.5918607294064,2.07999334977339
2022-01-14,2.2974812797,1.46418706858307,-4.75593967702895,-6.41591221450539,-2.85105107633721,-4.19426778442947,2.69914815094082
2022-01-18,-0.57672045696,1.50232399129831,-4.88358359846741,-6.58611733294522,-2.92855813126007,-4.30675144781646,2.44194186888808
2022-01-19,0.050198003191,1.5927722117483,-5.18248968220659,-6.98844323711769,-3.11148530987621,-4.5722031137736,2.10126985317158
2022-01-20,-0.65782138472,1.50882049125723,-4.90216721478239,-6.61297642088157,-2.94072108039365,-4.32436021791582,2.01206158700894
2022-01-21,-0.35353535341,1.45017554332452,-4.7039854138942,-6.34987978798139,-2.82100665558458,-4.15045004610236,5.75235506857622
2022-01-24,2.5004223686,1.4481855948482,-4.69230945955,-6.33733404718703,-2.81605241065877,-4.14207507042906,9.32712812683355
2022-01-25,-1.2691610352,1.94575508453695,-6.35024575985449,-8.55899081090351,-3.82669587053586,-5.60807658485385,5.94742856609914
2022-01-26,-2.6599888703,2.37941284837723,-7.79552982481973,-10.4964236133904,-4.70608368218092,-6.88624665890714,7.81621039310654
2022-01-27,-1.6693345529,2.17342423459169,-7.10559176722889,-9.57367368148319,-4.28716985443105,-6.27659595359196,4.84455662627803
2022-01-28,0.098837209225,2.42874035424033,-7.95222947847764,-10.7111230869198,-4.80344298024422,-7.02699409064167,6.22257566322681
2022-01-31,0.011616425763,2.24746055648165,-7.34954578049474,-9.90233116741229,-4.43580532655814,-6.49316919431763,2.94594021389088
2022-02-01,1.6783785353,2.36681576819123,-7.74286081256065,-10.4331092477722,-4.67659659807516,-6.84348869873216,2.20909811221086
2022-02-02,0.25702535986,1.96644818794967,-6.41341436722301,-8.64905034075889,-3.86647687328984,-5.6666296085541,2.14476701785168
2022-02-03,-1.9028086366,1.81302610402561,-5.90299851594329,-7.96491893134513,-3.55577821326062,-5.21524376005793,2.26295532396961
2022-02-04,0.51106336014,1.67212760643357,-5.43351504188761,-7.33624283866561,-3.26989123852682,-4.80028388235668,2.55956302349829
2022-02-07,-1.8894089097,1.62088006577232,-5.26193135402487,-7.10710258573242,-3.16558301060843,-4.64900091036596,1.68721460007779
2022-02-08,-2.1024734982,1.5601646123408,-5.0615606881077,-6.83793780230771,-3.04334702711532,-4.47130699153541,1.48053446369295
2022-02-09,-1.0347109426,1.41664351955826,-4.58526067899136,-6.198971895503,-2.75316536646539,-4.0497613274131,1.0089233464002
2022-02-10,-1.2765181449,1.36640698681186,-4.4193411733337,-5.97626547783818,-2.65215271286814,-3.90278728800608,2.07407761783906
2022-02-11,-0.48642324973,1.26401225065754,-4.07905119867088,-5.51923635959214,-2.44464815829219,-3.60150660008167,3.67177578031742
2022-02-14,-1.1384729613,1.40424680811605,-4.54164151572092,-6.14173257170809,-2.72777272122624,-4.01208773107063,3.71054418870548
2022-02-15,-0.056327450329,1.63005862940927,-5.28695177688113,-7.14469926088584,-3.18373567709928,-4.67347468282536,0.901097231182384
2022-02-16,-0.29432024548,1.68546827102694,-5.47111783863291,-7.39305682443041,-3.29622886296407,-4.83689675295818,1.50646968107934
2022-02-17,6.9777666124,1.32447436922333,-4.27640106461966,-5.78668088273526,-2.56700538168286,-3.77786665623267,1.10700491910048
2022-02-18,2.6125755885,1.41948842922049,-4.59574609454202,-6.21260770846322,-2.75945159446745,-4.05874946206718,2.0584150589766
2022-02-22,-0.097265133263,1.33614455139611,-4.31900122936077,-5.84079004050133,-2.59067200145748,-3.8136085042336,3.21124990250939
2022-02-23,0.7044270089,1.41555640039116,-4.58043171195394,-6.19282242105244,-2.75046437502205,-4.04584457468628,2.03162268244589
2022-02-24,-1.6719745224,1.54574237800972,-5.01350484330506,-6.77401758148056,-3.01412921680111,-4.42903815908292,7.72830386682581
2022-02-25,-0.16794069961,1.42905471429832,-4.6257298952167,-6.25199053820497,-2.7787952865006,-4.08526851285951,2.87355412140757
2022-02-28,-0.42345843722,2.15664728072482,-7.03736825085253,-9.49234412114783,-4.24965702803513,-6.22175789518927,2.96081765816714
2022-03-01,1.8466736574,1.73263091215804,-5.63294488674905,-7.60503831894125,-3.39298895721697,-4.977373731516,2.79477768956898
2022-03-02,0.82937710922,1.76005533128709,-5.72640799200233,-7.72853623417913,-3.44893494575037,-5.05920189390217,2.39899908026473
2022-03-03,-2.3598820059,1.73137071010465,-5.63234457235616,-7.60148898664092,-3.391066232598,-4.97551583461809,2.43880056374608
2022-03-04,-2.0218452243,1.69414097818168,-5.50932642182225,-7.43617628642105,-3.31710471415199,-4.86682993128393,2.70348790455917
2022-03-07,0.14231499063,1.56528271937538,-5.08019177868103,-6.86128356044688,-3.05607401296185,-4.48741048340778,3.5424757335548
2022-03-08,2.3152534344,1.59249978638185,-5.16866291109807,-6.98099415433059,-3.11043629863137,-4.56621026774549,8.90466493323364
2022-03-09,-0.138896927,1.70302904210842,-5.52750360068207,-7.46627726485795,-3.33147469597862,-4.88614891372325,3.09020365426298
2022-03-10,-2.1269197334,2.32111091916026,-7.57061411151009,-10.2145766971218,-4.58109464960045,-6.69793768445678,2.52851360998209
2022-03-11,-0.93557555656,1.81913555672889,-5.90791446996209,-7.98143383582952,-3.55847030269195,-5.21359045151422,2.88484514183372
2022-03-14,-1.781231321,1.76390650368378,-5.72673818201422,-7.73724616012488,-3.44793631036259,-5.05293028046172,3.8763430928335
2022-03-15,-2.5864167476,1.80578936482516,-5.8633385592558,-7.9220029694663,-3.5313827219519,-5.17434570148137,2.54837261946994
2022-03-16,1.668020241,1.9126023193453,-6.2138089714733,-8.39566117051,-3.73342903890976,-5.47825955629349,4.06695875351365
2022-03-17,1.2965466389,1.62687063451987,-5.26818503807302,-7.12393976992117,-3.15957614447096,-4.64322872265075,2.04269120559089
2022-03-18,0.16378525943,1.81240174721674,-5.88483446237863,-7.9517460316823,-3.53355902780534,-5.18687977365224,1.66115251304217
2022-03-21,-1.1627906979,1.58020064310386,-5.11878976833912,-6.92074342968108,-3.06805445357872,-4.50974646410557,2.779111501134
2022-03-22,2.0588235295,1.50248676435708,-4.86151560633955,-6.57496820616208,-2.91189009844286,-4.28262737445892,1.27612526961781
2022-03-23,-0.19812680121,1.60621768612668,-5.20444231068982,-7.03617835905269,-3.12016183250544,-4.58555708168543,1.77006711369532
2022-03-24,-1.8408229562,1.38672807974439,-4.47862118750953,-6.06030641215639,-2.67940757034692,-3.94460348600055,2.3631870154045
2022-03-25,-2.3717595145,1.3837277903227,-4.46694222065421,-6.04565211176821,-2.65910841706652,-3.93111554419423,1.76201029410523
2022-03-28,-1.1676082862,1.46862041009095,-4.74783322804441,-6.42357152230539,-2.82878029173641,-4.1789771358176,1.54304019506941
2022-03-29,3.4997459348,1.39405608099679,-4.50246856439775,-6.09300704898951,-2.68022594325347,-3.96208956163748,1.41684927176372
2022-03-30,-2.7186253452,1.32172476592482,-4.26577198328096,-5.77351313687996,-2.53646426954227,-3.752407456225,1.35979567260743
2022-03-31,-2.3908655059,1.30696512731825,-4.21852180462546,-5.70993048147256,-2.52089500580365,-3.71217312865753,1.7206729351319
2022-04-01,-2.6562399017,1.28451338197436,-4.14410500328199,-5.61014810685612,-2.47580232671369,-3.64668607141023,1.78245962327934
2022-04-04,2.9677333687,1.31395576958362,-4.2415899882578,-5.74180962427807,-2.54359089129235,-3.73394400305593,1.18216754493949
2022-04-05,2.9015410408,1.32241814764092,-4.27161515260569,-5.78090841084368,-2.56129923310235,-3.75962382632056,1.39815248071152
2022-04-06,0.64540384719,1.22320380857628,-3.94427808481235,-5.33971074762469,-2.36168851251932,-3.47007739873699,3.18003024595586
2022-04-07,2.0918939112,1.25404941074689,-4.04336557035606,-5.47432173039495,-2.42251150793894,-3.55841276832275,2.14907842052439
2022-04-08,0.85376265397,1.54143284745302,-4.99362074350891,-6.75208303308857,-3.00093613217891,-4.3971718326544,1.58632581374469
2022-04-11,2.0800580482,1.42133851627688,-4.59777598625657,-6.2185142308591,-2.75947239172299,-4.04699605873917,1.44484105965833
2022-04-12,0.82336216074,1.33972488171933,-4.32880027511869,-5.85545752675342,-2.59490786731985,-3.80872282186767,2.43131990222909
2022-04-13,2.2677868516,1.32783778103474,-4.28740212437051,-5.80148772782976,-2.56292532697487,-3.77142521486569,1.31915692834253
2022-04-14,0.37341299467,1.48573710965901,-4.81700549133632,-6.5093744454803,-2.88305541078087,-4.23598390540797,1.53827260810843
2022-04-18,0.50366300384,1.28081490881011,-4.1379048194117,-5.5962907419966,-2.47056965256258,-3.63674307599292,2.07175896721874
2022-04-19,1.9134396354,1.29186270199677,-4.17314474698596,-5.64396204927047,-2.49223904914501,-3.66806284490478,1.46481366774977
2022-04-20,-0.6649530621,1.37876384630215,-4.46126651910703,-6.03064096706597,-2.66728289110196,-3.92197064062867,1.75773316833582
2022-04-21,-1.7775777689,1.2960081146811,-4.18561472869848,-5.6608672937915,-2.50017298569284,-3.67921338802242,2.65366543590407
2022-04-22,-0.1718114655,1.31578977321322,-4.2488510942852,-5.74853237320163,-2.539066837262,-3.73663534556974,3.56133972205901
2022-04-25,2.3693419769,1.47335665155429,-4.76926978524978,-6.44890686935625,-2.85532883373888,-4.19625990254358,6.51231094528582
2022-04-26,-1.8941941268,1.63673300315866,-5.30525148427903,-7.17198527990725,-3.18172791191178,-4.6708783177765,3.79117627765462
2022-04-27,-1.8450816863,2.03468840363717,-6.62146805295203,-8.94180111995805,-3.9816907089467,-5.83270534471291,5.01675435215618
2022-04-28,0.18041087114,1.82709763017667,-5.93104364440458,-8.01570729371292,-3.54401941034711,-5.21718573730575,4.69755532878597
2022-04-29,-1.190891135,2.01641605622194,-6.55630403609744,-8.85712140432236,-3.92212769121209,-5.76858074826986,6.42658219492733
2022-05-02,-2.5515903346,2.03162345127861,-6.60486259861965,-8.92338566746762,-3.95164076557533,-5.81172696864299,7.29585467713328
2022-05-03,1.1523378582,2.23925084719376,-7.29056556605263,-9.84571277445154,-4.36592525169638,-6.41596512689121,4.25607769395483
2022-05-04,1.6342598115,2.32557175023815,-7.57500903532156,-10.2290716999628,-4.53842184730335,-6.66739779429136,6.78897684851709
2022-05-05,-2.9988262911,2.08323095135785,-6.77357007791004,-9.15049329154531,-4.05332449572111,-5.96047724101532,6.63311766476968
2022-05-06,-0.13309940086,2.32995717128597,-7.5860435560934,-10.2450458336746,-4.54476549679126,-6.67736091088623,8.91838061049966
2022-05-09,1.4115223843,2.35583874673389,-7.67289386007868,-10.3588250540081,-4.59508452370728,-6.75158633936323,5.9543305040848
2022-05-10,-0.10155316604,2.57103244091913,-8.38301635676358,-11.3145749341385,-5.0249901849876,-7.37824040088686,5.10128879045689
2022-05-11,-0.4843628536,2.32696830648273,-7.57728750806215,-10.2309651949939,-4.53835573465815,-6.66828584570132,8.95032426139155
2022-05-12,-2.7821175338,2.27741601634126,-7.41384732738281,-10.0075579567881,-4.43683454185598,-6.52175789153131,18.4052129634215
2022-05-13,0.67371283749,2.61209743274594,-8.52354076665895,-11.4879040879594,-5.09985842141379,-7.49142267715969,4.24949697128745
2022-05-16,-3.7328094302,3.3522686528446,-10.9588583798149,-14.7684173454037,-6.57254931205079,-9.64264612850652,4.5010752382396
2022-05-17,-0.14668367339,2.39212152280817,-7.78814603941565,-10.5071104995302,-4.65929347937975,-6.84908944605627,3.05496743565367
2022-05-18,4.515552149,2.3840207475583,-7.76126506137603,-10.4712309120968,-4.64412648019269,-6.82472639890291,3.70074400615208
2022-05-19,-3.6604742116,2.23194700248262,-7.26146237273319,-9.79955955323279,-4.34379560557266,-6.38519129874839,7.39733209554264
2022-05-20,0.19663812236,2.18742328593601,-7.10842975596577,-9.59687312847432,-4.25124443497642,-6.25201194834024,6.29218269287313
2022-05-23,0.96226892892,2.28242933887158,-7.41658490126237,-10.0168008784079,-4.44010111314585,-6.52761402439818,6.32685353517791
2022-05-24,4.1008276899,2.23447329859281,-7.2527722240072,-9.80157372994913,-4.34384073292016,-6.38710502472867,5.61574107592497
2022-05-25,-5.5716178774,2.27331372891297,-7.38000685172796,-9.97257739886176,-4.42105103780995,-6.49949428995252,4.65056405520829
2022-05-26,0.47272262673,2.26458481486741,-7.35109569006473,-9.93227135914152,-4.42831510891164,-6.48135863825304,2.85265518741996
2022-05-27,-3.3189216684,2.20206406946869,-7.15286700846058,-9.65918932084997,-4.30420233359496,-6.30182407865926,1.70530016858745
2022-05-31,1.6112061028,1.95037489726239,-6.33171511582122,-8.54679411059164,-3.80013787968395,-5.57141204277023,4.37053557481263
2022-06-01,-5.184130477,1.73126976723141,-5.60348448701247,-7.57198755127725,-3.36121754934825,-4.93226090323571,3.49264439105008
2022-06-02,-2.6894197952,1.94958456982181,-6.3241094231182,-8.53900661901904,-3.80549584811073,-5.577343051454,2.59082498488537
2022-06-03,3.1916386084,1.81515378552435,-5.88412736769862,-7.94542901552191,-3.53623137512539,-5.186822796532,2.98367237839074
2022-06-06,-1.0672286045,1.66870376269692,-5.40054800807179,-7.29615760090572,-3.24358652630843,-4.76035070071612,2.82565758937176
2022-06-07,2.5422564244,1.71341644627004,-5.54832218721691,-7.49563126722196,-3.33382062758087,-4.89135724319604,2.27330474003215
2022-06-08,-5.6419190566,1.72161430560381,-5.5783061335968,-7.53349368544366,-3.35151354863558,-4.91626607852366,1.72790787520588
2022-06-09,-2.4641386165,1.60497415486415,-5.26557363826087,-7.0321959578463,-3.12238394382604,-4.59645497747502,2.10146677303284
2022-06-10,0.17473607568,1.48830302287118,-4.87560598927502,-6.51386807651027,-2.8882697629166,-4.25509074923684,3.3149236143218
2022-06-13,4.0119194709,1.51808496819626,-4.97337418591499,-6.64400331951531,-2.94696306396966,-4.34092954055244,5.64960395269533
2022-06-14,-1.9215987702,1.6662708509907,-5.46451489486409,-7.29743354286685,-3.24179110663582,-4.77186973429148,3.86719491471699
2022-06-15,0.11399259037,1.964343336773,-6.4589417714244,-8.61977680059097,-3.83901197455275,-5.64245180944822,7.99612965309541
2022-06-16,2.319954455,1.82204749648435,-5.97774489900468,-7.98060704608443,-3.55026466322067,-5.22191560174667,4.1868933882695
2022-06-17,4.0756711642,2.31459451123461,-7.62198185214345,-10.1661648866695,-4.53753807044012,-6.66142018099942,5.02446787345653
2022-06-21,-0.53461641264,2.03608817792515,-6.6933609348539,-8.9309752368412,-3.9798110461655,-5.84841648724598,2.33622712912492
2022-06-22,-0.087342112329,2.14381175190193,-6.95076371117092,-9.32973638778228,-4.18878955575829,-6.12468371876628,3.20131631206104
2022-06-23,1.681124336,1.8263532095105,-5.90656151749284,-7.93305015909402,-3.55371046990038,-5.20274210846063,3.03671986036577
2022-06-24,-3.8555651082,1.89368317671626,-6.1285080692042,-8.22948341315486,-3.68871786839248,-5.39851326581516,1.75340403060905
2022-06-28,0.52276791848,1.76127457154238,-5.69457888640604,-7.64771120138413,-3.43055474283059,-5.01750092993924,2.10940875361515
2022-06-29,1.7585876558,1.55595546129489,-5.01938800666497,-6.74487692690978,-3.01913351051584,-4.42115489895863,3.40038431470315
2022-06-30,-0.50433730075,1.51654202703343,-4.88786069052907,-6.56977066894369,-2.93925359426587,-4.30553213206043,4.97765001786012
2022-07-01,-3.5955663694,1.69081772670163,-5.45754922166597,-7.33294777666723,-3.28691610585661,-4.80971045998961,3.42459465693224
2022-07-05,-3.8628715648,1.89393099470175,-6.12500150205821,-8.22490415427387,-3.69287222687476,-5.39852618493231,2.97829694825038
2022-07-06,-3.8284839202,1.74832486124449,-5.64644277793264,-7.58450864516853,-3.4153763398882,-4.97889602455433,3.78018836065179
2022-07-07,0.66727327867,1.73031734758428,-5.58663193965357,-7.50604319777801,-3.38576657939652,-4.93059136607755,1.73435530070094
2022-07-08,2.011147936,1.85093745999,-5.98457945482609,-8.03770904220352,-3.6289383024273,-5.28200587334727,1.40999244765416
2022-07-11,-3.9651480468,1.59309367835347,-5.13891770130521,-6.90641544816297,-3.11019669016746,-4.53412155345181,1.46146484821166
2022-07-12,1.1533138551,1.45497242250718,-4.68620683275932,-6.29945192339674,-2.83727137290617,-4.14172445181777,2.34325820253321
2022-07-13,3.2760717544,1.40308687259204,-4.51515079274568,-6.07100915766935,-2.73269190777786,-3.9904236638748,4.92526078476624
2022-07-14,-0.38271877538,1.49638696337982,-4.81777173613186,-6.4771640126288,-2.9195800173488,-4.25973129226949,2.88022362498118
2022-07-15,2.1573697821,1.81173469722159,-5.85444031569108,-7.8622334006316,-3.55458749473532,-5.17742395188138,2.18529658504163
2022-07-18,2.4517248861,1.62309443222346,-5.23571903370381,-7.03422348071425,-3.1747886243787,-4.62878519504948,2.2234212628337
2022-07-19,0,1.56328131046556,-5.03953497387628,-6.77209129604415,-3.05471836254754,-4.45515377433057,1.43172990903284
2022-07-20,-2.9789637159,1.58567359816314,-5.11442751735254,-6.87150218421043,-3.10002527488411,-4.52092940361712,1.80257589931794
2022-07-21,1.3023864958,1.46436856385128,-4.71612400342644,-6.33847226548074,-2.86078504488686,-4.16859381919888,2.48788172038378
2022-07-22,-1.802772391,1.41630910266944,-4.55756618015655,-6.12650137811792,-2.76345408279142,-4.0281237639256,2.11120634746374
2022-07-25,1.616442364,1.48984300175182,-4.79943564987468,-6.44926294454812,-2.91186338692034,-4.24199944159615,1.56002528342918
2022-07-26,1.8930396604,1.43874220628768,-4.63181602035375,-6.22608078644047,-2.80886235205443,-4.0942067729988,1.06904919256638
2022-07-27,0.96072336819,1.34585016669693,-4.32699383325297,-5.8188712037328,-2.62132456009504,-3.824261741412,2.09978769677111
2022-07-28,2.3999440247,1.26388368110924,-4.05696395756897,-5.45927009636923,-2.45598277519226,-3.58595054048814,1.66203782962222
2022-07-29,0.47147249752,1.41292722053736,-4.54757095700297,-6.11446647934137,-2.75716325965645,-4.02028256735459,2.63985485350779
2022-08-01,-1.475788901,1.32964239643461,-4.27310741901894,-5.74682601370562,-2.58843982203723,-3.77649820788176,1.81207375926369
2022-08-02,0.68337129851,1.4730059459084,-4.745232024979,-6.37686949987597,-2.87796029341024,-4.19409277384956,1.89361655986518
2022-08-03,-0.25366790078,1.37349039459003,-4.41810191692099,-5.93892743099297,-2.67660005309961,-3.90373736280805,1.55202207416703
2022-08-04,2.0482507389,1.40699304514639,-4.52866477044647,-6.08593896697415,-2.7442065741429,-4.00112844916125,1.65948574547329
2022-08-05,1.1450124604,1.34375979922992,-4.32063657172256,-5.80782778478519,-2.61635786393619,-3.81677392630007,1.56139847128865
2022-08-08,-2.0643270959,1.35726204956239,-4.36493824412607,-5.86701777510236,-2.64353626415347,-3.8560191788927,1.70906405956703
2022-08-09,2.672196913,1.30809745022406,-4.20365481176548,-5.65172945169864,-2.53995055639404,-3.70021910532119,1.38168256406874
2022-08-10,1.3509933775,1.32514236337435,-4.25981881077416,-5.72706768492844,-2.57459889330039,-3.74999809331299,1.44298730477056
2022-08-11,1.5094093047,1.2621371968355,-4.0527160807657,-5.45126376937412,-2.44821550162393,-3.5678182569649,1.30729023191822
2022-08-12,-0.81107177348,1.26731833571755,-4.06993606472652,-5.47412253091018,-2.45866266659535,-3.58290567867814,0.805441665528408
2022-08-15,-0.73982737367,1.23479579536262,-3.9634080134906,-5.33174975194884,-2.39329205038389,-3.48883912606924,0.808691018066744
2022-08-16,-0.88264138603,1.12693818276522,-3.60859908425637,-4.85804067120834,-2.17600400331238,-3.17590975699102,0.916497898604052
2022-08-17,3.4234828498,1.09133587356741,-3.49155492956329,-4.70215722064692,-2.10463829346424,-3.0729999819348,1.96425646858625
2022-08-18,0.35716563561,1.09059967123343,-3.48889606947383,-4.69789580008728,-2.102494619474,-3.07010913491778,1.16443422287364
2022-08-19,3.2793136319,1.27058495035577,-4.08163984025915,-5.48947790870006,-2.46557861788875,-3.59303919786193,1.06714742504374
2022-08-22,-0.61534674787,1.1447717479097,-3.66735767966559,-4.93618108076886,-2.21172832515863,-3.22746452172271,0.90392903108749
2022-08-23,-0.92873506292,1.13796816954547,-3.64520841093035,-4.90731779769498,-2.19867479585135,-3.20848126373918,1.36855299315527
2022-08-24,3.8247609524,1.11355741425399,-3.56479524668702,-4.80053611474618,-2.14983462846267,-3.13798065810012,0.990966497702997
2022-08-25,-0.19262023716,1.20242627095956,-3.85693151437648,-5.19140785893202,-2.32924524076737,-3.39617527739758,0.863965142827723
2022-08-26,-0.13890566488,1.10693664245113,-3.54299968709146,-4.77140938537018,-2.13640409119138,-3.11868925398749,2.99276109839236
2022-08-29,-0.29029331727,1.0743459897206,-3.43522010002597,-4.62679715111262,-2.06996175697039,-3.02313603437087,2.39029506620841
2022-08-30,0.030326924207,1.4468162938464,-4.66076771037565,-6.26507645686472,-2.82191960108333,-4.1055405902422,2.41422134469451
2022-08-31,2.6194518554,1.41446911025673,-4.55435627160189,-6.12208109767672,-2.75617981931042,-4.01103765869084,2.36555975943053
2022-09-01,-0.4431576459,1.44816945105917,-4.66514293569732,-6.26999064151041,-2.82414657799174,-4.10879114142017,2.83101496622872
2022-09-02,2.1425603894,1.48197892353182,-4.77667803014809,-6.41854777646228,-2.89213854085561,-4.20688755165121,2.74990905762109
2022-09-06,0.63335270188,1.5916433726769,-5.13748385322075,-6.90061512191098,-3.11360009203721,-4.52548210164451,2.95815921087165
2022-09-07,-0.092384086838,1.57655034396901,-5.08849192441797,-6.83495424274226,-3.08334873531081,-4.48205542302192,2.12188628798303
2022-09-08,0.87846038259,1.6154860042078,-5.21890080750164,-7.01016735934405,-3.16384675436897,-4.59782215790546,2.7210885625733
2022-09-09,-0.22916069902,1.51075559741853,-4.87385010007858,-6.54878414574089,-2.95215561207505,-4.2930076942399,1.10597923050337
2022-09-12,-1.5101923628,1.59117801142572,-5.13834734908049,-6.90339594480653,-3.11527248082339,-4.52742632288558,1.49781922146967
2022-09-13,-2.3029384328,1.34057745951589,-4.31318460258858,-5.80110903513377,-2.60907563020274,-3.79899095552659,2.48130847875686
2022-09-14,-0.20290028051,1.3545902505513,-4.35948397655724,-5.8623403027451,-2.63696359283155,-3.83940644529744,2.55243882114524
2022-09-15,0.17939364952,1.46836841589774,-4.73425986977706,-6.36182335225982,-2.86580694825977,-4.16929313859552,2.60912001051722
2022-09-16,1.4922700411,1.49063321972401,-4.80726030614649,-6.45884650966151,-2.9101820000816,-4.23335142625469,2.85911147780391
2022-09-19,-3.7699229547,1.49553610950962,-4.82350673500179,-6.48070015432671,-2.92028480936992,-4.24781165590772,2.07503796727576
2022-09-20,-1.3690257915,1.57460762784282,-5.08319467232237,-6.8273040813088,-3.07900158648988,-4.47955170383309,2.38582266824888
2022-09-21,-1.5305490148,1.49723131605489,-4.83018023164353,-6.48906405389146,-2.92368060419404,-4.25591657766611,7.46911208756647
2022-09-22,-1.06349506,1.53285167845857,-4.95093232146703,-6.64625698337611,-2.99472195514415,-4.35951116050818,3.1031021825048
2022-09-23,0.47067803062,2.14874597029235,-6.98035268652366,-9.35749821990987,-4.23795247154911,-6.15138144285614,2.42442245473272
2022-09-26,-1.3611040768,1.75569361523707,-5.68579235577173,-7.6285196194435,-3.44559548373039,-5.00888212304055,3.69803892698455
2022-09-27,-0.82151338165,1.67407205700134,-5.41684884650438,-7.2685749636414,-3.28036919915706,-4.77093618186635,3.33873885256919
2022-09-28,0.92538665613,1.84573857466187,-5.98237855828857,-8.02300213827279,-3.62573247373264,-5.26932576830708,4.89709520134426
2022-09-29,-0.9617850731,1.83378947578319,-5.94313753571117,-7.97013386539968,-3.60175130188906,-5.23452701120484,3.55569760218092
2022-09-30,1.8839829083,1.92604930923018,-6.24968782753078,-8.37992229670189,-3.7897211347193,-5.5053810563565,4.15123285792927
2022-10-03,3.8507974836,1.80746309557952,-5.8563942591903,-7.85554466028997,-3.54958968451733,-5.15891470045118,2.70350244694139
2022-10-04,-5.8679556997,1.90562517237878,-6.18076660505329,-8.28925894216425,-3.7488959816274,-5.44575232348973,1.85389594373434
2022-10-05,0.95553822157,1.73862361533133,-5.70579983051299,-7.55995008543305,-3.41065723545462,-4.97787214621055,2.13963231377427
2022-10-06,-1.892988217,1.60902660938252,-5.27217769774317,-6.98748232609725,-3.14209803389705,-4.59663239892294,2.59807235327502
2022-10-07,-1.0960162764,1.56792365401203,-5.1345316664844,-6.80584201529191,-3.05922169339909,-4.47631728301268,1.78424804019065
2022-10-10,2.5082946251,1.59430851813807,-5.22428312417834,-6.92413354944403,-3.11269720397621,-4.55455796098321,2.91738524576797
2022-10-11,1.5665458312,1.43049752385724,-4.67659407913025,-6.2015495249016,-2.78242619667121,-4.07587089757428,2.9069866091949
2022-10-12,-2.0267686424,1.57347240853771,-5.15370531765357,-6.83088235880696,-3.07068386465528,-4.49304933312738,2.3585655137428
2022-10-13,-0.63752276874,1.60160878122525,-5.2462990891731,-6.95331154087211,-3.12678415857144,-4.57418089901387,8.91651287015362
2022-10-14,-1.5123739689,1.54608684190848,-5.05437618111658,-6.70072429896964,-3.01383024713239,-4.40706673666345,4.28676579157018
2022-10-17,0.22601874643,2.30421986761061,-7.58162612226435,-10.0355039585755,-4.54079633122037,-6.61649700498741,1.68362542241819
2022-10-18,0.65662930283,1.96122638792329,-6.44727381105717,-8.53764633579123,-3.852050065383,-5.62364433432865,5.81330869974525
2022-10-19,-1.2651555086,1.6754755821734,-5.49858004135975,-7.28371943489738,-3.27827456780608,-4.79268854077265,3.28241442486865
2022-10-20,-4.9119060333,2.1293980547184,-7.01786746130492,-9.28674935157571,-4.19476898885018,-6.12008175352193,2.95389565441489
2022-10-21,-3.0039303761,1.92690134101083,-6.33992725979158,-8.39365873243348,-3.79002947153374,-5.53666802464383,3.00280996877879
2022-10-24,3.0752532561,1.75664527375447,-5.77087477661317,-7.64269183266466,-3.44590709421894,-5.03833047198828,3.61080415660528
2022-10-25,2.5623025625,1.7280251203212,-5.67507376054307,-7.51576159862993,-3.3872319014762,-4.95420389532614,1.47746096864255
2022-10-26,0.2053388087,1.83561553801224,-6.03653901593551,-7.99177612509419,-3.60423694151381,-5.2701920909282,3.1098810481309
2022-10-27,-0.66256830596,1.49513840670733,-4.89790366208674,-6.4902643758338,-2.91712217057115,-4.27383986949968,3.60596131510412
2022-10-28,-3.6718696279,1.67276880241995,-5.49277082697311,-7.27465387715833,-3.27609510192602,-4.79439289910222,6.09451775349204
2022-10-31,0.2355628525,1.74192868003738,-5.71915493287253,-7.57399328273667,-3.41840109580864,-4.99513652541702,3.39288437393913
2022-11-01,-1.0254949439,2.04645674921468,-6.65423569530346,-8.88834105666954,-4.02880803681467,-5.85895821150893,2.38223934584046
2022-11-02,-0.46049791317,1.79123069209831,-5.81218120356294,-7.76737684480194,-3.51390187929114,-5.11566887613633,11.1975548231651
2022-11-03,3.3612837935,1.71231784222956,-5.54363771465426,-7.41105031954088,-3.35094969723506,-4.87973005893869,3.15909456876288
2022-11-04,-3.2240016785,2.59806162897455,-8.4640675152821,-11.2976255835945,-5.13899270576163,-7.45753826699087,7.40052720093865
2022-11-07,2.9122705593,1.97400953168231,-6.40494146607976,-8.55615206378468,-3.87915570849776,-5.63963386384111,3.68397575110296
2022-11-08,0.94094515844,2.34579721590841,-7.6324809871619,-10.1889127995102,-4.63018948494269,-6.72249549042356,3.72167382675087
2022-11-09,0.076521739356,2.05659963004156,-6.67733288727255,-8.91965620679671,-4.04686786490152,-5.88103476584956,2.4720512677701
2022-11-10,-0.32670652054,2.08795369628755,-6.78882901185832,-9.06401785171148,-4.1086080254462,-5.95560813379548,3.48478381856681
2022-11-11,2.7059069671,1.77708693390608,-5.76165495470399,-7.69850442857377,-3.4814469647075,-5.05323781225062,4.07527811807018
2022-11-14,1.4802743261,1.88238226755931,-6.10690247485592,-8.15972626807025,-3.69361358639346,-5.35853019723358,2.26638078075549
2022-11-15,1.9337571095,1.8604934766367,-6.03723954967271,-8.06536515823318,-3.64972353366485,-5.29607702454212,5.10993694489015
2022-11-16,-1.9627149796,1.64113891811385,-5.31078039310185,-7.09984992098845,-3.20669523400634,-4.65771879115235,2.04735126869804
2022-11-17,-3.046534985,1.95189375650625,-6.33914475618291,-8.46565278720601,-3.8337549212178,-5.56022050013452,2.2610086559933
2022-11-18,7.5552486187,1.64387886722636,-5.32191718485091,-7.11269959362019,-3.21264283179409,-4.66593278579573,2.39155836415298
2022-11-21,-1.5410299215,1.63186787545782,-5.28384654578021,-7.06187816660675,-3.18844360973697,-4.63248856253596,1.52949739279091
2022-11-22,-1.7542715535,1.59981947495367,-5.17876501002998,-6.92084870143688,-3.12398458341273,-4.53904246765225,1.04632059888925
2022-11-23,-3.7305011615,1.47947962187239,-4.78451653362412,-6.39533744253566,-2.88194015051054,-4.19158397992722,1.88325485898098
2022-11-25,-4.2405019653,1.2885867071731,-4.15425023589218,-5.5571662632839,-2.49916586636561,-3.64765810339535,0.804153464500802
2022-11-28,-0.19473494413,1.39114521806291,-4.49499815334918,-6.0083206128227,-2.70916315616883,-3.95872017829471,1.37102576568726
2022-11-29,0.390229802,1.19531376001483,-3.84828367685367,-5.14845924517481,-2.31383875334016,-3.38745661053153,2.61524320295628
2022-11-30,0.41750647852,1.23961032451868,-3.99190737505873,-5.34064399394967,-2.39992876067121,-3.5151124488493,3.83423711931316
2022-12-01,-3.3189964155,1.43797362909813,-4.64267011187344,-6.20875300032057,-2.79946131122915,-4.09209742044123,2.48253421276083
2022-12-02,8.8974568102,1.65356405402269,-5.3543246864689,-7.15543309040768,-3.23770939423892,-4.7218980883075,1.95633417736763
2022-12-05,1.9268741062,1.51961628070464,-4.91572461297677,-6.57281419861233,-2.97068445467636,-4.33479930805297,2.52960865832359
2022-12-06,-0.94856379428,1.49155995935276,-4.82368115702435,-6.45105834495552,-2.91544945142165,-4.25402564162012,2.10618046756815
2022-12-07,1.1869436203,1.58459286377042,-5.13157481289717,-6.86076710921177,-3.10428305190235,-4.52644770053221,3.67153817462652
2022-12-08,-0.83311117032,1.52250957920573,-4.92565942174737,-6.5856674592921,-2.97708299823536,-4.34346008977062,2.22166626465831
2022-12-09,1.2971301834,1.68614959803532,-5.46727375494052,-7.30486946248092,-3.30809796750891,-4.82155648705514,2.87467769734717
2022-12-12,0.37818471337,1.52099710905004,-4.92190370810371,-6.57791093069668,-2.97318527267504,-4.33823102513302,1.5817245896051
2022-12-13,-2.1680216801,1.61859428642924,-5.24517361654652,-7.00798616606667,-3.17193806207988,-4.62433187152676,4.5893279051876
2022-12-14,1.4661171541,1.44436255414856,-4.66766891226907,-6.23954125637372,-2.81722719627015,-4.11327241124513,6.98357596100545
2022-12-15,0.59262218674,1.83183032800307,-5.94654615728022,-7.93881172662518,-3.59938308228468,-5.24300497611653,2.66412218425495
2022-12-16,-1.9593565896,2.11714171855745,-6.8921303470816,-9.19556980576359,-4.17890331838212,-6.07877719560828,3.64559254574257
2022-12-19,-2.6264263049,1.73798870056423,-5.57055608809458,-7.23513547539373,-3.40548352174607,-4.89435701348108,2.51264008909221
2022-12-20,-2.1148245735,1.85125206965773,-5.93879330492414,-7.71221010056681,-3.63409531071355,-5.21925703290652,4.0471794279819
2022-12-21,4.8593893889,1.76564063992817,-5.65728535753091,-7.34951857053458,-3.46099287369495,-4.97206925181845,2.72488399644789
2022-12-22,0.18915084765,1.89861994450663,-6.09537099675413,-7.91332073218797,-3.72985592861485,-5.35646216102673,2.90486431929959
2022-12-23,-0.33713168368,1.66430085214877,-5.32985586837686,-6.92349583834121,-3.25639934427538,-4.6822034955592,4.01812003115025
2022-12-27,-0.79832217043,1.69024662519611,-5.41285871306375,-7.03138232729215,-3.30833880930801,-4.75577383846431,2.14365846972147
2022-12-28,-2.5369978857,1.81145264818736,-5.80638270087852,-7.54215927195119,-3.55353107424511,-5.10348571241284,2.97361713044045
2022-12-29,-1.3784899588,1.61196284502332,-5.15364822430204,-6.6993805175404,-3.15090935814887,-4.52928176929481,2.3046135872243
2022-12-30,1.2132822478,1.67195292553789,-5.34909357936209,-6.95243422927856,-3.27194680801194,-4.7016001664451,1.88565094086158
2023-01-03,-0.3434980722,1.58965371203602,-5.08325918840404,-6.60688997553021,-3.10593942449964,-4.46634306502898,5.0704078883175
2023-01-04,1.6389983119,1.51397761726556,-4.83267742627211,-6.28366356646604,-2.95256967812416,-4.24649649196842,5.52833665818204
2023-01-05,0.67824762973,1.86951493413506,-5.99014190497136,-7.78128234364089,-3.66953410818135,-5.26672509795694,3.24044483585897
2023-01-06,-1.5535849318,1.98914978580083,-6.38445827280293,-8.28969127876614,-3.91165444566873,-5.61295863900446,3.56324013298069
2023-01-09,-4.6854269953,1.78498808800591,-5.72156722352954,-7.43144730620558,-3.50030103039904,-5.02801407194814,2.19886221716108
2023-01-10,-1.4578754578,1.8470141725701,-5.92133908024242,-7.69196807141388,-3.62922927562547,-5.21366129227551,3.33484133202861
2023-01-11,-1.5909597799,1.72198580131816,-5.51373498939548,-7.16409296769303,-3.37683810416815,-4.85373547293193,1.84610373497847
2023-01-12,-0.052882073032,1.79049151844731,-5.73837486810814,-7.45441227484532,-3.51594928047275,-5.05176195892136,3.42006918220366
2023-01-13,2.3809523809,1.5371588809644,-4.91022932130498,-6.38391032729561,-3.00299558142293,-4.32154857173465,1.85246664043845
2023-01-17,-2.3772609819,1.71067093723876,-5.47754422359506,-7.11730496839164,-3.35433621347592,-4.82177668615354,2.10038313642846
2023-01-18,-0.15394132952,1.49360170281614,-4.76897944954146,-6.20103185708317,-2.91531059905595,-4.19673231754039,2.20828558594824
2023-01-19,-1.3878355832,1.51795647788968,-4.84789075189299,-6.30356466363918,-2.96425164666973,-4.26664146349896,2.40696327509482
2023-01-20,-3.0685226487,1.49469205673679,-4.77132821359201,-6.20520160001963,-2.91727927568395,-4.19949250017977,1.85438006914699
2023-01-23,2.832434148,1.53355941851374,-4.90151471653919,-6.37089597536824,-3.01562088175308,-4.31309860071197,2.24779689871828
2023-01-24,0.24689452966,1.42081220655323,-4.53397634872891,-5.89450190722498,-2.78686938401889,-3.98817875147227,1.86191715265406
2023-01-25,-3.7404756407,1.47984632014181,-4.7261364664529,-6.14367275222079,-2.90658088595951,-4.15815180906737,2.48125717718507
2023-01-26,1.0314224035,1.42532654989945,-4.54573734872374,-5.91216665784012,-2.79797665488102,-4.00778419817482,2.11164803512611
2023-01-27,-1.0604621716,1.50675487046772,-4.8122006774636,-6.2563734878228,-2.96415933066096,-4.2430353785899,2.00302883458848
2023-01-30,3.6794112944,1.45399257165956,-4.64072319911684,-6.03428476054155,-2.85698160301143,-4.09120123379547,1.96554531957004
2023-01-31,0.40888751701,1.44442877146351,-4.60964336522156,-5.99351094323281,-2.83765265454837,-4.06340661420617,1.98050895315755
2023-02-01,0.44563964675,1.43112356946803,-4.56685303868786,-5.93747936767782,-2.81055251436471,-4.02514193428529,4.05492509652051
2023-02-02,2.1112216016,1.43645077723973,-4.58038257609498,-5.95706430211547,-2.81997280715657,-4.03865703779794,2.64205653829461
2023-02-03,-0.059929582767,1.71054501046048,-5.47634504303846,-7.11508167185751,-3.37913741701471,-4.83029272604338,8.21399050448238
2023-02-06,1.0119181472,1.57674869402413,-5.03306330071055,-6.54303801809431,-3.10253583329098,-4.43951593395905,2.27286244662657
2023-02-07,0.87563075103,2.22909827258955,-7.16014147122529,-9.29518568161173,-4.4300260012969,-6.32105739853642,4.36220473349607
2023-02-08,-0.53700161834,1.71309049940046,-5.47784676176279,-7.11775691899969,-3.37927390259725,-4.83250884052734,1.93982544175773
2023-02-09,0.044375415928,1.96691690443045,-6.305461217174,-8.18986591769606,-3.89711352859887,-5.56566454132641,1.97066946035479
2023-02-10,1.9220817625,1.68501578266857,-5.38915031136527,-7.00353436520011,-3.32497007479271,-4.75456861797307,2.53792189963778
2023-02-13,2.3500398927,1.67030516106823,-5.3417241653092,-6.94164852032544,-3.29521025471444,-4.71233949745317,1.28563635210279
2023-02-14,1.006307136,1.57559840052921,-5.0355184310549,-6.54373943856322,-3.10293794520375,-4.44033320358002,2.57034149074909
2023-02-15,-0.47007647499,1.40046274899474,-4.4625402057103,-5.8032908344776,-2.74553332486875,-3.93405579035697,1.8393297676066
2023-02-16,1.4803327222,1.49870008665959,-4.78339094929839,-6.21808093718699,-2.94569098466464,-4.21770610045052,1.52316056011386
2023-02-17,1.3684356767,1.40863807109172,-4.48945868920026,-5.83785219023805,-2.7619937386915,-3.95766701431129,1.52530211723587
2023-02-21,-2.0078119646,1.35430391648586,-4.31238729093059,-5.60869897318937,-2.65129527315089,-3.80092880785112,1.08247390655991
2023-02-22,0.90209790214,1.32055507494511,-4.20260468710599,-5.46666165763657,-2.5826620590599,-3.70374244606447,2.41309719143746
2023-02-23,0.79007554232,1.2534444965146,-3.98163389801387,-5.18190781493619,-2.44536257901858,-3.5090714489197,1.2689426217058
2023-02-24,3.7062504298,1.4205879201947,-4.52861269916803,-5.88851903975755,-2.78488551044684,-3.98217249983865,1.14622776780955
2023-02-27,2.4399946957,1.25293455868072,-3.98236270441467,-5.18098511532794,-2.44397712921993,-3.4994032691526,1.15180522825849
2023-02-28,-1.7928802589,1.22097556192306,-3.88395426622736,-5.04937469493059,-2.37963808885073,-3.40951965968026,0.934440923862027
2023-03-01,1.9244711,1.20708366948021,-3.83916908124378,-4.99113303376789,-2.35139674680663,-3.36973535164467,1.42140049886595
2023-03-02,-1.7652764306,1.16884241088208,-3.71557261316579,-4.83034648567764,-2.27362487840239,-3.26010856447756,1.34805863849727
2023-03-03,-0.6911532384,1.20240360808981,-3.82498513240645,-4.97217187894245,-2.34218654748765,-3.35681930632831,1.5471756910896
2023-03-06,0.24561869359,1.19432341244089,-3.79834760012798,-4.93800530396384,-2.32582862176291,-3.33354758974697,1.48312508452078
2023-03-07,1.8806701542,1.23661109059656,-3.94164266136116,-5.11871658072831,-2.41386259292617,-3.45749083882629,1.99507192310905
2023-03-08,-0.42248943773,1.23805315457905,-3.94552132944244,-5.12460259784853,-2.4175572856273,-3.46101547132968,1.37724415026003
2023-03-09,1.3903394256,1.342887660009,-4.28905465612251,-5.56813185385497,-2.63135105898001,-3.7635407083246,1.72266786699153
2023-03-10,-1.0429408358,1.25408364717224,-3.99715093140064,-5.19176417429387,-2.4492337254133,-3.50664647952901,2.71319956560134
2023-03-13,-0.75466788103,1.31357349140538,-4.19062401363476,-5.44267697895098,-2.5706274888512,-3.67787846460896,5.73988536074214
2023-03-14,-2.6679777123,1.47377969225132,-4.71028877926642,-6.11749931227007,-2.87878390157111,-4.12478248350953,2.14431277923141
2023-03-15,0.28960129312,1.89900803291803,-6.10008071486712,-7.91382400240532,-3.74091633145591,-5.34646202427906,2.85540120149165
2023-03-16,0.32905782027,1.53925627033234,-4.9216257889696,-6.39205604410953,-3.0105408291592,-4.3116332350554,1.889386489251
2023-03-17,-1.8005354753,1.65744424683121,-5.30873071189466,-6.89145685697404,-3.25062960247956,-4.65140318279656,2.32668733385837
2023-03-20,0.82475632207,1.55780839312069,-4.98253947103632,-6.47042719460302,-3.04833786550068,-4.36500158146807,1.78083019838765
2023-03-21,-0.34478096268,1.59500819606957,-5.10384284003065,-6.62713434279614,-3.12369452909434,-4.47164396186214,1.09479323600072
2023-03-22,-1.4245980597,1.41592400611027,-4.51998268994584,-5.87192069104438,-2.76119052666194,-3.95800363643589,3.01243958183266
2023-03-23,0.41291032958,1.29369114227333,-4.11862409493395,-5.35454414332741,-2.51264562789454,-3.60616566471573,2.68739226789474
2023-03-24,3.5090124049,1.53535726926809,-4.90850674703584,-6.37500173330785,-3.00261913766361,-4.30016584372475,1.47532215312859
2023-03-27,1.8539363042,1.52212489071465,-4.86811155218273,-6.32057749793217,-2.97697158905356,-4.26326433825778,0.906517396119539
2023-03-28,-1.4496522134,1.34815620360329,-4.30302204324738,-5.58823702713407,-2.62518529961588,-3.76498326033733,0.730850077829355
2023-03-29,0.83773087063,1.24154047689174,-3.95502820023256,-5.1385700446314,-2.40902485098238,-3.45903127506929,0.621167803176789
2023-03-30,-1.4914633349,1.20300964581628,-3.82926747661955,-4.97573387567992,-2.33089841336405,-3.34827186501319,0.563281653298875
2023-03-31,-1.3878743609,1.09408579343836,-3.4729101268212,-4.51544466493718,-2.10977394282943,-3.03514551904011,0.626220091978555
2023-04-03,1.3265993266,0.994261767332041,-3.1464496720793,-4.09375271837321,-1.90719300291626,-2.74827655625793,0.946403307874458
2023-04-04,1.4089187214,0.966545225514756,-3.05563127917448,-3.97644508054062,-1.85083394615505,-2.66846229045339,0.83420364481004
2023-04-05,0.26214037607,1.02389766489223,-3.24388729458982,-4.21914798680216,-1.96738136677053,-2.83351771967496,0.922525402325361
2023-04-06,1.8694032289,1.00880256997604,-3.19338614895926,-4.15462494899461,-1.93642725871314,-2.78969340389077,0.815652714127429
2023-04-10,-0.54539621442,1.03625681152197,-3.28388852960831,-4.27090243798231,-1.99224199126431,-2.86872417514636,0.911528302582706
2023-04-11,1.5483870968,1.02812184795113,-3.2568259144581,-4.23615892401883,-1.97550838416745,-2.84507079212993,0.675010436600322
2023-04-12,1.1944091488,1.05583635391712,-3.34783705825512,-4.35309268118389,-2.02800679994031,-2.91986786375759,1.40337188919576
2023-04-13,-0.91034655943,1.00363353139467,-3.17551988021492,-4.13139756832477,-1.92149817660443,-2.76929973458224,0.880604316315173
2023-04-14,0.69695241709,1.14363657954773,-3.63673310415933,-4.72487797623459,-2.206744942904,-3.17236382710994,1.10499772048892
2023-04-17,0.83055433224,1.055584923428,-3.34724856939127,-4.3513418556856,-2.02752216577229,-2.9185063290076,0.732622545174905
2023-04-18,-1.2293291733,1.10259826713712,-3.50254200717536,-4.55089543318781,-2.12356398938376,-3.05407992987031,0.988104699092242
2023-04-19,-0.39802880965,1.03270804241245,-3.27329043250215,-4.25545576654281,-1.98157813741191,-2.85338690745573,0.674119408290541
2023-04-20,1.9790675547,1.08685123780946,-3.45140043839803,-4.48513055876284,-2.09182535354692,-3.0094957830486,0.854332601936366
2023-04-21,0.98899048335,1.00210040301338,-3.17446746535546,-4.12693151947386,-1.92014671855228,-2.7660570064704,0.974437469032978
2023-04-24,1.5644247351,1.03103143745355,-3.26948438344582,-4.24940910180247,-1.9789712405335,-2.84927115563808,0.706113276494147
2023-04-25,0.77016373543,1.04554709080307,-3.31699756070043,-4.31075531862829,-2.00840972234507,-2.89097810443276,1.04877120897404
2023-04-26,-0.32496840577,0.996756159306162,-3.15652105572076,-4.10422284666707,-1.90913315696508,-2.75071394143941,1.19130080286745
2023-04-27,-1.1290225201,1.05628855124696,-3.3508091388578,-4.35584233296694,-2.02960430004195,-2.92174708303582,0.833589423086133
2023-04-28,0.54958475812,1.10016516740114,-3.49499690317903,-4.54165359351645,-2.11881778265992,-3.04799845628853,1.002401974273
2023-05-01,-1.597230657,1.04125929800468,-3.30099236454961,-4.29186027312864,-1.99885249722942,-2.87835006050892,0.981518983162419
2023-05-02,-0.7591186818,1.07043289105285,-3.39665615456147,-4.41554783217135,-2.05808572807986,-2.96243322959653,0.912492351684416
2023-05-03,-0.43532338295,1.0783923196899,-3.42387518557523,-4.45029654793569,-2.07478251578753,-2.98608359793693,1.90743978544079
2023-05-04,3.4103685197,1.06187613306302,-3.36960174859855,-4.38053020828563,-2.04123516503038,-2.9386643640875,1.84387987329748
2023-05-05,-0.21140372073,1.24036331160774,-3.95643269935577,-5.13664316509705,-2.40413442198503,-3.45216601384867,1.62725032263015
2023-05-08,0.012105804671,1.26788817727001,-4.04614429846562,-5.25273098387164,-2.45973055924034,-3.5309921172516,1.13440253146373
2023-05-09,0.75046904312,1.26039718186186,-4.02203638161111,-5.22114640135203,-2.4447675655263,-3.50955696177171,0.644831261123215
2023-05-10,0.69682225021,1.19619521784454,-3.81185227260937,-4.94950451160614,-2.314636839876,-3.32506838624082,1.02841588616336
2023-05-11,-0.58462089119,1.11193650335458,-3.53607734085456,-4.59290536360968,-2.14388730839432,-3.08281089918867,0.747147475066418
2023-05-12,-0.97809780973,1.13682255245705,-3.61822322132001,-4.69818603598658,-2.19466719577345,-3.15430008901243,0.6475046907836
2023-05-15,0.18785601751,1.04759015098157,-3.3257344126101,-4.32084768062593,-2.01355563059936,-2.89800010781635,0.478312440026662
2023-05-17,-0.94356741065,0.987337694714966,-3.12809908884062,-4.06573014524627,-1.89118887180696,-2.7246795367995,0.781269672957354
2023-05-18,-0.0061061245106,0.926061605689344,-2.92628664541264,-3.80622211478656,-1.76647464017281,-2.54849120047375,0.796827598013429
2023-05-19,2.8395212506,0.987024745073639,-3.12705326990756,-4.06462875462883,-1.89059487411526,-2.7240037084884,0.834008671099186
2023-05-22,0.75411198868,0.979327279713636,-3.10227429133807,-4.03207961952353,-1.87513078131154,-2.70182022626235,0.827507282009652
2023-05-23,-0.053041018236,0.989601124202276,-3.13628021110105,-4.07567337363922,-1.89612471529277,-2.73142217175839,0.783441354079418
2023-05-24,-0.61914027956,0.996728976076425,-3.15914901444227,-4.10554048997282,-1.91036318806003,-2.7517377175948,0.910632159168552
2023-05-25,-0.64673074648,1.00254503171839,-3.17795822979543,-4.1299401144307,-1.92204083250285,-2.76831196588641,1.1182275561222
2023-05-26,-0.99134069878,1.03000461660184,-3.26755431084109,-4.24600702012857,-1.97759930950746,-2.84719999912707,0.76354450440958
2023-05-30,4.6926835153,1.07799233055497,-3.42531771525014,-4.44951480009627,-2.07521461091056,-2.98551062110128,1.20375934947766
2023-05-31,-0.040329550029,1.01603910540189,-3.2213197314942,-4.18629772578204,-1.94899499519282,-2.80658304209407,1.65739525678926
2023-06-01,-0.99711815565,1.10414720499343,-3.50968849184136,-4.55882465468404,-2.12763778182081,-3.0596839253988,1.04253167912943
2023-06-02,1.0391802991,1.20633264541562,-3.84584772707667,-4.99189151580935,-2.33561005082468,-3.35392495787941,0.951101090709128
2023-06-05,0.11235631354,1.11933406657875,-3.56075320881401,-4.62364704897624,-2.15907015209667,-3.10372184724239,4.06959752846735
2023-06-06,-0.54175551841,1.09904217075339,-3.49057561450027,-4.53576038329611,-2.11615984625245,-3.04390047764354,1.57344336684698
2023-06-07,-0.28973749786,1.60875140339671,-5.16664806697197,-6.69559368876717,-3.15346232105511,-4.51141882898811,1.68108359942782
2023-06-08,0,1.32401325824094,-4.23108775409054,-5.48945336756822,-2.57437079583803,-3.69194253667059,0.926777528418937
2023-06-09,0.36031847503,1.33866448588926,-4.27950389037856,-5.55146190199665,-2.60431704480234,-3.73413037117869,1.03774138150394
2023-06-12,1.3666106895,1.23216964373489,-3.93021346193971,-5.10051458639384,-2.38804196436671,-3.42775269953533,0.529166858799041
2023-06-13,0.062839188649,1.25051417297739,-3.99130501998484,-5.17844163725465,-2.42575845458843,-3.48076393812665,1.075735038841
2023-06-14,-0.54807033557,1.03654564876746,-3.28795623347285,-4.27185339267123,-1.9903056764204,-2.86468385773977,1.25206660332622
2023-06-15,-1.5154994259,1.10494886455399,-3.51197975320731,-4.56125163160083,-2.12913874881119,-3.06136023795899,0.766579898849397
2023-06-16,0.16320820705,1.11590187588914,-3.54780834706923,-4.60766270073836,-2.15134652474546,-3.09293184164754,0.756676782445448
2023-06-20,0.66922718815,1.03073735620114,-3.26839913363937,-4.24695667672837,-1.97827080864202,-2.84778272201826,0.768341220204901
2023-06-21,1.4104861553,1.01705635960417,-3.22409502897761,-4.1891496318776,-1.95070084803459,-2.80844807574777,0.710983816150621
2023-06-22,1.0659522317,1.02927393592451,-3.26468269532951,-4.24091125056225,-1.97573729325658,-2.84357360672013,0.723621493438518
2023-06-23,-0.02820078962,1.00355643605876,-3.18023319344824,-4.13161141713623,-1.92334059491896,-2.76918448809846,0.826611005465678
2023-06-26,1.6022566997,0.982217574621273,-3.10988362201227,-4.04110014479778,-1.87978262396532,-2.70765824685759,0.802586891787645
2023-06-27,0.47753900817,1.00280231130995,-3.17824351122696,-4.12839751228681,-1.92197861968456,-2.76693008210795,0.519630420287624
2023-06-28,-0.75711522504,0.999951405640749,-3.17195648745804,-4.117707943064,-1.91758501552697,-2.75969489885066,0.768079796524672
2023-06-29,-0.20603630692,0.937419131645109,-2.96612382963364,-3.85274046690329,-1.79008909053354,-2.57961640009653,0.843181392828197
2023-06-30,-0.77562636016,0.984695579131262,-3.12164850743686,-4.05351650605005,-1.88653691140331,-2.71619074473498,0.661571339094835
2023-07-03,1.5465077044,1.00334529953289,-3.1823880802104,-4.13265661498755,-1.92430463926842,-2.77001672793117,0.427031702366429
2023-07-05,0.21598272124,0.963326557020581,-3.05079604147922,-3.9630200766494,-1.84277119256377,-2.65467540894118,0.763844972929067
2023-07-06,1.5638815208,0.900691653521364,-2.84441431587941,-3.69728208739742,-1.71495815350249,-2.47401251204476,0.663338658678486
2023-07-07,-0.26116763693,0.974295740101825,-3.0870781260548,-4.00929295025311,-1.86512901252779,-2.68602276090565,0.634647264191441
2023-07-10,0.34913534455,0.95104600023868,-3.01062821414061,-3.91098635779279,-1.81781930541024,-2.61926583171864,1.33259896746062
2023-07-11,1.1198695298,0.933143329071732,-2.95039864829142,-3.83431359392018,-1.78068996859682,-2.56710550465668,0.763503531037117
2023-07-12,-0.58599000067,1.08254348784602,-3.44271960751044,-4.46798856470215,-2.08553378588755,-2.99784704847212,0.907020822953849
2023-07-13,0.048669695025,1.00093728515891,-3.17491894322482,-4.12251341664891,-1.91955964953145,-2.76305066014958,0.669120602295637
2023-07-14,-0.56753688987,1.03147196405546,-3.27633744086,-4.25243199541286,-1.98223638555401,-2.85138454859453,0.58415122907508
2023-07-17,1.6525331594,0.990624221087819,-3.14134735555685,-4.07906566708014,-1.89873363158404,-2.73357564623699,0.630329254833355
2023-07-18,-0.17112299474,0.973369885597505,-3.08455169526627,-4.00571073323247,-1.86352016722405,-2.68367499765514,0.552882005110977
2023-07-19,-0.75530319255,0.948827727002435,-3.00442730103487,-3.90205860568817,-1.81381085426195,-2.61325336525551,3.13680414040815
2023-07-20,1.5059102931,0.924680156548467,-2.9221251460885,-3.79826630476629,-1.76325182554063,-2.5426023442581,1.020574653046
2023-07-21,0.63277677345,1.39762643552004,-4.47941697465488,-5.80326885738413,-2.72775315377413,-3.90549172932783,1.05310530341446
2023-07-24,0.17965653897,1.1180234146829,-3.55939576921984,-4.61787521991579,-2.1578294081345,-3.09969618826778,0.710202596454497
2023-07-25,2.3102484307,1.14155553174672,-3.63645253119854,-4.71776747099367,-2.20559592801085,-3.16770125691345,0.365572098702002
2023-07-26,-0.77847089751,1.09035580632377,-3.47315738419887,-4.50342909392081,-2.10361709736633,-3.02199715177654,1.11492537045895
2023-07-27,-0.58713498902,1.02568353699576,-3.25922472817633,-4.2288153976189,-1.97131000604857,-2.83533397701124,1.05333272296107
2023-07-28,0.25087545073,1.06522071263528,-3.38913156687295,-4.39648786735177,-2.05181318447597,-2.9493453851555,0.647960666170377
2023-07-31,-0.58912465456,1.05681264599211,-3.36084046710352,-4.36055622118778,-2.03438412162554,-2.92493441397086,0.420038939606057
2023-08-01,-1.0855884204,0.969492877370937,-3.07401377070518,-3.99074719876227,-1.85671253762999,-2.67362674261871,0.445681584998254
2023-08-02,-0.2810031282,0.913409031574131,-2.88941558370832,-3.75323559149261,-1.74249006797264,-2.51227537982837,0.79482061991654
2023-08-03,0.89855380684,0.921599982750909,-2.91688845256148,-3.7884111514423,-1.7594775526625,-2.53624627168487,1.07590924004688
2023-08-04,0.40575433432,0.971222303231543,-3.07926448646053,-3.99825589493282,-1.86012505650312,-2.67884608593187,3.38735414644494
2023-08-07,0.078723627485,1.02251267455637,-3.24543855334772,-4.21418841228983,-1.96335602765565,-2.82549149975119,2.62249196684824
2023-08-08,1.7305574493,1.44776475843559,-4.64660992781054,-6.01761057711935,-2.83042081360586,-4.05101888949527,1.07998794566439
2023-08-09,-0.13402752729,1.42385050571231,-4.56874166809589,-5.91639905562749,-2.78221038579003,-3.98231407303142,0.987864752769589
2023-08-10,0.70716977243,1.24372531186489,-3.94379283966735,-5.1097310093955,-2.40273500977572,-3.44217353737209,1.44588727668751
2023-08-11,-1.0097385957,1.23756807135284,-3.92275324964172,-5.08318604765421,-2.39021557875573,-3.42412809522344,0.897698348596946
2023-08-14,-0.61616527719,1.31332066947446,-4.16956832539784,-5.4013240756321,-2.54422113057424,-3.6408912278057,0.802584090811756
2023-08-15,0.42200687712,1.1463310355585,-3.62483874088577,-4.70000450538937,-2.20439738647128,-3.15516972145851,0.566650131611005
2023-08-16,0.45136186782,1.05854784378723,-3.33864221944485,-4.33133991002116,-2.02655779093783,-2.90472770413764,0.99109414862671
2023-08-17,0.45449850204,0.996505734592934,-3.13619765282381,-4.07073437582532,-1.90102426821903,-2.72771171143105,1.56628457311746
2023-08-18,-0.65809768648,1.06855849395358,-3.37126158098443,-4.37347686146396,-2.04704261313452,-2.93337177157889,1.34264601276486
2023-08-21,1.3507918437,1.16392953977845,-3.68219549269582,-4.77384731138673,-2.23998733610998,-3.20533141393907,0.786271589075943
2023-08-22,0.31660113364,1.14575594326182,-3.62318832206492,-4.6976232154629,-2.20300965373275,-3.15353667391933,0.959876855979636
2023-08-23,-0.4301348944,1.05686641094429,-3.33336044107142,-4.32436802915784,-2.0229878794479,-2.89996574370656,0.627773431427605
2023-08-24,-1.5464839855,1.10076775045153,-3.47709635980058,-4.509147765955,-2.11192962034157,-3.0254905704997,1.18266211415377
2023-08-25,-0.73216325691,1.03156669711201,-3.25069285611644,-4.21805261111546,-1.97214660109071,-2.82781800178957,2.11041568054053
2023-08-28,-4.8020086834,1.10710340682255,-3.49609803158564,-4.53438238620073,-2.12458510219277,-3.0426642667443,1.01640687950199
2023-08-29,-1.7253695258,1.27195667544444,-4.06613269551779,-5.25692806106033,-2.46109144730127,-3.53234447862201,0.966009253248002
2023-08-30,0.53117137268,1.12119684343074,-3.5707109745991,-4.62045659482722,-2.15606871495693,-3.10022882449708,1.08881942733197
2023-08-31,-0.89543937711,1.11397421102311,-3.54635147038911,-4.58942812946007,-2.14111530851543,-3.07913982784821,0.890550061624471
2023-09-01,-0.1234637185,1.15131804800971,-3.66893257536007,-4.74712205650681,-2.21693965096557,-3.18623600886977,0.776131270824579
2023-09-05,0.033759072721,1.10978283967446,-3.53202659779205,-4.57167941251449,-2.13317116845638,-3.06716675099905,0.715354005141217
2023-09-06,0.93931042247,1.03623880260791,-3.29123166730443,-4.26156590634244,-1.98421249136643,-2.8566165688875,1.59633692299234
2023-09-07,-1.120026747,1.01108623651743,-3.21561717424504,-4.15940152114342,-1.93401172332963,-2.78725926750345,3.52798014836937
2023-09-08,-0.4959143419,1.17647849691557,-3.75601703185511,-4.85646062448759,-2.26885739837054,-3.26033828512025,1.33155108565775
2023-09-11,-1.4555133942,1.50837846377399,-4.84770042912873,-6.25849734518692,-2.94055427808566,-4.21207038594419,1.02055411192028
2023-09-12,0.28160919537,1.24397295190722,-3.97823821147952,-5.14136020247544,-2.404664209943,-3.45364678634663,2.45529745570566
2023-09-13,0.77368330549,1.20897088141271,-3.86092829841491,-4.99259270560866,-2.33327986706721,-3.35254229861735,1.97769641749596
2023-09-14,0.79049135584,1.45469173417145,-4.67281006085293,-6.03211205791438,-2.83187456529045,-4.05854030273095,1.24230830242021
2023-09-15,2.1948879987,1.40877811406513,-4.52257853680474,-5.83813661433821,-2.73878988012802,-3.92690389390687,1.23464149408829
2023-09-18,-2.6170494701,1.23589715111276,-3.95282411812218,-5.10695590653073,-2.38807582892161,-3.43035224457568,1.19815285706386
2023-09-19,1.2643156822,1.23190884690126,-3.93863869950979,-5.08990442324419,-2.39142605864822,-3.42060944119856,0.800387826043561
2023-09-20,0.88460892439,1.23318000203609,-3.94305189297061,-5.09540144479659,-2.39411163659737,-3.42435743960597,1.49903481938811
2023-09-21,2.1810311338,1.11135648150519,-3.54139314117128,-4.58001996199252,-2.14582585109925,-3.07418541918612,1.37455354038859
2023-09-22,1.9172278948,1.19900644974633,-3.82917203961148,-4.95025863484989,-2.32388036960994,-3.32575113942891,1.07646098935345
2023-09-25,0.11723954194,1.1860095992062,-3.78711528546896,-4.8955401196243,-2.29780058728304,-3.28856024392626,1.29540055310981
2023-09-26,0.84632990893,1.13532294379638,-3.61982148101784,-4.68086398929288,-2.19440962218454,-3.14269681716077,1.17293600832713
2023-09-27,0.12667581541,1.17262976542799,-3.74304559742546,-4.83879987914182,-2.27056741538451,-3.25000187699248,1.42367003388146
2023-09-28,-3.5793357934,1.16844395001636,-3.72870336612021,-4.82066632039767,-2.25104514069378,-3.23533845372521,2.93524940908178
2023-09-29,-2.9249357607,1.20248105922358,-3.83802672663655,-4.96314655369351,-2.32978142027097,-3.3421631852477,1.52254475926498
2023-10-02,0.34917774265,1.45423878501397,-4.66478351758075,-6.02632116574808,-2.84507673654092,-4.06667736844383,2.14566543388279
2023-10-03,0.66225165574,1.28910741847258,-4.12085046774716,-5.32827333102155,-2.5086019548269,-3.5913930204379,1.36643236445174
2023-10-04,-1.7060660125,1.39853859547616,-4.48161370850549,-5.79084129545005,-2.73170818689102,-3.9063838819619,1.34022937730121
2023-10-05,-1.1854792967,1.30438358452103,-4.17199178775004,-5.39323750101971,-2.54004024728893,-3.63565828564025,1.09434109039951
2023-10-06,0.87825038736,1.29837063016984,-4.15211185313458,-5.36790673397387,-2.52783533058689,-3.61843513189493,1.36989302000385
2023-10-09,-0.41538636624,1.19947723421799,-3.82713101866231,-4.95009923698997,-2.32654660577498,-3.33396082684478,0.905847356605518
2023-10-10,1.6913319239,1.23336617875005,-3.93829926398373,-5.09324995186957,-2.39551431366265,-3.43144495477261,0.980485103081921
2023-10-11,0.61808169921,1.11594296042826,-3.55260170449504,-4.59745773925087,-2.15657763018536,-3.0938560658706,0.76264742462911
2023-10-12,-1.9992181829,1.11210271345602,-3.54017473277553,-4.58137657235039,-2.14883196156328,-3.0829050075211,1.05743637476768
2023-10-13,-0.88893954071,1.0533058309168,-3.34666676850523,-4.33322172129368,-2.02924782141356,-2.91400097753661,1.29369519925392
2023-10-16,0.49445179102,1.09863475819784,-3.49483039400006,-4.52430927488135,-2.12129872848293,-3.04412592416079,1.54664724407854
2023-10-17,0.73802849147,1.13193039123995,-3.60519170518641,-4.66533841904512,-2.18933077049122,-3.14015243402447,1.59816396834362
2023-10-18,-2.339845525,1.19449348568857,-3.81007225344042,-4.92911465987138,-2.31637091919752,-3.31971730730167,1.46149856488665
2023-10-19,-0.88974180035,1.22458222585718,-3.90889242540912,-5.0563704169473,-2.37765909755757,-3.40638656850644,1.91294492002555
2023-10-20,0.15255530125,1.23043158475772,-3.92699783288308,-5.08076232406523,-2.38927471737943,-3.42299932014319,1.17423499348967
2023-10-23,0.30464584925,1.32250246033924,-4.22896681627966,-5.46919276022918,-2.57625691719563,-3.68736211564571,1.65969471249016
2023-10-24,1.4835582033,1.21656789442089,-3.88048925299544,-5.02190837832535,-2.36076151729976,-3.38289605011543,1.45266691951676
2023-10-25,-0.77697841734,1.28846817339026,-4.11634874097155,-5.3252348326226,-2.50679554993727,-3.5893456549217,1.53509050028152
2023-10-26,0.73085846852,1.2552465680598,-4.00750052544142,-5.18512714545748,-2.43935515278722,-3.49398395641406,2.52547575214637
2023-10-27,0.7197973051,1.26959514443222,-4.05311343587795,-5.24488556689886,-2.46799826449349,-3.53463073979423,1.97554713202873
2023-10-30,1.4750443086,1.4192822153984,-4.54430212613713,-5.87624681449305,-2.77211536758635,-3.96438688326553,1.74716091231222
2023-10-31,0.84511803489,1.37607558173617,-4.4025770593708,-5.69398984699907,-2.68433694252857,-3.84032219555353,1.15632446406319
2023-11-01,-0.33521425785,1.34874153433005,-4.3138002088857,-5.57905563873106,-2.62911541754757,-3.7621100048215,1.53346224511417
2023-11-02,0.79040304954,1.2589677863305,-4.02182456323141,-5.20143558928033,-2.44753281975762,-3.50512386155233,1.01495586348945
2023-11-03,0.50611790866,1.30982185801926,-4.18843499457207,-5.41600655923756,-2.55082996206072,-3.65115963709236,2.53023947926955
2023-11-06,-1.0292734213,1.18402914396907,-3.77315689989882,-4.8839101220144,-2.29427084350933,-3.28887434316113,1.16172785130036
2023-11-07,-0.072686608928,1.40788149926789,-4.50847083468504,-5.82896876050735,-2.74949433427106,-3.93222855439829,0.970849214295048
2023-11-08,-0.87846911374,1.20524428850732,-3.84331163712674,-4.97378355796132,-2.33753771443146,-3.35003456590109,0.844665517146639
2023-11-09,-0.73948631107,1.16999122194747,-3.72736192195118,-4.82517045420657,-2.26588986689619,-3.24888114593907,1.07962372457747
2023-11-10,-0.21610555041,1.12438967323124,-3.57729699115017,-4.63258732608281,-2.17310890354119,-3.11778976566405,0.667831534336056
2023-11-13,-1.4704206087,1.16273244972773,-3.70375109869097,-4.7947955179637,-2.25125563129825,-3.22820979092852,0.593207001068951
2023-11-14,0.069412309131,1.0217910597044,-3.24130901078534,-4.20031750472475,-1.96499262388607,-2.82359215329103,0.87144194129158
2023-11-15,0.25433526007,0.983475015566709,-3.11544364988257,-4.03872744804724,-1.88721045321191,-2.71364639300183,0.652990165687859
2023-11-16,-1.3491697417,1.02705841834625,-3.25871312046057,-4.22271322987401,-1.97576471590883,-2.83883892085963,0.924463575658225
2023-11-17,-2.4605493863,0.979550894359936,-3.10403696986185,-4.02290148722759,-1.87964855854325,-2.70285774736724,0.65333772694908
2023-11-20,0.79693211101,1.01957558416776,-3.23533030291824,-4.19208170036006,-1.97275572202226,-2.8220030367397,0.627360361348167
2023-11-21,1.2305314469,0.970602287984607,-3.07469949397594,-3.98534884203692,-1.87247147609198,-2.68105534849076,0.478409571881653
2023-11-22,0.28187210046,0.96619708765883,-3.06063126767595,-3.96699514486368,-1.86350766815922,-2.66854156069746,0.734366922643934
2023-11-24,1.8738654331,0.919641320553452,-2.90772477183307,-3.77044184970726,-1.76831258690975,-2.53455964288737,0.335963573805852
2023-11-27,2.069322297,0.969674540501229,-3.07290800893247,-3.98197993060048,-1.87038822314059,-2.67870500432566,0.432503731289177
2023-11-28,-0.51810553587,0.864479357560587,-2.72741667644137,-3.5379363212833,-1.65544882090302,-2.37604155725344,0.368988360006342
2023-11-29,1.4605151429,0.871548208611893,-2.75086963629825,-3.56825521888915,-1.67048102424501,-2.39681678889761,0.630198898019969
2023-11-30,1.4450705796,0.843232641989109,-2.65764048165384,-3.44867648738142,-1.61270983995706,-2.31533188065096,0.606789331615097
2023-12-01,0.58849411507,0.90188535474603,-2.84998914510975,-3.69585460761988,-1.72207692346388,-2.48255232191058,0.686620639390964
2023-12-04,-0.26245284052,0.889744615194661,-2.81077467478233,-3.64517791564423,-1.69782473928837,-2.44812692084849,0.561268153846186
2023-12-05,2.3220069164,0.921530579651428,-2.91575372032595,-3.77964260819445,-1.76260370536594,-2.53973547535123,1.811129796505
2023-12-06,-0.85836909857,0.903045337407403,-2.85419527465119,-3.70099436602486,-1.72460744456491,-2.48608028679884,0.667780478154032
2023-12-07,1.4285714286,1.1748666435874,-3.74719386807323,-4.84846453683151,-2.27709163080191,-3.26777656748817,0.639695488014778
2023-12-08,0.30409731098,0.990175584793309,-3.14139222998206,-4.06916856739695,-1.90196620424599,-2.73690185482436,0.661675663009996
2023-12-11,0.90420722318,0.985319092796631,-3.12857928990259,-4.04996677639712,-1.89319415234155,-2.72395178733305,0.787411469790889
2023-12-12,-0.010542406926,0.987808413632776,-3.13687115454141,-4.06036402393655,-1.89816142198287,-2.73097836465047,0.441692363098464
2023-12-13,0.92782961674,1.01959625009685,-3.2413921956492,-4.19461866577165,-1.96276748229861,-2.82241779557434,0.887418392283042
2023-12-14,-0.42308696793,0.893124827957554,-2.82464803986388,-3.65990690041986,-1.70494882574862,-2.45797476856743,1.19132838763195
2023-12-15,0.35144775502,0.986521779822529,-3.13163103772494,-4.05440782306874,-1.89501682708555,-2.72680295283242,0.810849639902653
2023-12-18,-0.70043385094,1.06269739565868,-3.38160756830652,-4.3758247882102,-2.04970326357796,-2.94574080831101,0.742795902163579
2023-12-19,-0.094751802862,1.00468673712173,-3.19088804623528,-4.13079383515847,-1.93167965799847,-2.77879206801707,0.533033619233003
2023-12-20,0.32140787171,0.990892693226943,-3.14549143685082,-4.07232003152358,-1.90352159044999,-2.7389343606843,0.569237864735198
2023-12-21,-0.54096638642,0.957069492901511,-3.03411526782099,-3.92936861610684,-1.83469256124011,-2.64156041553495,0.862416678193152
2023-12-22,0.30627871347,0.948907000654226,-3.0072952121426,-3.89538285212811,-1.81845655264796,-2.6185526520806,0.467759051069613
2023-12-26,0.67912608574,0.987049796256908,-3.10732812647266,-3.90036529508104,-1.89329395092052,-2.68676985453432,0.318357837153003
2023-12-27,-0.94645471672,0.897716374554901,-2.81630459645465,-3.53736135701233,-1.71204032140854,-2.43354135753413,0.496761179839343
2023-12-28,2.106318957,0.8460025059905,-2.64747750330903,-3.32699999185975,-1.60688662696438,-2.28684386828003,0.374443967881984
2023-12-29,-0.56871057786,0.8803496683605,-2.75947464088732,-3.46631568945413,-1.67659657575794,-2.38389024647356,0.474533175207142
2024-01-02,1.0139351081,0.845581850018353,-2.64617838082071,-3.32516816946699,-1.60604894697475,-2.2855175271323,1.76026647578788
2024-01-03,0.74123642353,0.846429488194942,-2.64829226997837,-3.32803183216681,-1.60731580728997,-2.28739568574627,0.906050867032729
2024-01-04,-1.292729038,1.13196564545774,-3.5800598335905,-4.48878096320753,-2.18787714034996,-3.09705027675283,0.973474896159852
2024-01-05,0.79200745422,1.01749760603471,-3.20623959543433,-4.02321852701511,-1.95491587482227,-2.77232449351128,1.28545959849719
2024-01-08,1.6691489907,1.04944195040897,-3.31048806878269,-4.15304053845067,-2.01988789211015,-2.86283868561477,0.855356554907198
2024-01-09,0.075772883611,1.13655694408016,-3.5948527496041,-4.50716864146806,-2.19710058933408,-3.10988658211946,0.569318890762771
2024-01-10,-0.2725758417,1.08295615354461,-3.42069488191586,-4.28961029056589,-2.08859424684403,-2.9580846839142,0.631870772019452
2024-01-11,-0.85033152818,0.983734259976609,-3.09690864490799,-3.88610367818157,-1.88679941285102,-2.67655649449283,1.02143581586946
2024-01-12,0.53601511063,0.982657743610939,-3.09317942424908,-3.8816622019291,-1.8844694247263,-2.67350499848721,0.632721675350334
2024-01-16,-1.0713923021,1.05175411806433,-3.31940440390261,-4.16319297858059,-2.02543353043911,-2.86996651958717,1.20840089763615
2024-01-17,-0.076990196703,0.955580655894252,-3.00482781839829,-3.77190538982064,-1.82941826940621,-2.59708814150651,1.01163112817499
2024-01-18,-0.55475652343,1.07093661577071,-3.38095460743514,-4.24067061271617,-2.06374087442381,-2.92407049883405,1.31395484558866
2024-01-19,-0.2840909091,1.0572122365989,-3.33553416542647,-4.18432066665246,-2.03546806471617,-2.88470819454979,0.828349860129025
2024-01-22,0.051800051733,1.13291274408925,-3.58256358859063,-4.49219128604753,-2.18934141454825,-3.09953114635164,1.02039269180271
2024-01-23,0.22262490311,1.04735324189019,-3.30330634353363,-4.14431222983964,-2.01536132126302,-2.85686976896241,0.676675219593236
2024-01-24,-0.54241140615,1.09478780607946,-3.45814565333085,-4.33719109411533,-2.11180495048977,-2.99144384228938,0.736079848205792
2024-01-25,-3.5786630655,1.01578947558619,-3.20061710864973,-4.0160840758568,-1.95138785974702,-2.76741843603365,0.899204531449414
2024-01-26,-0.74876104281,1.01413603249804,-3.22152338040114,-4.02424197258065,-1.95097434232087,-2.77635203124975,0.510934527047962
2024-01-29,-1.2700135687,1.02410629846991,-3.25516943486318,-4.06459142953244,-1.97104190807119,-2.80435139127088,0.833386676319941
2024-01-30,-0.4012973448,0.941020935068256,-2.98130619575021,-3.72533734514505,-1.80171855116256,-2.56740741252916,1.20034326478245
2024-01-31,2.4174853737,0.991434332762869,-3.14658010253807,-3.93077975387613,-1.90418754201341,-2.71088751895376,1.5126338692133
2024-02-01,-0.22634188408,1.07646341558109,-3.42580378705267,-4.27726748821783,-2.07700659393891,-2.95281581923448,1.10154524300651
2024-02-02,0.56713838185,1.15683045041987,-3.69009026260459,-4.6051801515572,-2.24064960843613,-3.18185508787406,2.70778711353786
2024-02-05,-0.32225146351,1.1020341612913,-3.5076057133877,-4.38061682442377,-2.1283773973572,-3.02498010433906,1.81990690717084
2024-02-06,0.17781130446,1.4037006244196,-4.49989646468964,-5.61151388784983,-2.74255897155567,-3.88466215700876,0.959119642969406
2024-02-07,-1.2317125646,1.32223908877377,-4.23252348430666,-5.27939326291464,-2.5769567458826,-3.65274788533248,0.830342259481496
2024-02-08,-0.51734466042,1.1941463221972,-3.81165757869935,-4.75718951032301,-2.31647224627349,-3.28809733197648,0.530899323301122
2024-02-09,3.2570615283,1.14877024186421,-3.66325687484785,-4.57264100588767,-2.22453512991714,-3.15928603832006,0.429896934110397
2024-02-12,1.5533054127,1.07893979840406,-3.43399557291845,-4.28779838408211,-2.0824935956624,-2.96034678270413,0.436940663454166
2024-02-13,1.2163290874,0.963468842395743,-3.05456236959422,-3.81677735708902,-1.84748655471816,-2.63136463478525,0.941557679541769
2024-02-14,0.66532570017,0.89951616188595,-2.84372335086414,-3.55568577711363,-1.71718878948053,-2.44903149964372,0.747852731081978
2024-02-15,-0.348396352,0.991915011320096,-3.14743512512957,-3.93247415943848,-1.90512886485905,-2.71213834923504,1.28014000257358
2024-02-16,-0.16966580988,0.953702106728024,-3.02095756454998,-3.77626895225179,-1.82715247400252,-2.60306103934952,1.00535082395469
2024-02-20,-0.90127208105,1.0777533032736,-3.42890058788046,-4.2821800235815,-2.07953378314208,-2.95633803798375,0.981375177899425
2024-02-21,-0.35859058316,1.05632560461183,-3.35899744392085,-4.19500913020474,-2.0360840015292,-2.8954628436041,1.03673921089359
2024-02-22,-1.9245814427,1.07452180838733,-3.41911600455286,-4.26930103420578,-2.07316986931134,-2.94733723543531,0.86257449848824
2024-02-23,-1.9357583493,1.08755362186934,-3.46161362576902,-4.32252840304447,-2.09971477932969,-2.98455120566252,0.592036777739921
2024-02-26,1.3340563994,1.06370410961642,-3.38363610384763,-4.2255430213461,-2.05138354389398,-2.91684978696109,0.557094870991412
2024-02-27,-0.54051161296,0.98790482448478,-3.13512683838641,-3.91647718051747,-1.89721299347779,-2.70096184899333,1.42941261290119
2024-02-28,0.98466505242,0.961479216541007,-3.04731814368821,-3.80851321577011,-1.84332980870087,-2.62562442044823,0.725281708881038
2024-02-29,0.86317135556,1.12671868188783,-3.59114172689453,-4.48265692558182,-2.17966135041957,-3.09639004510651,1.58451385215286
2024-03-01,0.058108821941,0.998392815129466,-3.16829236975392,-3.95871026408867,-1.91817242187578,-2.7304527443157,1.02763708515437
2024-03-04,-0.57547119995,1.1670960609659,-3.72239453974988,-4.64667131136573,-2.26132672399264,-3.21089739930828,1.51084556808507
2024-03-05,0.40940025519,1.09807480751444,-3.49473616930141,-4.36486603051592,-2.12066884554525,-3.01409638648436,1.13936861639096
2024-03-06,-0.90018533228,1.2077414641767,-3.8547837443484,-4.81189097677353,-2.34362873066396,-3.32625784909397,1.57053357780654
2024-03-07,-1.127437884,1.14176431994822,-3.63731867935765,-4.54258758745102,-2.20922544906642,-3.13819054238968,1.10471957394207
2024-03-08,-0.48097708614,1.23542359740005,-3.94562092226071,-4.92486203665135,-2.39996252163922,-3.40517463526242,1.56663793647094
2024-03-11,-0.15748031483,1.14905405174225,-3.66101349256979,-4.57241426194424,-2.2240935214669,-3.15906121402606,1.88700020961077
2024-03-12,-0.84303274234,1.236736808945,-3.95089821878343,-4.93081116662061,-2.40297217192156,-3.40934831804074,1.21079397699608
2024-03-13,-0.41138719771,1.29468594936929,-4.14189141449111,-5.16733899779521,-2.52101411988018,-3.57453257725404,0.657281639147788
2024-03-14,0.41859440407,1.20296309092002,-3.84119872214991,-4.79359513494846,-2.33470945743129,-3.31356448997762,1.66304755033132
2024-03-15,1.1243966652,1.08360354408881,-3.44806281880384,-4.30646040932221,-2.09162802993359,-2.97337199733586,0.970810732898899
2024-03-18,-1.0034170419,1.25583446176713,-4.01365161866502,-5.00866428550495,-2.44176189593163,-3.46369040121501,1.31411876581373
2024-03-19,-0.74512382207,1.1327770424998,-3.60861802697586,-4.50665433571822,-2.19128814783024,-3.11313289408935,0.936728284844525
2024-03-20,0.81143740335,1.16344615967302,-3.70960667683644,-4.63185699369904,-2.25373729516129,-3.20056459382792,0.856667006561975
2024-03-21,-0.66254175099,1.09395051254171,-3.48208994484709,-4.34888132029727,-2.11269426302343,-3.0029860015182,2.01132217921237
2024-03-22,-0.36930878632,1.08936222118157,-3.46530276142748,-4.32949522842994,-2.10289685512801,-2.9894587519328,1.1336834376981
2024-03-25,-0.6030428769,1.27374774031616,-4.07060990583145,-5.0811832978407,-2.47762636601081,-3.51430976509928,0.753177834546555
2024-03-26,-2.5381275741,1.15341411693545,-3.67568490018937,-4.59074455017394,-2.23315212525082,-3.17189045930805,0.563205884743706
2024-03-27,-2.844089092,1.07135640283969,-3.4063880226431,-4.25653504074131,-2.07802314237568,-2.9423107459127,0.88780333290037
2024-03-28,-0.58782036213,1.0240105366154,-3.25071613850622,-4.0637194051688,-1.98564414397806,-2.81452169853231,0.676431841531198
