Date,Return,mu,q01,q05,RV_hat,VaR_1,ES_1,VaR_5,ES_5,hit_1,hit_5
2012-12-20,-0.87017157175,0.201622542385981,-3.07654776700902,-2.01774874445612,4.08940076828003,-6.01985445183171,-7.56863963581213,-3.87872281365235,-5.23435838655018,0,0
2012-12-21,-0.46004620781,0.201685992580069,-3.07657781119401,-2.01779041914727,3.5443012714386,-5.59037623069601,-7.03227056362846,-3.5970697608769,-4.85912490100082,0,0
2012-12-24,0.16136175436,0.201556193817579,-3.07651635042014,-2.01770516608514,3.0688807964325,-5.18795325083642,-6.52961882802071,-3.33310438019757,-4.50746975701443,0,0
2012-12-26,-1.3781124559,0.202404365089637,-3.07691796644291,-2.01826225304623,2.70247006416321,-4.85579990225243,-6.11508835900005,-3.11545553638046,-4.21748263846991,0,0
2012-12-27,0.40165731152,0.201277833431969,-3.07638454450469,-2.01752233633552,2.52911329269409,-4.69115377021892,-5.90904555639,-3.0072254913527,-4.07332521388255,0,0
2012-12-28,-1.0621675144,0.201327434699185,-3.07640803110972,-2.01755491491974,2.28170967102051,-4.44568813968632,-5.60249284066914,-2.84625566123627,-3.85886935924662,0,0
2012-12-31,4.4317461987,0.200478138739701,-3.07600588253827,-2.01699708925326,2.20710444450378,-4.36933670830903,-5.50683471142742,-2.7960386420792,-3.79196322057543,0,0
2013-01-02,3.16759835,0.201905765909693,-3.07668187566007,-2.01793476836111,2.9839072227478,-5.11275135599466,-6.4358256473282,-3.28387268686191,-4.44186402245591,0,0
2013-01-03,-1.2629728794,0.201533536781687,-3.07650562212865,-2.01769028472841,3.47161960601807,-5.53069872760394,-6.95767882438689,-3.55788405259855,-4.80693263976726,0,0
2013-01-04,-2.78472868,0.20213382681276,-3.07678986435982,-2.01808456093204,3.03934621810913,-5.16185572649178,-6.49723919741938,-3.31613845688022,-4.48483662377055,0,0
2013-01-07,-0.58823529398,0.201227447204641,-3.07636068621464,-2.01748924218203,3.10981225967407,-5.22382996257706,-6.57430408689352,-3.35654619471572,-4.53871870716269,0,0
2013-01-08,0.26913533093,0.200361651115706,-3.07595072469717,-2.01692057907354,2.62929463386536,-4.7873231646352,-6.02882221746104,-3.07009520830327,-4.15710843250547,0,0
2013-01-09,-1.5628866764,0.201169749850262,-3.07633336604624,-2.01745134601074,2.38164496421814,-4.54640603857952,-5.72822657942107,-2.91227798971169,-3.94683011462812,0,0
2013-01-10,1.2396054921,0.199772460614427,-3.07567173818398,-2.01653359314667,2.36743211746216,-4.53259816048342,-5.71048245222645,-2.90295928224017,-3.93442533654982,0,0
2013-01-11,-0.61316880283,0.201669820999213,-3.07657015381843,-2.0177797974991,2.23257350921631,-4.39527939752907,-5.5396568108115,-2.8132561516016,-3.81490598939171,0,0
2013-01-14,-3.5652508169,0.200420456569944,-3.0759785695599,-2.01695920305536,2.0810694694519,-4.23695926495595,-5.34148625222872,-2.70922720981917,-3.67629828078479,0,1
2013-01-15,-3.1549576483,0.198574340364939,-3.075104418463,-2.0174065747225,2.57015419006348,-4.73134094556803,-5.95825887008036,-3.035671446852,-4.1153905123578,0,1
2013-01-16,4.1508890352,0.198269032635884,-3.0749598527604,-2.02301815867391,3.05996894836426,-5.18068656943722,-6.51932048355774,-3.34054948166963,-4.50952339261157,0,0
2013-01-17,-0.67379319871,0.200192042342922,-3.07587041355837,-2.0238317063217,3.84248948097229,-5.8292118687049,-7.3299848485742,-3.76697729990579,-5.07780252798755,0,0
2013-01-18,-0.53314235702,0.199753835147207,-3.07566291887317,-2.02364631857664,3.0727014541626,-5.19161345815894,-6.53351934115255,-3.34752064289952,-4.5195326919852,0,0
2013-01-22,0.95400000009,0.199704299517688,-3.07563946334812,-2.02362536205482,2.54679465293884,-4.70861027983673,-5.93027926840347,-3.02973464678601,-4.0967270669907,0,0
2013-01-23,1.8295461297,0.200172438608172,-3.0758611310299,-2.02382341277423,2.26509857177734,-4.42907374456614,-5.58133277020717,-2.84573126441984,-3.85215071951795,0,0
2013-01-24,-12.354938181,0.201355132350262,-3.07642114617367,-2.02432376267283,2.29840064048767,-4.46264608252275,-5.6236820566527,-2.86761625999155,-3.88182631715334,1,1
2013-01-25,-2.3573806881,0.196762443137022,-3.196380848818,-2.0439944930535,4.87204647064209,-6.85851718060067,-8.72657800603199,-4.31488788263851,-5.8524445700899,0,0
2013-01-28,2.2619805401,0.195839476345073,-3.19591242898074,-2.04352575524347,3.78102469444275,-6.01856658705146,-7.66393816074859,-3.77776716222673,-5.13200122741426,0,0
2013-01-29,1.8762643665,0.195333344869609,-3.19565555947532,-2.04326871136989,3.71119022369385,-5.96092123457553,-7.59087062846389,-3.74091138717314,-5.08243453738376,0,0
2013-01-30,-0.31422523844,0.195926024169985,-3.19595635333253,-2.04356970941199,3.45249366760254,-5.74244440511096,-7.31473498356634,-3.60120778834043,-4.89529495281764,0,0
2013-01-31,-0.29332574477,0.195171227724973,-3.19557328253191,-2.04318637857524,2.8003523349762,-5.15238204703071,-6.56821001642339,-3.22394861202702,-4.38923510996768,0,0
2013-02-01,-0.41054688363,0.19507974186176,-3.19552685204976,-2.04313991657515,2.5015242099762,-4.85903184780213,-6.19716386614528,-3.03639275383755,-4.13772957688441,0,0
2013-02-04,-2.4919536176,0.195048582750073,-3.19551103832152,-2.04312409211224,2.27715444564819,-4.62705533898335,-5.9037595245973,-2.88807539304361,-3.93885377472777,0,0
2013-02-05,3.5106123225,0.194150925227539,-3.19505546332761,-2.0426682078649,2.5608983039856,-4.91883465338378,-6.27251523134117,-3.07469157487216,-4.18879867821183,0,0
2013-02-06,-0.10789701291,0.195324044502159,-3.19565083939585,-2.04326398808633,3.11873030662537,-5.44817209120519,-6.94236151034948,-3.413065294796,-4.64285145943399,0,0
2013-02-07,2.9733890477,0.196975418089766,-3.19648893688094,-2.02247088266834,2.67155885696411,-5.02765505245819,-6.41101509238284,-3.10873381727388,-4.2811978014129,0,0
2013-02-08,1.443765751,0.197669839926167,-3.19684136663945,-2.02276466446753,3.10991811752319,-5.43994710057692,-6.93268841210504,-3.36946754075679,-4.6347587422213,0,0
2013-02-11,1.0421491432,0.198640771084637,-3.19733412913015,-2.02317542617988,3.10284042358398,-5.43342533726513,-6.92474172147285,-3.36515872213059,-4.62941155866835,0,0
2013-02-12,-2.5066155482,0.19883729232998,-3.19743386668362,-2.02325856637221,2.78748273849487,-5.13952032617023,-6.55307415591234,-3.17914587552567,-4.37750856169657,0,0
2013-02-13,-0.19021158369,0.197602942075646,-3.19680741495177,-2.02273636269207,2.9391782283783,-5.2830138231322,-6.73418125689933,-3.2701826896506,-4.50022329338214,0,0
2013-02-14,-0.089933834352,0.198717168774399,-3.1973729021323,-2.02320774695318,2.62219858169556,-4.97885402159127,-6.34982781000638,-3.07750442419761,-4.23974993725381,0,0
2013-02-15,-1.3780835423,0.198623797894891,-3.1973255149754,-2.02316824550963,2.41910433769226,-4.77432689844563,-6.09111523358806,-2.94810489400639,-4.06440020575884,0,0
2013-02-19,-0.036943671694,0.196813696207966,-3.1964068605395,-2.02240246467958,2.4178478717804,-4.77341691912542,-6.08941123021198,-2.9479069495172,-4.06325033006468,0,0
2013-02-20,-2.4217917781,0.197185755434946,-3.1965956863175,-2.02255986789384,2.1523609161377,-4.49251635991652,-5.73424796398867,-2.77009701088004,-3.82255467949648,0,0
2013-02-21,-0.62158850396,0.196347979408347,-3.19617050210344,-2.02220543873349,2.42752766609192,-4.78345353704013,-6.10196296194723,-2.95435430751536,-4.07175741893645,0,0
2013-02-22,1.0648791642,0.195873097244828,-3.19592949210428,-2.02200453529255,2.28219246864319,-4.63219429301266,-5.91051003799719,-2.85875441688438,-3.94202331580786,0,0
2013-02-25,-1.7768017568,0.196414231770781,-3.19620412619598,-2.02223346742904,2.28076648712158,-4.63055932105041,-5.90860688311901,-2.8576045603667,-3.94072719037182,0,0
2013-02-26,1.3934056007,0.196423314825381,-3.19620873598584,-2.02223731010216,2.3318989276886,-4.68436526211338,-5.9766619007733,-2.89164557500626,-3.98684541909442,0,0
2013-02-27,-0.98002093682,0.196473720180385,-3.19623431747847,-2.02225863456966,2.26618266105652,-4.61508805829829,-5.88905736175488,-2.84780319627862,-3.92747844898621,0,0
2013-02-28,-0.71304856383,0.199363930866657,-3.07547829601269,-2.01784611542841,2.30707478523254,-4.47199784613397,-5.87618890379727,-2.86555420811103,-3.93652131235694,0,0
2013-03-01,-2.4762120524,0.197914440410188,-3.07479195044623,-2.01703922874846,2.51669645309448,-4.67996602995247,-6.14611704456977,-3.00193661306991,-4.12026870893687,0,0
2013-03-04,-2.420610031,0.197479775847234,-3.07458613322657,-2.01679726437779,2.66928386688232,-4.82576157256576,-6.33556724379902,-3.09755213114868,-4.24921610606845,0,0
2013-03-05,2.6411141531,0.196955011197556,-3.07433765288015,-2.01650514406472,2.82160115242004,-4.96720126320093,-6.51931539066458,-3.19029416825508,-4.37427221804825,0,0
2013-03-06,-1.271500937,0.198386592196431,-3.07501551817221,-2.0173020611014,3.00188231468201,-5.12936715140014,-6.73077939835705,-3.29677905639401,-4.51824537349233,0,0
2013-03-07,1.1558466576,0.197811958035087,-3.07474342420484,-2.01698217996761,2.97755217552185,-5.10783772731066,-6.70255477544346,-3.28260880951583,-4.49901522588141,0,0
2013-03-08,0.26429344471,0.197142070252157,-3.07442622686988,-2.01660927407734,2.76895809173584,-4.91876053165323,-6.45638783500217,-3.15853338623212,-4.33144594857021,0,0
2013-03-11,1.4245344204,0.197039633205083,-3.07437772209167,-2.0165522505292,2.47196817398071,-4.63664889394784,-6.08944608323078,-2.97348343159118,-4.08169461237213,0,0
2013-03-12,-2.1558910178,0.198030539092653,-3.07484692412034,-2.01710385730812,2.42723488807678,-4.5924535602532,-6.03234506775457,-2.94453369048379,-4.04282735125606,0,0
2013-03-13,-0.018672828628,0.197430759391205,-3.07456292353441,-2.01676997842686,2.62979245185852,-4.78847565966544,-6.28705569082833,-3.07309146808686,-4.21619639591741,0,0
2013-03-14,0.96883389742,0.195881569718272,-3.07382936957489,-2.01590759226473,2.37710762023926,-4.54330905790533,-5.96761210269159,-2.91221885445639,-3.99877868445065,0,0
2013-03-15,2.5803468208,0.19569021657623,-3.0737387622997,-2.01580107186593,2.25322794914246,-4.4182240323278,-5.80486203523527,-2.83017958163643,-3.88801940337538,0,0
2013-03-18,2.7182977956,0.196272285928409,-3.07401437689065,-2.01612509194138,2.47581148147583,-4.64060067188735,-6.0942926327446,-2.97604239486659,-4.08499314159006,0,0
2013-03-19,-0.26990257165,0.196971952301924,-3.0743456746314,-2.01651457465559,2.69478464126587,-4.8498121813523,-6.36665093485919,-3.11329788645799,-4.27036599042292,0,0
2013-03-20,-0.53026469241,0.196610110253421,-3.07417433946693,-2.01631314833513,2.35718488693237,-4.52320859506437,-5.94174740988717,-2.89906094233255,-3.98117056757731,0,0
2013-03-21,0.1437798619,0.191816023011125,-3.07190430001321,-2.01364442766777,2.16746664047241,-4.33073934881766,-5.68962639796364,-2.77273545187134,-3.80967405055497,0,0
2013-03-22,2.0276986284,0.188337642838607,-3.07025725859998,-2.0117081205907,1.89660120010376,-4.03993299497199,-5.31014915334145,-2.5821293446794,-3.55163150811802,0,0
2013-03-25,0.36154229183,0.1888100229642,-3.07048093444651,-2.01197108005312,2.00265860557556,-4.15639092527734,-5.46176871241047,-2.65843730783783,-3.6547452229639,0,0
2013-03-26,-0.52720134599,0.188155679644962,-3.07017109754203,-2.01160682728688,1.8028746843338,-3.93419894546408,-5.1725842101836,-2.51285232443858,-3.45807087584023,0,0
2013-03-27,-1.9638458069,0.187270343174345,-3.06975188349428,-2.0111139877499,1.69925940036774,-3.81432450329678,-5.01637299394246,-2.43433025338117,-3.35186875321041,0,0
2013-03-28,-2.0837019996,0.185904478709293,-3.06910513551757,-2.01035365308295,1.77346575260162,-3.90126991702753,-5.12893180805017,-2.49131432431192,-3.42848993197254,0,0
2013-04-01,-3.1062214793,0.184824423132682,-3.06859372038322,-2.00975241941875,1.89599180221558,-4.04047625696804,-5.30955014383651,-2.58250453547042,-3.55136373786681,0,1
2013-04-02,0.20563754624,0.183830284868167,-3.06812298779767,-2.01690970834191,2.23202157020569,-4.39993064214948,-5.77659165597177,-2.82942307922086,-3.87349801116652,0,0
2013-04-03,0.51141017047,0.183521683357586,-3.06797686246263,-2.01677915152147,1.93390309810638,-4.08295557030167,-5.36430318784288,-2.62110910799519,-3.59285876464663,0,0
2013-04-04,-0.98844880677,0.183577244217073,-3.06800317098326,-2.01680265707444,1.81258821487427,-3.94694894517667,-5.18747036063705,-2.53169250278748,-3.47248706283414,0,0
2013-04-05,-1.0567661086,0.18468093651422,-3.06852577829778,-2.01726958465621,1.73773515224457,-3.86034740935109,-5.07526651173409,-2.47454803555357,-3.39605682106386,0,0
2013-04-08,0.7112476369,0.184945641149854,-3.06865111810411,-2.01738157048389,1.69448411464691,-3.80958968467925,-5.00936109488692,-2.44112739186188,-3.35117768450779,0,0
2013-04-09,0.18066211487,0.185096562266912,-3.06872258048533,-2.01744541910584,1.56690382957459,-3.65620851230878,-4.80996649918716,-2.34026150540993,-3.21542667073505,0,0
2013-04-10,2.0399081925,0.184287761472469,-3.06833960670518,-2.01710324819456,1.43338572978973,-3.48925385586486,-4.59257304648703,-2.23067071069805,-3.06748937108583,0,0
2013-04-11,-0.31214854598,0.184933972979406,-3.06864559313013,-2.01737663415279,1.53171479701996,-3.61289748337432,-4.7535875128828,-2.31182109630942,-3.17705569909554,0,0
2013-04-12,-1.0429857482,0.183574443423078,-3.06800184478443,-2.01680147217176,1.42949557304382,-3.48457502463913,-4.58623061186099,-2.22774393955323,-3.06322424444226,0,0
2013-04-15,-2.3150302466,0.184436014211052,-3.0684098055874,-2.01716596793348,1.38821065425873,-3.43083657624262,-4.51666416025566,-2.19223636539953,-3.01580410391167,0,1
2013-04-16,1.521972133,0.18389915145851,-3.0681555966905,-2.03746174320411,1.52143585681915,-3.60056333016659,-4.73717193194136,-2.32923855681798,-3.16678891500682,0,0
2013-04-17,-5.4992492494,0.18484777909767,-3.06860477962334,-2.03794351312909,1.55108261108398,-3.63686831893035,-4.78472661992046,-2.35325735021559,-3.19911149195961,1,1
2013-04-18,-2.668818272,0.183752648327896,-3.18977817793058,-2.04360768640696,2.71299386024475,-5.07018468081189,-6.47823938190166,-3.18230797119025,-4.32392658539534,0,0
2013-04-19,-0.38770564979,0.182999412407533,-3.18939589912022,-2.04320023403591,3.15003991127014,-5.47765262790014,-6.99465863434305,-3.44334423992578,-4.67331834197967,0,0
2013-04-22,2.0843469132,0.182166868756044,-3.18897337041697,-2.04274988126379,2.60154461860657,-4.96142536690302,-6.33981537861467,-3.11264660511379,-4.23025252115422,0,0
2013-04-23,1.8712218125,0.182916295643118,-3.18935371608438,-2.04315527319188,2.78490662574768,-5.1394897858195,-6.56584378635224,-3.22670929607697,-4.38318571230619,0,0
2013-04-24,-0.16447935386,0.184792404758937,-3.19030587030529,-2.04417012801613,2.71863913536072,-5.07547842999454,-6.48529231873802,-3.18569586276525,-4.32871480996091,0,0
2013-04-25,0.71967286694,0.185573130543659,-3.19070210064446,-2.04459245064244,2.46577596664429,-4.82471919942408,-6.16758012779633,-3.02500734680477,-4.11372502374384,0,0
2013-04-26,2.1609775209,0.184926183583062,-3.19037376511534,-2.0442424937884,2.88176465034485,-5.23097610308314,-6.68250922101744,-3.28533103758255,-4.46217077463587,0,0
2013-04-29,3.0956004841,0.185164028622045,-3.19049447512942,-2.04437115271511,3.04224133491516,-5.37970347267211,-6.87117618321488,-3.38063264553334,-4.58984737783654,0,0
2013-04-30,2.9433646425,0.185673226130116,-3.19075290069353,-2.04464659594131,3.35512113571167,-5.65882559215437,-7.22527754771535,-3.55950384828107,-4.82949403782135,0,0
2013-05-01,-0.78820181579,0.18765586472721,-3.19175912026404,-2.04571907638929,3.54698705673218,-5.82352658668882,-7.43478793803363,-3.66513820561636,-4.97140075038149,0,0
2013-05-02,1.4181975461,0.185368676311718,-3.19059833697833,-2.04448185400289,3.39678001403809,-5.6950174632812,-7.27106776602634,-3.58268404834232,-4.86046453353467,0,0
2013-05-03,1.0010773927,0.186117697061266,-3.1909784765247,-2.0448870262366,3.14938831329346,-5.47675737257727,-6.99455866877625,-3.44284434273108,-4.67337939660352,0,0
2013-05-06,2.3845504244,0.184458446286407,-3.19013638124597,-2.04398947788011,2.74701118469238,-5.10290864670019,-6.51996469611747,-3.20327217466378,-4.35217115194346,0,0
2013-05-07,-0.44539949213,0.185378525180673,-3.19060333543075,-2.04448718160995,2.74742245674133,-5.10315834815125,-6.52058288499443,-3.20343064671815,-4.35260527619675,0,0
2013-05-08,1.1298178599,0.185072275664571,-3.19044790909283,-2.04432152024398,2.37993264198303,-4.7368413840713,-6.05598717020589,-2.96870873003813,-4.0382111790324,0,0
2013-05-09,-0.87241476594,0.185822473910305,-3.19082864623662,-2.04472732942768,2.23779773712158,-4.5874244079901,-5.86676574675312,-2.87294044682457,-3.9101542895234,0,0
2013-05-10,-0.83192854172,0.186063242268401,-3.1909508398801,-2.04485756968273,2.0387487411499,-4.3701282252474,-5.59130604775771,-2.73368171112726,-3.72373482852922,0,0
2013-05-13,0.3907543547,0.1850613787238,-3.19044237872785,-2.04431562569722,1.90870988368988,-4.22272833024114,-5.40408073741566,-2.63928468591738,-3.59707085838442,0,0
2013-05-14,-2.3925759777,0.184796278413066,-3.19030783624431,-2.04417222341481,1.73037135601044,-4.01184887706264,-5.13659887157507,-2.5041810550253,-3.41608187826552,0,0
2013-05-15,-3.3816969313,0.185002287122993,-3.19041238883193,-2.04428366092735,1.91689503192902,-4.23218678392058,-5.41605540922442,-2.64534888527428,-3.60517633092513,0,1
2013-05-16,1.3356651509,0.182926590631912,-3.18935894094948,-2.04637269723517,2.43142294883728,-4.79024741137018,-6.12301112863228,-3.00798659434412,-4.09023030076325,0,0
2013-05-17,-0.30328272496,0.183402080483538,-3.1896002593597,-2.04679770697076,2.43175339698792,-4.7904861692517,-6.12346803443132,-3.00839069493172,-4.09053737487677,0,0
2013-05-20,2.2319161706,0.182899180419337,-3.18934502984517,-2.04634819701259,2.1925528049469,-4.53965050143332,-5.80524780172098,-2.8471840925813,-3.87490168171389,0,0
2013-05-21,-0.73826564012,0.184093062900188,-3.1899509435598,-2.04741533162289,2.31484055519104,-4.66928972441924,-5.97001451953766,-2.93096748342389,-3.9865384094542,0,0
2013-05-22,0.38529772992,0.182234086178147,-3.18900748429214,-2.04575371213216,2.13370561599731,-4.47601587093974,-5.72434644054834,-2.80604116521364,-3.82009667972522,0,0
2013-05-23,0.17808833727,0.181313168620124,-3.1885401044726,-2.04493056327526,2.00279188156128,-4.33110973527629,-5.54031417340478,-2.71267317254504,-3.69542734979763,0,0
2013-05-24,0.68077984342,0.182393914990572,-3.18908859987177,-2.04589657280748,1.87117683887482,-4.17999118848137,-5.34904296929568,-2.61620777102671,-3.56578194952607,0,0
2013-05-28,-0.83365157816,0.183297607223389,-3.18954723757392,-2.04670432505626,1.78084433078766,-4.07309830591962,-5.21379011000022,-2.54799410150449,-3.47408663929521,0,0
2013-05-29,0.79535337845,0.182404704865858,-3.18909407589936,-2.04590621718164,1.63593518733978,-3.89656404118198,-4.98966511647649,-2.43438467751555,-3.3222620208738,0,0
2013-05-30,1.4900550623,0.182624021305055,-3.18920538236418,-2.04610225001287,1.60333216190338,-3.85563563792445,-4.93783731645825,-2.40820698022816,-3.28712853457304,0,0
2013-05-31,-0.40856548121,0.183813424652311,-3.18980902284964,-2.0471653810143,1.66139733791351,-3.92769739347383,-5.02958472333057,-2.45488455075634,-3.34922711095389,0,0
2013-06-03,0.21901786622,0.1831134974379,-3.18945379902715,-2.0465397611839,1.5488029718399,-3.78619087155939,-4.8499353846632,-2.36382391795019,-3.22753003541416,0,0
2013-06-04,-0.31283280086,0.18110999616878,-3.18843699132983,-2.04474896051438,1.36489498615265,-3.54390013490641,-4.54209118382738,-2.20774404552415,-3.01908955085414,0,0
2013-06-05,-0.93476664215,0.181062917657053,-3.18841309826131,-2.0447068800667,1.30694806575775,-3.46398926234547,-4.44075203608172,-2.15648339173352,-2.95043156339184,0,0
2013-06-06,-1.4940127159,0.181167422371883,-3.18846613601082,-2.04480029009652,1.28279399871826,-3.43010514271336,-4.39782027943154,-2.13478353138128,-2.92133367395206,0,0
2013-06-07,0.76426583946,0.180192484802384,-3.18797134020492,-2.04392885623266,1.34659898281097,-3.51922674298139,-4.51052179479295,-2.19164493280852,-2.99777909064635,0,0
2013-06-10,-0.66114243409,0.180520306740398,-3.18813771487862,-2.04422187513668,1.32561111450195,-3.49014799364938,-4.47375257278637,-2.17309835941977,-2.97283888617944,0,0
2013-06-11,-0.29392330662,0.180797005252388,-3.18827814362762,-2.04446919810481,1.28434145450592,-3.43244002299753,-4.40066643729953,-2.13617519006041,-2.92329616980794,0,0
2013-06-12,-1.2362888483,0.178651781756254,-3.18718940972115,-2.04255172106979,1.25305426120758,-3.38908505561184,-4.34503232659748,-2.10777869999157,-2.88580563650545,0,0
2013-06-13,0.87345843258,0.179183299187771,-3.18745916298957,-2.04302681024837,1.29148662090302,-3.44315981610756,-4.41376020858594,-2.14258577205137,-2.93231506059261,0,0
2013-06-14,-1.3567602904,0.180054883229289,-3.18790150529099,-2.04380586305415,1.27193129062653,-3.41525824466508,-4.37865146508042,-2.12494796523085,-2.90844940045784,0,0
2013-06-17,0.45343564707,0.18036432303284,-3.18805855074884,-2.04408245135281,1.31640446186066,-3.4774441510526,-4.45759631238723,-2.16490694261924,-2.96190661466783,0,0
2013-06-18,-0.053240740726,0.178955389405548,-3.18734349527104,-2.04282309638161,1.24544370174408,-3.37810238910243,-4.33120051511605,-2.10082393023193,-2.87640661201177,0,0
2013-06-19,-2.0311740047,0.179603936949968,-3.18767264312106,-2.04340279123614,1.13617873191834,-3.21819004683963,-4.12863907577731,-1.99849353033671,-2.73911473316081,0,1
2013-06-20,-1.4567375886,0.177849837349847,-3.18678241060524,-2.04948951158638,1.22408866882324,-3.34795971702906,-4.29264088496852,-2.08967545006951,-2.85060080581579,0,0
2013-06-21,-0.80079071486,0.178841165388225,-3.18728552482609,-2.05026364579081,1.29019153118134,-3.44148804015226,-4.41153478801314,-2.14998356590703,-2.93105364664565,0,0
2013-06-24,-2.6505441354,0.180003105579282,-3.18787522733754,-2.05117101208186,1.28064811229706,-3.42757898051693,-4.3942576537171,-2.14121942385031,-2.91924267933925,0,1
2013-06-25,0.022358026399,0.178316738675812,-3.18701937020663,-2.05267127897467,1.53701949119568,-3.77284120479214,-4.83150818423202,-2.36651512054299,-3.22008976603816,0,0
2013-06-26,-1.132553461,0.178912965815077,-3.18732196464663,-2.05301981153418,1.42482101917267,-3.62566152963984,-4.64507885389986,-2.27169193079209,-3.09358079459567,0,0
2013-06-27,-1.077699902,0.178414827617006,-3.18706915185238,-2.05272861817895,1.38778448104858,-3.57608855612308,-4.58206839503885,-2.23978702983988,-3.05087498526177,0,0
2013-06-28,0.69835949016,0.17789781442021,-3.18680675970608,-2.05242639119042,1.39098310470581,-3.58062038203814,-4.58765394534357,-2.24273277909969,-3.05470445328468,0,0
2013-07-01,3.2002622753,0.177196366182462,-3.18645076394086,-2.05201635022858,1.33835875988007,-3.50912747625932,-4.49678845762479,-2.19672915701396,-2.99312614209774,0,0
2013-07-02,2.2652851767,0.178907785297312,-3.18731933545421,-2.05301678319313,1.75441265106201,-4.04283191510821,-5.17402638963173,-2.54040005524266,-3.45240783737532,0,0
2013-07-03,0.55198451555,0.180347348697716,-3.18804993601278,-2.05385829925886,1.94837033748627,-4.26966145238236,-5.46209201537368,-2.68651097890554,-3.64777691635375,0,0
2013-07-05,-0.80323193906,0.179280212896122,-3.18750834818657,-2.05323449073393,1.78971982002258,-4.08498153605985,-5.22758756199769,-2.56754531477816,-3.48872559153117,0,0
2013-07-08,-0.56777346572,0.178995748197906,-3.18736397797867,-2.05306820308476,1.65886390209198,-3.92622994663876,-5.02620915179112,-2.46529225869005,-3.35212687827568,0,0
2013-07-09,1.7588242381,0.177396295914968,-3.18655223135397,-2.05213322183136,1.52577638626099,-3.75870699011211,-4.81329922242913,-2.35744629613119,-3.20779923317875,0,0
2013-07-10,-0.38356813066,0.176819163791925,-3.18625932792829,-2.05179585151933,1.60453855991364,-3.85922768873509,-4.94057121619782,-2.42219847296051,-3.29416280716434,0,0
2013-07-11,1.5587193688,0.178153493400375,-3.1869365207195,-2.05257585176258,1.51108980178833,-3.73943260859495,-4.78909716109615,-2.34500395823938,-3.19133142383431,0,0
2013-07-12,-0.18207859812,0.178821170886042,-3.18727537730882,-2.052966151579,1.55030858516693,-3.78969965486025,-4.85304148105305,-2.37735548868224,-3.23466417536292,0,0
2013-07-15,0.2180488149,0.178380124586377,-3.18705153953079,-2.05270833205762,1.37530052661896,-3.55917744985515,-4.56061536822838,-2.2288967830631,-3.0363250179281,0,0
2013-07-16,0.6445349054,0.177643761983632,-3.18667782418853,-2.0522778814361,1.23638296127319,-3.36571122525465,-4.31508512682399,-2.10434063292055,-2.86983710845987,0,0
2013-07-17,0.02673206327,0.176569966395618,-3.18613285641832,-2.05165017984383,1.17324149608612,-3.2745303912473,-4.19914446302306,-2.04570104002332,-2.79129836244281,0,0
2013-07-18,0.33650159185,0.175816934750731,-3.1857506812809,-2.05120998511048,1.08025789260864,-3.13530754939943,-4.02239122739126,-1.95611750812344,-2.6714946180468,0,0
2013-07-19,-1.576809231,0.175524369928031,-3.18560220013528,-2.05103896242506,0.999702632427216,-3.00960414759312,-3.86292167445289,-1.87520961358367,-2.56337283406386,0,0
2013-07-22,0.32003765155,0.174711437727672,-3.18518962454501,-2.05056375201977,1.03276789188385,-3.06224351934899,-3.92941587668673,-1.90917783867617,-2.60856064953996,0,0
2013-07-23,-1.7170603552,0.175051596512406,-3.1853622603581,-2.05076259639312,0.990075588226318,-2.99446482730194,-3.84358278601029,-1.8655093191184,-2.55031212233993,0,0
2013-07-24,5.1361607675,0.174941994468903,-3.18530663563592,-2.0506985270507,1.05815541744232,-3.10167723900518,-3.97948412237443,-1.93454352903387,-2.64248990000065,0,0
2013-07-25,-0.45628930102,0.176584243904335,-3.18614010247351,-2.05165852595276,1.82368779182434,-4.12610632211832,-5.27887796979365,-2.59405719068409,-3.52363687340417,0,0
2013-07-26,0.5678449259,0.177056721519016,-3.18637989212717,-2.0519347190703,1.61957991123199,-3.87801689990102,-4.96446901858353,-2.43429115094799,-3.310357976143,0,0
2013-07-29,1.541985079,0.177628633034871,-3.18667014601443,-2.05226903760649,1.42259061336517,-3.62318942797193,-4.64154496313574,-2.27016196554202,-3.09128052685073,0,0
2013-07-30,1.2349538845,0.177559516769415,-3.18663506844707,-2.05222863476784,1.40746259689331,-3.60295371439213,-4.61586600479591,-2.25713329883728,-3.07386746415153,0,0
2013-07-31,-0.1742698315,0.177091936811062,-3.1863977644293,-2.05195530464091,1.37510240077972,-3.55942976379456,-4.56053562297924,-2.22912853260255,-3.03637360518445,0,0
2013-08-01,0.91618235256,0.178576417852789,-3.18715116138144,-2.05282307791545,1.24252665042877,-3.37409889466662,-4.32600751631276,-2.10967835909328,-2.87716041376859,0,0
2013-08-02,1.2840613477,0.178673597392063,-3.18720048149173,-2.05287988551665,1.19042599201202,-3.29877390818047,-4.23052971546404,-2.06115476564479,-2.81238255690447,0,0
2013-08-05,1.4939248498,0.179624931777494,-3.18768329831882,-2.05343600077284,1.19218015670776,-3.30091091846141,-4.23353170423378,-2.06246029062537,-2.8143273229672,0,0
2013-08-06,-0.89466396848,0.178841283733911,-3.18728558488835,-2.05297790881359,1.22460305690765,-3.3482658245457,-4.29333424307924,-2.09302070743784,-2.8549713990541,0,0
2013-08-07,-0.058033315418,0.179009372855307,-3.18737089270178,-2.05307616756072,1.19456148147583,-3.3046594012,-4.23809539220479,-2.06492067998703,-2.81748257500408,0,0
2013-08-08,-0.19916437559,0.179879556739884,-3.18781252440202,-2.05358484520479,1.09447753429413,-3.15512320820129,-4.04875754545906,-1.96852505751326,-2.68894680123673,0,0
2013-08-09,-1.4229626254,0.179159496488395,-3.18744708275367,-2.05316392434104,1.0063271522522,-3.01835541769478,-3.8751229880875,-1.8804895263502,-2.57123079186331,0,0
2013-08-12,2.8407965672,0.18058232407306,-3.18816918962845,-2.05162332739074,1.02197504043579,-3.04242657807573,-3.90607710615074,-1.89346075668549,-2.58847335535121,0,0
2013-08-13,4.7522252653,0.183413349343359,-3.18960597847931,-2.05383409255676,1.23470270633698,-3.36078677695211,-4.31061847868513,-2.09874911816621,-2.86232414510733,0,0
2013-08-14,1.8240496764,0.184817541025522,-3.19031862734704,-2.05493063453748,2.05886006355286,-4.39288400450234,-5.61976266895751,-2.7637466121096,-3.74953499440683,0,0
2013-08-15,-0.1183550652,0.184363854778952,-3.19008837460162,-2.05457634813787,2.1668963432312,-4.51156796503631,-5.77010968072827,-2.84005093143064,-3.85144810856032,0,0
2013-08-16,0.88771063056,0.185414964395417,-3.19062182889247,-2.05539716614685,1.82378590106964,-4.12344380111703,-5.2782984739161,-2.59034994003876,-3.51806488956632,0,0
2013-08-19,1.0769812672,0.185636866248819,-3.19073444749475,-2.0555704506784,1.64866161346436,-3.91127313904583,-5.0093318528451,-2.45372008574843,-3.33573828728857,0,0
2013-08-20,-1.313664474,0.186498521747406,-3.19117175090799,-2.05624332279346,1.53148210048676,-3.76267431755011,-4.82117477243387,-2.3581656064219,-3.20814073872045,0,0
2013-08-21,0.25744905906,0.183771125851038,-3.18978755555767,-2.05411348244731,1.52835714817047,-3.75965932440556,-4.81649913101615,-2.35566246145857,-3.20515076877194,0,0
2013-08-22,0.11943626086,0.18275869539505,-3.18927373153543,-2.05332286923428,1.38738870620728,-3.57380600532697,-4.58052277615304,-2.2357982736981,-3.04529727400969,0,0
2013-08-23,-0.38571655796,0.181123167428246,-3.18844367594651,-2.05204567531623,1.24252164363861,-3.37298573330483,-4.32538090521975,-2.10626044055949,-2.87253768281636,0,0
2013-08-26,0.38920601983,0.181245582519513,-3.18850580348743,-2.05214127001911,1.13973152637482,-3.22274611832387,-4.13491907211367,-2.00958369069771,-2.74346612522272,0,0
2013-08-27,-2.8590174365,0.180720144979937,-3.18823913585764,-2.05173095259044,1.05725347995758,-3.09751762839862,-3.9759726203597,-1.9289277273973,-2.6358184172787,0,1
2013-08-28,0.47197036383,0.179170577719674,-3.18745270664892,-2.0531704020232,1.28204560279846,-3.42990092565086,-4.39694469363461,-2.14558196654511,-2.92943908986553,0,0
2013-08-29,0.16378214532,0.178219237312907,-3.1869698867659,-2.05261428324715,1.25098621845245,-3.38632675409947,-4.34140160648695,-2.11757842480095,-2.89179008194394,0,0
2013-08-30,-0.9119381737,0.177953872869501,-3.18683521023098,-2.05245916090774,1.1478933095932,-3.23641445514314,-4.1512408495585,-2.02104641777774,-2.7626465105883,0,0
2013-09-03,0.27995796536,0.17714203489214,-3.18642318997569,-2.05198459014516,1.0940043926239,-3.1556866230648,-4.04863510053451,-1.96912437103807,-2.69303407107312,0,0
2013-09-04,2.0694666175,0.179807693440025,-3.06621825791133,-2.05101841353214,1.01529955863953,-2.90977742110388,-3.88098415298497,-1.8868410011708,-2.57540144056731,0,0
2013-09-05,-0.68599593733,0.181510681435142,-3.06702463663219,-2.05234828740407,1.14213705062866,-3.09624345896858,-4.12670243304261,-2.0118506030624,-2.74195615384089,0,0
2013-09-06,0.5956347044,0.18040013663961,-3.06649878460373,-2.05148105609567,1.1269189119339,-3.07488571414901,-4.09821533897501,-1.99737905851247,-2.7227332188941,0,0
2013-09-09,1.595680623,0.180710023642406,-3.06664551862983,-2.05172304877528,1.05185496807098,-2.96444103431102,-3.95316649038755,-1.92353674315253,-2.62428197988871,0,0
2013-09-10,-2.2778908271,0.182085159816377,-3.06729665683642,-2.05279690112971,1.09952831268311,-3.03423290269212,-4.04541123871908,-1.97044473553931,-2.68673622518971,0,1
2013-09-11,-5.4443635777,0.180758107499025,-3.06666828672855,-2.05409841381744,1.24296975135803,-3.23822599942426,-4.31303797718649,-2.10932649711599,-2.87108288711093,1,1
2013-09-12,1.0647623529,0.179245607965893,-3.18749078565244,-2.05657008498902,2.54123783111572,-4.90201645541244,-6.36326023477014,-3.09918631741282,-4.22122968151194,0,0
2013-09-13,-1.648014555,0.177675394140389,-3.18669387799442,-2.05554027161494,2.18216943740845,-4.52976229920382,-5.88340938287985,-2.85880320256657,-3.89851108387261,0,0
2013-09-16,-3.1791783178,0.177061375170671,-3.18638225392693,-2.05513757171721,2.05346202850342,-4.38899440804218,-5.70195069280707,-2.76793142444482,-3.77649357100229,0,1
2013-09-17,1.1552474894,0.176800493777451,-3.18624985260889,-2.05597192814029,2.34170722961426,-4.69900224265673,-6.10100916592584,-2.96937887600744,-4.04839128813231,0,0
2013-09-18,2.0556970921,0.177616241688286,-3.18666385721553,-2.05638933029773,2.25679039955139,-4.60958701721587,-5.98616747699108,-2.91161881562301,-3.97109012518375,0,0
2013-09-19,1.6398381682,0.177987440195631,-3.18685224616507,-2.05657926527121,2.3084077835083,-4.66393906975575,-6.05627833202072,-2.94666500527491,-4.01827762289084,0,0
2013-09-20,-1.035358882,0.179067567407455,-3.18740042733171,-2.05713194511573,2.30074834823608,-4.65565086012659,-6.04598389793197,-2.94123499565829,-4.01134042738639,0,0
2013-09-23,4.9699407373,0.178438371434723,-3.18708110070185,-2.05680999791491,2.06452798843384,-4.40090809070517,-5.71776642049219,-2.77688196389386,-3.79041534597677,0,0
2013-09-24,-0.31387575409,0.180286291580586,-3.18801894858711,-2.05775554229869,3.11660766601563,-5.4478157295755,-7.0663915761451,-3.45245815361447,-4.69828495978073,0,0
2013-09-25,-1.5477407484,0.181241814238177,-3.18850389102671,-2.05827780240156,2.61943984031677,-4.97925085700149,-6.46341053313287,-3.15001569012331,-4.29236248510256,0,0
2013-09-26,0.97397877616,0.181693358192293,-3.18873305652578,-2.05856899515848,2.45721507072449,-4.81680724817045,-6.25440666956693,-3.04521782820541,-4.15164919180728,0,0
2013-09-27,-0.7136687097,0.18274978046536,-3.18926920707155,-2.05925026330825,2.18809485435486,-4.53488429963019,-5.89176819982518,-2.86333651419054,-3.907473182091,0,0
2013-09-30,-1.2428793371,0.180981715945062,-3.18837188714402,-2.05811137726464,1.84928393363953,-4.1548335431615,-5.40180132416958,-2.61781059258897,-3.57762990082452,0,0
2013-10-01,2.3513371789,0.180317501026688,-3.18803478786084,-2.05777151155826,1.7455632686615,-4.03170661501718,-5.24303681003451,-2.53840541410412,-3.47077391190407,0,0
2013-10-02,0.32789572924,0.182994348624549,-3.1893933291725,-2.05880896890114,1.87655258178711,-4.18607009460049,-5.44271213780318,-2.63731288007106,-3.60302388242873,0,0
2013-10-03,-1.2562300842,0.183747230129973,-3.18977542811184,-2.05922015281892,1.64474856853485,-3.90706802444166,-5.0837184632513,-2.4571563079161,-3.36138498451448,0,0
2013-10-04,-0.078608220883,0.18461536872396,-3.19021602179566,-2.05969428404101,1.55853915214539,-3.79809706719657,-4.9436976141448,-2.38673716138693,-3.26709354721144,0,0
2013-10-07,0.97716497949,0.184564071768653,-3.19018998780217,-2.0596662683667,1.37534129619598,-3.55672951408512,-4.63288510627993,-2.23090843247192,-3.05789927162578,0,0
2013-10-08,-1.3962070733,0.185047142198197,-3.19043515347223,-2.05993009579552,1.2975367307663,-3.44916062509115,-4.49453608845715,-2.16140830795121,-2.96473994317521,0,0
2013-10-09,1.1743668649,0.184671859952604,-3.19024469196273,-2.05972513655173,1.29727971553803,-3.44895902655312,-4.49415121456402,-2.16131774164189,-2.96451293937362,0,0
2013-10-10,0.62681364925,0.183414566182063,-3.18960659604366,-2.05903846942728,1.29843986034393,-3.45111361326691,-4.49650579166017,-2.162841347944,-2.96620498953562,0,0
2013-10-11,0.64823400153,0.184564298172196,-3.19019010270545,-2.0596663920163,1.23072457313538,-3.35456964446591,-4.37257551185166,-2.10038895032357,-2.88269360018514,0,0
2013-10-14,0.65501651752,0.184747837479545,-3.19028325172579,-2.05976663144431,1.15152871608734,-3.23872298037338,-4.22346718878805,-2.02557344058323,-2.78231555027619,0,0
2013-10-15,0.5322151439,0.184642118391789,-3.19022959766335,-2.0597088932898,1.08774363994598,-3.14260621539312,-4.09966803674791,-1.96353022265224,-2.69900050422111,0,0
2013-10-16,0.48808855372,0.183312939429642,-3.18955501890432,-2.05898296628913,1.04284679889679,-3.07385652134092,-4.0107055447729,-1.91931780319587,-2.63926920181947,0,0
2013-10-17,0.67569455241,0.183825908695073,-3.18981535869328,-2.05926312287518,1.01177477836609,-3.0247141758704,-3.94759702365834,-1.88752541777141,-2.596738748403,0,0
2013-10-18,0.87016848374,0.185054069540356,-3.19043866920488,-2.05993387914213,0.973562717437744,-2.96292885219129,-3.86844260475694,-1.84746789492416,-2.54332100747582,0,0
2013-10-21,2.450824343,0.185174955365352,-3.19050002061965,-2.05999990056352,0.958775877952576,-2.93887019035962,-3.83750306935133,-1.83191723957515,-2.52248144150425,0,0
2013-10-22,-0.28665303571,0.186736401716926,-3.19129247864985,-2.0608526796843,1.09369039535522,-3.15070621880302,-4.1107891985357,-1.96849619253937,-2.70626557289522,0,0
2013-10-23,0.9795765267,0.186233623004456,-3.1910373107232,-2.0605780886374,1.05623269081116,-3.09329695533003,-4.0366994111384,-1.93148804324608,-2.65644470643644,0,0
2013-10-24,1.3239103931,0.187779197185691,-3.19182171338292,-2.06142219922118,1.25905585289001,-3.39368919707803,-4.42401857866553,-2.12529437543542,-2.91703208801877,0,0
2013-10-25,-1.1189862948,0.188451597783637,-3.19216296702434,-2.06178942873897,1.28251266479492,-3.42661153532525,-4.46663644021331,-2.14648525508507,-2.94566547564941,0,0
2013-10-28,0.74492640106,0.186356518481538,-3.1910996820673,-2.06064520762409,1.23713207244873,-3.3629900216555,-4.38401432402971,-2.10562576562947,-2.89022945070503,0,0
2013-10-29,-2.4907714257,0.187265981234468,-3.19156124839713,-2.06114190790844,1.17440819740295,-3.27143263587729,-4.26642062992405,-2.04639588884065,-2.81098188598626,0,1
2013-10-30,1.5905457556,0.187651717212596,-3.19175701533661,-2.06241143613017,1.4245001077652,-3.6217876438312,-4.71769434392901,-2.27388632146312,-3.11869321821253,0,0
2013-10-31,-0.41798756329,0.188393621436115,-3.19213354313661,-2.06288987711968,1.61592209339142,-3.86941220316968,-5.03680767080341,-2.43392980137137,-3.33374418527155,0,0
2013-11-01,-0.51118993215,0.188706315293665,-3.19229224007689,-2.0630915278906,1.47699451446533,-3.69093953623997,-4.80709533299391,-2.31860313057403,-3.17888173767885,0,0
2013-11-04,1.2922331403,0.188175234217842,-3.19202270826569,-2.06274904304232,1.34355628490448,-3.51175814879114,-4.57618656402433,-2.20279586550494,-3.02327169784473,0,0
2013-11-05,-0.24698623629,0.189381384309327,-3.19263484798133,-2.06352686802966,1.32986307144165,-3.49235519929046,-4.55160498982264,-2.19027138621332,-3.00660592403068,0,0
2013-11-06,-0.28311692804,0.188974440178524,-3.1924283175783,-2.06326443691464,1.27378249168396,-3.41406314103855,-4.45065231051185,-2.13966650854963,-2.93858649825326,0,0
2013-11-07,-1.6179067803,0.188941508139452,-3.19241160406215,-2.06324319962166,1.17896282672882,-3.27738075612938,-4.2746356595048,-2.05132908552382,-2.81993721395324,0,0
2013-11-08,1.5742684764,0.187066334561082,-3.19145992464088,-2.06203393315047,1.22885954380035,-3.3507926525789,-4.36854429021733,-2.0987794709459,-2.88340837041242,0,0
2013-11-11,-0.2904564315,0.186970059997604,-3.19141106381972,-2.06197184737719,1.28622257709503,-3.43246518029142,-4.47367979465067,-2.15154836324443,-2.95427763100705,0,0
2013-11-12,0.18533931343,0.186134299440461,-3.1909869024874,-2.06143288008832,1.18189895153046,-3.28295273105148,-4.28087935067952,-2.0549560864115,-2.82440998105778,0,0
2013-11-13,0.1199976923,0.185961047666107,-3.19089897454822,-2.06132115306517,1.0833044052124,-3.13518756085221,-4.09055051592759,-1.95950138590437,-2.69615585206344,0,0
2013-11-14,1.4455452394,0.185838798013722,-3.19083693097008,-2.06124231641375,0.994884431362152,-2.99682619586377,-3.91234795337147,-1.87012454523195,-2.57607165985471,0,0
2013-11-15,-0.60000757358,0.186592105675534,-3.19121924619033,-2.06172811128012,1.01924753189087,-3.03519231257235,-3.96199796052436,-1.89488302691389,-2.60944920150366,0,0
2013-11-18,-1.2118302981,0.184662187031191,-3.1902397828064,-2.06048354067842,0.982595384120941,-2.97769328529046,-3.88732553068245,-1.85781168456008,-2.55934292455844,0,0
2013-11-19,0.17758359063,0.184318772057321,-3.19006549442725,-2.06026207839973,0.988174378871918,-2.98682837276817,-3.89897564245201,-1.86372513767518,-2.5672327558268,0,0
2013-11-20,-0.87575786738,0.183477010942765,-3.18963828771979,-2.05971924145688,0.931857049465179,-2.8955683238617,-3.78119051171712,-1.80482647344655,-2.48796364353603,0,0
2013-11-21,1.1914563107,0.181748057860368,-3.18876081744832,-2.05860427001268,0.915377974510193,-2.86911120598656,-3.74655915954355,-1.78782955153486,-2.46483942383169,0,0
2013-11-22,-0.25636302234,0.182850782719609,-3.18932046726846,-2.05931539788618,0.930889070034027,-2.89428829464182,-3.77933767631592,-1.80403010569575,-2.48679045415303,0,0
2013-11-25,0.75798383987,0.181466490521893,-3.18861791769503,-2.05842269218665,0.86609697341919,-2.78599944781756,-3.63945227813364,-1.73419082039995,-2.39271505674597,0,0
2013-11-26,1.8444266239,0.181109143704287,-3.18843655869099,-2.05819224550688,0.843620002269745,-2.74743122035042,-3.58967560959409,-1.70931550706119,-2.35922664521723,0,0
2013-11-27,2.3547056617,0.181719616531292,-3.18874638303654,-2.05858592869962,0.916083812713623,-2.87030184768998,-3.74808295335362,-1.78859965180518,-2.46586950374942,0,0
2013-11-29,1.8517840137,0.184921076603245,-3.19037117324457,-2.05986124545871,1.05435407161713,-3.09100770983569,-4.03331940807793,-1.93018039079296,-2.65160283254617,0,0
2013-12-02,-0.87039401524,0.185897957879973,-3.19086695551177,-2.06039476616241,1.12389767169952,-3.19686901868375,-4.16995442617113,-1.99840977755209,-2.74338574176535,0,0
2013-12-03,2.737877111,0.185528947347351,-3.19067967699303,-2.06019323219536,1.06466662883759,-3.10669998290682,-4.05372581113711,-1.94023372630954,-2.66526133824096,0,0
2013-12-04,-0.23343610173,0.186846870575208,-3.19134854329386,-2.06091301191137,1.27355635166168,-3.41465231877528,-4.45070157470597,-2.13893373315036,-2.93210696496603,0,0
2013-12-05,0.51345132742,0.187520146303646,-3.19169024107745,-2.06128071937898,1.16883707046509,-3.26310453407628,-4.25578098325855,-2.04098750520306,-2.80095107120921,0,0
2013-12-06,-1.3877418776,0.187035963956035,-3.19144451109188,-2.06101628467952,1.08357751369476,-3.13509913679474,-4.09079124228951,-1.95837954264485,-2.69003213595768,0,0
2013-12-09,1.1446019786,0.185670983032468,-3.19075176228699,-2.06027080454778,1.09451448917389,-3.1524630870325,-4.1126997806642,-1.96976468811847,-2.70490539790863,0,0
2013-12-10,-0.15535900284,0.186027660104954,-3.19093278138508,-2.06046560263352,1.09738278388977,-3.15666714891965,-4.11823092254779,-1.972434503146,-2.70858887325656,0,0
2013-12-11,-0.7408717177,0.186927050559013,-3.19138923586838,-2.06095680196284,1.00187194347382,-3.00744783884523,-3.92638222503392,-1.87595784682192,-2.57947038207725,0,0
2013-12-12,-0.14607382082,0.186341355929707,-3.19109198683912,-2.06063692664306,0.968040943145752,-2.95334442725274,-3.85652288646091,-1.84110018745572,-2.53255398173327,0,0
2013-12-13,-1.0900203376,0.186495926836963,-3.19117043395104,-2.06072134506849,0.915740489959717,-2.86727325667278,-3.74574249475098,-1.78549756884714,-2.45803359858217,0,0
2013-12-16,0.55372184033,0.186485357607585,-3.19116506990463,-2.06071557271638,0.918201208114624,-2.87137887807718,-3.75102571768798,-1.78815033553015,-2.46158797328964,0,0
2013-12-17,-0.45022421527,0.186817294268021,-3.19133353286323,-2.0608968589022,0.891737341880798,-2.82681785252769,-3.69375415011002,-1.75932564063741,-2.42303042237857,0,0
2013-12-18,-0.76037406088,0.187487668112544,-3.19167375789613,-2.06126298151484,0.856154203414917,-2.76572341392219,-3.61530259392918,-1.71977013508166,-2.37018287498066,0,0
2013-12-19,-1.1456687908,0.186014056905046,-3.19092587755198,-2.06045817328775,0.849750459194183,-2.75544237421136,-3.60158490521154,-1.71335564876587,-2.36114585694473,0,0
2013-12-20,0.83752709088,0.185029732148025,-3.19042631760409,-2.05992058735019,0.908415675163269,-2.85579247946863,-3.73048063330036,-1.77829794027565,-2.44794796842524,0,0
2013-12-23,3.8377472589,0.185444127221531,-3.1906366294751,-2.06014690794461,0.904397249221802,-2.84884501540996,-3.72166992498959,-1.77375151958283,-2.4419726147254,0,0
2013-12-24,-0.42449437797,0.186435606322742,-3.19113982036266,-2.06068840120523,1.22790575027466,-3.34969542878758,-4.36692164093248,-2.09703193799989,-2.87579756165498,0,0
2013-12-26,-0.66411823773,0.184824300973077,-3.19032205812436,-2.05980839174604,1.15064895153046,-3.23738013314467,-4.22176339943809,-2.02469727184598,-2.77832984462919,0,0
2013-12-27,-0.6756517113,0.184674986771774,-3.19024627887154,-2.0597268442544,1.07904326915741,-3.12925738027867,-4.08249033335831,-1.954907622152,-2.68469283842197,0,0
2013-12-30,-0.99448302954,0.185643761205389,-3.19073794679122,-2.06025593743067,1.01511228084564,-3.0291134434018,-3.95385884045921,-1.89012138423712,-2.59809073831313,0,0
2013-12-31,1.1721849527,0.184961705029627,-3.19039179279561,-2.05988343454877,0.985868513584137,-2.98280739117214,-3.89400889501133,-1.86031533601484,-2.55791993759277,0,0
2014-01-02,-1.4063669743,0.185260496806697,-3.1905434342163,-2.06004661875852,0.995869696140289,-2.99868716279375,-3.91455448687787,-1.87052741070854,-2.57170224744121,0,0
2014-01-03,-2.1965903133,0.18606357254346,-3.19095100749977,-2.06048521610132,1.02234530448914,-3.04034185517449,-3.96845515229554,-1.89731554212707,-2.60786065698971,0,1
2014-01-06,0.54530666548,0.185302852675256,-3.19056493047081,-2.06089669468803,1.14291155338287,-3.22563572335053,-4.20679916178919,-2.01794083309989,-2.77076509073822,0,0
2014-01-07,-0.71562517232,0.185901241160063,-3.19086862182689,-2.06128258490095,1.08239543437958,-3.13382215444585,-4.0887726089501,-1.95862077871956,-2.69126842232575,0,0
2014-01-08,0.63375228583,0.185303284730313,-3.19056514974539,-2.06089697331274,1.05403196811676,-3.09032421598411,-4.03256516561517,-1.93053841888167,-2.6534982957966,0,0
2014-01-09,-1.2771869135,0.184746880341423,-3.19028276596347,-2.0605381579051,1.01283490657806,-3.02594410065186,-3.94948321724038,-1.88897252477232,-2.59764047175373,0,0
2014-01-10,-0.66707795986,0.183824557260995,-3.18981467281971,-2.05994336796691,1.02566409111023,-3.04666265993488,-3.97585817753061,-1.90238464325097,-2.61548899334068,0,0
2014-01-13,0.52351108934,0.182014015532036,-3.18889579505572,-2.05877578143905,0.992086291313171,-2.99423872029048,-3.90776144220148,-1.86859930911147,-2.56986110654731,0,0
2014-01-14,1.9898082988,0.182056570370059,-3.18891739229028,-2.05880322430588,0.957115054130554,-2.93773329352181,-3.83501840624059,-1.83211709448125,-2.52090987871251,0,0
2014-01-15,2.007723421,0.183212373331818,-3.18950398006351,-2.05954858131447,1.06240236759186,-3.10430202330042,-4.04987485631051,-1.93962417239966,-2.66536205276931,0,0
2014-01-16,-0.55798765616,0.183836155680797,-3.18982055919608,-2.05995084758392,1.17589366436005,-3.27516158277965,-4.27008483307728,-2.04994633800538,-2.81349166592046,0,0
2014-01-17,-2.450157871,0.181518990973549,-3.18864456248143,-2.05845654880485,1.11190271377563,-3.18080458907514,-4.14782200466166,-1.98905752106205,-2.73143798069687,0,1
2014-01-21,1.5536279061,0.177996001832347,-3.18685659132734,-2.05963449873666,1.25135290622711,-3.38694563262267,-4.41207686459494,-2.12599119241038,-2.91344135734062,0,0
2014-01-22,0.44438778277,0.179739753884163,-3.18774157230331,-2.06044005874812,1.30012798309326,-3.45502375378142,-4.5003136295066,-2.16963900389846,-2.97274093048684,0,0
2014-01-23,0.84676615115,0.178211754914054,-3.18696608933345,-2.05973417004876,1.19758224487305,-3.30941593223753,-4.31232442583065,-2.07583981585012,-2.84623950896598,0,0
2014-01-24,-1.8177568411,0.177689779429409,-3.18670117874977,-2.05949303337055,1.14746701717377,-3.23590091942579,-4.21749650091131,-2.02843682884861,-2.78241772114226,0,0
2014-01-27,0.81125130473,0.177728917057859,-3.18672104169794,-2.05951111375554,1.22659826278687,-3.35162507991176,-4.36651075391022,-2.10321870465915,-2.88277394522882,0,0
2014-01-28,-7.9927338784,0.177446884124538,-3.1865779056481,-2.05938082318311,1.17854976654053,-3.28193497521739,-4.27668733329375,-2.0582381900012,-2.82230288726681,1,1
2014-01-29,-1.1352418559,0.175846739781883,-3.20138396422271,-2.06188975425059,3.17998147010803,-5.53302202911098,-7.4471108391662,-3.5010186891981,-4.82820693935047,0,0
2014-01-30,-0.19331003487,0.176349811087815,-3.20165882294773,-2.06217190214526,2.63878321647644,-5.02453107126514,-6.76828363700666,-3.17351068782638,-4.38260645571993,0,0
2014-01-31,0.16367136068,0.175693512576487,-3.20130024679773,-2.061803816665,2.16983771324158,-4.53993988380375,-6.12101789782608,-2.86141959306719,-3.95770112790065,0,0
2014-02-03,0.18577706742,0.176560809592621,-3.20177410437867,-2.06229024080463,1.81174051761627,-4.13305629522919,-5.57798005053215,-2.59930063694858,-3.60119754461852,0,0
2014-02-04,1.4475704345,0.176337086207782,-3.20165187056491,-2.06216476538737,1.55398166179657,-3.81480374156682,-5.15295469454559,-2.39433278093289,-3.32218927688401,0,0
2014-02-05,0.74687002489,0.177810753184578,-3.2024570252648,-2.06299127254462,1.61433398723602,-3.89111725245764,-5.25531125835447,-2.44335259046972,-3.38930142879814,0,0
2014-02-06,0.58287867487,0.177777057579485,-3.20243861528803,-2.06297237434087,1.52927088737488,-3.78247678814734,-5.11023632127338,-2.37337075837228,-3.29405472087106,0,0
2014-02-07,1.3989970927,0.17584418011995,-3.20138256572232,-2.0618883186624,1.4182550907135,-3.63669882389678,-4.91498118515297,-2.27966924978045,-3.1660028483222,0,0
2014-02-10,1.791487069,0.176153430017468,-3.20155152791822,-2.06206176168426,1.40874946117401,-3.62379215432695,-4.89784346658921,-2.27132318175291,-3.15472981106094,0,0
2014-02-11,1.3176052476,0.175577978624328,-3.20123712351001,-2.06173901936692,1.48470330238342,-3.72507829454508,-5.03291006112379,-2.33661806598292,-3.24343462449796,0,0
2014-02-12,-0.0074632434917,0.176095240850189,-3.2015197356054,-2.06202912624899,1.4848016500473,-3.72503459084701,-5.03301252400113,-2.336537509395,-3.24346700662275,0,0
2014-02-13,1.5879235707,0.177364167089377,-3.20221302787657,-2.06274080441999,1.30400598049164,-3.47934155756833,-4.70533954129936,-2.17814311563795,-3.02825576423362,0,0
2014-02-14,-0.080818470542,0.177900506004284,-3.20250606273782,-2.06304161047648,1.28774607181549,-3.45626814260627,-4.67469785963986,-2.16321641764741,-3.00809238442384,0,0
2014-02-18,0.36765381701,0.177287349418674,-3.20217105766921,-2.06269772117551,1.14374685287476,-3.24730974555301,-4.39548940731659,-2.02868743972455,-2.82483899513246,0,0
2014-02-19,-1.5787834941,0.17623240011892,-3.20159467413059,-2.06210605212103,1.04731118679047,-3.10022269409367,-4.19875573255117,-1.93409028809373,-2.69579686349539,0,0
2014-02-20,-1.1574892532,0.176293514927072,-3.20162806490054,-2.06214032840404,1.07677161693573,-3.14595929869059,-4.25984617221475,-1.96354014758412,-2.73589401140565,0,0
2014-02-21,-1.1107973266,0.176580439055724,-3.20178482915891,-2.06230125000278,1.10141170024872,-3.18363393538819,-4.31024255942015,-1.9877668467403,-2.76894733444991,0,0
2014-02-24,0.43788672047,0.175807088348121,-3.20136230021126,-2.06186751571616,1.09612643718719,-3.17589301339556,-4.29966317882229,-1.9828869031916,-2.76208434191084,0,0
2014-02-25,-1.0406596532,0.175236209494881,-3.20105039406219,-2.06154733791103,1.02142310142517,-3.0599206993469,-4.14462738338039,-1.90827647918967,-2.66037755232632,0,0
2014-02-26,-0.90219514996,0.176413760291773,-3.20169376232205,-2.05890355163198,1.01311445236206,-3.04620584791525,-4.126685220633,-1.89594651194244,-2.64784597314949,0,0
2014-02-27,1.9947810961,0.17648424891112,-3.20173227458028,-2.05893611521403,1.00514209270477,-3.0334692727028,-4.10970054828345,-1.88773869886041,-2.63669020039384,0,0
2014-02-28,-0.27100270991,0.173259792136019,-3.19997055597768,-2.05742271170843,1.10861694812775,-3.19601737664654,-4.32573450370367,-1.99301869319084,-2.77881901533706,0,0
2014-03-03,0.2888415931,0.173315705616293,-3.20000110494304,-2.05745014271309,1.02649283409119,-3.06879685875869,-4.15587461701271,-1.91121012406587,-2.6673566760878,0,0
2014-03-04,0.65939063206,0.174580134823396,-3.20069194020963,-2.0580564728562,0.954947650432587,-2.9531815735515,-4.0018928500356,-1.83658193566662,-2.56616454716126,0,0
2014-03-05,0.21082749809,0.17572877868367,-3.20131951483616,-2.05858711111998,0.942091703414917,-2.9315170353344,-3.97332720129517,-1.82236486806889,-2.54727687265266,0,0
2014-03-06,-0.30242692919,0.175741094004324,-3.20132624345155,-2.05859280042073,0.89668196439743,-2.85570012949925,-3.87209398702572,-1.7736082078259,-2.48083640944363,0,0
2014-03-07,-0.058407913366,0.175735262701931,-3.20132305745322,-2.05859010653772,0.857420325279236,-2.78859364894225,-3.78248592750777,-1.7304572897264,-2.42202778820349,0,0
2014-03-10,0.090490913317,0.176542104437013,-3.20176388460433,-2.05896284269403,0.805940747261047,-2.69781589569356,-3.66152786877068,-1.67187537173192,-2.34253054100833,0,0
2014-03-11,0.97378136052,0.176861241906495,-3.20193824898754,-2.05911027442511,0.773633778095245,-2.63945009765938,-3.58369462730657,-1.63425913716819,-2.2913995869871,0,0
2014-03-12,0.096998638401,0.177988214496939,-3.20255398326952,-2.05963090122634,0.790506601333618,-2.66941656425442,-3.62406596732159,-1.65323864420807,-2.31773750032671,0,0
2014-03-13,-1.1106762827,0.177539130062275,-3.20230862088514,-2.05942343797951,0.769281566143036,-2.63116405933047,-3.57284585784461,-1.62875434859826,-2.2841808317373,0,0
2014-03-14,-1.1231508527,0.178583316224502,-3.20287912386126,-2.05688416331228,0.792278707027435,-2.67230064599368,-3.62810592139945,-1.65225008290117,-2.32027640044658,0,0
2014-03-17,0.39070689363,0.177676111269579,-3.20238346212444,-2.05641996438464,0.833528935909271,-2.74602972561758,-3.72626628312268,-1.69979019595839,-2.38483713796887,0,0
2014-03-18,0.88468694248,0.177725424841084,-3.20241040515464,-2.05644519716902,0.820690989494324,-2.72340210881635,-3.69606790107884,-1.68524934359012,-2.36500834355148,0,0
2014-03-19,-0.026345502465,0.17729509959604,-3.20217529206669,-2.05622500820708,0.80992990732193,-2.70453796665414,-3.67074261664596,-1.67322733588165,-2.34844528368555,0,0
2014-03-20,-0.4818732823,0.177390466287971,-3.20222739674259,-2.05627380546716,0.766116976737976,-2.6254586020823,-3.56518027554511,-1.62242710001933,-2.27914332763124,0,0
2014-03-21,0.78872706617,0.177059363086272,-3.20204649474561,-2.05610438647277,0.751186907291412,-2.59818761639438,-3.52866077417063,-1.60498768008411,-2.2552216885783,0,0
2014-03-24,1.1860303641,0.177967774820158,-3.20254281581983,-2.05656920288546,0.762857019901276,-2.61918713109869,-3.55698961628054,-1.61827445082518,-2.27368281168474,0,0
2014-03-25,1.0756876054,0.177125797350989,-3.20208279186111,-2.05613837957904,0.791907072067261,-2.67238080379026,-3.62775023328377,-1.65261448930318,-2.32025043995923,0,0
2014-03-26,-0.95598084372,0.177321984544201,-3.20218998096364,-2.05623876470614,0.829612135887146,-2.73933020468589,-3.71720832301293,-1.69556292556821,-2.37894032470808,0,0
2014-03-27,-0.42980473545,0.177098800346909,-3.20206804174113,-2.05612456574318,0.844283223152161,-2.76511776183294,-3.75157105559908,-1.71216890801351,-2.40152539684611,0,0
2014-03-28,-0.11163621456,0.177118296803491,-3.20207869385175,-2.05613454169645,0.822837650775909,-2.72750006639343,-3.7013472493476,-1.68800955232847,-2.36855776738641,0,0
2014-03-31,-0.022352196083,0.177699600361013,-3.20239629565648,-2.05643198329062,0.7867830991745,-2.66285136537552,-3.61520801036537,-1.64637191259651,-2.31193611007416,0,0
2014-04-01,0.91478183094,0.177054350654523,-3.20204375614656,-2.05610182171006,0.750681579113007,-2.59725663592459,-3.52741606479675,-1.60439097236637,-2.25440545339649,0,0
2014-04-02,0.16615895875,0.178303390935451,-3.20272618349844,-2.05674093104895,0.762826800346375,-2.61895626492057,-3.55678800734406,-1.61805324380081,-2.27350143250384,0,0
2014-04-03,-0.69302368438,0.178004549992526,-3.20256290835318,-2.05658802001767,0.744835436344147,-2.5859305086456,-3.51259473661562,-1.59691007069325,-2.24453626090134,0,0
2014-04-04,-1.2936394514,0.177120534601573,-3.20207991649816,-2.0561356867337,0.747761964797974,-2.59182142254586,-3.52017960084301,-1.60088642370426,-2.24964593838556,0,0
2014-04-07,-1.5700801024,0.176256113747033,-3.20160763034079,-2.05569337958852,0.783822655677795,-2.65824748322415,-3.60860217549422,-1.64372651732049,-2.30780713061716,0,0
2014-04-08,-0.0057309874137,0.174043135662772,-3.20039854461563,-2.05456104223959,0.846355855464935,-2.77024674171624,-3.75745139603225,-1.71610373035819,-2.40579939920255,0,0
2014-04-09,1.3143817821,0.173898777420761,-3.20031967284959,-2.05448717696716,0.809646129608154,-2.70575969364702,-3.67129638248472,-1.67473573651384,-2.34928481418727,0,0
2014-04-10,-1.2897872983,0.174910458532423,-3.20087241632193,-2.05500483428881,0.840296447277069,-2.75925518522816,-3.7430493270863,-1.70886489964345,-2.39623046321173,0,0
2014-04-11,-0.73928325819,0.174547544502835,-3.20067413411763,-2.05481913831961,0.876245975494385,-2.82153985643301,-3.82610249420762,-1.74892778399026,-2.45078158348449,0,0
2014-04-14,0.39837570475,0.173012377323581,-3.19983537808322,-2.05403362347593,0.869604468345642,-2.81091684122664,-3.81143159092251,-1.74242708151692,-2.44135805806355,0,0
2014-04-15,-0.71309998457,0.173898753162383,-3.20031965959575,-2.05448716455463,0.845557689666748,-2.76892993512645,-3.7556473175315,-1.7152887064229,-2.40463516678579,0,0
2014-04-16,0.20273770224,0.17307101782999,-3.19986741699031,-2.0540636286694,0.839151918888092,-2.75817506831292,-3.74102403053668,-1.70855880853601,-2.39515252575115,0,0
2014-04-17,1.1425598736,0.171708573715357,-3.19912303016513,-2.05336649281984,0.808564841747284,-2.70495032936914,-3.66952069075716,-1.67468337406812,-2.34842705668528,0,0
2014-04-21,1.1868023012,0.171438633123549,-3.19897554505512,-2.05322836952966,0.831137001514435,-2.74496230096659,-3.72286346023535,-1.70042223310058,-2.38346107100719,0,0
2014-04-22,0.099591467915,0.172117017400587,-3.19934618801421,-2.0535754854181,0.862854957580566,-2.79975522195036,-3.7962439005977,-1.7354489719848,-2.43151241967008,0,0
2014-04-23,-1.3069424619,0.171435625954992,-3.19897390205441,-2.05322683082067,0.817497432231903,-2.72093468906177,-3.6907781731274,-1.68500100569361,-2.36241158452199,0,0
2014-04-24,8.1981896141,0.171722136692845,-3.19913044045201,-2.05337343272859,0.83982127904892,-2.7600174109073,-3.74305657347842,-1.71002548528636,-2.39667028123814,0,0
2014-04-25,0.7344523312,0.174266833761126,-3.20052076461383,-2.05467550415561,2.27575778961182,-4.6539155614276,-6.27277255130919,-2.92533752021551,-4.05634990870835,0,0
2014-04-28,3.8727838582,0.171867621534774,-3.19920992774872,-2.05344787446003,1.81465709209442,-4.13776275825554,-5.58281743233812,-2.59431576215966,-3.60368757522161,0,0
2014-04-29,-0.2962514096,0.173344206730912,-3.20001667685091,-2.05420341405546,2.28965258598328,-4.66879239398084,-6.29235607291261,-2.93499382427379,-4.06920217859336,0,0
2014-04-30,-0.37816757549,0.173101657684927,-3.19988415742325,-2.05407930648039,1.95181655883789,-4.29737421480913,-5.79632719634227,-2.69659972150637,-3.74373363812813,0,0
2014-05-01,0.23555728785,0.173660259250307,-3.20018935573658,-2.0543651319118,1.68491470813751,-3.98032199644624,-5.37313998364671,-2.49299329029228,-3.46603172840356,0,0
2014-05-02,0.18597416638,0.172919007713684,-3.19978436453578,-2.05398584808345,1.47610223293304,-3.71465733416485,-5.01816822905144,-2.32257002525463,-3.23315793333659,0,0
2014-05-05,1.4141550508,0.172138040016017,-3.19935767395905,-2.05358624227683,1.30416810512543,-3.48153417397543,-4.70663447276773,-2.1730611396547,-3.02881508766151,0,0
2014-05-06,-1.0899227903,0.173331414413555,-3.20000968762295,-2.05419686847833,1.3134423494339,-3.49405608798997,-4.72372783360667,-2.18089143437101,-3.03992912423118,0,0
2014-05-07,-0.34992681813,0.172259125490028,-3.19942383038382,-2.05364819933172,1.29481565952301,-3.46836419604866,-4.68908635718208,-2.16458648331012,-3.01729134359007,0,0
2014-05-08,-0.17825614559,0.173566864647764,-3.20013832853412,-2.05284572227995,1.19446110725403,-3.32390925688371,-4.49660471825374,-2.07001705509829,-2.89018966393611,0,0
2014-05-09,-0.41624857568,0.173482508373859,-3.20009223952523,-2.05279039782819,1.09849059581757,-3.1804990338718,-4.30508287211786,-1.97802456988346,-2.76455528308454,0,0
2014-05-12,1.2445723411,0.173264862894149,-3.19997332644401,-2.05264765661538,1.01755201816559,-3.05466929995102,-4.13699407798441,-1.89731848863517,-2.65431056698363,0,0
2014-05-13,0.15687465202,0.174064752369968,-3.20041035514927,-2.05317225833943,1.01198959350586,-3.04547424705383,-4.12496802518863,-1.89137918285018,-2.64632806783359,0,0
2014-05-14,0.018526003805,0.175652308639266,-3.20127773455838,-2.05111375071219,0.935135364532471,-2.92006000520075,-3.95800465121771,-1.80782385983578,-2.53468314462789,0,0
2014-05-15,-0.85035445472,0.175828580399587,-3.20137404263782,-2.05121679273049,0.850222885608673,-2.77607939679504,-3.76580541233761,-1.71554778886328,-2.40863912063396,0,0
2014-05-16,1.4758330219,0.17621559230309,-3.2015854909894,-2.05144302572192,0.829469621181488,-2.73963552740627,-3.71726522214516,-1.69214071441001,-2.37675884899941,0,0
2014-05-19,1.1849174072,0.177143143573413,-3.20209226916686,-2.05198523823965,0.866552233695984,-2.80364572076866,-3.80303053893079,-1.73302503203962,-2.43287226064207,0,0
2014-05-20,0.019848161719,0.177768599953945,-3.2024339943682,-2.0523508571436,0.878253519535065,-2.8233982220458,-3.82960354155838,-1.74559572555413,-2.45021535680761,0,0
2014-05-21,0.26458963785,0.178972615743017,-3.20309182207729,-2.05305468069844,0.816194236278534,-2.71481164658338,-3.6849929131503,-1.67582820006617,-2.35521398230696,0,0
2014-05-22,0.15833484522,0.178968601585826,-3.20308962889689,-2.05305233416909,0.77299439907074,-2.63719100444994,-3.58134760009602,-1.62607706444994,-2.28723865543046,0,0
2014-05-23,1.129645792,0.178535309411096,-3.20285289479319,-2.05279904742529,0.734174966812134,-2.56579750364737,-3.48588059365687,-1.58038524345686,-2.22469139027303,0,0
2014-05-27,1.8725676973,0.174420872788416,-3.20060492558692,-2.05039389839301,0.750904440879822,-2.59905508596319,-3.52898019597292,-1.60234268140788,-2.25356427530508,0,0
2014-05-28,-0.25893898946,0.176071151748182,-3.20150657425077,-2.05135859106106,0.816472232341766,-2.71677346887138,-3.68669213085188,-1.67751294295307,-2.35673202320851,0,0
2014-05-29,1.8220861844,0.176254907488662,-3.20160697128782,-2.05146600794019,0.797718167304993,-2.68326258999514,-3.64200398491076,-1.65601338709173,-2.32740412294619,0,0
2014-05-30,-0.37457899207,0.17669988800679,-3.20185009145077,-2.05172612726167,0.856615483760834,-2.78672521049986,-3.7802965929958,-1.72224494923703,-2.41802384742709,0,0
2014-06-02,-0.68720379149,0.177275619743687,-3.20216464902798,-2.05206267895923,0.834456503391266,-2.74785666097137,-3.72857878199211,-1.69725471900586,-2.38403207713159,0,0
2014-06-03,1.4141414142,0.176921722604026,-3.20197129330395,-2.05185580364651,0.82906848192215,-2.73857553076135,-3.71607371844489,-1.69135859969096,-2.37588042426366,0,0
2014-06-04,1.1418891363,0.178740760440022,-3.20296514529764,-2.05291914657585,0.892807960510254,-2.84769346474233,-3.86235184977747,-1.76103207032299,-2.47156514087512,0,0
2014-06-05,0.39235755703,0.178465451683727,-3.20281472722996,-2.05275821115516,0.923314154148102,-2.8990947946077,-3.93089925047223,-1.79401425879995,-2.51655591341201,0,0
2014-06-06,-0.27496717375,0.177113375514974,-3.20207600504984,-2.0519678369224,0.881838083267212,-2.82983561893255,-3.83799184115021,-1.74981234834099,-2.4558021818212,0,0
2014-06-09,1.6001363136,0.177201512384312,-3.20212415963001,-2.05201935850979,0.844695210456848,-2.76578439960528,-3.75249374936196,-1.70875411024901,-2.39972463498404,0,0
2014-06-10,0.58697972254,0.177384547310341,-3.2022241628419,-2.05212635402718,0.914259135723114,-2.88448289335684,-3.91104673691491,-1.78479503413238,-2.50367362303242,0,0
2014-06-11,-0.41379310351,0.177992334787972,-3.20255623443735,-2.0524816443373,0.922006785869598,-2.89714009344817,-3.92813966666635,-1.79282485024421,-2.51480584885861,0,0
2014-06-12,-1.6727040273,0.178773705981713,-3.20298314546874,-2.05293840533348,0.898327946662903,-2.85701896859738,-3.87481429259032,-1.76700467911228,-2.47973424371479,0,0
2014-06-13,-1.094376422,0.178469266391653,-3.20281681143899,-2.05276044109376,0.958086311817169,-2.95650815380813,-4.00756261985724,-1.83081131716347,-2.56683315095701,0,0
2014-06-16,1.0078878175,0.177382772832331,-3.20222319333567,-2.05212531673229,0.986311316490173,-3.00284778870925,-4.06909571741436,-1.86064869916729,-2.60731713394678,0,0
2014-06-17,-0.13015184386,0.178297278534954,-3.20272284391897,-2.0526599032887,0.99776417016983,-3.0208431902321,-4.09341284437299,-1.87206664155719,-2.62315604112639,0,0
2014-06-18,0.10860121656,0.18031457883267,-3.20382501886172,-2.05141424347438,0.927135288715363,-2.90458012033207,-3.93880797124017,-1.79494839221859,-2.51485737239921,0,0
2014-06-19,-0.34714688663,0.179653748674744,-3.2034639667951,-2.05089819711155,0.862712383270264,-2.79579763919001,-3.79334629075138,-1.72526790807483,-2.41976912361103,0,0
2014-06-20,-1.0341824514,0.177888797291842,-3.20249966554971,-2.04951993564636,0.830383121967316,-2.74040054922313,-3.71881723319674,-1.6897436205995,-2.37125001633766,0,0
2014-06-23,-0.087999120205,0.178124405787807,-3.202628392929,-2.04970392377997,0.848806381225586,-2.77247919119115,-3.76172555278931,-1.71028193682752,-2.39928776016819,0,0
2014-06-24,-0.60552680816,0.178921763031873,-3.20306403812066,-2.05032658498987,0.815011739730835,-2.7127404094036,-3.68221113391233,-1.67207208423216,-2.34715876405251,0,0
2014-06-25,0.088613203297,0.178052874146982,-3.20258931080413,-2.04964806427866,0.801204085350037,-2.6885849527517,-3.64968146240828,-1.65658719445912,-2.3259997090398,0,0
2014-06-26,0.59760956174,0.178167146032549,-3.20265174454742,-2.04973729990178,0.770938396453857,-2.63386029400849,-3.57664559468989,-1.62156569785615,-2.27820400748363,0,0
2014-06-27,1.1881188118,0.178290314676993,-3.20271903913603,-2.04983348305901,0.770997047424316,-2.63390317814543,-3.57674198832555,-1.62159544238994,-2.27824916099943,0,0
2014-06-30,1.0328332246,0.177632465058994,-3.20235961552128,-2.04931976421827,0.807779908180237,-2.70053873856479,-3.66550959533692,-1.66422598950123,-2.33641339608461,0,0
2014-07-01,0.63488647356,0.179358837051206,-3.20330283847814,-2.05066789879835,0.833584904670715,-2.74528455548362,-3.72580472204652,-1.69291881602053,-2.37561907741109,0,0
2014-07-02,-0.042771599692,0.179496779878167,-3.20337820510926,-2.0507756192062,0.827758848667145,-2.73497686516623,-3.71208499816469,-1.68632458474969,-2.36662380979132,0,0
2014-07-03,0.58836114677,0.17911265457198,-3.20316833388293,-2.05047565337573,0.786069095134735,-2.66083361478563,-3.612962465649,-1.63885008582324,-2.30182662345203,0,0
2014-07-07,2.0610443476,0.178220456568497,-3.20268087136457,-2.04977893042945,0.770931601524353,-2.63382016519695,-3.5766089492112,-1.62154100875372,-2.2781722834347,0,0
2014-07-08,-0.64396465505,0.177662815264381,-3.2023761977009,-2.04934346488161,0.860596060752869,-2.79312768191721,-3.78915065199097,-1.72347862317824,-2.41729087716814,0,0
2014-07-09,0.041950708146,0.175437080149712,-3.2011601420272,-2.04760537454666,0.86594969034195,-2.80344787772223,-3.80222611822188,-1.72999113314552,-2.42614132992857,0,0
2014-07-10,-0.3721564105,0.175814946767119,-3.20136659374779,-2.04790045292831,0.824633359909058,-2.73132446403124,-3.70604056597897,-1.683869641598,-2.36317910005653,0,0
2014-07-11,0.19466512331,0.175934971571098,-3.20143217066343,-2.04799418104105,0.799699664115906,-2.6869754639423,-3.64686016946647,-1.6555028350772,-2.32445413741623,0,0
2014-07-14,1.2917454316,0.175575914731514,-3.20123599587872,-2.04771379133139,0.771713137626648,-2.63662042398332,-3.57950787408262,-1.62328341151985,-2.28045296697574,0,0
2014-07-15,-1.1715914981,0.174494227720376,-3.20064500388762,-2.04686909524554,0.803128778934479,-2.69384228775278,-3.6555720956966,-1.6598577110779,-2.33035594271128,0,0
2014-07-16,-0.56651279901,0.174246500918899,-3.20050965553441,-2.0466756438521,0.844733059406281,-2.76732146432738,-3.75360973548258,-1.70684000003711,-2.39450593301026,0,0
2014-07-17,-1.7831821059,0.174504499331688,-3.20065061589919,-2.04687711641042,0.836268126964569,-2.75241677495679,-3.73378938610365,-1.69731748214778,-2.38150837232209,0,1
2014-07-18,1.4395761516,0.173177791597466,-3.19992575405157,-2.0496672386343,0.908487677574158,-2.87681927947984,-3.89948349700149,-1.78045474709579,-2.4907349221826,0,0
2014-07-21,-0.51996187658,0.173092919930235,-3.19987938345168,-2.04961762576453,0.980161786079407,-2.99488752063938,-4.05711325148546,-1.85609248707242,-2.59384977859924,0,0
2014-07-22,0.83139058315,0.173604707132503,-3.20015900420571,-2.04991679782797,0.947777271270752,-2.94187338867184,-3.98648507926018,-1.82206828082253,-2.54759132304409,0,0
2014-07-23,2.6076858107,0.173748048580029,-3.20023732043453,-2.05000058999088,0.921903312206268,-2.89898529528183,-3.92926202734305,-1.79457634023316,-2.51014303334504,0,0
2014-07-24,-0.16462599024,0.175115394185162,-3.20098438524475,-2.05079989017717,1.07642352581024,-3.14593255580841,-4.25943991406738,-1.95260656613274,-2.72597838418344,0,0
2014-07-25,0.66062042679,0.175162348104706,-3.20101003905229,-2.05082733771969,1.03732097148895,-3.08503293873349,-4.17813617545934,-1.91358387230146,-2.67278421891587,0,0
2014-07-28,1.3811673885,0.175758696778286,-3.20133586092715,-2.05117594132371,0.988974034786224,-3.00787933610075,-4.07530200437653,-1.86407780354861,-2.60544132650927,0,0
2014-07-29,-0.64633407401,0.174997648325541,-3.20092005345625,-2.05073106025797,1.01832675933838,-3.05512048171024,-4.13814254451346,-1.89443972185003,-2.64663852626264,0,0
2014-07-30,-0.23378735514,0.173859775417022,-3.20029836366162,-2.0500659014098,0.993317544460297,-3.01572773879255,-4.08518303648086,-1.86934490721203,-2.6121224800524,0,0
2014-07-31,-2.5980641875,0.173146086637265,-3.19990843168626,-2.04964870507519,0.934003531932831,-2.91936887921198,-3.95628996292533,-1.80771350059733,-2.52789566266472,0,1
2014-08-01,0.55439330554,0.171776591425106,-3.19916019241382,-2.05167158454279,1.09577429294586,-3.17707992974454,-4.29998109846197,-1.97589759553409,-2.75971901475969,0,0
2014-08-04,-0.56173931134,0.173157567901756,-3.19991470460559,-2.0525772879711,1.07722842693329,-3.14802159782288,-4.26161360955262,-1.95720450551151,-2.73442720236298,0,0
2014-08-05,-0.49168323048,0.17254831246283,-3.19958183097281,-2.05217771220056,1.03680086135864,-3.08537529473923,-4.17777012249725,-1.91704919369607,-2.67952102946624,0,0
2014-08-06,-0.16820857854,0.17232823752601,-3.19946159053009,-2.05203337764589,0.980880498886108,-2.99639968621556,-4.05889120729917,-1.8599935391886,-2.60160870832447,0,0
2014-08-07,-0.010583130551,0.172000629470319,-3.19928259814584,-2.05181851827341,0.938038229942322,-2.92658050954258,-3.96555778806345,-1.81523431035151,-2.54045889944406,0,0
2014-08-08,0.27519051655,0.171447967646167,-3.19898064507763,-2.05145605901557,0.872420132160187,-2.81650978021433,-3.81840454791619,-1.74468242075203,-2.44405899902605,0,0
2014-08-11,1.3194004645,0.170880070543321,-3.19867036804177,-2.05108360781044,0.839835464954376,-2.76046261577348,-3.74338415671933,-1.70878499055525,-2.39495377360563,0,0
2014-08-12,-0.02083550371,0.17133948474268,-3.19892137421049,-2.05138491128839,0.880853652954102,-2.83096991265074,-3.83767898319623,-1.75396328965021,-2.45670765948455,0,0
2014-08-13,1.3233302074,0.171414390355767,-3.19896229974344,-2.05143403759265,0.846146821975708,-2.77119072566395,-3.75787888047097,-1.71562263245668,-2.40438634343308,0,0
2014-08-14,0.26737967928,0.171823192668632,-3.19918565353281,-2.05170214763111,0.86933708190918,-2.81104144876893,-3.81122143787993,-1.74114793614728,-2.4393029429707,0,0
2014-08-15,0.49230769218,0.171327691841223,-3.19891493102476,-2.05137717699931,0.837087452411652,-2.75543902135376,-3.73681797206505,-1.70552823190357,-2.39059138977966,0,0
2014-08-18,1.2043274139,0.170224584997268,-3.19831223606459,-2.0506537123587,0.810198128223419,-2.70860844811436,-3.67393455788094,-1.6755894603116,-2.34951645806196,0,0
2014-08-19,1.3816054861,0.171723442920472,-3.19913115412432,-2.05163672748065,0.833417117595673,-2.74881719243428,-3.72810123313021,-1.70125023115624,-2.38482564555808,0,0
2014-08-20,0.039789117545,0.172851382003523,-3.19974741646052,-2.05237647816556,0.87461930513382,-2.81958706982051,-3.82295798850197,-1.7465533370338,-2.44686819727963,0,0
2014-08-21,0.0099433231298,0.1733530228943,-3.20002149366197,-2.05270547571348,0.822074592113495,-2.72805299966436,-3.70089144884839,-1.68780073546961,-2.36677316241216,0,0
2014-08-22,0.73573275004,0.173670757678622,-3.2001950916722,-2.05291385977239,0.768469035625458,-2.63169596599086,-3.57232696241293,-1.62596209712836,-2.28243644968154,0,0
2014-08-25,0.21713383358,0.172428920206201,-3.19951659965659,-2.05209940965307,0.76509428024292,-2.62617762389921,-3.56456369212441,-1.62253561838264,-2.27751945601248,0,0
2014-08-26,-0.64112664968,0.167206927118864,-3.19666350438932,-2.04867460327745,0.742177903652191,-2.58671061816804,-3.51020230865137,-1.59772107571991,-2.24262460380023,0,0
2014-08-27,1.2300647246,0.166481666419155,-3.19626724996399,-2.04819894629613,0.738426983356476,-2.5801274926994,-3.50118089455969,-1.5935720292339,-2.23681660882055,0,0
2014-08-28,0.11749730747,0.164982477468146,-3.19544815104346,-2.047215714072,0.774546623229981,-2.64727809133292,-3.59037360693603,-1.6367378936274,-2.29546893509172,0,0
2014-08-29,0.24449877747,0.165308787711854,-3.19562643435338,-2.04742972228388,0.75246399641037,-2.60672722072074,-3.53632770028029,-1.61072762689945,-2.26001279545853,0,0
2014-09-02,0.78048780488,0.165364904755987,-3.19565709453817,-2.04746652624117,0.726295232772827,-2.55806855327267,-3.47136924052113,-1.5795466038315,-2.21744372131877,0,0
2014-09-03,-4.2207163602,0.165280315891915,-3.19561087845099,-2.04741104924682,0.731700599193573,-2.56822923872015,-3.48491038507636,-1.58606485040297,-2.22632814284113,1,1
2014-09-04,-0.8287851223,0.164023186046233,-3.20411064645332,-2.04943403114718,1.06539678573608,-3.14319765528079,-4.31917964152025,-1.95136285664159,-2.74656859450273,0,0
2014-09-05,0.86628618028,0.163569561561435,-3.20385416041293,-2.04920192042264,1.12540078163147,-3.23523619372015,-4.4438001509615,-2.01032442116869,-2.82752383369624,0,0
2014-09-08,-0.61634838839,0.163562703378707,-3.20385028269427,-2.04919841122546,1.09089612960815,-3.18272990093732,-4.37262121647706,-1.97674251790441,-2.78131540511915,0,0
2014-09-09,-0.37616917452,0.161353845103206,-3.20260136132461,-2.04806818190162,1.03218507766724,-3.09237735657494,-4.24943076423179,-1.9194119433249,-2.70160143788212,0,0
2014-09-10,3.0717420146,0.159685715788065,-3.20165817616324,-2.04716620650992,0.960051894187927,-2.97737061479613,-4.09298852057232,-1.8461735466726,-2.60026871300193,0,0
2014-09-11,0.42574257423,0.160762941809207,-3.20226725580075,-2.04776159575505,1.61842787265778,-3.91307969522877,-5.36179674427305,-2.44434707334155,-3.4236518944565,0,0
2014-09-12,0.22675736964,0.160896243958907,-3.20234262682171,-2.04783403639865,1.55440258979797,-3.83164629372418,-5.25144626112414,-2.39225482487332,-3.35202026070062,0,0
2014-09-15,-0.029510131844,0.160179880275307,-3.20193758412485,-2.0474393341686,1.36264705657959,-3.57752108853131,-4.906724244819,-2.22984671513268,-3.12833597615965,0,0
2014-09-16,-0.75765030006,0.158802685883885,-3.20115889790279,-2.04667815061657,1.18742108345032,-3.32946343470264,-4.57001298339563,-2.07143901102712,-2.90994353608802,0,0
2014-09-17,0.71386079708,0.159124405914773,-3.20134080320023,-2.04685596719598,1.32236003875732,-3.52222270233402,-4.83142614671744,-2.19463539632376,-3.0795584274651,0,0
2014-09-18,0.20673360905,0.159212377274131,-3.20139054351714,-2.04690458949085,1.29501521587372,-3.48392957366414,-4.77954268373393,-2.17013915862113,-3.04588004062796,0,0
2014-09-19,-0.81540426372,0.159546549444506,-3.20157948943972,-2.04708928844201,1.19305121898651,-3.33743896587574,-4.58106206580759,-2.07642529316051,-2.91703888242452,0,0
2014-09-22,0.099049128585,0.159462383377763,-3.20153190069194,-2.04704276935506,1.13713526725769,-3.25454061404243,-4.46865589816664,-2.02343329506763,-2.84409790402764,0,0
2014-09-23,1.5634276666,0.158979716709637,-3.20125899376852,-2.04677599660956,1.05803310871124,-3.13385885747458,-4.30490139492732,-1.94634914530047,-2.7378800082367,0,0
2014-09-24,-0.86710833984,0.159205245949589,-3.20138651136002,-2.04690064796526,1.11768138408661,-3.22531502441117,-4.42895458000201,-2.00478735846415,-2.81836046748795,0,0
2014-09-25,-3.8132678133,0.158709373474682,-3.20110613767675,-2.0466265762916,1.11925220489502,-3.22789179120217,-4.43228904809812,-2.00651341165862,-2.82057826431559,1,1
2014-09-26,2.9426790641,0.157359575514726,-3.21644758700551,-2.04895077122609,1.55223882198334,-3.8499763456796,-5.27473430608247,-2.39540517633915,-3.36712999721135,0,0
2014-09-29,-0.63523573199,0.158769912559654,-3.21730809584002,-2.04991269204242,1.99167573451996,-4.38171218749491,-5.99586125054739,-2.7342050862998,-3.83496492732152,0,0
2014-09-30,0.63929677362,0.158539273305092,-3.21718425174543,-2.04975538446774,1.7501779794693,-4.09761186690389,-5.61067374836506,-2.55317010797103,-3.58503116632432,0,0
2014-10-01,-1.5583126551,0.158437079962662,-3.21712937799035,-2.04968568346703,1.56780612468719,-3.86979705119192,-5.30183147343116,-2.40801669238716,-3.384635086532,0,0
2014-10-02,0.72595281308,0.157968504882844,-3.2168388437551,-2.04936609168936,1.57719314098358,-3.88194199762863,-5.31818366398703,-2.41575557625333,-3.39527887508241,0,0
2014-10-03,-0.28028028028,0.15374098782759,-3.21412252776101,-2.04648271237837,1.49791443347931,-3.78000154516145,-5.17916055485954,-2.35093517780618,-3.30539614284195,0,0
2014-10-07,-0.87331861059,0.153680503189838,-3.21408366443136,-2.04644145881254,1.3546884059906,-3.58722626276066,-4.91780618648263,-2.22819486119893,-3.13587650085353,0,0
2014-10-08,2.0759493671,0.151497043724386,-3.21268072133476,-2.04495222961091,1.29429388046265,-3.50347463488561,-4.80380668130135,-2.17498452467528,-3.06214157440042,0,0
2014-10-09,0.21825396816,0.152019767389531,-3.21301658814111,-2.0453087534479,1.42937111854553,-3.68934429495346,-5.05590930249944,-2.2932758998936,-3.22559308839142,0,0
2014-10-10,-0.28707186702,0.149675908549684,-3.21151058327552,-2.04362422936414,1.33714032173157,-3.56394741014122,-4.88541556310878,-2.21346455012751,-3.11523405605963,0,0
2014-10-13,-0.91333267146,0.15037966325924,-3.21196276836396,-2.04413771621511,1.24668383598328,-3.4359372700837,-4.71200367015056,-2.13200224289259,-3.00271752230887,0,0
2014-10-14,-1.0620178338,0.149565705768901,-3.21143977443617,-2.04354382112231,1.1995964050293,-3.36779866197183,-4.61944482918288,-2.0886479071874,-2.94278198155556,0,0
2014-10-15,-1.2253164557,0.150672991175923,-3.21215124100669,-2.04218481987597,1.21371185779572,-3.38810879151557,-4.64722008239778,-2.09917326301269,-2.96054698412471,0,0
2014-10-16,-1.3122821407,0.151744200451629,-3.21283952749982,-2.04277688363003,1.25404620170593,-3.44612858047968,-4.72611107909861,-2.13584323870302,-3.01159917107982,0,0
2014-10-17,1.4647828797,0.149218761241419,-3.21121685139251,-2.04138105831993,1.4437952041626,-3.70931612880077,-5.08242044082438,-2.30366449202845,-3.24287082881693,0,0
2014-10-20,2.139858708,0.151582851448845,-3.21273585556398,-2.0426877050741,1.58366572856903,-3.89144543158339,-5.32982284770081,-2.41901259626406,-3.40312373489384,0,0
2014-10-21,2.7165196472,0.152196139714216,-3.21312991304558,-2.04302667315527,1.68334102630615,-4.01663533740682,-5.49966756650571,-2.4985008859702,-3.5132329704216,0,0
2014-10-22,0.50746559973,0.152839611132981,-3.21354336417628,-2.0433823236453,1.93445432186127,-4.31670631688309,-5.90660103148031,-2.68919178817564,-3.77711971993249,0,0
2014-10-23,1.7865812215,0.1523128485633,-3.21320490224356,-2.04309117883207,1.84124195575714,-4.20776106955965,-5.75880617140687,-2.62000601443635,-3.68128812891356,0,0
2014-10-24,0.37203090724,0.153182486126448,-3.21376367241313,-2.04357183269867,1.91247236728668,-4.29120096419523,-5.87208426944308,-2.67291730171817,-3.75472002034478,0,0
2014-10-27,-0.10454286257,0.153096370280084,-3.21370834020566,-2.04352423595689,1.65875959396362,-3.98592990836174,-5.4582107533879,-2.47881655344397,-3.48629270539688,0,0
2014-10-28,1.5507563505,0.153072724590456,-3.21369314708778,-2.04351116684324,1.4186919927597,-3.67472046546893,-5.03629710945547,-2.28093007849023,-3.21264932879926,0,0
2014-10-29,0.56211354695,0.152872385816566,-3.21356442296707,-2.04340043840834,1.42288053035736,-3.68041366835925,-5.04397474892525,-2.28458875473693,-3.21764523841348,0,0
2014-10-30,-0.33538289545,0.154072413983091,-3.21433547975039,-2.04406370113147,1.32137167453766,-3.54083617447993,-4.85499764859169,-2.19559785915924,-3.09497074142043,0,0
2014-10-31,0.95344924284,0.155346611786824,-3.2151541929167,-2.04476795785535,1.21310782432556,-3.38586196704136,-4.64517767959449,-2.0967848256487,-2.95874449196141,0,0
2014-11-03,1.2962962963,0.155107262763595,-3.21500040345317,-2.04463566822302,1.17763984203339,-3.33378273711596,-4.57452627105041,-2.06371327878234,-2.91293840714717,0,0
2014-11-04,-0.73126142597,0.155592367680678,-3.21531209900114,-2.04490378860326,1.18210756778717,-3.3402483265467,-4.58339624861154,-2.06772457943615,-2.91864107785095,0,0
2014-11-05,0.23941068139,0.155132680609128,-3.21501673523834,-2.04464971681781,1.12918961048126,-3.26125128365443,-4.4762062576353,-2.01758027248675,-2.8491567978645,0,0
2014-11-06,0.28600424394,0.155765177862676,-3.2154231351141,-2.04499930182128,1.04827451705933,-3.1363547409553,-4.30703535329854,-1.93801304434813,-2.73934205995799,0,0
2014-11-07,0.28518859253,0.155228881686461,-3.21507854753185,-2.04470288772688,0.969379425048828,-3.01024319196054,-4.1359552574601,-1.8579256320574,-2.62842801022452,0,0
2014-11-10,-0.16512246584,0.155180486999766,-3.2150474523855,-2.04467613969497,0.897515952587128,-2.89066925947101,-3.97384683725559,-1.78189086076025,-2.52327620635419,0,0
2014-11-11,0.79941192689,0.154888403995779,-3.21485977963931,-2.04451470367705,0.83715295791626,-2.7865817314343,-3.83267358817968,-1.71576206119758,-2.43174078192383,0,0
2014-11-12,1.4129443938,0.155460113389431,-3.21522712135542,-2.04483069086789,0.818473160266876,-2.7533399955002,-3.78774705988982,-1.69448812098287,-2.40251420288413,0,0
2014-11-13,1.4112359549,0.156725870806057,-3.21604041130091,-2.04553028253948,0.854981184005737,-2.81699208916279,-3.87433508357101,-1.73467764435912,-2.45850418852995,0,0
2014-11-14,1.2054600249,0.15688092224609,-3.21614003684965,-2.04561598039492,0.894482135772705,-2.88484995363109,-3.96635704774329,-1.77780264764284,-2.51818393969195,0,0
2014-11-17,-0.16640392359,0.157013948453773,-3.21622551047657,-2.04568950477312,0.913468182086945,-2.91691061001316,-4.00984811875517,-1.79816462569676,-2.54638199663795,0,0
2014-11-18,1.2983595052,0.156915512899492,-3.21616226245959,-2.04563509885532,0.8441521525383,-2.79802211176749,-3.84866523995809,-1.7225680537425,-2.4418231543621,0,0
2014-11-19,-0.69282064596,0.154501139260832,-3.21461094956252,-2.04430066014887,0.857403576374054,-2.82210288799458,-3.88073548334443,-1.73844132668459,-2.46297226531735,0,0
2014-11-20,1.4301909829,0.154390546814185,-3.21453989035029,-2.04423953504417,0.844275057315826,-2.79927147532366,-3.8497577205863,-1.72394753103581,-2.44289428284457,0,0
2014-11-21,0.13756340813,0.157542565144936,-3.20041067363542,-2.04233630141624,0.887839376926422,-2.85805171918785,-3.9508139501046,-1.76685349064005,-2.49911235898204,0,0
2014-11-24,1.8502618701,0.15703550758385,-3.20010117544916,-2.0420037513843,0.833867132663727,-2.76517930229157,-3.8241409039839,-1.70764728741522,-2.41727565168482,0,0
2014-11-25,-0.86406743931,0.155106637049104,-3.19892382996053,-2.040738715603,0.903477072715759,-2.8855155991452,-3.98753390097402,-1.78464430631789,-2.52320198626821,0,0
2014-11-26,1.1904761905,0.154526680091106,-3.19856983538402,-2.04035835502915,0.907154679298401,-2.89194054214067,-3.99612180992179,-1.7888058622971,-2.52883612020375,0,0
2014-11-28,-0.058823529343,0.154748411547716,-3.19870517600197,-2.04050377600033,0.931041598320007,-2.93169810568252,-4.05035246759124,-1.81414382024686,-2.56386514604278,0,0
2014-12-01,-3.2456066594,0.155164495550604,-3.19895914567742,-2.0407766616825,0.870478570461273,-2.82944650753351,-3.91116020090247,-1.74886872335598,-2.47381628434796,1,1
2014-12-02,-0.38237594499,0.153519781694603,-3.21490574614952,-2.04375825797041,1.10056960582733,-3.21917470210829,-4.43547585942886,-1.99054687131353,-2.81487985679285,0,0
2014-12-03,1.1340835732,0.153348291261306,-3.2147968033203,-2.04366347418536,1.48495364189148,-3.76416046372384,-5.17695950853275,-2.33703291855442,-3.29452499589585,0,0
2014-12-04,-0.37953937726,0.153651378637787,-3.21498934581763,-2.04383099238559,1.47012162208557,-3.74447729428711,-5.15025112570146,-2.32446451446624,-3.27722163159887,0,0
2014-12-05,-0.42427915832,0.15276251533861,-3.21442467710263,-2.04333971234004,1.30007457733154,-3.5123506314024,-4.83419194886206,-2.17707003488492,-3.07286995484615,0,0
2014-12-08,-2.2608695652,0.152479277175297,-3.21424474422672,-2.04318316491829,1.1720381975174,-3.32728499988176,-4.58230939666486,-2.05948538467485,-2.90998220424047,0,1
2014-12-09,1.5302491103,0.151349066540648,-3.21352675464684,-2.0448450306125,1.58378529548645,-3.89282717301009,-5.35155393612183,-2.42205838196068,-3.40948419240438,0,0
2014-12-10,-1.9015071854,0.151222163979631,-3.21344613718168,-2.04475243756047,1.61424434185028,-3.9315548516324,-5.40422065911859,-2.44669542925264,-3.44357345638341,0,0
2014-12-11,-0.29477445296,0.148861986460825,-3.21194678581017,-2.04303036010163,1.77945113182068,-4.13574877544488,-5.68152528280986,-2.57646020955543,-3.62315540647047,0,0
2014-12-12,-1.6932449381,0.148412422204704,-3.21166119085867,-2.04270234050751,1.62958097457886,-3.95143501960271,-5.43061003671135,-2.45920010832646,-3.46085691083907,0,0
2014-12-15,-1.3715483459,0.146636040503331,-3.21053270780218,-2.04136500723915,1.66182315349579,-3.99211689199572,-5.48555331299495,-2.48492270034989,-3.49652799993863,0,0
2014-12-16,-1.3675213676,0.147004895393969,-3.21076703046722,-2.04164361752978,1.70289480686188,-4.04288591544813,-5.55472777397824,-2.51723818139434,-3.54124833172101,0,0
2014-12-17,2.4966040564,0.145918834588319,-3.21007708797539,-2.04082327401699,1.88582074642181,-4.26232558537692,-5.85310259811085,-2.65664557843476,-3.73431390226107,0,0
2014-12-18,2.9613380862,0.146875156173658,-3.21068461095582,-2.04154562050495,2.35608506202698,-4.78137936875503,-6.55966518598101,-2.98680431136726,-4.19130975786481,0,0
2014-12-19,-0.77230359529,0.147068231106023,-3.21080726578256,-2.04169145742994,2.85402274131775,-5.27722241184308,-7.23446330420521,-3.30213533409991,-4.62781206466034,0,0
2014-12-22,1.0377527286,0.147834033899328,-3.21129375777704,-2.04226989774405,2.46918773651123,-4.89828035013009,-6.71894616476975,-3.0613172566417,-4.29433309181597,0,0
2014-12-23,-0.35417035579,0.14844757453447,-3.21168352210004,-2.04272798901667,2.31045389175415,-4.73336831400808,-6.49466277684897,-2.95653518112371,-4.14922999245152,0,0
2014-12-24,-0.47094366455,0.146836908642666,-3.21066031342414,-2.04151673067321,2.04948711395264,-4.44955398805295,-6.10809723014491,-2.77580454211568,-3.89921056074017,0,0
2014-12-26,1.7676993126,0.144947381729288,-3.20945995254174,-2.04008949829583,1.81451332569122,-4.17831945953935,-5.7385596281106,-2.60313217421527,-3.66028302364096,0,0
2014-12-29,-0.070181594856,0.143858276834897,-3.20876807622985,-2.03926685546569,1.78766810894012,-4.14638356898092,-5.69484825381331,-2.58271709111246,-3.63207818128794,0,0
2014-12-30,-1.2202616101,0.143044853559976,-3.20825133234378,-2.03865244556961,1.54144644737244,-3.84015964608819,-5.27790544117831,-2.38804412707774,-3.36250436842702,0,0
2014-12-31,-1.9018841095,0.143591180469338,-3.20859839776336,-2.03906510730423,1.46431064605713,-3.73909215945772,-5.14048967567094,-2.32385508101215,-3.27359383579868,0,0
2015-01-02,-0.95125928619,0.143283245985117,-3.20840277604102,-2.03883251254049,1.54034209251404,-3.83868209080061,-5.2759515348449,-2.38712236676211,-3.36122138342934,0,0
2015-01-05,-2.8171590597,0.143605962314863,-3.20860778823513,-2.03907627260089,1.4666451215744,-3.74218249905781,-5.1446990043959,-2.32581989926404,-3.27631468095422,0,1
2015-01-06,0.0094117645858,0.14107802768157,-3.20700186570205,-2.03810289529558,1.69049525260925,-4.02863522838429,-5.53395301925187,-2.50884392921751,-3.53246127867805,0,0
2015-01-07,1.4022209676,0.140761655941616,-3.20680088403926,-2.0378142187498,1.51595485210419,-3.80758365997711,-5.23302319143644,-2.36827913463553,-3.33769138617807,0,0
2015-01-08,3.8422273781,0.141300296850368,-3.20714306676868,-2.03830570701288,1.54975938796997,-3.85125069586413,-5.29258353007427,-2.39617286994205,-3.37620070546686,0,0
2015-01-09,0.10724819021,0.142519792608503,-3.20791777656188,-2.03941844806588,2.15736961364746,-4.56926565915046,-6.27007001641348,-2.85297536747771,-4.0089138563128,0,0
2015-01-12,-2.4640657084,0.142886921279355,-3.20815100261025,-2.03975343827889,1.77398002147675,-4.13007639030322,-5.67243188951623,-2.57387784426587,-3.62198699163661,0,0
2015-01-13,0.88787185359,0.142236243186078,-3.2077376459522,-2.03915972057069,1.96726787090302,-4.35691497934983,-5.98100424086328,-2.71787544996588,-3.82178963952813,0,0
2015-01-14,-0.38105606964,0.144726586338011,-3.20931968772264,-2.03992272304168,1.88042402267456,-4.25616708351149,-5.84445203251106,-2.65258993939171,-3.72057245621892,0,0
2015-01-15,-2.714025501,0.143587832756639,-3.20859627105993,-2.03906257864802,1.68497157096863,-4.02137723579125,-5.52466062227942,-2.50324701189234,-3.51426123351922,0,1
2015-01-16,-0.77700805086,0.142549143760896,-3.20793642248586,-2.03944522981727,2.01421451568604,-4.41025128199322,-6.05366301898891,-2.75189322907737,-3.85752640776305,0,0
2015-01-20,2.5757146901,0.144331215756514,-3.20906852041895,-2.03962408442955,1.94346797466278,-4.32937730327592,-5.94399531321943,-2.69907445915409,-3.77936011841997,0,0
2015-01-21,0.76342899192,0.146545557292833,-3.21047522647941,-2.04129666178892,2.21047616004944,-4.62668311532043,-6.34907832289666,-2.88838698945208,-4.04037291129591,0,0
2015-01-22,2.6015518028,0.146361379279363,-3.21035822360361,-2.04115754504908,2.01053309440613,-4.40571047110964,-6.0483280114555,-2.74786261563588,-3.8465235067841,0,0
2015-01-23,0.51601423493,0.146965437733439,-3.21074196417582,-2.04161381364064,2.27134156227112,-4.69193435181863,-6.43796450985129,-2.92994474794952,-4.09765964020312,0,0
2015-01-26,0.10621348901,0.147123570230541,-3.210842421101,-2.04173325719986,2.03088140487671,-4.42861573937109,-6.07966703408042,-2.76253000332816,-3.86669662720132,0,0
2015-01-27,-3.5013262599,0.146525875275622,-3.21046272307267,-2.04128179520405,1.74292719364166,-4.09192598263757,-5.62135225720521,-2.54837369643672,-3.57129985077825,0,1
2015-01-28,5.6532893532,0.144896159523112,-3.20942741258046,-2.04158678773023,2.19282388687134,-4.60768382259198,-6.32286788937313,-2.87832364008471,-4.03211870589484,0,0
2015-01-29,3.1133466307,0.146128984640263,-3.21021059012346,-2.04271169128965,3.94967293739319,-6.23377422795709,-8.53601103727758,-3.91351212481349,-5.46151974933935,0,0
2015-01-30,-1.4634146341,0.146707222436026,-3.21057792759076,-2.04323931012674,3.99477314949036,-6.27025195861631,-8.58574720360112,-3.93710059843305,-5.4936954749207,0,0
2015-02-02,1.254694435,0.145421529448737,-3.20976116464456,-2.04206616675255,3.3650050163269,-5.74254830243354,-7.86739463497105,-3.60053443667934,-5.0296338580776,0,0
2015-02-03,0.016859141942,0.146731271626663,-3.21059320533436,-2.04326125405031,2.89541149139404,-5.31638481623801,-7.28769134681038,-3.33006342480711,-4.6552653627979,0,0
2015-02-04,0.76696165179,0.147001895724836,-3.21076512486563,-2.04350818770462,2.48261737823486,-4.91198358056609,-6.73742206915666,-3.07281576151095,-4.2998376955213,0,0
2015-02-05,0.71374590625,0.147358824887467,-3.21099187146637,-2.04383387127475,2.23853778839111,-4.65684496156303,-6.39029789991167,-2.91057305918481,-4.07561283957581,0,0
2015-02-06,-0.84208771041,0.147618371970137,-3.21115675409544,-2.04407069759591,2.03176593780518,-4.42956534144143,-6.08106856927844,-2.76600055808218,-3.87585773506639,0,0
2015-02-09,0.6642562852,0.148018659225742,-3.2114110448176,-2.04443594368991,1.83563053607941,-4.20297583276046,-5.77281401247124,-2.62189444316836,-3.67671666817806,0,0
2015-02-10,1.9211493485,0.147271801366783,-3.2109365879828,-2.04375446579638,1.69620156288147,-4.03459752868541,-5.54351085914887,-2.5144793371197,-3.52863997747145,0,0
2015-02-11,2.3438780529,0.149112534322595,-3.21210595149884,-2.04532939354769,1.75910186767578,-4.11114013196727,-5.64809625456943,-2.5636311092165,-3.59608810338681,0,0
2015-02-12,1.2652146061,0.15081379675391,-3.21318671349211,-2.04664328666749,1.90414977073669,-4.28309254186611,-5.88246667792991,-2.67336837838859,-3.74742191381339,0,0
2015-02-13,0.49027360437,0.151126991855855,-3.21338567713019,-2.04686854933255,1.81361877918243,-4.17636084233661,-5.73730690358311,-2.6054044785086,-3.65361434683045,0,0
2015-02-17,0.59017941458,0.150539149997691,-3.21301223848447,-2.04644574954169,1.61572957038879,-3.93356413319963,-5.40679349975034,-2.45072570186939,-3.44009819388343,0,0
2015-02-18,0.69232574515,0.150353439504503,-3.21289426206937,-2.04631217899616,1.46005153656006,-3.73186998569881,-5.13229869210749,-2.32225861323731,-3.26276049168759,0,0
2015-02-19,-0.20588121051,0.149460213167074,-3.21232682164448,-2.04560493906907,1.37400841712952,-3.61596841788812,-4.97436864471199,-2.24835913494503,-3.16080436882977,0,0
2015-02-20,0.81354612703,0.149210372831662,-3.21216810542649,-2.04540693339062,1.23589992523193,-3.4217901890447,-4.71007661933676,-2.12468970607903,-2.99008411764981,0,0
2015-02-23,2.7066682111,0.151217837400561,-3.21344338863323,-2.04474928071984,1.18149495124817,-3.34168567102986,-4.60158339007827,-2.0713549833158,-2.91703698923478,0,0
2015-02-24,-0.6240601504,0.151597740966097,-3.21368473019652,-2.04502091019567,1.36242175102234,-3.59950581236164,-4.95249333419331,-2.23540840521409,-3.14353846613256,0,0
2015-02-25,-2.5573125519,0.152878373816783,-3.21449827858674,-2.04589436622633,1.29939067363739,-3.51135452941702,-4.83286543037101,-2.17925336294778,-3.06618356087729,0,1
2015-02-26,1.2617439241,0.155563286554435,-3.19507096987534,-2.04772561178688,1.47712290287018,-3.72762836459541,-5.10840780716945,-2.33317986641746,-3.25980930127095,0,0
2015-02-27,-1.4990606909,0.158141125358914,-3.19653878204839,-2.04948382753829,1.50467014312744,-3.76289306822189,-5.15713940151113,-2.35585814538319,-3.29121948580684,0,0
2015-03-02,0.49042503524,0.15722794886345,-3.19601882262585,-2.048860995228,1.57499969005585,-3.8537434458894,-5.27996581640516,-2.41407194008168,-3.37099582985464,0,0
2015-03-03,0.20915640252,0.155760446858785,-3.19518323224576,-2.04786008503325,1.44566774368286,-3.68599763814324,-5.05204501251632,-2.30650305002986,-3.22322300707004,0,0
2015-03-04,-0.63388991966,0.157563943522917,-3.19621013678032,-2.04909016048909,1.29745304584503,-3.48310466808621,-4.77765598612692,-2.17646852317984,-3.04501074348271,0,0
2015-03-05,-1.6570717286,0.155455732794281,-3.19500972914991,-2.0476522547116,1.2369556427002,-3.39798640481237,-4.66151359947686,-2.12191254520262,-2.96986654669429,0,0
2015-03-06,0.15030456452,0.156568990485121,-3.19564361408776,-2.04841155246289,1.31708967685699,-3.51089630328754,-4.81497206968085,-2.1942808486216,-3.06932354323297,0,0
2015-03-09,0.42654028439,0.154947235230851,-3.19472019246039,-2.04730543379168,1.21638059616089,-3.36849834801962,-4.62135748392353,-2.10301867529934,-2.94386753814557,0,0
2015-03-10,-2.068585811,0.155981468552397,-3.19530908120568,-2.04801083294752,1.15774929523468,-3.28213145111898,-4.50465201879081,-2.04765277321771,-2.86803252469054,0,1
2015-03-11,-1.8231467352,0.155414309879883,-3.19498614309096,-2.04907861748876,1.34701132774353,-3.55271271560831,-4.87124234627039,-2.22276307761551,-3.10611457672556,0,0
2015-03-12,1.8079188481,0.155138815991222,-3.19482927785848,-2.04894165285058,1.49171936511993,-3.74689671400388,-5.13437484817078,-2.34735581923667,-3.27686843049042,0,0
2015-03-13,-0.69104057857,0.155277951876816,-3.1949085013329,-2.04901082569619,1.60528767108917,-3.89266944379919,-5.33203124025821,-2.44081768971308,-3.40510497988563,0,0
2015-03-16,1.1004126549,0.154585010696925,-3.19451394310944,-2.04866632281649,1.52377080917358,-3.78875851848879,-5.19092251401606,-2.37431147603296,-3.31359944680939,0,0
2015-03-17,1.6726690677,0.155272787347978,-3.19490556066869,-2.04900825809723,1.51539027690887,-3.77769394991771,-5.17617111039779,-2.36708074406358,-3.30397715863879,0,0
2015-03-18,1.1256297228,0.154900188922998,-3.19469340446137,-2.04882301693376,1.57661831378937,-3.85646746889164,-5.28282067387219,-2.41767293350468,-3.37320143283383,0,0
2015-03-19,-0.75893204639,0.155864987567873,-3.19524275735071,-2.04930267656597,1.54648220539093,-3.81766342420048,-5.23056596902314,-2.39259941029823,-3.3392279829487,0,0
2015-03-20,-1.251029452,0.154942610810936,-3.19471755933227,-2.04884410741442,1.45452439785004,-3.69800384778061,-5.06802617082101,-2.31603847007012,-3.23383506452185,0,0
2015-03-23,1.0405083398,0.154730341804031,-3.19459669412078,-2.0487385756806,1.42955446243286,-3.66485651857426,-5.02301603355894,-2.29482298003507,-3.20464907879091,0,0
2015-03-24,-0.40877289521,0.155750600506009,-3.19517762576779,-2.04924580785423,1.38036131858826,-3.59822457820603,-4.93305818035786,-2.2518832774121,-3.14619414030473,0,0
2015-03-25,-2.6126766122,0.156483158949548,-3.19559474191913,-2.0496100068666,1.25349771976471,-3.42129552313828,-4.69348023079198,-2.13825430978133,-2.99066744597249,0,1
2015-03-26,0.69703355493,0.1571060238828,-3.195949398979,-2.04991967061499,1.43039500713348,-3.66522140864002,-5.02436520207378,-2.29457991143363,-3.20602176478743,0,0
2015-03-27,-0.79684481652,0.156630580150569,-3.19567868302245,-2.04968329884254,1.36838626861572,-3.58161182321996,-4.91085473269401,-2.24104884297801,-3.13238636922562,0,0
2015-03-30,2.5314401622,0.155403720579334,-3.1949801135812,-2.04907335290839,1.3028312921524,-3.49139883033072,-4.78812276482612,-2.18344211405475,-3.05284076668906,0,0
2015-03-31,-1.5351744876,0.156640967823632,-3.19568459772625,-2.04968846318172,1.4724417924881,-3.72113734359334,-5.0999964252456,-2.33053735801706,-3.25514671625711,0,0
2015-04-01,-0.14465964796,0.155473639110476,-3.19501992494215,-2.04910811362982,1.48577046394348,-3.73900594225173,-5.12379875351148,-2.34222900312874,-3.27068221199081,0,0
2015-04-02,0.86116700186,0.153489835637974,-3.19389035435736,-2.04812184520058,1.31726682186127,-3.51220982637779,-4.81564559434207,-2.19718558610159,-3.07087566300525,0,0
2015-04-06,1.6198531759,0.15146226541322,-3.19273586314074,-2.04710969172138,1.26684784889221,-3.44210037657546,-4.71987806595552,-2.15264844952275,-3.00892789987334,0,0
2015-04-07,-1.052218296,0.152176857264903,-3.19314274917909,-2.04746908441275,1.29286003112793,-3.47855427188913,-4.76955091341789,-2.17587745307527,-3.04108780456093,0,0
2015-04-08,-0.32537100233,0.15167091310387,-3.19285466638774,-2.04721754903644,1.24938452243805,-3.41717018381492,-4.68615833707527,-2.13662432320906,-2.98703112163784,0,0
2015-04-09,0.7643312103,0.150565729890097,-3.19222537902819,-2.04646486688217,1.13414585590363,-3.24903568365732,-4.45784249737663,-2.02884331181915,-2.83902694188461,0,0
2015-04-10,0.42667509479,0.151052476227974,-3.19250253064786,-2.04681495466002,1.09195351600647,-3.1850034737703,-4.3712169843017,-1.98779914330491,-2.78277403094378,0,0
2015-04-13,-0.19669551539,0.152021317035436,-3.19305418513009,-2.04739175597779,1.02537405490875,-3.08128946562597,-4.23097288783897,-1.92118303751746,-2.69167201263042,0,0
2015-04-14,-0.43358297189,0.151393137489515,-3.19269650194883,-2.04705997210499,0.948505282402039,-2.95801344329317,-4.06363755998679,-1.8422638683157,-2.58318646328558,0,0
2015-04-15,0.38004750586,0.151478520184641,-3.19274511854931,-2.04712138281459,0.892659723758698,-2.86504849873989,-3.9376473368602,-1.78265550335564,-2.50143609219783,0,0
2015-04-16,-0.48114844612,0.153446055294148,-3.19386542598655,-2.046281553553,0.854932487010956,-2.79968365779151,-3.84974633036407,-1.73859823936171,-2.43837898421853,0,0
2015-04-17,-1.1254656416,0.15358958702841,-3.19394715244144,-2.04637944941661,0.823837220668793,-2.74541184992192,-3.7762282442814,-1.70381652561489,-2.39075942973171,0,0
2015-04-20,2.2845691383,0.154604024019854,-3.19452476922735,-2.04435752516866,0.836243569850922,-2.76667241181038,-3.80541246711926,-1.71488639978797,-2.40906452439081,0,0
2015-04-21,-0.54075235112,0.155106289123083,-3.19481075717638,-2.04463513008611,0.953178882598877,-2.96401558321789,-4.07310670639562,-1.84108899126492,-2.58230151814028,0,0
2015-04-22,1.3474115516,0.154090146889298,-3.19423216943159,-2.04407350221447,0.924295127391815,-2.91685324506794,-4.00880979376321,-1.81108761143797,-2.54080997790203,0,0
2015-04-23,0.81635826446,0.156606099167627,-3.19566474363854,-2.04172212698207,0.934025645256042,-2.93184416301043,-4.0300341316015,-1.8166162956174,-2.54901030940497,0,0
2015-04-24,0.47042492497,0.156834118465101,-3.19579457700901,-2.04187167178818,0.917791724205017,-2.90478332858246,-3.99343284759529,-1.79930848843227,-2.52532611033699,0,0
2015-04-27,1.8191587349,0.156911549212929,-3.19583866579921,-2.04192245418379,0.876488924026489,-2.83506415833846,-3.89895072675602,-1.75475640981209,-2.46425511313668,0,0
2015-04-28,-1.5755748208,0.156378970458248,-3.19553541736573,-2.04157316626172,0.936292886734009,-2.93569231239587,-4.03516908494991,-1.81909272199677,-2.55235877157648,0,0
2015-04-29,-1.4705882353,0.154819313963817,-3.19464735454957,-2.04055027683683,1.00397956371307,-3.04617838030763,-4.18438175370826,-1.8897871813032,-2.64897939143024,0,0
2015-04-30,-2.7129975124,0.153875219293745,-3.19410979042925,-2.03993109917972,1.12399518489838,-3.23247651374227,-4.43658419895998,-2.00883197182411,-2.81204608116777,0,1
2015-05-01,3.0363563723,0.153517754262389,-3.193906251122,-2.04375713739653,1.37090766429901,-3.58609185107554,-4.91580835278419,-2.23943094900689,-3.12794206603068,0,0
2015-05-04,-0.19387359434,0.154474832366465,-3.19445120796309,-2.04428612017149,1.72485244274139,-4.04091414796896,-5.53269932095703,-2.5303604970449,-3.52721957503449,0,0
2015-05-05,-2.2533022532,0.153661120681057,-3.19398788344679,-2.04383637687099,1.49233746528626,-3.74815487991451,-5.13554873326095,-2.34311525070224,-3.27017370899763,0,0
2015-05-06,-0.62798092213,0.152395877049503,-3.1932674582592,-2.04313706917147,1.65119612216949,-3.95091692547521,-5.4099526904602,-2.47301229900551,-3.44787169698372,0,0
2015-05-07,0.61852357612,0.153315025695859,-3.19379081820306,-2.04364508810899,1.53337228298187,-3.80153730742148,-5.2077881538975,-2.37731863343621,-3.31695883355013,0,0
2015-05-08,1.8840811113,0.15426999136661,-3.19433457223218,-2.04417290332945,1.4543274641037,-3.69795376044268,-5.06771630949558,-2.31091054402982,-3.22621948275517,0,0
2015-05-11,-1.0186491146,0.154801889419628,-3.19463743307658,-2.04446688655494,1.55728256702423,-3.83182220429629,-5.24937672493436,-2.39651140339901,-3.34378480068887,0,0
2015-05-12,-0.3601963268,0.155407532144891,-3.19498228387296,-2.0448016289005,1.49168348312378,-3.74676794067603,-5.13429696646537,-2.34200060791135,-3.26924159520237,0,0
2015-05-13,0.11520279658,0.154773962889887,-3.19462153181067,-2.04445145139543,1.35454308986664,-3.56328118410042,-4.88533847145281,-2.22465758039037,-3.10811404605178,0,0
2015-05-14,2.3331481629,0.155160308835185,-3.19484151580677,-2.04466498710309,1.22557199001312,-3.38170672149418,-4.63933903936387,-2.10839741231443,-2.94882078306395,0,0
2015-05-15,-0.13958898789,0.154465536293741,-3.19444591481261,-2.04428098217667,1.37028682231903,-3.58492892225369,-4.9145727474176,-2.23855446790118,-3.12706498533453,0,0
2015-05-18,1.1027413217,0.155036101344552,-3.19477079250692,-2.0445963368824,1.23410713672638,-3.3940467451981,-4.65602226378663,-2.11631363189849,-2.95963341979384,0,0
2015-05-19,-0.092172977929,0.155222081354717,-3.19487668885792,-2.04469912914297,1.18474054336548,-3.32226660693453,-4.55878552083378,-2.07034678562128,-2.89666385244481,0,0
2015-05-20,-0.0076881678979,0.154519985084931,-3.1944769177591,-2.04431107634822,1.06669676303864,-3.14476813316585,-4.3179203232527,-1.95686520186316,-2.74080543579187,0,0
2015-05-21,1.0226049515,0.154675137907749,-3.19456526122015,-2.04439683023854,0.949709892272949,-2.95852646602241,-4.06551102398778,-1.83765213373402,-2.57738343845684,0,0
2015-05-22,0.87525686904,0.154939524866252,-3.19471580220643,-2.04454295848698,0.929700791835785,-2.92543717966377,-4.02075081934832,-1.81642910090775,-2.54837244994558,0,0
2015-05-26,-2.2031084955,0.155176651567293,-3.19485082129984,-2.04467401982858,0.909474670886993,-2.89163696909747,-3.97501709986921,-1.7947549733774,-2.51873352852822,0,1
2015-05-27,1.8708532632,0.151762100668746,-3.19290658826025,-2.04513301178154,1.00721991062164,-3.05265000782945,-4.19205689641519,-1.90074047192076,-2.66309257883477,0,0
2015-05-28,-0.20068915892,0.151724837988843,-3.19288537102391,-2.04510759675922,1.09761261940002,-3.19336566895627,-4.38279405898097,-1.99087322384098,-2.78669688439521,0,0
2015-05-29,-1.1382607376,0.151702124176587,-3.19287243786065,-2.04509210479657,0.997159063816071,-3.03663171450403,-4.17032137554634,-1.8904829263826,-2.64901477313705,0,0
2015-06-01,0.19573226891,0.149589277688048,-3.19166939064517,-2.04356102011277,0.968948781490326,-2.9921367432078,-4.10924668902411,-1.86199401818676,-2.60969529576876,0,0
2015-06-02,-0.44049488642,0.149257146101087,-3.19148027611033,-2.04331868396867,0.897447168827057,-2.87414982903115,-3.94918774440407,-1.7864540057968,-2.50603705057037,0,0
2015-06-03,0.12311480477,0.14939386338335,-3.19155812244069,-2.04341843822366,0.852343380451202,-2.79713062085298,-3.84483173475903,-1.73713999524541,-2.4384084139429,0,0
2015-06-04,-0.58407623737,0.148781681448108,-3.19120954824159,-2.04297176643605,0.801260590553284,-2.7077708438659,-3.72347857295839,-1.67994691513489,-2.359872834361,0,0
2015-06-05,-0.54885590616,0.148720237519315,-3.19117456228883,-2.04292693455205,0.780834436416626,-2.67115595310541,-3.67382244756725,-1.6565088119995,-2.32771191582529,0,0
2015-06-08,-0.66070734529,0.148664551156567,-3.19114285467353,-2.04288630361251,0.773804128170013,-2.65846054842263,-3.65659295433903,-1.64838361610386,-2.31655795215382,0,0
2015-06-09,-0.29733959318,0.148064943539476,-3.1908014402461,-2.04244431267952,0.772254943847656,-2.65594873606679,-3.6529729931481,-1.64679503124657,-2.3143006955347,0,0
2015-06-10,1.1458169831,0.148119252155828,-3.19083236337755,-2.04248533406698,0.756698787212372,-2.62753589309196,-3.61447685786661,-1.62860678073272,-2.28935428265144,0,0
2015-06-11,-0.22501551821,0.149641200404133,-3.19169895525355,-2.04359890494908,0.789705812931061,-2.68667462966314,-3.69518940855812,-1.66641100429221,-2.34142157346101,0,0
2015-06-12,-1.1042849366,0.149455775825146,-3.19159337516307,-2.043463611953,0.7727991938591,-2.65624198219005,-3.65386926657689,-1.64693261100977,-2.31467745831102,0,0
2015-06-15,-0.19658724532,0.148594789262313,-3.19110313250105,-2.04283540261688,0.789821088314056,-2.68739852652335,-3.69579542034496,-1.66691141862734,-2.34196519719417,0,0
2015-06-16,0.53577056406,0.148487425352473,-3.19104199987572,-2.04275706572588,0.766379535198212,-2.64504984487049,-3.63835027710894,-1.63980555146789,-2.30476561002408,0,0
2015-06-17,-0.23510971778,0.14917983044487,-3.19143625285288,-2.04326227145405,0.760383725166321,-2.63375207911036,-3.62328363740988,-1.63254454826918,-2.2949022558666,0,0
2015-06-18,0.45561665356,0.148820389811275,-3.1912315886448,-2.04300000956571,0.739742934703827,-2.59590395997317,-3.57184892850089,-1.60832938672568,-2.26163330471099,0,0
2015-06-19,-1.0009383797,0.149323415741028,-3.19151800980572,-2.04336703687952,0.732426762580872,-2.58203945804522,-3.55323495559525,-1.59942963685136,-2.24949769190317,0,0
2015-06-22,0.79778830968,0.147812440169882,-3.19065766573275,-2.04225358716938,0.751272439956665,-2.61772115585782,-3.60106227915952,-1.62233073989702,-2.2807099454847,0,0
2015-06-23,-0.45450983462,0.148539597564184,-3.19107170654602,-2.04279513260392,0.76118540763855,-2.63554091435433,-3.6254789560194,-1.633716221651,-2.29641936636256,0,0
2015-06-24,0.8501928678,0.147779411973175,-3.19063885959596,-2.04222863970164,0.747269511222839,-2.61036043075558,-3.59107245775922,-1.61762006662408,-2.27424348984458,0,0
2015-06-25,-0.47615330577,0.146196468306912,-3.18973753714765,-2.04103298144662,0.752224385738373,-2.62029065691511,-3.60396599038132,-1.62400919895148,-2.28283228547798,0,0
2015-06-26,-0.58823529416,0.144621211973994,-3.18884059183938,-2.03984312973025,0.750060558319092,-2.61710723951483,-3.5990858300444,-1.62200607644136,-2.27990708241072,0,0
2015-06-29,-1.7514792899,0.145594144088458,-3.18939457589715,-2.04057802278995,0.744102835655212,-2.60562212562611,-3.58386583239077,-1.61463693498475,-2.26990377763488,0,1
2015-06-30,0.71870232077,0.144102043508958,-3.18854497917674,-2.04086218866221,0.811924874782562,-2.72899616433271,-3.75057251314753,-1.6948550779964,-2.37922640837058,0,0
2015-07-01,0.93681482958,0.145119581636024,-3.18912436173816,-2.04179065146286,0.823166966438294,-2.74832668824919,-3.77714130609548,-1.70736745688819,-2.39629935508831,0,0
2015-07-02,-0.12638230655,0.145907286890254,-3.18957287828579,-2.04250940096912,0.836665868759155,-2.77157720401182,-3.80894151250602,-1.72236465021366,-2.41679663805385,0,0
2015-07-06,-0.34799114192,0.145821063572519,-3.18952378303781,-2.04243072564391,0.795798540115356,-2.69947467822856,-3.71117070754265,-1.67618116682421,-2.3534543323807,0,0
2015-07-07,-0.24603174616,0.145795001625009,-3.18950894345833,-2.04240694516028,0.765562832355499,-2.64491201631052,-3.63719796521101,-1.64123851870082,-2.30552485837348,0,0
2015-07-08,-2.4822977166,0.145669247043534,-3.1894373392505,-2.04229219913965,0.743698298931122,-2.60483594022745,-3.58282703260762,-1.61556155643628,-2.2703120734142,0,1
2015-07-09,-2.0396508118,0.144411821493433,-3.18872136565047,-2.04203872548561,0.880760788917542,-2.84816672101714,-3.91222723132614,-1.77201817414442,-2.49152075063583,0,1
2015-07-10,2.6734404932,0.143869083467444,-3.18841233256433,-2.04557715277521,1.02100884914398,-3.07786160047563,-4.22339902926393,-1.9230839928834,-2.69608019501508,0,0
2015-07-13,1.9305645685,0.144859726514607,-3.18897640116367,-2.04609381548432,1.25373542308807,-3.42584759240235,-4.69547302747983,-2.14615821876545,-3.00298258485653,0,0
2015-07-14,-0.03978990926,0.144996154654881,-3.18905408285761,-2.04616496859316,1.34889161586761,-3.55882844754493,-4.87578653326467,-2.23145653442707,-3.12023755504156,0,0
2015-07-15,0.96329910029,0.144702802132125,-3.1888870489829,-2.04601197270875,1.17940604686737,-3.31844328364204,-4.54982291300961,-2.07727566430285,-2.90827473519292,0,0
2015-07-16,1.3325973821,0.145633742066665,-3.18941712284397,-2.04646752232628,1.12143266201019,-3.23188619986661,-4.4328234225406,-2.02152865813154,-2.83209970636198,0,0
2015-07-17,0.86374601196,0.146206407592447,-3.18974319654119,-2.04670737085168,1.14461243152618,-3.26639015514188,-4.4798016085229,-2.04349542993015,-2.86260128686651,0,0
2015-07-20,1.8901404104,0.14430235064227,-3.1886590333403,-2.04580312013344,1.10225224494934,-3.20341341971356,-4.39374841437111,-2.0035495509577,-2.80681359159663,0,0
2015-07-21,-0.99946997816,0.145164353083634,-3.18914985443991,-2.04625269126594,1.1696799993515,-3.30395687208328,-4.53035145068608,-2.06789364407335,-2.89557125567758,0,0
2015-07-22,-4.2294455067,0.143849129166216,-3.18840097065675,-2.04556674575387,1.1566469669342,-3.28519713302932,-4.50444882877806,-2.05610723396147,-2.87884318542678,1,1
2015-07-23,-0.047915668256,0.140902006886112,-3.20689004486698,-2.05380923336847,1.74122583866119,-4.09076632170328,-5.60463207464498,-2.56921257896348,-3.58628290660258,0,0
2015-07-24,-0.527325024,0.14081188579127,-3.20683279358563,-2.0537296080865,1.60454964637756,-3.92130948763262,-5.37452921323762,-2.46066423511172,-3.43701752174723,0,0
2015-07-27,-1.3895582329,0.141054452234087,-3.20698688891355,-2.05394392440657,1.42600011825562,-3.68857685791932,-5.05860104388981,-2.31166775545523,-3.2320567256972,0,0
2015-07-28,0.49686405473,0.141454530582796,-3.20724104692331,-2.05429740825389,1.39961075782776,-3.65287667366275,-5.01023579242898,-2.2888850182378,-3.2006528601076,0,0
2015-07-29,-0.31609661219,0.141443544371864,-3.20723406770658,-2.05428770153489,1.28638422489166,-3.49616540125695,-4.79746069481612,-2.18850655039691,-3.062618059359,0,0
2015-07-30,-0.5041060248,0.140231646560568,-3.20646418466557,-2.05321694551354,1.17480432987213,-3.33520329047268,-4.57858531375388,-2.08521716396176,-2.92073961057022,0,0
2015-07-31,-0.8743973196,0.138901328005484,-3.20561907240845,-2.05204156043577,1.07671999931335,-3.18741312829496,-4.37755240698075,-1.99040204623433,-2.79047531130149,0,0
2015-08-03,-2.3577906019,0.13812682027897,-3.20512705042589,-2.05135725454461,1.03679072856903,-3.12542717126387,-4.29317222951503,-1.95062506094828,-2.7358315595319,0,1
2015-08-04,-3.2083755487,0.137994724335024,-3.20504313375728,-2.05428881296526,1.17160606384277,-3.33116810182638,-4.57249395624813,-2.0855829583103,-2.92046682256524,0,1
2015-08-05,0.66294487096,0.136862608967183,-3.20432393415642,-2.05629028587833,1.57768762111664,-3.88796165659268,-5.32822300786896,-2.44596210217331,-3.42169363202417,0,0
2015-08-06,0.21761838434,0.136119319183147,-3.20385174401468,-2.05601820397918,1.56458902359009,-3.87137163535486,-5.30550250177697,-2.43562089014606,-3.40693242215855,0,0
2015-08-07,0.33874750279,0.135721664165205,-3.2035991254757,-2.05587264199944,1.42599582672119,-3.68985838337864,-5.05892700548573,-2.31930003220776,-3.24640977915879,0,0
2015-08-10,3.6357340719,0.136158181337679,-3.20387643199863,-2.05603242950607,1.29526722431183,-3.51016741281792,-4.81504729572429,-2.20380836520144,-3.08759317937081,0,0
2015-08-11,-5.2038088874,0.139407536356484,-3.20594065168768,-2.0550897246198,1.73819303512573,-4.08732221830421,-5.59957398325464,-2.57003403829502,-3.58974898657887,1,1
2015-08-12,1.541986078,0.136312085283159,-3.22483548897645,-2.05608876618481,2.97959280014038,-5.43023673901489,-7.43134723717374,-3.41280492957926,-4.76992125470722,0,0
2015-08-13,-0.07809788267,0.135955161791069,-3.22463661137033,-2.05595811401703,2.68646717071533,-5.14936803345433,-7.04935808202081,-3.23385186395296,-4.52225744204486,0,0
2015-08-14,0.7034303082,0.135298859733494,-3.22427011313734,-2.055717874054,2.32919526100159,-4.78548587302092,-6.55439230410417,-3.00207635218765,-4.20136450359462,0,0
2015-08-17,1.0348395999,0.136094211110572,-3.22471426057059,-2.05600901314646,2.09328317642212,-4.52948137463979,-6.20668955910441,-2.83857724214294,-3.97595763174769,0,0
2015-08-18,-0.56333219536,0.13724001608079,-3.22533867538107,-2.05640268369231,1.90411925315857,-4.31339926282173,-5.91342953496326,-2.70038650269098,-3.78581065392888,0,0
2015-08-19,-1.2789699571,0.137838516091097,-3.225663222286,-2.05656511395915,1.72870874404907,-4.10327539226321,-5.62802708024929,-2.56614088510228,-3.60074275527146,0,0
2015-08-20,-2.0519954786,0.1376346115042,-3.22555265152336,-2.05650977515232,1.73686861991882,-4.11333127479106,-5.64160887085001,-2.5726460267227,-3.6095567043055,0,0
2015-08-21,-6.116289392,0.137538110300972,-3.22550032208929,-2.05648358515078,1.87688672542572,-4.28138170423898,-5.87003303152041,-2.67983443821969,-3.7576665204656,1,1
2015-08-24,-2.4962178518,0.134092442010011,-3.26987309013324,-2.05810233186324,3.59633255004883,-6.06689453268891,-8.27465474223615,-3.76889259768198,-5.29116552158218,0,0
2015-08-25,0.60124127231,0.13491550290307,-3.27058946461516,-2.05557754593876,3.83598756790161,-6.27075549301439,-8.55076205856243,-3.89107235290641,-5.46158050095219,0,0
2015-08-26,5.7354925775,0.131479058190847,-3.26759845711967,-2.05431963223715,5.82535791397095,-7.75512411664242,-10.5654779308623,-4.82678125020862,-6.75890404015496,0,0
2015-08-27,2.94466223,0.133598380884963,-3.26944306996646,-2.05509541223022,8.4090576171875,-9.3472552886949,-12.7233166902156,-5.82584439374623,-8.14963134572887,0,0
2015-08-28,0.32766560398,0.135205200605342,-3.27084161125842,-2.05568359004525,7.45017528533936,-8.79255999432299,-11.9699617530368,-5.47578505456947,-7.6647871383132,0,0
2015-08-31,-0.46782593354,0.13626626287757,-3.27176513701692,-2.05607199285171,5.60860538482666,-7.61208967324398,-10.3687596092536,-4.73302507183948,-6.63329341160523,0,0
2015-09-01,-4.4696700958,0.133967348717223,-3.26976421162428,-2.05523047323964,5.94486665725708,-7.83840354661458,-10.6769549219262,-4.87711557579596,-6.83132842974708,0,0
2015-09-02,4.2888971408,0.131282170734091,-3.26742709051603,-2.05424756140515,6.97500419616699,-8.49806898370875,-11.5733002633489,-5.29403355152837,-7.40802825765883,0,0
2015-09-03,-1.7536051272,0.133357999016848,-3.26923384676355,-2.05500742022952,7.35742521286011,-8.73429958076854,-11.8922604853164,-5.44076211005822,-7.61413698909729,0,0
2015-09-04,-0.99664763975,0.131831046481496,-3.26790482015002,-2.05444847786997,5.61885833740234,-7.61445339890315,-10.3744800010776,-4.73806057026325,-6.6359552137012,0,0
2015-09-08,2.7820993868,0.131919163915496,-3.26798151566752,-2.05448073333655,4.49537038803101,-6.79694953585447,-9.26565538867112,-4.2240501643224,-5.92170534458053,0,0
2015-09-09,-1.9232481524,0.132372894898587,-3.26837643334699,-2.05464682197416,4.36997270584106,-6.69999797801091,-9.13395259892697,-4.16275937852703,-5.83693995823317,0,0
2015-09-10,2.1970040852,0.132743097502663,-3.26869864972361,-2.05478233497293,3.97796630859375,-6.38662396377615,-8.70878672655778,-3.96548733247374,-5.56310170261928,0,0
2015-09-11,1.4568712801,0.134314303624656,-3.27006619370624,-2.05535747639798,3.99862742424011,-6.40469588411288,-8.73263089540994,-3.97569530519498,-5.57868142777794,0,0
2015-09-14,0.96313807917,0.132590715106618,-3.26856601936668,-2.05472655525874,3.65279221534729,-6.11438396492693,-8.33963556464108,-3.79446007384486,-5.32527114374222,0,0
2015-09-15,0.84121064956,0.133042456515302,-3.26895920536341,-2.05489191561083,3.12319159507751,-5.64404330182967,-7.70160334733484,-3.49847634651419,-4.91428370486383,0,0
2015-09-16,0.11179910561,0.131662448881872,-3.26775807642898,-2.05438676256582,2.74615812301636,-5.28351467945546,-7.21306900232788,-3.27277201328085,-4.59947918759833,0,0
2015-09-17,-2.1389914956,0.130428654755524,-3.26668420858334,-2.05393513110759,2.38912391662598,-4.91881689126815,-6.7187247034075,-3.0442959743705,-4.28101183327865,0,0
2015-09-18,-0.41257022476,0.130022124918801,-3.26633037376549,-2.0535828805254,2.46478867530823,-4.99800075701154,-6.8262392792526,-3.09403018952437,-4.35025068275642,0,0
2015-09-21,1.5513442044,0.13046277339077,-3.26671390470893,-2.05394762026494,2.30761814117432,-4.83195214004363,-6.60088716813292,-2.98965750635685,-4.2051150788934,0,0
2015-09-22,-1.5710441802,0.131309925901682,-3.26745124801637,-2.0542577212094,2.39391398429871,-4.92418160604401,-6.72578417490614,-3.0470948078531,-4.28558284628678,0,0
2015-09-23,0.81128747788,0.130534450321646,-3.26677629076645,-2.05397385767046,2.37706232070923,-4.90609127019416,-6.70143687365569,-3.03622587852319,-4.26987974386436,0,0
2015-09-24,0.59482155357,0.130143496974584,-3.26643601338987,-2.05369609016499,2.21051287651062,-4.72632616078478,-6.45768036812201,-2.92324946932286,-4.11287573259183,0,0
2015-09-25,-0.25217391303,0.130146077266254,-3.26643825922019,-2.05369849692895,2.03943085670471,-4.5346100810539,-6.1976160896498,-2.80271288121571,-3.94537612237621,0,0
2015-09-28,-1.9789033214,0.130103330063204,-3.26640105297494,-2.05365862452653,1.86973869800568,-4.33632084252866,-5.92864342624237,-2.67803638520017,-3.77213999765764,0,0
2015-09-29,-3.0060476698,0.128759667859572,-3.26523155832014,-2.05240532521619,2.04720187187195,-4.54314874400128,-6.20947822454963,-2.80783136164725,-3.95303117127572,0,1
2015-09-30,1.1369888134,0.12581651280368,-3.26266989952166,-2.05330239521519,2.49013948440552,-5.02273394804941,-6.86087936720119,-3.11433076495366,-4.37418903797124,0,0
2015-10-01,-0.6527651859,0.126542516250948,-3.26330179729228,-2.05349942935326,2.4439971446991,-4.97507138341851,-6.79601625138933,-3.08375241891088,-4.33243137424504,0,0
2015-10-02,0.73006022994,0.126254073367115,-3.26305074281598,-2.05342114722497,2.26582527160645,-4.78550476840619,-6.53885320976789,-2.96469065005527,-4.16678329922317,0,0
2015-10-05,0.36238448993,0.126298658332232,-3.26308954860976,-2.05343324738814,2.2368700504303,-4.75403336826719,-6.49613735904596,-2.94485090481169,-4.13927021057936,0,0
2015-10-06,0.47842570875,0.125475779662873,-3.26237333273142,-2.05320992174146,2.08686971664429,-4.58734936534218,-6.27012348691288,-2.84059166886407,-3.99369451790812,0,0
2015-10-07,-0.47614769574,0.125310918652325,-3.26222984125708,-2.05316517918929,1.95996999740601,-4.44177590348901,-6.07260243312122,-2.74909833202804,-3.86648063442033,0,0
2015-10-08,-1.1554432208,0.123777807113648,-3.26089545397964,-2.05274909946995,1.88185143470764,-4.34953782477303,-5.94770161617788,-2.6921955243201,-3.78606845026568,0,0
2015-10-09,2.3926940639,0.12312529004021,-3.26032751716673,-2.05257200921008,1.92402291297913,-4.39924739449591,-6.01529120669754,-2.72397995893236,-3.82960468914802,0,0
2015-10-12,-0.4637887977,0.124994597068095,-3.26195452176014,-2.0530793309045,2.21061253547668,-4.72492139475034,-6.45692492008692,-2.92755019256702,-4.11400253668657,0,0
2015-10-13,0.17025089601,0.124973358674661,-3.26193603631973,-2.05307356689806,2.02277278900146,-4.51428962673199,-6.17107648111642,-2.7949944454682,-3.92990583998949,0,0
2015-10-14,-1.4133643439,0.122792780115706,-3.26003810768694,-2.05248176748104,1.78983044624329,-4.23863436683509,-5.79733904029936,-2.62311061230347,-3.68926748149317,0,0
2015-10-15,1.4971418203,0.121641944701542,-3.25903644531838,-2.05216943581823,1.7904531955719,-4.23920358597948,-5.79830216282211,-2.62432118352419,-3.68992019094766,0,0
2015-10-16,-0.73305918113,0.122696175313366,-3.25995402494675,-2.05245554936316,1.82552754878998,-4.28189567479985,-5.8560777327889,-2.65041930921936,-3.72709261547107,0,0
2015-10-19,0.62139769452,0.121147327910206,-3.25860594151164,-2.0520351989995,1.70793950557709,-4.13746480518585,-5.66026536422864,-2.56061970770306,-3.6010628202079,0,0
2015-10-20,1.8258301263,0.121452590857656,-3.2588716358092,-2.05211804601897,1.5634605884552,-3.95338893529932,-5.41032731603152,-2.4444833418775,-3.44013160689769,0,0
2015-10-21,-0.0087896633886,0.122118464816788,-3.25945119816786,-2.05229876127878,1.6179074048996,-4.0238053220882,-5.50582769792425,-2.48834376790635,-3.50158901300029,0,0
2015-10-22,1.5295358649,0.121978457709593,-3.25932933899592,-2.05226076396652,1.46934962272644,-3.82887406699494,-5.24123163868501,-2.36570498184335,-3.33122986168608,0,0
2015-10-23,3.0995670995,0.122281084721494,-3.25959273903193,-2.0523428956047,1.48430454730988,-3.84894717838537,-5.26844459388424,-2.37813009088829,-3.34873402196353,0,0
2015-10-26,-3.191132012,0.123494208866728,-3.26064861617101,-2.05267213215478,1.79726850986481,-4.24780447453712,-5.80966960850292,-2.62836410062655,-3.69718792019644,0,1
2015-10-27,-0.63324080502,0.123804912768867,-3.26091904615839,-2.05275645582539,2.17970848083496,-4.69056242880829,-6.41055678203003,-2.90685101620307,-4.07973339025854,0,0
2015-10-28,4.1204714098,0.12345409794745,-3.2606137044904,-2.05266124622794,1.96212232112885,-4.44387587301039,-6.07580494322861,-2.75182708522656,-3.86439269210848,0,0
2015-10-29,1.0564265951,0.125715145771623,-3.26258167183925,-2.05327488464914,2.6629478931427,-5.19834222142912,-7.09921204396559,-3.22492994944889,-4.52282864375541,0,0
2015-10-30,-0.85455903109,0.125988242285925,-3.2628193691659,-2.05334900184033,2.38137221336365,-4.90909520600812,-6.70662693747236,-3.04267738181828,-4.27024419394311,0,0
2015-11-02,1.4058577408,0.12523067389852,-3.26215999795093,-2.05314340111653,2.0792191028595,-4.57864014373954,-6.25835502318364,-2.8352989552443,-3.98181930632331,0,0
2015-11-03,1.1470539692,0.12502011988149,-3.26197673626745,-2.05308625768365,1.97441458702087,-4.45850942272504,-6.09536692917014,-2.7598507042987,-3.87695893463813,0,0
2015-11-04,-0.4650403851,0.125197509298717,-3.26213113219725,-2.05313440039021,1.82645952701569,-4.28346081117752,-5.85777515807996,-2.64954320176506,-3.72409638432681,0,0
2015-11-05,-0.46098123139,0.125375120429638,-3.26228572110187,-2.05318260326889,1.64207589626312,-4.05503228431714,-5.5477502541414,-2.50564511868771,-3.5246267776923,0,0
2015-11-06,0.11577902751,0.12470493941019,-3.26170240997064,-2.05300071909188,1.46942746639252,-3.82912887395264,-5.2412603805713,-2.36394136909125,-3.32747519496249,0,0
2015-11-09,-0.40475797132,0.125110471053584,-3.2620553759825,-2.05311077859382,1.2976301908493,-3.59081333159544,-4.91779365840041,-2.21366135600475,-3.11934263477595,0,0
2015-11-10,-3.15169611,0.1261100075267,-3.26292535101003,-2.04993385771576,1.17417013645172,-3.40956756207516,-4.67175781113302,-2.09518051560754,-2.95968026889412,0,1
2015-11-11,-0.56521366796,0.124589623601958,-3.26160204157375,-2.05296942288941,1.46510720252991,-3.82330609010768,-5.23337129191913,-2.36035767582129,-3.33046267103846,0,0
2015-11-12,-0.33588838178,0.122756082904315,-3.26000616722418,-2.05247180801949,1.3998464345932,-3.73432367470809,-5.1127995822042,-2.3056281156823,-3.25282974917466,0,0
2015-11-13,-2.9208434152,0.122501763790909,-3.25978481334302,-2.0524027869322,1.2619092464447,-3.53936883548198,-4.84819087906076,-2.18305944766379,-3.08224523210255,0,1
2015-11-16,1.6334342177,0.121640641129073,-3.25903531071697,-2.05643269837729,1.50423800945282,-3.87548081709967,-5.30454063096799,-2.40052020783663,-3.3829817055798,0,0
2015-11-17,-0.42478651203,0.121258112940291,-3.25870236641677,-2.05624641224822,1.54878711700439,-3.9342059726233,-5.38431066377773,-2.43774622015907,-3.43451984436925,0,0
2015-11-18,3.1665054095,0.12121891499245,-3.25866824936685,-2.05622732337011,1.39791917800903,-3.73162291715293,-5.10929446710866,-2.30993333544604,-3.25690264997459,0,0
2015-11-19,1.270355529,0.119944386778084,-3.25755892744794,-2.05560664511838,1.71188116073608,-4.14220911566575,-5.66689132586555,-2.56958825323527,-3.61706185591322,0,0
2015-11-20,0.43778413874,0.118939855326066,-3.25668460489832,-2.05511745169103,1.64770615100861,-4.06143842492414,-5.55737180186948,-2.51907069856378,-3.54637111094408,0,0
2015-11-23,-1.2992455992,0.118928456274274,-3.25667468340904,-2.05511190050475,1.45519053936005,-3.8096398564498,-5.215469318562,-2.36017930740746,-3.32559826927467,0,0
2015-11-24,0.95966029712,0.117782283248124,-3.25567707908264,-2.05455372951879,1.40266609191895,-3.73805298344637,-5.11838610148975,-2.31551209305699,-3.26297739164539,0,0
2015-11-25,-0.71500672939,0.118584375790868,-3.25637520316388,-2.05494433789571,1.33988547325134,-3.65078135894159,-4.99979633360499,-2.26008401798659,-3.18635655261331,0,0
2015-11-27,-0.18639328982,0.119353421842002,-3.25704456429026,-2.05531885307171,1.27020275592804,-3.55144237835852,-4.86484116128471,-2.19705817922942,-3.09915952843598,0,0
2015-11-30,0.41592394537,0.120968478069032,-3.25845027446028,-2.0519866599403,1.14439272880554,-3.36480083845716,-4.61132196781663,-2.07417078589464,-2.93283268446873,0,0
2015-12-01,-0.81149619618,0.122640546859133,-3.25990560713779,-2.05244045204568,1.03977489471436,-3.20146410849541,-4.3895068880555,-1.97021970239,-2.78952372323299,0,0
2015-12-02,-0.90335776367,0.121474555694573,-3.25889075353038,-2.05212400717897,1.01526010036469,-3.1621875522929,-4.33623519790279,-1.94624797718419,-2.75526332661093,0,0
2015-12-03,-0.92879256972,0.121956906224448,-3.25931058104722,-2.05225491498837,1.01613187789917,-3.16353789729864,-4.33805073513759,-1.94678514551724,-2.7563847732883,0,0
2015-12-04,3.3246527779,0.122558595689371,-3.25983427860393,-2.05241821085914,1.0101683139801,-3.15380727383688,-4.32482028819232,-1.94026803945261,-2.74778322992766,0,0
2015-12-07,-0.63009325377,0.124917299648734,-3.26188724375044,-2.05305835272533,1.32259380817413,-3.62638606816887,-4.96608742544536,-2.23618354087248,-3.1614953889487,0,0
2015-12-08,-0.042272573683,0.124830403927838,-3.26181161158572,-2.05303476960939,1.2697468996048,-3.55067829508176,-4.86334937703443,-2.18859172267991,-3.09518103935614,0,0
2015-12-09,-2.2075615326,0.123149389182284,-3.26034849254117,-2.0525785496111,1.13994824886322,-3.35787119476069,-4.60178378213585,-2.06835504591173,-2.92648297703927,0,1
2015-12-10,0.47569624639,0.12198411011347,-3.25933425872657,-2.05659996319447,1.25904285907745,-3.53521965834705,-4.84260068739746,-2.18566663649918,-3.08315496007778,0,0
2015-12-11,-2.5738142377,0.122224177005161,-3.25954320778078,-2.05671687257078,1.2059805393219,-3.45731312232012,-4.73682681559011,-2.13640357854809,-3.01484878075254,0,1
2015-12-14,-0.61848383102,0.122961949863514,-3.26018534939343,-2.06965935129673,1.38887417316437,-3.71918297639595,-5.09222653717602,-2.31614206523479,-3.24793124189735,0,0
2015-12-15,-1.769203414,0.122853966689451,-3.26009136316346,-2.06957379208589,1.33489954471588,-3.64378559610025,-4.98989502425502,-2.26828715636765,-3.18179485996708,0,0
2015-12-16,0.76930038922,0.124693967862574,-3.2616928605718,-2.05791962779756,1.44371402263641,-3.79438171487337,-5.19410433037095,-2.34799218472401,-3.30463547603321,0,0
2015-12-17,-2.1196335549,0.124824530880694,-3.26180649981192,-2.05798321024706,1.37164616584778,-3.69531513103428,-5.05964239780381,-2.28542981298465,-3.21793316484035,0,0
2015-12-18,-2.7069187007,0.12324681724736,-3.26043329183152,-2.05721488473757,1.54271411895752,-3.92640836862256,-5.37347032680506,-2.43193839304302,-3.42033537059095,0,1
2015-12-21,1.226068094,0.124418217997845,-3.26145285382606,-2.05778534128901,1.83065974712372,-4.2883886566451,-5.86459620719962,-2.65980393929227,-3.73630057008438,0,0
2015-12-22,-0.093170595301,0.123446669900024,-3.26060723927784,-2.0573122103155,1.8603880405426,-4.32389256543716,-5.91295232446777,-2.68264576652015,-3.76747312575626,0,0
2015-12-23,1.2962790262,0.124967878177424,-3.26193126621292,-2.05805301846983,1.60770726203918,-4.01101081039455,-5.48806605247254,-2.48454861056971,-3.49356259504946,0,0
2015-12-24,-0.54317805188,0.123660637889127,-3.26079347240911,-2.05741640987414,1.56497359275818,-3.95555627677153,-5.41297924179972,-2.45014475355089,-3.44519590398376,0,0
2015-12-28,-1.1200592428,0.12250183652372,-3.2597848766481,-2.05685208905529,1.43128025531769,-3.77737849341921,-5.17126969744916,-2.33823631253994,-3.28944383505987,0,0
2015-12-29,1.7974162141,0.121262787846036,-3.25870643535409,-2.05624868886501,1.39813458919525,-3.73192103524203,-5.10969459110563,-2.31010203170997,-3.24981666135253,0,0
2015-12-30,-1.3058672062,0.122148254100806,-3.25947712611935,-2.05667989912836,1.46011579036713,-3.81644911515478,-5.22434549763967,-2.36304606593174,-3.32366681632494,0,0
2015-12-31,-1.9194931047,0.122315958920621,-3.25962309278405,-2.05676156914021,1.44703471660614,-3.79877449730958,-5.20033398673319,-2.35181921865557,-3.30818427163779,0,0
2016-01-04,0.085502565162,0.120232782826997,-3.25780994116014,-2.05574709015006,1.51884114742279,-3.89473367426802,-5.33085170689556,-2.41329610937226,-3.39237676710139,0,0
2016-01-05,-2.5059326056,0.120023979813365,-3.25762820351232,-2.05564540586564,1.33707392215729,-3.64683381871904,-4.99429999140362,-2.25695812015543,-3.17551852731134,0,1
2016-01-06,-1.9569662157,0.119175815398188,-3.25688997946519,-2.06665945173086,1.58613204956055,-3.98260791636807,-5.45030026770278,-2.4836109448726,-3.47145157691334,0,0
2016-01-07,-4.2204568023,0.118651499172026,-3.25643362590976,-2.06624401587309,1.8053697347641,-4.25682453530107,-5.82272450608524,-2.65763759847552,-3.71155555663524,0,1
2016-01-08,0.52877138423,0.118369483821501,-3.25618816582007,-2.06602056429329,2.73806619644165,-5.26967863210073,-7.19814152604596,-3.30029603610968,-4.61326318190742,0,0
2016-01-11,1.6192244226,0.118223450897716,-3.2560610619071,-2.06590485680623,2.38492822647095,-4.91018094717005,-6.7100102164211,-3.07219738902029,-4.29757863391217,0,0
2016-01-12,1.4513346188,0.118579045587377,-3.25637056386951,-2.06618660811879,2.41746997833252,-4.94449600439848,-6.75651870585533,-3.0939723698603,-4.32767364569395,0,0
2016-01-13,-2.5710284113,0.120260426441211,-3.25783400156682,-2.06751883066388,2.41518616676331,-4.94269679534376,-6.75365506674643,-3.09284355302852,-4.32590686036168,0,0
2016-01-14,2.1870828627,0.12055772641393,-3.25809276506261,-2.06775439283614,2.71193194389343,-5.24485134019848,-7.16380150925076,-3.28460872121405,-4.59121888168024,0,0
2016-01-15,-2.4015273311,0.12092879996042,-3.25841573948876,-2.0680484086407,2.99796986579895,-5.52090289770111,-7.53846499344008,-3.45982393296071,-4.83360013067077,0,0
2016-01-19,-0.48388757332,0.120355239418002,-3.25791652474062,-2.06759395462224,3.33631706237793,-5.8304208696784,-7.95887344649614,-3.65622670031041,-5.10547444247893,0,0
2016-01-20,0.13449203379,0.121223236869245,-3.25867201103537,-2.06828170229761,2.95403623580933,-5.47955735353478,-7.48224140455846,-3.43359663284686,-4.79725903749047,0,0
2016-01-21,-0.50625064569,0.121744628340993,-3.25912581894752,-2.06869482076027,2.53981852531433,-5.07226164786922,-6.92916962106904,-3.17509460999878,-4.43952313583504,0,0
2016-01-22,5.3167185879,0.119950137800278,-3.25756393301385,-2.06727297707159,2.49174666404724,-5.02220163271953,-6.86167836448449,-3.14329553221224,-4.39576051192496,0,0
2016-01-25,-1.9522776574,0.121088056950843,-3.25855435334463,-2.06817459406302,4.3821496963501,-6.70023430825238,-9.13946092964163,-4.20834275310969,-5.86924519168834,0,0
2016-01-26,0.55309734526,0.120953615806372,-3.25843733866682,-2.06806807118734,3.80093479156494,-6.23169133342657,-8.50342675997685,-3.91094904845459,-5.45779576205328,0,0
2016-01-27,-6.5706570656,0.122346709316848,-3.25964985726691,-2.06917187261214,3.12174677848816,-5.63695443878082,-7.69554502866803,-3.5335625028273,-4.93535854732378,1,1
2016-01-28,0.7171911795,0.119475484172123,-3.2681597659192,-2.07206200727956,5.21524333953857,-7.34399066972489,-10.0284191291206,-4.61247330896079,-6.44427232674846,0,0
2016-01-29,3.4541396535,0.120183063057312,-3.26869855346853,-2.07246240499323,4.00259780883789,-6.41933656281468,-8.77108324751955,-4.02608749375302,-5.63114455207274,0,0
2016-02-01,-0.93486747473,0.122951796698636,-3.27080681198863,-2.07402914849411,4.33904886245728,-6.69026430261081,-9.13896930695959,-4.19733050587053,-5.86967452986345,0,0
2016-02-02,-2.0221922638,0.12266593434655,-3.27058914145133,-2.07386738754478,3.38183236122131,-5.89186867597585,-8.05365721006012,-3.69112621139264,-5.16741904705381,0,0
2016-02-03,1.9792548688,0.122837977943281,-3.27072014443884,-2.07396474186699,3.14332318305969,-5.67595899589305,-7.76012788635364,-3.55418113035006,-4.97752612294463,0,0
2016-02-04,0.80350620883,0.123770868047054,-3.27143049572733,-2.07449263645581,3.08565783500671,-5.6228372333692,-7.68783168782225,-3.52029132632179,-4.93085781116247,0,0
2016-02-05,-2.6708074533,0.124397989331311,-3.27190801865368,-2.0748067971002,2.85695004463196,-5.40594936128663,-7.39296267501867,-3.38254725728619,-4.74011941935695,0,0
2016-02-08,1.0529674537,0.12386268038341,-3.27150040643939,-2.07454459030906,3.11362266540527,-5.64885034929947,-7.72318416748256,-3.53676672487755,-4.95374405965235,0,0
2016-02-09,-0.021050415671,0.121799349982401,-3.26992927881888,-2.07337701338952,2.83584833145142,-5.38475411029073,-7.36433168734106,-3.36976281972139,-4.72134147030546,0,0
2016-02-10,-0.75797452364,0.121518928981275,-3.26971575161062,-2.07321833153783,2.5275981426239,-5.0768130744407,-6.94570010874451,-3.17457101327302,-4.45048840307582,0,0
2016-02-11,-0.60464622902,0.121232340700942,-3.26949752831361,-2.07305615980743,2.42223811149597,-4.9672635706944,-6.79677624054435,-3.10517713106704,-4.35412694818099,0,0
2016-02-12,0.30949839929,0.121033374160918,-3.26934602478977,-2.07294357059739,2.21035885810852,-4.73959348654994,-6.4872536546941,-2.96086897682424,-4.15388360593471,0,0
2016-02-16,2.8194488776,0.122111594018177,-3.27016703774916,-2.07355370294406,2.0698766708374,-4.58269929487657,-6.27394020346222,-2.86112379662231,-4.01592408966794,0,0
2016-02-17,1.5314569537,0.119264672136216,-3.26799924261562,-2.07194271505794,2.35075736045837,-4.89129051062857,-6.69354847388026,-3.05747514283881,-4.2872366814132,0,0
2016-02-18,-1.8956379943,0.117462947126289,-3.26662731501436,-2.0709231727995,2.30382227897644,-4.8407374538174,-6.62486032272402,-3.02585617547552,-4.24271541005679,0,0
2016-02-19,-0.22854768331,0.117519337518339,-3.26667025360647,-2.07095508243462,2.33885836601257,-4.87830615055508,-6.6759457839904,-3.04965989462477,-4.27575487338679,0,0
2016-02-22,0.87463556847,0.118074731691095,-3.26709315976084,-2.07126936337433,2.07570648193359,-4.58892842037926,-6.2824377076652,-2.86606772934097,-4.02129421552343,0,0
2016-02-23,-2.2605284889,0.118827305847887,-3.26766620906194,-2.07169522256551,1.92957627773285,-4.42026132305691,-6.05309114879461,-2.75894772552628,-3.87298355687028,0,0
2016-02-24,1.4890695955,0.118674804358621,-3.26755008645654,-2.07160892653703,2.0461118221283,-4.55530612103608,-6.23671582641987,-2.84460360035336,-3.99174206499919,0,0
2016-02-25,0.68678459938,0.119421509271099,-3.26811866660822,-2.07203146449851,2.01671075820923,-4.52166458730472,-6.19097064971179,-2.82308988721134,-3.96217536899857,0,0
2016-02-26,0.15502273673,0.120705278634812,-3.26909619570618,-2.0727579111589,1.9223620891571,-4.41187282898457,-6.04169741089729,-2.75315849535066,-3.86564657409405,0,0
2016-02-29,-0.227014756,0.119890512317673,-3.26847579004333,-2.07229685928555,1.72135591506958,-4.16836456570129,-5.71060763504788,-2.59897237694247,-3.65147258487776,0,0
2016-03-01,3.971455166,0.120146263884977,-3.26867053265517,-2.07244158144298,1.56079959869385,-3.96346807608862,-5.43203206727933,-2.46899573626134,-3.47127550722078,0,0
2016-03-02,0.21884014732,0.120531841471337,-3.2689641315841,-2.07265976825897,2.09826445579529,-4.61468931404172,-6.31744425496265,-2.88179610945808,-4.04401660396938,0,0
2016-03-03,0.74441687357,0.120972210339489,-3.26929945145902,-2.07290895982145,1.89152634143829,-4.37538595503214,-5.99209309756335,-2.72995694618229,-3.83356217118538,0,0
2016-03-04,1.487684729,0.122049143841212,-3.27011948492006,-2.07351836425802,1.74478089809418,-4.19745674418359,-5.7502128521108,-2.61686447220332,-3.67708970038932,0,0
2016-03-07,-1.106688671,0.122391719086971,-3.27038033961907,-2.0737122173365,1.75866615772247,-4.21461371734495,-5.77354484883487,-2.62765574518786,-3.69218498860662,0,0
2016-03-08,-0.82458034758,0.120737570075349,-3.26912078409692,-2.07277618391863,1.75622177124023,-4.21158360149619,-5.76938889233925,-2.62615761630138,-3.68949492132018,0,0
2016-03-09,0.089082450722,0.119688306322895,-3.26832181982931,-2.07218243696503,1.65614557266235,-4.08635817064216,-5.5991017180026,-2.54703061521856,-3.57934870968807,0,0
2016-03-10,0.049446202502,0.119124979722258,-3.26789287350971,-2.0718636673018,1.5029559135437,-3.88715163527519,-5.32822197948018,-2.42087840504578,-3.40415235250746,0,0
2016-03-11,1.0773944845,0.119597846838401,-3.26825293924937,-2.07213124865016,1.37020933628082,-3.70608639096222,-5.08205610469305,-2.30595488851253,-3.24491609835873,0,0
2016-03-14,0.25425386266,0.11886140439853,-3.26769217348077,-2.07171451791477,1.39773523807526,-3.74439554984394,-5.13410063935887,-2.33044076166623,-3.27860691304507,0,0
2016-03-15,2.0093640265,0.119234470466428,-3.26797624548556,-2.07192562483692,1.26802706718445,-3.56072599565615,-4.88438798789869,-2.21389276651363,-3.11708021758434,0,0
2016-03-16,1.329126028,0.120051024468004,-3.26859801238478,-2.07238768830738,1.35262143611908,-3.68140214877364,-5.04852253772258,-2.29018257539738,-3.22320675249435,0,0
2016-03-17,-0.16042276111,0.120156214072281,-3.26867810924789,-2.07244721195617,1.37683141231537,-3.71526033164536,-5.09456357151809,-2.31162142239008,-3.25298390539513,0,0
2016-03-18,0.11342155012,0.120574232361704,-3.26899641022386,-2.07268375599509,1.25603306293488,-3.54308422052835,-4.86050003862974,-2.20234216456983,-3.10155745544657,0,0
2016-03-21,-0.0094410876954,0.120864304823161,-3.26921728655851,-2.07284789931931,1.1221786737442,-3.34231352139975,-4.58756022411545,-2.07496431494176,-2.92497917413628,0,0
2016-03-22,0.76480030202,0.122260920589789,-3.27028074280629,-2.06910389891299,1.00396168231964,-3.15449132574131,-4.3323491410892,-1.95093749320682,-2.75855285269952,0,0
2016-03-23,-0.55284857563,0.122836024885988,-3.27071865727893,-2.06955957610679,0.990021586418152,-3.13152342861636,-4.30118631380724,-1.93637220328143,-2.73834875288188,0,0
2016-03-24,-0.4334306981,0.122559274274821,-3.27050792489744,-2.06934029598193,0.958425581455231,-3.07924223002426,-4.23008399225994,-1.90330858011645,-2.69238986408213,0,0
2016-03-28,-0.45424434575,0.124057144918243,-3.27164848190115,-2.05760950351212,0.916592657566071,-3.00818134696291,-4.13365471749119,-1.8458744427247,-2.62714039428626,0,0
2016-03-29,2.367145166,0.123699943077388,-3.27137648974808,-2.05743555097691,0.878257274627686,-2.94208301748627,-4.04376280527857,-1.80443363445793,-2.56909156088347,0,0
2016-03-30,1.7459138187,0.125941426597162,-3.27308327246553,-2.05852712357345,1.00406074523926,-3.15378069168932,-4.33176740656972,-1.93676103962846,-2.75499504729018,0,0
2016-03-31,-0.52026286976,0.125796477956807,-3.27297290099409,-2.05845653551767,1.08929026126862,-3.2901748750784,-4.51713706883047,-2.02259544874102,-2.87480674209693,0,0
2016-04-01,0.91751536838,0.126293412395281,-3.27335129285101,-2.05869853596538,1.04656136035919,-3.22239673243214,-4.42506331160031,-1.97978775084994,-2.81526270914113,0,0
2016-04-04,1.0273661243,0.126810121785939,-3.27374474239018,-2.05895016655122,1.01889622211456,-3.17772057059155,-4.36439486367106,-1.95150219479275,-2.77600981662857,0,0
2016-04-05,-1.1789056874,0.127103299825532,-3.27396798347436,-2.05909294034862,1.01139259338379,-3.16546136054995,-4.3477636258919,-1.94368562726283,-2.76523596668545,0,0
2016-04-06,1.0472634549,0.125996803031181,-3.273125438977,-2.05855409115868,1.0309751033783,-3.19743474694399,-4.39110639875361,-1.96419611546128,-2.79334027703123,0,0
2016-04-07,-2.1809661138,0.126909359930495,-3.27382030750077,-2.05899849420483,1.04764080047607,-3.2239873428819,-4.42728608836445,-1.9805646665208,-2.81665075341313,0,1
2016-04-08,0.11055831964,0.127508198670366,-3.27427629461945,-2.07326151861194,1.16416203975678,-3.40531611690505,-4.67378034832065,-2.10946511892511,-2.97751795985144,0,0
2016-04-11,0.33130866923,0.128508628591044,-3.27503807425493,-2.07405419761271,1.07949352264404,-3.27421262451576,-4.49569898698884,-2.02640625737336,-2.86227798099451,0,0
2016-04-12,1.3025133003,0.127021912018013,-3.27390601054346,-2.07287621504425,1.00389587879181,-3.15325526972624,-4.33116604826737,-1.94988821517935,-2.75598754596181,0,0
2016-04-13,1.4487504528,0.127878588632138,-3.27455832889715,-2.07355499278612,1.03368782997131,-3.20137926112863,-4.39665701413357,-1.98031388902907,-2.79827095263921,0,0
2016-04-14,0.053552302779,0.129549667482622,-3.27583077568355,-2.0748790526588,1.08401358127594,-3.28111341515367,-4.50517521706875,-2.03073084467603,-2.86833098924176,0,0
2016-04-15,-2.0071364854,0.129757584742266,-3.27598909475317,-2.07504379347893,1.00436437129974,-3.15337254335515,-4.33161076561442,-1.94980940966664,-2.7560468970539,0,1
2016-04-18,-2.1574874829,0.129730068603162,-3.27596814252655,-2.07735874082422,1.07956671714783,-3.27407290382756,-4.49562503700706,-2.02869136566911,-2.86261645121136,0,1
2016-04-19,-0.5303312244,0.127346912904494,-3.27415348320668,-2.08742397340823,1.23022639751434,-3.50419913093968,-4.80815497624716,-2.18793131438001,-3.06592485746312,0,0
2016-04-20,0.20578056301,0.128142439375519,-3.27475923864501,-2.08787687497982,1.17133581638336,-3.41607279143166,-4.68845244916448,-2.13153055674233,-2.98843487819371,0,0
2016-04-21,-1.0827966023,0.129751402031859,-3.27598438691428,-2.08874958297445,1.06462800502777,-3.25043590292061,-4.463507285129,-2.02543738696152,-2.84277591129694,0,0
2016-04-22,-0.27366235727,0.128372818522698,-3.27493466136991,-2.08800803224688,1.04792153835297,-3.22411356882587,-4.42760228450974,-2.00908005568336,-2.81963578753601,0,0
2016-04-25,-0.56775170333,0.128760507744502,-3.27522986820845,-2.08822874779091,0.986756443977356,-3.1247092298364,-4.29255468190457,-1.94559436488021,-2.73222111003657,0,0
2016-04-26,-0.69470879325,0.127291526723465,-3.27411130927333,-2.08739244147392,0.950745820999146,-3.06516985562893,-4.21148012876873,-1.9080454333687,-2.67988057965615,0,0
2016-04-27,-6.2577862962,0.128248062744026,-3.27483966579887,-2.08793700747237,0.926125705242157,-3.02330781238361,-4.15469621807597,-1.88108699311153,-2.64305881841321,1,1
2016-04-28,-3.056634635,0.125975120061706,-3.33687587411521,-2.08741840318235,1.97910857200623,-4.56836834490181,-6.3197685237274,-2.81062165767187,-3.97430831181254,0,1
2016-04-29,-1.1494252873,0.124551123852283,-3.33613755137273,-2.08656595652852,2.33719754219055,-4.97570116097004,-6.87835102420812,-3.0653691427261,-4.33171432668706,0,0
2016-05-02,-0.10667804563,0.123813415935814,-3.33575505981241,-2.08592602645193,2.09277534484863,-4.70183257093609,-6.5019474686778,-2.89377641844055,-4.09217005683979,0,0
2016-05-03,1.6445963263,0.122570732016471,-3.33511074503595,-2.08531128095403,1.7471672296524,-4.28579377664206,-5.93010657533206,-2.63380317674976,-3.72831249964612,0,0
2016-05-04,-1.0401344821,0.123742405950289,-3.33571824209695,-2.08587231061356,1.74282908439636,-4.27994780109523,-5.92265199496192,-2.62994804412262,-3.7235636777572,0,0
2016-05-05,-0.40589617602,0.123212904511467,-3.33544370277454,-2.0856187707819,1.67729091644287,-4.19652912848426,-5.80785842154505,-2.57787752656287,-3.65052712705044,0,0
2016-05-06,-0.55770055778,0.124116302349918,-3.33591210231466,-2.0861698785475,1.51100313663483,-3.97648251271301,-5.50616490145285,-2.44026353429391,-3.45854279733819,0,0
2016-05-09,0.075496117461,0.124882025614252,-3.3363091194533,-2.08688803863875,1.38600146770477,-3.80290677651851,-5.26820293050614,-2.33198128530498,-3.30708925262758,0,0
2016-05-10,0.67895247321,0.122787400788005,-3.33522308485859,-2.08541502791265,1.24390828609467,-3.59700813188567,-4.98450689673099,-2.2030892519064,-3.1266822671551,0,0
2016-05-11,-0.9740954828,0.124224759241157,-3.33596833574341,-2.0862571965617,1.17717671394348,-3.4952266535163,-4.84543266143979,-2.13931787591036,-3.03809834251221,0,0
2016-05-12,-2.3456923575,0.123352501932481,-3.33551608214609,-2.08568561386112,1.16267037391663,-3.47324089072737,-4.81483789984803,-2.12558376856879,-3.01869187524058,0,1
2016-05-13,0.19924728804,0.123066409707461,-3.33536774720335,-2.09195855242099,1.3235889673233,-3.71418535136429,-5.14552375799731,-2.28367618894523,-3.23097878248116,0,0
2016-05-16,3.7118868759,0.124018676353724,-3.33586148455826,-2.09235609371146,1.25397753715515,-3.61151699161555,-5.00500713635286,-2.21902549809198,-3.14147306810138,0,0
2016-05-17,-0.41542394547,0.125784344634938,-3.33677695964103,-2.09309320452996,1.70347607135773,-4.22928622557522,-5.85408627378252,-2.60606400064253,-3.68205095896848,0,0
2016-05-18,1.1445074339,0.12590807252646,-3.33684111087653,-2.09314485702232,1.51925432682037,-3.98701672211877,-5.52148974442348,-2.45406115440799,-3.47025883021034,0,0
2016-05-19,-0.38071065992,0.125893015727469,-3.33683330413024,-2.09313857128363,1.42444324493408,-3.85661892358926,-5.34243522083449,-2.37226874154803,-3.35624045708862,0,0
2016-05-20,1.0828025477,0.127690058467453,-3.33776504644483,-2.08962122791391,1.30831670761108,-3.69010143631285,-5.11464214620367,-2.2624536575318,-3.20275837370349,0,0
2016-05-23,1.2707414409,0.128668039496064,-3.33827211635861,-2.09022024030014,1.26809513568878,-3.63055118721523,-5.03333267356081,-2.22512333565656,-3.15105333533691,0,0
2016-05-24,1.5244218604,0.130401156883393,-3.33917071424389,-2.09151367712448,1.24574792385101,-3.5965500656163,-4.98745904378557,-2.20400164036891,-3.121819567673,0,0
2016-05-25,1.7568947906,0.129662407661843,-3.338787682781,-2.09083013549149,1.26285517215729,-3.6223613210748,-5.02255511584835,-2.21994620075002,-3.14415761962446,0,0
2016-05-26,0.79301345104,0.129962998865475,-3.33894353524771,-2.09110826316486,1.31229281425476,-3.69497544388182,-5.12240981389499,-2.2655133843949,-3.20759455603513,0,0
2016-05-27,-0.059755004531,0.129367592267146,-3.33863482499297,-2.09055735199413,1.24337816238403,-3.59343953693669,-4.98270153636155,-2.20174743587303,-3.11884885527274,0,0
2016-05-31,-0.4882909815,0.124569489139006,-3.33614707352509,-2.0865838323182,1.10791110992432,-3.38697072970277,-4.69695300899943,-2.07171349410138,-2.93763561384972,0,0
2016-06-01,-1.4019627479,0.124225692793142,-3.33596881977747,-2.08625794815899,1.02989017963409,-3.26123239274547,-4.5241492341046,-1.99298199729108,-2.82791536468484,0,0
2016-06-02,-0.75157424344,0.123194701904321,-3.33543426496934,-2.08561005487366,1.05201637744904,-3.29788849897143,-4.57400279015168,-2.01597068271807,-2.85966212630225,0,0
2016-06-03,0.2046663938,0.122557629105358,-3.33510395135405,-2.08530500692032,1.03027188777924,-3.26264991296659,-4.52532566570113,-1.99407511755342,-2.82880527163696,0,0
2016-06-06,0.72508169924,0.121374726215648,-3.33449063223155,-2.08473860052831,0.965448021888733,-3.15500288976293,-4.37698392664783,-1.92703135413562,-2.73472147035941,0,0
2016-06-07,0.40555611886,0.121964294994724,-3.3347963156561,-2.08502090225223,0.932325005531311,-3.09801425932487,-4.29900995943537,-1.89126888480726,-2.68515576186476,0,0
2016-06-08,-0.090881551114,0.12073398726428,-3.33415841776591,-2.0844317971205,0.891690015792847,-3.02768978443137,-4.20189546985427,-1.84758119103186,-2.62362171037504,0,0
2016-06-09,0.71760663031,0.119239137689779,-3.33338335851356,-2.0837160220882,0.83414763212204,-2.925195984776,-4.06049996481835,-1.78385377440744,-2.53402224196929,0,0
2016-06-10,-0.82288008043,0.11999189821896,-3.33377365464964,-2.08407646450413,0.819833755493164,-2.89856250923033,-4.02427475484873,-1.76702829243385,-2.51093961114193,0,0
2016-06-13,-1.5076393807,0.11907113648743,-3.3332962521662,-2.08363557849836,0.823672771453857,-2.90610919956449,-4.03421954941952,-1.77196191389777,-2.5173590276334,0,0
2016-06-14,0.12327922741,0.11761607431011,-3.33254182214025,-2.08293885476459,0.872588038444519,-2.99539192033462,-4.15613519611944,-1.82810753646635,-2.59490581108228,0,0
2016-06-15,-0.32833983169,0.118413892648048,-3.33295548013973,-2.08332087209687,0.843638598918915,-2.94289909152503,-4.08443087438916,-1.79511218771878,-2.54930598874939,0,0
2016-06-16,0.42207123752,0.118925418317059,-3.33322069926903,-2.08356580463624,0.809276878833771,-2.8796338440091,-3.99780557530332,-1.75544657977121,-2.49426124032308,0,0
2016-06-17,-2.2757560227,0.120554798720659,-3.33406551093367,-2.0843459967244,0.784780085086823,-2.83302096632949,-3.93454417514387,-1.72592176321723,-2.453907144728,0,1
2016-06-20,-0.24126717708,0.120377732821385,-3.33397370466376,-2.09083611462151,0.894791066646576,-3.03334123372857,-4.2094923650196,-1.8574151638069,-2.63318959669096,0,0
2016-06-21,0.85173501593,0.119975754273011,-3.33376528423238,-2.09066830125591,0.875476241111755,-2.99932465422801,-4.16260687989198,-1.83619750033249,-2.60341347781218,0,0
2016-06-22,-0.3753518924,0.120584014170743,-3.33408065874873,-2.09092223057879,0.85962849855423,-2.97064730306255,-4.12351091324589,-1.81803863555549,-2.57848865488705,0,0
2016-06-23,0.57561486119,0.120248675774472,-3.33390679033338,-2.09078223737486,0.830264687538147,-2.91756922669264,-4.05048583886648,-1.78484829012555,-2.53208380439653,0,0
2016-06-24,-2.809573361,0.118896803156752,-3.33320586269609,-2.09021787319482,0.813346207141876,-2.8871785298161,-4.00815077438905,-1.76618100120892,-2.50531054743497,0,1
2016-06-27,-1.4561027837,0.116833826388794,-3.33213623719083,-2.10554481855473,0.985003411769867,-3.19022269051308,-4.42325282709834,-1.97286335829196,-2.7785581663203,0,0
2016-06-28,1.6840504128,0.116477730893552,-3.33195160650089,-2.10516149833745,1.09404826164246,-3.36863576020297,-4.66802160974377,-2.08545303078927,-2.93468168566348,0,0
2016-06-29,0.86547708088,0.116966273103237,-3.3322049090179,-2.1056873912748,1.17397236824036,-3.49347792763634,-4.83963814904271,-2.16454613023789,-3.04409563308799,0,0
2016-06-30,1.2711864407,0.118117767161341,-3.33280194308674,-2.10692692100335,1.12970173358917,-3.42423169613357,-4.74510951291368,-2.12128066552961,-2.98373538717662,0,0
2016-07-01,0.30334728035,0.117988081271066,-3.3327347027096,-2.10678732018193,1.12319326400757,-3.41407123857587,-4.73110005250616,-2.11480224048301,-2.97480844277121,0,0
2016-07-05,-0.93857545107,0.118295503194985,-3.33289409681224,-2.10711824556641,1.06346702575684,-3.31873612322082,-4.60035882669733,-2.05466044447116,-2.89139769317739,0,0
2016-07-06,0.5684808928,0.117616969246078,-3.33254228615242,-2.10638783536969,1.038933634758,-3.2791798649541,-4.54573919892809,-2.0293840037085,-2.85661209390715,0,0
2016-07-07,0.42918454928,0.117286967096199,-3.33237118450853,-2.10603260342352,0.989469170570374,-3.19749146198124,-4.43344004628748,-1.97762715207978,-2.78501686482774,0,0
2016-07-08,0.77131540547,0.118499126096877,-3.33299967252822,-2.10733743613759,0.946838200092316,-3.12469658167452,-4.33405777901636,-1.93205844942283,-2.72152489310989,0,0
2016-07-11,0.31030202717,0.119111638968375,-3.33331725215384,-2.10799677771908,0.928308248519897,-3.09249801554474,-4.29013253314971,-1.91191700033399,-2.69345073826106,0,0
2016-07-12,0.45370179414,0.118945488995215,-3.33323110564374,-2.10781792501056,0.880839705467224,-3.00939393307469,-4.17596271847241,-1.85930615344008,-2.62064083214167,0,0
2016-07-13,-0.56456579759,0.118592200077434,-3.33304793012618,-2.10743762594321,0.841941297054291,-2.9397245620551,-4.08015336314216,-1.815136912641,-2.55956437867093,0,0
2016-07-14,1.9820377827,0.118049140895061,-3.33276636129742,-2.10685304802362,0.822627782821655,-2.90473096734954,-4.03186537024701,-1.79284193101346,-2.52882299482912,0,0
2016-07-15,-0.010122482035,0.117019499433601,-3.33223250614909,-2.10574468694069,0.904950141906738,-3.05289554389717,-4.23480814432188,-1.88615157228166,-2.65836170992962,0,0
2016-07-18,1.0629682121,0.117834034126766,-3.33265483135229,-2.10662149560505,0.853351533412933,-2.96077345835014,-4.10870743681404,-1.82820029837296,-2.57785626067348,0,0
2016-07-19,0.040068115959,0.11666677042487,-3.33204962093679,-2.10536499058935,0.843804717063904,-2.94411548373722,-4.08530930438964,-1.81729716613809,-2.56305587792026,0,0
2016-07-20,0.090117152286,0.116838151982807,-3.33213847995273,-2.10554947485524,0.792998969554901,-2.85044747810659,-3.95679498049548,-1.75816396385629,-2.48107914436836,0,0
2016-07-21,-0.53021208478,0.116885648250522,-3.33216310612406,-2.10560060237554,0.745667636394501,-2.760505469417,-3.83333953282435,-1.70134361534579,-2.40234097709974,0,0
2016-07-22,-0.7744141607,0.116599319586406,-3.33201464859086,-2.10529238290293,0.729563415050507,-2.72942381365172,-3.79054098893172,-1.68162531502187,-2.37508185158271,0,0
2016-07-25,-1.3379282385,0.115414470774582,-3.33140032053411,-2.10401694833532,0.735969483852387,-2.74254935041614,-3.80802978450431,-1.68959355556504,-2.38637984412071,0,0
2016-07-26,-0.68830901992,0.114890864248445,-3.33112883764406,-2.10345331029426,0.772516846656799,-2.81293612386035,-3.90442213554753,-1.73389603961143,-2.44790566024068,0,0
2016-07-27,6.4963277127,0.114651182553851,-3.33100456593259,-2.10319530411198,0.775934994220734,-2.81953655223854,-3.913375397822,-1.7379940909811,-2.45364223249982,0,0
2016-07-28,1.3501699856,0.11738715048057,-3.33242312823606,-2.10614044617126,1.6302011013031,-4.13742833375992,-5.72389038428852,-2.57171883561853,-3.60802307695159,0,0
2016-07-29,-0.12459267782,0.117997551432309,-3.3327396128599,-2.10679751436948,1.54795742034912,-4.02849499187215,-5.57463374376172,-2.50321538397881,-3.51282246513457,0,0
2016-08-01,1.7656654833,0.117132182618419,-3.3322909308538,-2.10586598514149,1.28645396232605,-3.66241730031351,-5.07164513793697,-2.2713821639444,-3.19205002833066,0,0
2016-08-02,-1.4804337577,0.118171806912939,-3.33282996196582,-2.10698509227931,1.29829096794128,-3.67934036708278,-5.09536910099864,-2.28258119569111,-3.20713484827766,0,0
2016-08-03,1.253828484,0.118466351321655,-3.33298267925129,-2.10730215561839,1.30537056922913,-3.68956017689399,-5.10953890721316,-2.28918567805027,-3.21616006814366,0,0
2016-08-04,0.61775327868,0.117452108059509,-3.3324568078607,-2.10621036997992,1.29703712463379,-3.67780089576344,-5.0929156895749,-2.28125902136722,-3.20560148943574,0,0
2016-08-05,1.5207329745,0.116710505046668,-3.33207229674568,-2.105412068873,1.20035791397095,-3.53393611745816,-4.89506141929004,-2.18999678510393,-3.07945596680315,0,0
2016-08-08,0.82806103474,0.117948166659016,-3.33271400752401,-2.10674435396088,1.21303904056549,-3.55263810593385,-4.92131679890914,-2.20237901654757,-3.09613273528138,0,0
2016-08-09,0.40601642522,0.117965448136167,-3.33272296773579,-2.10676295666623,1.15927767753601,-3.47036930411342,-4.80837988737305,-2.15038112772506,-3.02409967168683,0,0
2016-08-10,-0.74441687339,0.118145017306892,-3.33281607191803,-2.106956254516,1.07129645347595,-3.33143465931282,-4.61772276808101,-2.06262743405805,-2.90248386471113,0,0
2016-08-11,-0.064814814868,0.118955971784176,-3.3332365408278,-2.1078292092447,1.01759505271912,-3.24347693747179,-4.49734093125662,-2.00733606103244,-2.82563700581957,0,0
2016-08-12,0.23163161313,0.119350293878256,-3.33344099149135,-2.10825367861542,0.930487096309662,-3.0961455241124,-4.2952493109862,-1.91430829019598,-2.69669255759681,0,0
2016-08-15,1.201700869,0.118735593313983,-3.33312227757666,-2.10759198208455,0.860599637031555,-2.97335226618439,-4.12638572469126,-1.83644607656397,-2.58903880588521,0,0
2016-08-16,-0.091340884228,0.119514986928813,-3.33352638260683,-2.10843096301461,0.861514568328857,-2.97459116666815,-4.12844037245942,-1.83748443900533,-2.59026937524239,0,0
2016-08-17,-0.14627902729,0.119807093544137,-3.33367783592945,-2.10874540218262,0.809801816940308,-2.88013589274202,-3.99889285432312,-1.77783157776351,-2.50759830850507,0,0
2016-08-18,-0.12818165178,0.119525136007349,-3.33353164476655,-2.10844188802501,0.758083760738373,-2.78291438470974,-3.86528834192459,-1.71625316612654,-2.42240264535823,0,0
2016-08-19,0.25669233582,0.119916811633023,-3.33373472327209,-2.10886350859574,0.720478117465973,-2.70978997237905,-3.76506954099002,-1.67010725212084,-2.35842380046344,0,0
2016-08-22,-0.77724945122,0.120337511277042,-3.33395285033793,-2.10931637217057,0.690836787223816,-2.6507304781231,-3.68417245155295,-1.6328543725995,-2.30676271982312,0,0
2016-08-23,0.31333517654,0.118905171731716,-3.33321020168883,-2.10777452535398,0.688708066940308,-2.64727387530922,-3.67878886199095,-1.63030396154369,-2.3035145748947,0,0
2016-08-24,-0.75333027098,0.119160308808285,-3.33334248680647,-2.10804916853519,0.67787367105484,-2.62528335875596,-3.64871149958231,-1.61646158255135,-2.28429558324767,0,0
2016-08-25,-0.42580764612,0.118651889977543,-3.33307887853072,-2.10750187934093,0.681321918964386,-2.63254563424103,-3.65845573045842,-1.62092708910881,-2.29057803557217,0,0
2016-08-26,-0.58566514826,0.119074142154653,-3.33329781056393,-2.10795641414533,0.67448627948761,-2.61846713869466,-3.63931514134287,-1.61212961757711,-2.27831323881344,0,0
2016-08-29,-0.11221245558,0.118707425676344,-3.33310767303816,-2.10756166093439,0.671920895576477,-2.61346696914656,-3.6322873923078,-1.60887733016406,-2.27387916377004,0,0
2016-08-30,-0.76764650812,0.116247223939145,-3.3318320917679,-2.10491336833572,0.663237154483795,-2.59717595537045,-3.6088292571875,-1.59798103449935,-2.25924708901698,0,0
2016-08-31,0.094339622592,0.115446985754149,-3.3314171791105,-2.10405194919661,0.673436403274536,-2.61841959029125,-3.63763753237289,-1.61120476300931,-2.27772446917825,0,0
2016-09-01,0.59377945327,0.11472287727848,-3.33104173867599,-2.10327248014423,0.66421365737915,-2.60005296004627,-3.61210212228173,-1.59942955801199,-2.26153898789005,0,0
2016-09-02,0.9369436897,0.11516561091988,-3.33127129007096,-2.10374906229112,0.6664177775383,-2.60429823164489,-3.61812660848447,-1.60221763726594,-2.26532093806378,0,0
2016-09-06,-0.027847396268,0.11523003615208,-3.33130469368104,-2.10381841305331,0.690725803375244,-2.65341447567223,-3.68558230279256,-1.63325166659447,-2.30832484195792,0,0
2016-09-07,0.61281337039,0.114966825800559,-3.33116822267971,-2.10353507936758,0.677685141563416,-2.62730528461851,-3.64962239814153,-1.61669762217425,-2.28543008199512,0,0
2016-09-08,-2.6208933185,0.116088103831507,-3.33174959014783,-2.10474208295006,0.678636491298676,-2.62858709035854,-3.65188072659884,-1.6177857149943,-2.2867221463396,0,1
2016-09-09,-2.2649734648,0.115025420384125,-3.34792381185219,-2.11117227293477,0.81355619430542,-2.90471313718907,-4.00976453028458,-1.78919602327339,-2.52386864721578,0,1
2016-09-12,2.2398913992,0.113780196479746,-3.34666840131785,-2.11714621324189,0.97090744972229,-3.1838473318318,-4.3912993953478,-1.97234211892437,-2.77220417227121,0,0
2016-09-13,2.3805007588,0.115639729560013,-3.3485431464217,-2.11886858044818,1.11745965480804,-3.424104034423,-4.71907219652767,-2.12421548997206,-2.98206301676003,0,0
2016-09-14,3.5386753127,0.116692146157361,-3.34960417237709,-2.11984336699749,1.2893773317337,-3.68680858614177,-5.07757810163426,-2.29040594179747,-3.21172375664785,0,0
2016-09-15,3.399838955,0.118472741076078,-3.35139933356095,-2.12149261880605,1.73358774185181,-4.29417330634643,-5.90632546975529,-2.67480704664286,-3.74279391255215,0,0
2016-09-16,-0.56242969622,0.119112801461792,-3.35204462999962,-2.12208546602673,2.3708324432373,-5.04220050901889,-6.92730781832276,-3.14836993542009,-4.39718452444824,0,0
2016-09-19,-1.1660285417,0.118480812807789,-3.35140747132395,-2.12150009513768,2.03515768051147,-4.66260198880111,-6.40935519748974,-2.90802900590651,-4.06518379302927,0,0
2016-09-20,-0.0088043670075,0.117037847878088,-3.34995270213179,-2.12016356851112,1.88785660266876,-4.4857735184503,-6.16854064146519,-2.79605192960093,-3.9108068725234,0,0
2016-09-21,-0.017610284249,0.11659868466053,-3.3495099463128,-2.11975679955812,1.61712098121643,-4.14284153797326,-5.70039632660852,-2.57901276864433,-3.61081709837214,0,0
2016-09-22,0.94231616022,0.116698107016196,-3.3496101819991,-2.11984888816186,1.43485641479492,-3.89564893716099,-5.36278005066995,-2.42257331812686,-3.39447705531164,0,0
2016-09-23,-1.6663758506,0.116481209478795,-3.34939151011819,-2.11964798976994,1.35694181919098,-3.78515280415342,-5.2119472141949,-2.35265106987117,-3.29783220521609,0,0
2016-09-26,0.1508295627,0.115497765351911,-3.34840002086675,-2.11873708803264,1.39920949935913,-3.84526388592517,-5.29435288824822,-2.39071790634849,-3.35066131009227,0,0
2016-09-27,0.18603827066,0.116009660679352,-3.34891610378508,-2.1192112241125,1.28972160816193,-3.68721741241624,-5.07833464643213,-2.2906918664336,-3.21223549547719,0,0
2016-09-28,0.76045627375,0.115335730170175,-3.34823666014634,-2.11858700515095,1.15687823295593,-3.48596983460736,-4.80364852721223,-2.16337988809261,-3.03627002154131,0,0
2016-09-29,-1.5533128564,0.115529481256584,-3.34843199622531,-2.11876646445768,1.09555637836456,-3.38923508215917,-4.67147325799838,-2.10215856830095,-2.9515724816011,0,0
2016-09-30,0.77553931187,0.114611199286261,-3.34750620219342,-2.117915918281,1.1192399263382,-3.42685407300188,-4.72308086993387,-2.12601965281008,-2.98469459606097,0,0
2016-10-03,-0.46881910666,0.113930108587581,-3.34681953979081,-2.11728506729138,1.09160840511322,-3.38282913302641,-4.66310425937771,-2.0982107129176,-2.94631444123686,0,0
2016-10-04,0.42659082828,0.112962053026499,-3.34584356499228,-2.11638841900371,1.00296199321747,-3.23783303105848,-4.46522659278543,-2.00655841248827,-2.81962568159364,0,0
2016-10-05,0.044247787628,0.112544360803933,-3.34542245581305,-2.11600153726759,0.918581664562225,-3.09379771323675,-4.26850979478841,-1.91548792728177,-2.69365485132037,0,0
2016-10-06,0.74303405563,0.113482682092281,-3.34636845309583,-2.11687064458984,0.843509256839752,-2.95991446572529,-4.0854208260646,-1.83070974398748,-2.57628625768583,0,0
2016-10-07,0.14926683652,0.112759459432003,-3.34563931406855,-2.11620076944422,0.817764282226563,-2.91271288701345,-4.02104695290122,-1.80092767371391,-2.53512480993715,0,0
2016-10-10,1.7446957741,0.112824091754936,-3.34570447512013,-2.11626063425366,0.776930689811707,-2.83620268393754,-3.91649916893731,-1.75252573850283,-2.46815018691469,0,0
2016-10-11,0.21542438608,0.113589709680953,-3.34647635623021,-2.11696977743714,0.828126788139343,-2.93175303006544,-4.04692928400554,-1.81288394670045,-2.55161798995053,0,0
2016-10-12,0.89423903701,0.113826336175803,-3.3467149184625,-2.11718894950737,0.800681948661804,-2.88084205328946,-3.97733938968242,-1.78065197347588,-2.50701364766511,0,0
2016-10-13,-0.30680074997,0.114275589247397,-3.3471678466762,-2.11760506405035,0.80461585521698,-2.88814675936217,-3.98725019009352,-1.78522424496233,-2.51331465094781,0,0
2016-10-14,0.55565053863,0.114085347586429,-3.34697604873174,-2.11742885530117,0.782012581825256,-2.84569494920729,-3.92928557380007,-1.75838822692799,-2.47620134155043,0,0
2016-10-17,-0.068009861388,0.114946278548991,-3.34784402259246,-2.11822628088749,0.770188093185425,-2.82313371548295,-3.89834289695289,-1.74401674861406,-2.45628208164277,0,0
2016-10-18,-0.068056146392,0.116172209451135,-3.34907998229699,-2.11211713840978,0.738748252391815,-2.76237762612874,-3.81519229239159,-1.69920230343972,-2.39892521975265,0,0
2016-10-19,-0.29794841239,0.115579105916796,-3.34848202684308,-2.11162846698029,0.714565694332123,-2.71495930891487,-3.75050374560178,-1.66942240991183,-2.35761204800218,0,0
2016-10-20,-0.051229508153,0.115234825732817,-3.34813493025409,-2.11134480674238,0.701022148132324,-2.6880602971667,-3.71380444332175,-1.6525322215322,-2.3341772140634,0,0
2016-10-21,-0.3929608748,0.116400933707856,-3.34931057764642,-2.10507882974348,0.68363094329834,-2.65287529051687,-3.66561442621765,-1.62411987443527,-2.30185850330864,0,0
2016-10-24,0.90051457973,0.114879068342723,-3.34777626256901,-2.10344061255108,0.682330012321472,-2.65049357828575,-3.6625314917166,-1.62263164848533,-2.30007868757582,0,0
2016-10-25,0.50998725037,0.115469059017889,-3.34837107969881,-2.10407571003707,0.705230951309204,-2.69642700889127,-3.72520460506749,-1.65149227077851,-2.34007465970254,0,0
2016-10-26,-2.2494714588,0.116053123100395,-3.3489599217531,-2.10470442782207,0.709506869316101,-2.70485052512843,-3.73663935834467,-1.65678636665338,-2.3473147165279,0,1
2016-10-27,-0.96029068254,0.116180446757094,-3.34908828698873,-2.11212392531265,0.807118475437164,-2.89263285697279,-3.99308643470032,-1.781346886367,-2.51632432925661,0,0
2016-10-28,-0.6638714186,0.115396309684713,-3.34829773523529,-2.11147785702626,0.853746652603149,-2.97837762415167,-4.11032363968431,-1.83557569832924,-2.59150383352235,0,0
2016-10-31,-0.15828350333,0.115853121929345,-3.3487582844603,-2.1118542349766,0.838952302932739,-2.95141991033558,-4.07342798452635,-1.81848581590241,-2.56782499723514,0,0
2016-11-01,-1.8055310904,0.116674811934257,-3.34958669635032,-2.11253124397428,0.803332269191742,-2.88551971760006,-3.98329649352791,-1.77676169802094,-2.51000189624363,0,1
2016-11-02,0.089694142844,0.116286942580742,-3.34919565400794,-2.1194680526997,0.862595200538635,-2.99431212651699,-4.13193602337175,-1.85219027785889,-2.60545528581056,0,0
2016-11-03,-1.0718789407,0.116661886164759,-3.34957366484078,-2.1198153390912,0.837888181209564,-2.94941164262407,-4.07055312828028,-1.82373720561548,-2.56609252472333,0,0
2016-11-04,-0.90139306203,0.116224377135728,-3.3491325767425,-2.11941010230781,0.847221910953522,-2.96647325695254,-4.09392617560797,-1.83457940812433,-2.58110915215453,0,0
2016-11-07,1.4424843808,0.116182390566474,-3.34909024669956,-2.1193712128195,0.861069440841675,-2.99156663330602,-4.12820425447891,-1.85046327517934,-2.60307411327846,0,0
2016-11-08,0.58871479032,0.114783428092342,-3.34767983992774,-2.1180754428685,0.909094452857971,-3.07711028126252,-4.24529396947555,-1.9047262040405,-2.6782095125343,0,0
2016-11-09,-0.16207455428,0.115515692684602,-3.34841809485507,-2.11875369298055,0.893128454685211,-3.04892268711634,-4.20665811178442,-1.88682252001187,-2.6533957502246,0,0
2016-11-10,-2.7867965368,0.114554576881503,-3.34744911658563,-2.11786347254926,0.844235241413117,-2.9611578176995,-4.08694249487606,-1.83138655789944,-2.57679400935544,0,1
2016-11-11,0.5937471009,0.113717337631123,-3.34660502824859,-2.12347338882742,1.09738194942474,-3.3920522190917,-4.67575518736435,-2.11074844133717,-2.96276072506933,0,0
2016-11-14,-2.5085308494,0.113757660448101,-3.34664568092883,-2.12349374514997,1.19895756244659,-3.55071630410946,-4.8925063229426,-2.21140259997218,-3.10198743342599,0,1
2016-11-15,1.3243780153,0.109393036091281,-3.34224535149673,-2.13126644543379,1.39369368553162,-3.83628817808225,-5.2840250045238,-2.40666939851743,-3.35601820403104,0,0
2016-11-16,2.6888245729,0.107996268672637,-3.34083715773718,-2.13058839408097,1.42535853385925,-3.88057510072228,-5.34501458153773,-2.43567870480388,-3.39521384390395,0,0
2016-11-17,-0.03636694255,0.109580585853791,-3.34243443552149,-2.13135749020509,1.71274244785309,-4.2647230695455,-5.86958656512136,-2.6797650363924,-3.7322619567305,0,0
2016-11-18,0.10004547548,0.110062977231575,-3.34292077313131,-2.13159166385628,1.56135022640228,-4.06705026542735,-5.59921870209565,-2.55344608304902,-3.55854536703844,0,0
2016-11-21,1.5173541704,0.109045638699848,-3.34189511219979,-2.1310978037057,1.33963108062744,-3.75894507384191,-5.17840875765443,-2.35753880979465,-3.28816280308069,0,0
2016-11-22,0.062651033841,0.110551516957637,-3.34341330938634,-2.13182882218182,1.36979651451111,-3.80252279346233,-5.23751054586815,-2.38450483006146,-3.32611659452397,0,0
2016-11-23,-0.50983899828,0.113075885017056,-3.34595832819236,-2.12314956184083,1.22247397899628,-3.58640118340808,-4.94144388286682,-2.23439600388433,-3.12670643347779,0,0
2016-11-25,0.50346129647,0.113128389904683,-3.34601126259942,-2.12317606808489,1.13176989555359,-3.44651479851088,-4.75030690532775,-2.14560555789857,-3.00419149400924,0,0
2016-11-28,-0.19679756706,0.114111305435866,-3.34700221893095,-2.12367227710727,1.06520760059357,-3.34029270015604,-4.60495209087919,-2.07770738506594,-2.91096971480655,0,0
2016-11-29,-0.098592811628,0.114538709588949,-3.34743311948973,-2.12388804518727,0.97851175069809,-3.19673385954976,-4.40874829738711,-1.9864060958512,-2.78516766712757,0,0
2016-11-30,-0.84335187512,0.114028034062222,-3.34691826635076,-2.12363023889992,0.904942452907562,-3.06984388049341,-4.23550710996606,-1.90614877829437,-2.6741493718569,0,0
2016-12-01,-0.93195801655,0.113897154024531,-3.34678631564095,-2.12356416622787,0.89288854598999,-3.04857427411861,-4.20647397150028,-1.89271766035393,-2.65554879298861,0,0
2016-12-02,0.37446342121,0.113928121593397,-3.3468175365419,-2.12357979970458,0.906867861747742,-3.07323316529163,-4.24015569644767,-1.90834863933894,-2.67713704805284,0,0
2016-12-05,-0.71883530482,0.113814551017065,-3.34670303689456,-2.12352246543438,0.875908315181732,-3.01836393649729,-4.16521695031845,-1.87358956302072,-2.62910904848496,0,0
2016-12-06,0.76986527347,0.113707597697945,-3.3465952086373,-2.12346847177955,0.860542714595795,-2.99077622448405,-4.12754615458176,-1.85613730632241,-2.6049706270484,0,0
2016-12-07,0.9822646658,0.113933369288195,-3.34682282716579,-2.1235824489185,0.855824768543243,-2.98223912470512,-4.11584491740699,-1.85060969337412,-2.5974506049885,0,0
2016-12-08,0.98171665304,0.114795779681456,-3.34769229255978,-2.12401782286932,0.860606133937836,-2.99082018807628,-4.12742093470566,-1.85563133548842,-2.60479752149401,0,0
2016-12-09,1.6321798073,0.115187190436375,-3.34808690527421,-2.1242154202639,0.8732670545578,-3.01355847044393,-4.1584128404535,-1.86986575680228,-2.62463316006718,0,0
2016-12-12,-0.57042562512,0.116231553640487,-3.34913981195509,-2.12474265015099,0.931558132171631,-3.11626639932861,-4.2985026568043,-1.93451181714456,-2.71436771649699,0,0
2016-12-13,1.6681376874,0.115900397738893,-3.34880594701248,-2.12457547144542,0.914430022239685,-3.08642323462799,-4.25780667602859,-1.91574262625485,-2.68830008523683,0,0
2016-12-15,0.54692247595,0.115614453198215,-3.34851766328508,-2.12443111696481,0.960674107074738,-3.16640111544353,-4.36709716367259,-1.96662512308795,-2.75839159832085,0,0
2016-12-16,0.12951131084,0.115821111589134,-3.34872601225755,-2.12453544511394,0.927844703197479,-3.10982903480763,-4.28978925485791,-1.93063119429448,-2.70881163246306,0,0
2016-12-19,0.5777356213,0.117236028791209,-3.35015250427594,-2.12034713088454,0.868152678012848,-3.00425888695999,-4.14535671177041,-1.85839128376727,-2.61393123325524,0,0
2016-12-20,0.26577503413,0.116688920713969,-3.34960092054777,-2.11984037947445,0.841059863567352,-2.95520717124306,-4.07846341335931,-1.82740219095654,-2.57111986310013,0,0
2016-12-21,0.094057289607,0.116915033907306,-3.34982888347385,-2.12004981374225,0.805095791816711,-2.88879029436918,-3.98772629479827,-1.78534482563767,-2.51296352142837,0,0
2016-12-22,-0.65778233393,0.11663350680992,-3.3495450533269,-2.11978905310004,0.76073282957077,-2.8048396686759,-3.87312084056882,-1.73224649263037,-2.43956382201148,0,0
2016-12-23,0.19778140868,0.11641063660448,-3.34932035991818,-2.11958262260564,0.75702577829361,-2.79774017669663,-3.86345584718571,-1.72777945564338,-2.43339464260432,0,0
2016-12-27,0.63508410567,0.116670418063713,-3.34958226653545,-2.11982324164648,0.737753629684448,-2.76037240444147,-3.81238862415826,-1.7041005787528,-2.40064932879649,0,0
2016-12-28,-0.42640286547,0.116417689203169,-3.34932747021108,-2.11958915497919,0.737150847911835,-2.75923078714845,-3.81086251283439,-1.70340834399841,-2.39969859653006,0,0
2016-12-29,-0.025693730731,0.114695300489218,-3.34759099139139,-2.11799381587558,0.729041695594788,-2.74360973325853,-3.78974862753827,-1.69373123696168,-2.38635808796543,0,0
2016-12-30,-0.77957680123,0.11454468411994,-3.34743914289573,-2.11785430951351,0.704861164093018,-2.69583166257893,-3.72450176898081,-1.66352129501605,-2.34458013998384,0,0
2017-01-03,0.28492488364,0.114428456673221,-3.34732196464331,-2.1177466554229,0.710384428501129,-2.70683864016668,-3.73955167366163,-1.67049962060663,-2.35423342526904,0,0
2017-01-04,-0.11192423589,0.114797158799419,-3.3476936829597,-2.11808816074905,0.707245171070099,-2.7005419171539,-3.73090576343447,-1.66646986560733,-2.34865393202154,0,0
2017-01-05,0.50853301145,0.116840190402046,-3.30570921692459,-2.11266750303797,0.689076960086823,-2.62725083375892,-3.65865200309717,-1.63689903821544,-2.30366542459946,0,0
2017-01-06,1.1148272019,0.116718452725004,-3.30562105429744,-2.11256720060978,0.686155378818512,-2.621476099366,-3.65067904060706,-1.63321594829038,-2.29856896037438,0,0
2017-01-09,0.91595284539,0.115999803971292,-3.30510060768089,-2.11197508963177,0.714341461658478,-2.67742903895895,-3.7275014817718,-1.6690145817382,-2.34790560546515,0,0
2017-01-10,0.10084881087,0.117134266241021,-3.30592218713377,-2.11290979877943,0.741113722324371,-2.72886677417906,-3.79852682864757,-1.70182672111773,-2.39330685021467,0,0
2017-01-11,0.53731844528,0.116745047872406,-3.30564031454719,-2.11258911295382,0.71916937828064,-2.68656536349113,-3.74023931557159,-1.67481195523364,-2.35598311756966,0,0
2017-01-12,-0.4175365345,0.116087599264165,-3.30516418917726,-2.1120474261612,0.709363043308258,-2.6676437347909,-3.71405757850603,-1.6627567372645,-2.33927675829794,0,0
2017-01-13,-0.17610062896,0.11613417057496,-3.30519791619759,-2.11208579731852,0.703888177871704,-2.65686222980692,-3.69923378715858,-1.65586449993122,-2.32976814453601,0,0
2017-01-17,0.80645161288,0.115934292417054,-3.30505316410491,-2.11192111317908,0.689197957515717,-2.62785300184568,-3.65927451463468,-1.63733926449873,-2.30417627783851,0,0
2017-01-18,-0.008333333335,0.116273494403341,-3.30529881474464,-2.11220058937494,0.698748528957367,-2.64666477071715,-3.68523463469507,-1.64933989158184,-2.3207768023238,0,0
2017-01-19,-0.17501458451,0.115398530502157,-3.30466516443964,-2.11147968680803,0.684879183769226,-2.61945735332099,-3.64760075911379,-1.63200774447493,-2.29675927610639,0,0
2017-01-20,0.18367006178,0.115987990316842,-3.30509205221279,-2.11196535609441,0.669709920883179,-2.58876074281191,-3.60549934615855,-1.6123558896921,-2.26969671595076,0,0
2017-01-23,0.06666666668,0.11533170109597,-3.3046167664731,-2.11142462454729,0.659744679927826,-2.56883231802611,-3.57792830426944,-1.5996659542439,-2.25210642540869,0,0
2017-01-24,-0.091605596208,0.115551412332649,-3.30477588171425,-2.11160564960934,0.646182477474213,-2.54100841564347,-3.53969516751818,-1.581872843369,-2.22756962715536,0,0
2017-01-25,1.5920646829,0.115505433922257,-3.30474258407336,-2.11156776695609,0.637809038162231,-2.52375940064113,-3.51595097428305,-1.57085482299542,-2.21235498274722,0,0
2017-01-26,0.049228749594,0.115454232484283,-3.30470550390726,-2.11152558093217,0.689679980278015,-2.6290036706576,-3.66074858959253,-1.63810385655692,-2.3051804297844,0,0
2017-01-27,0.0082007545643,0.11531910820328,-3.30460764667938,-2.11141424897791,0.683932721614838,-2.61759885118709,-3.64502546336465,-1.63082522652364,-2.2951183317547,0,0
2017-01-30,-0.26240262405,0.114268102488173,-3.30384650660144,-2.11054830157502,0.657662928104401,-2.5650331252999,-3.57245528792052,-1.59731100520254,-2.24873517663712,0,0
2017-01-31,-0.23020636354,0.114123518185856,-3.30374179841047,-2.11042917529503,0.648608148097992,-2.54658498824127,-3.54703709092576,-1.58553620147538,-2.23246225996829,0,0
2017-02-01,6.0980634527,0.114219594865727,-3.30381137730101,-2.1105083350467,0.642966687679291,-2.53494828466946,-3.53104721361494,-1.57809581064164,-2.2222010713486,0,0
2017-02-02,-0.17087378637,0.115675049979771,-3.30486542030287,-2.11170751746589,1.20605540275574,-3.51374645552996,-4.87813908333629,-2.20341383943555,-3.08554586501042,0,0
2017-02-03,0.42791566175,0.115770292906579,-3.30493439538806,-2.11178599026954,1.10951805114746,-3.36543815773344,-4.67409574985095,-2.10865124040084,-2.95474076559888,0,0
2017-02-06,0.93740316079,0.116881470088641,-3.30573911174192,-2.11270151430631,0.991381347179413,-3.17458130553126,-4.41171169010941,-1.98669602204767,-2.78645632942877,0,0
2017-02-07,0.95172307938,0.117039027640554,-3.30585321518172,-2.11283132954035,0.955237150192261,-3.11397741750986,-4.32836088182004,-1.94796275169544,-2.73300622446141,0,0
2017-02-08,0.38774424083,0.11778467860076,-3.3063932168409,-2.11344568824761,0.938199520111084,-3.0848109354071,-4.28838321199728,-1.92931360878703,-2.70731294606275,0,0
2017-02-09,0.7225983114,0.11761973692963,-3.30627376580974,-2.11330978907057,0.896854877471924,-3.01350160458366,-4.19024095825362,-1.88373582237543,-2.64440206741386,0,0
2017-02-10,-0.22655188022,0.11754506521898,-3.30621968843334,-2.11324826535764,0.875472903251648,-2.9759758894567,-4.13859674336416,-1.85975178961091,-2.61129691262374,0,0
2017-02-13,0.8855585831,0.117551858747281,-3.30622460831777,-2.11325386269941,0.834301054477692,-2.90235640326174,-4.03731069680248,-1.81269594826289,-2.54635628986595,0,0
2017-02-14,1.2979218245,0.117733714119093,-3.30635630827895,-2.11340369745735,0.830763697624207,-2.89588572557504,-4.02844688791959,-1.80855428171224,-2.54065498172454,0,0
2017-02-15,0.36290919852,0.118696505391006,-3.30705356331115,-2.11419696298337,0.865770220756531,-2.95841015963082,-4.11467053756537,-1.84849557100565,-2.59584725951248,0,0
2017-02-16,-0.12176223153,0.118584409266272,-3.30697238311214,-2.1141046044484,0.838297784328461,-2.90923331713773,-4.04699112331064,-1.8170602394493,-2.55246058862427,0,0
2017-02-17,0.27706971068,0.119246035972515,-3.30745153426757,-2.11464973367056,0.792814135551453,-2.82571247929735,-3.93222910212542,-1.76364043279787,-2.47880273556449,0,0
2017-02-21,0.72207485991,0.119532186822854,-3.30765876518686,-2.11488549983446,0.764189302921295,-2.77195436166003,-3.85833511399237,-1.72925676284601,-2.43138576357474,0,0
2017-02-22,0.29992684722,0.120677171381292,-3.30848796489864,-2.10968200045485,0.76286506652832,-2.7690272546997,-3.85455968089264,-1.72196438543167,-2.42856123722485,0,0
2017-02-23,-0.42301801477,0.120266041911324,-3.30819022425621,-2.1092394387267,0.727786898612976,-2.70196517042475,-3.76221361045089,-1.67913513357673,-2.36939008790153,0,0
2017-02-24,0.095217168382,0.120572019929295,-3.30841181404311,-2.10956880981367,0.70319527387619,-2.65375425245517,-3.69596003492968,-1.64844359887197,-2.326867352254,0,0
2017-02-27,0.19757061309,0.120588112271995,-3.30842346814432,-2.10958613247117,0.673475980758667,-2.59448887369491,-3.6144346585246,-1.6106560326621,-2.27458527481891,0,0
2017-02-28,0.043818009181,0.120725874952681,-3.30852323610562,-2.10973442758133,0.652764618396759,-2.55235742280484,-3.55650796913287,-1.5838097920568,-2.2374203797566,0,0
2017-03-01,2.0439448137,0.120430623373093,-3.30830941442315,-2.10941660300575,0.635132730007172,-2.51613367859846,-3.50660781860498,-1.56067347445532,-2.20545979060079,0,0
2017-03-02,-0.59374776465,0.120128692598436,-3.30809075565655,-2.10909158858772,0.702769756317139,-2.65308890491307,-3.6949446157751,-1.64795155073641,-2.32627034554397,0,0
2017-03-03,0.59009787001,0.120005605999413,-3.30800161613787,-2.10895909159601,0.71639883518219,-2.67989844292067,-3.73179846721267,-1.66502468865338,-2.34991747183743,0,0
2017-03-06,-0.31478036917,0.119331379045906,-3.30751333986253,-2.10823331767926,0.706345498561859,-2.66044714518187,-3.70488745585492,-1.65251988755847,-2.33274307095576,0,0
2017-03-07,0.12918042194,0.117726393577758,-3.3063510067308,-2.10650562556686,0.687981188297272,-2.62471426272009,-3.65536365676508,-1.62950693358999,-2.30118871261232,0,0
2017-03-08,-0.37270642206,0.117337574123134,-3.3060694230384,-2.10608707953125,0.665542125701904,-2.57977916053193,-3.59345188047501,-1.6008243819631,-2.26154727317111,0,0
2017-03-09,-0.23021582738,0.117235632902286,-3.30599559703758,-2.1059773445544,0.658348321914673,-2.56520511269854,-3.57337686380618,-1.59152630356461,-2.24869096733176,0,0
2017-03-10,0.33169887502,0.117276167807629,-3.3060249524831,-2.1060209784923,0.651614248752594,-2.55143401855489,-3.55443940823521,-1.58275928829931,-2.2365454963687,0,0
2017-03-13,0.043122035459,0.117036779952278,-3.30585158740215,-2.10576328861429,0.653162181377411,-2.55470122274995,-3.55887918228552,-1.58480846450019,-2.23942299044614,0,0
2017-03-14,-0.15086206895,0.117050162068521,-3.30586127875288,-2.10577769383922,0.641167879104614,-2.53005079005042,-3.52496694952841,-1.56910835103626,-2.21768164830095,0,0
2017-03-15,1.0576300452,0.116824484666249,-3.30569784280474,-2.10553476262546,0.631530940532684,-2.51017792261885,-3.497572092976,-1.5564212725281,-2.20015041257629,0,0
2017-03-16,0.16374768638,0.116006332381221,-3.30510533556616,-2.10465405979192,0.657898247241974,-2.56479524232318,-3.57252923897652,-1.59109808483145,-2.2483072711524,0,0
2017-03-17,-0.49754780011,0.115629718174554,-3.30483259093452,-2.10424865213734,0.659145176410675,-2.56748971006056,-3.57614970116605,-1.5927625483126,-2.25067680094051,0,0
2017-03-20,1.0500750053,0.114729842781976,-3.30418089968624,-2.10327997818436,0.658105134963989,-2.56574327508909,-3.57353903968994,-1.59152826234023,-2.24912034722029,0,0
2017-03-21,-1.1452000565,0.114979917755228,-3.30436200439565,-2.10354917224709,0.685640335083008,-2.62114422990605,-3.64982644051583,-1.62683035555071,-2.29798243966759,0,0
2017-03-22,1.1298627,0.113991432334647,-3.30364614161847,-2.10248511372553,0.719065964221954,-2.6874264047124,-3.74080661902385,-1.66886879156061,-2.3564121605266,0,0
2017-03-23,-0.3535567811,0.114217298084554,-3.30380971396828,-2.10272824768676,0.757320463657379,-2.76089539390168,-3.84195093694976,-1.71566432226479,-2.42120639089779,0,0
2017-03-24,-0.1986942948,0.114753601425232,-3.304198105735,-2.10330555325739,0.747673749923706,-2.742324710865,-3.81651625933733,-1.70393537787692,-2.40484426640824,0,0
2017-03-27,0.17064846415,0.114740976897226,-3.30418896303092,-2.10329196354091,0.716398537158966,-2.6819354474892,-3.7334192757562,-1.66549227061067,-2.35158793059659,0,0
2017-03-28,2.0726859739,0.114020334540708,-3.30366707264392,-2.10251622560438,0.691526710987091,-2.63324593963401,-3.66625995449954,-1.63439189662439,-2.30863425332153,0,0
2017-03-29,0.22253129355,0.114642899195083,-3.30411793499675,-2.10318638746203,0.778991341590881,-2.8015876532912,-3.89803647953451,-1.74163963107606,-2.45710370063601,0,0
2017-03-30,-0.13183458232,0.114013777734167,-3.30366232419377,-2.10250916750749,0.76916629076004,-2.78336831694965,-3.87282919868555,-1.72993146183611,-2.44101826952089,0,0
2017-03-31,-0.18759119021,0.113398386090051,-3.30321665654684,-2.10184672706135,0.729946255683899,-2.70876726945144,-3.77003968781968,-1.68235413730811,-2.37521642846981,0,0
2017-04-03,0.027843519456,0.11355371065725,-3.30332914285542,-2.10201392672448,0.704697966575623,-2.65946856325903,-3.70223732733139,-1.65100900374748,-2.33174785068072,0,0
2017-04-04,0.74460681972,0.114351387507918,-3.30390682175055,-2.10287258870647,0.683597266674042,-2.61731682800123,-3.64441675136728,-1.62430243106173,-2.29459411971703,0,0
2017-04-05,-0.51806313459,0.11358366134469,-3.30335083319282,-2.10204616724471,0.692247271537781,-2.63485042983305,-3.66836858065227,-1.63534814730031,-2.31003977550912,0,0
2017-04-06,-0.24996528273,0.113115317658818,-3.30301165792056,-2.1015420170776,0.697604477405548,-2.64564986448444,-3.68312291803508,-1.6421497391938,-2.31955261651508,0,0
2017-04-07,-0.22274815528,0.111454586812559,-3.30180895389377,-2.09975431766172,0.689321279525757,-2.62988465932879,-3.66105124295062,-1.63187429703237,-2.30561575297899,0,0
2017-04-10,-0.11859913502,0.110542100255222,-3.30114812961909,-2.09877206837718,0.680719137191773,-2.61309344005627,-3.63773550384902,-1.62106459293026,-2.29079224499167,0,0
2017-04-11,-1.0756443389,0.111423608390243,-3.30178651926907,-2.09972097083276,0.666492700576782,-2.58412202654869,-3.59806767425974,-1.60276768304762,-2.26526573050072,0,0
2017-04-12,0.12003106694,0.109990877760299,-3.30074893337619,-2.09817870303179,0.689461290836334,-2.63074658206771,-3.6619044251956,-1.63220675219715,-2.30634475144492,0,0
2017-04-13,-0.52891396326,0.109593623975448,-3.30046124152788,-2.09775107783248,0.69567483663559,-2.64322618272897,-3.67898916036833,-1.64008022279861,-2.31733858716365,0,0
2017-04-17,0.55299539163,0.109061076217014,-3.30007556956004,-2.09717781497124,0.696191012859345,-2.64445801135337,-3.68056369420093,-1.64078344153211,-2.31841297890274,0,0
2017-04-18,-0.44419375308,0.10914421596791,-3.30013577950521,-2.09726731104126,0.696954309940338,-2.64593418945621,-3.68261418422839,-1.64173400999345,-2.31971618017828,0,0
2017-04-19,-0.36827195463,0.108828025062773,-3.29990679352852,-2.09692694625687,0.690232336521149,-2.63274188021336,-3.66438596234019,-1.63330354686362,-2.3080792207265,0,0
2017-04-20,1.2510662496,0.11007331188423,-3.30080863230514,-2.0865343438801,0.690058529376984,-2.6319005501397,-3.66351130392485,-1.6232057934661,-2.30457226964388,0,0
2017-04-21,-0.11934849753,0.110514386627716,-3.3011280593642,-2.08671847867408,0.723673343658447,-2.69772198522109,-3.75419542635438,-1.66463599355784,-2.3625480771395,0,0
2017-04-24,0.96295775638,0.111431689086623,-3.30179237132276,-2.08710142351909,0.708967626094818,-2.66868459718525,-3.71444078399059,-1.64591220358889,-2.33699986109848,0,0
2017-04-25,0.61960456696,0.111390982052394,-3.30176289122121,-2.08708442961619,0.720553398132324,-2.69132420913316,-3.74558728688621,-1.66023933450514,-2.35693734075522,0,0
2017-04-26,-0.58811319459,0.111046317143741,-3.30151328432406,-2.08694054288751,0.723999917507172,-2.69815140402585,-3.75490544908409,-1.66469350650998,-2.3629406526828,0,0
2017-04-27,0.076559020272,0.109271804704157,-3.30022817947911,-2.08619973991183,0.719148337841034,-2.68940796669282,-3.74247488529291,-1.65988011257521,-2.35519331922484,0,0
2017-04-28,-0.097364211979,0.109764030665768,-3.30058465033498,-2.08640522872607,0.696471989154816,-2.64473550119131,-3.68110500935796,-1.63144331125375,-2.3158675183478,0,0
2017-05-01,2.0396797774,0.110413315263153,-3.30105486331474,-2.08667628456715,0.675159752368927,-2.60200091985128,-3.622440437783,-1.60416905088759,-2.27824946237361,0,0
2017-05-02,0.63446582062,0.110456220436923,-3.30108593531258,-2.08669419612397,0.753177404403687,-2.75441741987416,-3.83220714305546,-1.7004979064812,-2.41247494604859,0,0
2017-05-03,-0.30506406338,0.111005396414501,-3.30148364946424,-2.08692345977369,0.767741024494171,-2.78178205398674,-3.86998700797283,-1.71757430755009,-2.43659069179166,0,0
2017-05-04,-0.36039711686,0.111098827125768,-3.30155131213993,-2.08696246414885,0.743200480937958,-2.73513805744759,-3.8058172573027,-1.68805223266209,-2.39551535541105,0,0
2017-05-05,1.658363475,0.111840712977157,-3.30208858710107,-2.08727217809284,0.734250426292419,-2.71766662022879,-3.78193876560002,-1.67670970852904,-2.38014954174947,0,0
2017-05-08,2.7188506983,0.111754448424251,-3.30202611416912,-2.08723616536277,0.793729424476624,-2.83006993813931,-3.93660203629486,-1.74779542776644,-2.47914192453026,0,0
2017-05-09,0.64048101431,0.113291978066866,-3.30313959568039,-2.08787803549511,0.960453450679779,-3.12387490355723,-4.3412267601646,-1.93288543393651,-2.73797497076493,0,0
2017-05-10,-0.47405675696,0.113055043644756,-3.30296800737985,-2.08777912284676,0.951388597488403,-3.10863190806131,-4.32020382873749,-1.92334698722306,-2.72453757420982,0,0
2017-05-11,0.86483653286,0.113121661059199,-3.30301625182162,-2.08780693351619,0.906994998455048,-3.0325483108068,-4.21552135582222,-1.87522810082692,-2.65752774800225,0,0
2017-05-12,1.396557324,0.111503828812895,-3.30184461503189,-2.08713153957953,0.888815224170685,-3.00137613356886,-4.17229104780556,-1.85618111881732,-2.63000237537021,0,0
2017-05-15,-0.25624599621,0.110296698064873,-3.30097040894679,-2.08662760056495,0.922616243362427,-3.06038159504763,-4.25324506070628,-1.89396993243535,-2.68191285024665,0,0
2017-05-16,-0.14771997439,0.110330086706765,-3.30099458905649,-2.08664153926987,0.884806215763092,-2.99472203645323,-4.16289018815293,-1.85245130144318,-2.62409218013377,0,0
2017-05-17,-3.3575609442,0.110871347602774,-3.30138657109298,-2.08686749862267,0.828362941741943,-2.89386735705793,-4.02420783376171,-1.7884795492339,-2.53529604832352,1,1
2017-05-18,1.5241264558,0.108890962296358,-3.34173917045656,-2.09699469525784,1.05686390399933,-3.32654677520403,-4.58051151840114,-2.04690108009775,-2.89259848269915,0,0
2017-05-19,0.34089419169,0.109493828947674,-3.34234696889522,-2.09764365313253,1.16805100440979,-3.50279472997914,-4.82094459069137,-2.1575640915592,-3.04646109625483,0,0
2017-05-22,0.60760486085,0.109119330039881,-3.34196940637631,-2.09724052249868,1.08644866943359,-3.37431057628683,-4.64565881218944,-2.07689420524067,-2.93428319545202,0,0
2017-05-23,-0.12338463529,0.108262837315689,-3.34110590706124,-2.09631854796789,1.01625072956085,-3.2598813686774,-4.48964002652802,-2.00502041908498,-2.83447835113982,0,0
2017-05-24,-0.29908972683,0.108104634660144,-3.34094641021924,-2.09614825017668,0.929712355136871,-3.1132891075034,-4.28955295897009,-1.91303489487906,-2.70643181295417,0,0
2017-05-25,0.34563714617,0.107747270328263,-3.34058612244669,-2.09576356411584,0.883317112922669,-3.0319009803601,-4.17850539360865,-1.86195510127635,-2.63539193492852,0,0
2017-05-26,-0.1689738092,0.108116228811693,-3.34095809921746,-2.09616073074089,0.845207333564758,-2.96339888916763,-4.08492986222979,-1.81899245767356,-2.57547028562489,0,0
2017-05-30,0.039059957089,0.107498751388772,-3.34033557048288,-2.09549604505099,0.799889206886292,-2.87998131828864,-3.97113890578274,-1.76664010040709,-2.50270555842892,0,0
2017-05-31,-0.59217804383,0.106433573232472,-3.33926167857182,-2.094349430371,0.756978631019592,-2.79887498524658,-3.86054215767329,-1.71574507288819,-2.43204230174325,0,0
2017-06-01,0.27494108399,0.106208635607352,-3.33903490083077,-2.09410729549289,0.74484646320343,-2.77552833642521,-3.82869132545011,-1.70109994188716,-2.4116856988132,0,0
2017-06-02,1.4819166992,0.108793719863804,-3.29988194964666,-2.08600015456971,0.727389931678772,-2.70558181177814,-3.73599390679165,-1.67029652748608,-2.36364966761962,0,0
2017-06-05,-0.97780636861,0.108682684386565,-3.29980153757032,-2.08595380076,0.770614147186279,-2.78803592512687,-3.84861121173081,-1.72246416624975,-2.43608231582165,0,0
2017-06-06,0.33781589045,0.10571848577966,-3.29765486003448,-2.08471634133199,0.795095264911652,-2.83473817667201,-3.9117439504704,-1.75318376911776,-2.47700380722925,0,0
2017-06-07,0.59566202672,0.106449082482707,-3.29818395937571,-2.0850213424126,0.770707726478577,-2.78902533149156,-3.84945420631825,-1.723990342336,-2.43687676726558,0,0
2017-06-08,-0.24457746031,0.107368360120487,-3.29884970176208,-2.0854051118325,0.753672599792481,-2.75650554605101,-3.80523528276237,-1.70306188784857,-2.40834118609872,0,0
2017-06-09,-3.8776695272,0.110028863434971,-3.30077644266464,-2.07930588981488,0.728489816188812,-2.70723713381565,-3.73854131021901,-1.66469229172737,-2.35747195039486,1,1
2017-06-12,-2.3895824943,0.107471685904462,-3.34030828358773,-2.08544824708843,0.994080245494843,-3.22293501969931,-4.44024336952273,-1.97179472804254,-2.79365924877465,0,1
2017-06-13,0.80456608448,0.106061965889127,-3.33888703127198,-2.09394941237162,1.31620895862579,-3.72451459138931,-5.12552587046425,-2.29624558630799,-3.23466549136552,0,0
2017-06-14,-0.97550992577,0.107758558220798,-3.34059750268052,-2.09577571500648,1.40242946147919,-3.84831779885057,-5.29413108625337,-2.37414737304111,-3.34229580286162,0,0
2017-06-15,-0.5993386606,0.106324225844579,-3.33915143666097,-2.09423172300024,1.31023371219635,-3.71585018283721,-5.11362424662485,-2.29084734583631,-3.22705698946278,0,0
2017-06-16,-1.3999584171,0.106147974488465,-3.33897374346991,-2.0940419966234,1.19360089302063,-3.54174906015167,-4.87589496747338,-2.18163569102667,-3.07525497145804,0,0
2017-06-19,2.8607577142,0.105887886826181,-3.33871152814467,-2.09376202436721,1.27281630039215,-3.66081843488596,-5.03857695201587,-2.25627685453061,-3.17914911187246,0,0
2017-06-20,-0.90884242181,0.109336999231105,-3.34218885622361,-2.08622695657061,1.61114954948425,-4.13293894093491,-5.68225340990808,-2.53873311419313,-3.58650560595071,0,0
2017-06-21,0.59306254734,0.109414048516653,-3.34226653581553,-2.0862591222172,1.48485958576202,-3.96329864439104,-5.4506359078897,-2.43279313834232,-3.43870100115596,0,0
2017-06-22,-0.1645300611,0.108752653257227,-3.34159972997191,-2.0859830105567,1.35834634304047,-3.78581888879478,-5.20852091416811,-2.32242125343517,-3.28420977584156,0,0
2017-06-23,0.44633660673,0.109873636790156,-3.34272988377888,-2.08645098582605,1.2248010635376,-3.58954995117254,-4.94028574087368,-2.19921691508151,-3.11300683136297,0,0
2017-06-26,-0.31446540888,0.111397517404212,-3.34426623059108,-2.08708715791945,1.13463878631592,-3.45089563574148,-4.7506755535443,-2.11175571862291,-2.99192747571999,0,0
2017-06-27,-1.4332738993,0.112229848077545,-3.34510537019616,-2.08743462972399,1.05119431018829,-3.31743200742218,-4.56835256185845,-2.02797027512328,-2.87550508419095,0,0
2017-06-28,1.4610728449,0.109924159608377,-3.34278081990209,-2.08647207750917,1.09595561027527,-3.38956283386962,-4.66726875961708,-2.07435961216228,-2.93877172912679,0,0
2017-06-29,-1.4743194131,0.110460878644277,-3.34332192960074,-2.08669614077862,1.16169142723084,-3.49303134513272,-4.80839485965827,-2.13861757536485,-3.02881074815749,0,0
2017-06-30,0.2366369712,0.108099429197707,-3.3409411621732,-2.08571031011443,1.21511197090149,-3.57469075533701,-4.9204217158888,-2.19102320871066,-3.10039818996088,0,0
2017-07-03,-0.36106096377,0.106632219020911,-3.33946194939423,-2.0850977961412,1.13882756233215,-3.45710345229621,-4.76018639998533,-2.11849790879535,-2.99822990663136,0,0
2017-07-05,0.41114982596,0.106925055773627,-3.33975718171583,-2.08522004624944,1.05273509025574,-3.31976198437081,-4.57256869185793,-2.03257075770983,-2.87851849242428,0,0
2017-07-06,-0.94385453558,0.10578860165533,-3.33861143076543,-2.08474561249864,0.970764815807343,-3.18365837064951,-4.38690192699566,-1.94825700540929,-2.76014868057277,0,0
2017-07-07,1.0159041547,0.106317413309777,-3.33914456839581,-2.08496637468573,0.964631378650665,-3.1732451088503,-4.37258897160033,-1.94144585130032,-2.75097932841088,0,0
2017-07-10,0.61034817609,0.108384307687541,-3.34122837112887,-2.08582923789892,0.968339264392853,-3.17952577097225,-4.38081009361718,-1.94415991015473,-2.75607283872204,0,0
2017-07-11,0.32400386044,0.10632042514807,-3.33914760487263,-2.08496763203322,0.914312720298767,-3.08656252772644,-4.25420588965064,-1.88731938876724,-2.67545716701311,0,0
2017-07-12,0.14430014435,0.105798055134486,-3.33862096157935,-2.08474955902802,0.849587678909302,-2.97151173503634,-4.09715307538395,-1.81577983642,-2.57531379964327,0,0
2017-07-13,1.3928914506,0.105195796416427,-3.33801377604718,-2.08449813500838,0.792952835559845,-2.86723534684712,-3.95480671848002,-1.75100600210069,-2.48456997128145,0,0
2017-07-14,0.85944373004,0.104102663292335,-3.33691170048101,-2.08404178640632,0.817996144294739,-2.91390503364755,-4.01869307706842,-1.78077015225504,-2.52542684507042,0,0
2017-07-17,0.34889962426,0.106520996254176,-3.33934981676288,-2.07762622666517,0.823636889457703,-2.92408732431314,-4.03228700190404,-1.77901710998234,-2.5308686746845,0,0
2017-07-18,0.34768654732,0.107178184933175,-3.34001238161388,-2.07794090665435,0.791654467582703,-2.86459671498428,-3.95096308461114,-1.74166904207121,-2.47897906850337,0,0
2017-07-19,0.6263326226,0.108286945539599,-3.34113021250395,-2.07847181168481,0.76293957233429,-2.81007042184655,-3.87637992606137,-1.70718361045198,-2.43133028831967,0,0
2017-07-20,-0.45027148708,0.107026806761351,-3.3398597650837,-2.07786842262808,0.747826337814331,-2.78118214830361,-3.83707159828004,-1.68985048983099,-2.4064153148629,0,0
2017-07-21,-0.046561128238,0.107205228264055,-3.34003964617437,-2.07795385574392,0.729689419269562,-2.74591876748203,-3.78889830976608,-1.66782160851816,-2.37569598089155,0,0
2017-07-24,1.2111532575,0.106781368197938,-3.33961231869518,-2.07775089990295,0.703149020671845,-2.69361652636146,-3.71751598578515,-1.63549548619469,-2.33025530365963,0,0
2017-07-25,0.42737852582,0.10716692057165,-3.34000102510356,-2.07793551296868,0.733687937259674,-2.75373052200885,-3.79956964153127,-1.67270091486261,-2.38250087692197,0,0
2017-07-26,0.47138928876,0.106865834670892,-3.33969747615126,-2.07779134477008,0.732820868492127,-2.75208075800003,-3.7973476319503,-1.67182655523302,-2.38111861270146,0,0
2017-07-27,-1.8897432554,0.107172353220444,-3.34000650219447,-2.07793811427013,0.724420726299286,-2.73560433855508,-3.77481664859294,-1.66142122116871,-2.36672578193853,0,1
2017-07-28,-0.7040382573,0.105677923825528,-3.3384998475289,-2.08469940799546,0.799089074134827,-2.87866659169774,-3.97036113507608,-1.75787203241331,-2.49337429234517,0,0
2017-07-31,-0.51505016718,0.105436792298971,-3.33825674341121,-2.08459874318837,0.852939307689667,-2.9776006537732,-4.10551958305616,-1.81978840135027,-2.57957762074343,0,0
2017-08-01,0.88751428757,0.105360784711198,-3.33818011403874,-2.08456701241774,0.831795394420624,-2.93915353695809,-4.05301682901648,-1.79582306606274,-2.54610728974028,0,0
2017-08-02,4.7250916359,0.104614504322042,-3.33742772865742,-2.08425546389284,0.836615920066834,-2.94802086734487,-4.06522871183867,-1.80178541500409,-2.55395981443716,0,0
2017-08-03,-0.99910907447,0.105365117933503,-3.33818448270923,-2.08456882140138,1.31379735469818,-3.72089530430187,-5.12076480998105,-2.28398850229561,-3.22692553253283,0,0
2017-08-04,0.52709391257,0.103628367321368,-3.33643352450298,-2.08384378279767,1.37894785404205,-3.81429915741449,-5.24882144900872,-2.34340042971989,-3.30859562313225,0,0
2017-08-07,1.5474135176,0.10394909083862,-3.33675687171849,-2.08397767475055,1.23890018463135,-3.61005794693118,-4.9697207724323,-2.21564087275153,-3.1306577034425,0,0
2017-08-08,0.79969775197,0.104116561472518,-3.3369257123561,-2.0840475884582,1.25966250896454,-3.64107158559559,-5.01204665897331,-2.23490773784535,-3.157637254639,0,0
2017-08-09,0.61219390318,0.104708314668075,-3.3375223064247,-2.08429462675354,1.189244389534,-3.53494260773513,-4.86693126644719,-2.168266714209,-3.06509937883638,0,0
2017-08-10,-3.1851898025,0.104200959207857,-3.33701080051225,-2.08408282185081,1.14238715171814,-3.46248003284367,-4.76806086598262,-2.12331912715667,-3.0020832203206,0,1
2017-08-11,1.3906773112,0.102370668373192,-3.33516553687198,-2.08997590249918,1.45464968681335,-3.92013443125056,-5.39377728610539,-2.41832542090653,-3.4106138577951,0,0
2017-08-14,1.50495301,0.103066836482704,-3.3358674000271,-2.09072529504857,1.52811920642853,-4.0206363309417,-5.53088187197925,-2.48142753560657,-3.49825143202036,0,0
2017-08-15,1.0947763529,0.104103497276368,-3.3369125412875,-2.09184121211573,1.54155397415161,-4.03898482594078,-5.55562533579202,-2.49311257977346,-3.51407572536846,0,0
2017-08-16,-0.40222772286,0.103199634056796,-3.33600128395983,-2.09086824545271,1.48416519165039,-3.96092792040302,-5.44926621179909,-2.44402817725952,-3.44608136382617,0,0
2017-08-17,-1.9198508853,0.101422583647853,-3.33420969628183,-2.08895533344459,1.3392219543457,-3.75708350840172,-5.17124611554188,-2.31601591432781,-3.26839469397319,0,0
2017-08-18,-0.22805017115,0.100659842312776,-3.33344071529482,-2.08813427791819,1.43025410175323,-3.88590962881574,-5.34750770771306,-2.39660741843987,-3.38104987120071,0,0
2017-08-21,-0.1841269841,0.100825050459431,-3.33360727493678,-2.08831211679434,1.32925796508789,-3.74260579175644,-5.15162053861896,-2.30686203920012,-3.25586298464877,0,0
2017-08-22,1.6347560588,0.101854045565565,-3.33464468780003,-2.08941978210586,1.19528317451477,-3.54387987454942,-4.87980202893347,-2.18248785174407,-3.08211402954108,0,0
2017-08-23,0.12517211162,0.101264095266372,-3.33404991137649,-2.08878472808272,1.23638164997101,-3.60595601550638,-4.96476803558444,-2.22131203792243,-3.13643731005952,0,0
2017-08-24,-0.44380547579,0.101380647213975,-3.3341674167844,-2.0889101908265,1.12169671058655,-3.42984220364238,-4.72407812054613,-2.11098798253748,-2.98260694215812,0,0
2017-08-25,0.37044013334,0.100573190321606,-3.33335335444176,-2.08804100108508,1.03546833992004,-3.29137934258092,-4.53502100005655,-2.02417483646566,-2.86182666078429,0,0
2017-08-28,1.0071312396,0.0999683137762628,-3.33274352966701,-2.08738987965307,0.971711099147797,-3.18529720620322,-4.39014926432121,-1.95768476913694,-2.76928700096812,0,0
2017-08-29,0.89180652758,0.100199539699842,-3.33297664714834,-2.08763878359163,0.959073483943939,-3.16386105676977,-4.36081226118524,-1.9442730787967,-2.75052394608659,0,0
2017-08-30,0.2700877787,0.101275820033168,-3.33406173205846,-2.08879734924816,0.94044029712677,-3.13197392345962,-4.31705476508755,-1.92436258633651,-2.72248286716578,0,0
2017-08-31,0.39791857962,0.100451829944265,-3.33323100126847,-2.08791036229061,0.878869235515595,-3.02438643154442,-4.17015436410556,-1.85692291670892,-2.62866683246212,0,0
2017-09-01,0.030487804906,0.0978813341131595,-3.33063947733972,-2.08514334323624,0.828765213489533,-2.93421770100339,-4.04726339989193,-1.80036107912941,-2.55036697299683,0,0
2017-09-05,-1.2008533984,0.0979434961146268,-3.33070214786122,-2.08521025773594,0.767661869525909,-2.82029499727541,-3.89151405270827,-1.72904089660397,-2.45085562144481,0,0
2017-09-06,-0.10488647594,0.0981425810966284,-3.33090286147004,-2.08542456344769,0.774389147758484,-2.83303139842373,-3.90890272804992,-1.73701817586784,-2.46194509204536,0,0
2017-09-07,-0.40145759976,0.0976763463785332,-3.33043281269045,-2.08492268348618,0.755304098129273,-2.79674396585301,-3.85934719680226,-1.71429311942783,-2.43033227192896,0,0
2017-09-08,-1.6309066104,0.0974291265152604,-3.33018357043003,-2.08465656281637,0.730302691459656,-2.74847080017186,-3.79337700223612,-1.68407145260172,-2.38821268456522,0,0
2017-09-11,1.8092416314,0.0963545353035978,-3.32910018845954,-2.08349981542066,0.785304248332977,-2.85380728859222,-3.93751665411209,-1.74998870088246,-2.48040159847242,0,0
2017-09-12,-0.39628482964,0.0964480387436704,-3.32919445681019,-2.08360046751945,0.859086990356445,-2.9892806197538,-4.1227414280783,-1.83477759523258,-2.59871144209647,0,0
2017-09-13,-0.75220688805,0.0968213702767051,-3.32957084240456,-2.08400234152873,0.833472907543182,-2.94290158656941,-4.05927647328516,-1.80576309466024,-2.55813729725929,0,0
2017-09-14,-0.85812715306,0.0964252388676737,-3.32917147041842,-2.08357592451472,0.859575510025024,-2.99015933303199,-4.1239461328301,-1.83532665800306,-2.59948294759054,0,0
2017-09-15,1.0108668181,0.0964419584205671,-3.32918832674664,-2.08359392233479,0.869967520236969,-3.0087602228737,-4.14937722537801,-1.84696879446047,-2.6157265302907,0,0
2017-09-18,-0.75681761309,0.0956339091059989,-3.32837366713546,-2.08272409487845,0.872173607349396,-3.01274209459041,-4.15493883487254,-1.8494270264386,-2.61934693557028,0,0
2017-09-19,0.037814331699,0.0964836832759384,-3.32923039293473,-2.08363883719847,0.859316527843475,-2.98969049462438,-4.12329682928736,-1.83503550178222,-2.59906316386808,0,0
2017-09-20,-1.6758016757,0.0988456503175441,-3.33161168219152,-2.08184714929473,0.830773651599884,-2.93781130499024,-4.05204827463096,-1.79869110631762,-2.54543825023617,0,0
2017-09-21,-1.7171781894,0.100491405246035,-3.3332709003184,-2.0747390928878,0.889118611812592,-3.0425526003694,-4.19497549373007,-1.85584411746653,-2.63241231001309,0,0
2017-09-22,-0.97789947195,0.102631615995712,-3.33542861919242,-2.06767818753329,0.989534974098206,-3.21529842858579,-4.43067842070072,-1.95419896387848,-2.78217553762654,0,0
2017-09-25,-0.88221739406,0.0979852077729719,-3.33074420074433,-2.0637844939511,1.00502681732178,-3.24112002012521,-4.46680676710544,-1.97097991763874,-2.80543796752362,0,0
2017-09-26,1.7203586847,0.098543327823674,-3.33130688653008,-2.06425219897298,1.00068259239197,-3.23390032712016,-4.45683572095111,-1.96641327238814,-2.79906285634337,0,0
2017-09-27,0.71176701058,0.0996773060643117,-3.33245014134876,-2.06520247359076,1.08424997329712,-3.37031387048994,-4.64307901729265,-2.05076277771667,-2.91747632199681,0,0
2017-09-28,-0.61596317182,0.0994511977963052,-3.3322221833883,-2.06501299469226,1.0672287940979,-3.34295978218339,-4.60573672697794,-2.0338469484579,-2.89373177037916,0,0
2017-09-29,0.54801670158,0.0997944064763617,-3.33256819970786,-2.06530060382406,1.01595795154572,-3.25925902983686,-4.49126842051126,-1.98191995750969,-2.82089377435401,0,0
2017-10-02,-0.20114196732,0.0988094591920518,-3.33157519500232,-2.06447521725967,0.970726549625397,-3.18364019641362,-4.38808513653259,-1.9352241643221,-2.75531468939339,0,0
2017-10-03,0.43560236645,0.0988214980420962,-3.33158733233691,-2.06448530582505,0.91731184720993,-3.09205285522475,-4.26288931217674,-1.87846817139384,-2.67567646362927,0,0
2017-10-04,-0.64733298814,0.0982594621934077,-3.33102069871975,-2.06401431936151,0.878274381160736,-3.02344969799672,-4.1691958712317,-1.83605827110402,-2.6161218680013,0,0
2017-10-05,1.2444618191,0.0977625311947919,-3.33051970254684,-2.06359789081125,0.857973396778107,-2.98719307060132,-4.11970208700894,-1.81368326155781,-2.58468121878138,0,0
2017-10-06,-0.057918784842,0.0977342586099251,-3.33049119867637,-2.06357419836389,0.88355678319931,-3.03285090701059,-4.18212542967679,-1.84197805053015,-2.62438667586347,0,0
2017-10-09,0.34771410174,0.0964619795896095,-3.32920851170007,-2.06250802758881,0.835432589054108,-2.94650123645907,-4.06424630159105,-1.78871164011646,-2.54952077719595,0,0
2017-10-10,0.038501026756,0.0956909397175917,-3.32843116428944,-2.06186189559666,0.794765055179596,-2.87159201222084,-3.96191512860222,-1.74245062009488,-2.48451500276357,0,0
2017-10-11,0.41693393214,0.0961597576026426,-3.32890381736774,-2.06225476533663,0.750007212162018,-2.78676937632751,-3.84587407984309,-1.68981384534645,-2.41067826864666,0,0
2017-10-12,-0.35132545518,0.0970721300230784,-3.32982365350631,-2.06301933411055,0.727900087833405,-2.74383554385652,-3.78707579029612,-1.66303533136311,-2.373191992351,0,0
2017-10-13,0.63461538466,0.0967160093087402,-3.32946461952479,-2.06272090468433,0.710452735424042,-2.709635060511,-3.74035001392746,-1.64191757870237,-2.34351322715497,0,0
2017-10-16,1.8408815846,0.0956950908338653,-3.32843534936417,-2.06186537423522,0.705910921096802,-2.70080653524518,-3.72837442804129,-1.63665337521231,-2.33600750514933,0,0
2017-10-17,0.36902677002,0.0954692838595716,-3.32820769516218,-2.06167614782108,0.771018743515015,-2.82695244539078,-3.90089815924939,-1.71484056604176,-2.44573609173825,0,0
2017-10-18,-0.44245030213,0.0946946503815732,-3.32742672474785,-2.06102700438442,0.762645959854126,-2.81113390577289,-3.8793530366682,-1.70519205480187,-2.4321118980603,0,0
2017-10-19,-2.3660490736,0.0945347915524291,-3.32726555818382,-2.06089304256547,0.737813174724579,-2.76345496210732,-3.81416330230394,-1.67569096772115,-2.3906788719189,0,1
2017-10-20,0.17309911509,0.0947580623638496,-3.32749065547571,-2.07190372229441,0.838147222995758,-2.95157230477767,-4.07140980975678,-1.80207768580947,-2.56008595491946,0,0
2017-10-23,-0.051200000053,0.0943314303084783,-3.32706053333083,-2.07164606259484,0.820063352584839,-2.91856640078181,-4.02632605145591,-1.78169633241154,-2.53139225740478,0,0
2017-10-24,0.59550489877,0.0941056732766773,-3.32683292947989,-2.07150971913855,0.765784740447998,-2.81717679834166,-3.88768370531447,-1.7186544090452,-2.44306885655845,0,0
2017-10-25,-0.439210694,0.0946489216826176,-3.32738062196249,-2.07183780799007,0.756304979324341,-2.79903414498508,-3.86281026538998,-1.70714133407922,-2.42716849462456,0,0
2017-10-26,0.63934531045,0.095741319967323,-3.32848195667787,-2.07249754982219,0.743311047554016,-2.77392566213904,-3.82835612547031,-1.69107256895551,-2.40510787453909,0,0
2017-10-27,3.5829998094,0.0963100892919557,-3.32905537885459,-2.07284105174959,0.750759303569794,-2.78819547522514,-3.84780786246897,-1.69973139025482,-2.41745048763959,0,0
2017-10-30,2.2508432996,0.0977251371995962,-3.33048200264779,-2.07369565424411,1.00067090988159,-3.23387390476445,-4.45694798122593,-1.97666603186006,-2.80560633990106,0,0
2017-10-31,1.3915547024,0.0977321328483048,-3.33048905552483,-2.07369987918859,1.17880666255951,-3.51827519362727,-4.84575514889655,-2.15374320036693,-3.05344744444625,0,0
2017-11-01,-1.2718883106,0.0968494395684016,-3.32959914131881,-2.07316678636902,1.19994068145752,-3.55045352443304,-4.88995262761143,-2.17413485729746,-3.08164222630649,0,0
2017-11-02,0.73102043261,0.095318496562187,-3.32805567434013,-2.0722421903147,1.19219589233398,-3.538509725001,-4.87397687900925,-2.16731557267481,-3.07149858728372,0,0
2017-11-03,2.6113854025,0.0955830517342685,-3.3283223937219,-2.07240196547763,1.13844692707062,-3.45567132213889,-4.76063690651388,-2.11562898656105,-2.99926086691517,0,0
2017-11-06,1.0144927535,0.0967139589848738,-3.32946255242812,-2.07308496437274,1.34689855575562,-3.76732572690906,-5.18650923181405,-2.30922467177833,-3.27066227624942,0,0
2017-11-07,0.3213773316,0.096867290629099,-3.3296171384112,-2.07317756731921,1.36109244823456,-3.78765940589731,-5.21426926520563,-2.32182328913346,-3.28835536708711,0,0
2017-11-08,0.81803100493,0.0973503905945389,-3.33010419040532,-2.07346933018698,1.22260439395905,-3.58479385597375,-4.93678490091897,-2.19531456162563,-3.11148159633089,0,0
2017-11-09,-0.2042669088,0.0983405979195308,-3.33110249818162,-2.07406735492202,1.16037571430206,-3.4899475576568,-4.8068921045272,-2.13586003913587,-3.02865631056076,0,0
2017-11-10,-0.33095577755,0.0982395250156325,-3.33100059844467,-2.07400631306235,1.06351268291473,-3.33691317720995,-4.59771232482398,-2.04061580694548,-2.89531245834518,0,0
2017-11-13,-0.40075571069,0.101186479691762,-3.29437277372672,-2.06646716222463,1.0037248134613,-3.19931605331503,-4.40356137293538,-1.96912570771206,-2.78748942812323,0,0
2017-11-14,-1.5117549002,0.101564914464971,-3.29464683681565,-2.06678429084895,0.940587759017944,-3.09371220326455,-4.25951478868522,-1.90288317327464,-2.69508982719658,0,0
2017-11-15,-1.3190148244,0.102406483432202,-3.29525630245423,-2.06748952627589,0.972569942474365,-3.14734103698812,-4.33290549043391,-1.93653020155526,-2.74209183219777,0,0
2017-11-16,1.1947007333,0.0999536428704993,-3.29347995126084,-2.065434044042,1.00549185276032,-3.20255757924619,-4.40770227988282,-1.9711441655067,-2.79022923590897,0,0
2017-11-17,-0.55523085921,0.100746189885237,-3.2940539151203,-2.06609819903591,1.02901840209961,-3.24076003003052,-4.4600263986633,-1.99511506828822,-2.82372637744148,0,0
2017-11-20,-0.099911842517,0.101730376630068,-3.2947666647894,-2.06692294826764,0.971365988254547,-3.14552249655327,-4.3302665706158,-1.93538549993222,-2.74044907557695,0,0
2017-11-21,1.8590422402,0.100266913228608,-3.29370682217253,-2.0656965648375,0.886795699596405,-3.00141122179981,-4.13322864222927,-1.8449960426691,-2.61421741941264,0,0
2017-11-22,1.0511724617,0.103215694073402,-3.29584233413955,-2.0681676454013,0.940058171749115,-3.09232087825715,-4.2580026062386,-1.90200927683407,-2.69399118241766,0,0
2017-11-24,0.005715592124,0.105883969485145,-3.29777470360781,-2.07040366220141,0.954262137413025,-3.11559149925213,-4.29038447549408,-1.91661762859821,-2.71455763216012,0,0
2017-11-27,-0.5029433617,0.105570290637516,-3.29754753686732,-2.07014079909138,0.866310775279999,-2.96364902780832,-4.08295720214954,-1.8212301759026,-2.58150993226103,0,0
2017-11-28,-0.58590384297,0.105249439783517,-3.29731517614796,-2.06987192583463,0.815500140190125,-2.87239255936952,-3.95834254391275,-1.7639493628718,-2.50159668386475,0,0
2017-11-29,-2.0743051945,0.106443533719727,-3.29817994095238,-2.07087257745047,0.790284872055054,-2.82557141588755,-3.89473833147033,-1.73452010820432,-2.46067273249376,0,1
2017-11-30,1.398395091,0.109902279963271,-3.26087022782973,-2.07377100940163,0.87513655424118,-2.94060051976551,-4.09814385442635,-1.83008423534996,-2.58683655020712,0,0
2017-12-01,-0.46552225767,0.111474089342286,-3.2620670856516,-2.07508818684238,0.956892549991608,-3.07950879608833,-4.29007226436192,-1.91839553507428,-2.70971531139874,0,0
2017-12-04,-0.73078047362,0.112949834548714,-3.26319079519105,-2.07632486243431,0.930087268352509,-3.03410504958873,-4.22773852494965,-1.88947929371724,-2.66964452073831,0,0
2017-12-05,-0.094228504167,0.112180014926027,-3.26260461429078,-2.07567975301202,0.931156396865845,-3.03611746427677,-4.23036051896145,-1.89077716395375,-2.67138662126177,0,0
2017-12-06,-0.37137467571,0.111945643448603,-3.26242615159695,-2.07548334953782,0.884613454341888,-2.95649311588077,-4.12048441952075,-1.84012721832245,-2.60097640242987,0,0
2017-12-07,0.18342109943,0.110824906993917,-3.26157276427788,-2.07454417154662,0.862530410289764,-2.91827975836457,-4.06754374168432,-1.81585644666137,-2.56714322577814,0,0
2017-12-08,0.029529884159,0.111378919061444,-3.26199461802508,-2.07500843407551,0.83653861284256,-2.87212241309652,-4.00398979452799,-1.78647535485253,-2.5263585290807,0,0
2017-12-11,1.9483970005,0.112024449062355,-3.26248615831054,-2.07554938870136,0.809808015823364,-2.82386510295212,-3.93756156518146,-1.75574861396081,-2.48371793085608,0,0
2017-12-12,-0.56176521684,0.113512688647343,-3.26361938172292,-2.07679653459192,0.898680090904236,-2.98035732978964,-4.15371921150588,-1.85526423698045,-2.6221469400691,0,0
2017-12-13,0.33197437388,0.115582012025011,-3.26519507270912,-2.07659710383309,0.891817569732666,-2.967940649732,-4.13701453485698,-1.84547516416863,-2.60784764581832,0,0
2017-12-14,-0.029024206196,0.115967373281504,-3.26548850691319,-2.07700706256341,0.84828108549118,-2.89161860410688,-4.03183614372087,-1.79700133050589,-2.54045544419727,0,0
2017-12-15,1.0161421438,0.114544362849181,-3.26440495238727,-2.07549322187437,0.801921308040619,-2.80873220047364,-3.91722391647509,-1.74406104344507,-2.46719043662591,0,0
2017-12-18,1.4082887854,0.113677652328923,-3.26374499369296,-2.07457118952564,0.814434230327606,-2.83172197786325,-3.94874819550856,-1.75854006879951,-2.48745884434383,0,0
2017-12-19,-1.0656388165,0.115676869178479,-3.26526730190409,-2.07669801568539,0.866296529769898,-2.92347236876168,-4.07570627486867,-1.81721088801117,-2.56857669903329,0,0
2017-12-20,-0.10885756837,0.113779487734734,-3.26382253649403,-2.07467952504968,0.882452726364136,-2.95222129560703,-4.11496701663535,-1.83515277738111,-2.59387881382542,0,0
2017-12-21,0.37854889579,0.114340573139911,-3.26424977625025,-2.07527642433945,0.833802878856659,-2.86633753690434,-3.99663025652696,-1.78065259047309,-2.51805674655322,0,0
2017-12-26,-2.5369978858,0.115389343642329,-3.2650483649315,-2.07639213749513,0.798331260681152,-2.80191129164332,-3.90799647839749,-1.73985426220354,-2.46119959393182,0,1
2017-12-27,0.01758808703,0.115158843617228,-3.26487285016383,-2.07817601369368,0.931804358959198,-3.03642337348769,-4.23137706610255,-1.89090475191983,-2.67524423420177,0,0
2017-12-28,0.28135990633,0.114624261780234,-3.2644657916098,-2.07772803371257,0.889604151248932,-2.96438164745273,-4.13191112236925,-1.8450644903648,-2.61143181454207,0,0
2017-12-29,-1.0813654432,0.115480897195258,-3.26511807859234,-2.07844589483408,0.830228984355927,-2.85959354507554,-3.987567965738,-1.77833461346136,-2.51869391857367,0,0
2018-01-02,1.790462684,0.115735136621812,-3.26531166978117,-2.07865894766458,0.837657511234283,-2.87279668146342,-4.0058300635364,-1.78672901757621,-2.53039570117125,0,0
2018-01-03,-0.017415534694,0.116363092475057,-3.26578982819196,-2.07918517514147,0.91023588180542,-2.99940559014473,-4.18056646365338,-1.8673101978725,-2.64253156340679,0,0
2018-01-04,0.46449515175,0.116554907940265,-3.26593588651364,-2.07934591664545,0.859889447689056,-2.91195476127242,-4.06000341575192,-1.81162722208955,-2.56510628748002,0,0
2018-01-05,1.1385308906,0.115451939873578,-3.26509602897397,-2.07842162857675,0.819960355758667,-2.84114679227001,-3.962121181224,-1.76659339581625,-2.50235962726458,0,0
2018-01-08,-0.37142857136,0.113630425046419,-3.26370903237143,-2.07689519778281,0.840885579586029,-2.87918467080758,-4.01420099695292,-1.79087859790244,-2.53595569422768,0,0
2018-01-09,-0.01147117864,0.114999559766411,-3.26475156311383,-2.078042533707,0.81534868478775,-2.83296206638484,-3.95073774965375,-1.76140344623615,-2.49509321577476,0,0
2018-01-10,-0.02294498936,0.116056907534272,-3.26555668297333,-2.07892859193101,0.767325758934021,-2.74447710078333,-3.82893061097827,-1.70502492181796,-2.41679029201562,0,0
2018-01-11,0.5680188191,0.115089574354789,-3.26482010492661,-2.0781179659997,0.726809620857239,-2.66827176043169,-3.72362183632991,-1.65657104086883,-2.34928132698339,0,0
2018-01-12,1.0326335007,0.115360928748279,-3.26502672834589,-2.07834536118536,0.719964623451233,-2.65503805666182,-3.70543043918946,-1.64813026413292,-2.33757342830684,0,0
2018-01-16,-0.50821616132,0.116931640174107,-3.26622275012881,-2.07966161854051,0.739692211151123,-2.69219502538584,-3.75701961981005,-1.67168884131428,-2.37052860604401,0,0
2018-01-17,1.6516260855,0.116286056347666,-3.26573116885778,-2.07912061880883,0.735759437084198,-2.6849412543114,-3.74687451356201,-1.66710919525802,-2.36408263365081,0,0
2018-01-18,0.089335566736,0.117797636499078,-3.26688216499749,-2.08038732411159,0.798201024532318,-2.80090338689809,-3.90711923226811,-1.74086401864258,-2.4668250279347,0,0
2018-01-19,-0.44627914767,0.115250980202079,-3.26494300777565,-2.07825322422102,0.779842495918274,-2.76797746166729,-3.86116701752373,-1.72002724401509,-2.43756655034162,0,0
2018-01-22,-0.81811050095,0.115489201391559,-3.26512440184147,-2.07845285375682,0.758316218852997,-2.72782533265265,-3.80584274838152,-1.69445568281544,-2.40202471089251,0,0
2018-01-23,0.022598870055,0.11454746503948,-3.26440731455712,-2.07766367798611,0.764180958271027,-2.73911398364575,-3.82120749497477,-1.70169302516016,-2.4119838999294,0,0
2018-01-24,-1.5928603706,0.114976096459559,-3.26473369692553,-2.07802287143823,0.736029088497162,-2.68590873117224,-3.74792119608177,-1.66780414609569,-2.36489298245457,0,0
2018-01-25,-1.7850992996,0.114295047382074,-3.26421511055854,-2.07745215179952,0.792140781879425,-2.79093118703393,-3.89261959989016,-1.73468496396259,-2.45785069531801,0,1
2018-01-26,0.23376775171,0.111635406021904,-3.26218992060371,-2.08209660686969,0.89591383934021,-2.97611625599689,-4.14748845262069,-1.8591257742946,-2.62206581248729,0,0
2018-01-29,-2.0698501546,0.112686817858187,-3.26299052053463,-2.08273159539071,0.865365028381348,-2.92271005403103,-4.07403876748948,-1.82477421055999,-2.57483856502525,0,1
2018-01-30,-0.58942605374,0.110731156680019,-3.26150137788842,-2.09897557881413,0.947879731655121,-3.06463772774202,-4.26941240138365,-1.9328128955513,-2.70231767718151,0,0
2018-01-31,0.27549859242,0.108597719537752,-3.25987686733053,-2.0966790330845,0.944001138210297,-3.05868954925205,-4.26078401421417,-1.92852977898187,-2.69692079770965,0,0
2018-02-01,0.20904258508,0.108289525653095,-3.25964219239703,-2.09634727672023,0.906974077224731,-2.99603679971159,-4.17429011292164,-1.88817071572193,-2.64140693482748,0,0
2018-02-02,-4.3390153774,0.107205996622982,-3.25881713675591,-2.09518090817919,0.868359327316284,-2.92954881432359,-4.08234338147976,-1.84520508866128,-2.58245739527441,1,1
2018-02-05,-2.4984423677,0.106793104741666,-3.29843310086488,-2.10438948170166,1.31385910511017,-3.67399273439429,-5.11386167639146,-2.30533583925846,-3.22589481167575,0,1
2018-02-06,4.1791807784,0.104990700865072,-3.2971277969951,-2.10900506255881,1.63167917728424,-4.10666796407048,-5.7108971524799,-2.58899327337273,-3.60868954218833,0,0
2018-02-07,-2.1407102986,0.106538944366359,-3.29824903750054,-2.11043910202941,3.05202388763428,-5.65551617768616,-7.84998035642023,-3.58040715926803,-4.97480648535194,0,0
2018-02-08,-2.7516610256,0.103979271009822,-3.29639531782036,-2.10806823942152,3.85411477088928,-6.36747088069711,-8.83268975088783,-4.03455910576275,-5.60186987580715,0,0
2018-02-09,1.2231426352,0.103419416153446,-3.29598987000701,-2.10754968148075,3.99789881706238,-6.48682872701123,-8.99743225156189,-4.11057271452512,-5.70693138801877,0,0
2018-02-12,4.0278754555,0.102785732905827,-3.29553095555055,-2.10696274099743,3.63439583778381,-6.17984462672209,-8.57339923629768,-3.91394731003531,-5.43608991471001,0,0
2018-02-13,1.0017823122,0.10401990660263,-3.29642474618391,-2.10810587758629,5.77518081665039,-7.81781812811836,-10.8355329747774,-4.96209705590795,-6.88065097203492,0,0
2018-02-14,1.8437385907,0.103683401686448,-3.29618104876681,-2.1077941944877,5.21497631072998,-7.42358198460656,-10.2910790888779,-4.70974342374005,-6.53292732352406,0,0
2018-02-15,3.3578299575,0.105216995869055,-3.29729168021142,-2.10921466522625,4.49438524246216,-6.88502988977664,-9.54757316129722,-4.36631075317456,-6.05862023388151,0,0
2018-02-16,-0.32371813395,0.106941701492986,-3.29854071487807,-2.11081215033619,4.75624418258667,-7.08678477014869,-9.82639540401098,-4.49648949886971,-6.23713205904289,0,0
2018-02-20,-0.33636838125,0.105982324281948,-3.2978459323144,-2.10992354025214,4.17407560348511,-6.63169980658636,-9.19786109555787,-4.20470848008761,-5.83548712379258,0,0
2018-02-21,-0.4538842014,0.107781435050572,-3.29914885130994,-2.10520378941844,3.34908866882324,-5.92983102780972,-8.22897655106345,-3.74485001890968,-5.20976082917022,0,0
2018-02-22,0.83591512248,0.107422740900645,-3.29888908441305,-2.10490825318767,2.81646919250488,-5.42888491939106,-7.53720155495454,-3.42510575222011,-4.76846954374932,0,0
2018-02-23,1.7391304347,0.107596230081597,-3.29901472556496,-2.10505119485156,2.51465487480164,-5.12387026619526,-7.11606646103866,-3.2305230918707,-4.49987950866671,0,0
2018-02-26,1.9772079771,0.106851170181759,-3.29847515195268,-2.10443732313232,2.49958395957947,-5.10806199553881,-7.0940912313534,-3.22027951817273,-4.48578573688845,0,0
2018-02-27,-0.32407666095,0.107441654317429,-3.29890278154078,-2.10492383637995,2.50193810462952,-5.11060307832265,-7.09771650584626,-3.22202497879777,-4.48815927001384,0,0
2018-02-28,-0.15135377525,0.10559991368803,-3.29756898992952,-2.10340638457935,2.12259030342102,-4.69866534698396,-6.52851649455005,-2.9588764485567,-4.12498786113941,0,0
2018-03-01,-1.751628116,0.103754628952982,-3.29623263167109,-2.10188601270987,1.74526417255402,-4.25084710486407,-5.9097132324109,-2.6730143367107,-3.7303258046322,0,0
2018-03-02,0.69142857137,0.10495800221525,-3.29710411657879,-2.0927610468882,1.7222136259079,-4.22193516166209,-5.87006238404042,-2.64143797050439,-3.70306947546026,0,0
2018-03-05,0.34617785604,0.10455940556891,-3.29681545222797,-2.09233197616104,1.67709529399872,-4.16490608148051,-5.79121886824652,-2.60506728998436,-3.65281144632427,0,0
2018-03-06,-0.084832032644,0.103200250978046,-3.29583115022434,-2.0908689095397,1.53828716278076,-3.9845434880096,-5.54183112373002,-2.49005647378866,-3.49386806544947,0,0
2018-03-07,-0.928284372,0.102977307607024,-3.29566969426615,-2.09062892138326,1.33694493770599,-3.70768477807176,-5.15944392707312,-2.31434029548871,-3.25021137422264,0,0
2018-03-08,1.0912415015,0.102005917908396,-3.29496621223909,-2.08958326561023,1.27062499523163,-3.6121459935292,-5.02726459516371,-2.25341419269731,-3.16601367164809,0,0
2018-03-09,1.71809653,0.101787918314086,-3.29480833657218,-2.08934859919918,1.27888762950897,-3.62424210013664,-5.04391499504406,-2.26101282891341,-3.17662783241488,0,0
2018-03-12,0.96677408601,0.102734846650736,-3.29549410364042,-2.0903679234552,1.33091235160828,-3.69911768074576,-5.14755312480382,-2.30882175853258,-3.24263927276109,0,0
2018-03-13,-0.96302003094,0.10172143388367,-3.29476018843766,-2.08927703180602,1.24948048591614,-3.58116687798981,-4.98441077719125,-2.23367583955273,-3.13871866006773,0,0
2018-03-14,-0.85014169026,0.10112206251436,-3.29432612270025,-2.08863183643964,1.21372222900391,-3.52820613626416,-4.91111944944391,-2.19990404677794,-3.09204460807089,0,0
2018-03-15,0.11768661734,0.0999337014609461,-3.29346550965904,-2.08735262110753,1.19443035125732,-3.49949466553459,-4.87116595179012,-2.18133392205053,-3.0666356301999,0,0
2018-03-16,-0.35264483622,0.0995595765930849,-3.29319456781069,-2.08694989311024,1.08296465873718,-3.32752271146959,-4.63356156484711,-2.07223709909108,-2.91530243159088,0,0
2018-03-19,-1.5279182115,0.100297183606515,-3.2937287440303,-2.08774389270989,1.00004255771637,-3.19350164646496,-4.44866127344937,-1.98749113343695,-2.79747832368758,0,0
2018-03-20,-0.034227039305,0.0991346833015514,-3.29288685938591,-2.08649251526916,1.04426908493042,-3.26584944070111,-4.54827357060765,-2.03304127309935,-2.86100127920123,0,0
2018-03-21,-2.2654645059,0.0994719557279941,-3.29313111263521,-2.08685557332947,1.00660490989685,-3.20451667531948,-4.46365555498603,-1.99426402170206,-2.80708280048682,0,1
2018-03-22,-1.4129736674,0.0975216241788819,-3.29171867930022,-2.09675049896455,1.12660253047943,-3.39635908706176,-4.72810589428963,-2.1280015259871,-2.97783710476217,0,0
2018-03-23,-2.3156647913,0.0965653665838415,-3.29102615596761,-2.09596261668283,1.19065535068512,-3.49450874384068,-4.86342369861965,-2.19048940979315,-3.06410921008996,0,1
2018-03-26,4.7471807931,0.096416905602526,-3.29091864027929,-2.1010637013911,1.41344106197357,-3.81609793175208,-5.30756640388148,-2.40150048600525,-3.34820278810447,0,0
2018-03-27,-2.564102564,0.0975808255262951,-3.29176155301397,-2.10214176637888,2.42640829086304,-5.02997395766582,-6.98441024120316,-3.17691123459109,-4.41717989520687,0,0
2018-03-28,-1.1049067364,0.0969948495002257,-3.2913371882063,-2.1015990140602,2.6221604347229,-5.23269585905984,-7.26428933675839,-3.30614256786655,-4.5955316142,0,0
2018-03-29,0.7808745795,0.0974136445520013,-3.29164048027576,-2.10198691727686,2.51265954971314,-5.12028772159899,-7.10911541020846,-3.23452375129269,-4.49666077674907,0,0
2018-04-02,-0.65562045538,0.0972232294059158,-3.2915025813119,-2.10181054783946,2.54432559013367,-5.15303353323392,-7.15430567193102,-3.25536263980632,-4.52544736546847,0,0
2018-04-03,1.0259179266,0.0986323378058835,-3.29252305994674,-2.09766564106781,2.35242176055908,-4.951310001961,-6.87597566169783,-3.11868469920035,-4.34399429773405,0,0
2018-04-04,1.9122275669,0.0993045268566462,-3.29300986036954,-2.09821947284473,2.30400776863098,-4.89914142776336,-6.80406180550236,-3.08557407377067,-4.29825176773242,0,0
2018-04-05,0.69343278374,0.0991371343236761,-3.29288863442019,-2.09808155434714,2.50008630752564,-5.10746682019487,-7.09174751325709,-3.21827834203959,-4.48149295433357,0,0
2018-04-06,-2.5578703705,0.0982453192871305,-3.29224278049508,-2.09734676774831,2.45872640609741,-5.06409886761597,-7.03167439786402,-3.19046290069941,-4.44312692548081,0,0
2018-04-09,0.99180425241,0.0970875391831555,-3.29140431422805,-2.09639284650911,2.68121004104614,-5.29238983000295,-7.34675537662546,-3.33563014741148,-4.64366337492824,0,0
2018-04-10,1.8817994707,0.0975568362358754,-3.29174417993016,-2.09677951097549,2.60746097564697,-5.21783132799795,-7.24386733016016,-3.2882460653382,-4.57819602757775,0,0
2018-04-11,-0.46753246761,0.0978709467972959,-3.29197165931848,-2.09703831377834,2.62502241134644,-5.23575549902789,-7.26868408362678,-3.29973394345633,-4.59404170765139,0,0
2018-04-12,0.98585015094,0.0982488487514485,-3.29224533653898,-2.09734967575387,2.33578085899353,-4.93337583246213,-6.85112831137992,-3.10718553262201,-4.32812920846732,0,0
2018-04-13,0.33880785577,0.0988049877245962,-3.29264809330355,-2.09780789124454,2.11155223846436,-4.6858015829479,-6.509311636056,-2.94955764807315,-4.11045295388459,0,0
2018-04-16,0.62381960743,0.0989809001325498,-3.29277548936046,-2.09795282946001,1.87764739990234,-4.41301961340347,-6.13260596904992,-2.77578668559691,-3.87050688671541,0,0
2018-04-17,1.3764076895,0.098308696393821,-3.29228867830061,-2.09739898558134,1.67482817173004,-4.16241172000243,-5.78633288528242,-2.61604340100729,-3.64991370737096,0,0
2018-04-18,-0.22441651699,0.0996715481891397,-3.29327565782583,-2.09852187002975,1.58192360401154,-4.04243090903821,-5.62094294107686,-2.53973477473436,-3.54459223222294,0,0
2018-04-19,-2.8340080971,0.10045704126033,-3.2938445132077,-2.09916905555425,1.37077915668488,-3.75598528157862,-5.22552828974196,-2.35725593097395,-3.29269001147332,0,1
2018-04-20,-4.0972222223,0.0984178770558105,-3.29236774711668,-2.10291707396534,1.56547403335571,-4.02095658949422,-5.59098959737105,-2.53272893433893,-3.52956444151984,1,1
2018-04-23,-0.28964518469,0.0978144015644464,-3.31232858154093,-2.11390539244506,2.21148943901062,-4.82797507909352,-6.66669902330366,-3.04579067531109,-4.22833047027459,0,0
2018-04-24,-1.3919147906,0.0993826052838613,-3.31408265641223,-2.11486359279192,1.88132011890411,-4.44625370886056,-6.14163373420822,-2.80139017063242,-3.89263821753773,0,0
2018-04-25,0.43574321844,0.0990281920770695,-3.31368623642394,-2.11464704002299,1.74341976642609,-4.27631744745896,-5.90849715327892,-2.69312261689852,-3.74349591600229,0,0
2018-04-26,0.34830430795,0.0981575240103787,-3.31271237253233,-2.11411504635841,1.56824040412903,-4.05033249124898,-5.59861476428078,-2.54933618345663,-3.54526324176821,0,0
2018-04-27,-1.156984533,0.0972506384955481,-3.31169799852402,-2.11356092318926,1.40288770198822,-3.82524238339945,-5.28989721539812,-2.40612617190647,-3.34781214012819,0,0
2018-04-30,1.8112370626,0.0973798431727879,-3.31184251716965,-2.11363986954362,1.36098229885101,-3.76625359142413,-5.2088294979134,-2.36841665117408,-3.29597004304318,0,0
2018-05-01,2.3236112793,0.0976253798393335,-3.31211715603923,-2.11378989681122,1.44176709651947,-3.87935313916756,-5.36405184085991,-2.44047838197471,-3.39523901660638,0,0
2018-05-02,4.4175044353,0.0998190150183488,-3.31457079155652,-2.11513024689673,1.64668190479279,-4.15354111256606,-5.73953697614987,-2.614381773728,-3.6354572730466,0,0
2018-05-03,0.18123123955,0.102087522420205,-3.31710817351761,-2.11651634524123,2.4825873374939,-5.12442388227666,-7.0709004670158,-3.2327439747691,-4.48739092567898,0,0
2018-05-04,3.9233421903,0.102139683916402,-3.31716651744869,-2.11654821684256,2.04151082038879,-4.6374758712593,-6.40257114704084,-2.92201505750488,-4.05977956038806,0,0
2018-05-07,0.72349453294,0.102758623303287,-3.31785881654986,-2.11692639980939,2.67551136016846,-5.32425986864651,-7.34467702993684,-3.35989586354704,-4.66266117452987,0,0
2018-05-08,0.48066537056,0.105127608816983,-3.32050858577857,-2.10913187168588,2.27589130401611,-4.90421073120172,-6.76674439598825,-3.07672085687948,-4.28835315122982,0,0
2018-05-09,0.70411179804,0.104882678571003,-3.32023462520547,-2.10890500837918,1.95173120498657,-4.53363031219546,-6.25851480488833,-2.84134985674385,-3.9634017542616,0,0
2018-05-10,1.4304013663,0.105795556095111,-3.32125570142522,-2.1097505487611,1.75362634658813,-4.29236261457687,-5.92706192432005,-2.68803227538788,-3.75154374674258,0,0
2018-05-11,-0.38032856155,0.104627866197492,-3.31994961122691,-2.10866899188635,1.69043874740601,-4.21186683022542,-5.81722612942955,-2.63699763595137,-3.68126291295788,0,0
2018-05-14,-0.23331035591,0.105976034652516,-3.32145757118132,-2.10991771456848,1.48435521125793,-3.94069247518834,-5.4446041105966,-2.46462358642377,-3.44306939439705,0,0
2018-05-15,-0.90884932233,0.10541637511252,-3.32083157806357,-2.10939933753685,1.30872964859009,-3.69360573166589,-5.10590855450165,-2.30773061140196,-3.22650903215252,0,0
2018-05-16,0.93327612085,0.10385404099342,-3.31908406848623,-2.10795224682328,1.23120510578156,-3.57899109094036,-4.94926092302434,-2.23512307147926,-3.12637637289755,0,0
2018-05-17,-0.63237325958,0.103219253321164,-3.31837404268363,-2.10736428338167,1.18868386745453,-3.51469710119891,-4.86127086708133,-2.1943721597349,-3.07014102072393,0,0
2018-05-18,-0.36365581045,0.10415527057093,-3.31942100126216,-2.10823125661955,1.1098016500473,-3.3927592822599,-4.69363846697647,-2.11680572208487,-2.96295885236073,0,0
2018-05-21,0.70849659151,0.103457324861103,-3.3186403316234,-2.10758479390526,1.01683211326599,-3.24299632092668,-4.48837252452926,-2.02179100354724,-2.83176915311845,0,0
2018-05-22,-0.25049299156,0.104668553800736,-3.3199951213233,-2.10870667822508,0.968518912792206,-3.1626501465684,-4.37778082801163,-1.97058050879786,-2.76101132830478,0,0
2018-05-23,0.64116264184,0.104263482438589,-3.31954203892805,-2.10833148638914,0.90410453081131,-3.05210352938927,-4.22622774286418,-1.90043110362113,-2.66414753223557,0,0
2018-05-24,-0.11148863886,0.105506269343287,-3.32093212699692,-2.10948260084458,0.862940013408661,-2.97945917102503,-4.1262526543611,-1.85408840823558,-2.60014751280644,0,0
2018-05-25,0.22854105773,0.104707176651576,-3.32003832194275,-2.10874245211499,0.813646912574768,-2.89004636397258,-4.0037855795483,-1.79742867611787,-2.52190894755509,0,0
2018-05-29,-0.36058967025,0.105032927770865,-3.32040268267317,-2.10904417465557,0.777074277400971,-2.82196235621842,-3.9103109130278,-1.75412782557851,-2.46212151539264,0,0
2018-05-30,-0.21287919108,0.106451727365438,-3.32198964531421,-2.11035831846938,0.749453604221344,-2.76942754498224,-3.83795019557687,-1.7205063288926,-2.41573066601448,0,0
2018-05-31,-0.33599999988,0.106087255713618,-3.32158197470493,-2.11002073156255,0.728434681892395,-2.72882931552853,-3.7823398355641,-1.69478136144659,-2.3802058149495,0,0
2018-06-01,1.8033927328,0.106987902701277,-3.32258937076541,-2.11085494357655,0.709600031375885,-2.69188697772837,-3.73149776470808,-1.67114903163983,-2.34760914818163,0,0
2018-06-04,0.83578637514,0.106659586262092,-3.32222214066088,-2.11055084494333,0.77181214094162,-2.81200689903372,-3.89630522554935,-1.74751926025642,-2.45302690281601,0,0
2018-06-05,0.77151644691,0.108751756151091,-3.32456228472721,-2.11248868882739,0.783092200756073,-2.83323642059298,-3.92496447372798,-1.76064223131807,-2.47117681429316,0,0
2018-06-06,0.34659355442,0.108278990545647,-3.32403348463685,-2.11205079611996,0.781691908836365,-2.83061011083395,-3.92146663177099,-1.7590557083872,-2.46897953785944,0,0
2018-06-07,-0.26806887299,0.110340531432015,-3.3263393694018,-2.11396027030722,0.759604811668396,-2.78874086821082,-3.86362428307514,-1.7320881021604,-2.43180381422143,0,0
2018-06-08,-0.90974878531,0.109531887296265,-3.32543488081988,-2.11321127468258,0.736299693584442,-2.74395418880791,-3.80239442491029,-1.70377048195248,-2.39270991003333,0,0
2018-06-11,-0.24517475213,0.108445414342427,-3.32421963379356,-2.11220494389661,0.751076400279999,-2.77247836508414,-3.84172321406608,-1.72208990529583,-2.41796398849475,0,0
2018-06-12,0.54907702761,0.108581213984283,-3.32437152907117,-2.11233072646656,0.741633534431458,-2.75430596585761,-3.81677866769495,-1.71051887862085,-2.40199776650263,0,0
2018-06-13,-0.82171832746,0.109384192859106,-3.32526968091782,-2.11307447472037,0.73545628786087,-2.74232545701283,-3.80019113236078,-1.70276202344264,-2.3913142767612,0,0
2018-06-14,0.052438384955,0.109936144652019,-3.32588705272872,-2.11358571255618,0.744618773460388,-2.76001489071678,-3.82433009840117,-1.71390435501695,-2.40670414037504,0,0
2018-06-15,-1.0272536687,0.108005785788119,-3.32372789831923,-2.11179774393177,0.724473536014557,-2.72101882392387,-3.77125081278778,-1.6894722181539,-2.37293359556844,0,0
2018-06-18,-0.052954882449,0.106699424195181,-3.32226670038006,-2.11058774428663,0.744675040245056,-2.7602358754222,-3.82529290235709,-1.71462289960951,-2.40761461067822,0,0
2018-06-19,-1.6159796547,0.106830439700198,-3.32241324448161,-2.11070909561496,0.728869080543518,-2.72964098708967,-3.78330621090927,-1.69516275001557,-2.38075389593335,0,0
2018-06-20,0.43621088917,0.104702955123604,-3.3200336000587,-2.10873854198216,0.783676981925964,-2.83437445254029,-3.92741038652346,-1.76206905805732,-2.4730815877113,0,0
2018-06-21,-0.55764075069,0.103924555948128,-3.31916294121723,-2.10801756034033,0.790169715881348,-2.84652886871951,-3.94425715100417,-1.76992368239258,-2.48391655348578,0,0
2018-06-22,-0.29116790683,0.102962450032151,-3.31808680181655,-2.10712642283047,0.776143789291382,-2.82023961207215,-3.90839455780171,-1.75339534656326,-2.4610732698795,0,0
2018-06-25,-1.4871295694,0.102258106378951,-3.31729897591897,-2.1064740341082,0.76100879907608,-2.79161480001612,-3.86926221363528,-1.73534175410446,-2.43612222552744,0,0
2018-06-26,1.2405994401,0.101653471972581,-3.31662267729437,-2.10591399971872,0.803196609020233,-2.87074479226659,-3.97799603583044,-1.78569270106492,-2.50566781038366,0,0
2018-06-27,-0.14639700703,0.10295977964066,-3.31808381491724,-2.10712394941669,0.86390483379364,-2.98108236432149,-4.1291113010728,-1.85553778251786,-2.60215429712019,0,0
2018-06-28,0.72762814943,0.102981071343618,-3.31810763021666,-2.10714367056676,0.821231365203857,-2.90394834139481,-4.0232593272159,-1.80655080224395,-2.53449270717379,0,0
2018-06-29,-0.21024258749,0.103702670175793,-3.31891475646117,-2.1078120416637,0.814123749732971,-2.890914498718,-4.00520768842431,-1.79815097535065,-2.52289729167689,0,0
2018-07-02,1.1182540109,0.103080626384111,-3.31821898500601,-2.10723588206802,0.785584926605225,-2.8379640021516,-3.93269087777329,-1.76463057652875,-2.47659342777548,0,0
2018-07-03,-1.7416390639,0.103887622823756,-3.31912163059885,-2.10798335153656,0.843981862068176,-2.9453391497768,-4.07983910366315,-1.83268475597811,-2.57059141044132,0,0
2018-07-05,0.80469769473,0.102605931935378,-3.31768802745645,-2.10679620279574,0.917750239372253,-3.07571537078907,-4.25906584070532,-1.91568969936854,-2.68524218598394,0,0
2018-07-06,1.3861920173,0.103898516032162,-3.31913381492344,-2.10799344122259,0.913394093513489,-3.0682525497135,-4.24848095551438,-1.91074566947602,-2.6783963161367,0,0
2018-07-09,1.3885194447,0.104202991843752,-3.31947437869294,-2.10827545779898,0.940505623817444,-3.11501227979707,-4.31255430784421,-1.94039557295808,-2.71933816157925,0,0
2018-07-10,-0.12068422711,0.104523951549123,-3.31983338010769,-2.10857274235764,0.992863416671753,-3.20344208379711,-4.43378582429837,-1.99651131623581,-2.79682309146725,0,0
2018-07-11,-1.2976096665,0.10469011311489,-3.32001923595249,-2.10872664724638,0.914731442928314,-3.07062919248613,-4.25153112372608,-1.91212965730302,-2.68029714964859,0,0
2018-07-12,1.6766020864,0.105144330781879,-3.32052728971228,-2.10914736017827,0.924770891666412,-3.08804102943132,-4.27529593067384,-1.92311741364641,-2.69546291483181,0,0
2018-07-13,0.15704339639,0.106615983268481,-3.32217336962784,-2.11051045826396,0.994192898273468,-3.20589724222459,-4.43654047194239,-1.99775757816427,-2.7984812123509,0,0
2018-07-16,-0.21951601966,0.106492382899825,-3.32203511954078,-2.11039597510476,0.93129575252533,-3.09939328875734,-4.29050247555104,-1.93011709732944,-2.70510530952325,0,0
2018-07-17,0.2828557961,0.107791185639833,-3.32348786271491,-2.10521182314969,0.861658751964569,-2.97725555903924,-4.12266459295231,-1.84638381067336,-2.59730818942135,0,0
2018-07-18,-0.54844606957,0.108165655797872,-3.32390671690211,-2.1055203575907,0.816028714179993,-2.89446246443532,-4.00904584975969,-1.79384158203385,-2.5246281234969,0,0
2018-07-19,0.77731092442,0.108513705294898,-3.32429601892273,-2.10580712345096,0.798684239387512,-2.86238091085462,-3.96497745649649,-1.77342791786329,-2.49642074941483,0,0
2018-07-20,-0.22930998539,0.110421969502129,-3.32643045990911,-2.10737938553339,0.799058854579926,-2.86307727856025,-3.96550389197925,-1.77336640178308,-2.49660741022253,0,0
2018-07-23,0.088800668709,0.110348054975695,-3.32634778467257,-2.10731848568168,0.774109721183777,-2.81628932576429,-3.90138517829894,-1.74374461739574,-2.45560215898713,0,0
2018-07-24,0.7254318667,0.110107066310057,-3.32607823285514,-2.1071199296642,0.738735437393189,-2.74864786294247,-3.80871317954943,-1.70095661401803,-2.39634964265472,0,0
2018-07-25,0.9430051814,0.111380604727369,-3.32750271725585,-2.10816922679846,0.738203585147858,-2.74756895911876,-3.80697775380492,-1.69993256421868,-2.39512566877251,0,0
2018-07-26,-0.31310953709,0.114085896975796,-3.33052865393343,-2.10258680051252,0.756253004074097,-2.78223535427127,-3.85392649819875,-1.71438263330507,-2.42441659514718,0,0
2018-07-27,-1.6631481385,0.114097546787942,-3.33054168453812,-2.10259934099276,0.74006974697113,-2.75107775745422,-3.81123767347172,-1.69471203349622,-2.39710577490589,0,0
2018-07-30,-0.56026809098,0.116902784317644,-3.33367941249907,-2.08304278667452,0.796071290969849,-2.85750024031314,-3.95641153413929,-1.74164688362279,-2.48334449429914,0,0
2018-07-31,0.20009478194,0.114700444894569,-3.33121604106827,-2.08099415810312,0.799033343791962,-2.86302910386804,-3.96447744233344,-1.74547245262752,-2.48864799463385,0,0
2018-08-01,5.8910084608,0.112728676777071,-3.32901056937851,-2.07916000826255,0.763763010501862,-2.79661136798563,-3.87390855086668,-1.70432277002463,-2.4309978064404,0,0
2018-08-02,2.9230769231,0.117929799727515,-3.33482815478338,-2.08399812220995,1.45314228534698,-3.90208386876068,-5.38647978280878,-2.39425390136395,-3.39627736765517,0,0
2018-08-03,0.28930999579,0.120405825244343,-3.33759765091835,-2.0863013351317,1.79756057262421,-4.35441600361265,-6.004545530165,-2.67676379568107,-3.79105910542433,0,0
2018-08-06,0.51925573334,0.119927621720247,-3.33706276838071,-2.08585650751242,1.5293847322464,-4.00696102512991,-5.52917963822544,-2.45961556858917,-3.48746504869535,0,0
2018-08-07,-0.93748505287,0.119127584439149,-3.33616790677982,-2.08511230831448,1.33852112293243,-3.74063431483832,-5.16493658793428,-2.29323212533186,-3.25485515438433,0,0
2018-08-08,0.067596929148,0.119877968909339,-3.33700723047653,-2.08581032018725,1.24877905845642,-3.60918701210054,-4.9847036790526,-2.21098968729546,-3.13977482708062,0,0
2018-08-09,0.78648974668,0.127136694824653,-3.3131659624646,-2.08849317211225,1.12249195575714,-3.38308713105094,-4.64796483844863,-2.0855742215562,-2.94506712172056,0,0
2018-08-10,-0.29786211862,0.124233648149705,-3.31106357125906,-2.08580097085669,1.08259189128876,-3.32085105370152,-4.56249927813802,-2.0459937912082,-2.89019679129257,0,0
2018-08-13,0.64568977978,0.125725378195137,-3.31214388462626,-2.08718732481594,1.01038360595703,-3.20357009606283,-4.40336593361413,-1.97227022721691,-2.78776887773112,0,0
2018-08-14,0.42131469327,0.129321753825516,-3.31474838580854,-2.09051493911256,0.969516396522522,-3.13451288271425,-4.31043349816769,-1.92908337148993,-2.72778154443291,0,0
2018-08-15,0.23361144231,0.13071331464887,-3.31575615645937,-2.09180250697708,0.932100772857666,-3.07049560785373,-4.22374497795382,-1.88882507523043,-2.67190758922817,0,0
2018-08-16,1.4649923896,0.130362755379705,-3.31550228085658,-2.09147814540983,0.883686482906342,-2.98636190312415,-4.10920192202804,-1.83572291017943,-2.59821002512136,0,0
2018-08-17,1.9969998126,0.134646526965863,-3.31860459532744,-2.09544178576295,0.924688935279846,-3.05654845726932,-4.20588645550437,-1.88034595689278,-2.66016150431353,0,0
2018-08-20,-0.9743542606,0.135167271488478,-3.31898171937237,-2.09592361444172,1.02923905849457,-3.23198680661852,-4.44465567870864,-1.99117699385528,-2.81387667021102,0,0
2018-08-21,-0.19493177388,0.135245980526009,-3.31903872058759,-2.09599644146133,1.03662729263306,-3.24402982129161,-4.46105785934406,-1.99879060404031,-2.82443469048975,0,0
2018-08-22,0.0046502977057,0.131501975151037,-3.3163273057,-2.09253222996264,0.958664298057556,-3.1155606421744,-4.28526697794252,-1.91732570472905,-2.71145811677789,0,0
2018-08-23,0.20460358064,0.125892488315163,-3.31226490605169,-2.08734194660233,0.868979752063751,-2.9617704987873,-4.07447543096028,-1.81990854292936,-2.57618650566259,0,0
2018-08-24,0.31091930014,0.128236934389998,-3.31396275777834,-2.0895111894952,0.809826552867889,-2.85401019866039,-3.92855664183544,-1.75212178108521,-2.48212325906345,0,0
2018-08-27,0.82346410054,0.130739202158658,-3.31577490423679,-2.09182645988315,0.772402226924896,-2.78337655246138,-3.8331975386767,-1.70769212045239,-2.42054073704037,0,0
2018-08-28,0.80756171428,0.1294482431843,-3.31483998961147,-2.09063197577444,0.765448451042175,-2.77070231041876,-3.81558300500826,-1.6996438098029,-2.4093203490257,0,0
2018-08-29,1.4929449249,0.131552470317585,-3.31636387438316,-2.09257895156666,0.766215860843658,-2.77138542356551,-3.81712236201745,-1.70016050345097,-2.41012096103399,0,0
2018-08-30,0.91936496538,0.131724053496762,-3.31648813520543,-2.09273771213529,0.805807292461395,-2.84538020968036,-3.91782202641575,-1.7468589869107,-2.47492475160087,0,0
2018-08-31,1.155401502,0.134944191963501,-3.31882016481126,-2.09571720590911,0.810764729976654,-2.8534036244283,-3.92966285313348,-1.75209144873062,-2.4822804283523,0,0
2018-09-04,0.32069586614,0.133037403187068,-3.31743926522429,-2.0939529136757,0.841948747634888,-2.91097072878457,-4.00741653721037,-1.78832699495319,-2.53249406698876,0,0
2018-09-05,-0.65247854263,0.132600257277843,-3.31712268343351,-2.09354843618871,0.819860219955444,-2.87092605912577,-3.95282217449075,-1.76302689397656,-2.49738289222293,0,0
2018-09-06,-1.6617446115,0.133096970953093,-3.31748240429901,-2.09400802987329,0.810431063175201,-2.85343155641067,-3.92916901777192,-1.75201166131614,-2.48211514182124,0,0
2018-09-07,-0.80681308827,0.134222631295547,-3.3182976093816,-2.09504956830911,0.888963043689728,-2.99442885187163,-4.1212733134361,-1.84109143356332,-2.60570985015256,0,0
2018-09-10,-1.3420695888,0.130470207567754,-3.31558009790896,-2.09157756757089,0.935164093971252,-3.07582448293134,-4.23092490698475,-1.89216651108639,-2.67654391472837,0,0
2018-09-11,2.5282828747,0.128054449153469,-3.31383060166809,-2.08934234159264,1.00506389141083,-3.19415599641647,-4.3912108034575,-1.96657131358667,-2.77982936882299,0,0
2018-09-12,-1.2419030601,0.126569673802944,-3.31275532490245,-2.08796852523099,1.21234226226807,-3.52098645194738,-4.83540081172567,-2.17241761551774,-3.06567192503362,0,0
2018-09-13,2.4155244944,0.127322331354477,-3.31330040074666,-2.08866493580829,1.24182856082916,-3.56493222424408,-4.89538644449265,-2.20023077026565,-3.10424991157283,0,0
2018-09-14,-1.1351088732,0.128533421254748,-3.31417747405637,-2.08978551955171,1.55049443244934,-3.99824229887435,-5.48514914747471,-2.4736435019406,-3.48372555869727,0,0
2018-09-17,-2.6626161544,0.126554860914514,-3.31274459738414,-2.08795481932694,1.55296206474304,-4.0017178417924,-5.48936221183755,-2.4754105583089,-3.48639210850468,0,1
2018-09-18,0.16522856622,0.128276384710882,-3.313991327766,-2.09429536385155,1.83100235462189,-4.35603559047285,-5.97179326361319,-2.70560966109907,-3.79848393768629,0,0
2018-09-19,0.059567448625,0.129983832754716,-3.31522786446458,-2.0961709239233,1.62163758277893,-4.09174451294035,-5.61271504047948,-2.53935431494995,-3.56738406326069,0,0
2018-09-20,0.76017768006,0.130358077202337,-3.31549889291279,-2.0965820157545,1.46967208385468,-3.8890223162256,-5.33705609250727,-2.41132898695285,-3.3899078240297,0,0
2018-09-21,-1.0771258466,0.13163429100797,-3.31642312906252,-2.09798388310005,1.39839494228363,-3.79016042971173,-5.20291647100313,-2.34931032814942,-3.30354067137445,0,0
2018-09-24,1.4380226041,0.131666805646711,-3.3164466762177,-2.09801959906715,1.39348685741425,-3.78326730684385,-5.19354885491281,-2.34496233962546,-3.29750840023201,0,0
2018-09-25,0.63408668866,0.134227192499738,-3.31830091261322,-2.10083207665153,1.42758846282959,-3.83053625898868,-5.25852221147242,-2.37588338956409,-3.33935826937233,0,0
2018-09-26,-0.79661550926,0.131653025817801,-3.3164366968428,-2.09800446250297,1.34385907649994,-3.71292408938734,-5.09786213234471,-2.30045730266091,-3.23589098141116,0,0
2018-09-27,2.0551674077,0.133925928231174,-3.31808273653144,-2.10050115048648,1.28476715087891,-3.62704020722111,-4.98165203758728,-2.24694107290829,-3.16102462156615,0,0
2018-09-28,0.35118915312,0.135694408887833,-3.31936347314922,-2.10244375232393,1.39171457290649,-3.7801903107318,-5.1904327183581,-2.34457851999817,-3.29549954170386,0,0
2018-10-01,0.67334101186,0.135025732669479,-3.31887921672546,-2.10170923954001,1.28389847278595,-3.62557121004671,-4.9799500361113,-2.24640511328057,-3.15991229973152,0,0
2018-10-02,0.88884977558,0.136922257884395,-3.32025268342419,-2.10379249295496,1.18313729763031,-3.47458680536352,-4.77510609149635,-2.15141732947015,-3.02790340017487,0,0
2018-10-03,1.2168527564,0.139993432311344,-3.32247683302592,-2.10705626824141,1.12282717227936,-3.38062062207585,-4.64814719023261,-2.09271797070522,-2.94599085521297,0,0
2018-10-04,-1.7580902315,0.139436635259689,-3.32207359967981,-2.10647247869096,1.11728918552399,-3.37205830911365,-4.63634890387034,-2.08714481678815,-2.93840767095294,0,0
2018-10-05,-1.6228781964,0.133659552849883,-3.31788982703955,-2.10020854830099,1.17638790607452,-3.46497078076601,-4.76113625199424,-2.14425640663784,-3.01899789120588,0,0
2018-10-08,-0.23184270358,0.133938081238664,-3.31809153775957,-2.10051450005556,1.25080668926239,-3.57699788537872,-4.91358893082556,-2.215266188129,-3.11718485299341,0,0
2018-10-09,1.3853510301,0.131977874069826,-3.31667195248443,-2.09836129468482,1.15085208415985,-3.42607397473468,-4.70776858481691,-2.11909741796215,-2.98467976467811,0,0
2018-10-10,-4.6326089831,0.133526696753039,-3.31779361243438,-2.10006261145012,1.19032609462738,-3.48625470143837,-4.79005006214856,-2.15768501318414,-3.03762442433017,1,1
2018-10-11,-0.8827879461,0.133285864253604,-3.35200429495816,-2.12325467114596,1.96436011791229,-4.5647369397495,-6.24884013335028,-2.84257513889416,-3.96554499378504,0,0
2018-10-12,3.5719281885,0.131323214176445,-3.34980902202335,-2.12114196973837,1.90037369728088,-4.48652393132743,-6.14358183869348,-2.79275673359573,-3.89781089989021,0,0
2018-10-15,-2.1385799829,0.131267773119383,-3.34974700982186,-2.12108229002233,3.11059808731079,-5.77664341983332,-7.89668632500038,-3.60966124798394,-5.0234738338994,0,0
2018-10-16,2.2037173352,0.132294157458567,-3.32954338417786,-2.07722824229789,3.12023258209229,-5.74907123769735,-7.87507535752027,-3.53695921828863,-4.99184286496991,0,0
2018-10-17,-0.43214044563,0.132040053061231,-3.3506108241483,-2.12191361341471,3.08759522438049,-5.75550396871529,-7.86738726918488,-3.59649198633537,-5.00480380616611,0,0
2018-10-18,-2.3373570234,0.129410009950404,-3.34766905550305,-2.11908249448682,2.59202194213867,-5.26025601603863,-7.1962030139788,-3.28226143589612,-4.5734349749579,0,0
2018-10-19,1.5230071289,0.128329173914621,-3.3464601135098,-2.11791902482876,2.96978068351746,-5.63864281620331,-7.71128527242092,-3.5214916155868,-4.90391510379057,0,0
2018-10-22,0.61100724997,0.129689907487906,-3.34798212786156,-2.11938379115114,2.87292170524597,-5.54503778386905,-7.58308016265005,-3.46260103939965,-4.82184603729767,0,0
2018-10-23,0.94266938595,0.131255490019007,-3.34973327086853,-2.1210690678368,2.55796909332275,-5.22619138541897,-7.14871351563803,-3.26110859726369,-4.5431995387376,0,0
2018-10-24,-3.4301620796,0.130246839543967,-3.34860507022069,-2.1199833025732,2.3509464263916,-5.00410110639965,-6.84753381494853,-3.12028037604199,-4.34969576581894,0,1
2018-10-25,2.1897810218,0.130308101032143,-3.34867359271917,-2.12342348162443,3.0351550579071,-5.70364936971111,-7.79820245058796,-3.5690558235704,-4.96287368681172,0,0
2018-10-26,-1.5923566878,0.130902170007684,-3.34933807364657,-2.12387041997102,3.32712531089783,-5.97842756159342,-8.1711672809686,-3.74312440404615,-5.20258273641205,0,0
2018-10-29,-1.8770226538,0.132911009489685,-3.35158501057972,-2.12285115744956,3.17190933227539,-5.83621327855365,-7.97638734878431,-3.64785610930147,-5.07240959792632,0,0
2018-10-30,0.49943460235,0.132031328685234,-3.35060106571672,-2.12190422203024,3.3489933013916,-5.99965403511864,-8.19912172496434,-3.75110748922515,-5.215195472959,0,0
2018-10-31,2.6066572902,0.131975664678914,-3.35053880414093,-2.12184430231971,3.19978332519531,-5.86144743689846,-8.01138214623673,-3.66356630718429,-5.09468653936238,0,0
2018-11-01,1.5352279996,0.134937727077421,-3.33137520600651,-2.08006281358118,3.87790608406067,-6.42533950447831,-8.79640571115308,-3.96120511853745,-5.57939207337008,0,0
2018-11-02,-6.6330663307,0.135256042358241,-3.33180018295518,-2.07886205369004,3.46121072769165,-6.06333477060298,-8.30256918272275,-3.73232740197286,-5.26319474758704,1,1
2018-11-05,-2.8388278389,0.133205283152833,-3.40776480720779,-2.12560313052059,5.64061784744263,-7.96023100254651,-10.7057172800951,-4.91509895109607,-6.83783533162727,0,0
2018-11-06,1.0814028474,0.131694272622244,-3.37244766158881,-2.07582444539919,5.30315351486206,-7.63457274029615,-10.3319763589432,-4.64863400304871,-6.57149470523903,0,0
2018-11-07,3.0328311332,0.13175444638088,-3.37254953030507,-2.07718685609862,4.28221225738525,-6.84723323425072,-9.27134300311726,-4.1666735970972,-5.89220481459365,0,0
2018-11-08,-0.34891501764,0.133127450206711,-3.35901304705535,-2.09679777758471,4.07097673416138,-6.64423950662799,-9.0308727861887,-4.09751047048395,-5.75452268833484,0,0
2018-11-09,-1.9281500312,0.13342625361642,-3.35899899178006,-2.09605810784094,3.09820818901062,-5.7789923145319,-7.86062184241115,-3.55599815735942,-5.00235295928884,0,0
2018-11-12,-5.0374138014,0.1300949221755,-3.40526619947649,-2.12326309990171,3.02286791801453,-5.79043599473165,-7.7998669667222,-3.56149454287976,-4.96834780586714,0,1
2018-11-13,-0.99912447859,0.12635892561525,-3.34915555995563,-2.09132628373847,4.020423412323,-6.58903071817751,-8.96674144777491,-4.06695805121545,-5.72406957567207,0,0
2018-11-14,-2.8247411954,0.126621344040153,-3.34879971509728,-2.09155764833509,3.26878666877747,-5.92793692351402,-8.07234097264758,-3.65487015415342,-5.14868733982999,0,0
2018-11-15,2.4678800855,0.126353420082728,-3.34806624304257,-2.08943876781895,3.54896116256714,-6.18096367739029,-8.41511526017091,-3.80987481069778,-5.36845501991064,0,0
2018-11-16,1.1075701375,0.126599966203672,-3.347319191653,-2.09225982225005,3.63175106048584,-6.25243765599263,-8.51407618243217,-3.86065172907069,-5.43296355627599,0,0
2018-11-19,-3.9632098383,0.127969827898063,-3.34837576546402,-2.09584091220954,3.21089577674866,-5.87197551893692,-7.99897825441557,-3.62756175210529,-5.10264796141009,0,1
2018-11-20,-4.7777897343,0.127225866388257,-3.34905796714514,-2.0972764238928,3.87934708595276,-6.46909819702678,-8.8063765993617,-4.00358198413993,-5.62630022918582,0,1
2018-11-21,-0.1130071193,0.125730192216303,-3.34635387656732,-2.09480961910722,4.92852020263672,-7.30326600793134,-9.93810248798211,-4.52480387393693,-6.35946204043451,0,0
2018-11-23,-2.539880077,0.126779619379459,-3.34624059516797,-2.09983520874808,3.98109221458435,-6.54986533474833,-8.91998711001373,-4.06295323223697,-5.70441316301752,0,0
2018-11-26,1.3523710024,0.126676861284342,-3.34858537913499,-2.09977591867052,3.94545221328735,-6.52467266506103,-8.88106332122557,-4.04414215056012,-5.67759573620822,0,0
2018-11-27,-0.21761539347,0.12773080228414,-3.34980584162167,-2.10419332013349,3.28148555755615,-5.94039930808358,-8.08993130248122,-3.6839882786508,-5.16813963133578,0,0
2018-11-28,3.8452708906,0.129667356776243,-3.35065417381367,-2.09350176653463,2.72152090072632,-5.39791781241765,-7.35276568114428,-3.32398936698135,-4.6906748361285,0,0
2018-11-29,-0.76821045659,0.128829808260545,-3.40424991119616,-2.13418637525427,3.47662782669067,-6.21863842051253,-8.37342868805291,-3.85051382531157,-5.35706448505086,0,0
2018-11-30,-0.54023948751,0.125825556662647,-3.40183654299742,-2.13113199417649,2.9345977306366,-5.70174755447372,-7.68104419428779,-3.5249458277268,-4.90978526651505,0,0
2018-12-03,3.4942322769,0.125022950217042,-3.4011917951097,-2.13053029929473,2.52218842506409,-5.27654553612512,-7.11139948588529,-3.25855728198693,-4.5422398888958,0,0
2018-12-04,-4.3988745808,0.125942343786695,-3.40193036015022,-2.13125073003139,2.96552705764771,-5.73242182008757,-7.72213747138425,-3.54422182162422,-4.9363124527125,0,1
2018-12-06,-1.1149470824,0.122623776832175,-3.39926449689196,-2.14389252512072,3.7674925327301,-6.47535871023634,-8.71752387603744,-4.03867798354485,-5.58509020302072,0,0
2018-12-07,-3.5657051281,0.122687916569019,-3.39931602147175,-2.14396225477916,3.17949533462524,-5.93867987884246,-7.99846731255849,-3.70024107373704,-5.12083769187799,0,0
2018-12-10,0.65879280664,0.12249433964299,-3.39916051771913,-2.14375180719083,3.84477090835571,-6.54260930652551,-8.80763318969524,-4.08099293673181,-5.6432382261292,0,0
2018-12-11,-0.57193396233,0.122142310221457,-3.3988777262873,-2.14336909761742,3.14928150177002,-5.9095792108073,-7.95947991667083,-3.68152659308118,-5.09556205045534,0,0
2018-12-12,0.27871671718,0.121263248163939,-3.39817156026052,-2.14241342333437,2.95966172218323,-5.72483808298138,-7.71194840957554,-3.5644735499683,-4.93559802850681,0,0
2018-12-13,1.0940272026,0.12112833357791,-3.39806318099838,-2.14226675064025,2.61964201927185,-5.37874165735523,-7.2482090914036,-3.34619642962983,-4.63620431071772,0,0
2018-12-14,-3.1997660134,0.12031452856544,-3.39740943710474,-2.14138202069976,2.46273231506348,-5.21127238542807,-7.02378622899622,-3.24017662529245,-4.49122395002792,0,0
2018-12-17,-0.93062605756,0.117659401349096,-3.39527652666808,-2.1384954932047,2.99425482749939,-5.75749832317974,-7.75569454943963,-3.58277507492647,-4.9632077287786,0,0
2018-12-18,1.2992558253,0.116154776654722,-3.39406783516203,-2.13685973710107,2.82149362564087,-5.58496354859725,-7.52445796168609,-3.47319310834371,-4.81374468577574,0,0
2018-12-19,-3.1191666167,0.118521469180226,-3.39596904093362,-2.12655777881956,2.76985573768616,-5.53335026886786,-7.45532632429793,-3.42068388415607,-4.76829289999399,0,0
2018-12-20,-2.5234632357,0.117679353171994,-3.39529255431867,-2.1260432309702,3.17065501213074,-5.92809169241272,-7.98430821222667,-3.66802405878047,-5.10943525527732,0,0
2018-12-21,-3.889561946,0.115639832531517,-3.39365417148221,-2.12479704760707,3.76488065719605,-6.46916929570611,-8.7094853123775,-4.00716770404917,-5.57678415716571,0,0
2018-12-24,-2.587407948,0.114114912014564,-3.39242917598457,-2.12386529406625,4.86495590209961,-7.36844570216904,-9.91485236311842,-4.57041937737096,-6.35376839291597,0,0
2018-12-26,7.0421575972,0.11495503046178,-3.39310405792359,-2.11823438722759,4.96172428131104,-7.4431599099069,-10.014915052121,-4.60339686679916,-6.41595996030564,0,0
2018-12-27,-0.64897881284,0.117865206423713,-3.39544185350774,-2.12092989810319,7.6820878982544,-9.29313826582126,-12.4937980505321,-5.76062704777791,-8.01562779248592,0,0
2018-12-28,0.051232789156,0.119198357542946,-3.39651279727208,-2.12216471118243,4.86355495452881,-7.37129061472737,-9.91821730451631,-4.56091101204936,-6.35503314551615,0,0
2018-12-31,0.96652371503,0.118969707024809,-3.39632911828544,-2.12195292675207,4.09849500656128,-6.75681031345529,-9.09481261919669,-4.1768688380708,-5.82386572256385,0,0
2019-01-02,0.11411182968,0.121240333108073,-3.39815315219272,-2.11735030457451,3.67282438278198,-6.39118908979761,-8.60479518731474,-3.93657984289303,-5.50587194881914,0,0
2019-01-03,-9.9607396151,0.119754791212706,-3.39695979023506,-2.1163233298077,3.12218928337097,-5.88257730751471,-7.92330799305062,-3.6197288171321,-5.06610174913037,1,1
2019-01-04,4.2689359308,0.115328217417508,-3.49033970007473,-2.11858004656605,5.5293984413147,-8.09209143712882,-10.7879297686866,-4.86644347476006,-6.84471373772533,0,0
2019-01-07,-0.22258195077,0.117923040449308,-3.49256763237991,-2.12098346608224,4.98823595046997,-7.68250291717216,-10.243103993247,-4.61915759075382,-6.49787283431251,0,0
2019-01-08,1.9063070373,0.117778921731681,-3.49244389109087,-2.12084997808157,3.52249073982239,-6.43694444489747,-8.58869839215845,-3.86269588100138,-5.44145431720272,0,0
2019-01-09,1.6981757877,0.119167254981964,-3.49363592324904,-2.12213590285865,3.26846671104431,-6.19694263774152,-8.26969275976638,-3.71742129179596,-5.23807771921635,0,0
2019-01-10,0.3196138543,0.119655231590309,-3.49405490320898,-2.12258788455049,2.93896961212158,-5.87035097978198,-7.83585985041745,-3.51918702042011,-4.96112134221259,0,0
2019-01-11,-0.98179453835,0.118505561597734,-3.49306778891048,-2.12152301836753,2.68689298629761,-5.60724202599079,-7.48654435278161,-3.35904083558233,-4.7378347425767,0,0
2019-01-14,-1.5037100269,0.119140699088634,-3.49361312218249,-2.12211130582389,2.45062208175659,-5.34992299601614,-7.14471013628944,-3.20291056811135,-4.51964395081485,0,0
2019-01-15,2.0466666667,0.120141902298279,-3.49447276191417,-2.12303865666988,2.3785035610199,-5.26917302618267,-7.03737512024369,-3.15409278364206,-4.45123838277957,0,0
2019-01-16,1.2216632913,0.122003918364018,-3.49607150128667,-2.12476332370768,2.44920611381531,-5.34932688607635,-7.14365710918103,-3.20323786255162,-4.51939271480581,0,0
2019-01-17,0.59377823673,0.119817829311919,-3.49419451069368,-2.12273848847708,2.36661171913147,-5.25557963969007,-7.01934907936013,-3.14575970605188,-4.43968059966577,0,0
2019-01-18,0.61593737973,0.118212207723392,-3.49281591332379,-2.12125130333413,2.13339352607727,-4.98344393643171,-6.65802209974329,-2.98011733883819,-4.20873386348104,0,0
2019-01-22,-2.2446116567,0.116862762803872,-3.49165727094494,-2.12000139834413,1.97877192497253,-4.7948106077949,-6.40753729179508,-2.86531836377075,-4.04865832818548,0,0
2019-01-23,0.4044357469,0.116132859287044,-3.49103057093308,-2.11932533514607,2.12443590164185,-4.97219946746692,-6.64321663782944,-2.97287807734596,-4.19904651983194,0,0
2019-01-24,-0.7926195427,0.116510612878376,-3.49135491267786,-2.1196752242686,1.9619402885437,-4.77380503638538,-6.37965127439511,-2.85250318831286,-4.03082140264029,0,0
2019-01-25,3.3136869679,0.114397565084631,-3.48954063579486,-2.11771804250943,1.83020460605621,-4.60642939739215,-6.15738680408625,-2.75055844988517,-3.88875623920165,0,0
2019-01-28,-0.92545638936,0.114981641514413,-3.49004212770034,-2.1182590353529,2.28452062606812,-5.16008816352108,-6.89289692860682,-3.08668867299163,-4.35829338933933,0,0
2019-01-29,-1.0364683302,0.114568421519437,-3.48968733426562,-2.11787629595671,2.12027049064636,-4.96681716880997,-6.63616398980463,-2.96930272839818,-4.19436919354538,0,0
2019-01-30,6.8334626327,0.114162066966381,-3.48933843554497,-2.11749991558266,2.02913284301758,-4.85631797647237,-6.48938519646583,-2.90216646258282,-4.10064022144174,0,0
2019-01-31,0.72012102883,0.114508501628851,-3.48963588664922,-2.1178207959736,3.78030705451965,-6.67039464898926,-8.89941567887379,-4.00317295792402,-5.63896813276062,0,0
2019-02-01,0.048065368901,0.115233545323657,-3.49025841398559,-2.11849235782766,2.8978259563446,-5.82623403591354,-7.77783290047252,-3.49107641003536,-4.92321480883879,0,0
2019-02-04,2.8404996398,0.115257110259259,-3.49027864699595,-2.11851418452853,2.32117652893066,-5.20232476560733,-6.94898573538241,-3.11238565720608,-4.39413288769667,0,0
2019-02-05,1.710948905,0.115122522967451,-3.49016308945248,-2.1183895248813,2.47673201560974,-5.37756926819524,-7.18180524261782,-3.21872190079725,-4.5427307343476,0,0
2019-02-06,0.034447123835,0.116922221077863,-3.49170832221426,-2.12005647076116,2.34636163711548,-5.23162005218566,-6.98776632579301,-3.13054595472359,-4.4191152538573,0,0
2019-02-07,-1.893939394,0.117827447435464,-3.49248555558274,-2.12089492435424,2.05377840995789,-4.88725701403805,-6.53028410116278,-2.9216291405338,-4.12712698682218,0,0
2019-02-08,0.11750190933,0.116819833269225,-3.4916204113611,-2.11996163544696,2.09782266616821,-4.94039508480345,-6.60092637932546,-2.95370340391876,-4.17212342989379,0,0
2019-02-11,-0.57508362188,0.115496743353176,-3.49048439756344,-2.11873614142023,1.90521490573883,-4.7024022004821,-6.2848440696822,-2.80898463382754,-3.97020546928682,0,0
2019-02-12,0.86171280182,0.113772096077639,-3.48900360394741,-2.11713871035469,1.78405666351318,-4.54644061386361,-6.07770827248895,-2.71406010092581,-3.83785358387062,0,0
2019-02-13,-0.41547194096,0.112945457448228,-3.4882938465248,-2.11637304757522,1.72220587730408,-4.46484168849643,-5.96931681397388,-2.66443103646884,-3.76862045687628,0,0
2019-02-14,0.36432013167,0.111921912480569,-3.48741502401117,-2.11542500297995,1.58922159671783,-4.28446456437018,-5.72966928225262,-2.55487450029511,-3.61563326734771,0,0
2019-02-15,-0.22248243558,0.113244326318692,-3.48855045732383,-2.11664987079871,1.48943936824799,-4.14427299218891,-5.54339455797565,-2.46996998930726,-3.49681676453684,0,0
2019-02-19,0.29926065017,0.112691336600177,-3.4880756566753,-2.11613767159844,1.39582395553589,-4.00829543103276,-5.36272515765744,-2.38741938389344,-3.38150129214606,0,0
2019-02-20,0.64353829057,0.111684574753515,-3.48721124426093,-2.11520517214057,1.31318330764771,-3.88445761852049,-5.19816482073213,-2.31221809238008,-3.27647440849131,0,0
2019-02-21,-0.56385514154,0.111724899076117,-3.48724586699238,-2.11524252199554,1.25180876255035,-3.78995433199244,-5.07259530182357,-2.25489854289558,-3.19634990717479,0,0
2019-02-22,1.1165672864,0.112138498272873,-3.48760098601228,-2.11562561262221,1.23533189296722,-3.76417254720983,-5.03835053387035,-2.23928385858637,-3.17449847612135,0,0
2019-02-25,0.72845002014,0.112817625042869,-3.48818408877175,-2.11625464454962,1.23992478847504,-3.77134198589568,-5.04789684448115,-2.24367234441718,-3.18059045959032,0,0
2019-02-26,0.057395397016,0.111804612814677,-3.48731430973824,-2.11531635576093,1.18379807472229,-3.68248001675006,-4.92979271758096,-2.18971214835534,-3.10522804902414,0,0
2019-02-27,0.30975735681,0.111173187755321,-3.48677216398464,-2.11473150689376,1.09067809581757,-3.53025597383632,-4.72749684246485,-2.09735797401103,-2.97615742703676,0,0
2019-02-28,-0.98358780824,0.11225295466275,-3.48769925902952,-2.11573162629552,1.02284646034241,-3.41506210338801,-4.57449092172213,-2.02751067458521,-2.8784960004645,0,0
2019-03-01,1.0511117529,0.111434055969554,-3.4869961471676,-2.11497313252662,1.01327836513519,-3.3986365500581,-4.55261841240278,-2.01753446355405,-2.86456665473459,0,0
2019-03-04,0.50294336179,0.111941091360091,-3.48743149112462,-2.11544276715607,1.0037829875946,-3.38208062799402,-4.53064980386715,-2.00749924554824,-2.85053089342085,0,0
2019-03-05,-0.18197327263,0.110852132828812,-3.4864965040904,-2.11443413413782,0.954827845096588,-3.29598813531424,-4.41618435201197,-1.95527337283729,-2.77753750149364,0,0
2019-03-06,-0.57540021662,0.111261414094417,-3.4868479157059,-2.11481322533953,0.904228210449219,-3.20441417158373,-4.29453019632933,-1.89973383119375,-2.69989688673803,0,0
2019-03-07,-1.157460463,0.11075887362093,-3.48641643111454,-2.11434775406583,0.87774670124054,-3.15559972835671,-4.22962791852679,-1.87013414662486,-2.65851403574861,0,0
2019-03-08,0.23768115952,0.110559669996318,-3.48624539355816,-2.1141632444198,0.893113493919373,-3.18410545648027,-4.26749181891623,-1.88742358325924,-2.68268297067864,0,0
2019-03-11,3.4642299463,0.110252367490591,-3.48598154158384,-2.11387860965644,0.869633734226227,-3.14057024714919,-4.20961682033372,-1.86102725831955,-2.64577609098894,0,0
2019-03-12,1.1235326998,0.111427850741035,-3.48699081931714,-2.11496738501817,1.12548589706421,-3.58788305389547,-4.80408192020168,-2.13231820875688,-3.02501855076233,0,0
2019-03-13,0.44220883319,0.111429050585587,-3.48699184951165,-2.11496849635785,1.14143645763397,-3.61400433497396,-4.83879097861819,-2.14816161832913,-3.04716539254042,0,0
2019-03-14,1.1116614385,0.110075633606124,-3.48582979669573,-2.1137149123014,1.06077170372009,-3.48011195382696,-4.66080900418028,-2.06691908045308,-2.93363641800721,0,0
2019-03-15,1.3008218582,0.110328688462504,-3.48604707127769,-2.1139493009179,1.0596364736557,-3.47816094806472,-4.65822962780872,-2.06574208837514,-2.931984009945,0,0
2019-03-18,1.0208467655,0.110917494608234,-3.48655262414873,-2.1144946745964,1.08454704284668,-3.52003378757639,-4.71390121068158,-2.09115084553991,-2.96748858076002,0,0
2019-03-19,-0.79246888627,0.112377169015256,-3.48780591029834,-2.1158466781489,1.08467066287994,-3.52008630729906,-4.71404269163543,-2.09122474506013,-2.96754522415292,0,0
2019-03-20,0.87385407169,0.112016718155833,-3.48749642479421,-2.1155128154463,1.05791282653809,-3.47504387102106,-4.65417628238735,-2.06389164758073,-2.92935200376651,0,0
2019-03-21,3.6830357145,0.112250662327839,-3.48769729081552,-2.11572950305151,1.04769289493561,-3.4576471389046,-4.63107353916033,-2.05334384635731,-2.91460309708495,0,0
2019-03-22,-2.0708391,0.115340945303142,-3.49035062832195,-2.11327197973276,1.44320380687714,-4.07773655718983,-5.45500564651897,-2.42340491104836,-3.43794248448798,0,0
2019-03-25,-1.2091075634,0.116104281206491,-3.49100603360313,-2.11121007285893,1.59735369682312,-4.29605462119021,-5.74502495227931,-2.55217936772778,-3.62288080617894,0,0
2019-03-26,-1.0331673201,0.114447805271947,-3.48958377235368,-2.1099348641152,1.5857549905777,-4.27987211829871,-5.72354352351056,-2.54252489281121,-3.60908894988184,0,0
2019-03-27,0.89940574981,0.114204827959699,-3.4893751504181,-2.10974781232251,1.59926438331604,-4.29852965621952,-5.7483332665484,-2.55382498340687,-3.62488675441527,0,0
2019-03-28,0.1326471056,0.113173386471084,-3.48848954789907,-2.10895377530844,1.56744706630707,-4.25433620865023,-5.68962769310598,-2.52718878829139,-3.58739222302198,0,0
2019-03-29,0.65175922009,0.112972008361669,-3.48831664331559,-2.10879874792738,1.41386687755585,-4.03485046455214,-5.39801059936385,-2.39451906308874,-3.40141593956976,0,0
2019-04-01,0.67912608592,0.113735309840276,-3.48897201903946,-2.10938636209027,1.32724046707153,-3.90576710433734,-5.22651948942771,-2.31640271608446,-3.29206865593703,0,0
2019-04-02,1.45367078,0.114551202175313,-3.48967254962228,-2.1100144623952,1.26884627342224,-3.81632332536993,-5.10770718597992,-2.26223400762298,-3.2163025605194,0,0
2019-04-03,0.6854963407,0.115683787178985,-3.49064499463572,-2.11088636295806,1.31639242172241,-3.88927793105214,-5.20465250226074,-2.30622365060829,-3.27815460438212,0,0
2019-04-04,0.17404658302,0.113232743057637,-3.48854051185888,-2.10899946992832,1.25366020202637,-3.79278031065699,-5.07639268636832,-2.24815002770678,-3.19632007349566,0,0
2019-04-05,0.66942613321,0.112602519963739,-3.48799939812082,-2.10851430380965,1.13072896003723,-3.59638745106362,-4.81543304135751,-2.12950176790141,-3.02990680168359,0,0
2019-04-08,1.573604061,0.11225998562254,-3.48770529585834,-2.10825060979646,1.06850433349609,-3.49292807987336,-4.67795181255482,-2.06700669339947,-2.94224503228903,0,0
2019-04-09,-0.29985007504,0.112673924278973,-3.48806070634056,-2.10856927316068,1.10995578765869,-3.56215287472876,-4.76994975212046,-2.10879741034825,-3.00090197822679,0,0
2019-04-10,0.5614035088,0.11150102968614,-3.48705365124589,-2.1076663409725,1.036541223526,-3.43869160614287,-4.60584580423257,-2.03432816334385,-2.89628620478728,0,0
2019-04-11,-0.8324194996,0.111687041412335,-3.48721336215059,-2.10780953881482,0.986029446125031,-3.35108149242368,-4.48944472236043,-1.98134707733344,-2.82206226781315,0,0
2019-04-12,-0.040211108353,0.11092873248913,-3.48656227306798,-2.10722576808253,0.964725077152252,-3.3135873519935,-4.43957531285911,-1.95879725295413,-2.79029373899824,0,0
2019-04-15,0.18102277863,0.110113705678617,-3.48586248563027,-2.10659833408638,0.888746082782745,-3.17612495326607,-4.25685335112511,-1.87584670236411,-2.67383913204739,0,0
2019-04-16,0.010038648906,0.109925659370348,-3.48570102781988,-2.10645356995698,0.835041046142578,-3.07532816841607,-4.12289236054908,-1.81496383723583,-2.58845007937831,0,0
2019-04-17,1.9473023838,0.110158446240915,-3.48590090017449,-2.10663277681811,0.786279082298279,-2.98087281653127,-3.9973937063467,-1.75784295678217,-2.50842981605405,0,0
2019-04-18,0.3593757694,0.111261288402901,-3.48684780778633,-2.10748178037959,0.865711569786072,-3.13302822488553,-4.19967422208455,-1.84961610471529,-2.63732385746421,0,0
2019-04-22,0.32865692137,0.112104725531391,-3.48757198851192,-2.10813108555729,0.855671942234039,-3.11398785690976,-4.17444162709821,-1.83797001997425,-2.62118783539235,0,0
2019-04-23,1.4423311985,0.112323676566412,-3.48775998132615,-2.10829964114478,0.814221262931824,-3.03482898444672,-4.06928125227473,-1.79008384613214,-2.55411877756267,0,0
2019-04-24,-0.15423173318,0.113765025679729,-3.48899753325676,-2.10940923830447,0.846774816513062,-3.09682335119018,-4.15177053695897,-1.82732112242101,-2.60663440576801,0,0
2019-04-25,-0.90751110256,0.113962057447816,-3.48916670604269,-2.10956091973142,0.812340199947357,-3.03082101051648,-4.06409798396683,-1.78738345571478,-2.55070734722912,0,0
2019-04-26,-0.47739672636,0.113518731724305,-3.4887860636293,-2.10921963325261,0.812511384487152,-3.03125256018808,-4.06463289931332,-1.78771947262996,-2.55107723342105,0,0
2019-04-29,0.15173764077,0.113553972407372,-3.48881632151406,-2.10924676267009,0.796178340911865,-2.99947587644304,-4.02241745257244,-1.76850215370406,-2.52415214684583,0,0
2019-04-30,-1.925614584,0.11352591190167,-3.48879222857732,-2.10922516078535,0.767499268054962,-2.94290153658946,-3.94725016200455,-1.73430372486099,-2.47621643590582,0,1
2019-05-01,4.9085563363,0.111679660444688,-3.4872070248027,-2.11074088506926,0.837051331996918,-3.07878381222805,-4.12763029062789,-1.81944792853791,-2.59295351022002,0,0
2019-05-02,-0.65076952324,0.114270991365754,-3.48943195875839,-2.11253230641976,1.41941404342651,-4.04300907786797,-5.4088620061039,-2.40258234089299,-3.41045782303034,0,0
2019-05-03,1.2431269426,0.114995438247941,-3.49005397366747,-2.11303312613425,1.35495388507843,-3.94751416540438,-5.28200447205185,-2.34462765999753,-3.32951969252279,0,0
2019-05-06,-1.544273908,0.114831594939063,-3.48991329671325,-2.11291985908708,1.3276526927948,-3.906379552559,-5.22735441227535,-2.31975521818689,-3.29463679733848,0,0
2019-05-07,-2.6957022255,0.113130052604882,-3.48845234115348,-2.11174356035911,1.31477975845337,-3.88686356840266,-5.20139188337956,-2.30827633182265,-3.2780317438123,0,1
2019-05-08,0.019718031945,0.111297766862348,-3.48687912843412,-2.11636179107529,1.55587613582611,-4.23805268609091,-5.66800448056191,-2.5285411193109,-3.57903633613887,0,0
2019-05-09,-1.0744208969,0.111438881279343,-3.48700029021066,-2.1165052601527,1.44409072399139,-4.07890073348712,-5.45652841966185,-2.43197238868177,-3.44400508754515,0,0
2019-05-10,-1.3853463366,0.110874541887858,-3.48651574465747,-2.11593150409312,1.43503618240356,-4.06572711495427,-5.43901979845923,-2.4238631942895,-3.43280421066748,0,0
2019-05-13,-5.8119484735,0.110202150424004,-3.48593842487663,-2.11524789298495,1.54417419433594,-4.22159246115069,-5.64613794412092,-2.51830653452249,-3.56501715962619,1,1
2019-05-14,1.5830282146,0.10865066750532,-3.52993005998589,-2.12870162804614,3.29936718940735,-6.30317087372955,-8.39422162052733,-3.75795709004966,-5.29964594011867,0,0
2019-05-15,1.1979221881,0.109695876227919,-3.5309909240991,-2.12983792904795,3.10624504089355,-6.11351414231177,-8.14216738287959,-3.64404606840728,-5.13956564932178,0,0
2019-05-16,-0.43997485845,0.111113863481995,-3.53243015031136,-2.13137949706447,2.77841925621033,-5.77694947445502,-7.69521362910551,-3.44159544480817,-4.85552482214399,0,0
2019-05-17,-0.56818181829,0.110393871434234,-3.53169937404748,-2.13059675609851,2.39553022384644,-5.35579401883017,-7.13715196393713,-3.18723736887011,-4.50035459563518,0,0
2019-05-20,-3.126984127,0.110417498947879,-3.53172335545978,-2.13062244280284,2.15768694877625,-5.07735466711895,-6.7679639324303,-3.01926812268568,-4.26548740256157,0,1
2019-05-21,1.9170899557,0.108516358363577,-3.52979373912914,-2.13418844961149,2.71683764457703,-5.70958350818787,-7.60711375610303,-3.40923069757168,-4.79988944586502,0,0
2019-05-22,-2.0471596999,0.108177119234965,-3.5294494187943,-2.13387769281168,2.7966902256012,-5.79422976746324,-7.71952921563325,-3.46037221946782,-4.87133740150052,0,0
2019-05-23,-1.7069701281,0.107370831230376,-3.52863105401175,-2.13313910030008,2.69622945785522,-5.68671169295838,-7.5773143029298,-3.39528608969101,-4.78071848743496,0,0
2019-05-24,-0.38405877758,0.105374347035904,-3.52660466599115,-2.13131023980957,2.56631588935852,-5.54414934471511,-7.38912263934781,-3.30892604517764,-4.66066759638692,0,0
2019-05-28,-0.41347711913,0.10504352031065,-3.52626888406269,-2.1310071891124,2.24062657356262,-5.17333056627107,-6.89733557727522,-3.08480203462357,-4.34787546609883,0,0
2019-05-29,-0.47691185546,0.103719515093487,-3.52492504757317,-2.12979434663781,1.95433592796326,-4.82403988205874,-6.43442015340663,-2.87368112860866,-4.0533618520651,0,0
2019-05-30,0.51866050289,0.103218841956461,-3.52441687523205,-2.12933570973926,1.72277235984802,-4.52273419730464,-6.03480162507548,-2.69162846095432,-3.79923820956402,0,0
2019-05-31,-1.8115535614,0.103797366475424,-3.52500406503205,-2.12986566166097,1.56327342987061,-4.30354811727052,-5.74381141602433,-2.55919354976957,-3.6142631561314,0,0
2019-06-03,-1.0110241617,0.101673286198346,-3.52284816976366,-2.12789711466932,1.61342465877533,-4.3730715047257,-5.83666052468355,-2.60119554908491,-3.67316786116642,0,0
2019-06-04,3.6583958454,0.100987223512724,-3.52215183106417,-2.12715584007688,1.53656399250031,-4.26500943790486,-5.69343955143958,-2.53579725981961,-3.58209227261116,0,0
2019-06-05,1.6143397908,0.101909719969181,-3.52308814489705,-2.12813650090684,2.6765444278717,-5.66191462899711,-7.54694619995981,-3.37975309326969,-4.76039429183925,0,0
2019-06-06,1.4681713596,0.102532433268585,-3.5237201853478,-2.12870693154353,2.47181534767151,-5.43746325231538,-7.24882054474818,-3.24422230215597,-4.57098034483457,0,0
2019-06-07,2.6616996005,0.103150121856764,-3.52434712582598,-2.12927275934096,2.3010618686676,-5.24302062180797,-6.99055308855579,-3.12679724849571,-4.40688004350626,0,0
2019-06-10,1.2779384697,0.104216687474333,-3.52542966672293,-2.13024977670173,2.46142315864563,-5.426802894031,-7.2339511962862,-3.23791585870891,-4.56180044106577,0,0
2019-06-11,1.1579603281,0.104036405733655,-3.52524668467847,-2.13008463131586,2.53973150253296,-5.51398533873284,-7.34969830163838,-3.29058043861291,-4.63536819954542,0,0
2019-06-12,-0.31825881624,0.104354963974132,-3.52557001436179,-2.13037644358342,2.23634362220764,-5.16792679258968,-6.89043810367799,-3.08149719960895,-4.34339463016417,0,0
2019-06-13,-0.020598383071,0.103475691254584,-3.52467757168147,-2.12957099411299,1.93465459346771,-4.79906395496145,-6.40136594637426,-2.85858424635554,-4.03232035249672,0,0
2019-06-14,-0.72624259592,0.103680756808639,-3.5248857087573,-2.12975884247703,1.61916983127594,-4.38161661399374,-5.84742510081085,-2.60636505059802,-3.68013610309191,0,0
2019-06-17,0.59665871122,0.10349493684698,-3.52469710553903,-2.12958862385614,1.48013377189636,-4.18467794315117,-5.58617453569546,-2.48737852232815,-3.51402027694746,0,0
2019-06-18,2.3518489865,0.104029015504406,-3.52523918375656,-2.13007786156615,1.37829339504242,-4.03462790270436,-5.38695617640354,-2.39669817450145,-3.38737225323246,0,0
2019-06-19,-0.29226505403,0.104584182389365,-3.52580266606623,-2.13058641694783,1.52310538291931,-4.2467554098771,-5.66824864755328,-2.52486105572258,-3.56625758634286,0,0
2019-06-20,0.80355789141,0.104658858537489,-3.52587846073188,-2.13065482332804,1.40856432914734,-4.07995781171128,-5.4469433856195,-2.42406520031557,-3.42553603862505,0,0
2019-06-21,-0.34092048527,0.105446170701577,-3.52667756544916,-2.13137603320017,1.33257484436035,-3.96565186242398,-5.29511641205689,-2.35495476348676,-3.32900929818507,0,0
2019-06-24,-0.10061374387,0.104693958697473,-3.5259140866306,-2.13068697649809,1.21798670291901,-3.78659067853351,-5.05773503068453,-2.24678406790363,-3.17804349259682,0,0
2019-06-25,-1.5157619095,0.103894149319398,-3.52510229751302,-2.12995431867112,1.09576642513275,-3.58614283717912,-4.7919501952603,-2.12571780293337,-3.00904397346557,0,0
2019-06-26,2.1629084215,0.103675422191205,-3.52488029423667,-2.12975395575112,1.11688852310181,-3.62152194171036,-4.83893020898675,-2.14711131649465,-3.03891751968428,0,0
2019-06-27,-0.030030030121,0.106288003666185,-3.48257771244958,-2.12613305276611,1.25263857841492,-3.79145955101801,-5.11368791596625,-2.27330854567351,-3.20856721182159,0,0
2019-06-28,-0.91118453993,0.105160739313554,-3.48160983578249,-2.12490754480248,1.1326904296875,-3.60024454167819,-4.85756138345232,-2.15633437631037,-3.04593024906456,0,0
2019-07-01,1.8340743734,0.10464538895091,-3.48116735253514,-2.12434728050245,1.06810986995697,-3.49312021980877,-4.71406224409395,-2.09085480189397,-2.95482582653411,0,0
2019-07-02,0.58546266446,0.104961386354704,-3.48143867000675,-2.12469081778715,1.12938404083252,-3.59484989394685,-4.85032802380045,-2.15300027832307,-3.04133959461874,0,0
2019-07-03,0.82868840327,0.104496476304203,-3.48103949514672,-2.12418538978534,1.08581554889679,-3.52283278206087,-4.7538511046814,-2.1089572421332,-2.98009104102088,0,0
2019-07-05,-0.088058314122,0.104869050910598,-3.4813593901806,-2.12459043510245,1.03916275501251,-3.44400548012405,-4.64829179028083,-2.06092426111622,-2.91306147993393,0,0
2019-07-08,-2.0614013611,0.104752355855984,-3.48125919503094,-2.12446356981268,0.917891919612885,-3.23052636729067,-4.36236177161026,-1.93062557653421,-2.73152091261744,0,1
2019-07-09,0.60993900606,0.10439454027709,-3.48095197219618,-2.13041269708196,0.996151208877563,-3.36985224545965,-4.54894703069359,-2.02191444768059,-2.85104832746004,0,0
2019-07-10,0.98886901214,0.104148928415411,-3.48074108821895,-2.13018770665576,0.978476464748383,-3.33892947212213,-4.50751446718309,-2.00298949296886,-2.82474194856876,0,0
2019-07-11,-0.72823894106,0.104405095590855,-3.48096103505875,-2.13042236617745,0.961710512638092,-3.30926339645833,-4.46779612986561,-1.98483279961416,-2.79950715783561,0,0
2019-07-12,0.7682775713,0.104547870310242,-3.48108362238197,-2.1305531536107,0.92192929983139,-3.23788939565007,-4.37220916439356,-1.94114853639225,-2.73879137605821,0,0
2019-07-15,0.93949827824,0.10555652525092,-3.48194966021945,-2.13147712244285,0.896824538707733,-3.19187836937804,-4.31065767630781,-1.91296979663835,-2.69964930561183,0,0
2019-07-16,-0.34598703751,0.105964468956259,-3.48229992339682,-2.13185081542129,0.890033066272736,-3.17929173544351,-4.29383098905418,-1.90525692847746,-2.68894073326471,0,0
2019-07-17,-0.56234718832,0.105490140760161,-3.48189266205437,-2.13141631155706,0.850104331970215,-3.10485328482241,-4.19410069381282,-1.85969919938148,-2.62561536460141,0,0
2019-07-18,1.1359724611,0.104352155492034,-3.48091558033797,-2.13037387089992,0.822596788406372,-3.05273808456604,-4.12420662095284,-1.82783562679249,-2.58128866281072,0,0
2019-07-19,-1.4927550325,0.104189766975367,-3.48077615247802,-2.13022511643291,0.834724366664887,-3.07596049231602,-4.1552968852102,-1.84205315690536,-2.60104434534739,0,0
2019-07-22,2.2854040179,0.104005080080815,-3.48061757908258,-2.13005593574743,0.88164621591568,-3.16415622160954,-4.27341204716655,-1.8960326205506,-2.67606963647191,0,0
2019-07-23,0.7817778207,0.104592519133418,-3.48112195815837,-2.13059405374349,1.01130855083466,-3.39615732659574,-4.58419088556266,-2.03801463298712,-2.87342683224162,0,0
2019-07-24,-0.081402030355,0.105001551115452,-3.48147315573734,-2.13096874362752,0.985854148864746,-3.35175970012848,-4.52475108313601,-2.010841326617,-2.83566097001368,0,0
2019-07-25,-0.79072219278,0.10460302978396,-3.4811309826728,-2.13060368192565,0.896009087562561,-3.19055746108158,-4.3088183035009,-1.91217861656007,-2.69852703599889,0,0
2019-07-26,0.34779248381,0.103949421109953,-3.48056978992018,-2.13000494987285,0.868092358112335,-3.13894875833325,-4.23964451089673,-1.88060758853589,-2.65462702023461,0,0
2019-07-29,0.9338596321,0.102543855815284,-3.47936296221415,-2.12871739505956,0.834615468978882,-3.07610790402787,-4.15535770393272,-1.84219469762061,-2.60118076098362,0,0
2019-07-30,-0.42922548646,0.102326050973678,-3.4791759535292,-2.12851787699147,0.831747889518738,-3.0706898376714,-4.14808185592204,-1.83888679171342,-2.59657373101087,0,0
2019-07-31,2.0404253281,0.102050062669921,-3.47893898813686,-2.12826506051239,0.806917190551758,-3.0230310655263,-4.08421652784103,-1.8097399971979,-2.55603870532874,0,0
2019-08-01,-2.1639128802,0.103091591095324,-3.47983325136687,-2.12921914278974,0.889852225780487,-3.1795039800349,-4.29390082785103,-1.90544296306525,-2.6891271433599,0,1
2019-08-02,-2.1158182602,0.102117464497552,-3.47899685979414,-2.12843597101887,1.13572120666504,-3.60545718779609,-4.86442011672144,-2.16616145991818,-3.05378503110778,0,0
2019-08-05,-5.2347809038,0.10104049770003,-3.47807216894224,-2.12738215477712,1.42059886455536,-4.04443469746346,-5.45245379170835,-2.43456242394493,-3.42740545616477,1,1
2019-08-06,1.8930381711,0.0992934756958087,-3.52043271388026,-2.12878536206442,2.63823509216309,-5.61882032612452,-7.52964249445455,-3.35841696766525,-4.73741595876814,0,0
2019-08-07,1.0355329949,0.100375740956656,-3.52153118957357,-2.12978383154422,2.47413301467896,-5.43877343623496,-7.28895490416854,-3.24964154499637,-4.58499768607693,0,0
2019-08-08,2.2055868167,0.0999567667152115,-3.52110593983397,-2.12939729692278,2.31849956512451,-5.26149744454987,-7.0526386344435,-3.14239557942903,-4.43509473026088,0,0
2019-08-09,-0.82404026443,0.101014171144832,-3.52217918232447,-2.13045007989216,2.5513916015625,-5.52498944122559,-7.40368125124003,-3.30196995459121,-4.65785188707942,0,0
2019-08-12,-0.25374396728,0.100688159325199,-3.52184828742046,-2.13007345793196,2.24269938468933,-5.17350675507032,-6.93495872854523,-3.0892342002612,-4.36058137604637,0,0
2019-08-13,4.2348363926,0.101563362718871,-3.52273659982356,-2.12786416473333,1.93490469455719,-4.79859325102473,-6.43452790566991,-2.8583138135901,-4.04049138633399,0,0
2019-08-14,-2.9765038043,0.102370871955312,-3.52355620412986,-2.1287201764198,2.714595079422,-5.70305029521517,-7.6405577145697,-3.40491451111471,-4.80493149211907,0,0
2019-08-15,-0.49815043158,0.100924382865529,-3.52208804917447,-2.12727511279826,3.56489515304565,-6.54910538614935,-8.76983354918711,-3.91556885338637,-5.52024822674623,0,0
2019-08-16,2.3594725884,0.0998586505401138,-3.52100635405092,-2.12613486405877,2.94439792633057,-5.94192348059279,-7.96042959032314,-3.54842889522645,-5.00712438500932,0,0
2019-08-19,1.8644067797,0.10075984644281,-3.52192104828517,-2.12712343274499,3.06056618690491,-6.0606557559016,-8.11835614655173,-3.62053070122826,-5.10738652335324,0,0
2019-08-20,0.004753981375,0.101720104100126,-3.52289568891537,-2.12800865882567,2.87627577781677,-5.87296534923392,-7.86750479228565,-3.50729461026091,-4.94863067759345,0,0
2019-08-21,1.0838562463,0.101466165069474,-3.52263794632411,-2.12777456180897,2.5427680015564,-5.51575311558339,-7.39115775661557,-3.29149572190168,-4.64671045800105,0,0
2019-08-22,-0.084650112785,0.101831520374067,-3.52300877400937,-2.12811527459984,2.26995420455933,-5.20606286168504,-6.97792391585642,-3.10446509567648,-4.38489102008232,0,0
2019-08-23,-4.6220465028,0.101964439788685,-3.52314368432333,-2.12826434841107,1.91674876213074,-4.77571158496163,-6.40386847310128,-2.84454723180933,-4.02110283127639,0,1
2019-08-26,1.8999210422,0.0998294933791897,-3.52097676016695,-2.12927987788864,2.7164797782898,-5.70335525426323,-7.64217168160311,-3.4095956896031,-4.82254200047411,0,0
2019-08-27,-1.1283839411,0.100750211931579,-3.52191126946588,-2.13014514359745,2.78639245033264,-5.77819689147912,-7.74157043725962,-3.45499258328535,-4.88591634440657,0,0
2019-08-28,0.67104231985,0.100826396961401,-3.52198859561362,-2.13023315560666,2.42873787879944,-5.38798449898843,-7.22100718904493,-3.21901596992459,-4.55491956808212,0,0
2019-08-29,1.6931834769,0.100708774826284,-3.52186921170554,-2.13009727378758,2.06823372840881,-4.96421637963741,-6.65576282135931,-2.96265974198374,-4.19548323758501,0,0
2019-08-30,-0.12918042203,0.0995003482249927,-3.52064268499653,-2.12897621722172,1.96332466602325,-4.833577982792,-6.4819224709637,-2.88359319011781,-4.08482076081248,0,0
2019-09-03,-1.4563571907,0.098197525159686,-3.51932034793029,-2.1277742669094,1.73034596443176,-4.53120850187529,-6.07892522954118,-2.70073239356548,-3.82850788171432,0,0
2019-09-04,1.6966456004,0.0975546696799322,-3.51866786360471,-2.12718118534274,1.65606081485748,-4.43054956091033,-5.94480521184047,-2.63987281650366,-3.74320837830484,0,0
2019-09-05,1.9551603806,0.0984871477623011,-3.51961430857073,-2.12804146510917,1.65719854831696,-4.43239062613095,-5.94698392228688,-2.64098795685558,-3.74465344004616,0,0
2019-09-06,-0.0093773443041,0.0995650562421194,-3.52070836222608,-2.12903591513732,1.67864859104157,-4.4619587623045,-5.98611042310066,-2.65887075787899,-3.76959892875531,0,0
2019-09-09,0.42670918119,0.100579716734692,-3.52173822055044,-2.12693775019381,1.43964552879334,-4.12498596808002,-5.53628533178045,-2.45143142325039,-3.48324968566201,0,0
2019-09-10,1.1813045712,0.10176810348598,-3.5229444072477,-2.1280529076873,1.26996040344238,-3.86832672262529,-5.19364370680178,-2.29638834233226,-3.2654200691394,0,0
2019-09-11,3.1795108445,0.101416323832227,-3.52258735855269,-2.12772861501254,1.23642635345459,-3.81551447441287,-5.12327595440265,-2.26450533946309,-3.22067220682887,0,0
2019-09-12,-0.22585983279,0.104312802309184,-3.52552722118917,-2.13033782178844,1.58532965183258,-4.33467410039429,-5.81494647972059,-2.57799287736814,-3.65507139251123,0,0
2019-09-13,-1.9432055045,0.104048247000274,-3.52525870330646,-2.13009547839631,1.41803002357483,-4.09386738964967,-5.4939040519202,-2.43249215156119,-3.4511633670885,0,0
2019-09-16,0.52571428569,0.103383438928837,-3.52458393757794,-2.12948648724127,1.483851313591,-4.19003335229543,-5.62231756816785,-2.49061721559655,-3.53268492148212,0,0
2019-09-17,0.36380172824,0.103155159492675,-3.52435223891683,-2.12927737401976,1.35437250137329,-3.99839824703322,-5.36680714716495,-2.37484484584543,-3.37041769381329,0,0
2019-09-18,0.93792478474,0.102620941065935,-3.52381001883648,-2.12878800827538,1.22206544876099,-3.79284775557088,-5.09278995807632,-2.25069180953198,-3.19640355851075,0,0
2019-09-19,-0.81249719442,0.10293498759445,-3.52412876923033,-2.12907568763181,1.16365468502045,-3.69864235028319,-4.96708619544196,-2.19375915008742,-3.11658374724128,0,0
2019-09-20,-1.4618030412,0.101128619797509,-3.52229534521692,-2.12730861543629,1.14745914936066,-3.67193723523843,-4.93181721773449,-2.17763415088439,-3.09419016902778,0,0
2019-09-23,0.45469159049,0.100234231077517,-3.52138756012502,-2.12632385832132,1.17166662216187,-3.71144069034215,-4.98468801785435,-2.20137420798108,-3.12775583196341,0,0
2019-09-24,-0.47549378205,0.100364042844717,-3.52151931624446,-2.12646944679637,1.12810802459717,-3.63992718913842,-4.88926189598827,-2.15821082574771,-3.06717705036103,0,0
2019-09-25,1.5389562661,0.100422328727352,-3.52157847514723,-2.12653481646935,1.04718101024628,-3.50327451768716,-4.7069545866754,-2.07570035772815,-2.95144264402179,0,0
2019-09-26,-0.51576709056,0.100551898619483,-3.52170998576874,-2.12668013367298,1.12719285488129,-3.63842431561668,-4.88722185352847,-2.15733034245783,-3.06588086491967,0,0
2019-09-27,-0.48660693974,0.0999134634041638,-3.52106198791539,-2.12596410606297,1.06683504581451,-3.53691073292124,-4.75191381157107,-2.09594611759306,-2.97999207006203,0,0
2019-09-30,2.3535325838,0.0996448310525577,-3.52078933192305,-2.12566282540665,1.01096081733704,-3.44038727980112,-4.62318635063677,-2.03763574707206,-2.89828349722734,0,0
2019-10-01,0.27682278887,0.100797352458066,-3.52195911607465,-2.12695068886896,1.1573805809021,-3.68818345902844,-4.95355261241274,-2.18741073897615,-3.10798992705689,0,0
2019-10-02,-2.5067901511,0.101976919718466,-3.52315635118054,-2.12144624820474,1.10109412670136,-3.59497787213463,-4.82900633792668,-2.1241209570707,-3.02652807117538,0,1
2019-10-03,0.84947022297,0.101084046236755,-3.52225010402252,-2.12726045475247,1.26572287082672,-3.86160052917323,-5.18482149710276,-2.29217649545513,-3.25551078302515,0,0
2019-10-04,2.8031881169,0.100223787054378,-3.52137695966876,-2.12631214498103,1.23935973644257,-3.8200031615809,-5.12951678725757,-2.26692584430722,-3.22038132207698,0,0
2019-10-07,0.022025461476,0.101637275626533,-3.52281161981674,-2.12785820609361,1.52867710590363,-4.25395582196189,-5.70804116244273,-2.52923985188515,-3.58778953983756,0,0
2019-10-08,-1.1714965209,0.101695512401624,-3.52287072887642,-2.1279211295591,1.33309090137482,-3.96579538076939,-5.32366674390496,-2.35519277047566,-3.34369471876986,0,0
2019-10-09,1.1720142604,0.101934240122407,-3.5231130323191,-2.12815896236162,1.29927015304565,-3.91390489661204,-5.25439953401603,-2.32385907727744,-3.29971172845526,0,0
2019-10-10,1.3478394925,0.102544011797403,-3.52373193730264,-2.1287175379455,1.32656073570251,-3.95596422784538,-5.31035721848784,-2.34923660640628,-3.33526549384131,0,0
2019-10-11,2.6598287626,0.103681421519073,-3.52488638342393,-2.12975945137875,1.33891844749451,-3.975022549347,-5.33550940291161,-2.36069824534843,-3.35127327637499,0,0
2019-10-14,-0.14393971469,0.104906409611216,-3.52612971968583,-2.13088159015113,1.53773641586304,-4.26768839818645,-5.72545994422372,-2.53750397169393,-3.59903891523331,0,0
2019-10-15,-0.23317929363,0.104796909517035,-3.52601857947259,-2.13078128362403,1.38489806652069,-4.04468142001803,-5.42813175037948,-2.40274256087887,-3.41014678262119,0,0
2019-10-16,-0.40370559245,0.105351843695918,-3.52658182559066,-2.13128962583751,1.2523090839386,-3.84112655903607,-5.15659149619767,-2.27970226657578,-3.23765248369112,0,0
2019-10-17,0.38827494991,0.106101155694243,-3.52734236096645,-2.12592992057527,1.13435506820679,-3.65073384931868,-4.90259438038432,-2.15814402566469,-3.07575527183823,0,0
2019-10-18,0.48027881676,0.106061354908577,-3.52730196403493,-2.12588665106207,1.05340909957886,-3.51421040830644,-4.7205850699794,-2.07585771329386,-2.96013147895405,0,0
2019-10-21,1.7342751999,0.104569723339715,-3.52578799044542,-2.12426502046391,0.998521029949188,-3.41861003495287,-4.59336159163703,-2.01812385370714,-2.8793481177958,0,0
2019-10-22,-0.2286807201,0.105549099452261,-3.52678203589172,-2.12532975139638,1.05617702007294,-3.51894149425422,-4.72698004399309,-2.07866234714852,-2.96420175303159,0,0
2019-10-23,1.3418903151,0.105818394352847,-3.52705536435687,-2.12562251595019,0.993894994258881,-3.41045414087631,-4.58229211567585,-2.01330571938593,-2.87228522951637,0,0
2019-10-24,0.16448721126,0.105881052463581,-3.52711896097603,-2.1256906348555,0.996982097625732,-3.41591163659048,-4.58955859580005,-2.01659959529806,-2.87689965784193,0,0
2019-10-25,1.2316282124,0.106523113793993,-3.52777063925731,-2.1263886532677,0.931609213352203,-3.29847776905013,-4.43289974997803,-1.94586520223625,-2.77735863412682,0,0
2019-10-28,1.0017033012,0.106841401671709,-3.52809369452831,-2.12673468064624,0.928501725196838,-3.29278714653344,-4.4252689424516,-1.94245449599564,-2.7724990316534,0,0
2019-10-29,-2.3127885966,0.107901568849554,-3.52916974114815,-2.12788724376614,0.922324299812317,-3.28143246335245,-4.40998598169489,-1.93567275059896,-2.76274909216964,0,1
2019-10-30,-0.012330963181,0.106217339479013,-3.52746028498022,-2.13208245507542,1.02894067764282,-3.47192243158132,-4.66417998843404,-2.05649702478153,-2.92746114050097,0,0
2019-10-31,2.2609553565,0.105634180064977,-3.52686839086256,-2.13154825740185,0.962850451469421,-3.35510343180152,-4.50852237151914,-1.98594634077634,-2.82848976675834,0,0
2019-11-01,2.8380768612,0.106112971811627,-3.52735435406852,-2.13198685005941,1.06642639636993,-3.53651261382291,-4.75031005854356,-2.095545571313,-2.98223581426282,0,0
2019-11-04,0.65671175034,0.106907822516853,-3.52816111024104,-2.13271496554095,1.33786225318909,-3.97397485106249,-5.33335787631428,-2.35991817511023,-3.35303783772352,0,0
2019-11-05,-0.14368932043,0.105787067132729,-3.52702356791002,-2.13168830815632,1.2319883108139,-3.8090316431035,-5.11370672749564,-2.26027970630457,-3.21332628959277,0,0
2019-11-06,0.042779916839,0.105232943204347,-3.52646114417859,-2.13118070816516,1.08255410194397,-3.56390388797376,-4.78698424655534,-2.11217235647788,-3.00556636155923,0,0
2019-11-07,1.1541310876,0.105728877118326,-3.52696450631142,-2.1316350037432,0.967760920524597,-3.36391682361752,-4.52025904337366,-1.99126365372247,-2.83595034569208,0,0
2019-11-08,0.27367690709,0.105704422434428,-3.52693968533932,-2.13161260226098,0.975513160228729,-3.37778582604808,-4.53875391248757,-1.99964819938229,-2.84771195769828,0,0
2019-11-11,0.79188129475,0.105988000859016,-3.52722751127056,-2.13187237159856,0.919267177581787,-3.27586207189059,-4.40282250842648,-1.93801758481596,-2.76126245067595,0,0
2019-11-12,-0.091533180967,0.105679829369044,-3.52691472391302,-2.13159007401571,0.895103335380554,-3.2311306967773,-4.34322517376914,-1.91101542787078,-2.72337603169907,0,0
2019-11-13,0.95816155153,0.10557312141978,-3.52680641766612,-2.13149232520659,0.840496897697449,-3.12775425771265,-4.20540776058577,-1.84854958261618,-2.63574353188697,0,0
2019-11-14,-0.69194993757,0.106601690833029,-3.52785039324236,-2.13243453650325,0.840760231018066,-3.12818941252034,-4.20586839609252,-1.84869105071218,-2.63598342624281,0,0
2019-11-15,1.1879378615,0.106397054218444,-3.52764269153076,-2.13224708106515,0.8414146900177,-3.12946228454129,-4.20758915219195,-1.84948460192907,-2.63708828930486,0,0
2019-11-18,0.50421432898,0.106608154861455,-3.52785695409057,-2.13244045781544,0.86868691444397,-3.18147359777789,-4.27690354558813,-1.88089832546871,-2.68115907891305,0,0
2019-11-19,-0.303257207,0.10716762742928,-3.52842480657467,-2.13295295737725,0.846365690231323,-3.13891740077934,-4.22010380831856,-1.8551093206055,-2.64500809186432,0,0
2019-11-20,-1.164144354,0.107504286912008,-3.52876650862506,-2.13326135111681,0.802722871303558,-3.05408711254149,-4.10698308479122,-1.80378701671844,-2.57304274616283,0,0
2019-11-21,-0.4483453019,0.106465264708214,-3.52771192369384,-2.13230956464009,0.820539951324463,-3.08906532059351,-4.15372512915666,-1.82505878785787,-2.60282961813757,0,0
2019-11-22,-0.087782909031,0.106518055039841,-3.5277655047319,-2.1323579227248,0.816390931606293,-3.0809716831165,-4.14292913199899,-1.82016017446403,-2.595960874495,0,0
2019-11-25,1.7533807015,0.107157046113073,-3.52841406676894,-2.13294326446247,0.768982648849487,-2.98696767081657,-4.017544602075,-1.76325621874089,-2.51617967101841,0,0
2019-11-26,-0.78086871645,0.1060793816094,-3.52732026074406,-2.13195608007191,0.818525969982147,-3.08517279861716,-4.14857827716564,-1.82275298566807,-2.59957793647401,0,0
2019-11-27,1.3432214611,0.106386365041301,-3.52763184224852,-2.13223728934539,0.817387342453003,-3.08292711316894,-4.14555052092044,-1.82135820405102,-2.59763533573955,0,0
2019-11-29,-0.22028076464,0.107624691410268,-3.5288887165712,-2.13337164652028,0.851053416728973,-3.14786536308544,-4.23197771731799,-1.86046519059034,-2.65253730551011,0,0
2019-12-02,-1.156220767,0.109537726939429,-3.48536794645576,-2.12966599669505,0.807005703449249,-3.02149015382153,-4.10715643899104,-1.80361569467892,-2.56766707833535,0,0
2019-12-03,-1.7830102967,0.107984452242576,-3.48403429447506,-2.12797735063235,0.809502065181732,-3.02668247463003,-4.11400666333705,-1.80660640948896,-2.57211315804448,0,0
2019-12-04,0.88263634607,0.106695582544796,-3.48292766238429,-2.1265761530561,0.887512505054474,-3.17449680340616,-4.31299064970113,-1.89670677258073,-2.69848914276521,0,0
2019-12-05,1.4671047604,0.106670833587847,-3.48290641276533,-2.12654924717216,0.903208255767822,-3.20338831368629,-4.35190489404966,-1.91434350143196,-2.7231892224836,0,0
2019-12-06,1.9316213569,0.108931181065611,-3.48484716213626,-2.11395571600436,0.930875957012177,-3.25331603222671,-4.41932217838075,-1.93065373743105,-2.763216694448,0,0
2019-12-09,-1.4000221639,0.111174116894223,-3.48677296174947,-2.11623607786166,1.00851500034332,-3.3904123140088,-4.60410193314846,-2.01405273788493,-2.88036618413173,0,0
2019-12-10,0.58444477745,0.110048762161696,-3.4858067246949,-2.11509194525864,1.040074467659,-3.44491780702705,-4.67743473359927,-2.04700748048267,-2.92691086200393,0,0
2019-12-11,0.85294994024,0.110050438561414,-3.48580816406284,-2.11509364963107,0.996194958686829,-3.36911958284436,-4.57535715856273,-2.00101536653016,-2.86215749534255,0,0
2019-12-12,0.25482882156,0.109700290528056,-3.48550752463366,-2.11473765896495,0.970824897289276,-3.32458585139028,-4.51535983406922,-1.97396017631873,-2.82410820736561,0,0
2019-12-13,1.3593162897,0.11125747524963,-3.48684453378758,-2.11632082714951,0.91048127412796,-3.21585967661219,-4.36905372833787,-1.90811770899553,-2.73123984177202,0,0
2019-12-16,1.7117935671,0.11108949180068,-3.48670030208158,-2.11615004069866,0.956777513027191,-3.29942657002642,-4.48157361605126,-1.95882276843292,-2.80263251049491,0,0
2019-12-17,0.19652683495,0.112056947745127,-3.48753096618702,-2.11713363978616,1.05437588691711,-3.46903774600831,-4.71002901056106,-2.06187530315451,-2.94755675899793,0,0
2019-12-18,-0.23893584403,0.11170592923187,-3.487229579358,-2.11677676411516,0.982074499130249,-3.34412714593875,-4.54180882325114,-1.98601290106337,-2.84083064704526,0,0
2019-12-19,0.10009294346,0.111830421834424,-3.48733646953417,-2.11690333402357,0.903200328350067,-3.2024243857941,-4.35100603012955,-1.90000787176437,-2.71976600285273,0,0
2019-12-20,-0.20712806236,0.111135753710236,-3.48674002286467,-2.11619707454272,0.848759412765503,-3.10113296611172,-4.21455179421772,-1.83847724380465,-2.63322356224879,0,0
2019-12-23,1.6318350989,0.110704820749929,-3.48637002096016,-2.11575895095791,0.808444738388062,-3.02401440770985,-4.11066323260019,-1.79164926859801,-2.56733852356636,0,0
2019-12-24,0.095070422503,0.110755143049445,-3.48641322802106,-2.11581011294432,0.856762111186981,-3.11631932162152,-4.23496984448104,-1.8476692722488,-2.64619635729953,0,0
2019-12-26,1.9840292682,0.110962151198885,-3.48659096659434,-2.11602057526879,0.814294278621674,-3.03527671937513,-4.12585302809023,-1.79849790552467,-2.57696013079169,0,0
2019-12-27,-0.037942810104,0.111687497720531,-3.48721375393984,-2.11675802505233,0.876110911369324,-3.15237235316317,-4.28359642578636,-1.86961487463997,-2.67700230817263,0,0
2019-12-30,0.59351276759,0.111922357082148,-3.48741540574904,-2.11699680331929,0.825095534324646,-3.05586338691836,-4.15366134506901,-1.81104680873454,-2.59454893362528,0,0
2019-12-31,0.73065312845,0.112412801259549,-3.48783650438017,-2.11749543113602,0.798997759819031,-3.00524826590906,-4.0855513125238,-1.78034594969382,-2.55130410932484,0,0
2020-01-02,2.2816277882,0.113383612032451,-3.48867004896362,-2.11848244103124,0.798398733139038,-3.00385334395224,-4.0837637525406,-1.77954740841445,-2.55011101776256,0,0
2020-01-03,-0.97219910094,0.113567746874783,-3.48882814836335,-2.11866964838051,0.905607044696808,-3.20651932634838,-4.35665387570829,-1.90263007453932,-2.72327860148642,0,0
2020-01-06,0.79682614378,0.112905114854226,-3.4882592081054,-2.11799595956345,0.913518249988556,-3.2211084564617,-4.3762467022238,-1.91143621183639,-2.73573847827849,0,0
2020-01-07,-0.47031354234,0.112703257082144,-3.48808589168037,-2.11779073355646,0.90227210521698,-3.20055993645322,-4.34856308102093,-1.89894390614828,-2.71817986589555,0,0
2020-01-08,1.6086329972,0.111651610732249,-3.48718294113313,-2.11672153924733,0.866448998451233,-3.13433133345275,-4.25929996146826,-1.85866142703263,-2.66158857163627,0,0
2020-01-09,2.1240806096,0.112327810025306,-3.48776353034144,-2.11740902172283,0.911859571933746,-3.21818426713536,-4.37226546084996,-1.90961440531934,-2.73323503027074,0,0
2020-01-10,0.22607628453,0.113092237219878,-3.48841987261252,-2.11818620428639,1.02942776679993,-3.42628367615292,-4.65252020612684,-2.03603473294475,-2.91104743910152,0,0
2020-01-13,2.1364354076,0.112917430972194,-3.48826978280617,-2.11800848119037,0.979315459728241,-3.33908721158086,-4.53510246303972,-1.98307157368392,-2.83654190961324,0,0
2020-01-14,-1.350328117,0.112201469469208,-3.48765505350008,-2.1172805730256,1.08272957801819,-3.51685332003494,-4.77442206427756,-2.09091985027012,-2.98841264344269,0,0
2020-01-15,-0.42855315351,0.111632582300725,-3.48716660319532,-2.116702193304,1.11607384681702,-3.57236352338562,-4.84914118983842,-2.12454467114175,-3.03582557400286,0,0
2020-01-16,1.2526498364,0.11073388054499,-3.48639497189338,-2.11578849564991,1.06680715084076,-3.49023647082942,-4.73850250578504,-2.07458697496231,-2.96564048657095,0,0
2020-01-17,1.1070930084,0.110910062760035,-3.48654624311446,-2.11596761767293,1.08283197879791,-3.5171625149868,-4.77477151369437,-2.09094918526813,-2.98864784599911,0,0
2020-01-21,-0.67768958061,0.111238372257226,-3.48682813183131,-2.11630140540115,1.07608282566071,-3.50580229171849,-4.75949077533476,-2.0840944491929,-2.97894969862373,0,0
2020-01-22,0.35695106944,0.110768035510353,-3.4864242975737,-2.11582322053114,1.0261561870575,-3.42095772882346,-4.64521052336009,-2.03254750583838,-2.9064550127782,0,0
2020-01-23,0.4815864022,0.11140361112179,-3.48697000701891,-2.11646940147099,0.975240707397461,-3.33212838171343,-4.52563146620833,-1.97870042795853,-2.83057515384271,0,0
2020-01-24,-0.28819346562,0.111487981710733,-3.48704244816747,-2.11655517988268,0.928028583526611,-3.24772786624709,-4.41198456443021,-1.92747936928197,-2.75846848147263,0,0
2020-01-27,-2.9405296723,0.111431013429042,-3.48699353482209,-2.11649726101804,0.871942043304443,-3.14464812389643,-4.27317416651454,-1.86490834796842,-2.6704016894688,0,1
2020-01-28,2.828936721,0.110148927016972,-3.48589272690553,-2.13033046422713,1.07849383354187,-3.50997011083539,-4.76504610371187,-2.10221114101977,-2.99201373084391,0,0
2020-01-29,2.0932355441,0.111721691240378,-3.48724311272329,-2.13204029837223,1.39420056343079,-4.00588491644787,-5.43291095100415,-2.40571197674942,-3.41704448926632,0,0
2020-01-30,-0.1449096625,0.112112462286019,-3.48757863134088,-2.132465125989,1.5048760175705,-4.16621841137917,-5.64881036104139,-2.50385476022943,-3.55446966595021,0,0
2020-01-31,-4.4338777907,0.111405788030168,-3.48697187612692,-2.13169686349031,1.34339606761932,-3.93016770913611,-5.330946904376,-2.35933669385193,-3.35214228154404,1,1
2020-02-03,-0.27462763701,0.109438006793889,-3.53072919223393,-2.13503271695155,2.05846476554871,-4.95622304268354,-6.64839061513103,-2.95376834089499,-4.19605995122836,0,0
2020-02-04,3.3013672002,0.109805734507968,-3.53110242786321,-2.13536957045102,1.8679051399231,-4.71619878235335,-6.32806534929518,-2.80863217622716,-3.99201502210239,0,0
2020-02-05,0.81543045308,0.110381291135208,-3.53168660531768,-2.13589680366354,2.33711743354797,-5.2887318162623,-7.09158635193587,-3.15489949888296,-4.47857615761823,0,0
2020-02-06,1.1696997977,0.110449947090414,-3.53175628961849,-2.13595969530289,2.05530428886414,-4.9527932924227,-6.64344736351043,-2.95173288780817,-4.19303920553655,0,0
2020-02-07,-1.3592651953,0.110322011212932,-3.5316264374863,-2.13584250085061,1.88292694091797,-4.73576819507622,-6.3539986627581,-2.82047647746172,-4.00859295313625,0,0
2020-02-10,0.47495547296,0.10991806487196,-3.53121644073873,-2.13547246962005,1.82671773433685,-4.66273713968318,-6.25671138725808,-2.77630371375801,-3.94656373820303,0,0
2020-02-11,-0.60332763178,0.109943161528804,-3.5312419132994,-2.13549545917552,1.64424395561218,-4.41810041401715,-5.93036346806086,-2.62836158562246,-3.73863388188926,0,0
2020-02-12,2.3747692501,0.109268722466625,-3.53055737232482,-2.13487764564237,1.48838365077972,-4.19798761520462,-5.63691304593535,-2.49526770042987,-3.55162565656539,0,0
2020-02-13,-0.71210268952,0.110049392046072,-3.53134973496321,-2.13559277063757,1.65184378623962,-4.42858519090063,-5.94431898161779,-2.63470146282999,-3.74753374526125,0,0
2020-02-14,0.024625234801,0.109583444705616,-3.5308768085501,-2.13516594397699,1.52845001220703,-4.25565714980102,-5.71376406930321,-2.53013285241544,-3.60060625765806,0,0
2020-02-18,-1.8310509309,0.10970240482397,-3.53099755048205,-2.13527491626989,1.34947836399078,-3.99215330553973,-5.3622154082975,-2.37078348713092,-3.37663052243294,0,0
2020-02-19,1.4482758621,0.108654028168195,-3.52993347098559,-2.13431456073578,1.3767067193985,-4.03312797162387,-5.41712430348397,-2.39560439545626,-3.4115747100932,0,0
2020-02-20,-1.0258945677,0.109155030930511,-3.53044197788921,-2.13477349958447,1.40043807029724,-4.06877375019183,-5.46456017769504,-2.41713819267989,-3.44181485400892,0,0
2020-02-21,-2.2635029659,0.108717711897203,-3.52999810858499,-2.13437289761428,1.31912362575531,-3.94559480361105,-5.30032719307415,-2.34267588248292,-3.3371703328412,0,0
2020-02-24,-4.7500399297,0.107261609787114,-3.52852019662314,-2.13303904902852,1.45911931991577,-4.15497948009558,-5.58004630923791,-2.46932182306228,-3.51529548263489,1,1
2020-02-25,-3.3872157758,0.104814190597808,-3.59808618152703,-2.13146044444715,2.40514874458313,-5.47529287009875,-7.22028852492885,-3.20077018831977,-4.5663408969434,0,1
2020-02-26,1.5863648987,0.103693699145072,-3.59702291712448,-2.13354557835907,4.37927150726318,-7.42369149608638,-9.77854422787797,-4.36111505240167,-6.19934752346515,0,0
2020-02-27,-6.5368187255,0.104387707266868,-3.59768148005166,-2.13434732444153,3.93800354003906,-7.03499662203483,-9.26793347669803,-4.13109726434494,-5.87389050562782,0,1
2020-02-28,-0.058496636484,0.102154836157062,-3.5955626487471,-2.15102304125202,7.12578916549683,-9.49590260063583,-12.5001345243296,-5.63982346173074,-7.96013679498747,0,0
2020-03-02,9.3100673104,0.0997174128471812,-3.59324971237172,-2.14827882405962,5.31613206863403,-8.18514461488558,-10.7805226069266,-4.85351297165795,-6.85901896236906,0,0
2020-03-03,-3.1759311937,0.102345906835115,-3.59574396083998,-2.15123816163655,15.5906429290771,-14.0954448784416,-18.539119602485,-8.39181543525448,-11.8237496715747,0,0
2020-03-04,4.6384626021,0.100403885606301,-3.59390112479107,-2.14905170185235,8.83992099761963,-10.5849846052799,-13.9315766616958,-6.28915763095531,-8.8747910321301,0,0
2020-03-05,-3.2437074719,0.102473920137847,-3.59586543609757,-2.15138228773266,13.254077911377,-12.988687889029,-17.0858250516003,-7.72988080575226,-10.8940970484005,0,0
2020-03-06,-1.3280076472,0.10228198373022,-3.59568330249067,-2.13191470795876,9.67533302307129,-11.0821618901976,-14.5827858363547,-6.52908078913955,-9.2914015802449,0,0
2020-03-09,-7.9092135764,0.101813826203392,-3.59523905525269,-2.13137387356314,8.67055320739746,-10.4846563089075,-13.7986553335479,-6.1741877170781,-8.78951594211848,0,1
2020-03-10,7.2021640304,0.0975360436873305,-3.59117975264929,-2.14582289007098,12.2870273590088,-12.4905747437196,-16.4369909858443,-7.42418610080851,-10.4898634301903,0,0
2020-03-11,-3.4730496949,0.10157664767478,-3.59501399018333,-2.15037207727416,16.185245513916,-14.3614847751563,-18.8893862083444,-8.54956171242131,-12.0640959110028,0,0
2020-03-12,-9.8754674509,0.0993620872772417,-3.59291253440493,-2.14787877432924,12.0113897323608,-12.3527572522936,-16.2540798871661,-7.34463844676545,-10.3741741225502,0,1
2020-03-13,11.980824235,0.0965389243057324,-3.59023355931514,-2.15911069263885,14.1148500442505,-13.3918734954746,-17.621993475496,-8.01518277878752,-11.2695594775122,0,0
2020-03-16,-12.864697629,0.10179423180202,-3.5952204615995,-2.16390181284189,23.6593246459961,-17.3856643371427,-22.8599925724484,-10.4236085087302,-14.6360309694448,0,1
2020-03-17,4.3970108585,0.0981373551174354,-3.59175035319864,-2.16056793832058,25.7604866027832,-18.1317159671273,-23.8456517565925,-10.8677797424483,-15.278135930319,0,0
2020-03-18,-2.447994938,0.101614473841608,-3.59433320286622,-2.18476687051167,20.6258983612061,-16.2223173161377,-21.3998083181105,-9.8206668947303,-13.7640726567803,0,0
2020-03-19,-0.76620586196,0.0975245794622296,-3.59178535716788,-2.18246997551858,18.6018524169922,-15.3937971218576,-20.3110263529981,-9.31543892815912,-13.0606135673361,0,0
2020-03-20,-6.3485578888,0.0968133978356234,-3.59097293119427,-2.18186748540733,14.8902540206909,-13.7599941342828,-18.1599394537781,-8.32255327108033,-11.6730479018062,0,0
2020-03-23,-2.1244110974,0.0933751700139124,-3.58626480563088,-2.17874778361842,23.4441394805908,-17.2710136728227,-22.7963914970878,-10.4559360927285,-14.6562439132023,0,0
2020-03-24,10.032535543,0.0930921854084644,-3.58696285629871,-2.14081969171802,16.2477016448975,-14.3653947624193,-18.9051426747879,-8.53621757061649,-12.0995415835011,0,0
2020-03-25,-0.55087491892,0.0978499632557203,-3.59175005655387,-2.18263599794306,35.2258758544922,-21.2196861495392,-27.9866602498651,-12.8563982373775,-18.0090161366974,0,0
2020-03-26,5.2623004236,0.0975640605465839,-3.5920040915386,-2.18255015894462,14.2402353286743,-13.4573074715616,-17.7593862867904,-8.13855880094061,-11.4157590173761,0,0
2020-03-27,-4.1402259712,0.0999829266384766,-3.59498994975384,-2.18466029450246,19.4141006469727,-15.7400587156169,-20.7608262515462,-9.52594385556863,-13.3540796165092,0,0
2020-03-30,2.8537983369,0.0989549752516323,-3.59639888584318,-2.18348684995095,17.5001068115234,-14.9459068740962,-19.7104181105453,-9.03525372909736,-12.6796013454778,0,0
2020-03-31,-0.20407362354,0.10182587381955,-3.59995623465592,-2.18713509617688,11.8483057022095,-12.289715934933,-16.2078367655681,-7.4265923121466,-10.4228662081741,0,0
2020-04-01,-5.2617090723,0.100969548546249,-3.59937922472839,-2.1865644005407,7.39428472518921,-9.68661868994977,-12.7820223173018,-5.84483128911382,-8.21211373396423,0,0
2020-04-02,1.6686729485,0.0981067571999213,-3.59584461792847,-2.18284389328051,9.07690048217773,-10.7354160981355,-14.1669168075002,-6.47834237232532,-9.10354191357947,0,0
2020-04-03,-1.4371453069,0.0990320038227421,-3.5976413422768,-2.18478527323046,6.04363298416138,-8.7453380751285,-11.5443901135065,-5.27200075378507,-7.41303004648442,0,0
2020-04-06,8.7237479807,0.0986348759975444,-3.59722610646464,-2.18435398061844,5.99116659164429,-8.70624498389,-11.4932854884809,-5.24797770869612,-7.37990723522619,0,0
2020-04-07,-1.158227607,0.100627670189917,-3.60075450233409,-2.18843338788689,9.50204467773438,-10.9988373394353,-14.5063920327549,-6.64530288380941,-9.32673265722201,0,0
2020-04-08,2.5594572717,0.0995979861732909,-3.60223289711859,-2.18882327808626,5.52912282943726,-8.37072375306997,-11.0424881828012,-5.04722009173772,-7.09178577253453,0,0
2020-04-09,0.72161461267,0.100010324473008,-3.60402668717053,-2.18959364160093,5.980872631073,-8.71393343618779,-11.4899212803961,-5.25482106023086,-7.38114715095324,0,0
2020-04-13,1.9627598045,0.0998188124438599,-3.60323530630804,-2.18924401639688,4.79877424240112,-7.79346618457975,-10.2811177144943,-4.69596205682028,-6.60065688428741,0,0
2020-04-14,5.0503202196,0.100737784719707,-3.60401428322058,-2.19032627887954,4.76400566101074,-7.76560084425097,-10.2443532411308,-4.68000026557542,-6.57724392889408,0,0
2020-04-15,-0.9127329733,0.103873221280482,-3.60549241722108,-2.19374474240981,6.01546478271484,-8.73911773401384,-11.5273012313315,-5.27660263902001,-7.40643892251026,0,0
2020-04-16,0.79457159936,0.104297122028021,-3.60802357634866,-2.1947151388032,4.6656641960144,-7.68908741861118,-10.1408933736816,-4.63632019155541,-6.51190339639273,0,0
2020-04-17,-1.3568663016,0.10487668588185,-3.60938282759562,-2.19523954385535,4.04553079605103,-7.15485723517852,-9.43658766746552,-4.31051944764386,-6.05744658790167,0,0
2020-04-20,-2.0756718527,0.10532128746256,-3.60781226378069,-2.19570622597495,4.00467348098755,-7.11451727007669,-9.38788697714054,-4.28865581341649,-6.02567056370367,0,0
2020-04-21,-3.0910338352,0.103270670662076,-3.60601584308346,-2.19328013796735,4.12706470489502,-7.22241481984196,-9.53009012030811,-4.35241704189639,-6.1168888664365,0,0
2020-04-22,2.8803517531,0.101540004472004,-3.60238148180774,-2.19045635494052,4.38326454162598,-7.4404949798851,-9.8220465555383,-4.48445360672613,-6.30428665752141,0,0
2020-04-23,-0.38754074631,0.102579801162956,-3.60591508709204,-2.19256278361164,4.63673114776611,-7.66206249065088,-10.1071468172365,-4.61868104550254,-6.48937504216973,0,0
2020-04-24,2.8869577867,0.101564822693703,-3.60730620233268,-2.19137498720057,3.54616069793701,-6.69144456254041,-8.82620066283746,-4.02506874253973,-5.66256377318719,0,0
2020-04-27,0.070678870543,0.101555054524453,-3.60918703362391,-2.19048916032118,4.06441211700439,-7.17470574981919,-9.45706851179002,-4.31455590650298,-6.07033534186116,0,0
2020-04-28,-1.620934421,0.100885950586658,-3.60902227572441,-2.18961533013078,3.14418268203735,-6.29857580947382,-8.30534995072333,-3.78170565009874,-5.32662555073231,0,0
2020-04-29,3.2845143227,0.09990466890918,-3.60772838652532,-2.18875698765114,3.26978993415833,-6.42379200459861,-8.47081425448879,-3.85792839102604,-5.43313342022233,0,0
2020-04-30,2.1096166545,0.101804970418583,-3.61044297092505,-2.19052818538826,3.80758833885193,-6.94326780121369,-9.15073658540834,-4.17258202271481,-5.87285526689714,0,0
2020-05-01,-1.6099387338,0.102106629544249,-3.60818115140358,-2.19175960666117,3.49307370185852,-6.64149967558136,-8.75965721986202,-3.99424088811028,-5.61982851385349,0,0
2020-05-04,1.4148822085,0.101881339749616,-3.60934443797311,-2.19089227521858,3.26332998275757,-6.41828723283157,-8.46360748515235,-3.85589747695236,-5.42891742367195,0,0
2020-05-05,1.5008868877,0.1027457061578,-3.61107588189892,-2.19135170743785,3.73080921173096,-6.87215669298792,-9.05763117025527,-4.12991646474701,-5.8129475525042,0,0
2020-05-06,1.0317246943,0.103696434759495,-3.61118539730791,-2.19268767363701,3.33592629432678,-6.49195974955913,-8.55967832310696,-3.90114198358494,-5.49144214518555,0,0
2020-05-07,1.0344942288,0.103870688062606,-3.61019165043121,-2.19340087489674,3.01103043556213,-6.16064974539561,-8.12671182161847,-3.70218891487137,-5.2118742269539,0,0
2020-05-08,2.3801663807,0.106112638323018,-3.61513638592287,-2.1936300884545,2.80682110786438,-5.95053144460318,-7.84489980774997,-3.56900090569204,-5.01756072975341,0,0
2020-05-11,1.5735336792,0.107804108688675,-3.61677855571826,-2.19510788145369,2.93637084960938,-6.08985052057301,-8.02734822822367,-3.6536980993221,-5.13551537686478,0,0
2020-05-12,-1.1428208626,0.108928447952437,-3.61703555360259,-2.19602052981365,2.83377385139465,-5.97992290755783,-7.88433738574508,-3.58781226181649,-5.04341945348632,0,0
2020-05-13,-1.2074114513,0.108717369392311,-3.61727675644534,-2.19586247647057,2.6790919303894,-5.81201657373562,-7.66315048557546,-3.48545536724295,-4.90088919258239,0,0
2020-05-14,0.61433447117,0.1079539358883,-3.6167561599342,-2.19522695368175,2.66589117050171,-5.79732529379484,-7.64364473917363,-3.47631538191201,-4.88820601662098,0,0
2020-05-15,-0.59119984498,0.106573070894301,-3.6155765029413,-2.19406650913694,2.79592680931091,-5.93904148056864,-7.8297138833054,-3.56213104965882,-5.00787083252738,0,0
2020-05-18,2.3561145234,0.106424198982182,-3.61549676605292,-2.19389691604689,2.75000929832459,-5.88920903910691,-7.764213673643,-3.53174840133577,-4.96564250346541,0,0
2020-05-19,-0.57785115569,0.107135780121755,-3.61640038548572,-2.19446717373791,2.99058032035828,-6.14681188201251,-8.10177410632532,-3.68782091380784,-5.18338615136552,0,0
2020-05-20,1.9448170147,0.107265538096928,-3.61773952695902,-2.19399880070265,2.69461941719055,-5.83136096894178,-7.68546101262392,-3.49424842861366,-4.91535167884728,0,0
2020-05-21,-0.74554396515,0.108911006807259,-3.61947872540051,-2.19548988942154,2.76542830467224,-5.91012900162082,-7.78815436166666,-3.54209580524833,-4.98191265746062,0,0
2020-05-22,0.64383777808,0.108461252771048,-3.61950850074909,-2.1948364218942,2.5632905960083,-5.68647313446722,-7.49398312979398,-3.40553327244292,-4.79228428536771,0,0
2020-05-26,-0.67734955637,0.108924984043506,-3.62021950999852,-2.19514938706828,2.39575338363647,-5.49453093286646,-7.24162609350997,-3.2887758425216,-4.6297367283721,0,0
2020-05-27,0.4357023332,0.108900397756254,-3.62075568910287,-2.19485361883422,2.20492219924927,-5.26755264056851,-6.94295612373434,-3.15023344636766,-4.43729352949587,0,0
2020-05-28,0.044009933663,0.109773841585835,-3.6202454109385,-2.19634256660823,2.05614519119263,-5.08139196919999,-6.70080770832351,-3.03961995533759,-4.28105758077447,0,0
2020-05-29,-0.097407698286,0.108754706176578,-3.62008635521229,-2.19497221126859,1.91327702999115,-4.89859426601808,-6.45985917600199,-2.92735846009266,-4.12574312703272,0,0
2020-06-01,1.2297917847,0.108338905280886,-3.62018400481501,-2.19433373565767,1.74193811416626,-4.66967056344789,-6.15887471443692,-2.78779768683112,-3.93175541010991,0,0
2020-06-02,0.46294857839,0.108075832314542,-3.62019300706564,-2.19395536279585,1.75755488872528,-4.69131561929562,-6.18690998551299,-2.80051235424503,-3.94984675969622,0,0
2020-06-03,0.55050411338,0.108119945871455,-3.62007608262413,-2.194075012472,1.58679783344269,-4.45202342979251,-5.87326864568577,-2.65571606350361,-3.74764303897744,0,0
2020-06-04,-0.86122047251,0.108444566073541,-3.62011740538276,-2.19451634052417,1.46349537372589,-4.27099293075231,-5.63615602981492,-2.54637185916128,-3.59477062329829,0,0
2020-06-05,2.848101266,0.107349932925192,-3.61858026710311,-2.1937090043928,1.3782913684845,-4.14088698546635,-5.46620310902007,-2.46807879678768,-3.48509573554809,0,0
2020-06-08,0.59125188527,0.108976067481124,-3.62129415350794,-2.19469923786497,1.6095939874649,-4.48535168659592,-5.91634073068763,-2.67543392324201,-3.77553361379539,0,0
2020-06-09,3.1578000362,0.109655394875502,-3.62168112326135,-2.19547655130779,1.48813104629517,-4.30839635068238,-5.68457448661473,-2.56858398615043,-3.6261127811196,0,0
2020-06-10,2.5727492077,0.111064188786386,-3.62208527929619,-2.1972812742975,1.76457405090332,-4.70041504165764,-6.19994194928252,-2.80774428741279,-3.958365447485,0,0
2020-06-11,-4.8010429656,0.111380817268468,-3.61987266420178,-2.19811534671214,2.0046021938324,-5.01377878572816,-6.61488984983429,-3.00079826270483,-4.22553691170331,0,1
2020-06-12,0.86335218803,0.109431021139247,-3.62151468048483,-2.19798050214673,3.16288900375366,-6.33125644720738,-8.33749654490397,-3.7995702462397,-5.35330592077705,0,0
2020-06-15,1.2367178277,0.109617656218577,-3.62279862389096,-2.19835297276896,2.86011934280396,-6.01721857147714,-7.92351243312559,-3.60821213040023,-5.0858347559239,0,0
2020-06-16,2.6502230385,0.110313155353513,-3.62328095121238,-2.19893480118158,2.86753869056702,-6.02528140814109,-7.93427129216707,-3.61332091919827,-5.09290540588138,0,0
2020-06-17,-0.13917291526,0.111630770032859,-3.62333614918759,-2.19987549812145,3.12878775596619,-6.29746378037892,-8.29318145028485,-3.77959253525055,-5.32511320311597,0,0
2020-06-18,0.039819107405,0.111317199980543,-3.62308950348418,-2.19960782645704,2.69733548164368,-5.83908806739012,-7.69204160624706,-3.50122341876844,-4.93620808321232,0,0
2020-06-19,-0.57146106374,0.111694036911687,-3.62461818526176,-2.20016119063082,2.3098738193512,-5.39709819924227,-7.1103746040571,-3.23217013463525,-4.55959310479558,0,0
2020-06-22,2.6163788172,0.112897732684915,-3.62532061952617,-2.19831617738368,2.14449667930603,-5.19605807438252,-6.84735581254413,-3.10633848406016,-4.37714517352023,0,0
2020-06-23,2.1344776658,0.113695498967276,-3.62628274193328,-2.19898301483367,2.50579810142517,-5.6266059668819,-7.41131797558125,-3.3672314782539,-4.74113229152347,0,0
2020-06-24,-1.7652033939,0.11498800432458,-3.62605890367654,-2.20092487654459,2.63228225708008,-5.76804226525744,-7.59909865582368,-3.45586068118892,-4.86225065931836,0,0
2020-06-25,1.3275565183,0.114512179708818,-3.6264165063394,-2.20007723749019,2.57821440696716,-5.70835921491604,-7.51948286765942,-3.41811204857609,-4.81094522976036,0,0
2020-06-26,-3.0725797609,0.114342305060956,-3.62717903048574,-2.19946764387705,2.51297354698181,-5.63559289727972,-7.42248535196786,-3.3723332424221,-4.74850195363196,0,0
2020-06-29,2.3046687214,0.112926187357631,-3.62679511334865,-2.1976426552332,2.98836874961853,-6.1566778726976,-8.10397629245511,-3.68611646136784,-5.18808336713795,0,0
2020-06-30,0.83476145719,0.114364924050932,-3.63036233980167,-2.19796105266337,3.18377161026001,-6.36333649985824,-8.37010916470483,-3.80748477244858,-5.36057690717029,0,0
2020-07-01,-0.18914473676,0.114740552605946,-3.63030379622941,-2.19852304906418,2.75877952575684,-5.91503944695087,-7.78362168111824,-3.53691260203658,-4.98211840543465,0,0
2020-07-06,2.675015792,0.115284971610321,-3.63223665552575,-2.19836304506262,2.28511381149292,-5.37541931513669,-7.07431539922491,-3.20789095003248,-4.5235947439722,0,0
2020-07-07,-0.31028487365,0.117328206563993,-3.63344800642633,-2.19715690401718,2.40421628952026,-5.5165274728845,-7.25999861567324,-3.28948121535243,-4.64173630448107,0,0
2020-07-08,2.3290133891,0.116705132296741,-3.63282584822593,-2.19641554801367,2.06304907798767,-5.10123820580254,-6.71632319393988,-3.03807639461086,-4.29093211037276,0,0
2020-07-09,0.35660906724,0.118078648797831,-3.63414347950451,-2.19802726743722,2.15550661087036,-5.21744131527447,-6.86827814759114,-3.10898666470089,-4.38913950272182,0,0
2020-07-10,0.24821675852,0.117997505280341,-3.63393870046383,-2.19787887155052,1.85702526569366,-4.83406939707283,-6.3664909779139,-2.87711168954385,-4.06538705552669,0,0
2020-07-13,-0.46132193484,0.117950696764445,-3.6338972015566,-2.19782537269546,1.63274610042572,-4.52540512529114,-5.96230996721352,-2.69040756823972,-3.80463187113222,0,0
2020-07-14,1.6548401454,0.117664681988347,-3.63377304251957,-2.19755267931826,1.45814561843872,-4.27025073461697,-5.62801702878858,-2.53596149872021,-3.58897299765489,0,0
2020-07-15,0.68773665098,0.117132299182254,-3.63424539320215,-2.19733954526638,1.59787619113922,-4.47681291277566,-5.89716640941644,-2.66046150389553,-3.76270050973546,0,0
2020-07-16,-1.2304937324,0.117113213988682,-3.63444186540769,-2.1974070653239,1.69970977306366,-4.62121469655977,-6.08590556050357,-2.74771049596289,-3.88448445281984,0,0
2020-07-17,-0.20202543437,0.115560439281338,-3.63297071879159,-2.19559217969044,1.7874059677124,-4.74149990649529,-6.24352390198515,-2.81981243788262,-3.98602189751416,0,0
2020-07-20,2.1073940465,0.115628623455329,-3.63260957515392,-2.19549382361967,1.57137477397919,-4.43801052182673,-5.84676931071499,-2.63652142504966,-3.7300648615858,0,0
2020-07-21,-1.3801692805,0.11567919416574,-3.63281315855421,-2.19561802844919,1.67736256122589,-4.58928729603086,-6.04461844564645,-2.72793229870723,-3.85770103827391,0,0
2020-07-22,0.28092783486,0.115099201891709,-3.63319150025919,-2.19532807260823,1.70249676704407,-4.62548033417347,-6.09071335086954,-2.74935959011349,-3.88751287929539,0,0
2020-07-23,-4.5516461487,0.11516041442901,-3.63333137987001,-2.19543386165673,1.57278144359589,-4.44142166696864,-5.84964686613054,-2.63814600026873,-3.73204510958597,1,1
2020-07-24,-0.24772470251,0.112767466104474,-3.66540947846284,-2.19532328806174,2.34814357757568,-5.50397902624082,-7.17573246383318,-3.25126988094679,-4.60337446733885,0,0
2020-07-27,2.3700264537,0.112513353936972,-3.66480786119035,-2.19530408249224,2.1200475692749,-5.22358730218152,-6.8124969945622,-3.08393349912166,-4.36820970547584,0,0
2020-07-28,-1.6427592028,0.113144603616161,-3.66592497016234,-2.19560379551551,2.42954754829407,-5.60093483264737,-7.30120241302022,-3.30914434126144,-4.68466364447269,0,0
2020-07-29,1.9168386907,0.111533346033029,-3.66495633808504,-2.19358135360078,2.39895486831665,-5.56495622012718,-7.2539085866072,-3.28600826635753,-4.65398835372186,0,0
2020-07-30,1.2100168351,0.112481984140006,-3.66625698397627,-2.19428474421471,2.37053322792053,-5.53228380349019,-7.2106586862354,-3.26595643591544,-4.62625531569128,0,0
2020-07-31,10.468863707,0.111818414892145,-3.66526938000437,-2.19384465122423,2.26174783706665,-5.4004199645092,-7.04029411898645,-3.18752835369603,-4.51582665936279,0,0
2020-08-03,2.5197628458,0.115966197756383,-3.66540489459736,-2.20061334770537,4.93709325790405,-8.02840615270935,-10.4574619369007,-4.77370220682685,-6.72676238730436,0,0
2020-08-04,0.66781411351,0.1164170526925,-3.66022807215446,-2.20225327412891,3.86665725708008,-7.08098869470176,-9.23922087314519,-4.21405363382498,-5.93648241924996,0,0
2020-08-05,0.36246751479,0.116522464782775,-3.66009969808878,-2.20232646825721,3.23680305480957,-6.46840587345397,-8.44336080879256,-3.84570894067551,-5.42152836479616,0,0
2020-08-06,3.4889267461,0.116193841364611,-3.65962870593096,-2.20204045842903,2.65370321273804,-5.84541120217691,-7.63387550892443,-3.47097211396239,-4.89770650202838,0,0
2020-08-07,-2.2735768156,0.117761389298186,-3.66106124777459,-2.20335057648501,2.99148440361023,-6.21437653523303,-8.11320824592451,-3.69313354038354,-5.20811534305174,0,0
2020-08-10,1.4534818314,0.11744041589524,-3.66250902129954,-2.20319868453477,3.06965398788452,-6.29943216033185,-8.22054062677999,-3.74265798565202,-5.27804609749187,0,0
2020-08-11,-2.9739859396,0.117955224110543,-3.66371093900764,-2.2036783442585,3.04912877082825,-6.27952694549484,-8.19318935730422,-3.73005384364574,-5.26067861331279,0,0
2020-08-12,3.3234285715,0.117263421890487,-3.6640261800665,-2.20316270202795,3.4311695098877,-6.66976480056088,-8.69842738533657,-3.96374656615619,-5.58780030293193,0,0
2020-08-13,1.7697548888,0.118779527115567,-3.66785725287924,-2.20362475743472,3.80343580245972,-7.03442216181579,-9.1665310039003,-4.17881747567925,-5.89200987654384,0,0
2020-08-14,-0.08912268504,0.120047932679571,-3.66671576141855,-2.20550347041701,3.46221494674683,-6.70262038767395,-8.74014407162948,-3.98373857195598,-5.61550377758643,0,0
2020-08-17,-0.26107956392,0.118520229423663,-3.66539614075367,-2.20422975339547,2.90157246589661,-6.12511653139554,-7.99033065658233,-3.63616531863326,-5.12985838324066,0,0
2020-08-18,0.83327879929,0.1183799539121,-3.66523602230361,-2.20411016649139,2.457106590271,-5.62693636528471,-7.34340068906315,-3.33659812438685,-4.71110986373215,0,0
2020-08-19,0.12547322876,0.118712038252896,-3.66558696265098,-2.20439138244473,2.18928647041321,-5.30497752511097,-6.92513497413122,-3.14295782699786,-4.44044665628933,0,0
2020-08-20,2.2189572846,0.118085948296504,-3.66510089149561,-2.20387298161549,1.89647495746613,-4.92921836824942,-6.43706407453629,-2.91692398527386,-4.12450984840189,0,0
2020-08-21,5.1532445572,0.118804385027703,-3.66583393770906,-2.2044796544429,2.03651976585388,-5.1125856684573,-6.67501114531745,-3.02713542930273,-4.27860365788352,0,0
2020-08-24,1.1960279811,0.12044949896487,-3.66486758970534,-2.20568872327666,3.14103198051453,-6.37477950131728,-8.31854425632781,-3.78868309869434,-5.34196620898448,0,0
2020-08-25,-0.82037224638,0.120715877656786,-3.66395307442011,-2.2058324355927,2.78142809867859,-5.98988364373846,-7.82049836553059,-3.55808632079772,-5.01929036034393,0,0
2020-08-26,1.3599038653,0.120093049496339,-3.66409533592565,-2.20536035353518,2.82958698272705,-6.04341956933931,-7.88889972740968,-3.58962657346758,-5.06366623237535,0,0
2020-08-27,-1.1954395462,0.118982569438873,-3.66425513541725,-2.20451130466686,2.59706377983093,-5.78611411673624,-7.55269652625754,-3.43367736245244,-4.84622561251153,0,0
2020-08-28,-0.16198704107,0.118082159791213,-3.6631272153136,-2.20373760476615,2.3974084854126,-5.55374542470919,-7.25145747907264,-3.29408973624911,-4.65105174661451,0,0
2020-08-31,3.3912224826,0.11909673347472,-3.66402423583636,-2.2045841635119,2.22363829612732,-5.34464811663114,-6.97968484004915,-3.16835023595386,-4.47528930252881,0,0
2020-09-01,3.9832610042,0.120329657517154,-3.66531504162609,-2.20562643243919,2.78040671348572,-5.99141882482782,-7.81947903410555,-3.55745352018749,-5.01907522391337,0,0
2020-09-02,-2.071843792,0.122068362675592,-3.66409242388292,-2.20688701267196,3.96946001052856,-7.17808754634972,-9.36664059595738,-4.27482380115134,-6.02002526808489,0,0
2020-09-03,-8.00608828,0.121499545908756,-3.6653303964063,-2.20653254716165,3.7462899684906,-6.97287026170652,-9.09637991369375,-4.14931814011815,-5.8455461790801,1,1
2020-09-04,0.066181336842,0.118088867859688,-3.72782045752618,-2.20886207587871,9.92072296142578,-11.6234940213835,-14.9371371319515,-6.8392035903846,-9.62935267416073,0,0
2020-09-08,-6.7294973544,0.118218802168894,-3.72792904144628,-2.20890802088452,6.86175441741943,-9.64707294012487,-12.4028704537175,-5.66800486679386,-7.9885897020147,0,1
2020-09-09,3.9886544939,0.115531925503595,-3.72553982702428,-2.20719558264817,15.8483743667603,-14.7158483803874,-18.9032840733192,-8.6713173945008,-12.207367758686,0,0
2020-09-10,-3.2645755199,0.117481089336977,-3.72764465566951,-2.21252371407654,12.9246635437012,-13.2837324957247,-17.0693982245912,-7.83673815451103,-11.024292259777,0,0
2020-09-11,-1.3128910036,0.116726871256468,-3.72714540560042,-2.21308838416153,10.3512687683105,-11.8747625478754,-15.2640401801946,-7.00352819107629,-9.85473075881865,0,0
2020-09-14,2.9955357144,0.115767999355177,-3.72625354025584,-2.211502555856,9.22613430023193,-11.2025603207352,-14.4018453605997,-6.60157201454483,-9.29475817606629,0,0
2020-09-15,0.16037449623,0.116289628356549,-3.72678974443675,-2.21282551684532,10.2133369445801,-11.7939012461017,-15.1607385941277,-6.95552715895799,-9.7876867355092,0,0
2020-09-16,-2.9513588368,0.115905609547199,-3.72647472105911,-2.21257183813121,7.97355079650879,-10.4067186305417,-13.3817109997579,-6.13183892103702,-8.6342981116225,0,0
2020-09-17,-1.5963613663,0.114008886357328,-3.72479250182358,-2.21017961074078,8.1044511795044,-10.4898487790486,-13.4888983828813,-6.17800066741074,-8.70256446623602,0,0
2020-09-18,-3.1720137756,0.113509219319055,-3.72427412797203,-2.20885934963841,6.59139013290405,-9.44808147565319,-12.1521154018455,-5.55745061829784,-7.83536734150557,0,0
2020-09-21,3.0325720703,0.112039545129014,-3.72289110124702,-2.20625991031903,7.25203275680542,-9.91355671858972,-12.7490479149439,-5.82932981329189,-8.22077824967349,0,0
2020-09-22,1.5715843025,0.113585049545056,-3.72437123716517,-2.20922897653782,6.89955425262451,-9.66922184514236,-12.435976702339,-5.68939727615561,-8.01957428899791,0,0
2020-09-23,-4.1946158663,0.113970300505689,-3.72464380000541,-2.20908453547237,6.85153961181641,-9.63545087891037,-12.39210023215,-5.66840694513147,-7.99088723472022,0,0
2020-09-24,1.0268857357,0.112452033065411,-3.72340575706715,-2.20815859576259,7.32434272766113,-9.9643956711016,-12.8152004378941,-5.86360304336918,-8.26424119902945,0,0
2020-09-25,3.7516170763,0.113965620755604,-3.7248155762745,-2.20206913915043,5.98164749145508,-8.99596737307553,-11.572900115373,-5.27172446098213,-7.44618872257641,0,0
2020-09-28,2.3868899179,0.115609945840887,-3.72621523431635,-2.20332466366371,7.17154407501221,-9.86309710416681,-12.6844899178082,-5.78483594152364,-8.16582694013409,0,0
2020-09-29,-0.75678496869,0.117288841471395,-3.72758315801897,-2.20567215755989,5.95799875259399,-8.9813734265068,-11.5523781463999,-5.26653901287105,-7.43346117973944,0,0
2020-09-30,1.5075817339,0.117129290563466,-3.72745384353258,-2.20540336482338,4.55663585662842,-7.83959731761857,-10.0880586290951,-4.59058604845037,-6.48598955679729,0,0
2020-10-01,0.84621362585,0.116672731493934,-3.72704959287976,-2.20495852138343,3.85112833976746,-7.19739819544857,-9.26443666472336,-4.21040224147515,-5.95292498039882,0,0
2020-10-02,-3.2280160973,0.117236650854426,-3.72751030588721,-2.20587385488622,3.52002501487732,-6.87621743195624,-8.85225040386565,-4.02136425180559,-5.68622451412728,0,0
2020-10-05,3.079101044,0.11506170080596,-3.72558284942114,-2.20377952014943,3.87537002563477,-7.21910561862616,-9.29226944239302,-4.22328974356602,-5.97018624337733,0,0
2020-10-06,-2.8669527896,0.116900536508502,-3.72729323157092,-2.204781876678,4.21748733520508,-7.53766338735373,-9.70104781086958,-4.41095460251198,-6.23571775243571,0,0
2020-10-07,1.6967126192,0.114950797802207,-3.72570004528045,-2.20300477051023,3.87699031829834,-7.22098032903377,-9.29575904251902,-4.22278199660948,-5.97350994067003,0,0
2020-10-08,-0.095585679446,0.115609228340202,-3.72634438998415,-2.20384208164629,3.84110403060913,-7.18755429327044,-9.25310020823437,-4.20364240640688,-5.94643778532548,0,0
2020-10-09,1.7395842393,0.115331086099263,-3.72609137316751,-2.20356526396589,3.04097318649292,-6.38237100965232,-8.22018073300453,-3.72733115694306,-5.2779845441234,0,0
2020-10-12,6.3520560829,0.116761570735341,-3.7273126025623,-2.20467043115807,2.90048813819885,-6.23115725540148,-8.02590145792201,-3.63797285260085,-5.15241926692479,0,0
2020-10-13,-2.6527331191,0.118644043291475,-3.7288003608969,-2.20683108743806,4.27215623855591,-7.58848615145997,-9.76580226371769,-4.44269817472391,-6.27806484851183,0,0
2020-10-14,0.074318744919,0.117350326397137,-3.72790465110526,-2.205479476412,3.88928937911987,-7.23455531900157,-9.31326072886558,-4.23213779922783,-5.98603145744098,0,0
2020-10-15,-0.39607228318,0.117470376404578,-3.72800509487803,-2.20556410069603,3.95232391357422,-7.29397244212447,-9.38943282835134,-4.26729085618271,-6.03533937376589,0,0
2020-10-16,-1.4000497059,0.116966027364981,-3.72755334919365,-2.20509084203982,3.33369827270508,-6.68895668327758,-8.61338563381766,-3.90918100125238,-5.53292210845548,0,0
2020-10-19,-2.5541925727,0.116645573873254,-3.72725067254675,-2.20472795881483,3.06742548942566,-6.41128629110958,-8.2571457624968,-3.74472978302806,-5.3022136450366,0,0
2020-10-20,1.3191929644,0.115259732615546,-3.72596251905826,-2.2032384931872,3.12143039703369,-6.4676107350985,-8.32924322228181,-3.77732736023547,-5.34823134317357,0,0
2020-10-21,-0.54463449924,0.115949550099533,-3.72661317957015,-2.20401813834447,3.1364164352417,-6.48385654576638,-8.35020233046368,-3.78735128739784,-5.36215473650453,0,0
2020-10-22,-0.95832976813,0.115628482327705,-3.72634206285102,-2.20378204931821,2.99199390411377,-6.32996736767501,-8.15287714375799,-3.69633729853997,-5.23445357758763,0,0
2020-10-23,-0.61339092872,0.115102009851031,-3.7258660056379,-2.20326921625041,2.88170170783997,-6.20977003762719,-7.99868102270449,-3.62507432978242,-5.13451471295882,0,0
2020-10-26,0.0086926287622,0.115027603139796,-3.72578998049347,-2.20316169901403,2.77167654037476,-6.08779903676751,-7.84217411482209,-3.55287374133095,-5.0331941885354,0,0
2020-10-27,1.3472403301,0.115022291370322,-3.72578399290194,-2.20315177846805,2.4805474281311,-5.75299574561311,-7.41267193601544,-3.35488750449875,-4.75530472723936,0,0
2020-10-28,-4.6312178387,0.115453860324765,-3.72616360975896,-2.20352987564008,2.60889911651611,-5.90307798743873,-7.60516958165245,-3.44370674639268,-4.87992714326319,0,1
2020-10-29,3.7050359713,0.113665322774806,-3.72465173170292,-2.21124732399815,3.60256147384644,-6.95587817633271,-8.95625725038311,-4.0833738288945,-5.76436466677569,0,0
2020-10-30,-5.6018036767,0.11495910295351,-3.72583574962983,-2.21489975048284,4.17236852645874,-7.4955732379779,-9.6501318064055,-4.4092784951868,-6.2156370854662,0,1
2020-11-02,-0.082674995338,0.112448624707634,-3.7234767940225,-2.22396521815033,5.60551929473877,-8.70324680356351,-11.2031002216394,-5.15300651059927,-7.23171311963231,0,0
2020-11-03,1.5353498206,0.112296388345807,-3.72338108830568,-2.22370126729335,4.30144166946411,-7.60996517252169,-9.79958738479313,-4.49964163572732,-6.32065637927957,0,0
2020-11-04,4.0836653387,0.11310958997178,-3.7240236120338,-2.22450556553005,3.88059163093567,-7.22292545454456,-9.30287344440528,-4.26899226693286,-5.99851738993814,0,0
2020-11-05,3.5493692911,0.114622874868471,-3.72535286462811,-2.2253782012058,4.28720426559448,-7.59893075507461,-9.7845066657934,-4.49314844926374,-6.31116920594092,0,0
2020-11-06,-0.11361245533,0.115957036609754,-3.72669270873299,-2.22391347054417,4.51098489761353,-7.79919516233178,-10.0391885818891,-4.60743042041993,-6.47598156551637,0,0
2020-11-09,-1.9967983823,0.115933506416484,-3.72665644957103,-2.22410179369833,3.54841923713684,-6.90406178247701,-8.89086228145206,-4.07366226798849,-5.73062225075324,0,0
2020-11-10,-0.30089408529,0.115329911965923,-3.72618903145627,-2.22339541646398,3.48436141014099,-6.84014007085405,-8.80872912133868,-4.0349587471982,-5.67712991583672,0,0
2020-11-11,3.0352677417,0.115345637847186,-3.72623747648979,-2.22298114345933,3.42455911636353,-6.78026709983405,-8.73164745969851,-3.99840642040958,-5.62699816778823,0,0
2020-11-12,-0.23432923263,0.115693510589156,-3.72647643641948,-2.2237510828191,4.43350696563721,-7.73073598941798,-9.95140785827943,-4.56661332660897,-6.41894173035065,0,0
2020-11-13,0.041942790085,0.115388336499079,-3.72620957961315,-2.22375844195297,3.45783758163452,-6.81359589642501,-8.77486599835974,-4.01974868489294,-5.65523802000918,0,0
2020-11-16,0.87204427291,0.115075151818532,-3.7259650295646,-2.22341577556379,2.97628355026245,-6.31292571244158,-8.13242888019354,-3.72074145234421,-5.23816335612105,0,0
2020-11-17,-0.75644222779,0.11545968878232,-3.72627043993171,-2.22377510966699,2.83782649040222,-6.16175945447528,-7.93850264277444,-3.6306784173282,-5.11236000743142,0,0
2020-11-18,-1.1391238798,0.114865423240807,-3.72576755301178,-2.22358752643863,2.83343195915222,-6.15664502690481,-7.93210152428169,-3.62805525295662,-5.10817878494619,0,0
2020-11-19,0.51681775822,0.113645137759047,-3.72483659662782,-2.22199207501856,2.682373046875,-5.98687428107705,-7.71392205934001,-3.52552276947817,-4.96626715170638,0,0
2020-11-20,-1.0957518543,0.113949740354289,-3.7250719010892,-2.22235525227506,2.43459320068359,-5.69834811975216,-7.34378296364226,-3.35363183127062,-4.72611403204256,0,0
2020-11-23,-2.974262826,0.113179169772816,-3.72443851015128,-2.22173330689489,2.30539178848267,-5.54182825541619,-7.14295414599856,-3.26019330316136,-4.5956974161568,0,0
2020-11-24,1.1594202901,0.11183127016023,-3.72319346500228,-2.21941913761954,2.58222079277039,-5.87107626019626,-7.56528954991707,-3.45461769261832,-4.86934387363769,0,0
2020-11-25,0.74672223654,0.111972280089402,-3.72333890258969,-2.21992510785265,2.44300580024719,-5.70765025680031,-7.35566174550765,-3.35779679703678,-4.73403800808264,0,0
2020-11-27,0.48263380158,0.113180360421501,-3.72442012512434,-2.21246333544761,2.25801658630371,-5.48339335657711,-7.06789937551693,-3.21142152040841,-4.54153344726776,0,0
2020-11-30,2.1099579724,0.113589549667352,-3.72478311720214,-2.21308229072538,2.03065037727356,-5.19425955885264,-6.69696563751359,-3.04007242051779,-4.30119024805738,0,0
2020-12-01,3.0827383451,0.11517466877732,-3.72597609381103,-2.215347886173,2.10165762901306,-5.28640826428331,-6.81574733762937,-3.09643620350406,-4.3785122779826,0,0
2020-12-02,0.29335071704,0.117141678344431,-3.72777079945339,-2.21613866785924,2.63391971588135,-5.93278997836032,-7.6437960816612,-3.47950849239436,-4.9150425625789,0,0
2020-12-03,-0.11374715632,0.115934734449572,-3.72675150874215,-2.2151321808998,2.3739013671875,-5.62604653186673,-7.25056664282917,-3.29702356322723,-4.66007793546077,0,0
2020-12-04,-0.56124938992,0.115416457233906,-3.7263279956312,-2.21460742006346,2.05438160896301,-5.22557199051052,-6.73680380146723,-3.05880563505522,-4.3269632998464,0,0
2020-12-07,1.226993865,0.114900362534636,-3.725874092154,-2.21394788235463,1.85174798965454,-4.95522987955502,-6.38995208816977,-2.89781660940339,-4.10203520199613,0,0
2020-12-08,0.50909090896,0.115470629498716,-3.72635087726974,-2.21479909430452,1.81953012943268,-4.91100257631075,-6.33334103106954,-2.87207098170068,-4.06544330899351,0,0
2020-12-09,-2.0903682264,0.116512077791194,-3.72721207604076,-2.21578823437973,1.70893681049347,-4.75593473205745,-6.13434127522967,-2.780106116624,-3.93640996790826,0,0
2020-12-10,1.1988832321,0.115281885528749,-3.72620321371256,-2.21456574241943,1.81614506244659,-4.90631450214293,-6.32729266131515,-2.86916493462064,-4.06150380167841,0,0
2020-12-11,-0.67348263547,0.115086609464463,-3.72601008810133,-2.21458187834574,1.89969146251678,-5.02044683537643,-6.47390728439994,-2.93725598587684,-4.15662904168085,0,0
2020-12-14,-0.51466383475,0.114897867161077,-3.72584239306434,-2.21447600243994,1.79929995536804,-4.88287211730867,-6.29746849878423,-2.85555566488444,-4.04226950180385,0,0
2020-12-15,5.0090326818,0.114793312025189,-3.7257757908963,-2.21424970429137,1.65335643291473,-4.67591755987175,-6.0318397863887,-2.73235335669354,-3.87002005939746,0,0
2020-12-16,-0.054738817562,0.11645515518782,-3.72703249256466,-2.21658676732109,2.59122920036316,-5.88305915437451,-7.58118462622553,-3.45165004793544,-4.87487403128214,0,0
2020-12-17,0.69634613883,0.115806483529159,-3.72647791067989,-2.21608423879854,2.24151992797852,-5.46336683831011,-7.04287109254234,-3.20204977656539,-4.52584328898722,0,0
2020-12-18,-1.588966589,0.115706742880112,-3.72638502867186,-2.21605552517289,2.00917887687683,-5.16627661063384,-6.66173844976811,-3.02545239777845,-4.27874253456483,0,0
2020-12-21,1.2435355888,0.114729220716141,-3.7256123905392,-2.21489175836614,1.98466515541077,-5.13384438056513,-6.6199940789086,-3.00556918772175,-4.25157836824232,0,0
2020-12-22,2.8464477889,0.115638928970459,-3.72630470294195,-2.21614591457808,1.96416866779327,-5.10673246786814,-6.58547554162974,-2.99026301897703,-4.22935131177494,0,0
2020-12-23,-0.69760388214,0.116524683330209,-3.72706789178784,-2.21679525689961,2.39399719238281,-5.65019873268875,-7.28254322366023,-3.3134222582455,-4.68128967345622,0,0
2020-12-24,0.77122785569,0.115979671510532,-3.72659331524347,-2.21642816192912,2.48333477973938,-5.75660971770984,-7.41928761966164,-3.37680083997487,-4.76999403169237,0,0
2020-12-28,3.5765704328,0.116210006966629,-3.72676392862737,-2.21677596096363,2.22959995269775,-5.4485361284873,-7.02408721597387,-3.19384549914723,-4.51379887854792,0,0
2020-12-29,-1.331479991,0.117291160684478,-3.72769790142087,-2.21755031510222,2.70000600814819,-6.00794833888698,-7.74148113316787,-3.52651988343845,-4.9789462182015,0,0
2020-12-30,-0.85267294453,0.11729060466196,-3.72753486046352,-2.21857590791871,2.55694580078125,-5.84320641217798,-7.53115497271445,-3.43031272456299,-4.84178186608157,0,0
2020-12-31,-0.77026622794,0.117818259223853,-3.7278171918822,-2.20758080868155,2.5079550743103,-5.78574856034178,-7.45834309257307,-3.37822249138549,-4.79078670968099,0,0
2021-01-04,-2.471927048,0.118883055574119,-3.72873495222827,-2.20267869465254,2.25283122062683,-5.47773722357335,-7.06274329667938,-3.18721308933198,-4.51852971059852,0,0
2021-01-05,1.2363804963,0.117407599432594,-3.7276214515971,-2.20059343485169,2.42150020599365,-5.68320761672761,-7.32589690178034,-3.30697331706682,-4.68810656310217,0,0
2021-01-06,-3.3661552553,0.11787591851059,-3.72793758116549,-2.20155468825532,2.51306128501892,-5.79188854162432,-7.4657538040514,-3.37216901127257,-4.7786109375405,0,0
2021-01-07,3.4123222747,0.11589607484812,-3.72627078471193,-2.20013508520113,3.06987166404724,-6.41292131450351,-8.26319581706238,-3.73897144098493,-5.29335349828377,0,0
2021-01-08,0.86312251769,0.116687777728669,-3.72671507427449,-2.20248116714822,3.64926695823669,-7.00247638406308,-9.02128455050252,-4.0907240258784,-5.7835091035327,0,0
2021-01-11,-2.3248769407,0.117481676645735,-3.72740695051965,-2.20286885823265,3.00035905838013,-6.33896288088118,-8.16925844888963,-3.69822743145121,-5.2333630185516,0,0
2021-01-12,-0.13955652039,0.116218835650723,-3.72635153291042,-2.2018902227263,3.23628044128418,-6.58736271148278,-8.48835515206277,-3.84490789528686,-5.43927870557445,0,0
2021-01-13,1.6226708074,0.115309847526514,-3.72563892258187,-2.2008085535369,2.62923407554626,-5.92578129784127,-7.63901417111246,-3.45328210185322,-4.89073299416731,0,0
2021-01-14,-1.512720605,0.115915295072761,-3.72611374851255,-2.20152752850468,2.54752564430237,-5.83132369330224,-7.51786805245515,-3.39793619610369,-4.81263313455946,0,0
2021-01-15,-1.3730509658,0.115824967503714,-3.72599471625974,-2.20180360192043,2.42670941352844,-5.68849201795571,-7.33481483728548,-3.31412247431697,-4.69455297942268,0,0
2021-01-19,0.54270882483,0.115225446569573,-3.72557049261707,-2.20072608923297,2.31184673309326,-5.54941442017555,-7.15591010267792,-3.23092536860344,-4.57884247510766,0,0
2021-01-20,3.2856137057,0.115817653823718,-3.72598966019008,-2.20178949351334,2.08919429779053,-5.26974473445723,-6.79728986186946,-3.06665888653594,-4.34750667654503,0,0
2021-01-21,3.6658335228,0.11780762308195,-3.72764931567602,-2.20336206994088,2.48692083358765,-5.76068569601231,-7.42718671656935,-3.35688865621227,-4.75428884674155,0,0
2021-01-22,1.6073646526,0.118667684782434,-3.72855185384251,-2.202540049387,3.08188772201538,-6.42691922493963,-8.28081022114697,-3.74795879127115,-5.30506599517908,0,0
2021-01-25,2.7683900193,0.119136340655703,-3.72904215301423,-2.20209700896735,2.80791974067688,-6.12956312704132,-7.89847546488775,-3.57088427137436,-5.05820274003876,0,0
2021-01-26,0.16792611259,0.12118148120655,-3.73052218005841,-2.20089693113184,3.03451275825501,-6.37733328869595,-8.20819981782742,-3.71274860248201,-5.26232798617416,0,0
2021-01-27,-0.76837105335,0.123050701344642,-3.6561105101846,-2.19635356826255,2.97541856765747,-6.18352115986944,-8.10271818744955,-3.66552778179928,-5.18411452094817,0,0
2021-01-28,-3.4985217512,0.122174446767664,-3.65499644039313,-2.19564050797152,2.61734914779663,-5.79096047422404,-7.59138611657625,-3.42998183391914,-4.85396084952796,0,1
2021-01-29,-3.7420672552,0.12124136676718,-3.65257078996257,-2.20259939414068,3.46180605888367,-6.67470602893707,-8.74768144439498,-3.97689949816141,-5.60019970996249,0,0
2021-02-01,1.6520157624,0.118678041513548,-3.64734053752275,-2.1980833558779,4.50235414505005,-7.62052320250922,-9.98959078057166,-4.54538040525546,-6.39950047599787,0,0
2021-02-02,0.63366631875,0.119118735355469,-3.64895391870724,-2.19926597424733,5.02060222625732,-8.05698298608839,-10.5564758326435,-4.80871064220132,-6.76564985873111,0,0
2021-02-03,-0.77783539518,0.119612183144993,-3.64895135129193,-2.19960099175454,4.05565977096558,-7.22889005426259,-9.47612500285316,-4.31009138185028,-6.06893348360757,0,0
2021-02-04,2.5757802001,0.118610611285921,-3.6488536339972,-2.19886456775828,3.41135668754578,-6.62077037739331,-8.68055626183738,-3.94266110609913,-5.55583122595017,0,0
2021-02-05,-0.3098006342,0.118881501828294,-3.64937083800171,-2.19933214105484,3.57523632049561,-6.7814566532478,-8.88972266550876,-4.03968066197634,-5.69087395632277,0,0
2021-02-08,0.10968119331,0.118882756178944,-3.64960622757802,-2.19946170162502,3.23806858062744,-6.44845012818959,-8.45450012588811,-3.83896810779687,-5.41026092093077,0,0
2021-02-09,-0.65736615297,0.11886713725473,-3.6495866938626,-2.19944036428782,2.72382187843323,-5.90441264231127,-7.74429370398145,-3.51109038501885,-4.95223040746098,0,0
2021-02-10,-0.45584883464,0.118869771301647,-3.64961463806838,-2.19945744054032,2.39764809608459,-5.53231790841179,-7.25849368459353,-3.28684508428486,-4.63893569706932,0,0
2021-02-11,-0.19203781676,0.118699992731721,-3.64940714077244,-2.19922814872544,2.13618135452271,-5.21515712254756,-6.84455793587138,-3.09562174685878,-4.37194624809379,0,0
2021-02-12,0.17760674928,0.119079592985167,-3.65002312761732,-2.19982397131517,1.91787362098694,-4.93573940617878,-6.47933516987576,-2.92739754325122,-4.13651073820564,0,0
2021-02-16,-1.6104011229,0.119545963333484,-3.65064158979913,-2.20048042810719,1.68544030189514,-4.61988153936271,-6.0667178476385,-2.73721693808565,-3.87047177374384,0,0
2021-02-17,-1.7643967265,0.119168122363383,-3.65037258328384,-2.20007548376431,1.68870532512665,-4.62449817777452,-6.0726541577981,-2.73983426492275,-3.87428744425194,0,0
2021-02-18,-0.86365025991,0.118557316117697,-3.6490756537697,-2.19894957773308,1.76401853561401,-4.72801212334907,-6.20890692950628,-2.80200746070732,-3.9619565706344,0,0
2021-02-19,0.12335209321,0.118204013785549,-3.6483666211294,-2.19832096652813,1.74171018600464,-4.69668653841821,-6.16860254450737,-2.7830051988925,-3.93585461416424,0,0
2021-02-22,-2.97990298,0.118614276816373,-3.64905134845868,-2.19897515465017,1.55439162254334,-4.43084936028746,-5.82104874171091,-2.62296334148746,-3.71181923769172,0,1
2021-02-23,-0.11111111116,0.117924813981465,-3.64824317868663,-2.20101579561366,1.85519027709961,-4.85117829990923,-6.37014238374758,-2.87997689048873,-4.06893984508647,0,0
2021-02-24,-0.4052121405,0.117684786924024,-3.64796074293533,-2.20082773571425,1.76954817771912,-4.73499183964056,-6.2185496033612,-2.80995234099145,-3.97108010961637,0,0
2021-02-25,-3.4782608695,0.11706842125086,-3.64713731352941,-2.20040664849804,2.12260913848877,-5.19651042747834,-6.82165043062167,-3.08874293734251,-4.36011979251399,0,1
2021-02-26,0.22315893875,0.116110180231893,-3.64617798516348,-2.20471021184656,2.7628219127655,-5.94447152479197,-7.7986806868469,-3.54850148413738,-4.99416100373716,0,0
2021-03-01,5.3851228766,0.116802370409758,-3.64645286144225,-2.20523870386373,2.57204174995422,-5.73122788258186,-7.52074059268147,-3.419868236697,-4.81473217132554,0,0
2021-03-02,-2.0893653651,0.118434533896885,-3.64784600110652,-2.20666880944726,4.82799053192139,-7.8968639641181,-10.3488058106931,-4.73021017002263,-6.6413714928313,0,0
2021-03-03,-2.4456521738,0.116860512678725,-3.64953093514272,-2.20603819440699,4.11722040176392,-7.28837895890875,-9.54748789302318,-4.35939723204795,-6.12442266959138,0,0
2021-03-04,-1.581189579,0.115330099511009,-3.64751370297021,-2.20452027867378,3.88667368888855,-7.07561498733602,-9.27155412401447,-4.23080416007381,-5.94557068159066,0,0
2021-03-05,1.0738366769,0.113715452400598,-3.64546628955495,-2.20293951454532,3.66539764404297,-6.86561296348056,-8.99901782926957,-4.10386252833301,-5.76897359177905,0,0
2021-03-08,-4.1673529896,0.113882640087236,-3.64586200338819,-2.203148379529,4.09582662582397,-7.26466709434791,-9.5194579556242,-4.34488181001752,-6.10507463010887,0,0
2021-03-09,4.060673771,0.112496867719879,-3.6453813867341,-2.20210572284416,5.47565317153931,-8.41773699391934,-11.0233078261935,-5.04045554276682,-7.0756324870212,0,0
2021-03-10,-0.91258207049,0.114166651484086,-3.65041383672703,-2.20445856767509,5.80829238891602,-8.68347639904161,-11.360130026882,-5.198666486215,-7.29517257278632,0,0
2021-03-11,1.6502750459,0.114190231126011,-3.65112934921968,-2.20465051598588,4.43662691116333,-7.57629378100886,-9.91444664648218,-4.529531731,-6.36189406623959,0,0
2021-03-12,-0.76254509677,0.114462833775143,-3.65146053091505,-2.20491429305594,4.32049512863159,-7.47539027082431,-9.78260110975529,-4.46862808308944,-6.27687201193166,0,0
2021-03-15,2.4456746261,0.11459884930526,-3.65176873985589,-2.20508113681402,3.78780245780945,-6.99257481154243,-9.15258404712239,-4.17699125182889,-5.87011694081082,0,0
2021-03-16,1.2742963141,0.115362049479154,-3.65283599877342,-2.20585433266165,3.78207135200501,-6.98850840533548,-9.14630036127875,-4.17448382005395,-5.86639649503232,0,0
2021-03-17,-0.64505853306,0.115717515288335,-3.65246787188332,-2.20600101448583,3.36375951766968,-6.58311121455535,-8.61911564841365,-3.93021074260547,-5.52578832555983,0,0
2021-03-18,-3.3905097787,0.11578274807597,-3.65275310662531,-2.20611498286631,3.01943039894104,-6.23142671096644,-8.16009190387068,-3.7176747778615,-5.22940052792622,0,0
2021-03-19,-0.44802123948,0.114424977906691,-3.65081055597384,-2.20472888333243,3.53244185447693,-6.74719732243691,-8.83435096972294,-4.02931697751508,-5.66431033009707,0,0
2021-03-22,2.8335694642,0.114134751796856,-3.65013307061895,-2.20436811979135,2.95727610588074,-6.16290146897361,-8.07316875338556,-3.67665814921254,-5.17259335188002,0,0
2021-03-23,-0.68887268008,0.115063463871364,-3.65110408782904,-2.20522775380255,3.19972610473633,-6.41595056267777,-8.40280660119343,-3.82959903967935,-5.38570303278002,0,0
2021-03-24,-1.9993471521,0.115041838099657,-3.65161961092407,-2.20534040795057,2.7180233001709,-5.9051747834142,-7.73565819926283,-3.52077689294293,-4.95500514553246,0,0
2021-03-25,0.41635440102,0.114311704358809,-3.65067695944951,-2.20462028923697,2.71147608757019,-5.89709753163388,-7.7257420745566,-3.51593959308121,-4.94838875665912,0,0
2021-03-26,0.51413881756,0.115186524505871,-3.65254420776884,-2.20566506341166,2.2879319190979,-5.40961943709499,-7.08806789656854,-3.22108288072474,-4.53544247149171,0,0
2021-03-29,0.14850259886,0.116247330100125,-3.65313784143894,-2.20122913105406,2.07850122451782,-5.15048445363042,-6.75071542159314,-3.05726649034458,-4.31534964831805,0,0
2021-03-30,-1.227448719,0.115963398457816,-3.65305963470702,-2.20102497053079,1.81513977050781,-4.80569875336112,-6.30091645389095,-2.84941422356356,-4.02508552771651,0,0
2021-03-31,1.8765638031,0.115020256645952,-3.65226038475307,-2.19997233863032,1.74676740169525,-4.71200167293408,-6.17871730687375,-2.79258040823818,-3.94616527178383,0,0
2021-04-01,0.69586573882,0.115699179933385,-3.65329878459,-2.20105143270974,1.78880631923676,-4.77045146519052,-6.25425830114836,-2.8281248848406,-3.99505424984713,0,0
2021-04-05,2.3577235772,0.116609268600948,-3.65402793995701,-2.20203806793522,1.6709418296814,-4.60676684868341,-6.04096825259548,-2.72985337217419,-3.85745247374159,0,0
2021-04-06,0.24622716446,0.117659445781602,-3.65464087205926,-2.20301786878141,1.80702030658722,-4.79510819058515,-6.28695004405915,-2.84375735739355,-4.01622411395127,0,0
2021-04-07,1.3390381111,0.118025512097938,-3.65468307617838,-2.20324027234953,1.61353945732117,-4.5243419876643,-5.93435996882307,-2.68064425524567,-3.78860732641177,0,0
2021-04-08,1.9233776389,0.118008279953063,-3.65445355165163,-2.20307175358376,1.55172824859619,-4.43428548176672,-5.81724923815055,-2.62632261896554,-3.7129730824161,0,0
2021-04-09,2.0213255601,0.118997752345125,-3.65469273056638,-2.20375950985483,1.63704383373261,-4.55707245955016,-5.97824213491449,-2.70064673158832,-3.81681750300504,0,0
2021-04-12,-1.3195984813,0.119523144828975,-3.65473431002878,-2.20406519194458,1.72537398338318,-4.68109799099281,-6.14057568678539,-2.77559344850142,-3.92155396172777,0,0
2021-04-13,2.4306613839,0.117744359753551,-3.6533825452236,-2.20218870490698,1.68339037895203,-4.62235636028546,-6.06367332199941,-2.73949715179818,-3.87184262031413,0,0
2021-04-14,-1.7853157777,0.118994421852163,-3.65512484755267,-2.20405802506185,1.83330094814301,-4.83002430543821,-6.33349198959554,-2.8652878932565,-4.04622641891006,0,0
2021-04-15,1.8707869423,0.1182048105955,-3.65535794253959,-2.20380363217505,1.86426544189453,-4.8727516955342,-6.38779847142919,-2.89082693106606,-4.08141452890743,0,0
2021-04-16,-0.25278810426,0.119270155375193,-3.65731989088938,-2.20572879452462,1.91937565803528,-4.94763691647138,-6.48380360942378,-2.93658034744604,-4.14370668462548,0,0
2021-04-19,0.50685748374,0.119802656965121,-3.65867553388587,-2.20695194556584,1.67883205413818,-4.62073414579211,-6.05650642172855,-2.739739497832,-3.8680558666721,0,0
2021-04-20,-1.2830020765,0.120723478337574,-3.65957917140673,-2.20806595768767,1.49471938610077,-4.35343106100896,-5.70813160959775,-2.57882963010557,-3.6431748749687,0,0
2021-04-21,0.29299075941,0.120181413856828,-3.65920687154948,-2.20752114893042,1.48701679706573,-4.34197613248594,-5.6930570313469,-2.57174268313746,-3.63343998214782,0,0
2021-04-22,-1.1685393259,0.120390748476686,-3.65958200482631,-2.20789240152218,1.38928043842316,-4.19307589310561,-5.49882595096678,-2.4820021503869,-3.50806524188813,0,0
2021-04-23,1.803850235,0.120599701686331,-3.65979755915464,-2.20815251668163,1.36807882785797,-4.16007892344652,-5.45580478306362,-2.46216372345124,-3.48029600471405,0,0
2021-04-26,0.29779630731,0.121240969007603,-3.66082830210523,-2.20920761054436,1.45622897148132,-4.29643841901253,-5.63282330536212,-2.54470512831321,-3.59471423386544,0,0
2021-04-27,-0.24495249427,0.120639547007122,-3.65960294586234,-2.20803821712135,1.32029056549072,-4.08438686989256,-5.35749727538371,-2.41648242219916,-3.41677419967215,0,0
2021-04-28,-0.60272341661,0.121231409218192,-3.66042355355935,-2.20892106811412,1.18546521663666,-3.86420376141192,-5.07031513469728,-2.28382133541499,-3.23138044038711,0,0
2021-04-29,-0.074861506346,0.121184551729092,-3.66054180508475,-2.20897859422856,1.10505223274231,-3.72683060742482,-4.89117905579063,-2.20092610004126,-3.1157245685749,0,0
2021-04-30,-1.5133353311,0.121762473003528,-3.66165108109033,-2.21000160321728,1.02510154247284,-3.58556032188509,-4.70652155203846,-2.11580444391531,-2.99655566347766,0,0
2021-05-03,0.82154267457,0.121774241119065,-3.66046469838003,-2.20923593495653,1.11611104011536,-3.74536602586517,-4.91605776474329,-2.21219861405419,-3.13168338803888,0,0
2021-05-04,-3.5385543986,0.120828520370021,-3.65938563644111,-2.20798677936922,1.09030568599701,-3.7002179331807,-4.85747561969446,-2.18470057412595,-3.09382723429654,0,1
2021-05-05,0.19554165046,0.119734240543544,-3.65829255581381,-2.2101247629946,1.41471540927887,-4.23150512916616,-5.54981830705478,-2.50902814901147,-3.55285047504682,0,0
2021-05-06,1.2802498048,0.118734880090986,-3.65668008314654,-2.2090576979541,1.31702923774719,-4.07774045088641,-5.35037410221746,-2.41642157969784,-3.42351095981048,0,0
2021-05-07,0.5327362569,0.119846077147402,-3.65706285386826,-2.20989420475269,1.31244134902954,-4.0697521478373,-5.34076140483906,-2.41184922249521,-3.41719910087811,0,0
2021-05-10,-2.5804469702,0.119357461073391,-3.65687611494508,-2.20952185972151,1.23501586914063,-3.94457532875064,-5.17728739405319,-2.3361121948053,-3.31134939148291,0,1
2021-05-11,-0.74103271581,0.117924769528092,-3.65570106481294,-2.22102301663043,1.41636693477631,-4.2327694924582,-5.55275356894282,-2.52534171284441,-3.55628785998051,0,0
2021-05-12,-2.4938448098,0.117772575807879,-3.65500818599128,-2.2206027520227,1.36383306980133,-4.15066527504744,-5.44646490510533,-2.47551979348855,-3.4873211275135,0,1
2021-05-13,1.791968722,0.116569262521878,-3.65355322543735,-2.22817964763638,1.62523293495178,-4.54114932857757,-5.95605348859848,-2.72401718270858,-3.8179026112142,0,0
2021-05-14,1.9844762743,0.116379924095324,-3.65518401239703,-2.22873028785291,1.72937881946564,-4.69040082633186,-6.14800051926618,-2.81453075214172,-3.94260215498918,0,0
2021-05-17,-0.92585327575,0.116455390184791,-3.6547509054515,-2.22859993792054,1.83952236175537,-4.84044644274425,-6.34430219030755,-2.90617225337527,-4.06970108377467,0,0
2021-05-18,-1.1245743249,0.115812672875219,-3.65479029410885,-2.22821098127092,1.68697464466095,-4.63116009707924,-6.07064421442431,-2.77826769908375,-3.89246463467021,0,0
2021-05-19,-0.1281537845,0.114734753864485,-3.6537655691203,-2.22711061560902,1.64335215091705,-4.56914781000802,-5.98993534249876,-2.74027178197574,-3.84009727744229,0,0
2021-05-20,2.1012110034,0.114399466796527,-3.65319125222452,-2.22666354241141,1.44810974597931,-4.28175705995071,-5.61573843319326,-2.56511025196825,-3.59761855378265,0,0
2021-05-21,-1.4767103919,0.11588800628208,-3.65464073262092,-2.22819706856087,1.60559010505676,-4.51497604788704,-5.919534529581,-2.70750243489096,-3.79452242500766,0,0
2021-05-24,1.3314199154,0.1153205773382,-3.65476973745951,-2.22789219393845,1.6066210269928,-4.51719345448012,-5.92153087118452,-2.70858970735528,-3.79590405289763,0,0
2021-05-25,-0.15735641227,0.115370760057127,-3.65519309504018,-2.22809761142361,1.58149015903473,-4.48130183468543,-5.87422561789524,-2.68662491090747,-3.76532820013641,0,0
2021-05-26,-0.039401103277,0.115335438059146,-3.65515818115788,-2.22806099631313,1.37857985496521,-4.17629325501708,-5.47679476585157,-2.50069648936687,-3.50782868822923,0,0
2021-05-27,-1.237682302,0.114513044292569,-3.65545570737582,-2.22766397215992,1.21488380432129,-3.91459484861104,-5.13449782521037,-2.34085756103474,-3.28621979810194,0,0
2021-05-28,-0.53480204351,0.113031570376346,-3.65453989232911,-2.22635263700683,1.18250715732574,-3.86103004193431,-5.06417245781737,-2.30797430474536,-3.24072755324034,0,0
2021-06-01,-0.26482625781,0.112486474977262,-3.6542731145363,-2.22589879506143,1.11886191368103,-3.75286729384751,-4.92298163923113,-2.24198622775749,-3.14930633424912,0,0
2021-06-02,0.62761506288,0.111303395949978,-3.65328169805549,-2.22474480451522,1.01977062225342,-3.57791537312444,-4.69493424043076,-2.13532606423836,-3.00162856632649,0,0
2021-06-03,-1.2154166,0.111515992326984,-3.65350150806648,-2.2249692199564,0.958937406539917,-3.46618812670039,-4.54935797429008,-2.06729289152644,-2.90733712181591,0,0
2021-06-04,1.9022179051,0.110399275086427,-3.6530773357527,-2.22408908712852,0.961434364318848,-3.4715438588455,-4.55564022190204,-2.07038144831194,-2.91153080221148,0,0
2021-06-07,0.007943442688,0.110633363851802,-3.65408119303901,-2.22464772514434,1.03827464580536,-3.61272053780228,-4.73864921851465,-2.15618840327296,-3.0301686683497,0,0
2021-06-08,0.66719618735,0.110139345688319,-3.65301877932604,-2.22390058905862,0.943563342094421,-3.4383003978039,-4.51213067512442,-2.05009516513653,-2.88390059646027,0,0
2021-06-09,0.30771658512,0.11149097239867,-3.65450285701416,-2.21516933011866,0.889626324176788,-3.33543628541189,-4.37793727680458,-1.97785683861671,-2.7951463668994,0,0
2021-06-10,-0.80232832543,0.11169430167867,-3.65468664537281,-2.21541625364888,0.847078084945679,-3.25196398372203,-4.26923206136992,-1.92730492322951,-2.72475507081758,0,0
2021-06-11,0.98326857515,0.111508533093956,-3.6544059270643,-2.2151430787617,0.83144873380661,-3.22071805051013,-4.22863954636121,-1.90834333909967,-2.69846814110832,0,0
2021-06-14,2.4577934824,0.111257343640143,-3.65369507047813,-2.21463404394597,0.838185489177704,-3.23379076532699,-4.24614636043584,-1.91629484061652,-2.70974873027037,0,0
2021-06-15,-0.64377682411,0.113046628923799,-3.65439053933159,-2.21641710368961,0.958208441734314,-3.46416763845612,-4.54733969355591,-2.05656244828051,-2.90453956874056,0,0
2021-06-16,0.39339709965,0.112407053220224,-3.65349978633041,-2.21550881142908,0.949514031410217,-3.44767313071542,-4.5261609970851,-2.04645143266616,-2.89115135715993,0,0
2021-06-17,1.2600845179,0.114128327647524,-3.65624895749431,-2.20586971407312,0.890435695648193,-3.33601423150181,-4.37951266152608,-1.96739431179493,-2.78839635406837,0,0
2021-06-18,-1.0091812732,0.115037853155772,-3.65834010571227,-2.20699462053854,0.932386159896851,-3.41746065685913,-4.48235589439589,-2.01603935218388,-2.85583799331182,0,0
2021-06-21,1.4103939906,0.116835104320381,-3.62030890685367,-2.20174580473922,0.938013911247253,-3.38947455722998,-4.49137486584293,-2.01558032929641,-2.85095141093485,0,0
2021-06-22,1.2698412698,0.115027818604723,-3.6172347180556,-2.19766553035226,0.97890841960907,-3.46385700842089,-4.59028582281194,-2.05933808090282,-2.91432668277883,0,0
2021-06-23,-0.20898641587,0.116653777354078,-3.61823926912552,-2.19898693465011,1.00215625762939,-3.5054843191986,-4.64525924551463,-2.08470267184029,-2.94939459956878,0,0
2021-06-24,-0.21690351541,0.115458728748238,-3.61719651218808,-2.19741596424259,0.949341475963593,-3.40892616454394,-4.51835149527286,-2.0255749702948,-2.86782063263021,0,0
2021-06-25,-0.22487069928,0.115015916459626,-3.61681819562369,-2.19692045721082,0.883853733539581,-3.28528129498529,-4.35578671088016,-1.95038579863323,-2.76321788851384,0,0
2021-06-28,1.2546014575,0.114237936781426,-3.61586487134223,-2.19624827125947,0.844181418418884,-3.20799505193184,-4.25436182981741,-1.90366060694214,-2.69793278297547,0,0
2021-06-29,1.1500222587,0.115052624612213,-3.61678058613094,-2.19698297502296,0.868623435497284,-3.25578578633843,-4.31705263696203,-1.9325348427642,-2.7382537322364,0,0
2021-06-30,0.46211398785,0.115520960082293,-3.61721931017208,-2.197549623832,0.897704660892487,-3.31169586042353,-4.39053533920361,-1.96659748198004,-2.78551346155813,0,0
2021-07-01,0.22634345805,0.117233864198456,-3.62007072267758,-2.20098677237166,0.868596434593201,-3.25661851419015,-4.3171644106143,-1.93405325852259,-2.73851136229423,0,0
2021-07-02,1.9596415823,0.118429858719743,-3.62139956621735,-2.20240901235489,0.823260188102722,-3.16739947362702,-4.1997035216636,-1.87989703183642,-2.66280095973567,0,0
2021-07-06,1.4718490998,0.119174202039856,-3.62216360269018,-2.20318024413464,0.900430381298065,-3.31793343092509,-4.39743590539418,-1.97144578770567,-2.79010483356461,0,0
2021-07-07,1.7955217574,0.117825362091309,-3.62083848012889,-2.20189019791752,0.9566730260849,-3.42370456877018,-4.53657382483352,-2.03583602965291,-2.87983051753406,0,0
2021-07-08,-0.91996956508,0.118271263462996,-3.6210695506538,-2.20194223484414,1.05419206619263,-3.59962046487933,-4.76786704754535,-2.14254773122783,-3.02869093771723,0,0
2021-07-09,1.3055012569,0.118163907811902,-3.62093367939197,-2.20178454583168,1.05343282222748,-3.59824928638462,-4.7661019358698,-2.14167895633051,-3.02754970394719,0,0
2021-07-12,-0.42037075327,0.117626039528448,-3.62082694494111,-2.20203304200811,1.09170126914978,-3.6655772278532,-4.85433672289883,-2.18315737986332,-3.08456499790706,0,0
2021-07-13,0.78892733545,0.116784128586369,-3.61997220896329,-2.20117821009768,1.01937472820282,-3.53808783683315,-4.68691117860426,-2.10561540007805,-2.97678139244413,0,0
2021-07-14,2.4100521836,0.117100431546722,-3.62035573197377,-2.20161230398173,0.996063888072968,-3.49612321264504,-4.63166530333487,-2.08017470410779,-2.94120672558513,0,0
2021-07-15,-0.44921220242,0.118606954158748,-3.62196556826132,-2.20328730334571,1.16552007198334,-3.7916400862838,-5.01972222350319,-2.2600456019692,-3.19110227957145,0,0
2021-07-16,-1.407596983,0.11882416029313,-3.62250497994347,-2.20408445174413,1.13179111480713,-3.73500209583884,-4.94500910402868,-2.22600588904922,-3.14309011528567,0,0
2021-07-19,-2.6914406721,0.118995378925979,-3.6223844239689,-2.20372603179879,1.16429221630096,-3.78964338445794,-5.01700961759741,-2.25887731033692,-3.18935089163893,0,1
2021-07-20,2.5974025973,0.117295367755963,-3.62026944664338,-2.20704679599349,1.40082323551178,-4.16752444482453,-5.51427419286561,-2.49488529397167,-3.51414611526335,0,0
2021-07-21,-0.51317139933,0.117898279809918,-3.62148878594592,-2.20794534490529,1.69243609905243,-4.59342911438048,-6.07329304011506,-2.75449868264826,-3.874931336077,0,0
2021-07-22,0.96286107309,0.117669115616878,-3.62138538610376,-2.20783591233728,1.54790425300598,-4.38787028006933,-5.80310631042144,-2.62920552534723,-3.70073790635534,0,0
2021-07-23,1.1989100816,0.118757333526237,-3.62253361500644,-2.20877928875533,1.46009433269501,-4.25850809142313,-5.63281321994261,-2.55020705426061,-3.59093690436488,0,0
2021-07-26,0.28944534188,0.118978164811874,-3.62273901464859,-2.20895291773883,1.42672622203827,-4.20822583472207,-5.56670963856044,-2.51951990578371,-3.54829265758803,0,0
2021-07-27,-1.490032888,0.118597887129864,-3.62242603941029,-2.20868018746365,1.29669010639191,-4.00634201646971,-5.30146326351923,-2.3964770765654,-3.37724548407144,0,0
2021-07-28,-1.2195952852,0.117505547224094,-3.62134343004429,-2.2077783227203,1.31476414203644,-4.0348414471656,-5.33911690307467,-2.41400295499886,-3.40155798545813,0,0
2021-07-29,0.45523520494,0.116633979721793,-3.62034038538608,-2.20696896842934,1.3360823392868,-4.06808228186255,-5.38308544336054,-2.4343799990407,-3.4298737417345,0,0
2021-07-30,0.15105740185,0.11604336827976,-3.62017536751396,-2.20675212228818,1.29097449779511,-3.99723821074246,-5.28973599418858,-2.39129175573925,-3.36986884669535,0,0
2021-08-02,-0.23310023316,0.114982848176672,-3.6191454384158,-2.20588995168689,1.1530464887619,-3.77125560576799,-4.99289312546355,-2.25370183203011,-3.17850649292629,0,0
2021-08-03,1.2644310062,0.114710352261551,-3.6188403388716,-2.20564235548975,1.04976546764374,-3.59308336249023,-4.75877574488158,-2.14514808217418,-3.02755382225392,0,0
2021-08-04,-0.27823018463,0.115348478596362,-3.61965468752716,-2.20628649989786,1.06239748001099,-3.61552616468047,-4.78804821649444,-2.15872987109736,-3.04645978289669,0,0
2021-08-05,0.074855392995,0.11624669219986,-3.62058665132385,-2.20705518044183,1.0244562625885,-3.5483455402415,-4.69960696566158,-2.11763362878604,-2.98938984918192,0,0
2021-08-06,-0.47670934364,0.116027831673474,-3.62033338794971,-2.20685101773343,0.935228705406189,-3.38509606494784,-4.48512126213412,-2.01815651173178,-2.85107656146422,0,0
2021-08-09,-0.034213767412,0.115948245749523,-3.6202815203266,-2.20680269343499,0.886388778686523,-3.29248245262599,-4.36339828026714,-1.96171726267288,-2.77259808516117,0,0
2021-08-10,-0.33540967897,0.116325808483574,-3.62075154846197,-2.20717624194704,0.826504051685333,-3.17538155162018,-4.20940868697453,-1.8902681771627,-2.67329347011228,0,0
2021-08-11,0.17857142848,0.116417871790552,-3.62094887422793,-2.20732062644509,0.786914646625519,-3.09566104829667,-4.1045692816815,-1.84165673802834,-2.60570912396611,0,0
2021-08-12,2.0773344302,0.117144545243247,-3.6221275402462,-2.20821624998312,0.757479667663574,-3.03531286785414,-4.02492301215529,-1.80473910176611,-2.55441599095679,0,0
2021-08-13,0.14104372367,0.118938600082432,-3.62447438225286,-2.21006483296701,0.837943434715271,-3.19887807707735,-4.23929506071623,-1.90413817936071,-2.69270991639787,0,0
2021-08-16,1.3547954393,0.119706696573421,-3.6254322195597,-2.21089396409136,0.810447633266449,-3.14408376765049,-4.16712636185766,-1.87064761166074,-2.64614299586203,0,0
2021-08-17,-0.61540497627,0.120479655980423,-3.62617421509252,-2.21163916789003,0.827422618865967,-3.17798898716153,-4.21161017018942,-1.89128867408689,-2.6747640440866,0,0
2021-08-18,-2.5501032025,0.119608377071032,-3.62527711796559,-2.21070769823886,0.846054315567017,-3.214965413931,-4.260273732431,-1.91382733287287,-2.70623072017985,0,1
2021-08-19,0.23230390816,0.118673166078707,-3.62412087305193,-2.22338055990884,1.01423799991608,-3.53115663581941,-4.67587182313106,-2.12047969685615,-2.9802897903374,0,0
2021-08-20,1.015678255,0.119576431908272,-3.62421866426729,-2.22349216373151,0.966411471366882,-3.44325627750306,-4.56087402004837,-2.06625487241342,-2.90560865572762,0,0
2021-08-23,1.0257102369,0.117911807899151,-3.62379335256216,-2.22301548011694,0.975233495235443,-3.46072585698513,-4.58313122290538,-2.07740292249036,-2.92055509632951,0,0
2021-08-24,-0.06011622454,0.117134209546125,-3.62301221520018,-2.22214876381975,0.983057618141174,-3.47505566879383,-4.60205629941254,-2.08610989326679,-2.9328374929525,0,0
2021-08-25,-0.8421334046,0.116918401596553,-3.62283829266929,-2.22195562195583,0.918991327285767,-3.35608057982364,-4.44574894791959,-2.01313792121208,-2.83184852537818,0,0
2021-08-26,-0.55270962539,0.115952445619111,-3.62218671839296,-2.22123143475799,0.904342412948608,-3.328635548033,-4.40957725562962,-1.99637022743309,-2.8086565808905,0,0
2021-08-27,0.71844923423,0.114388608498332,-3.62033266297843,-2.21917534141907,0.897042870521545,-3.31451343173464,-4.3913926167548,-1.98744444503283,-2.79692815740466,0,0
2021-08-30,3.0417227457,0.114870752385213,-3.62086729160955,-2.21976834965096,0.886331975460053,-3.29400220709871,-4.36435308421018,-1.97493472625738,-2.77943617938155,0,0
2021-08-31,-0.84247648911,0.115882050086827,-3.62154927123277,-2.220526333097,1.10223400592804,-3.6862859376849,-4.87991086068194,-2.21538932229785,-3.11253014572218,0,0
2021-09-01,0.44786932758,0.11779952325127,-3.62452660837501,-2.21081625491719,1.1095324754715,-3.70007192817586,-4.89690766724814,-2.21094935239392,-3.11467070294956,0,0
2021-09-02,0.74749196774,0.118315356215729,-3.62517843178157,-2.21161068487328,1.04482507705688,-3.58722187594982,-4.74850679314432,-2.1423197794252,-3.019036833372,0,0
2021-09-03,0.42303937535,0.118866094340342,-3.62555255392964,-2.21184685416183,1.02466785907745,-3.55113134903272,-4.70116275285673,-2.12009532716997,-2.9884178817603,0,0
2021-09-07,1.5489306545,0.117711740213122,-3.62376558808927,-2.20944407484084,0.971056699752808,-3.45322692716507,-4.57318010526078,-2.0595232625672,-2.90575038364686,0,0
2021-09-08,-1.0083604569,0.119132438719135,-3.62516765172694,-2.21088545713416,1.0198655128479,-3.54186604591417,-4.68944181445121,-2.11360521257546,-2.98059703770225,0,0
2021-09-09,-0.67049190893,0.118438400429301,-3.62460080499384,-2.2104058533465,1.03467214107513,-3.56846331483886,-4.72437673244192,-2.12996068421303,-3.00320433090925,0,0
2021-09-10,-3.3101836829,0.117755809446197,-3.62378175191714,-2.20943678301581,1.01296353340149,-3.52943881630018,-4.67330913344249,-2.10595591289427,-2.97027420150137,0,1
2021-09-13,0.38934013573,0.116394053840762,-3.62200547798592,-2.22103274411826,1.29088628292084,-3.99882630824218,-5.29051698958115,-2.40708064242913,-3.37927059957692,0,0
2021-09-14,-0.95620193915,0.116568113819487,-3.62230504631044,-2.22136465228389,1.27310132980347,-3.97054358358183,-5.25321993834905,-2.38983743139841,-3.35520680288035,0,0
2021-09-15,0.6143667295,0.117006726891904,-3.62280435176067,-2.2219184343094,1.224125623703,-3.89127164332064,-5.14894246486077,-2.34132851174459,-3.28779952258098,0,0
2021-09-16,-0.16104140104,0.117163057128139,-3.62303125804162,-2.22216993113931,1.16398406028748,-3.79165627457293,-5.01798905649884,-2.2802937039425,-3.20315174691366,0,0
2021-09-17,-1.8348007257,0.116523322165492,-3.6222677694381,-2.22132326177532,1.05922973155975,-3.61147435281265,-4.78146313410285,-2.16963785706668,-3.05020313929257,0,0
2021-09-20,-2.1361084487,0.116066223929007,-3.62172558395228,-2.22072199560083,1.14817905426025,-3.76472563856615,-4.98295173855798,-2.26350662045723,-3.1804568538614,0,0
2021-09-21,0.34280117525,0.115255616623647,-3.62040502105839,-2.22197915509948,1.28354609012604,-3.98643493771387,-5.27483746748674,-2.40210662859333,-3.36896106546631,0,0
2021-09-22,1.687234191,0.114737740739608,-3.6195327018781,-2.2207335763801,1.22138381004334,-3.88543350989855,-5.14249060722273,-2.33953338739613,-3.28403325469154,0,0
2021-09-23,0.67192320876,0.116506405593805,-3.62209680621584,-2.20807689983169,1.27319467067719,-3.97052014825204,-5.25332250067155,-2.37499766107249,-3.35394122752073,0,0
2021-09-24,0.061295375599,0.117804611638502,-3.62352632146218,-2.2092414655565,1.20955586433411,-3.86734275788748,-5.11742769118656,-2.31191495820791,-3.2661331312244,0,0
2021-09-27,-1.0549959161,0.11789220265081,-3.6236604373749,-2.20934432409752,1.07800316810608,-3.64444323332888,-4.82455925828264,-2.17600221281335,-3.07684451625847,0,0
2021-09-28,-2.3801334526,0.118028840003917,-3.62348829072915,-2.20925889662355,1.06183171272278,-3.61580259907365,-4.78714955526403,-2.15850682491881,-3.05252993442531,0,1
2021-09-29,0.64829821731,0.116050039209688,-3.62084734291103,-2.21863225803618,1.22415208816528,-3.89010639628084,-5.14839675034487,-2.33867590109265,-3.28827600269928,0,0
2021-09-30,-0.93117692377,0.116733032080031,-3.62191359062796,-2.21990861084671,1.21373391151428,-3.87351441199663,-5.12616226218522,-2.32893123871752,-3.27404603486267,0,0
2021-10-01,0.81272084808,0.117129179827501,-3.62254508714393,-2.22066698379767,1.1761759519577,-3.81158059418333,-5.04453119953639,-2.29122071622513,-3.22134024838972,0,0
2021-10-04,-2.4605678234,0.117721262763042,-3.62336452169011,-2.22162739645698,1.14757132530212,-3.76379912401528,-4.98147921895388,-2.26219165506581,-3.18063334544523,0,1
2021-10-05,1.4158401611,0.117366548704809,-3.62283118860582,-2.22441703925628,1.34076344966888,-4.07755824267397,-5.39389172488589,-2.45831575570102,-3.44862789820939,0,0
2021-10-06,0.63071362765,0.117117708880919,-3.62242302917268,-2.2238449694252,1.4085773229599,-4.18210073569919,-5.53143112201393,-2.52221934077976,-3.5375515776766,0,0
2021-10-07,0.90845070426,0.118392607559954,-3.62402478505376,-2.22563488449891,1.30307960510254,-4.01852272883029,-5.31599237059781,-2.42222552641676,-3.3982778843752,0,0
2021-10-08,-0.27217530878,0.119135285609131,-3.62448582099994,-2.22557863759123,1.27368319034576,-3.97137146497105,-5.2541475320983,-2.39259876181566,-3.35812337972569,0,0
2021-10-11,-0.062981105657,0.11763243844332,-3.62269134708621,-2.22368617142175,1.17073440551758,-3.80213701864866,-5.03232440872269,-2.28840669152768,-3.2145072993338,0,0
2021-10-12,-0.91030039912,0.1179203185355,-3.62281979323228,-2.22354726232827,1.0594197511673,-3.61097991962012,-4.78125371662496,-2.17073503537836,-3.05198330103735,0,0
2021-10-13,-0.423998304,0.116579771335412,-3.62165966316208,-2.22288528070722,1.02492845058441,-3.54994320166993,-4.70110910604046,-2.13384150125662,-3.00026918724838,0,0
2021-10-14,2.0225675962,0.115803656172175,-3.62082364551827,-2.22211918791909,0.994087100028992,-3.49429933429581,-4.62813911853936,-2.0997362073648,-2.95308447182908,0,0
2021-10-15,0.75125208696,0.116435738380722,-3.62159813572813,-2.22296147317627,1.09318423271179,-3.67014252467782,-4.85900514205949,-2.2077916547432,-3.10246017467832,0,0
2021-10-18,1.1806130902,0.116396142245093,-3.62140858797783,-2.2225797630458,1.0638370513916,-3.61881436929809,-4.79168129386761,-2.17602767351315,-3.05884884374673,0,0
2021-10-19,1.5080177413,0.117084105433426,-3.62212119136946,-2.22319258244504,1.05152153968811,-3.59717386348628,-4.76312947229386,-2.16266036735371,-3.04035170453525,0,0
2021-10-20,0.33611185809,0.117884663103152,-3.62283119826406,-2.2236280809477,1.09604382514954,-3.67493382156307,-4.86524796801005,-2.21007853111979,-3.10634990019123,0,0
2021-10-21,0.14739380949,0.117857466267934,-3.62279142309593,-2.22357681054114,1.02807974815369,-3.55544536017501,-4.7082731118466,-2.13672195304451,-3.00477924318785,0,0
2021-10-22,-0.52849879585,0.117611179624988,-3.62249528068086,-2.22326170403595,0.940475642681122,-3.39541676544386,-4.49808565387439,-2.03846630020866,-2.86878088593559,0,0
2021-10-25,-0.033627009179,0.117580394313567,-3.62250787877578,-2.2233379208735,0.903798222541809,-3.32627637019719,-4.40721645379474,-1.99610923586085,-2.81000541922352,0,0
2021-10-26,0.45748116263,0.117878880107256,-3.62300906875288,-2.2240512210627,0.852075636386871,-3.22644627047121,-4.27588568330369,-1.93509705609018,-2.72466045366795,0,0
2021-10-27,-0.31476024642,0.118958178868285,-3.62430201878073,-2.22255743205923,0.820347011089325,-3.16368124511657,-4.1931871635453,-1.89407898269878,-2.67097625286239,0,0
2021-10-28,2.4991602282,0.118963837758709,-3.62430417055627,-2.22255871793482,0.796281933784485,-3.11517060868449,-4.12946438829726,-1.86432822898092,-2.62974624881568,0,0
2021-10-29,-1.8155600707,0.119750867890384,-3.62522064264422,-2.22359520546984,0.931142151355743,-3.37843142982819,-4.4751071599434,-2.0259230515301,-2.85336807062374,0,0
2021-11-01,-0.56074766371,0.118892159402099,-3.62473686859058,-2.22318159637969,1.03501260280609,-3.56875452365408,-4.72493440377347,-2.14287429067098,-3.01521290704071,0,0
2021-11-02,0.71160042971,0.117215149693338,-3.62287946293402,-2.22110590538947,1.02732622623444,-3.55483050728589,-4.7070078650828,-2.13403344331702,-3.00363731684153,0,0
2021-11-03,0.9798693507,0.11745186666063,-3.62316892922323,-2.22143683454279,0.988284528255463,-3.48443096811979,-4.6144502517034,-2.09093404059102,-2.94376616026054,0,0
2021-11-04,-0.34985807642,0.117633020963979,-3.62335556880062,-2.2216415912752,0.977950096130371,-3.46555255642827,-4.58962242103329,-2.07937854934325,-2.92769490534014,0,0
2021-11-05,0.35823271865,0.117007837060945,-3.62278552561312,-2.22103794626777,0.927348554134369,-3.37169616543661,-4.46635466748038,-2.0218281271608,-2.84801220755847,0,0
2021-11-08,-0.55526176629,0.116832226783318,-3.62254407714052,-2.22075531360297,0.896927297115326,-3.31394326684713,-4.39054516496531,-1.98636175651052,-2.79895962456338,0,0
2021-11-09,0.24594522729,0.116994299900634,-3.62269043655268,-2.22090982630446,0.87009733915329,-3.26221541350271,-4.32257927296913,-1.95464836156359,-2.75497443185736,0,0
2021-11-10,-1.9163185465,0.116844990133576,-3.62253165470475,-2.22073418224589,0.831164956092835,-3.18575367605793,-4.22214451402079,-1.90775947087256,-2.69001247569839,0,1
2021-11-11,-0.033802055077,0.116083610919126,-3.62168978649928,-2.22027250845804,0.916540741920471,-3.35118218862043,-4.43962773588889,-2.00951946058954,-2.83072610653255,0,0
2021-11-12,1.4336917562,0.115449198626924,-3.62104192957212,-2.21955520543031,0.88287764787674,-3.28693861829394,-4.35529166837513,-1.97007970073927,-2.77621863496023,0,0
2021-11-15,0.0066671111199,0.11581089338173,-3.62147776596632,-2.2199786761753,0.906106412410736,-3.33146010049772,-4.41370156918273,-1.99737841550472,-2.81399842257036,0,0
2021-11-16,0.66666666662,0.115365562365838,-3.62109607904639,-2.21949102409669,0.852993845939636,-3.22899425798262,-4.27906694210893,-1.93450454341931,-2.72697237912422,0,0
2021-11-17,1.6490066226,0.11521273232077,-3.62091708974066,-2.2193132025483,0.841305911540985,-3.20599125699508,-4.24887333968297,-1.92040191423626,-2.70744666851843,0,0
2021-11-18,2.8536060983,0.115942201266218,-3.62161200934413,-2.22012718237907,0.913374304771423,-3.3452547819485,-4.43181040104065,-2.00584706996912,-2.82570321039012,0,0
2021-11-19,1.6975992905,0.116949286459757,-3.62228202111758,-2.22118709870653,1.15370404720306,-3.77376615285143,-4.9949445768808,-2.26884146317105,-3.18978069782605,0,0
2021-11-22,0.29274369354,0.117700144958449,-3.6227081481794,-2.22196048328166,1.28838872909546,-3.99433489127927,-5.28487164378678,-2.4043852626065,-3.37716915411207,0,0
2021-11-23,0.24220593714,0.117929066434845,-3.62294865819973,-2.22222055897803,1.18408679962158,-3.82440977935214,-5.06156845803731,-2.30019695744286,-3.23271366078279,0,0
2021-11-24,0.32835635957,0.118178120312501,-3.62317146958886,-2.22249491018728,1.10163557529449,-3.68466022128852,-4.87794589504088,-2.21452650860543,-3.11390549046539,0,0
2021-11-26,-3.1678399407,0.117840567328711,-3.62289567149102,-2.2221288451136,1.07215046882629,-3.63347585032175,-4.81070278312636,-2.18305605644259,-3.07044588582351,0,1
2021-11-29,2.1873604999,0.116143141996347,-3.62103184396862,-2.22208686314768,1.41012501716614,-4.18378455346914,-5.53421612770799,-2.52255578590558,-3.54739530336348,0,0
2021-11-30,3.1577633548,0.117153753599018,-3.62276688948222,-2.22459154943882,1.58253741264343,-4.44024871030141,-5.87030607468895,-2.68135890754369,-3.76565327174581,0,0
2021-12-01,-0.32062915916,0.119130926678962,-3.62405853474837,-2.22469824586524,1.97696006298065,-4.97645526096169,-6.57486259914427,-3.00889295720856,-4.22232721944847,0,0
2021-12-02,-0.61297566308,0.118318965397218,-3.6230700509731,-2.22377913857104,1.81955802440643,-4.76887623722664,-6.3025763398325,-2.88135881748209,-4.04561083820511,0,0
2021-12-03,-1.172447484,0.118732430246056,-3.62255652846707,-2.22431030309039,1.74328446388245,-4.66425567744964,-6.16591141857401,-2.81810227306451,-3.95655945145657,0,0
2021-12-06,2.1502718733,0.115739552020188,-3.61914149854258,-2.22091414923964,1.86235463619232,-4.82323462362942,-6.37610517532654,-2.91510011916885,-4.09250311951419,0,0
2021-12-07,3.5446406968,0.116790704670963,-3.62045936820567,-2.22209899414567,2.19421339035034,-5.24615139710976,-6.93133750870328,-3.1747773086816,-4.45265518158106,0,0
2021-12-08,2.2783035402,0.117980631840992,-3.62111224638434,-2.2234941801182,3.03749704360962,-6.19304463815243,-8.1759109298671,-3.75721765079184,-5.25939313488588,0,0
2021-12-09,-0.29700708237,0.118383063967626,-3.62094151331992,-2.22399002659103,3.10524749755859,-6.26233595150867,-8.26752715392626,-3.80066821059661,-5.31849700202348,0,0
2021-12-10,2.8013290559,0.117954091171738,-3.62054998614291,-2.22349780823184,2.72214579582214,-5.85556476304126,-7.73306009354354,-3.55057862640138,-4.97194787774488,0,0
2021-12-13,-2.0674282531,0.119110208473555,-3.62185860487141,-2.22480856571345,3.09262037277222,-6.25023515203272,-8.25103615593786,-3.79340423838589,-5.30804626246322,0,0
2021-12-14,-0.80232161135,0.118370548723712,-3.62152573194872,-2.22393831146904,3.06633615493774,-6.22326759245952,-8.21541762220015,-3.77595826833586,-5.28508619163735,0,0
2021-12-15,2.8509149315,0.117642439293748,-3.62062796702377,-2.22311698719091,2.70663356781006,-5.83896025453462,-7.71089509631621,-3.53979620262294,-4.95776717359077,0,0
2021-12-16,-3.9263803682,0.118416312180314,-3.62171120974462,-2.2239818587875,3.11747002601624,-6.27620691112645,-8.28478396312501,-3.80832583229297,-5.33015827862033,0,1
2021-12-17,-0.65017996058,0.116409103993752,-3.62055797917685,-2.22163075048454,4.11600303649902,-7.22895536452906,-9.53670045008254,-4.39082090603277,-6.14202207589997,0,0
2021-12-20,-0.81220053753,0.115471024548078,-3.6197413767676,-2.22054840114538,3.49956178665161,-6.65602105762145,-8.78408179018086,-4.03853456627609,-5.65396957834973,0,0
2021-12-21,1.9086892489,0.113747237489188,-3.61785984301439,-2.21858471610256,3.26880502700806,-6.42728435509076,-8.48451585049957,-3.89741774637892,-5.45935196952052,0,0
2021-12-22,1.5318804553,0.11449703441809,-3.61878584524052,-2.21943141712406,3.28944826126099,-6.44883556521603,-8.5122397276287,-3.91084936507141,-5.47757328702604,0,0
2021-12-23,0.36438168991,0.11436442605905,-3.61861727951769,-2.21928198140967,3.04896664619446,-6.20420831300679,-8.19081336394827,-3.76078830352283,-5.26917242146695,0,0
2021-12-27,2.2974812797,0.113960664631653,-3.61789418089323,-2.2188417288641,2.63321733474731,-5.75686538829447,-7.60336976053831,-3.4865962278087,-4.88814555862025,0,0
2021-12-28,-0.57672045696,0.115821720455301,-3.61969017340555,-2.22097694188454,2.7473509311676,-5.88386352969463,-7.76960294136161,-3.5654774959942,-4.99610692945922,0,0
2021-12-29,0.050198003191,0.115220844124773,-3.61916612647162,-2.22028390132928,2.37748789787293,-5.46520929939397,-7.21949917773401,-3.30825814997895,-4.63946928093869,0,0
2021-12-30,-0.65782138472,0.115248333549025,-3.61916372426596,-2.22031740124264,1.97695660591126,-4.97345108534416,-6.5731720145982,-3.00661315995205,-4.22047799533202,0,0
2021-12-31,-0.35353535341,0.113959765380211,-3.61770106947234,-2.21885414114872,1.73082149028778,-4.64551268932729,-6.14265907151459,-2.80518003169299,-3.94127242425299,0,0
2022-01-03,2.5004223686,0.113958967701789,-3.61764676889544,-2.21885696961763,1.50684642791748,-4.32683532379385,-5.72378678587593,-2.60976946511361,-3.66975638556216,0,0
2022-01-04,-1.2691610352,0.114704509203069,-3.61856718272566,-2.21969838640619,1.65695810317993,-4.54321955128468,-6.00788045956106,-2.74255528423797,-3.85399208500707,0,0
2022-01-05,-2.6599888703,0.113721883462592,-3.6178397148463,-2.21855530383637,1.63855946063995,-4.51733829880622,-5.97387079100665,-2.72616709437024,-3.83203973168222,0,0
2022-01-06,-1.6693345529,0.112389660842847,-3.61610669721708,-2.22455159088628,1.86509275436401,-4.82606935349873,-6.38049731710631,-2.92564482672768,-4.09545854012621,0,0
2022-01-07,0.098837209225,0.110975305404711,-3.61433175870957,-2.22288986304637,1.89400196075439,-4.86316723050707,-6.43006102816484,-2.94822671548939,-4.12732499179486,0,0
2022-01-10,0.011616425763,0.110485323464205,-3.61383728456976,-2.2224433500028,1.66706538200378,-4.55551657138604,-6.02562994301748,-2.7590198771677,-3.8652567234408,0,0
2022-01-11,1.6783785353,0.110338988309896,-3.61368024370648,-2.2222999514207,1.45947742462158,-4.255305959722,-5.63087449922458,-2.57439565937448,-3.60947981721916,0,0
2022-01-12,0.25702535986,0.110963676160102,-3.61434949588803,-2.22291088383946,1.6133816242218,-4.47994547036249,-5.92609673267034,-2.71255461395916,-3.80079203307521,0,0
2022-01-13,-1.9028086366,0.111957139341684,-3.61556225378865,-2.22404166578102,1.50560355186462,-4.32444758451292,-5.72118702795562,-2.61700954952705,-3.66812544654046,0,0
2022-01-14,0.51106336014,0.111408760866986,-3.61497799000042,-2.22350885003646,1.59876680374146,-4.45945438510062,-5.8988686505308,-2.70004809598743,-3.78324270454143,0,0
2022-01-18,-1.8894089097,0.111582276228396,-3.61522877675516,-2.22374814633592,1.50023400783539,-4.31649598827155,-5.71078103485563,-2.61215429497422,-3.66139809806688,0,0
2022-01-19,-2.1024734982,0.109960519864635,-3.61363338939307,-2.22231461901283,1.6849182844162,-4.58069470083842,-6.05857077255858,-2.77470168751773,-3.88673815581316,0,0
2022-01-20,-1.0347109426,0.108875289763513,-3.61210174702963,-2.22085734710406,1.88014423847198,-4.84397908904399,-6.40558237876908,-2.93632769914912,-4.1112943594887,0,0
2022-01-21,-1.2765181449,0.107952153700599,-3.61116605703845,-2.2200117610819,1.81278228759766,-4.75410751330278,-6.28765059727556,-2.88106288281134,-4.03485100440201,0,0
2022-01-24,-0.48642324973,0.106259988724247,-3.61012907292937,-2.21919012664271,1.78146111965179,-4.71222936400644,-6.23238799419686,-2.85572385753093,-3.99931009135581,0,0
2022-01-25,-1.1384729613,0.104537854859304,-3.60802474662092,-2.21722766795256,1.84540820121765,-4.79681231065137,-6.3445406956737,-2.90747286027561,-4.07168210848437,0,0
2022-01-26,-0.056327450329,0.104353580585523,-3.60776448128075,-2.21697996170163,2.2489116191864,-5.30598410913315,-7.01464649528601,-3.2203119585262,-4.50556349096914,0,0
2022-01-27,-0.29432024548,0.104330160400921,-3.60769941897996,-2.21691411702631,2.18651413917542,-5.23032672261485,-6.91514925707888,-3.17379109638412,-4.44110936927058,0,0
2022-01-28,6.9777666124,0.103141122069048,-3.60660127726299,-2.21594025231712,2.31456851959229,-5.38383604728845,-7.11746936682562,-3.2681252415783,-4.5720607805754,0,0
2022-01-31,2.6125755885,0.105630730178318,-3.60922085392155,-2.21832345331745,4.95305490493774,-7.92685622882867,-10.4620665172316,-4.83135011162059,-6.73847437020295,0,0
2022-02-01,-0.097265133263,0.106915463985251,-3.60913048123302,-2.21800478330902,4.81080961227417,-7.80919176628039,-10.3086525070301,-4.75795816505513,-6.63838051693186,0,0
2022-02-02,0.7044270089,0.10708786761502,-3.6093976200542,-2.21826193645033,3.71157741546631,-6.84658073627418,-9.04187371461584,-4.16649459860978,-5.81809716690109,0,0
2022-02-03,-1.6719745224,0.10759366429506,-3.60985562465879,-2.21866663931076,3.33146047592163,-6.48121908586987,-8.56097842832065,-3.94198076787854,-5.50671309297476,0,0
2022-02-04,-0.16794069961,0.106178929306037,-3.60859025047989,-2.21755156371953,3.22452235221863,-6.37375036843548,-8.42007597295933,-3.87586844919247,-5.4153081639282,0,0
2022-02-07,-0.42345843722,0.105612518387631,-3.60798420641299,-2.2169983794494,2.9089720249176,-6.04806027768081,-7.99183756489456,-3.67563535744745,-5.13787822916248,0,0
2022-02-08,1.8466736574,0.105235416043466,-3.60751766014962,-2.21656235147509,2.64176678657532,-5.7582480340298,-7.61074425267255,-3.49745704129315,-4.89100152418489,0,0
2022-02-09,0.82937710922,0.106487679826194,-3.60914934270163,-2.21809873323174,2.68241333961487,-5.80460410796211,-7.67076364456526,-3.52633101553299,-4.93025397484719,0,0
2022-02-10,-2.3598820059,0.107504600342505,-3.60967561531442,-2.21848870091646,2.48524284362793,-5.58302375320142,-7.3794086498529,-3.38986585616659,-4.74139245962575,0,0
2022-02-11,-2.0218452243,0.105268010836452,-3.6078673787427,-2.21693236857242,2.60659289360046,-5.7196144792381,-7.55951111979996,-3.47395738183226,-4.85801952744738,0,0
2022-02-14,0.14231499063,0.103754751303845,-3.60565289413753,-2.21481485722475,2.72992420196533,-5.85367884840178,-7.73742243463455,-3.55566916856687,-4.97259867000309,0,0
2022-02-15,2.3152534344,0.104133448788046,-3.60596421390814,-2.21508387937071,2.45993661880493,-5.55152756644319,-7.33966357444889,-3.3700451062028,-4.71509267335698,0,0
2022-02-16,-0.138896927,0.104462099509677,-3.60633068044698,-2.21542080875983,2.73972153663635,-5.86477402308469,-7.7517624935325,-3.5625255092798,-4.98195849637114,0,0
2022-02-17,-2.1269197334,0.104243653892756,-3.60610785701429,-2.21521916196759,2.2938973903656,-5.35742948676646,-7.08412053599634,-3.25084262675148,-4.54967903446316,0,0
2022-02-18,-0.93557555656,0.103879440917655,-3.60570457772682,-2.2148488277458,2.37235856056213,-5.44979357196868,-7.20586566196824,-3.30753319622899,-4.62844146517189,0,0
2022-02-22,-1.781231321,0.103645729298526,-3.60527572269092,-2.21442843853982,2.23521590232849,-5.28647165700542,-6.99120079464621,-3.20706616776286,-4.48934009759557,0,0
2022-02-23,-2.5864167476,0.103147955691755,-3.60471847964738,-2.21391574320421,2.22279953956604,-5.27114705006365,-6.97126997620246,-3.19759144713382,-4.4759283184851,0,0
2022-02-24,1.668020241,0.103240785531343,-3.57877308000978,-2.20670140101839,2.51341438293457,-5.57045714185081,-7.41872697907361,-3.3952087907338,-4.75986762109158,0,0
2022-02-25,1.2965466389,0.10558751836282,-3.58152927821955,-2.20335859498313,2.42672681808472,-5.47370267237077,-7.28795238435773,-3.32679458456084,-4.65883058484301,0,0
2022-02-28,0.16378525943,0.104053786820367,-3.5805978371875,-2.20140722949697,2.62492609024048,-5.69709607460352,-7.58306982057153,-3.46258335731785,-4.84863522730499,0,0
2022-03-01,-1.1627906979,0.104209898919249,-3.58063122632871,-2.20177427099131,2.24946522712708,-5.2660986278276,-7.01221638005537,-3.1980590011931,-4.48092246923251,0,0
2022-03-02,2.0588235295,0.105127085396327,-3.58059083979936,-2.20458326203382,2.17593002319336,-5.17661461516345,-6.89581643859929,-3.14686116693708,-4.40655951277348,0,0
2022-03-03,-0.19812680121,0.106951278905286,-3.58162770266593,-2.20710805353615,2.28944897651672,-5.31238281030735,-7.07704342677212,-3.23260740950926,-4.52377668932948,0,0
2022-03-04,-1.8408229562,0.106961475307901,-3.58154526259479,-2.20736550345933,2.12967562675476,-5.11973372241943,-6.82191234745011,-3.11433710691391,-4.35939173961701,0,0
2022-03-07,-2.3717595145,0.107024723171823,-3.58290789915839,-2.20416432677078,2.21399998664856,-5.22416884537096,-6.9566912323249,-3.17266513032735,-4.44524642615941,0,0
2022-03-08,-1.1676082862,0.102486428629572,-3.58006552163429,-2.19826781069966,2.4732928276062,-5.52777737640987,-7.35654759184002,-3.35466473622275,-4.70199724299808,0,0
2022-03-09,3.4997459348,0.102167397513357,-3.58003971097276,-2.19760958851527,2.4494354724884,-5.50083547976904,-7.32017660561988,-3.33723938053289,-4.67836332864482,0,0
2022-03-10,-2.7186253452,0.103891834101856,-3.58078784540831,-2.20041055003044,3.69945001602173,-6.78337917695202,-9.02136364630287,-4.12836778247247,-5.7749577924011,0,0
2022-03-11,-2.3908655059,0.104067622443462,-3.58013117318771,-2.20272798086503,3.81336665153503,-6.88715644294012,-9.16176938226858,-4.19738506863366,-5.86625553204705,0,0
2022-03-14,-2.6562399017,0.103230627352723,-3.5800810924961,-2.20040694641113,3.72952127456665,-6.81061070225541,-9.05811753973244,-4.14618833691077,-5.79870900589851,0,0
2022-03-15,2.9677333687,0.101891804026646,-3.57968952758994,-2.197554621087,3.84879660606384,-6.92086843576667,-9.20179620856896,-4.20934778778629,-5.89034956030216,0,0
2022-03-16,2.9015410408,0.103375926387082,-3.58003804401794,-2.20095130147417,4.40906286239624,-7.41390511687701,-9.85814142511386,-4.51813068675221,-6.31430626336058,0,0
2022-03-17,0.64540384719,0.105696144664281,-3.58235207467126,-2.20209549918107,4.33674955368042,-7.35450328569051,-9.77745968464212,-4.48013775612142,-6.26229441493019,0,0
2022-03-18,2.0918939112,0.105654604069204,-3.58244287170898,-2.20190119456515,3.63451409339905,-6.72405836661219,-8.9418143479526,-4.09213826722549,-5.72373468496032,0,0
2022-03-21,0.85376265397,0.106590912519886,-3.58319018726162,-2.20293094101657,3.47606921195984,-6.57398752778465,-8.74298320394004,-4.00060189079657,-5.59575921160888,0,0
2022-03-22,2.0800580482,0.106864424259551,-3.58348656966456,-2.20313770285532,3.04157328605652,-6.14277445990783,-8.17150925663084,-3.73543128057091,-5.22748036145321,0,0
2022-03-23,0.82336216074,0.107608827667618,-3.58413260841987,-2.20389304632239,3.07608199119568,-6.17851632395108,-8.21867415027727,-3.75774690091757,-5.25790796846422,0,0
2022-03-24,2.2677868516,0.108210592793365,-3.58456451453978,-2.20461228519928,2.75956225395203,-5.8464429630909,-7.77898147200854,-3.55407595000959,-4.97466188999766,0,0
2022-03-25,0.37341299467,0.10973032950987,-3.58562963254166,-2.20645959879541,2.80013775825501,-5.89032323149929,-7.83757381070191,-3.58247358715369,-5.01268984237676,0,0
2022-03-28,0.50366300384,0.110246097967998,-3.58592776448743,-2.20716350252617,2.44545459747314,-5.49740957597037,-7.31749160403684,-3.34130500711115,-4.6775973605973,0,0
2022-03-29,1.9134396354,0.110966949671202,-3.58613873059064,-2.20839815142062,2.16923189163208,-5.17081024037607,-6.88593058445919,-3.14163086067477,-4.39900703966649,0,0
2022-03-30,-0.6649530621,0.112918200464947,-3.58751499949558,-2.20731368712497,2.15720748901367,-5.15622116089285,-6.86719038112827,-3.12905944515585,-4.38694342695406,0,0
2022-03-31,-1.7775777689,0.112630065452338,-3.58724406027224,-2.20722994267931,1.94325935840607,-4.88801820910505,-6.51198950864249,-2.96426696718866,-4.15798036260373,0,0
2022-04-01,-0.1718114655,0.109561627475018,-3.58542853141501,-2.20308004114223,1.94254851341248,-4.88764154442861,-6.50964790408588,-2.96098864931676,-4.15593894744013,0,0
2022-04-04,2.3693419769,0.109802174779247,-3.58577356761084,-2.20278989822967,1.70309686660767,-4.56973106454047,-6.08819043216906,-2.7648992958079,-3.88424086010803,0,0
2022-04-05,-1.8941941268,0.109773665572548,-3.58587502513654,-2.20239240352933,1.83964896202087,-4.75387986019432,-6.33177418488602,-2.87741175038871,-4.04111950774632,0,0
2022-04-06,-1.8450816863,0.109379881002294,-3.58524973754545,-2.20305063726317,1.87967824935913,-4.80604621361943,-6.40164409305835,-2.91103247040901,-4.08636145654465,0,0
2022-04-07,0.18041087114,0.108851591226644,-3.58524240683403,-2.20141254495304,1.8916003704071,-4.8221281685141,-6.42184114227343,-2.91887135473407,-4.09906852581634,0,0
2022-04-08,-1.190891135,0.108208139259509,-3.58464384149338,-2.20120418125364,1.70476424694061,-4.57214019260603,-6.09091334494654,-2.76582977730346,-3.88590168578937,0,0
2022-04-11,-2.5515903346,0.107240981993286,-3.58399041555944,-2.20014523338617,1.64564263820648,-4.49039523525597,-5.98228043917725,-2.71516260600448,-3.8158377590541,0,0
2022-04-12,1.1523378582,0.106311620140155,-3.58353595926632,-2.19860491241764,1.84779703617096,-4.76492134291726,-6.34509466010193,-2.88233335059469,-4.0493596154518,0,0
2022-04-13,1.6342598115,0.107945956361059,-3.58455245833838,-2.20065776012811,1.76359641551971,-4.65235646433769,-6.19684707931904,-2.8145378360852,-3.95407204574798,0,0
2022-04-14,-2.9988262911,0.108368076632225,-3.58497968637005,-2.20068991812654,1.84044682979584,-4.75512538990958,-6.33275598281321,-2.87715540607687,-4.04157522042848,0,1
2022-04-18,-0.13309940086,0.10726230823873,-3.58395100235137,-2.20339804060816,2.14928555488586,-5.14696822115578,-6.85206095621153,-3.12301657832414,-4.3764770113449,0,0
2022-04-19,1.4115223843,0.106589821526156,-3.58353098244708,-2.20251904482473,1.85281646251678,-4.77124808164843,-6.35407153984651,-2.8914394774904,-4.05554681966476,0,0
2022-04-20,-0.10155316604,0.107141082578183,-3.58390749895115,-2.2032007888599,1.81311106681824,-4.71865533088776,-6.28460999001721,-2.85950871743396,-4.01084437002621,0,0
2022-04-21,-0.4843628536,0.106493065626028,-3.58359206898709,-2.20222369425282,1.62218868732452,-4.4577551135568,-5.93851379209307,-2.6983729160893,-3.78774714454236,0,0
2022-04-22,-2.7821175338,0.106933886223607,-3.58398885824493,-2.20258720820136,1.49542343616486,-4.27583673871083,-5.69751275511599,-2.58655509958996,-3.63245389774004,0,1
2022-04-25,0.67371283749,0.105458598548764,-3.58315188750234,-2.20773727380352,1.82952082157135,-4.74110477878045,-6.312744023631,-2.88072199159062,-4.03054376309804,0,0
2022-04-26,-3.7328094302,0.106010642307562,-3.58340947861364,-2.20871471175198,1.81645178794861,-4.72355836431392,-6.29000651480192,-2.87080241241294,-4.01601231632683,0,1
2022-04-27,-0.14668367339,0.104548697041286,-3.58230048191131,-2.20846713584123,2.79574131965637,-5.88522623692987,-7.82826905997514,-3.58811225073691,-5.01547669154677,0,0
2022-04-28,4.515552149,0.104305919428235,-3.58215078602143,-2.20819412718912,2.40546035766602,-5.45144753530961,-7.25364077100985,-3.32050305252702,-4.64455180489554,0,0
2022-04-29,-3.6604742116,0.10530930723671,-3.58281557198381,-2.20932740045161,3.72458791732788,-6.80923506843336,-9.05231839952626,-4.15851394681592,-5.80571229739752,0,0
2022-05-02,0.19663812236,0.103719825527731,-3.58060927547293,-2.21134429081028,4.35700130462647,-7.37024031448263,-9.79909580373752,-4.51211446797322,-6.28831810863684,0,0
2022-05-03,0.96226892892,0.103913839553054,-3.5806800848447,-2.211758502,3.81311178207397,-6.88814846011649,-9.1606343989118,-4.21502917444663,-5.87631510033136,0,0
2022-05-04,4.1008276899,0.104858222802658,-3.58140915873853,-2.21246477816601,3.77994513511658,-6.85814647212003,-9.12093055972944,-4.19663371930966,-5.85086774130536,0,0
2022-05-05,-5.5716178774,0.106203644057416,-3.58274793520446,-2.21244308436662,4.79837036132813,-7.74187122215938,-10.2906295669455,-4.74019338899592,-6.60601446644057,0,1
2022-05-06,0.47272262673,0.104741029870007,-3.58028587962463,-2.21622355732636,6.73942565917969,-9.18982568874387,-12.2153708732146,-5.64866481801533,-7.855182860515,0,0
2022-05-09,-3.3189216684,0.104842711174773,-3.58021046823814,-2.21675797788211,5.00350046157837,-7.90355310667586,-10.5110409778971,-4.8537136297865,-6.7542047038104,0,0
2022-05-10,1.6112061028,0.103328750292864,-3.57913518682611,-2.21533592989007,6.07217407226563,-8.71629805818783,-11.5880021928027,-5.35565369579215,-7.4494336972484,0,0
2022-05-11,-5.184130477,0.104361783829434,-3.57969184931901,-2.21668851544788,5.18723201751709,-8.04856382765912,-10.7038901190258,-4.94425617855905,-6.87881776841278,0,1
2022-05-12,-2.6894197952,0.101209517430201,-3.57678395864812,-2.21776990201316,6.64031887054443,-9.11573931533391,-12.1210061371862,-5.61372097488433,-7.79512376215235,0,0
2022-05-13,3.1916386084,0.0995354561287883,-3.57655635780023,-2.21473914767961,6.41607618331909,-8.95987274969825,-11.9093219518329,-5.51039320178158,-7.65661261396658,0,0
2022-05-16,-1.0672286045,0.100354184402235,-3.57644862542601,-2.21599539210652,8.70195770263672,-10.4498405268968,-13.8883787442807,-6.43662853634925,-8.93614621511601,0,0
2022-05-17,2.5422564244,0.099214573404212,-3.57547986506077,-2.2154824424516,6.24786853790283,-8.83796075931227,-11.7515836731941,-5.43854700881865,-7.55551683949435,0,0
2022-05-18,-5.6419190566,0.100509123714014,-3.57628077302751,-2.21712734138272,5.91423654556274,-8.59672083377495,-11.4325903510464,-5.29136795665226,-7.35009745840196,0,1
2022-05-19,-2.4641386165,0.0976988077230538,-3.57356284031633,-2.22425105424461,7.00863838195801,-9.36289180749393,-12.4513762491902,-5.79074630712776,-8.0092976608338,0,0
2022-05-20,0.17473607568,0.0970777861644219,-3.57411619232094,-2.22200979760084,6.38922786712647,-8.93718784155307,-11.8818535310519,-5.51947905159218,-7.64011639714627,0,0
2022-05-23,4.0119194709,0.0973991065601483,-3.57427562552349,-2.22238774800684,4.99230003356934,-7.88876772921385,-10.4920822126237,-4.86818306696438,-6.7426271189476,0,0
2022-05-24,-1.9215987702,0.0993873353899909,-3.5758195374397,-2.22374900333801,5.81066656112671,-8.52024159750962,-11.3293573771104,-5.26103173721323,-7.28406181619773,0,0
2022-05-25,0.11399259037,0.0982028626032274,-3.57444328891204,-2.22373952835174,5.08970880508423,-7.96587809362086,-10.5962450841031,-4.91863867963373,-6.81053498796303,0,0
2022-05-26,2.319954455,0.098119454827618,-3.57438367132975,-2.22367324133503,4.21599626541138,-7.24112369617956,-9.63506577925273,-4.4677246478774,-6.18958001769103,0,0
2022-05-27,4.0756711642,0.0990536805672324,-3.57506325347455,-2.22439488191919,4.36598587036133,-7.37102013117349,-9.80753467371383,-4.54880644840963,-6.30124216323916,0,0
2022-05-31,-0.53461641264,0.100743635610812,-3.5769433863528,-2.22455180888227,4.85730075836182,-7.78258377579921,-10.3510162188666,-4.80200945798641,-6.65229226021798,0,0
2022-06-01,-0.087342112329,0.0999913841904971,-3.57638321351447,-2.22399550184886,3.70848369598389,-6.78720132034673,-9.03121195786168,-4.18285099617207,-5.79939663596556,0,0
2022-06-02,1.681124336,0.100614358218653,-3.57679477019199,-2.22454854120799,3.28099083900452,-6.37821483972058,-8.48925091949066,-3.92882288014933,-5.44939473725372,0,0
2022-06-03,-3.8555651082,0.101324164625069,-3.57727635096641,-2.22515644318057,3.292560338974,-6.38979172229343,-8.5048797534002,-3.93631422898309,-5.45964644785406,0,0
2022-06-06,0.52276791848,0.0999627274225027,-3.57578294568111,-2.22499402027666,3.90907335281372,-6.96985242218276,-9.27235710991859,-4.29915675809671,-5.95704475325685,0,0
2022-06-07,1.7585876558,0.101916378110509,-3.52220185108911,-2.21973666130023,3.22253847122192,-6.22093969870034,-8.32950324807719,-3.88282840120479,-5.36511948630043,0,0
2022-06-08,-0.50433730075,0.102632375142928,-3.52254903978292,-2.22017293720754,3.17248296737671,-6.17154362979947,-8.26414238644363,-3.85182095173211,-5.32282708984922,0,0
2022-06-09,-3.5955663694,0.101707219139235,-3.5225942764218,-2.22020557039345,2.81285357475281,-5.80623430008881,-7.77537682672545,-3.62192475242939,-5.00593025632298,0,0
2022-06-10,-3.8628715648,0.0995755466081618,-3.5211320110108,-2.22555660887926,3.30938291549683,-6.30596549007157,-8.44106192774383,-3.94909236560042,-5.43717937581155,0,0
2022-06-13,-3.8284839202,0.0969498663197437,-3.51562954303653,-2.22345821170261,3.83825826644897,-6.79068637139591,-9.09520404866045,-4.25913235579685,-5.86078701031757,0,0
2022-06-14,0.66727327867,0.095665867649445,-3.51131487714356,-2.22165563031629,4.28827857971191,-7.17562088446942,-9.61702059784706,-4.5049739831493,-6.19748881930654,0,0
2022-06-15,2.011147936,0.0958699729657081,-3.51193547528209,-2.22192441884094,3.73404836654663,-6.69048382860202,-8.96794735531611,-4.19770698274024,-5.77713145634518,0,0
2022-06-16,-3.9651480468,0.096156377963529,-3.51215910103535,-2.22212721717007,3.635094165802,-6.60009909040302,-8.84724797176823,-4.14053424490569,-5.69899215880238,0,0
2022-06-17,1.1533138551,0.0941072646211964,-3.51184169562804,-2.22102123873802,4.93897485733032,-7.71054105753924,-10.326910578366,-4.84184691178123,-6.65755589665616,0,0
2022-06-21,3.2760717544,0.0946787351589164,-3.51315437354787,-2.22165929836049,4.03893852233887,-6.96574644531494,-9.33039590408141,-4.37021451595586,-6.01236789553392,0,0
2022-06-22,-0.38271877538,0.0960693007401795,-3.51342455998373,-2.22242497204773,4.55025100708008,-7.39852813345568,-9.91023444188238,-4.64465594007126,-6.38822712264274,0,0
2022-06-23,2.1573697821,0.0956847054623668,-3.51343180672238,-2.22223535776148,3.54620552062988,-6.52058924902898,-8.73735319502044,-4.0890892497843,-5.62818031553575,0,0
2022-06-24,2.4517248861,0.0964922527432182,-3.51422439840396,-2.22285124984663,3.62654232978821,-6.59581489736863,-8.8374689150461,-4.13659067723128,-5.69330156234182,0,0
2022-06-28,-2.9789637159,0.0969428886701351,-3.51360365760482,-2.22290817536858,3.71640849113464,-6.67657827934348,-8.94753805273227,-4.18837698450923,-5.76443695207128,0,0
2022-06-29,1.3023864958,0.0956324699114305,-3.51389199641439,-2.22233331372091,3.83616995811462,-6.78672662672997,-9.0914908497493,-4.25706132746864,-5.85781169051093,0,0
2022-06-30,-1.802772391,0.0962129901794289,-3.51503242138031,-2.22292996989721,3.3821964263916,-6.36819484997267,-8.53134415343277,-3.9919216847974,-5.49516139795813,0,0
2022-07-01,1.616442364,0.0951329963026169,-3.51487292783493,-2.22234847823132,3.37615847587585,-6.36320902613441,-8.52311658013114,-3.98828249556303,-5.48979757883085,0,0
2022-07-05,1.8930396604,0.0950388890526169,-3.51626596660028,-2.22267659032237,3.49932599067688,-6.48265893625976,-8.6792510897667,-4.06280784762974,-5.5914075707477,0,0
2022-07-06,0.96072336819,0.094741817358872,-3.51479329360623,-2.22213186814374,3.4777295589447,-6.45988080258577,-8.65159068279845,-4.04923894928548,-5.573032859964,0,0
2022-07-07,2.3999440247,0.0956808939204499,-3.51469938386782,-2.22257497466949,3.172687292099,-6.16471531522908,-8.25955670629165,-3.86317829325115,-5.31893662561428,0,0
2022-07-08,0.47147249752,0.0958615595831214,-3.51404178492113,-2.22248783201766,3.43005847930908,-6.4122903813378,-8.59174402318974,-4.02027859551851,-5.53400820316636,0,0
2022-07-11,-1.475788901,0.0964283026048688,-3.51432754898609,-2.22284721194161,2.95778441429138,-5.94758616235903,-7.97179121529179,-3.72647110421219,-5.1323171089724,0,0
2022-07-12,0.68337129851,0.0957966924916751,-3.51391586181433,-2.22242157786497,2.77986168861389,-5.76292613820717,-7.72506292180952,-3.60962840865242,-4.97233727759926,0,0
2022-07-13,-0.25366790078,0.0953144348549963,-3.51367603574379,-2.22211663737149,2.5160117149353,-5.47805775355954,-7.34447892284134,-3.42939385929422,-4.72567537311758,0,0
2022-07-14,2.0482507389,0.0952646250348107,-3.51368997831512,-2.2220955650328,2.32108020782471,-5.25787429678147,-7.0504584876297,-3.2901183571247,-4.535157109239,0,0
2022-07-15,1.1450124604,0.0961709765048429,-3.51457974088598,-2.22278700238281,2.71586513519287,-5.69581499413531,-7.63478654138253,-3.56695579331972,-4.91399688291618,0,0
2022-07-18,-2.0643270959,0.0972081747313159,-3.51496907250722,-2.22340866106437,2.6344051361084,-5.60788563932709,-7.51834043259128,-3.51157322183279,-4.83857925003848,0,0
2022-07-19,2.672196913,0.0962917119845241,-3.51467172507183,-2.22287196049107,2.70353627204895,-5.68268398279455,-7.61727650876624,-3.55865077969903,-4.90266797232535,0,0
2022-07-20,1.3509933775,0.0967798342141044,-3.51588461687291,-2.22344229062707,2.92895364761353,-5.92037051837397,-7.93288781174771,-3.70846067305409,-5.10753009736676,0,0
2022-07-21,1.5094093047,0.0976084245332852,-3.51575430550572,-2.22381992317717,2.75573348999023,-5.73868508174001,-7.69204927060204,-3.59402206182779,-4.95135870953422,0,0
2022-07-22,-0.81107177348,0.0978538749484789,-3.51566144794091,-2.2239170644987,2.65535449981689,-5.63100733863318,-7.5489081940426,-3.52607647263689,-4.85854183806037,0,0
2022-07-25,-0.73982737367,0.0972777291063966,-3.51517854717445,-2.22349982800916,2.4815559387207,-5.44016724740957,-7.29417618211629,-3.40539156283909,-4.69377339823474,0,0
2022-07-26,-0.88264138603,0.0980289117681924,-3.51592593650351,-2.22190171070316,2.31036400794983,-5.2461368847844,-7.03498178811515,-3.27923538221466,-4.51873838315209,0,0
2022-07-27,3.4234828498,0.0978036371086,-3.51546715185166,-2.22154922209746,2.14754438400269,-5.05393851800054,-6.77891220545796,-3.15776618697614,-4.35290702287794,0,0
2022-07-28,0.35716563561,0.0986231643241367,-3.51712302536919,-2.22282377769776,2.57196307182312,-5.54190697447916,-7.42842444945957,-3.46619513202668,-4.77367477522579,0,0
2022-07-29,3.2793136319,0.0979725959964975,-3.51689960694916,-2.22246648910469,2.32236909866333,-5.26154366895871,-7.05369929839187,-3.28891546675585,-4.53110971302385,0,0
2022-08-01,-0.61534674787,0.0988055464024701,-3.51752963757495,-2.22313033423505,2.74179768562317,-5.72565178532134,-7.67312387552036,-3.58233693390365,-4.93217337072708,0,0
2022-08-02,-0.92873506292,0.0980609562239914,-3.51745146795154,-2.22282788278289,2.48038840293884,-5.44166090309338,-7.29315364422091,-3.40272599817961,-4.68624296532078,0,0
2022-08-03,3.8247609524,0.0975633883857711,-3.51689932401213,-2.22232583821413,2.25882339477539,-5.18811914048222,-6.95510312196129,-3.24245512630397,-4.46732666693606,0,0
2022-08-04,-0.19262023716,0.0990959517251553,-3.51869584522485,-2.22392981768059,2.8840172290802,-5.87649214471426,-7.87253596584321,-3.67766939839268,-5.06157927307782,0,0
2022-08-05,-0.13890566488,0.0992136439220843,-3.51899549061346,-2.2241500409951,2.42032766342163,-5.37542921021877,-7.20373215208534,-3.36098605253965,-4.62867907546342,0,0
2022-08-08,-0.29029331727,0.0990770167349616,-3.51884520688239,-2.22401295184071,2.08527302742004,-4.98230241849863,-6.67937393701862,-3.11250320710472,-4.28918850017135,0,0
2022-08-09,0.030326924207,0.0994962306245621,-3.5199162177668,-2.22479964540783,1.83421230316162,-4.6676352198572,-6.2584819408231,-2.91361877112205,-4.0158499706183,0,0
2022-08-10,2.6194518554,0.100516193448939,-3.5214916648292,-2.21884576354099,1.61255371570587,-4.37129810170512,-5.86224226696142,-2.71711540944337,-3.75436188934511,0,0
2022-08-11,-0.4431576459,0.102074165624323,-3.52207421515335,-2.21958628189556,1.83121740818024,-4.66408407332707,-6.25388765254787,-2.90152507683498,-4.00751180877813,0,0
2022-08-12,2.1425603894,0.100916147649222,-3.52049083754246,-2.21764671777978,1.67204141616821,-4.45134044646392,-5.97104275812711,-2.76666606184562,-3.82443312962331,0,0
2022-08-15,0.63335270188,0.102622746322547,-3.52260971755641,-2.22024598195959,1.75773918628693,-4.56764464354756,-6.12519352614976,-2.84097397271136,-3.92435566257595,0,0
2022-08-16,-0.092384086838,0.103345039425889,-3.5229323115907,-2.22065270349572,1.59243738651276,-4.34230714281787,-5.82517962892223,-2.69893688487361,-3.73033718492351,0,0
2022-08-17,0.87846038259,0.103190252381103,-3.52288462084844,-2.22059143567342,1.37495231628418,-4.02768650469869,-5.40548765553684,-2.5006388637665,-3.45895653025617,0,0
2022-08-18,-0.22916069902,0.102925982871172,-3.5224990731588,-2.22011957401374,1.29582142829895,-3.90688098505481,-5.24458400070267,-2.42432831943473,-3.35487584806104,0,0
2022-08-19,-1.5101923628,0.103112976571967,-3.52305774453705,-2.22079866261137,1.20781981945038,-3.76875764925666,-5.05987897372098,-2.33756376821819,-3.23551551017368,0,0
2022-08-22,-2.3029384328,0.103363534046664,-3.52420754719975,-2.22219311089223,1.22115528583527,-3.79109356220472,-5.08846125736093,-2.35229085464892,-3.25417220477114,0,0
2022-08-23,-0.20290028051,0.103325890169667,-3.52361439305969,-2.22833473729336,1.36331748962402,-4.01088811655321,-5.38224811924165,-2.49850420959862,-3.44446574716353,0,0
2022-08-24,0.17939364952,0.103390716325962,-3.52345601441339,-2.22826178560145,1.21792459487915,-3.78508198752626,-5.08146013012509,-2.35571054530587,-3.24989123842665,0,0
2022-08-25,1.4922700411,0.103141970756991,-3.52298128821991,-2.22789122405331,1.10067296028137,-3.5929220506292,-4.82553729481237,-2.23420470329991,-3.08433139177838,0,0
2022-08-26,-3.7699229547,0.104550764385038,-3.52403673979287,-2.22900842456672,1.11926758289337,-3.62371952751471,-4.86692382549087,-2.25363858020018,-3.11105122941246,1,1
2022-08-29,-1.3690257915,0.102925708531067,-3.57164744218594,-2.22860683325351,1.52541482448578,-4.30833336234405,-5.69945783617671,-2.64957499814199,-3.66294769731936,0,0
2022-08-30,-1.5305490148,0.102049864324227,-3.57151952005251,-2.22775603311908,1.57848656177521,-4.3851299421424,-5.79925030696652,-2.69685458780631,-3.72751507320971,0,0
2022-08-31,-1.06349506,0.100476512054695,-3.57092946951317,-2.2264071283054,1.59540057182312,-4.40993476211236,-5.83038138594165,-2.71167979014291,-3.74749418627291,0,0
2022-09-01,0.47067803062,0.100368970979562,-3.57087653980998,-2.22632118422833,1.54105198383331,-4.3324855582996,-5.72846518653111,-2.66336644107192,-3.68136095617501,0,0
2022-09-02,-1.3611040768,0.10130850402501,-3.57064189728079,-2.22741577181142,1.42093598842621,-4.15500445701146,-5.4970427092854,-2.5538383552548,-3.53057713229952,0,0
2022-09-06,-0.82151338165,0.102213605435381,-3.57267464920566,-2.22599442817958,1.47372782230377,-4.23491309763605,-5.59976687543131,-2.60008112422672,-3.59004221695299,0,0
2022-09-07,0.92538665613,0.100281350562237,-3.57285280933374,-2.22281149867881,1.46679961681366,-4.22685438815919,-5.5856869757099,-2.59179906519037,-3.58037373244909,0,0
2022-09-08,-0.9617850731,0.101970700956317,-3.57400108103273,-2.22416822220875,1.47349882125855,-4.236429144082,-5.59884501732145,-2.59789727663852,-3.58890175591512,0,0
2022-09-09,1.8839829083,0.101353963441596,-3.57356331567324,-2.22369320099034,1.45686769485474,-4.21196463340316,-5.56652237917086,-2.58266095115127,-3.56797926586866,0,0
2022-09-12,3.8507974836,0.102591314643654,-3.57405294659517,-2.22507144490874,1.62062203884125,-4.44730869162418,-5.87689767594253,-2.73000594466141,-3.76907687163009,0,0
2022-09-13,-5.8679556997,0.104511958088424,-3.57598800179071,-2.22592408265659,2.20961928367615,-5.21111846879254,-6.87990069400266,-3.20427704673245,-4.41839862210118,1,1
2022-09-14,0.95553822157,0.102723875115462,-3.58197762261849,-2.22792914891948,3.85012483596802,-6.92573768615497,-9.13655990889225,-4.26885965615393,-5.89220087851628,0,0
2022-09-15,-1.892988217,0.103026790054098,-3.58173611499943,-2.22839766700056,3.00883197784424,-6.10984732476379,-8.06532652389419,-3.76234847443005,-5.19751656925535,0,0
2022-09-16,-1.0960162764,0.103598250082144,-3.58257464163951,-2.22790065372521,2.88912296295166,-5.98585443802642,-7.90142009141818,-3.6832581260511,-5.09102597121537,0,0
2022-09-19,2.5082946251,0.102608757395179,-3.58189142470479,-2.22674841587856,2.57912540435791,-5.64978553760827,-7.45922169910566,-3.47347252624214,-4.80377797769149,0,0
2022-09-20,1.5665458312,0.103743272530236,-3.58258009470381,-2.22816526255757,2.7697606086731,-5.85860068055358,-7.73443277318375,-3.60450255268415,-4.98252651683317,0,0
2022-09-21,-2.0267686424,0.105919383217161,-3.58341645596729,-2.21938402826802,2.65073227882385,-5.7282658955102,-7.56563227498257,-3.50747520395168,-4.8680240405808,0,0
2022-09-22,-0.63752276874,0.106566111126483,-3.58436408599247,-2.21981218621724,2.679279088974,-5.76050152019896,-7.60706365638776,-3.52693425683929,-4.89485442020339,0,0
2022-09-23,-1.5123739689,0.10561017466896,-3.58371232421887,-2.21861047611997,2.71249723434448,-5.7966424264516,-7.65415453172254,-3.54836600111313,-4.92506964320555,0,0
2022-09-26,0.22601874643,0.105311889832253,-3.58354960426562,-2.21820488685754,2.6753077507019,-5.75607372759475,-7.60058669858981,-3.5228656592818,-4.89022418336013,0,0
2022-09-27,0.65662930283,0.105398044716934,-3.58360261076387,-2.21831746060229,2.29767298698425,-5.32665439068038,-7.03608420312848,-3.25714464574631,-4.52429819820929,0,0
2022-09-28,-1.2651555086,0.106110363046809,-3.58402419734939,-2.21926128712733,2.17375731468201,-5.17805574615047,-6.84117073112924,-3.16589468914133,-4.39815280377146,0,0
2022-09-29,-4.9119060333,0.106446177181958,-3.58433481315819,-2.21962142079027,2.31675410270691,-5.34922944731335,-7.0661785432471,-3.27201457279003,-4.54409402790349,0,1
2022-09-30,-3.0039303761,0.104305965863916,-3.58287901339569,-2.22198371447898,3.8349883556366,-6.91209125675052,-9.11987573093182,-4.24703280518463,-5.89256066225964,0,0
2022-10-03,3.0752532561,0.100183630792487,-3.58095351048995,-2.21532762579868,3.95625615119934,-7.02245456221265,-9.26041957882808,-4.30617828128221,-5.98154989751027,0,0
2022-10-04,2.5623025625,0.101768234827245,-3.58155839001404,-2.21685792025964,4.26530599594116,-7.29508722668844,-9.62092247357118,-4.47662357936081,-6.21682302084215,0,0
2022-10-05,0.2053388087,0.102745662999525,-3.58347765526801,-2.2172468544522,4.08514928817749,-7.1400905914173,-9.41385991910752,-4.37869874584443,-6.08200145611091,0,0
2022-10-06,-0.66256830596,0.102124450420913,-3.58224891461086,-2.21655351376965,3.23332095146179,-6.33927405210598,-8.36352480544785,-3.88355740047792,-5.39957238452366,0,0
2022-10-07,-3.6718696279,0.100583924210679,-3.58090830013542,-2.21526609735162,2.68293046951294,-5.76481977294835,-7.60858219617219,-3.52794517191441,-4.90859678282723,0,1
2022-10-10,0.2355628525,0.0994272886045088,-3.58010895957169,-2.22263672655528,3.3032488822937,-6.40736424375788,-8.45261807304113,-3.94017988402125,-5.4581840063424,0,0
2022-10-11,-1.0254949439,0.0996493269806952,-3.58032591858253,-2.22283031908637,2.65031409263611,-5.72904439721941,-7.56102173968437,-3.5190707072976,-4.87881139130954,0,0
2022-10-12,-0.46049791317,0.0987910505590649,-3.57951579638352,-2.22205350180962,2.43868279457092,-5.49108194226027,-7.24842284475708,-3.3712304732779,-4.67552103975699,0,0
2022-10-13,3.3612837935,0.0988845850442667,-3.57969053296315,-2.22205158329538,2.21158456802368,-5.22461541737491,-6.89797825519438,-3.20561660021791,-4.44777538848,0,0
2022-10-14,-3.2240016785,0.100178290716648,-3.58090324037822,-2.22323087889733,2.71995663642883,-5.80555155078114,-7.66127258270026,-3.56643877896339,-4.9440282881555,0,0
2022-10-17,2.9122705593,0.0995893949320633,-3.57761476436894,-2.22543749874085,3.81365084648132,-6.88698099274087,-9.08397537387151,-4.24637202136435,-5.87294234744646,0,0
2022-10-18,0.94094515844,0.103361318851958,-3.57177518141427,-2.22230450771045,4.05460262298584,-7.08878085195477,-9.28933167864771,-4.37148078471784,-6.02324238979059,0,0
2022-10-19,0.076521739356,0.103107975227721,-3.57227936357852,-2.22057320662224,3.29243540763855,-6.37881769436726,-8.3603523395,-3.92613750203551,-5.41678591073149,0,0
2022-10-20,-0.32670652054,0.10417084374663,-3.57272325466618,-2.22220388139032,3.0073070526123,-6.0914989465938,-7.98625097212239,-3.74948377053826,-5.17314950068817,0,0
2022-10-21,2.7059069671,0.104298507268478,-3.57297794570658,-2.22195607821988,2.89457750320435,-5.97457248477883,-7.83321604552779,-3.67601711592884,-5.07323796528339,0,0
2022-10-24,1.4802743261,0.104509442502094,-3.57313842064641,-2.22212025664548,3.2886962890625,-6.37529239838414,-8.35649130670706,-3.92525297769462,-5.41459092136198,0,0
2022-10-25,1.9337571095,0.105284810858708,-3.57395283682015,-2.22222820568517,3.06302547454834,-6.14966920806233,-8.06146526715891,-3.78394817031217,-5.22208538121733,0,0
2022-10-26,-1.9627149796,0.106762224029249,-3.57444566084955,-2.22477107376216,3.21049880981445,-6.2978812044286,-8.25678235943719,-3.87955251938956,-5.35010501041937,0,0
2022-10-27,-3.046534985,0.10748597071343,-3.57514684297244,-2.22500119634173,3.06177020072937,-6.14827549162617,-8.06117077679488,-3.78580215117013,-5.22245861082894,0,0
2022-10-28,7.5552486187,0.105541250925698,-3.5740945256186,-2.22254539483322,3.46193861961365,-6.54452108164439,-8.57717886985895,-4.02979017544429,-5.55857173817036,0,0
2022-10-31,-1.5410299215,0.107418021029814,-3.57360131611886,-2.22808413775561,6.02664375305176,-8.66549572610266,-11.353197130238,-5.3623555302943,-7.37182976831298,0,0
2022-11-01,-1.7542715535,0.107369830801081,-3.57207496426403,-2.23116403148175,4.44116067886353,-7.42044291529028,-9.73106152101613,-4.59459896964078,-6.31439337336501,0,0
2022-11-02,-3.7305011615,0.107013051147429,-3.57212621809802,-2.23021586608989,3.76014852523804,-6.81973347911741,-8.94504364586673,-4.21762137355806,-5.80104657157036,0,0
2022-11-03,-4.2405019653,0.105693254959499,-3.57212139640657,-2.22711883931957,4.02813053131104,-7.06362694325053,-9.26079164905661,-4.3641794919774,-6.00612963785521,0,0
2022-11-04,-0.19473494413,0.10391687734866,-3.57287936914086,-2.22841122302749,5.79321384429932,-8.4956807920046,-11.1244837488679,-5.25966749816187,-7.22095883544938,0,0
2022-11-07,0.390229802,0.10439443082395,-3.57337405093738,-2.22861000168795,4.11585855484009,-7.14511635009247,-9.36076413055967,-4.41691568208089,-6.07037550839613,0,0
2022-11-08,0.41750647852,0.104389819238188,-3.57339924380049,-2.22857520232401,3.82895421981812,-6.88793553777199,-9.02490335857228,-4.25642234700636,-5.8512482718032,0,0
2022-11-09,-3.3189964155,0.104986943529116,-3.57434886900488,-2.22845977627566,3.25339150428772,-6.34212339583159,-8.31113788013176,-3.91452166937138,-5.3853412662109,0,0
2022-11-10,8.8974568102,0.101859121650907,-3.57064011123436,-2.22766931717501,3.94035983085632,-6.98598276573503,-9.15484080912326,-4.32014012936269,-5.93622114302169,0,0
2022-11-11,1.9268741062,0.104171413200625,-3.56988442027844,-2.23064835328503,6.39686489105225,-8.92478890854649,-11.6959659270083,-5.53758980438249,-7.59697430568461,0,0
2022-11-14,-0.94856379428,0.105458679942191,-3.57206161430821,-2.23093164121428,4.32878637313843,-7.3264782991521,-9.60382304375543,-4.53615872546837,-6.2308574444449,0,0
2022-11-15,1.1869436203,0.106199666578882,-3.57208600832439,-2.23161390555522,3.60391473770142,-6.6750410522851,-8.75430360421416,-4.13029157407655,-5.67696914887266,0,0
2022-11-16,-0.83311117032,0.106916042250504,-3.5724630212934,-2.23212416127521,3.10501575469971,-6.18814065716049,-8.11863975453709,-3.82632219467473,-5.26227508547673,0,0
2022-11-17,1.2971301834,0.106471229296004,-3.57208954709235,-2.23186641025004,2.95937299728394,-6.03853306719596,-7.92316074489151,-3.73297022349354,-5.1346546806852,0,0
2022-11-18,0.37818471337,0.107625392677683,-3.5729402410859,-2.23258538749715,2.76402235031128,-5.83251251455411,-7.65421885939032,-3.60412576926534,-4.95922996575196,0,0
2022-11-21,-2.1680216801,0.107277765244782,-3.57281967164437,-2.23231122943317,2.51183724403381,-5.55520436837921,-7.2914870876105,-3.43066246545705,-4.72232924968373,0,0
2022-11-22,1.4661171541,0.106650302421025,-3.57208007375087,-2.23203797660533,2.65080857276917,-5.70916182766874,-7.49313494870919,-3.52739856298736,-4.85363257296841,0,0
2022-11-23,0.59262218674,0.108680717260008,-3.57174197840122,-2.23379375378856,2.58117055892944,-5.62968772513269,-7.39385304235677,-3.4801371931793,-4.78612169540245,0,0
2022-11-25,-1.9593565896,0.110193057790694,-3.57417479133255,-2.23342596203143,2.27820515632629,-5.28456786052402,-6.94021938917778,-3.26087853141508,-4.48945967359735,0,0
2022-11-28,-2.6264263049,0.107727260524834,-3.57265788282864,-2.23078690974503,2.37995386123657,-5.40384745436158,-7.09488239062844,-3.33372980849507,-4.59000548926215,0,0
2022-11-29,-2.1148245735,0.10693927299207,-3.57273257293735,-2.22877409197782,2.56540751457214,-5.61546703494574,-7.36978842856966,-3.4628635774957,-4.76882824045019,0,0
2022-11-30,4.8593893889,0.106300983154911,-3.57304878970219,-2.22661107240136,2.63007116317749,-5.68828879924518,-7.46301664131654,-3.50470421965711,-4.82906858886043,0,0
2022-12-01,0.18915084765,0.107877007928442,-3.57297363505656,-2.23047898181018,3.71584415435791,-6.77957454619265,-8.89218534031033,-4.19171137385366,-5.76212546478659,0,0
2022-12-02,-0.33713168368,0.107215024360221,-3.57485597474608,-2.22497787150007,3.03830194473267,-6.12401832636004,-8.03478174333853,-3.77108284706398,-5.19890568274918,0,0
2022-12-05,-0.79832217043,0.112064825206598,-3.53847132814572,-2.22777979977595,2.58189105987549,-5.57364429863204,-7.10272316823243,-3.46759055669167,-4.71204099338738,0,0
2022-12-06,-2.5369978857,0.112693985221799,-3.53789173175989,-2.22814205440278,2.35545825958252,-5.31708615355078,-6.77925804830229,-3.30694753878321,-4.49545902420626,0,0
2022-12-07,-1.3784899588,0.110757351474503,-3.53660670303937,-2.22639362726403,2.77008056640625,-5.77541488553369,-7.36026711344958,-3.59475402082231,-4.88374542449053,0,0
2022-12-08,1.2132822478,0.109443891294802,-3.53463854586774,-2.22492845158239,2.68926930427551,-5.68700694411527,-7.24973662505219,-3.53921444096369,-4.80933077377927,0,0
2022-12-09,-0.3434980722,0.110060318851799,-3.5354755724921,-2.22560615777387,2.72540593147278,-5.72658683324018,-7.29936492040744,-3.56414915483796,-4.84271832622618,0,0
2022-12-12,1.6389983119,0.110040071746299,-3.53560175676585,-2.2256284742194,2.45317912101746,-5.42764139300018,-6.91959082844152,-3.37587898729693,-4.58890822284615,0,0
2022-12-13,0.67824762973,0.110867168273954,-3.53663872888552,-2.22648437782205,2.57221102714539,-5.56123436525955,-7.08853956322157,-3.459993872942,-4.70208569232159,0,0
2022-12-14,-1.5535849318,0.112146506953264,-3.53578362992013,-2.22716650540037,2.36291360855103,-5.32297931708487,-6.78978507757767,-3.31140296748326,-4.50186313235182,0,0
2022-12-15,-4.6854269953,0.110102843815936,-3.53433144753054,-2.22524686561259,2.64881229400635,-5.64208244020326,-7.19442119620259,-3.51152474366741,-4.77214797052617,0,1
2022-12-16,-1.4578754578,0.108255575865012,-3.53083516993324,-2.23005288165172,4.21890926361084,-7.14407407323404,-9.10666628085813,-4.47226938615619,-6.06184782997212,0,0
2022-12-19,-1.5909597799,0.106467333530266,-3.52876572432811,-2.22760719821884,3.54186272621155,-6.53461231497415,-8.3335902208118,-4.0858531503607,-5.54358315781553,0,0
2022-12-20,-0.052882073032,0.105242666245803,-3.52750510597919,-2.22611124652705,3.37311887741089,-6.3733917625684,-8.12921978792041,-3.98324495625963,-5.40642180872388,0,0
2022-12-21,2.3809523809,0.104800765028598,-3.52662390087002,-2.22508444902065,2.94217729568481,-5.94433826779906,-7.58494392350845,-3.71183678131937,-5.04184887905601,0,0
2022-12-22,-2.3772609819,0.106773149180778,-3.52842728143262,-2.22723451362043,3.34683012962341,-6.34825300645175,-8.0980731659397,-3.96780622951342,-5.38574729510562,0,0
2022-12-23,-0.15394132952,0.105890562660112,-3.52879498924054,-2.22761431420914,3.46515846252441,-6.46293876313677,-8.24134131533129,-4.04079925025281,-5.48191123480375,0,0
2022-12-27,-1.3878355832,0.105864732355363,-3.52870316581692,-2.22750823991554,3.03696298599243,-6.04356546982742,-7.7085780323523,-3.77598811909481,-5.12523774496033,0,0
2022-12-28,-3.0685226487,0.105860796907058,-3.52866437422738,-2.22746374634254,3.06740140914917,-6.07424143319649,-7.74763538242782,-3.79531885814599,-5.15136908906553,0,0
2022-12-29,2.832434148,0.104637399418355,-3.52668884027764,-2.22515117692241,3.42370009422302,-6.42088073562263,-8.19027632526854,-4.01261394194802,-5.44703654424883,0,0
2022-12-30,0.24689452966,0.106757748863916,-3.53044716662249,-2.22954129569509,3.68367266654968,-6.66919287140844,-8.50126547226996,-4.17237772958619,-5.65649747187907,0,0
2023-01-03,-3.7404756407,0.107108226278613,-3.53051428794916,-2.22963396964215,3.11201596260071,-6.12103916006055,-7.80539343386022,-3.82616830171025,-5.19057524378538,0,0
2023-01-04,1.0314224035,0.105169019335554,-3.52854506539014,-2.22729587540128,3.64566779136658,-6.63210504281311,-8.45548854246789,-4.14754773841757,-5.62524651228261,0,0
2023-01-05,-1.0604621716,0.106302281708556,-3.52970220227859,-2.22866947525871,3.46039366722107,-6.45969683826312,-8.23594849080613,-4.03949840476575,-5.47861707120545,0,0
2023-01-06,3.6794112944,0.105312020299234,-3.52886155504912,-2.22766394520718,3.43703103065491,-6.43692609504616,-8.20704231139419,-4.02460572885776,-5.45904891187808,0,0
2023-01-09,0.40888751701,0.107192340005134,-3.53119932869079,-2.23042039506714,4.04513931274414,-6.99494350276842,-8.91413348070154,-4.37874774940142,-5.93320394684846,0,0
2023-01-10,0.44563964675,0.107645098714109,-3.53177274218516,-2.23109612943113,3.39505195617676,-6.39988166388454,-8.15783636827931,-4.00329828073455,-5.42698418511744,0,0
2023-01-11,2.1112216016,0.108824215622564,-3.53407970869736,-2.233785485233,2.9890501499176,-6.00120013845457,-7.64870682479867,-3.75313840026546,-5.08677161784592,0,0
2023-01-12,-0.059929582767,0.110653041947261,-3.53413922689088,-2.23393690947968,3.15532517433167,-6.16712151674234,-7.86256795585186,-3.85754158641966,-5.22978588716243,0,0
2023-01-13,1.0119181472,0.109563032368622,-3.53273366969896,-2.23228141248747,2.64907455444336,-5.64030646853605,-7.19441100722368,-3.52369325332016,-4.78192163025122,0,0
2023-01-17,0.87563075103,0.110484508996629,-3.53321650446718,-2.23287503394004,2.58662748336792,-5.57198605004798,-7.10822315984316,-3.4806474316438,-4.72423096750316,0,0
2023-01-18,-0.53700161834,0.11037142751698,-3.53302816831183,-2.23265471129102,2.39274120330811,-5.35468894729002,-6.83235117823794,-3.34320782858415,-4.53942079230466,0,0
2023-01-19,0.044375415928,0.110048063891859,-3.53290770393326,-2.23250234864797,2.21357107162476,-5.14623841339616,-6.56724975193215,-3.21148561009787,-4.36188705994511,0,0
2023-01-20,1.9220817625,0.109491098999013,-3.53188619887851,-2.23130993545438,1.98300242424011,-4.86407992613883,-6.20972376642013,-3.03261989161047,-4.12222794169455,0,0
2023-01-23,2.3500398927,0.111136770016083,-3.53329139767894,-2.2329903099933,2.15685510635376,-5.0779381552407,-6.48148887401164,-3.16828536695777,-4.30439200214848,0,0
2023-01-24,1.006307136,0.112092666998056,-3.53314256653027,-2.23286377860899,2.3766553401947,-5.33474290150954,-6.80957534193684,-3.33018049915484,-4.52393207312475,0,0
2023-01-25,-0.47007647499,0.112107789370364,-3.53317635099658,-2.23290306615648,2.25816535949707,-5.19726457987723,-6.63483444898921,-3.24331879139328,-4.40690193395566,0,0
2023-01-26,1.4803327222,0.110876787233241,-3.53367866465398,-2.23342091851407,2.03616189956665,-4.93147576766587,-6.29434641771544,-3.07608409500003,-4.17921471028438,0,0
2023-01-27,1.3684356767,0.110377204879165,-3.53331177335159,-2.23297898717592,2.08215069770813,-4.9880713317648,-6.36611807029669,-3.111735413483,-4.22725560139603,0,0
2023-01-30,-2.0078119646,0.111038358328863,-3.53351707366453,-2.23324366208536,2.04600691795349,-4.94325846411841,-6.30983953773151,-3.083364303301,-4.18951380898846,0,0
2023-01-31,0.90209790214,0.110442092278746,-3.53352178831784,-2.23322188197968,2.14994311332703,-5.07064935808595,-6.47074249423646,-3.16406065388956,-4.29738390812754,0,0
2023-02-01,0.79007554232,0.110748112472547,-3.53410370011875,-2.23390065377461,2.02989768981934,-4.92444768833656,-6.28448891334152,-3.07199018435012,-4.17276607504238,0,0
2023-02-02,3.7062504298,0.110248668127882,-3.53374205248699,-2.23346471253525,1.91168606281281,-4.77563510599492,-6.09535081901125,-2.97782308045145,-4.04606119727696,0,0
2023-02-03,2.4399946957,0.111598429281219,-3.53411082903872,-2.23394753781861,2.65837526321411,-5.65060130799029,-7.20820594476436,-3.53074685591123,-4.79134550306386,0,0
2023-02-06,-1.7928802589,0.112795844955832,-3.5335772156752,-2.23339236470045,2.8377411365509,-5.83972567107227,-7.45162445004586,-3.64948676362501,-4.95402514947805,0,0
2023-02-07,1.9244711,0.112864838316607,-3.53544324513641,-2.23552752176926,3.26363062858582,-6.2740977162083,-7.99965741452242,-3.92573218648141,-5.32183441845423,0,0
2023-02-08,-1.7652764306,0.114482341585211,-3.53885251683126,-2.23748873499917,3.08741641044617,-6.10365152840925,-7.77881199013918,-3.81701930214176,-5.17344947504169,0,0
2023-02-09,-0.6911532384,0.115023481637148,-3.53999888637648,-2.23036117954272,3.20084977149963,-6.21835979743054,-7.92292811980227,-3.87529760438347,-5.26891243815934,0,0
2023-02-10,0.24561869359,0.114661580594113,-3.5394069849273,-2.22996150866829,2.78821039199829,-5.79541725959963,-7.38672733506129,-3.60891369146454,-4.90959212260901,0,0
2023-02-13,1.8806701542,0.114554320111111,-3.53925750837774,-2.2298484551255,2.5944037437439,-5.58618186201701,-7.12126666222314,-3.47709667976854,-4.73175601921943,0,0
2023-02-14,-0.42248943773,0.115712156657103,-3.54035937344949,-2.23096276039509,2.64406251907349,-5.64111523897032,-7.19077552480315,-3.51196124677861,-4.77853206659275,0,0
2023-02-15,1.3903394256,0.115968119801119,-3.54062724161617,-2.23121417618309,2.38330578804016,-5.35003770747158,-6.82125650262637,-3.32857118260319,-4.53106051753044,0,0
2023-02-16,-1.0429408358,0.116242168141998,-3.54097164673058,-2.23149536352925,2.34196209907532,-5.3026733520811,-6.76094492986004,-3.29872018262957,-4.49073186466158,0,0
2023-02-17,-0.75466788103,0.115748381640517,-3.54088439189488,-2.23109962580194,2.23356699943542,-5.17614687666232,-6.5997510564279,-3.218657440139,-4.38280180218214,0,0
2023-02-21,-2.6679777123,0.114620626970005,-3.53966681754287,-2.22998408079964,2.06960678100586,-4.97758935547958,-6.34818120523119,-3.09346300979282,-4.21408770197732,0,0
2023-02-22,0.28960129312,0.113669929162773,-3.53842461573622,-2.22899925267361,2.30520963668823,-5.2586907381873,-6.70571230266178,-3.27060109906848,-4.45329608484331,0,0
2023-02-23,0.32905782027,0.114207696330376,-3.53952930530542,-2.2296396001631,2.04390406608582,-4.94608649466387,-6.30781136490531,-3.07340041297514,-4.18707596817501,0,0
2023-02-24,-1.8005354753,0.115274721377539,-3.53976018852486,-2.23050375729184,1.84427738189697,-4.69186738288531,-5.98635264664938,-2.91384249400717,-3.97164973116168,0,0
2023-02-27,0.82475632207,0.113933919275723,-3.53717436324444,-2.22883022745395,1.87759459018707,-4.73289154936837,-6.04496869917973,-2.94012844868707,-4.0083961918087,0,0
2023-02-28,-0.34478096268,0.116485979635477,-3.47672055998216,-2.23047907102092,1.74463725090027,-4.47573053869289,-5.77233958077647,-2.82963599278457,-3.83732244782177,0,0
2023-03-01,-1.4245980597,0.117423847799044,-3.47799224965049,-2.23186690364628,1.52931177616119,-4.18364729600347,-5.39718216770894,-2.64262207727327,-3.58555781289544,0,0
2023-03-02,0.41291032958,0.117005408569864,-3.47730587988749,-2.23107903012655,1.50161147117615,-4.144094171217,-5.34689218852411,-2.616964580303,-3.55170151384465,0,0
2023-03-03,3.5090124049,0.116330898245562,-3.47720874295835,-2.2312344859061,1.37113261222839,-3.95531961134066,-5.10420340656471,-2.49634142116679,-3.38891487171373,0,0
2023-03-06,1.8539363042,0.116991830688015,-3.47758516239865,-2.23148100083003,1.76472210884094,-4.5027311866953,-5.80634751363329,-2.84737098459314,-3.86029538722968,0,0
2023-03-07,-1.4496522134,0.117806364851881,-3.47753022649082,-2.23104276381205,1.82482862472534,-4.57985769196316,-5.90632700737522,-2.89602492292193,-3.92718111361442,0,0
2023-03-08,0.83773087063,0.116930931001865,-3.47717683185194,-2.23092903204351,1.7512127161026,-4.48453518511114,-5.78352367928992,-2.83533317428196,-3.84485459519849,0,0
2023-03-09,-1.4914633349,0.116396933160755,-3.47768605362161,-2.23154998599665,1.63316321372986,-4.32792149888662,-5.5813634278314,-2.73541849292459,-3.7094323885521,0,0
2023-03-10,-1.3878743609,0.11454581781814,-3.47721537677144,-2.23057480011974,1.57679712772369,-4.25181379773641,-5.48225318638,-2.68639995959284,-3.64327984430993,0,0
2023-03-13,1.3265993266,0.1127979408999,-3.47479823659444,-2.22845206628446,1.57851421833038,-4.25290158397284,-5.48486226933634,-2.6870055194917,-3.6447743498873,0,0
2023-03-14,1.4089187214,0.113651371546546,-3.47575027684272,-2.22934953260069,1.59139811992645,-4.27102946545857,-5.50781879830887,-2.69868708662943,-3.66023849849286,0,0
2023-03-15,0.26214037607,0.113647627065231,-3.47568862944757,-2.2293106069696,1.78612005710602,-4.5314643400376,-5.84179881469219,-2.86573242760602,-3.88443109784032,0,0
2023-03-16,1.8694032289,0.113349428107753,-3.47564926343586,-2.22917554881401,1.5846471786499,-4.26189414069049,-5.49588791098339,-2.69279850122309,-3.65228563338076,0,0
2023-03-17,-0.54539621442,0.113141539812555,-3.4752438610842,-2.2288513225862,1.69753289222717,-4.41473299135771,-5.69215103870553,-2.79081557534504,-3.78396906546111,0,0
2023-03-20,1.5483870968,0.113101186010178,-3.47528428616955,-2.22886088861495,1.58114683628082,-4.25684851678778,-5.48962141307766,-2.6895501011213,-3.64803517194114,0,0
2023-03-21,1.1944091488,0.113270100149363,-3.47543773871092,-2.22901723463503,1.69911801815033,-4.41697068187686,-5.69490330605579,-2.79225879703307,-3.78584323482877,0,0
2023-03-22,-0.91034655943,0.114104169525772,-3.47619734124595,-2.22979036180737,1.66777014732361,-4.37513269898955,-5.6412084501784,-2.76549561110634,-3.74980140107255,0,0
2023-03-23,0.69695241709,0.114072523836623,-3.47628236753,-2.22983035360122,1.5887576341629,-4.26763989810055,-5.5032473020995,-2.696537871466,-3.65721599068459,0,0
2023-03-24,0.83055433224,0.114196090447757,-3.47639188888301,-2.2299430575232,1.54758858680725,-4.21050889633122,-5.43000331559445,-2.65990020518087,-3.60804049616761,0,0
2023-03-27,-1.2293291733,0.115496788716498,-3.47895027357016,-2.23198581400266,1.53453695774078,-4.1941025650187,-5.40707223658553,-2.64940752585448,-3.59174296573872,0,0
2023-03-28,-0.39802880965,0.11636537941787,-3.4794762765852,-2.22597258896523,1.52030193805695,-4.17384712491031,-5.38142432703536,-2.62827050148626,-3.57151264018778,0,0
2023-03-29,1.9790675547,0.115665745051224,-3.47860685589799,-2.22502333897187,1.36696255207062,-3.95142307718749,-5.09670861852228,-2.48576865843979,-3.38047690614691,0,0
2023-03-30,0.98899048335,0.116586790361821,-3.47952032283594,-2.22611765404581,1.45833516120911,-4.08533583416825,-5.26819466385241,-2.57170736156803,-3.49550934102399,0,0
2023-03-31,1.5644247351,0.11608520614582,-3.47856350779807,-2.22521299569792,1.41399526596069,-4.02032798431263,-5.18554509486256,-2.52994967760733,-3.43993122506735,0,0
2023-04-03,0.77016373543,0.117014459727426,-3.47928418335395,-2.22618175506633,1.41165769100189,-4.01683447648689,-5.18119266687363,-2.52798336023492,-3.43695826549432,0,0
2023-04-04,-0.32496840577,0.11716977288542,-3.47930738591643,-2.22627825143401,1.31230401992798,-3.86857998689049,-4.99132161131673,-2.43316195168862,-3.3095572380867,0,0
2023-04-05,-1.1290225201,0.116966763707438,-3.47914455809552,-2.22606302015146,1.18322277069092,-3.66750904501244,-4.73358768015716,-2.30445652232604,-3.1366867220659,0,0
2023-04-06,0.54958475812,0.116236415699561,-3.47823572892144,-2.22507151713568,1.15434420108795,-3.62079436238491,-4.67400057118027,-2.27438957719528,-3.09668766124368,0,0
2023-04-10,-1.597230657,0.116794622453508,-3.4787958909987,-2.22573891122193,1.09253621101379,-3.51939789258364,-4.54396950269556,-2.20964688863172,-3.00945500830856,0,0
2023-04-11,-0.7591186818,0.115829092172858,-3.47802500031362,-2.2247175786393,1.12674415111542,-3.57603202927136,-4.61644157913058,-2.24566869292971,-3.05814421075794,0,0
2023-04-12,-0.43532338295,0.11492143529469,-3.47680043453448,-2.22342160185345,1.09601080417633,-3.52495952774524,-4.55142457330644,-2.21279052683342,-3.01448456342447,0,0
2023-04-13,3.4103685197,0.114910637109968,-3.47671371321396,-2.22335773011869,1.02207458019257,-3.3999671098309,-4.39126722288769,-2.13285298500862,-2.90705935299007,0,0
2023-04-14,-0.21140372073,0.116198510658588,-3.47816303873557,-2.22500290738732,1.33474671840668,-3.90216634231098,-5.03472006742656,-2.45437491595416,-3.33862085717732,0,0
2023-04-17,0.012105804671,0.116239442490763,-3.47842101154669,-2.22519762802778,1.21227657794952,-3.7136214771577,-4.7927729416724,-2.33377951892547,-3.17640030906982,0,0
2023-04-18,0.75046904312,0.116621554051224,-3.4790547025697,-2.22582274646251,1.07025754451752,-3.48257369072441,-4.4963055804596,-2.18606447122572,-2.97759993978092,0,0
2023-04-19,0.69682225021,0.117527317472943,-3.47986097742171,-2.22683678333318,1.01206266880035,-3.38325895061761,-4.36904843408192,-2.12270000279998,-2.89217512871558,0,0
2023-04-20,-0.58462089119,0.117500100528129,-3.47971134914064,-2.22672196176012,0.985252499580383,-3.33645742250299,-4.30920077706121,-2.09274158328837,-2.8519993371309,0,0
2023-04-21,-0.97809780973,0.117530980892495,-3.47984650848946,-2.22682895797605,0.937993466854095,-3.25270254867356,-4.20174714616697,-2.03915426383609,-2.77994090526584,0,0
2023-04-24,0.18785601751,0.117254881415857,-3.47952511352602,-2.22646900530084,0.938186228275299,-3.25301362541133,-4.2022128278267,-2.03930330545355,-2.7802575550062,0,0
2023-04-25,-0.94356741065,0.117829596858072,-3.4799949012495,-2.22708424550219,0.888639211654663,-3.16268023751773,-4.08650838716603,-1.98159065422623,-2.70258282832278,0,0
2023-04-26,-0.0061061245106,0.117096333805921,-3.47909661838278,-2.22609826450988,0.881659984588623,-3.14966235454882,-4.0700359249926,-1.97313761034347,-2.69154058128469,0,0
2023-04-27,2.8395212506,0.117641391984246,-3.47958457861654,-2.22671023678532,0.831915557384491,-3.05606700119793,-3.95009902068889,-1.91332776769631,-2.61103830202238,0,0
2023-04-28,0.75411198868,0.118604299814565,-3.48052937065437,-2.22784698551553,1.00996458530426,-3.37922310163963,-4.36422531997545,-2.12031495709096,-2.88879124352356,0,0
2023-05-01,-0.053041018236,0.118930108018522,-3.48066509775415,-2.22810775924399,1.00810360908508,-3.37580950832348,-4.36002762931768,-2.11818729254186,-2.88591377947278,0,0
2023-05-02,-0.61914027956,0.119728386059872,-3.48201805202834,-2.22943381466642,0.917299211025238,-3.21520012252389,-4.15356136353758,-2.01552831721905,-2.74748424645282,0,0
2023-05-03,-0.64673074648,0.120066399501777,-3.48256897403709,-2.22998062041832,0.884782195091248,-3.15573763810184,-4.07713196276777,-1.97751718738582,-2.69623118605774,0,0
2023-05-04,-0.99134069878,0.120128570594747,-3.48291557458722,-2.23024645732943,0.870701134204865,-3.12982758788966,-4.04364576359701,-1.96094490182063,-2.67337907152579,0,0
2023-05-05,4.6926835153,0.120798144217273,-3.48358112875811,-2.2253399077451,0.897585391998291,-3.17958087183398,-4.10734982834123,-1.98751076653907,-2.71440496137882,0,0
2023-05-08,-0.040329550029,0.122682859910938,-3.48602204842555,-2.22758001813938,1.47152018547058,-4.10607912404859,-5.29327008344535,-2.57951051869667,-3.50982845592443,0,0
2023-05-09,-0.99711815565,0.123123628236592,-3.4868056958679,-2.22810587108621,1.302454829216,-3.85619836248889,-4.9727592508356,-2.41970538600562,-3.2949549827186,0,0
2023-05-10,1.0391802991,0.12315614710114,-3.4867170583697,-2.22814350477646,1.2129271030426,-3.71686889676908,-4.79447414855574,-2.33076446545324,-3.17533644940616,0,0
2023-05-11,0.11235631354,0.123293685764957,-3.48724760589024,-2.22830996814407,1.17092537879944,-3.6502327282166,-4.70866761432939,-2.28794505424515,-3.11788372434754,0,0
2023-05-12,-0.54175551841,0.122047557451091,-3.48701230009539,-2.22683731750765,1.0662008523941,-3.47853681345273,-4.48781275253853,-2.17731790270061,-2.97003769362595,0,0
2023-05-15,-0.28973749786,0.120914772666947,-3.48603111062649,-2.22549196916822,1.00572073459625,-3.37507344716234,-4.35527881793669,-2.11093384274559,-2.88122520516159,0,0
2023-05-17,0.36031847503,0.120575094695434,-3.48559006230161,-2.22508766405783,0.939331829547882,-3.25762856535104,-4.20503401762182,-2.03596057251981,-2.78045094585458,0,0
2023-05-18,1.3666106895,0.121044646920651,-3.48618123556177,-2.22564645864533,0.887843072414398,-3.16382443998459,-4.08477144816307,-1.97608018864633,-2.69979546192557,0,0
2023-05-19,0.062839188649,0.121825270066422,-3.48676375612993,-2.2265729707078,0.924175322055817,-3.23014151667268,-4.1698321684977,-2.01866923087087,-2.75675657086279,0,0
2023-05-22,-0.54807033557,0.121140853178024,-3.48598758037429,-2.22575904616199,0.878032386302948,-3.14534741778465,-4.06139946654243,-1.96447065594175,-2.68404722641224,0,0
2023-05-23,-1.5154994259,0.121074468107439,-3.48580963750962,-2.22567948661829,0.849664509296417,-3.09204893460823,-3.99326771257245,-1.93049563728323,-2.63833100672491,0,0
2023-05-24,0.16320820705,0.119833863266963,-3.48432238391021,-2.22420414478805,0.897123575210571,-3.18039809604146,-4.10672558497725,-1.98685684840541,-2.7144397087068,0,0
2023-05-25,0.66922718815,0.119973204189146,-3.48447116826174,-2.22436973350844,0.859126508235931,-3.10975097640328,-4.01623169842476,-1.94177458133608,-2.65374895922709,0,0
2023-05-26,1.4104861553,0.120155277786099,-3.4846575703239,-2.22458606604104,0.839207470417023,-3.07207915636653,-3.96797292805287,-1.91774947998104,-2.62137557337786,0,0
2023-05-30,1.0659522317,0.120464378371208,-3.48485085290367,-2.22495265776337,0.8854900598526,-3.15879705006359,-4.07912604308513,-1.97322678336603,-2.69587038271256,0,0
2023-05-31,-0.02820078962,0.120883756970252,-3.48509349759809,-2.22544980886391,0.902199923992157,-3.18940460264888,-4.11847667342122,-1.99294205639058,-2.72219437615917,0,0
2023-06-01,1.6022566997,0.120736580867963,-3.48491190895317,-2.22527480666986,0.848924458026886,-3.09016007307425,-3.99141987976168,-1.92956701862373,-2.63698706965379,0,0
2023-06-02,0.47753900817,0.122019496901337,-3.48620983879348,-2.22679860504072,0.906149804592133,-3.19656992697538,-4.12759907290995,-1.99771243017884,-2.72824305182059,0,0
2023-06-05,-0.75711522504,0.122083056770837,-3.48614757032122,-2.22687321385145,0.883201003074646,-3.15415570229788,-4.07340833125847,-1.97070509622172,-2.69186385792002,0,0
2023-06-06,-0.20603630692,0.122470443829013,-3.48530647787162,-2.22732421185428,0.860428690910339,-3.11047529245963,-4.01867025739846,-1.94357980448204,-2.65484570812575,0,0
2023-06-07,-0.77562636016,0.120314593516494,-3.48291877249777,-2.2247652884101,0.875334441661835,-3.1382801646666,-4.05464736487692,-1.96116045099103,-2.67905376444773,0,0
2023-06-08,1.5465077044,0.120185724646785,-3.48270469753982,-2.2246119817121,0.876991808414459,-3.14129202560105,-4.05859954124284,-1.96311536212466,-2.68169204496257,0,0
2023-06-09,0.21598272124,0.120580665235364,-3.48335928913221,-2.22508187284891,0.933930337429047,-3.24574023423155,-4.19212718428626,-2.02974004241185,-2.77126323526108,0,0
2023-06-12,1.5638815208,0.12004555532505,-3.48304105551402,-2.22444812188903,0.881172299385071,-3.14951218739407,-4.06866036972383,-1.96806120663385,-2.68855632075021,0,0
2023-06-13,-0.26116763693,0.12017829448417,-3.48310125451515,-2.22460525479974,0.949575901031494,-3.27397100474463,-4.22817345786031,-2.04761466210913,-2.79548860526793,0,0
2023-06-14,0.34913534455,0.120143226766079,-3.48310981910845,-2.22456387000398,0.900172889232636,-3.18454225180539,-4.11356132085388,-1.99046605607262,-2.71865081511667,0,0
2023-06-15,1.1198695298,0.119914394236616,-3.48302679311968,-2.22429306038596,0.863055109977722,-3.11584394717952,-4.02541822142061,-1.94647075046434,-2.65959671756946,0,0
2023-06-16,-0.58599000067,0.119848134423097,-3.48315744655673,-2.22421538341939,0.887721538543701,-3.16194713438416,-4.08428614353661,-1.97578481760721,-2.69911815765469,0,0
2023-06-20,0.048669695025,0.119008782183197,-3.48221972560439,-2.22321874264624,0.875629842281342,-3.13948163761218,-4.05565547990816,-1.96137027050996,-2.67994970266067,0,0
2023-06-21,-0.56753688987,0.119389465663224,-3.48263636574434,-2.2236707086822,0.823881566524506,-3.04172719454008,-3.9303621126106,-1.89899022885852,-2.59592664173853,0,0
2023-06-22,1.6525331594,0.11918385485836,-3.48242358702843,-2.22342664641841,0.810061514377594,-3.01511638182972,-3.89628710471069,-1.88197611031244,-2.57309288130312,0,0
2023-06-23,-0.17112299474,0.119931109715095,-3.48338034165382,-2.22431455643152,0.877427160739899,-3.14298894729583,-4.05985427351888,-1.96360840289408,-2.68276317575824,0,0
2023-06-26,-0.75530319255,0.120436291164111,-3.48338583089538,-2.22491151633129,0.847701549530029,-3.0867417480261,-3.98826792032011,-1.92805552132194,-2.63461560695893,0,0
2023-06-27,1.5059102931,0.118985080607311,-3.48373069258298,-2.22319677943527,0.838279187679291,-3.07063470564543,-3.96594442985117,-1.91652026184568,-2.62014874421024,0,0
2023-06-28,0.63277677345,0.117675026139111,-3.48389776774111,-2.22246878792254,0.891854703426361,-3.17245041185108,-4.09492275290455,-1.98118136453629,-2.70705483560164,0,0
2023-06-29,0.17965653897,0.117194286468832,-3.4832768084869,-2.22194071485655,0.879534304141998,-3.14954427921794,-4.06576365190189,-1.96661926696637,-2.68749933880713,0,0
2023-06-30,2.3102484307,0.11731454942451,-3.48336971048649,-2.22197607861124,0.833648264408112,-3.06315320143852,-3.95516337656681,-1.91144606129607,-2.61332700181321,0,0
2023-07-03,-0.77847089751,0.117888616333364,-3.48399583763022,-2.22242792204448,0.954319059848785,-3.2856009716704,-4.23990357011034,-2.0531846699976,-2.80423242650869,0,0
2023-07-05,-0.58713498902,0.117139846291108,-3.48331702790907,-2.22205220256037,0.960733473300934,-3.29710343922913,-4.25461302255432,-2.06084933812178,-2.81414921471342,0,0
2023-07-06,0.25087545073,0.117433038173667,-3.4835148143202,-2.22209393175151,0.910655438899994,-3.20682482478905,-4.13909494682114,-2.00307272069397,-2.73665474297443,0,0
2023-07-07,-0.58912465456,0.117430385385802,-3.483525525037,-2.22211292215797,0.859752655029297,-3.11259369393769,-4.01842405046813,-1.94297600290093,-2.65574569018484,0,0
2023-07-10,-1.0855884204,0.117144444741968,-3.48324160189972,-2.22193116733312,0.837039172649384,-3.06966789559766,-3.96347254538552,-1.91569693484553,-2.6189193070558,0,0
2023-07-11,-0.2810031282,0.116862010576334,-3.48280053832441,-2.22150270667823,0.847239136695862,-3.08890243127363,-3.98827337440728,-1.92793335056392,-2.63553104399303,0,0
2023-07-12,0.89855380684,0.116591546836209,-3.48234059936952,-2.221034112889,0.826997399330139,-3.05022800846393,-3.93894709045946,-1.90320349071957,-2.6025815015249,0,0
2023-07-13,0.40575433432,0.118107919412214,-3.48387022834136,-2.22084466027469,0.82723480463028,-3.05055738611738,-3.93928220043207,-1.90180469579831,-2.59775684103146,0,0
2023-07-14,0.078723627485,0.118081197850668,-3.48381378214812,-2.22078526653289,0.808091998100281,-3.01365618255337,-3.89206107940915,-1.87827011940119,-2.56614410156684,0,0
2023-07-17,1.7305574493,0.118046872379387,-3.48377367836777,-2.22075509612191,0.763774991035461,-2.92657000443305,-3.78055519546441,-1.82276475005868,-2.49150806888547,0,0
2023-07-18,-0.13402752729,0.119113254793834,-3.48483056394718,-2.22142337572445,0.824958741664887,-3.0460621441347,-3.9335215156748,-1.89854427271699,-2.59382181192321,0,0
2023-07-19,0.70716977243,0.118946190430376,-3.4847624978193,-2.22145742059909,0.800525426864624,-2.99894352710315,-3.87310391895292,-1.86863811523143,-2.55341074071647,0,0
2023-07-20,-1.0097385957,0.118396433834302,-3.48403642424269,-2.22085502838725,0.787010848522186,-2.9724188148957,-3.8393325922515,-1.8518047211235,-2.53080598406354,0,0
2023-07-21,-0.61616527719,0.118265787079512,-3.48393635792692,-2.22081501787624,0.845737040042877,-3.08570013897546,-3.98436380312823,-1.92408370336313,-2.62790163641161,0,0
2023-07-24,0.42200687712,0.117776763680969,-3.48341678168947,-2.22045885539072,0.841882348060608,-3.07840258870762,-3.97507472884921,-1.91958631722667,-2.62170914259549,0,0
2023-07-25,0.45136186782,0.117303126172543,-3.48248405165165,-2.22119907891976,0.817079186439514,-3.03059892168356,-3.91432761338396,-1.89049275329786,-2.58144714342757,0,0
2023-07-26,0.45449850204,0.118404519511897,-3.48555166841664,-2.22180324740575,0.792311310768127,-2.98415022126941,-3.8470699181657,-1.85926411205178,-2.53906545139413,0,0
2023-07-27,-0.65809768648,0.120785012683705,-3.4570068243586,-2.22386797824192,0.788479924201965,-2.94891232044856,-3.78289137735125,-1.85392951606589,-2.51220136341714,0,0
2023-07-28,1.3507918437,0.1200897503595,-3.4563425173512,-2.22283742510544,0.789947986602783,-2.95187354271432,-3.7866173628301,-1.85554632798487,-2.51471701042368,0,0
2023-07-31,0.31660113364,0.121299922433229,-3.45731045444955,-2.22466181946381,0.840042293071747,-3.0474572179602,-3.90855043895745,-1.9176876426881,-2.59643092260962,0,0
2023-08-01,-0.4301348944,0.122710648604109,-3.45889522875955,-2.21737109754351,0.816941618919373,-3.00360567409851,-3.85246826485633,-1.88145628831273,-2.55784040307151,0,0
2023-08-02,-1.5464839855,0.122070865559799,-3.45813957762821,-2.21663754743827,0.784004330635071,-2.9399049002107,-3.77166736450073,-1.84062910631585,-2.50347687032554,0,0
2023-08-03,-0.73216325691,0.120617200879573,-3.45653996330049,-2.21514610770758,0.834924280643463,-3.03776823200677,-3.89638971547663,-1.9034546376008,-2.58774563051379,0,0
2023-08-04,-4.8020086834,0.119659976737075,-3.45567300824531,-2.2147011245565,0.846387445926666,-3.05953561316751,-3.92394644649465,-1.91784994718999,-2.60627195382369,1,1
2023-08-07,-1.7253695258,0.118139940497607,-3.48376199582631,-2.21952844499367,1.35948801040649,-3.94382497608557,-5.09570114260179,-2.46976551507709,-3.3643341044794,0,0
2023-08-08,0.53117137268,0.115438039665041,-3.47962800820366,-2.21475148276977,1.51503646373749,-4.1675253357784,-5.38523055277832,-2.61062907556919,-3.55719177514934,0,0
2023-08-09,-0.89543937711,0.11577905949021,-3.48018717461579,-2.21540329896011,1.39103412628174,-3.98882711905508,-5.15539067036697,-2.49711433176401,-3.40380570416585,0,0
2023-08-10,-0.1234637185,0.116042296524629,-3.48032986056251,-2.21552925912501,1.29726088047028,-3.84796156293587,-4.97461150055792,-2.40738705809974,-3.28305901213191,0,0
2023-08-11,0.033759072721,0.115599422232999,-3.47974933814605,-2.21487289825043,1.15761566162109,-3.62835159205911,-4.69279442784193,-2.26743878774072,-3.09485716145634,0,0
2023-08-14,0.93931042247,0.115901047649634,-3.48022226650438,-2.21542116254774,1.07392358779907,-3.49066319045003,-4.51573480000841,-2.1799462073015,-2.97667537900038,0,0
2023-08-15,-1.120026747,0.116781673057047,-3.480706851076,-2.21585207754818,1.06658625602722,-3.47794140316077,-4.49978062921263,-2.17165425029148,-2.9658773103878,0,0
2023-08-16,-0.4959143419,0.115380799802043,-3.47952975019491,-2.21463632616312,1.07176899909973,-3.48684680121499,-4.51107831041929,-2.17734973364802,-2.97353741510431,0,0
2023-08-17,-1.4555133942,0.115048350217241,-3.47903782690892,-2.21407030188425,1.01660263538361,-3.39275118634474,-4.39043391475954,-2.11732599156036,-2.89295895736541,0,0
2023-08-18,0.28160919537,0.114967929188185,-3.47885048138666,-2.213844145446,1.06199550628662,-3.47009763907953,-4.4899095011635,-2.16646855732214,-2.95934528538708,0,0
2023-08-21,0.77368330549,0.115113295377149,-3.47901221132956,-2.21402197847339,1.0183128118515,-3.39560964446671,-4.39420289084196,-2.11908919573009,-2.89544743133743,0,0
2023-08-22,0.79049135584,0.115031180093049,-3.47872984751548,-2.21367216117391,0.994666695594788,-3.35440970303589,-4.34151396748326,-2.09272999552868,-2.86022030755703,0,0
2023-08-23,2.1948879987,0.115913624979708,-3.47935515027739,-2.21428638067251,0.974937558174133,-3.31956429518691,-4.2969782722937,-2.07044897417019,-2.83037305104156,0,0
2023-08-24,-2.6170494701,0.116325457559934,-3.47961759370013,-2.21468310205103,1.09900450706482,-3.5314765230841,-4.56931883262272,-2.20540248771406,-3.01214570124691,0,1
2023-08-25,1.2643156822,0.115016392540018,-3.47905997528657,-2.21641851611936,1.31856107711792,-3.87993998427814,-5.01612252410559,-2.43006628713973,-3.31296217477589,0,0
2023-08-28,0.88460892439,0.115265013072976,-3.47979196165143,-2.21726661189353,1.33084583282471,-3.89910273756139,-5.04007797208098,-2.44262456177377,-3.32910255851994,0,0
2023-08-29,2.1810311338,0.115357665375991,-3.47978907139923,-2.21718975044474,1.28540098667145,-3.82987149355343,-4.95127988129403,-2.39839287376709,-3.26974816667443,0,0
2023-08-30,1.9172278948,0.116023047131398,-3.48021903606801,-2.21728025996903,1.4061713218689,-4.01089359115877,-5.18397650292952,-2.51327433380498,-3.42515494303672,0,0
2023-08-31,0.11723954194,0.116599778100357,-3.48027223405824,-2.21690382772707,1.48082005977631,-4.11850696719606,-5.32280601554738,-2.58112721652969,-3.51776849635481,0,0
2023-09-01,0.84632990893,0.11637441288225,-3.48010603502856,-2.21684373921343,1.29501307010651,-3.8439389615041,-4.97011385162452,-2.40636363617824,-3.28213270418604,0,0
2023-09-05,0.12667581541,0.116364792795563,-3.48034787778166,-2.21719578600871,1.21630430221558,-3.72197817265646,-4.81316191226959,-2.32889589582296,-3.17733410972295,0,0
2023-09-06,-3.5793357934,0.115426879749724,-3.47931451915439,-2.21645913236976,1.08430659770966,-3.50758484551877,-4.53801391703249,-2.19257298083941,-2.99349763851971,1,1
2023-09-07,-2.9249357607,0.114098113503682,-3.54050574535167,-2.21738982111842,1.409294962883,-4.08896830846946,-5.18990969828659,-2.51824804602561,-3.44144962328023,0,1
2023-09-08,0.34917774265,0.112522442685523,-3.53665669285855,-2.22071702186337,1.76704955101013,-4.58877001324189,-5.82455174577277,-2.83948593367667,-3.87223217549539,0,0
2023-09-11,0.66225165574,0.112129088105034,-3.53615266216624,-2.22017912296399,1.62599945068359,-4.39698478695709,-5.5825835728205,-2.71892529356508,-3.70978165013937,0,0
2023-09-12,-1.7060660125,0.112847908908319,-3.53661172927315,-2.22096684470146,1.46813941001892,-4.17235145081639,-5.29917639435343,-2.57822660801087,-3.51954106725437,0,0
2023-09-13,-1.1854792967,0.111858807853614,-3.5355318468787,-2.21969364892044,1.48779058456421,-4.20060691899667,-5.33512571348992,-2.59561299544169,-3.54402111778527,0,0
2023-09-14,0.87825038736,0.112385560125204,-3.53468620615989,-2.21536261765192,1.49226665496826,-4.20552937654787,-5.34330895842638,-2.59386522961566,-3.547385731017,0,0
2023-09-15,-0.41538636624,0.112098112438263,-3.53450180995782,-2.21502191841548,1.46846258640289,-4.17101606115429,-5.29958680363601,-2.5720685067031,-3.51807046806676,0,0
2023-09-18,1.6913319239,0.112099162154586,-3.53466852526181,-2.21502288657941,1.3305059671402,-3.96505474707652,-5.03912393293162,-2.44287569800849,-3.34339082415411,0,0
2023-09-19,0.61808169921,0.11298799260497,-3.53545285118567,-2.21607614589792,1.37183964252472,-4.02793090052039,-5.11860949921124,-2.48260356734912,-3.39670963332124,0,0
2023-09-20,-1.9992181829,0.112715937947549,-3.53495173441105,-2.21575409948149,1.30876886844635,-3.93131962753073,-4.99689901871123,-2.42213858225153,-3.31499916516037,0,0
2023-09-21,-0.88893954071,0.112008822553436,-3.53452165176503,-2.21491594927906,1.39149725437164,-4.05737448444791,-5.15585572327832,-2.50074461205166,-3.42167920686842,0,0
2023-09-22,0.49445179102,0.111764342080204,-3.533966685267,-2.21462688218174,1.34811866283417,-3.99147180133391,-5.07305548540114,-2.45960598379995,-3.36605662575719,0,0
2023-09-25,0.73802849147,0.112616787024239,-3.53429152541591,-2.21563739303034,1.24405419826508,-3.82943222789571,-4.86893444452735,-2.35864262658263,-3.22902606612541,0,0
2023-09-26,-2.339845525,0.112279321332177,-3.5338304876713,-2.21523792303146,1.16799640655518,-3.70686848552571,-4.71424273035536,-2.28181430736057,-3.12523089402883,0,1
2023-09-27,-0.88974180035,0.111452287799691,-3.53333598491544,-2.2183915510449,1.30742990970612,-3.92866659302074,-4.99417135664425,-2.42512097573712,-3.31315581944896,0,0
2023-09-28,0.15255530125,0.111018437471289,-3.53237885899488,-2.21756654921563,1.27976024150848,-3.88503772852793,-4.93980044832091,-2.39763673125209,-3.2765630396379,0,0
2023-09-29,0.30464584925,0.111031576135111,-3.53240265496466,-2.21758877260589,1.15383040904999,-3.68335165896554,-4.68486412062682,-2.27102462838539,-3.10557960012286,0,0
2023-10-02,1.4835582033,0.110571164758941,-3.53180265459938,-2.21693433770972,1.09758710861206,-3.58954984349971,-4.56651675042484,-2.21201764302942,-3.02618079640748,0,0
2023-10-03,-0.77697841734,0.11141199033476,-3.53268553118194,-2.21801637886714,1.13286972045898,-3.64864964614741,-4.64109759682388,-2.24936374859074,-3.07620155875253,0,0
2023-10-04,0.73085846852,0.111587475355244,-3.53311294044061,-2.21837149690764,1.10531485080719,-3.60291389592099,-4.5829546478184,-2.22067421742719,-3.03725453948446,0,0
2023-10-05,0.7197973051,0.111810750124369,-3.53341619581067,-2.21869545716249,1.05669331550598,-3.52038524657452,-4.47853595544178,-2.16891031719691,-2.96722834423682,0,0
2023-10-06,1.4750443086,0.112454638410277,-3.53367709285108,-2.21930333504985,1.03214025497437,-3.47756000002701,-4.42484370341143,-2.1422311324204,-2.93112124284437,0,0
2023-10-09,0.84511803489,0.1125690807016,-3.53349221487612,-2.21928832271418,1.06130456924438,-3.52762178703541,-4.48848152815527,-2.17373370247936,-2.97374522194553,0,0
2023-10-10,-0.33521425785,0.113013584760208,-3.53360495238954,-2.21967196404276,1.05493414402008,-3.51635160430427,-4.47461922094699,-2.1668112021027,-2.96436997031431,0,0
2023-10-11,0.79040304954,0.112572423300272,-3.53353953749074,-2.21931593546125,0.982235372066498,-3.38944046439055,-4.31377291450608,-2.08694251784626,-2.85656195861123,0,0
2023-10-12,0.50611790866,0.112147070768247,-3.53414348732832,-2.21932735087054,0.961327314376831,-3.35298521587322,-4.26649282785458,-2.06384348697267,-2.82506274048183,0,0
2023-10-13,-1.0292734213,0.111401070867908,-3.53437364174406,-2.21882658383563,0.926267921924591,-3.29017957419108,-4.18602470572555,-2.02406006803795,-2.77130082004896,0,0
2023-10-16,-0.072686608928,0.110238416535785,-3.53307623706633,-2.21731878857889,0.936654150485992,-3.30910436260967,-4.2101501589006,-2.03570253691679,-2.78750128655681,0,0
2023-10-17,-0.87846911374,0.110560332357541,-3.53275126699622,-2.21743044333017,0.885599911212921,-3.21398181373064,-4.0906878691558,-1.97618181497124,-2.70724038597223,0,0
2023-10-18,-0.73948631107,0.109100951314466,-3.53129511877731,-2.21559251906574,0.892498910427094,-3.22698984004115,-4.10718515101634,-1.98401716870571,-2.71837028466695,0,0
2023-10-19,-0.21610555041,0.108896734119414,-3.53088240014981,-2.21522445677206,0.901682913303375,-3.24392276163817,-4.12883556769412,-1.99461363649764,-2.73285844915575,0,0
2023-10-20,-1.4704206087,0.108602320528683,-3.53042094447163,-2.21476475117091,0.870570182800293,-3.1854340127193,-4.05511100214983,-1.95786954633981,-2.68340291425884,0,0
2023-10-23,0.069412309131,0.108568955423316,-3.529921892402,-2.21447562834482,0.934530258178711,-3.30384555087711,-4.20533440431587,-2.03218910901944,-2.78404768068523,0,0
2023-10-24,0.25433526007,0.10813506128713,-3.52947500324114,-2.21392197326147,0.895021200180054,-3.23094453411227,-4.11320844110085,-1.98635822168986,-2.72229071301213,0,0
2023-10-25,-1.3491697417,0.108300393919459,-3.52967550736979,-2.21414896797128,0.865813612937927,-3.17603111076465,-4.04373935176458,-1.95194542652162,-2.67570994054854,0,0
2023-10-26,-2.4605493863,0.108054914490887,-3.52953015351166,-2.21389273610536,0.917545855045319,-3.27283309629277,-4.16601105132192,-2.0126022503764,-2.75772411982297,0,1
2023-10-27,0.79693211101,0.107120904981008,-3.52781624614901,-2.2203131432566,1.10238552093506,-3.59689383367092,-4.57675303822731,-2.2240868544998,-3.03777503200236,0,0
2023-10-30,1.2305314469,0.107882387002239,-3.52879128748059,-2.22133485398907,1.12535905838013,-3.63556322786769,-4.62531404719483,-2.24857497782536,-3.07041886302569,0,0
2023-10-31,0.28187210046,0.108155514365665,-3.52878868791789,-2.22138635705079,1.15862905979157,-3.69021967956293,-4.69475903192483,-2.28293660844763,-3.11699080346027,0,0
2023-11-01,1.8738654331,0.108450952749737,-3.529122887084,-2.22174334444438,1.09236490726471,-3.58005637869133,-4.55538943440411,-2.21363214743233,-3.02340858666093,0,0
2023-11-02,2.069322297,0.10951400339299,-3.53021393868239,-2.22292822978617,1.17324793338776,-3.71429264821176,-4.72498983866059,-2.29828560839735,-3.13730284613383,0,0
2023-11-03,-0.51810553587,0.110811417068454,-3.53035408504788,-2.2233089273423,1.32726454734802,-3.95640248363111,-5.03257035305283,-2.45059538717663,-3.34363229693363,0,0
2023-11-06,1.4605151429,0.11026434982602,-3.53075530000552,-2.22356004313896,1.24784398078918,-3.83383425414379,-4.87633741304764,-2.37360647010129,-3.23890696291982,0,0
2023-11-07,1.4450705796,0.10930501483167,-3.52982980340389,-2.22254360991907,1.30712687969208,-3.92633703384985,-4.99334740830245,-2.43172130846823,-3.31748667185859,0,0
2023-11-08,0.58849411507,0.11005948010914,-3.53016739775146,-2.22299401789877,1.33809721469879,-3.97350232560154,-5.05348448234127,-2.46141445951106,-3.35779294919046,0,0
2023-11-09,-0.26245284052,0.110564973391141,-3.53061875260044,-2.22349711319177,1.25490117073059,-3.84451788044925,-4.89041013304684,-2.38024922212945,-3.24826450711238,0,0
2023-11-10,2.3220069164,0.11073172031236,-3.53101186233656,-2.22388146320895,1.14129078388214,-3.66149104501707,-4.65867512811725,-2.26506779834451,-3.09267009196066,0,0
2023-11-13,-0.85836909857,0.112070093979003,-3.53207301505493,-2.22509377985985,1.30648910999298,-3.92515133525436,-4.99227405969979,-2.43125113743794,-3.3166930771509,0,0
2023-11-14,1.4285714286,0.111250661351371,-3.53146343315984,-2.22438741007999,1.27467441558838,-3.87582381560507,-4.92970524841408,-2.4001156425771,-3.27470042146372,0,0
2023-11-15,0.30409731098,0.112394704290395,-3.53357623871474,-2.22650211868411,1.27801406383514,-3.88228793714645,-4.93642807653415,-2.40465000163191,-3.2784831272243,0,0
2023-11-16,0.90420722318,0.113403859909555,-3.53428140813326,-2.22031615410281,1.17404007911682,-3.71610067050237,-4.72669729401394,-2.29237819001908,-3.13705672005032,0,0
2023-11-17,-0.010542406926,0.113548694678603,-3.53428905804844,-2.22042565623829,1.12642240524292,-3.63750003683989,-4.62751919296618,-2.24305675113142,-3.07042149724929,0,0
2023-11-20,0.92782961674,0.113833231710643,-3.53447908984908,-2.2207339366996,1.02651405334473,-3.46719600206491,-4.41236421806201,-2.13614843336644,-2.92590368548911,0,0
2023-11-21,-0.42308696793,0.113951906985425,-3.53443847069746,-2.2207986662828,0.995128631591797,-3.41186727801475,-4.34261791366293,-2.10143099146338,-2.87902791775034,0,0
2023-11-22,0.35144775502,0.114296580086946,-3.53511785676637,-2.22141134830747,0.939501225948334,-3.31221791093332,-4.21625146856783,-2.0388701554784,-2.79421401661843,0,0
2023-11-24,-0.70043385094,0.114707607413371,-3.53545113119408,-2.22188798148471,0.879427313804627,-3.20076018683295,-4.07545902668351,-1.96892974795505,-2.69962072670555,0,0
2023-11-27,-0.094751802862,0.114213682901555,-3.53521839455224,-2.22140457683448,0.855747520923615,-3.15609745244749,-4.01873808296677,-1.94073266353407,-2.6615968099416,0,0
2023-11-28,0.32140787171,0.113372456064726,-3.53528622468908,-2.22082821865907,0.802828192710877,-3.05426805514014,-3.88908217657,-1.87650473824083,-2.57472786891518,0,0
2023-11-29,-0.54096638642,0.112691941315214,-3.53445592559615,-2.21989058624071,0.763236582279205,-2.97512936437578,-3.78925923370565,-1.82668022594155,-2.50770360918443,0,0
2023-11-30,0.30627871347,0.112698810269911,-3.53488214429191,-2.22011275673276,0.743039548397064,-2.93436047054864,-3.73730221501355,-1.80103265339146,-2.47256909420459,0,0
2023-12-01,0.67912608574,0.113811173701901,-3.53517597981647,-2.21705221726791,0.724320888519287,-2.89487259186362,-3.6882405500092,-1.77305642541867,-2.43795351319495,0,0
2023-12-04,-0.94645471672,0.113458267398285,-3.53497137856815,-2.21663415907018,0.719436049461365,-2.88488947216602,-3.67547634086354,-1.76668143064396,-2.42943710475248,0,0
2023-12-05,2.106318957,0.112896991167659,-3.53464345163864,-2.21596916663256,0.734928488731384,-2.91728109634789,-3.71617405831365,-1.78680839728592,-2.45682938192403,0,0
2023-12-06,-0.56871057786,0.113405285278172,-3.53520104721778,-2.21657116657981,0.8229199051857,-3.09354997274248,-3.9388455700269,-1.89735576126386,-2.60624826152908,0,0
2023-12-07,1.0139351081,0.11390933946027,-3.53570763370365,-2.2171682335545,0.834221720695496,-3.11545535439367,-3.96650557838737,-1.91115765010733,-2.62478674311588,0,0
2023-12-08,0.74123642353,0.11399113276268,-3.53463431464235,-2.21726570774976,0.829602241516113,-3.10544228502136,-3.95677137168973,-1.9055499796136,-2.61726636422919,0,0
2023-12-11,-1.292729038,0.117515737404298,-3.4796540318754,-2.2172164694903,0.817828834056854,-3.02927073908308,-3.7851764238211,-1.88759935097039,-2.5595992610947,0,0
2023-12-12,0.79200745422,0.117452183254944,-3.47976827278077,-2.21701083895322,0.83935958147049,-3.07059213628924,-3.83625515851909,-1.91369709377566,-2.59468225168925,0,0
2023-12-13,1.6691489907,0.117849809360307,-3.48030442876994,-2.21723652791645,0.846551716327667,-3.08431721910125,-3.8531231087707,-1.92219060931767,-2.6062588312935,0,0
2023-12-14,0.075772883611,0.118457346741267,-3.48074680972765,-2.21790072931486,0.893002390861511,-3.17080674972926,-3.960508261977,-1.97743231064004,-2.67985114093987,0,0
2023-12-15,-0.2725758417,0.118412954415275,-3.48072417641435,-2.21784399963646,0.847323417663574,-3.08559963897624,-3.85482528973424,-1.92311626331586,-2.60735692323611,0,0
2023-12-18,-0.85033152818,0.117718787233596,-3.48015322912095,-2.21714055115243,0.809956789016724,-3.01433557294824,-3.76636423035112,-1.8776544831919,-2.54674655651119,0,0
2023-12-19,0.53601511063,0.117074234548741,-3.47947959301528,-2.21660893461531,0.815122127532959,-3.02434309447637,-3.77882982178713,-1.88417150715659,-2.55533658911885,0,0
2023-12-20,-1.0713923021,0.117055322698766,-3.47960547789381,-2.21646971679768,0.804874897003174,-3.00466647672614,-3.75429122978127,-1.87144649931831,-2.538537877885,0,0
2023-12-21,-0.076990196703,0.116058393968015,-3.47897529478243,-2.21548057855895,0.823084473609924,-3.04020725986047,-3.79805941221194,-1.89391427451194,-2.56871256228694,0,0
2023-12-22,-0.55475652343,0.115304367629959,-3.47849436195157,-2.21538640164502,0.792785167694092,-2.9818942868569,-3.72551735231208,-1.85724210460117,-2.5190703683,0,0
2023-12-26,-0.2840909091,0.114548773694919,-3.47769584495857,-2.21484096409538,0.78110533952713,-2.95904451880005,-3.69724891428785,-1.84293130353931,-2.49972884267675,0,0
2023-12-27,0.051800051733,0.114437140254399,-3.47751634744015,-2.2146726626219,0.761203408241272,-2.9195905655698,-3.64838521776745,-1.81779769242224,-2.46621027598884,0,0
2023-12-28,0.22262490311,0.113817235686615,-3.47686309380967,-2.21422778661557,0.727461099624634,-2.85164554400651,-3.56416588375709,-1.77472709574291,-2.40849512271745,0,0
2023-12-29,-0.54241140615,0.113939690639663,-3.47698188300537,-2.21430104611176,0.708645761013031,-2.81302190794325,-3.51626245624948,-1.750083288988,-2.37563220440526,0,0
2024-01-02,-3.5786630655,0.113572432680357,-3.47655250702836,-2.21397705549475,0.708972632884979,-2.81370260043857,-3.51717047655164,-1.75060759777965,-2.37627373296584,1,1
2024-01-03,-0.74876104281,0.112765378777452,-3.53797696870118,-2.21580893653287,0.939781427383423,-3.31703173392892,-4.10173250818155,-2.03529131013292,-2.77049207043978,0,0
2024-01-04,-1.2700135687,0.112930321558077,-3.5377685445358,-2.21600507499698,0.969053268432617,-3.36966683826018,-4.16682524052913,-2.06851622678868,-2.81495008597982,0,0
2024-01-05,-0.4012973448,0.112866069644397,-3.53734150999053,-2.21592928618668,0.974107325077057,-3.37837947958242,-4.17794590751693,-2.0741869010543,-2.82249410025058,0,0
2024-01-08,2.4174853737,0.11252741586503,-3.53678748525072,-2.21552792803633,0.921116709709167,-3.28189819539169,-4.05961727591579,-2.01382164320147,-2.74152133101499,0,0
2024-01-09,-0.22634188408,0.113922954616806,-3.53851104157085,-2.21718283443582,1.05581080913544,-3.52199108493254,-4.35425932131052,-2.16429127200724,-2.94310741869118,0,0
2024-01-10,0.56713838185,0.11419569604775,-3.53851353423108,-2.21750648757605,1.00372135639191,-3.43089575914832,-4.24261044222734,-2.10743302598453,-2.86666135738749,0,0
2024-01-11,-0.32225146351,0.113619569044421,-3.53792195136392,-2.21682315177213,0.938804745674133,-3.31434153938646,-4.0994070826616,-2.03430332270124,-2.76870422818349,0,0
2024-01-12,0.17781130446,0.113598887545793,-3.53793244025039,-2.21679859908149,0.88514369726181,-3.21496138996989,-3.97723399891185,-1.97201124910024,-2.68512645818198,0,0
2024-01-16,-1.2317125646,0.113554081133912,-3.53792091799688,-2.21674542969127,0.842151880264282,-3.13315467559772,-3.87665869121672,-1.92072734144192,-2.61632639517763,0,0
2024-01-17,-0.51734466042,0.112790924073113,-3.5372436211592,-2.21584018683433,0.863019287586212,-3.1732670638265,-3.92588473613775,-1.94569871523245,-2.65005809416918,0,0
2024-01-18,3.2570615283,0.112497069287597,-3.53677125318778,-2.21549192019958,0.856097519397736,-3.15991956280669,-3.90967706513871,-1.93739875063489,-2.6389553874275,0,0
2024-01-19,1.5533054127,0.113933505307569,-3.5383672348407,-2.21719543393546,1.09816634654999,-3.59404296953467,-4.44298905495974,-2.20954169201192,-3.00378424619426,0,0
2024-01-22,1.2163290874,0.11458391423657,-3.5378867874596,-2.21796712460318,1.18678915500641,-3.73958474782138,-4.62322129894548,-2.30166620869588,-3.12686264667325,0,0
2024-01-23,0.66532570017,0.115038247640155,-3.53790810913677,-2.2185057241336,1.16954696178436,-3.71105351117202,-4.5886554184358,-2.28417795756996,-3.10312361492881,0,0
2024-01-24,-0.348396352,0.11491376997254,-3.53766202443611,-2.21835816677755,1.11236166954041,-3.61620734888202,-4.47220882713686,-2.22475659652227,-3.02343171937325,0,0
2024-01-25,-0.16966580988,0.114734030266971,-3.53756054703333,-2.21814512398399,1.02740526199341,-3.47097276797639,-4.29357202319119,-2.13360008156323,-2.90123438563719,0,0
2024-01-26,-0.90127208105,0.115113776220489,-3.53823997034286,-2.21859529941514,0.954443395137787,-3.34159166081448,-4.13415869168096,-2.05235663232996,-2.79221055927803,0,0
2024-01-29,-0.35859058316,0.115203315676361,-3.53818461949534,-2.21870141766302,0.942596614360809,-3.31992866790267,-4.10768679467469,-2.03887653641272,-2.77406911963962,0,0
2024-01-30,-1.9245814427,0.114900935742225,-3.53784983224204,-2.21834296470761,0.89936625957489,-3.24021622391909,-4.00973906370753,-1.98886290382914,-2.70706217659472,0,0
2024-01-31,-1.9357583493,0.113767251970966,-3.53653131597321,-2.21699930229513,0.977417469024658,-3.38260412706835,-4.18504251852343,-2.07805637839939,-2.8270052638787,0,0
2024-02-01,1.3340563994,0.112996706027933,-3.53484134885477,-2.21838989692328,1.09111344814301,-3.5793704633838,-4.42811563877436,-2.20425298525113,-2.99312609195484,0,0
2024-02-02,-0.54051161296,0.113729526722727,-3.53595712221482,-2.21967660707991,1.1299843788147,-3.64501847210523,-4.50833976254229,-2.24580276299037,-3.04806479889695,0,0
2024-02-05,0.98466505242,0.113193110790875,-3.53582362677454,-2.21944182927248,1.05321753025055,-3.51549492699761,-4.34862029212085,-2.16453984949119,-2.93889554114354,0,0
2024-02-06,0.86317135556,0.113111849567437,-3.53612176483024,-2.21969106128691,1.06473851203918,-3.53567667033556,-4.37299037609625,-2.17730228229541,-2.95564047507044,0,0
2024-02-07,0.058108821941,0.113026088368954,-3.53566796047638,-2.21925063915248,1.06297957897186,-3.53227943571465,-4.36925402942006,-2.17504131633684,-2.95301590136501,0,0
2024-02-08,-0.57547119995,0.113435325522167,-3.53619469257964,-2.21986948725297,0.979251742362976,-3.38588214060649,-4.18909236617009,-2.08328424016545,-2.8297862433868,0,0
2024-02-09,0.40940025519,0.113376541638188,-3.53615825039657,-2.21982118209328,0.930731892585754,-3.29811257582531,-4.08115410985137,-2.02818366839396,-2.75595554742851,0,0
2024-02-12,-0.90018533228,0.113586806557376,-3.53639942614586,-2.22010866212796,0.901407539844513,-3.24395867706441,-4.01452986932689,-1.99423952000699,-2.71037604006254,0,0
2024-02-13,-1.127437884,0.113232555897087,-3.5361091299112,-2.21974440480798,0.898121178150177,-3.23791173897042,-4.00703656459346,-1.99040268977847,-2.70527758102136,0,0
2024-02-14,-0.48097708614,0.112408415576288,-3.53508000236344,-2.21853088270711,0.908186435699463,-3.25648097614981,-4.03011900021048,-2.00182525126346,-2.72106810145247,0,0
2024-02-15,-0.15748031483,0.1121472630158,-3.53466320100428,-2.21805250323397,0.877894818782806,-3.19969223575028,-3.96046418672573,-1.96608013032117,-2.673410350626,0,0
2024-02-16,-0.84303274234,0.112363382212551,-3.53508728402689,-2.2185303018576,0.823078870773315,-3.09479839864332,-3.83125370677816,-1.90036926683347,-2.58505619435344,0,0
2024-02-20,-0.41138719771,0.112545225113705,-3.53574704568985,-2.21907414659499,0.823018908500671,-3.09509826919419,-3.8311206167846,-1.90060748568026,-2.58503653699992,0,0
2024-02-21,0.41859440407,0.113012817084928,-3.53613926022409,-2.21962908354164,0.804915487766266,-3.05950815743828,-3.78743367992569,-1.878373637178,-2.55511192059932,0,0
2024-02-22,1.1243966652,0.113184054127496,-3.53629538219768,-2.21983920426433,0.78836989402771,-3.02669955374671,-3.74711014720365,-1.85781553054364,-2.52751487302037,0,0
2024-02-23,-1.0034170419,0.113107385395898,-3.53577962212312,-2.21938084423361,0.816073417663574,-3.08100214276949,-3.81432886999044,-1.89180984893605,-2.57342727230037,0,0
2024-02-26,-0.74512382207,0.11322295047112,-3.53642421526881,-2.2199385157434,0.843144774436951,-3.1340248556212,-3.87896428233407,-1.92518930894715,-2.61772547042853,0,0
2024-02-27,0.81143740335,0.11322059350426,-3.53614839953432,-2.21978288979908,0.837157487869263,-3.12222473429588,-3.86474453442723,-1.91779885705866,-2.60795065841406,0,0
2024-02-28,-0.66254175099,0.113387285069474,-3.53637397277917,-2.22002963030194,0.828937947750092,-3.10634080343374,-3.84515026367895,-1.90786154579871,-2.59454759239003,0,0
2024-02-29,-0.36930878632,0.113407687907884,-3.53650007679884,-2.22011406277553,0.829332947731018,-3.10720227096047,-3.84609843374309,-1.90839955233702,-2.59521335926781,0,0
2024-03-01,-0.6030428769,0.11317683783179,-3.53622526513935,-2.21979524872641,0.801526248455048,-3.05273485840308,-3.77918375261721,-1.8741614153246,-2.5494450897468,0,0
2024-03-04,-2.5381275741,0.112472397658061,-3.535776140148,-2.2190375104197,0.798967301845551,-3.04798007544432,-3.77308725868038,-1.87101363475216,-2.54536189671117,0,1
2024-03-05,-2.844089092,0.110969197546964,-3.53389976745328,-2.21843533816537,0.941904306411743,-3.31874253132988,-4.10644365292469,-2.04206122202937,-2.77966851454073,0,1
2024-03-06,-0.58782036213,0.109781271574439,-3.53092145501453,-2.22361348696409,1.19421589374542,-3.74881624344263,-4.63762757806053,-2.32018767122743,-3.15230763762619,0,0
2024-03-07,-0.070955534557,0.11007147419743,-3.5281367174578,-2.22118058679103,1.13175320625305,-3.64329761217625,-4.5115490546144,-2.25290683910387,-3.06505553129094,0,0
2024-03-08,1.023668639,0.106734450327915,-3.52731110994333,-2.21978543303875,1.02991676330566,-3.47295069668186,-4.2990317199026,-2.14601068513736,-2.91962035090094,0,0
2024-03-11,1.1831546886,0.10685116393074,-3.52798563365214,-2.2204113667413,1.01647925376892,-3.45008497169463,-4.2702352638559,-2.13178080525323,-2.8999424065475,0,0
2024-03-12,0.27785817656,0.105765760714598,-3.52665102665925,-2.21900441738846,1.0516402721405,-3.51079771036585,-4.3453003448121,-2.16981247411161,-2.95148469714828,0,0
2024-03-13,-1.2122611557,0.105997443356309,-3.52686257205164,-2.21923918807603,1.00974154472351,-3.43800203958778,-4.25571955986631,-2.12402495598417,-2.88994487261968,0,0
2024-03-14,1.0927365163,0.105660843848557,-3.52657481761765,-2.21891560919471,1.03116357326508,-3.4754427415076,-4.30175918756345,-2.14756418458226,-2.92158632524867,0,0
2024-03-15,-0.21965317919,0.106006759598537,-3.527168901116,-2.21951481180727,1.03694188594818,-3.48572144860608,-4.31410019196384,-2.15413279753291,-2.93010158492957,0,0
2024-03-18,0.63723786334,0.105843068175788,-3.52711827754492,-2.21943727182401,0.991849899291992,-3.40687261910594,-4.21694372678591,-2.10453138150119,-2.86339255529959,0,0
2024-03-19,1.358507944,0.105529542272859,-3.52654241742429,-2.21886074771967,0.96789538860321,-3.36394194148476,-4.16442368960746,-2.0774228171277,-2.82728001044185,0,0
2024-03-20,1.470922308,0.106517609558694,-3.52739683100406,-2.21981929531926,1.0134528875351,-3.44452679154929,-4.26370795465687,-2.12818329248616,-2.89541969854855,0,0
2024-03-21,-4.0857446689,0.107252415501442,-3.52766688466147,-2.22020555478288,1.06280696392059,-3.52950860831504,-4.36880527072494,-2.18161365107732,-2.96750562399813,1,1
2024-03-22,0.53101476333,0.105675543619558,-3.54449391791747,-2.22057777928107,1.55793619155884,-4.31846656549862,-5.33359538661056,-2.66598999944381,-3.6331919298186,0,0
2024-03-25,-0.83004411417,0.10605781292505,-3.54481805601365,-2.2210054416589,1.46743643283844,-4.18805646339757,-5.17332131052671,-2.58441910975878,-3.52309021296114,0,0
2024-03-26,-0.66725197539,0.105220598859162,-3.54403271319729,-2.2201975780688,1.36077547073364,-4.02897440728213,-4.97775560915959,-2.48469052293134,-3.3886856313801,0,0
2024-03-27,2.1212656886,0.104888021527681,-3.54374418397974,-2.21983678821077,1.25523030757904,-3.8654188176145,-4.77662394718075,-2.38215187877203,-3.25039977675531,0,0
2024-03-28,-1.0559113728,0.105736584758026,-3.54449523657727,-2.22073222504443,1.35029494762421,-4.01304458320323,-4.9582021099984,-2.4748029440326,-3.37527225138361,0,0
