Date,Return,mu,q01,q05,RV_hat,VaR_1,ES_1,VaR_5,ES_5,hit_1,hit_5
2012-12-20,-0.87017157175,0.201622542385981,-3.09262653168993,-2.00131253903639,4.01955842971802,-5.99873381088362,-7.48210068423017,-3.81077623552651,-5.16103781250811,0,0
2012-12-21,-0.46004620781,0.201685992580069,-3.09265718694867,-2.0013635714483,3.45479393005371,-5.54665941480975,-6.92189506306075,-3.51826368144214,-4.77005993531208,0,0
2012-12-24,0.16136175436,0.201556193817579,-3.09259447611373,-2.00125917548847,3.00725960731506,-5.16145170157878,-6.44448496385609,-3.26891781814091,-4.43685811068419,0,0
2012-12-26,-1.3781124559,0.202404365089637,-3.09300426067269,-2.00194135190024,2.66141557693481,-4.84347502440952,-6.05072613822392,-3.06353184294603,-4.16205480524241,0,0
2012-12-27,0.40165731152,0.201277833431969,-3.09245998937549,-2.00103529277128,2.49740743637085,-4.68579475434366,-5.85493875107245,-2.96099581281461,-4.02540083926668,0,0
2012-12-28,-1.0621675144,0.201327434699185,-3.09248395367855,-2.00107518661772,2.25942754745483,-4.44710651698751,-5.55916520677928,-2.80656718227593,-3.81897760798671,0,0
2012-12-31,4.4317461987,0.200478138739701,-3.09207362573931,-2.00039210563013,2.19533228874207,-4.38094029496599,-5.47688761103759,-2.76343358415207,-3.761570250645,0,0
2013-01-02,3.16759835,0.201905765909693,-3.0927633679995,-2.00154033313117,2.99058413505554,-5.14650439588904,-6.42608330647176,-3.25941906990959,-4.42402564828766,0,0
2013-01-03,-1.2629728794,0.201533536781687,-3.0925835296177,-2.00124095264132,3.47336363792419,-5.56210272849947,-6.94097871722461,-3.52817168208922,-4.7833704612186,0,0
2013-01-04,-2.78472868,0.20213382681276,-3.09287355309967,-2.0017237604337,3.02961730957031,-5.18125875455934,-6.46923195939492,-3.2820256956725,-4.45414807984427,0,0
2013-01-07,-0.58823529398,0.201227447204641,-3.09243564582764,-2.00099476758858,3.10047745704651,-5.24398664320498,-6.54665035690649,-3.32215869601554,-4.50814971157896,0,0
2013-01-08,0.26913533093,0.200361651115706,-3.09201734603355,-2.00029841569748,2.62853717803955,-4.81265311264549,-6.01183319039007,-3.04267497113447,-4.13489025741792,0,0
2013-01-09,-1.5628866764,0.201169749850262,-3.09240776998971,-2.00094836213313,2.39976787567139,-4.58933608528662,-5.73536770923676,-2.89853621313089,-3.94195182698768,0,0
2013-01-10,1.2396054921,0.199772460614427,-3.0917326851665,-1.9998245351556,2.39629650115967,-4.58622224751301,-5.73103879093664,-2.89595107601554,-3.93893754185212,0,0
2013-01-11,-0.61316880283,0.201669820999213,-3.09264937382843,-2.00135056479344,2.26538825035095,-4.45314069622482,-5.566757244352,-2.8106042946793,-3.82427166335004,0,0
2013-01-14,-3.5652508169,0.200420456569944,-3.09204575723766,-2.00034571238753,2.12563729286194,-4.30764789873532,-5.38604343907495,-2.71599667101517,-3.69817434690261,0,1
2013-01-15,-3.1549576483,0.198574340364939,-3.0911538266338,-2.00253572384456,2.62283158302307,-4.80759827152404,-6.0049597481819,-3.0445640012675,-4.13766459117954,0,1
2013-01-16,4.1508890352,0.198269032635884,-3.09100632058494,-2.01365744923552,3.1260998249054,-5.26687125011044,-6.57397332356312,-3.36203440905578,-4.53621358535471,0,0
2013-01-17,-0.67379319871,0.200192042342922,-3.09193540143292,-2.01529494359397,3.90982222557068,-5.91357543476349,-7.37604919003256,-3.78470514445204,-5.0970915153657,0,0
2013-01-18,-0.53314235702,0.199753835147207,-3.09172368647824,-2.01492179841005,3.07526540756226,-5.22202720783702,-6.51892266817358,-3.33370061212239,-4.4977768697352,0,0
2013-01-22,0.95400000009,0.199704299517688,-3.0916997538873,-2.01487961749251,2.54927587509155,-4.73664325339945,-5.91741756654181,-3.01734355796787,-4.07721937314575,0,0
2013-01-23,1.8295461297,0.200172438608172,-3.09192593010554,-2.01527825048788,2.26795434951782,-4.45618419423062,-5.57002898066805,-2.83478197517841,-3.83432825498526,0,0
2013-01-24,-12.354938181,0.201355132350262,-3.09249733549199,-2.01628534594005,2.31096887588501,-4.49981948170274,-5.62449812223476,-2.86377587818703,-3.87239948981183,1,1
2013-01-25,-2.3573806881,0.196762443137022,-3.18639208420716,-2.01925415388308,4.62519121170044,-6.65597449323338,-8.47551332742305,-4.14589758066134,-5.66818011259448,0,0
2013-01-28,2.2619805401,0.195839476345073,-3.18587175889451,-2.01865879287813,3.62667918205261,-5.87128436522495,-7.48230933155046,-3.6484624344499,-4.99643317799743,0,0
2013-01-29,1.8762643665,0.195333344869609,-3.18558642574872,-2.01830183603883,3.54769539833069,-5.80482282825802,-7.39811018640537,-3.60620414375683,-4.93946545908422,0,0
2013-01-30,-0.31422523844,0.195926024169985,-3.18592055049183,-2.01871983203402,3.33833765983582,-5.6251071209552,-7.17077935902132,-3.49250087372534,-4.785768046724,0,0
2013-01-31,-0.29332574477,0.195171227724973,-3.18549503171948,-2.01818750048305,2.74798345565796,-5.08543749695389,-6.48766808084026,-3.15038681489298,-4.32380919683335,0,0
2013-02-01,-0.41054688363,0.19507974186176,-3.18544345628817,-2.01812297870135,2.48038911819458,-4.8217551601995,-6.15394909173177,-2.9833128226694,-4.09814668375491,0,0
2013-02-04,-2.4919536176,0.195048582750073,-3.18542589024498,-2.01810100326895,2.26526689529419,-4.59927336843451,-5.87238235673574,-2.842355605277,-3.90775128184587,0,0
2013-02-05,3.5106123225,0.194150925227539,-3.1849198331093,-2.0174679167933,2.54892635345459,-4.89068740176346,-6.24100859739789,-3.0268086983528,-4.15701740462954,0,0
2013-02-06,-0.10789701291,0.195324044502159,-3.18558118263851,-2.01829527681474,3.1067042350769,-5.41953207582452,-6.91050724606818,-3.36209199292665,-4.60974083719341,0,0
2013-02-07,2.9733890477,0.196975418089766,-3.18651214947911,-2.01255590174279,2.67228269577026,-5.01205361954073,-6.39513883409308,-3.0929734790913,-4.25925276937564,0,0
2013-02-08,1.443765751,0.197669839926167,-3.18690363188377,-2.01314722056731,3.11625003814697,-5.4281404043764,-6.92183078957151,-3.35611953213034,-4.61531786628436,0,0
2013-02-11,1.0421491432,0.198640771084637,-3.1874509972527,-2.0139739944981,3.13588714599609,-5.44583650901383,-6.94440278575033,-3.36779223900766,-4.63061269401047,0,0
2013-02-12,-2.5066155482,0.19883729232998,-3.18756178669748,-2.01414133761102,2.78907895088196,-5.12456167224614,-6.53786873893877,-3.16488665363226,-4.35576718643977,0,0
2013-02-13,-0.19021158369,0.197602942075646,-3.18686591801877,-2.01309025525277,2.93115925788879,-5.2585118557858,-6.70715231199971,-3.24893413029158,-4.47018737961984,0,0
2013-02-14,-0.089933834352,0.198717168774399,-3.18749406668072,-2.01403904918062,2.64339590072632,-4.98367758615009,-6.35955862450607,-3.07581297507488,-4.23521305456173,0,0
2013-02-15,-1.3780835423,0.198623797894891,-3.18744142856579,-2.01395954137165,2.44051599502564,-4.78084530805698,-6.10285815343938,-2.94761419318547,-4.06166311628584,0,0
2013-02-19,-0.036943671694,0.196813696207966,-3.18642097828048,-2.01241819122156,2.42544174194336,-4.76566409792831,-6.08329756083035,-2.93729214056758,-4.04845112440094,0,0
2013-02-20,-2.4217917781,0.197185755434946,-3.18663072779183,-2.01273500963541,2.16269898414612,-4.48911090609057,-5.73338738942496,-2.76276604378906,-3.81190774804261,0,0
2013-02-21,-0.62158850396,0.196347979408347,-3.18615842903009,-2.01202162087186,2.43899250030518,-4.77956296891333,-6.10079717996313,-2.94588133359034,-4.06028341099303,0,0
2013-02-22,1.0648791642,0.195873097244828,-3.18589071277815,-2.01161724596889,2.29700803756714,-4.63262574186246,-5.91475182564933,-2.85291055937313,-3.93453111727154,0,0
2013-02-25,-1.7768017568,0.196414231770781,-3.18619577899923,-2.01207803653597,2.27821612358093,-4.61275343443838,-5.88970827940669,-2.84056820947698,-3.91759421302006,0,0
2013-02-26,1.3934056007,0.196423314825381,-3.18620089959865,-2.01208577100065,2.32045602798462,-4.6571302555054,-5.94587002660983,-2.86859561693191,-3.95555748725068,0,0
2013-02-27,-0.98002093682,0.196473720180385,-3.18622931576956,-2.01212869251278,2.2655713558197,-4.59937970901127,-5.87279510510242,-2.83214516867433,-3.90616044970852,0,0
2013-02-28,-0.71304856383,0.199363930866657,-3.09153530854219,-2.00297676900697,2.29392981529236,-4.48299038689186,-5.83768505707335,-2.83428957353154,-3.9027771738118,0,0
2013-03-01,-2.4762120524,0.197914440410188,-3.09083500327722,-2.00216712052159,2.49952602386475,-4.68866151070047,-6.10234077911704,-2.96748963029289,-4.08260606420043,0,0
2013-03-04,-2.420610031,0.197479775847234,-3.09062499990632,-2.00192432795716,2.64873719215393,-4.83249431602828,-6.28762738662608,-3.06064034672506,-4.20848843622772,0,0
2013-03-05,2.6411141531,0.196955011197556,-3.09037146567614,-2.00163120777696,2.81664824485779,-4.98957615675286,-6.48996130950683,-3.16235721426855,-4.34594209407292,0,0
2013-03-06,-1.271500937,0.198386592196431,-3.09106311818497,-2.00243085249505,3.00919961929321,-5.1636944347303,-6.71497259825039,-3.27523917064505,-4.49885634303091,0,0
2013-03-07,1.1558466576,0.197811958035087,-3.09078549005239,-2.00210987647461,2.99167633056641,-5.14815373559546,-6.69472599867232,-3.26512998632183,-4.48508119696223,0,0
2013-03-08,0.26429344471,0.197142070252157,-3.09046184118721,-2.00173569420497,2.75826764106751,-4.93550719112427,-6.42031876865998,-3.12734720038226,-4.29863243309926,0,0
2013-03-11,1.4245344204,0.197039633205083,-3.09041234986212,-2.00167847547708,2.43817448616028,-4.62853261057277,-6.02450360115113,-2.92851223454509,-4.02972346968562,0,0
2013-03-12,-2.1558910178,0.198030539092653,-3.09089109507018,-2.00223197029138,2.38847208023071,-4.57884348101915,-5.96079402192911,-2.89635537970498,-3.98643575613558,0,0
2013-03-13,-0.018672828628,0.197430759391205,-3.09060131814831,-2.00189694861209,2.59181833267212,-4.77816700721744,-6.2175659563053,-3.02544820853169,-4.16088844951456,0,0
2013-03-14,0.96883389742,0.195881569718272,-3.08985284431079,-2.00103161068133,2.31957817077637,-4.51001419058402,-5.87128696220097,-2.85172187530487,-3.92564301031432,0,0
2013-03-15,2.5803468208,0.19569021657623,-3.08976039415892,-2.00092472568534,2.19635915756226,-4.38337133669303,-5.70794236364685,-2.76970396081457,-3.81468385751464,0,0
2013-03-18,2.7182977956,0.196272285928409,-3.09004161452163,-2.00124985481418,2.42559027671814,-4.61625328108601,-6.00839755321092,-2.92053560656599,-4.01878341216772,0,0
2013-03-19,-0.26990257165,0.196971952301924,-3.09037965058314,-2.00164067064678,2.66373229026794,-4.84681952053875,-6.30591344936048,-3.06989467503763,-4.22090552740606,0,0
2013-03-20,-0.53026469241,0.196610110253421,-3.0902048306038,-2.00143855488588,2.31116843223572,-4.50128229002498,-5.86028859290698,-2.84608236226641,-3.91816421841283,0,0
2013-03-21,0.1437798619,0.191816023011125,-3.08788862043383,-1.99876069974224,2.10610580444336,-4.28946025342282,-5.58549821015419,-2.70887114774733,-3.73160087167785,0,0
2013-03-22,2.0276986284,0.188337642838607,-3.08620807956685,-1.99681776508842,1.82800078392029,-3.98432614351796,-5.19090297726769,-2.51143144645343,-3.46378334633818,0,0
2013-03-25,0.36154229183,0.1888100229642,-3.08643630479423,-1.99708162460643,1.92401087284088,-4.09234623836573,-5.33032382119104,-2.58131631604048,-3.55842248765132,0,0
2013-03-26,-0.52720134599,0.188155679644962,-3.08612016606457,-1.99671612507867,1.72864532470703,-3.86941207349784,-5.04269695637074,-2.43708589402678,-3.36317152022753,0,0
2013-03-27,-1.9638458069,0.187270343174345,-3.08569242555143,-1.99622159865437,1.62080597877502,-3.74115179200408,-4.87704339306027,-2.35413691113867,-3.2507598697377,0,0
2013-03-28,-2.0837019996,0.185904478709293,-3.08503252325828,-1.99545866151986,1.68857204914093,-3.82294310699382,-4.98201140507181,-2.40709562008887,-3.32209550332464,0,0
2013-04-01,-3.1062214793,0.184824423132682,-3.08451070636505,-1.99485536995776,1.80900740623474,-3.96382230284308,-5.16324646250826,-2.49824300221053,-3.44516823845925,0,1
2013-04-02,0.20563754624,0.183830284868167,-3.08403039946986,-2.00136246813054,2.14359307289124,-4.33150311274349,-5.63687678485772,-2.74636741831588,-3.77193378123673,0,0
2013-04-03,0.51141017047,0.183521683357586,-3.08388130206692,-2.00109968566474,1.8512088060379,-4.01238052291762,-5.22538880732264,-2.53915722793181,-3.49229942040373,0,0
2013-04-04,-0.98844880677,0.183577244217073,-3.083908145681,-2.00114699722725,1.72699666023254,-3.86914819911729,-5.04076821826678,-2.4462349837746,-3.36683082239755,0,0
2013-04-05,-1.0567661086,0.18468093651422,-3.08444138239405,-2.0020868208295,1.64694273471832,-3.77368344959441,-4.91808656940042,-2.38466248323909,-3.2833914701494,0,0
2013-04-08,0.7112476369,0.184945641149854,-3.08456927150789,-2.00231222392857,1.60634028911591,-3.72448312204653,-4.85475322453154,-2.35281451662395,-3.24033051386572,0,0
2013-04-09,0.18066211487,0.185096562266912,-3.08464218737457,-2.00244073730885,1.48982119560242,-3.57996314974253,-4.66850226337912,-2.25904719501761,-3.11373241365142,0,0
2013-04-10,2.0399081925,0.184287761472469,-3.08425142422595,-2.00175202173286,1.3652663230896,-3.41949383209659,-4.46136326653964,-2.1546516110273,-2.97301434234586,0,0
2013-04-11,-0.31214854598,0.184933972979406,-3.08456363416053,-2.00230228816839,1.46688151359558,-3.55093169566562,-4.63102167722178,-2.24015212146048,-3.08827024903601,0,0
2013-04-12,-1.0429857482,0.183574443423078,-3.08390679250839,-2.00114461227602,1.37183952331543,-3.42846845020625,-4.47268949062718,-2.16027725580967,-2.98077096081819,0,0
2013-04-15,-2.3150302466,0.184436014211052,-3.08432305089511,-2.00187826291727,1.32968854904175,-3.37216234648534,-4.40039842091081,-2.12397229150746,-2.93156827524638,0,1
2013-04-16,1.521972133,0.18389915145851,-3.08406367160048,-2.01023769907475,1.46832966804504,-3.55320432009024,-4.63359698169294,-2.2519994173774,-3.09163878784424,0,0
2013-04-17,-5.4992492494,0.18484777909767,-3.08452199054093,-2.01090673299215,1.49957656860352,-3.59237146553994,-4.68441268758715,-2.27765228876446,-3.12612350254068,1,1
2013-04-18,-2.668818272,0.183752648327896,-3.1790577731457,-2.01579919324868,2.68389105796814,-5.02436591134768,-6.42557277956704,-3.11864760360245,-4.27924879768445,0,0
2013-04-19,-0.38770564979,0.182999412407533,-3.17863313412382,-2.01509951858381,3.09932136535645,-5.41294911643896,-6.91854801418847,-3.36456103596319,-4.61211615092158,0,0
2013-04-22,2.0843469132,0.182166868756044,-3.17816378512933,-2.01432617561834,2.5592782497406,-4.90217831175186,-6.27017889668743,-3.04030065506897,-4.17432992347785,0,0
2013-04-23,1.8712218125,0.182916295643118,-3.1785862767972,-2.01502231210345,2.77470755577087,-5.11179899993099,-6.53635574844764,-3.17359774165006,-4.35405136877782,0,0
2013-04-24,-0.16447935386,0.184792404758937,-3.17964393896963,-2.01676501446454,2.72760939598084,-5.06654083537173,-6.47931063756658,-3.1459909663572,-4.31553844875191,0,0
2013-04-25,0.71967286694,0.185573130543659,-3.18008407548545,-2.01749022423881,2.48264813423157,-4.82510132824728,-6.17308093354472,-2.9932694715692,-4.10872897051225,0,0
2013-04-26,2.1609775209,0.184926183583062,-3.17971935718521,-2.01688928051639,2.96081376075745,-5.28642178429764,-6.75837376757487,-3.28553829041453,-4.50399456214174,0,0
2013-04-29,3.0956004841,0.185164028622045,-3.17985344304328,-2.01711021282119,3.14548516273499,-5.45447002984505,-6.97168023759843,-3.3922849512344,-4.64805018064763,0,0
2013-04-30,2.9433646425,0.185673226130116,-3.18014050467421,-2.01758320220762,3.47314667701721,-5.74095753366009,-7.33534224480105,-3.57437154203798,-4.89366388710095,0,0
2013-05-01,-0.78820181579,0.18765586472721,-3.181258223163,-2.01942485892961,3.65220856666565,-5.89196795238283,-7.52737049267648,-3.67161697889807,-5.02345777829376,0,0
2013-05-02,1.4181975461,0.185368676311718,-3.17996881379556,-2.01730030838065,3.44124507904053,-5.71366210759056,-7.3006428001645,-3.55684306107612,-4.87021645374256,0,0
2013-05-03,1.0010773927,0.186117697061266,-3.18039107650218,-2.01799606760794,3.17445874214172,-5.48038852203927,-7.00476506921614,-3.40934807810911,-4.67042036296801,0,0
2013-05-06,2.3845504244,0.184458446286407,-3.17945566887352,-2.01645480318009,2.74644184112549,-5.08466019488212,-6.50223533104634,-3.15728954426648,-4.33101845958976,0,0
2013-05-07,-0.44539949213,0.185378525180673,-3.17997436612513,-2.0173094569142,2.7393627166748,-5.07780349101852,-6.49372501831891,-3.15347444415221,-4.32527455673741,0,0
2013-05-08,1.1298178599,0.185072275664571,-3.17980171703678,-2.01702498425198,2.35800433158875,-4.69776598340132,-6.01138339627195,-2.91222989567186,-3.99953712272928,0,0
2013-05-09,-0.87241476594,0.185822473910305,-3.18022464356042,-2.01772183724581,2.21119165420532,-4.54319579610692,-5.81539006391077,-2.81454526786834,-3.86715580102389,0,0
2013-05-10,-0.83192854172,0.186063242268401,-3.18036037744846,-2.01794548499774,2.00830817222595,-4.3209777898413,-5.5334433879404,-2.67366396535769,-3.67672976769018,0,0
2013-05-13,0.3907543547,0.1850613787238,-3.17979557385355,-2.01701486217312,1.8711804151535,-4.16461586132896,-5.33479888963424,-2.57403537296148,-3.54262458821217,0,0
2013-05-14,-2.3925759777,0.184796278413066,-3.17964612275383,-2.01676861267007,1.6907867193222,-3.94970568039402,-5.06201340625123,-2.4376130896846,-3.35842416829656,0,0
2013-05-15,-3.3816969313,0.185002287122993,-3.17976226078538,-2.01695997247008,1.87415885925293,-4.16808976174584,-5.33919446623941,-2.57621433819717,-3.54559617466269,0,1
2013-05-16,1.3356651509,0.182926590631912,-3.17859208062819,-2.02213568531918,2.38547277450562,-4.72640118558176,-6.04726784263698,-2.94025708169649,-4.03107240551107,0,0
2013-05-17,-0.30328272496,0.183402080483538,-3.17886013946613,-2.02236268401006,2.38058567047119,-4.72130785389283,-6.04090486569959,-2.93693096721137,-4.02676100485224,0,0
2013-05-20,2.2319161706,0.182899180419337,-3.17857662803818,-2.02212259969317,2.12626051902771,-4.45200674066443,-5.6990410078191,-2.76569986476392,-3.79553851703595,0,0
2013-05-21,-0.73826564012,0.184093062900188,-3.17924968288753,-2.02269255877703,2.24176144599915,-4.5760426478982,-5.8567040536938,-2.8443859939117,-3.9021490153082,0,0
2013-05-22,0.38529772992,0.182234086178147,-3.17820167915377,-2.02180508393222,2.0678026676178,-4.38797425274854,-5.61763691996152,-2.72509256803584,-3.74050279981326,0,0
2013-05-23,0.17808833727,0.181313168620124,-3.17768250910293,-2.0213654382082,1.93536448478699,-4.23939541764096,-5.42888111400603,-2.63075742781622,-3.612880567091,0,0
2013-05-24,0.68077984342,0.182393914990572,-3.17829178312882,-2.02188138615205,1.80437815189362,-4.08691465388502,-5.23560910831839,-2.53354159885055,-3.48210976175361,0,0
2013-05-28,-0.83365157816,0.183297607223389,-3.17880124235062,-2.02231280851176,1.72343385219574,-3.9898205715306,-5.11259017335556,-2.47158695488495,-3.39884916389385,0,0
2013-05-29,0.79535337845,0.182404704865858,-3.17829786595355,-2.02188653723478,1.58497714996338,-3.8189412234784,-4.89553750443531,-2.3630670553498,-3.25209920605861,0,0
2013-05-30,1.4900550623,0.182624021305055,-3.17842150625761,-2.02199123882708,1.55515646934509,-3.78105553149126,-4.84750721013408,-2.33891861031047,-3.21959712016261,0,0
2013-05-31,-0.40856548121,0.183813424652311,-3.1790920359819,-2.02255905957411,1.60628890991211,-3.8453504512292,-4.92936517902391,-2.37956687621272,-3.27487892107962,0,0
2013-06-03,0.21901786622,0.1831134974379,-3.17869744990378,-2.02222491456378,1.48303270339966,-3.68789885838103,-4.72939576958384,-2.27954856898753,-3.13967074392945,0,0
2013-06-04,-0.31283280086,0.18110999616878,-3.17756797002071,-2.02126844375013,1.3073126077652,-3.45205042060998,-4.42963814309537,-2.12996330605522,-2.93710853359099,0,0
2013-06-05,-0.93476664215,0.181062917657053,-3.17754142936773,-2.0212459684849,1.25064754486084,-3.37245646886796,-4.32861684178381,-2.07934403331566,-2.86879323267305,0,0
2013-06-06,-1.4940127159,0.181167422371883,-3.17760034421591,-2.02129585899965,1.22821593284607,-3.34040510600727,-4.28796510778598,-2.05893177126543,-2.84129009989001,0,0
2013-06-07,0.76426583946,0.180192484802384,-3.17705072022067,-2.02083042414082,1.28835570812225,-3.42594301471894,-4.39629767307636,-2.11356640441698,-2.91464987572234,0,0
2013-06-10,-0.66114243409,0.180520306740398,-3.17723553082694,-2.02098692622076,1.27521061897278,-3.40738002983492,-4.37281415751543,-2.10168370440338,-2.89873691203409,0,0
2013-06-11,-0.29392330662,0.180797005252388,-3.17739152044761,-2.02111902199478,1.23721885681152,-3.35342639058601,-4.30440568137678,-2.067300557588,-2.85244652370996,0,0
2013-06-12,-1.2362888483,0.178651781756254,-3.17618214423162,-2.02009489303892,1.21121096611023,-3.31689643466573,-4.25755668950406,-2.0445642618166,-2.82098710773413,0,0
2013-06-13,0.87345843258,0.179183299187771,-3.17648178878671,-2.02034863927708,1.25074124336243,-3.3732841342646,-4.32923942602423,-2.08030478306346,-2.86940344328891,0,0
2013-06-14,-1.3567602904,0.180054883229289,-3.17697314691883,-2.02076473319736,1.23452687263489,-3.34985662348477,-4.29970626950432,-2.06520195534152,-2.84934418042533,0,0
2013-06-17,0.45343564707,0.18036432303284,-3.17714759454136,-2.02091245965267,1.27460587024689,-3.40658588109823,-4.37177087938184,-2.10121440253108,-2.89804674895216,0,0
2013-06-18,-0.053240740726,0.178955389405548,-3.1763533039596,-2.02023983522579,1.19664096832275,-3.29569198310073,-4.23071544719266,-2.03100690494919,-2.80280577272675,0,0
2013-06-19,-2.0311740047,0.179603936949968,-3.1767189245938,-2.02054945159942,1.09037470817566,-3.13755801129965,-4.03017720632862,-1.93027418399813,-2.66712958216334,0,1
2013-06-20,-1.4567375886,0.177849837349847,-3.17573004565383,-2.02777506413075,1.1790691614151,-3.2705150810726,-4.1985105130163,-2.02400872527261,-2.78191761699501,0,0
2013-06-21,-0.80079071486,0.178841165388225,-3.17628890982533,-2.02820077913957,1.24246823787689,-3.36164291478987,-4.31438768282781,-2.08191431807419,-2.86019063280445,0,0
2013-06-24,-2.6505441354,0.180003105579282,-3.17694395711247,-2.02869976167566,1.23269188404083,-3.34725160422707,-4.29638847620641,-2.07239444557468,-2.84790359743884,0,1
2013-06-25,0.022358026399,0.178316738675812,-3.17599326268453,-2.03149919628523,1.49135506153107,-3.70023955072261,-4.7439833629552,-2.30257139079079,-3.15589927593611,0,0
2013-06-26,-1.132553461,0.178912965815077,-3.17632938753252,-2.03180149552484,1.38367712497711,-3.5573971293337,-4.56283557174513,-2.21109119082723,-3.03314751612852,0,0
2013-06-27,-1.077699902,0.178414827617006,-3.17604856062096,-2.03154892936577,1.34626507759094,-3.50671187243637,-4.49839834595257,-2.17876424542807,-2.98953929041375,0,0
2013-06-28,0.69835949016,0.17789781442021,-3.17575709287195,-2.03128679319993,1.35404407978058,-3.51752110615985,-4.51199959484006,-2.18577655650816,-2.99879520174966,0,0
2013-07-01,3.2002622753,0.177196366182462,-3.17536164931233,-2.03093114473154,1.30506932735443,-3.45032506247926,-4.42656131819617,-2.14293187786987,-2.9409848541484,0,0
2013-07-02,2.2652851767,0.178907785297312,-3.17632646700001,-2.03179886889737,1.73543918132782,-4.00545983342507,-5.13147049637469,-2.49770416977062,-3.41834108116194,0,0
2013-07-03,0.55198451555,0.180347348697716,-3.17713802520874,-2.03252875670798,1.92259907722473,-4.22500294395256,-5.41040583625327,-2.63791269607806,-3.60723888293762,0,0
2013-07-05,-0.80323193906,0.179280212896122,-3.17653642418208,-2.03198769723562,1.75185322761536,-4.0251069210878,-5.15648653159544,-2.51020978181434,-3.43526840784794,0,0
2013-07-08,-0.56777346572,0.178995748197906,-3.17637605635051,-2.03184346787016,1.62260365486145,-3.8671184720191,-4.95592107567368,-2.40919614179199,-3.29941867058258,0,0
2013-07-09,1.7588242381,0.177396295914968,-3.17547436030202,-2.03103251315664,1.4897745847702,-3.69847092831103,-4.74153278851029,-2.30160729721512,-3.15430467637209,0,0
2013-07-10,-0.38356813066,0.176819163791925,-3.17514900032702,-2.03073989547714,1.56946468353271,-3.80095281465911,-4.87146581540172,-2.36725679954699,-3.24234837184275,0,0
2013-07-11,1.5587193688,0.178153493400375,-3.17590123266815,-2.03141642762312,1.47338557243347,-3.67685371336507,-4.71426767338433,-2.28764263649052,-3.13578258963633,0,0
2013-07-12,-0.18207859812,0.178821170886042,-3.17627763786442,-2.03175495363598,1.51992726325989,-3.73706320174546,-4.79082915641934,-2.32603463174118,-3.18759665520977,0,0
2013-07-15,0.2180488149,0.178380124586377,-3.17602899668278,-2.03153133422613,1.34314632415771,-3.50245295060096,-4.49298548018902,-2.17604665681555,-2.98587565752259,0,0
2013-07-16,0.6445349054,0.177643761983632,-3.1756138700446,-2.0311579834673,1.20503485202789,-3.3083571309156,-4.24648924064127,-2.05204121665232,-2.81897674284956,0,0
2013-07-17,0.02673206327,0.176569966395618,-3.17500851454326,-2.03061354734829,1.14510190486908,-3.22098868688456,-4.13536238746668,-1.99637810528967,-2.74381617889907,0,0
2013-07-18,0.33650159185,0.175816934750731,-3.1745839906823,-2.03023174504736,1.05631399154663,-3.08692960647876,-3.96505050059826,-1.91079712979758,-2.6285507313984,0,0
2013-07-19,-1.576809231,0.175524369928031,-3.17441905638112,-2.03008340875467,0.98211133480072,-2.97037349951977,-3.81705703341825,-1.83631935863227,-2.52835802749506,0,0
2013-07-22,0.32003765155,0.174711437727672,-3.17396076340135,-2.02967123565849,1.02206075191498,-3.03406832044304,-3.89770633204733,-1.87722570397252,-2.5830687554867,0,0
2013-07-23,-1.7170603552,0.175051596512406,-3.17415252894217,-2.02984370305422,0.977262854576111,-2.96280786220827,-3.80734529989467,-1.83158299501303,-2.52183718146647,0,0
2013-07-24,5.1361607675,0.174941994468903,-3.17409074045958,-2.02978813259754,1.04757976531982,-3.0737825435348,-3.94816286673878,-1.90257344302725,-2.61721141630113,0,0
2013-07-25,-0.45628930102,0.176584243904335,-3.17501656353186,-2.03062078633448,1.83627307415009,-4.12585383175952,-5.2837540142321,-2.57509279888923,-3.52159840213413,0,0
2013-07-26,0.5678449259,0.177056721519016,-3.17528292421214,-2.03086034205787,1.59784340858459,-3.83668604229818,-4.91686848969823,-2.39006916830405,-3.27308454317149,0,0
2013-07-29,1.541985079,0.177628633034871,-3.1756053410541,-2.03115031278375,1.40791153907776,-3.59040011788887,-4.6044305765185,-2.23244187449125,-3.06142414835233,0,0
2013-07-30,1.2349538845,0.177559516769415,-3.175566376551,-2.03111526943682,1.39711737632751,-3.57595104270956,-4.58607748039358,-2.22321304073271,-3.04899842341198,0,0
2013-07-31,-0.1742698315,0.177091936811062,-3.17530277693924,-2.03087819692442,1.37184298038483,-3.5420036953639,-4.54288888242617,-2.2015883851145,-3.0197834084785,0,0
2013-08-01,0.91618235256,0.178576417852789,-3.17613965760374,-2.03163085888925,1.24161005020142,-3.3605184156553,-4.31290028389941,-2.08522021938802,-2.8638726156553,0,0
2013-08-02,1.2840613477,0.178673597392063,-3.17619444286211,-2.03168013088459,1.18841588497162,-3.2838385496449,-4.2156078379125,-2.03615211892727,-2.79795887519035,0,0
2013-08-05,1.4939248498,0.179624931777494,-3.17673076049114,-2.03216247669273,1.18891966342926,-3.28420581784064,-4.21629145195746,-2.03619611372407,-2.79832887966626,0,0
2013-08-06,-0.89466396848,0.178841283733911,-3.17628897654307,-2.03176515125735,1.22545635700226,-3.33732116791991,-4.28352097741163,-2.07032949014356,-2.84394657519412,0,0
2013-08-07,-0.058033315418,0.179009372855307,-3.17638373729221,-2.03185037584751,1.19696307182312,-3.2961389047366,-4.23129497024579,-2.04395293835784,-2.80855255325268,0,0
2013-08-08,-0.19916437559,0.179879556739884,-3.17687430608164,-2.03229157670755,1.09989905357361,-3.15190143657782,-4.04844376373254,-1.95150802607747,-2.6845956540395,0,0
2013-08-09,-1.4229626254,0.179159496488395,-3.17646836994314,-2.0319264915711,1.01210224628448,-3.01647226905404,-3.87640534668829,-1.86502545531329,-2.56813127515068,0,0
2013-08-12,2.8407965672,0.18058232407306,-3.17727049328528,-2.02894850073745,1.036505818367,-3.05416276146892,-3.9245673444628,-1.88506843038694,-2.59675727766012,0,0
2013-08-13,4.7522252653,0.183413349343359,-3.17886649231984,-2.03016425364795,1.25844132900238,-3.38264770899287,-4.34208491946658,-2.09403042014219,-2.87897060774781,0,0
2013-08-14,1.8240496764,0.184817541025522,-3.17965810961573,-2.03076726844348,2.12825131416321,-4.45383540135312,-5.70177404133435,-2.77777285086728,-3.79903589940883,0,0
2013-08-15,-0.1183550652,0.184363854778952,-3.1794023426259,-2.03057243783546,2.21705365180969,-4.54969432989196,-5.82332492042818,-2.83911258292248,-3.88130447630667,0,0
2013-08-16,0.88771063056,0.185414964395417,-3.17999490884235,-2.03102382539067,1.86445426940918,-4.15670974402038,-5.32484303748853,-2.5878469396057,-3.54391691965673,0,0
2013-08-19,1.0769812672,0.185636866248819,-3.18012000668146,-2.03111911872024,1.69793081283569,-3.95820814884538,-5.07298884163687,-2.461006284792,-3.3734505807552,0,0
2013-08-20,-1.313664474,0.186498521747406,-3.18060576756756,-2.03148914727182,1.58636903762817,-3.81951079092824,-4.89717058379945,-2.37218527539425,-3.25440112292778,0,0
2013-08-21,0.25744905906,0.183771125851038,-3.1790681899051,-2.03031789686516,1.58904314041138,-3.82367495202195,-4.90184865457597,-2.37559187191797,-3.25773781346497,0,0
2013-08-22,0.11943626086,0.18275869539505,-3.17849742918203,-2.02988311965336,1.44276261329651,-3.63509519952711,-4.66230561459665,-2.25543650446695,-3.09571143224794,0,0
2013-08-23,-0.38571655796,0.181123167428246,-3.17757539535796,-2.02918076001471,1.28763663768768,-3.42460121505878,-4.39480606936617,-2.12147099085588,-2.91484946791865,0,0
2013-08-26,0.38920601983,0.181245582519513,-3.17764440723487,-2.02923332983988,1.1665894985199,-3.25088914324626,-4.17438071798554,-2.01050443273321,-2.76570232165627,0,0
2013-08-27,-2.8590174365,0.180720144979937,-3.1773481902372,-2.02900768642202,1.08421421051025,-3.12771295559088,-4.01794017194985,-1.93199643159711,-2.65991380751971,0,1
2013-08-28,0.47197036383,0.179170577719674,-3.1764746170207,-2.03193210997987,1.32888376712799,-3.48258108514647,-4.46794488589827,-2.16318429037258,-2.97275639947315,0,0
2013-08-29,0.16378214532,0.178219237312907,-3.17593829599712,-2.03144976111879,1.28727948665619,-3.42514762589253,-4.3948403436737,-2.12662993520032,-2.9232530019898,0,0
2013-08-30,-0.9119381737,0.177953872869501,-3.17578869599181,-2.03131521596951,1.17539989948273,-3.26510479692161,-4.19166806904952,-2.02431401549773,-2.78548567775469,0,0
2013-09-03,0.27995796536,0.17714203489214,-3.17533101988355,-2.03090359766655,1.11653137207031,-3.17810476785688,-4.0810687806549,-1.96883353744743,-2.71055980715119,0,0
2013-09-04,2.0694666175,0.179807693440025,-3.08208692896034,-2.02861584406477,1.03219246864319,-2.95149626212318,-3.90328944742777,-1.88120257760414,-2.58655656400916,0,0
2013-09-05,-0.68599593733,0.181510681435142,-3.08290970875433,-2.02934717367647,1.16097140312195,-3.14027467796817,-4.1500548917554,-2.00507808291395,-2.75358026440449,0,0
2013-09-06,0.5956347044,0.18040013663961,-3.08237316133256,-2.02887026233216,1.13766753673553,-3.10730528178429,-4.10666872342963,-1.98362329777963,-2.72429094698806,0,0
2013-09-09,1.595680623,0.180710023642406,-3.08252287980683,-2.02900333992406,1.05506217479706,-2.98554094365744,-3.94800118414789,-1.90340550061666,-2.6167531243765,0,0
2013-09-10,-2.2778908271,0.182085159816377,-3.08318726162348,-2.02959387714864,1.10420310497284,-3.05776097214228,-4.04266171122817,-1.95063378144721,-2.6807516136872,0,1
2013-09-11,-5.4443635777,0.180758107499025,-3.08254611098976,-2.03273701974252,1.25066673755646,-3.26655222935656,-4.31444999576003,-2.09251699949278,-2.86783093325396,1,1
2013-09-12,1.0647623529,0.179245607965893,-3.1765169155483,-2.04569842796024,2.60733032226563,-4.94994927172436,-6.42971804098205,-3.12399066655995,-4.25971867181168,0,0
2013-09-13,-1.648014555,0.177675394140389,-3.17563170276837,-2.04498659257718,2.16977190971375,-4.50007635820362,-5.84968213183405,-2.83461964265773,-3.870159293316,0,0
2013-09-16,-3.1791783178,0.177061375170671,-3.1752855477223,-2.04470823531054,2.02772331237793,-4.34448650204303,-5.64905446713622,-2.7345653248348,-3.7354390844389,0,1
2013-09-17,1.1552474894,0.176800493777451,-3.17513847505005,-2.04792236362402,2.3211772441864,-4.6606532218971,-6.05638051475586,-2.94329323604638,-4.01278222139998,0,0
2013-09-18,2.0556970921,0.177616241688286,-3.17559835539509,-2.04844649236775,2.24057626724243,-4.57579549440847,-5.94723336333998,-2.88861207432168,-3.93941043672835,0,0
2013-09-19,1.6398381682,0.177987440195631,-3.17580761967315,-2.04868499228267,2.3068151473999,-4.64549368715449,-6.03712871608153,-2.93359694386663,-3.99983411041938,0,0
2013-09-20,-1.035358882,0.179067567407455,-3.1764165446465,-2.04937898819867,2.3096067905426,-4.64825670547631,-6.04094516185157,-2.93545371625195,-4.00239231057769,0,0
2013-09-23,4.9699407373,0.178438371434723,-3.17606183351921,-2.04897472152465,2.0749831199646,-4.39661571822456,-5.71655450961576,-2.77306908361155,-3.78433250417494,0,0
2013-09-24,-0.31387575409,0.180286291580586,-3.1771036040748,-2.05016203448213,3.20261359214783,-5.50540988050395,-7.14566603896326,-3.48865242878656,-4.74511223868552,0,0
2013-09-25,-1.5477407484,0.181241814238177,-3.1776422828549,-2.05077597033593,2.65738224983215,-4.99878515219174,-6.49310920215067,-3.16182637369595,-4.30639983855503,0,0
2013-09-26,0.97397877616,0.181693358192293,-3.1778968421209,-2.05106609325536,2.50934934616089,-4.85238949370202,-6.30458775806855,-3.06738524980548,-4.17964655294082,0,0
2013-09-27,-0.7136687097,0.18274978046536,-3.17849240336353,-2.05174485843695,2.24348902702332,-4.5780854674054,-5.95140576868547,-2.89041132929459,-3.94215694990281,0,0
2013-09-30,-1.2428793371,0.180981715945062,-3.17749565165769,-2.05060885376743,1.93714678287506,-4.24150187022451,-5.51730349073797,-2.67308481683188,-3.65030491379192,0,0
2013-10-01,2.3513371789,0.180317501026688,-3.17712119849417,-2.05018208696104,1.82882845401764,-4.11623642856593,-5.35574004236457,-2.59222951615597,-3.54170439625137,0,0
2013-10-02,0.32789572924,0.182994348624549,-3.17863027940089,-2.04739786927162,1.97741484642029,-4.28681409309225,-5.57617261445684,-2.69606847882329,-3.68768813068214,0,0
2013-10-03,-1.2562300842,0.183747230129973,-3.17905471862028,-2.04773917800684,1.72862565517426,-3.99598519439095,-5.20163518627015,-2.50856309379916,-3.43592876115795,0,0
2013-10-04,-0.078608220883,0.18461536872396,-3.17954413437097,-2.0481327369977,1.63541877269745,-3.88149672496059,-5.05433535541916,-2.43460831222839,-3.33687571919897,0,0
2013-10-07,0.97716497949,0.184564071768653,-3.1795152155577,-2.04810948221085,1.43026781082153,-3.61793914361717,-4.71474389585103,-2.26484798119518,-3.10861463607935,0,0
2013-10-08,-1.3962070733,0.185047142198197,-3.17978754796931,-2.04832847571267,1.34134674072266,-3.49767229057577,-4.55990742152829,-2.18725571401896,-3.00449850958589,0,0
2013-10-09,1.1743668649,0.184671859952604,-3.17957598147149,-2.04815834653873,1.3364040851593,-3.49101160749172,-4.55123191585204,-2.18305950327036,-2.99869759647329,0,0
2013-10-10,0.62681364925,0.183414566182063,-3.17886717831633,-2.04758836926669,1.32534849643707,-3.4762175242081,-4.53185671106765,-2.1738465849576,-2.9857782817027,0,0
2013-10-11,0.64823400153,0.184564298172196,-3.17951534319338,-2.04810958484786,1.24487996101379,-3.36295415430308,-4.3862103738395,-2.10059735720194,-2.88778350910829,0,0
2013-10-14,0.65501651752,0.184747837479545,-3.17961881403146,-2.0481927899318,1.14640736579895,-3.21968320574695,-4.20166026893798,-2.0082606721523,-2.76371568790307,0,0
2013-10-15,0.5322151439,0.184642118391789,-3.17955921457688,-2.04814486360093,1.07740259170532,-3.11567692563096,-4.06762752976824,-1.94129139694268,-2.67363263949063,0,0
2013-10-16,0.48808855372,0.183312939429642,-3.17880988592814,-2.04754229814118,1.0287629365921,-3.04088881314893,-3.9709294139476,-1.89346727173357,-2.60878341472597,0,0
2013-10-17,0.67569455241,0.183825908695073,-3.17909907389865,-2.04777484587934,0.990020930767059,-2.97937116907632,-3.89179740075872,-1.85370587557727,-2.55553861509612,0,0
2013-10-18,0.87016848374,0.185054069540356,-3.17979145327934,-2.04833161613035,0.951135814189911,-2.91607545097295,-3.81055789642886,-1.81260575687108,-2.50078694744097,0,0
2013-10-21,2.450824343,0.185174955365352,-3.17985960302778,-2.04838641809818,0.933898627758026,-2.88779146172354,-3.77414667291678,-1.79435353263554,-2.4762966303512,0,0
2013-10-22,-0.28665303571,0.186736401716926,-3.18073987311783,-2.04909427886449,1.0624121427536,-3.0917596579318,-4.03734287133519,-1.9253343073288,-2.65304864557964,0,0
2013-10-23,0.9795765267,0.186233623004456,-3.18045643010229,-2.04886635087687,1.02716088294983,-3.03712544284327,-3.96682321583516,-1.89027082594878,-2.60569575244652,0,0
2013-10-24,1.3239103931,0.187779197185691,-3.18132775220844,-2.04956701620759,1.2248021364212,-3.33302101443913,-4.34845067894322,-2.08049258945861,-2.86210542029152,0,0
2013-10-25,-1.1189862948,0.188451597783637,-3.18170682007351,-2.04987184000256,1.23901689052582,-3.35314239463071,-4.37454396616291,-2.09328402536366,-2.87958776591801,0,0
2013-10-28,0.74492640106,0.186356518481538,-3.18052571279815,-2.04892206389352,1.18845736980438,-3.28093785635519,-4.28098819128664,-2.04730438796237,-2.81688416376655,0,0
2013-10-29,-2.4907714257,0.187265981234468,-3.18103842516807,-2.04933435663773,1.12671184539795,-3.18930081332592,-4.16315063818135,-1.98803447563101,-2.73757330132602,0,1
2013-10-30,1.5905457556,0.187651717212596,-3.18125588498913,-2.05489441716097,1.39513599872589,-3.56991651544407,-4.65363722414935,-2.23950480918358,-3.07176953957009,0,0
2013-10-31,-0.41798756329,0.188393621436115,-3.18167413573273,-2.05537110036601,1.58945119380951,-3.82285236875827,-4.9797048149519,-2.40288340222611,-3.2912539826315,0,0
2013-11-01,-0.51118993215,0.188706315293665,-3.18185041783802,-2.05557201027525,1.43686330318451,-3.62535337734706,-4.72532422830917,-2.27529208820088,-3.11995924727943,0,0
2013-11-04,1.2922331403,0.188175234217842,-3.18155101927977,-2.05523078371078,1.30936288833618,-3.4523907395489,-4.50234664127596,-2.16357182690872,-2.96986962846135,0,0
2013-11-05,-0.24698623629,0.189381384309327,-3.18223099003162,-2.05600575098168,1.29983401298523,-3.43868854513977,-4.48499423068369,-2.15467618513723,-2.95808689776497,0,0
2013-11-06,-0.28311692804,0.188974440178524,-3.18200157405053,-2.05574428403434,1.24870598316193,-3.36676956462117,-4.3922323527579,-2.10822757033194,-2.89566172681785,0,0
2013-11-07,-1.6179067803,0.188941508139452,-3.18198300851418,-2.05572312476683,1.15463125705719,-3.23021917799825,-4.21629305773558,-2.02001047902687,-2.77720077208191,0,0
2013-11-08,1.5742684764,0.187066334561082,-3.18092587375381,-2.05451830112112,1.20793128013611,-3.30895973585414,-4.31727070170207,-2.07097105075793,-2.84536266377586,0,0
2013-11-11,-0.2904564315,0.186970059997604,-3.18087159867828,-2.05445644344997,1.27364110946655,-3.40282514081638,-4.43818431289738,-2.13160132906525,-2.92677283516473,0,0
2013-11-12,0.18533931343,0.186134299440461,-3.18040043614352,-2.05391945631822,1.16974854469299,-3.25362506074056,-4.24574173589832,-2.03528052450395,-2.79729633782515,0,0
2013-11-13,0.1199976923,0.185961047666107,-3.1803027649332,-2.05380813977835,1.07690536975861,-3.11436797118381,-4.06627534029003,-1.94535886237492,-2.67650206370924,0,0
2013-11-14,1.4455452394,0.185838798013722,-3.18023384632296,-2.05372959277151,0.992900609970093,-2.98308608063425,-3.89709691659673,-1.8605876960864,-2.56263068095226,0,0
2013-11-15,-0.60000757358,0.186592105675534,-3.1806585257893,-2.05421360283539,1.02410519123077,-3.03217333496665,-3.96053397233493,-1.89223267192703,-2.60525104166189,0,0
2013-11-18,-1.2118302981,0.184662187031191,-3.17957052833287,-2.05297360476598,0.988649845123291,-2.97681253825748,-3.88871393804601,-1.85662738504051,-2.55712158609165,0,0
2013-11-19,0.17758359063,0.184318772057321,-3.17937692710561,-2.05275295613612,0.996552646160126,-2.98957320519745,-3.90506780902443,-1.86489284649012,-2.5681681765265,0,0
2013-11-20,-0.87575786738,0.183477010942765,-3.17890238173851,-2.05221211356744,0.939960777759552,-2.89851889662079,-3.78753399633605,-1.80617494307797,-2.48915879357081,0,0
2013-11-21,1.1914563107,0.181748057860368,-3.17792767922375,-2.05110123851032,0.922274172306061,-2.87017818042264,-3.7505755045635,-1.78802920551444,-2.46449391403326,0,0
2013-11-22,-0.25636302234,0.182850782719609,-3.17854934368899,-2.0518097537115,0.942340910434723,-2.90270200477387,-3.79276358675277,-1.80892805108738,-2.49275300016573,0,0
2013-11-25,0.75798383987,0.181466490521893,-3.17776894478747,-2.05092032779829,0.881763994693756,-2.80253129918577,-3.66334203433498,-1.74439465021813,-2.4058259066463,0,0
2013-11-26,1.8444266239,0.181109143704287,-3.17756748944128,-2.0506907277759,0.860646307468414,-2.76675278548373,-3.61715037950345,-1.72133766349551,-2.37478791243807,0,0
2013-11-27,2.3547056617,0.181719616531292,-3.1779116453387,-2.05108296458295,0.93748551607132,-2.89525633381536,-3.78288074362967,-1.80421758327868,-2.48623699974055,0,0
2013-11-29,1.8517840137,0.184921076603245,-3.17971647810994,-2.04827132556559,1.08084166049957,-3.12082457629852,-4.0743306716191,-1.94453419938306,-2.67600366243357,0,0
2013-12-02,-0.87039401524,0.185897957879973,-3.18026719787598,-2.04871418159356,1.15355920791626,-3.2298322056717,-4.21502678097315,-2.01450043356301,-2.77041548104131,0,0
2013-12-03,2.737877111,0.185528947347351,-3.18005916707528,-2.0485468956166,1.08977973461151,-3.13421481972966,-4.09173713975581,-1.95300069345262,-2.68763351889552,0,0
2013-12-04,-0.23343610173,0.186846870575208,-3.18080215026986,-2.04914435844014,1.30847561359406,-3.45162877935073,-4.50103298243258,-2.15714106049903,-2.96246341732071,0,0
2013-12-05,0.51345132742,0.187520146303646,-3.18118171149238,-2.04944957896378,1.1907684803009,-3.28385973552274,-4.28504566178457,-2.04888716470621,-2.81730171577928,0,0
2013-12-06,-1.3877418776,0.187035963956035,-3.18090875223361,-2.04923008138881,1.10277581214905,-3.15333597751554,-4.11675482668589,-1.96492474874408,-2.70428692909246,0,0
2013-12-09,1.1446019786,0.185670983032468,-3.18013924012114,-2.04861128558991,1.1219733953476,-3.18283571395816,-4.1544177846786,-1.98428457991242,-2.72972389177257,0,0
2013-12-10,-0.15535900284,0.186027660104954,-3.1803403178965,-2.0487729803581,1.1290522813797,-3.1933024756442,-4.16799359653651,-1.99093441998212,-2.7388083174269,0,0
2013-12-11,-0.7408717177,0.186927050559013,-3.18084735197756,-2.04918070696067,1.02830576896667,-3.03862432855163,-3.96893073633082,-1.89105309874761,-2.60498927220239,0,0
2013-12-12,-0.14607382082,0.186341355929707,-3.18051716486382,-2.04891519015396,0.995671987533569,-2.98728568674684,-3.90263587357806,-1.85813516111552,-2.56051778576609,0,0
2013-12-13,-1.0900203376,0.186495926836963,-3.18060430467898,-2.04898526280215,0.945052683353424,-2.90549102247654,-3.79728918658584,-1.80540092201025,-2.48973069468994,0,0
2013-12-16,0.55372184033,0.186485357607585,-3.18059834624404,-2.04898047138373,0.953425586223602,-2.91916263974898,-3.81490130311136,-1.81421117959905,-2.5015633924325,0,0
2013-12-17,-0.45022421527,0.186817294268021,-3.18078547653748,-2.04913095041786,0.928751170635223,-2.87856092201784,-3.76267410190715,-1.78796579753789,-2.46643861678146,0,0
2013-12-18,-0.76037406088,0.187487668112544,-3.1811634018142,-2.04943485541134,0.892208874225617,-2.81733776624083,-3.6839650511154,-1.74834309621674,-2.41347932440695,0,0
2013-12-19,-1.1456687908,0.186014056905046,-3.18033264905153,-2.04876681352982,0.887846350669861,-2.81067343182085,-3.67500039277618,-1.74444874523379,-2.40763930651654,0,0
2013-12-20,0.83752709088,0.185029732148025,-3.17977773300101,-2.04832058309987,0.9543776512146,-2.92136681075443,-3.81736926461368,-1.81602081678208,-2.50339090781236,0,0
2013-12-23,3.8377472589,0.185444127221531,-3.18001134947353,-2.04850844354989,0.94699102640152,-2.9091350706385,-3.80171536935879,-1.80803039830167,-2.49282751993454,0,0
2013-12-24,-0.42449437797,0.186435606322742,-3.18057029880716,-2.04895791730585,1.29353904724121,-3.43094970326853,-4.47428681143842,-2.14392328334326,-2.94452899772091,0,0
2013-12-26,-0.66411823773,0.184824300973077,-3.17966192055655,-2.0482274536313,1.19504177570343,-3.29111744594995,-4.29371830289819,-2.05425629663484,-2.82337441794326,0,0
2013-12-27,-0.6756517113,0.184674986771774,-3.17957774422523,-2.04815976404027,1.11552321910858,-3.17354201188701,-4.14219164791567,-1.97855720594978,-2.72161009608927,0,0
2013-12-30,-0.99448302954,0.185643761205389,-3.18012389373403,-2.04859894493962,1.04683125019073,-3.06809273949528,-4.00657245514731,-1.91037557174592,-2.63041372637635,0,0
2013-12-31,1.1721849527,0.184961705029627,-3.17973938250784,-2.04828974391791,1.01441049575806,-3.01760653829705,-3.9413508623328,-1.87803368480939,-2.586677114161,0,0
2014-01-02,-1.4063669743,0.185260496806697,-3.17990782727333,-2.0484251971636,1.02388346195221,-3.03239686684693,-3.96048329041377,-1.88748210378584,-2.59949578600013,0,0
2014-01-03,-2.1965903133,0.18606357254346,-3.18036056364202,-2.04878926078055,1.04980409145355,-3.07253220257852,-4.01239899652659,-1.91312483571975,-2.63428303836433,0,1
2014-01-06,0.54530666548,0.185302852675256,-3.17993170552198,-2.05338524085442,1.17465317249298,-3.26115221492798,-4.25523045892334,-2.04018518431476,-2.79985318676004,0,0
2014-01-07,-0.71562517232,0.185901241160063,-3.18026904883504,-2.05376971331294,1.1030969619751,-3.15428518524572,-4.11769066327908,-1.9711406990129,-2.7073332169524,0,0
2014-01-08,0.63375228583,0.185303284730313,-3.17993194909432,-2.05338551845547,1.07890748977661,-3.11770703154103,-4.0704107745434,-1.94755793975982,-2.67560779750326,0,0
2014-01-09,-1.2771869135,0.184746880341423,-3.17961827444195,-2.05302802132985,1.03682672977448,-3.05288954021379,-3.98675624961419,-1.90574251824669,-2.61942929689078,0,0
2014-01-10,-0.66707795986,0.183824557260995,-3.17909831202362,-2.05243541664029,1.05111968517303,-3.07551826998851,-4.01567785163604,-1.92041695937245,-2.63896643283972,0,0
2014-01-13,0.52351108934,0.182014015532036,-3.17807761366328,-2.05127211980647,1.01885259151459,-3.02588121899133,-3.9512622876904,-1.88850371806507,-2.5958616275005,0,0
2014-01-14,1.9898082988,0.182056570370059,-3.17810160408157,-2.05129946184866,0.984352946281433,-2.97108304005289,-3.88066733879377,-1.85313122151411,-2.54841174767907,0,0
2014-01-15,2.007723421,0.183212373331818,-3.17875319148718,-2.05204208042764,1.09797465801239,-3.1476214601885,-4.10842428416822,-1.96700526784907,-2.70136835610531,0,0
2014-01-16,-0.55798765616,0.183836155680797,-3.17910485066776,-2.05244286877731,1.21544873714447,-3.32104402083762,-4.33202858147143,-2.07892857279401,-2.85160776211195,0,0
2014-01-17,-2.450157871,0.181518990973549,-3.17779854207543,-2.05095406002782,1.14270603656769,-3.21546595508165,-4.19541154136745,-2.01089817289584,-2.75999495523281,0,1
2014-01-21,1.5536279061,0.177996001832347,-3.17581244632167,-2.05291608071002,1.28907227516174,-3.42773629862465,-4.46803513265119,-2.15282987263554,-2.94720775928963,0,0
2014-01-22,0.44438778277,0.179739753884163,-3.17679549180008,-2.05371694994833,1.33414363861084,-3.48962219162326,-4.54821103694363,-2.1924087972062,-3.00101619807881,0,0
2014-01-23,0.84676615115,0.178211754914054,-3.1759340777722,-2.05301517163641,1.22687387466431,-3.33959062660144,-4.35451251931073,-2.09579692512003,-2.87082806474638,0,0
2014-01-24,-1.8177568411,0.177689779429409,-3.17563981251844,-2.05277543909625,1.17567420005798,-3.2656091844326,-4.25905517020253,-2.04810406363114,-2.80666147606687,0,0
2014-01-27,0.81125130473,0.177728917057859,-3.17566187647452,-2.05279341419922,1.25921857357025,-3.38583715841191,-4.41398061873594,-2.12581133859088,-2.91086815593017,0,0
2014-01-28,-7.9927338784,0.177446884124538,-3.17550287955774,-2.05266388230835,1.19875764846802,-3.29934108730634,-4.30245814993078,-2.06996946726425,-2.83587659582779,1,1
2014-01-29,-1.1352418559,0.175846739781883,-3.2038035891431,-2.05330152365677,3.29413676261902,-5.63897889651534,-7.55772760176293,-3.55084561404026,-4.89647985881933,0,0
2014-01-30,-0.19331003487,0.176349811087815,-3.20412428633665,-2.05358234144857,2.65512609481812,-5.04462898370687,-6.76730332682046,-3.16987177706605,-4.37806969144207,0,0
2014-01-31,0.16367136068,0.175693512576487,-3.20370591007819,-2.05321599119854,2.20382070541382,-4.58029472573156,-6.14968645048311,-2.87236126490086,-3.97296854262259,0,0
2014-02-03,0.18577706742,0.176560809592621,-3.20425879336883,-2.0537001222353,1.86189520359039,-4.19569135456879,-5.63828433462437,-2.62573931128537,-3.63752748768463,0,0
2014-02-04,1.4475704345,0.176337086207782,-3.2041161744979,-2.05357523833482,1.61315727233887,-3.89321498201587,-5.23597570179551,-2.43191146137428,-3.37365547375247,0,0
2014-02-05,0.74687002489,0.177810753184578,-3.20505560566425,-2.05439784916829,1.69150280952454,-3.99061365640791,-5.36571802103094,-2.49409363635334,-3.45869071565053,0,0
2014-02-06,0.58287867487,0.177777057579485,-3.20503412543697,-2.05437904005455,1.59977519512177,-3.87602125287461,-5.21331830061628,-2.42064715747314,-3.35871971115606,0,0
2014-02-07,1.3989970927,0.17584418011995,-3.20380195741338,-2.05330009483624,1.48344957828522,-3.72628872411389,-5.0138965683768,-2.32501260467198,-3.22802229908648,0,0
2014-02-10,1.791487069,0.176153430017468,-3.20399909760618,-2.05347272021222,1.47197067737579,-3.71109202473224,-4.99373264186053,-2.31521821364541,-3.21477741297473,0,0
2014-02-11,1.3176052476,0.175577978624328,-3.20363225965571,-2.05315149936817,1.54708635807037,-3.80916153629377,-5.12407583256639,-2.37817140537174,-3.30030215729181,0,0
2014-02-12,-0.0074632434917,0.176095240850189,-3.20396200325708,-2.05344023862707,1.53773760795593,-3.79699541770399,-5.10797215706123,-2.37028459189899,-3.28971051291092,0,0
2014-02-13,1.5879235707,0.177364167089377,-3.20477091658395,-2.05414856180163,1.34029603004456,-3.53283613404861,-4.75685422931753,-2.20074734569929,-3.05931609927025,0,0
2014-02-14,-0.080818470542,0.177900506004284,-3.20511282116641,-2.05444794979685,1.33808863162994,-3.52963878268935,-4.75268851245583,-2.19859820572467,-3.05654237790152,0,0
2014-02-18,0.36765381701,0.177287349418674,-3.20472194696251,-2.05410568166037,1.18125104904175,-3.30577667971214,-4.45487328591411,-2.05522509011004,-2.86123395606051,0,0
2014-02-19,-1.5787834941,0.17623240011892,-3.20404943935617,-2.05351680185482,1.07439792156219,-3.14486634484301,-4.24068850925157,-1.95230281835408,-2.72084713770745,0,0
2014-02-20,-1.1574892532,0.176293514927072,-3.20408839873872,-2.05355091655242,1.10428166389465,-3.1907165914477,-4.3016781956381,-1.98167650010403,-2.76084437864312,0,0
2014-02-21,-1.1107973266,0.176580439055724,-3.20427130673155,-2.05371107953383,1.12525749206543,-3.2224514371379,-4.34393438457335,-2.00195837854145,-2.78853217219818,0,0
2014-02-24,0.43788672047,0.175807088348121,-3.20377831220248,-2.05327938995934,1.11431753635407,-3.20614102079746,-4.32210639412561,-1.99166009375125,-2.77429209834371,0,0
2014-02-25,-1.0406596532,0.175236209494881,-3.20341438914836,-2.05296072153786,1.03551435470581,-3.08456550498307,-4.1603101157729,-1.91386125553966,-2.66823505204383,0,0
2014-02-26,-0.90219514996,0.176413760291773,-3.20416505258588,-2.0521893899078,1.02639329433441,-3.06976014518456,-4.140833478198,-1.90268127297994,-2.65468716490992,0,0
2014-02-27,1.9947810961,0.17648424891112,-3.2042099875725,-2.05222176387223,1.01530337333679,-3.05215025990822,-4.11742611807976,-1.89138085115608,-2.63932959233244,0,0
2014-02-28,-0.27100270991,0.173259792136019,-3.20215446537056,-2.05071753872161,1.12053310871124,-3.21638838916432,-4.33528798046644,-1.99753210771194,-2.78251723944195,0,0
2014-03-03,0.2888415931,0.173315705616293,-3.20219010901788,-2.05074523276839,1.03005301952362,-3.07663595594047,-4.14941440244296,-1.90801696039127,-2.6606535043814,0,0
2014-03-04,0.65939063206,0.174580134823396,-3.20299615558301,-2.0513472436688,0.956518173217773,-2.95800606428746,-3.99186278099137,-1.83167330819121,-2.55721379831831,0,0
2014-03-05,0.21082749809,0.17572877868367,-3.20372839146695,-2.05187479202781,0.945024251937866,-2.93869112987375,-3.96638943356596,-1.81894708684202,-2.54037460504825,0,0
2014-03-06,-0.30242692919,0.175741094004324,-3.20373624222036,-2.05188044819978,0.9007448554039,-2.86484741143729,-3.86818107563525,-1.77164896361563,-2.47597508691216,0,0
2014-03-07,-0.058407913366,0.175735262701931,-3.20373252488985,-2.05187777000324,0.864866256713867,-2.80367786419956,-3.78682566271581,-1.7324738387914,-2.42262875384707,0,0
2014-03-10,0.090490913317,0.176542104437013,-3.20424686923235,-2.05224833571821,0.815810263156891,-2.7176046612672,-3.6725099195688,-1.6770940620746,-2.34755945626333,0,0
2014-03-11,0.97378136052,0.176861241906495,-3.20445031254071,-2.05239490895483,0.786291599273682,-2.66462370558566,-3.60211225522375,-1.64306063901067,-2.30135021158503,0,0
2014-03-12,0.096998638401,0.177988214496939,-3.20516873345382,-2.052912504148,0.80596137046814,-2.6994632763693,-3.64867066792919,-1.66502119840008,-2.33172879212633,0,0
2014-03-13,-1.1106762827,0.177539130062275,-3.20488245173557,-2.05270624895893,0.783616542816162,-2.6594907052105,-3.59542185936953,-1.63955992397438,-2.29686815726984,0,0
2014-03-14,-1.1231508527,0.178583316224502,-3.20554809807203,-2.05318582205851,0.807719051837921,-2.70234505887065,-3.65262140663655,-1.66668030582786,-2.33423874571836,0,0
2014-03-17,0.39070689363,0.177676111269579,-3.2049697743243,-2.05276916159324,0.85150945186615,-2.77978249385715,-3.75542445357823,-1.71656322600238,-2.40178415992468,0,0
2014-03-18,0.88468694248,0.177725424841084,-3.205001210671,-2.05279181029631,0.837612807750702,-2.75552979790173,-3.72318067351233,-1.70101405229462,-2.38063106303872,0,0
2014-03-19,-0.026345502465,0.17729509959604,-3.20472688753475,-2.0525941708149,0.833532750606537,-2.74855692842259,-3.71382285899608,-1.69668263021851,-2.37455112575106,0,0
2014-03-20,-0.4818732823,0.177390466287971,-3.20478768176034,-2.05263797076332,0.794868230819702,-2.67985026398255,-3.62246828603333,-1.65264677703522,-2.31462643510899,0,0
2014-03-21,0.78872706617,0.177059363086272,-3.20457661055372,-2.05248590191347,0.783318340778351,-2.65915992525592,-3.59488560554676,-1.63949889452753,-2.29658340525873,0,0
2014-03-24,1.1860303641,0.177967774820158,-3.20515570359721,-2.05290311662736,0.798391878604889,-2.68592785861816,-3.63066613683875,-1.65635817227269,-2.31992331885227,0,0
2014-03-25,1.0756876054,0.177125797350989,-3.20461896097601,-2.0525164137967,0.831752300262451,-2.74550127790566,-3.70972578501546,-1.69477851215354,-2.37188677770842,0,0
2014-03-26,-0.95598084372,0.177321984544201,-3.20474402611396,-2.05260651851533,0.874316573143005,-2.81927061078056,-3.80787084941068,-1.74196562294588,-2.4362255918602,0,0
2014-03-27,-0.42980473545,0.177098800346909,-3.20460175096355,-2.05250401463131,0.890866637229919,-2.84758801440369,-3.84548748620025,-1.76017213461758,-2.4609232357574,0,0
2014-03-28,-0.11163621456,0.177118296803491,-3.20461417953747,-2.05251296895042,0.867806851863861,-2.80817693576861,-3.79307775562091,-1.73492378930015,-2.42655029416705,0,0
2014-03-31,-0.022352196083,0.177699600361013,-3.20498474811751,-2.05277994964693,0.829403042793274,-2.7411302515852,-3.7040257747371,-1.69179927947779,-2.36807203153825,0,0
2014-04-01,0.91478183094,0.177054350654523,-3.20457341523572,-2.05248359980728,0.790621936321259,-2.67235375561909,-3.61243134174299,-1.6479509306972,-2.30809059952301,0,0
2014-04-02,0.16615895875,0.178303390935451,-3.20536965168969,-2.05305725816505,0.805233955383301,-2.69802958807206,-3.6468267656998,-1.66400403103004,-2.33047639283018,0,0
2014-04-03,-0.69302368438,0.178004549992526,-3.20517914698273,-2.05292000670313,0.7863489985466,-2.66423041335514,-3.60181854166852,-1.64244939421223,-2.30099851857121,0,0
2014-04-04,-1.2936394514,0.177120534601573,-3.20461560608586,-2.05251399672478,0.792069017887116,-2.67493157575117,-3.61587288164441,-1.64958119672945,-2.31033840236978,0,0
2014-04-07,-1.5700801024,0.176256113747033,-3.2040645562867,-2.05211698611159,0.835336685180664,-2.75215492358529,-3.71840358638247,-1.69931222342495,-2.37769324505638,0,0
2014-04-08,-0.0057309874137,0.174043135662772,-3.20265383010804,-2.05110061106511,0.908394157886505,-2.87839706956854,-3.88587765003555,-1.78085499017634,-2.48778947939725,0,0
2014-04-09,1.3143817821,0.173898777420761,-3.20256180481752,-2.05103402927595,0.868403375148773,-2.81050974226941,-3.79555559121771,-1.73742216006678,-2.42858962011532,0,0
2014-04-10,-1.2897872983,0.174910458532423,-3.20320672987974,-2.0514989545138,0.904546499252319,-2.87158417073186,-3.87698198840854,-1.77622197652656,-2.48184933530411,0,0
2014-04-11,-0.73928325819,0.174547544502835,-3.20297537995098,-2.05133227560888,0.942458510398865,-2.93491063848715,-3.96113896416237,-1.81689203082138,-2.53707314629129,0,0
2014-04-14,0.39837570475,0.173012377323581,-3.20199674372145,-2.05059499372251,0.933328688144684,-2.92040266825911,-3.94155262317737,-1.80804566666598,-2.5244165891993,0,0
2014-04-15,-0.71309998457,0.173898753162383,-3.20256178935332,-2.05103401726073,0.905009210109711,-2.8727614323234,-3.87835431919523,-1.77729035433241,-2.48287484948092,0,0
2014-04-16,0.20273770224,0.17307101782999,-3.20203412578959,-2.05062403847021,0.897029519081116,-2.85962809032844,-3.86072733955789,-1.76910868679865,-2.47142175693318,0,0
2014-04-17,1.1425598736,0.171708573715357,-3.20116559681808,-2.04994921746353,0.863351225852966,-2.80270870873246,-3.78475380769888,-1.73303649371403,-2.42179104791457,0,0
2014-04-21,1.1868023012,0.171438633123549,-3.2009935154666,-2.04981551540562,0.889860033988953,-2.84813514483381,-3.84512646541843,-1.76220139146948,-2.46139996691736,0,0
2014-04-22,0.099591467915,0.172117017400587,-3.20142597092814,-2.05015152035132,0.926385521888733,-2.90922100695025,-3.92651007361769,-1.80113174509,-2.51466394600229,0,0
2014-04-23,-1.3069424619,0.171435625954992,-3.20099159846099,-2.04981402594966,0.876080632209778,-2.82466623222206,-3.8139080950873,-1.74717347474303,-2.44093686371329,0,0
2014-04-24,8.1981896141,0.171722136692845,-3.20117424292603,-2.04995593523054,0.902699291706085,-2.86972914790844,-3.87390457050872,-1.77595101054702,-2.48022855141611,0,0
2014-04-25,0.7344523312,0.174266833761126,-3.20279643285937,-2.05120335097326,2.53600120544434,-4.92613113314571,-6.60950340904662,-3.09223905268272,-4.27350356865463,0,0
2014-04-28,3.8727838582,0.171867621534774,-3.20126698639989,-2.05002799413294,1.89408433437347,-4.2338996454302,-5.68849282512207,-2.6494985035912,-3.66970638658038,0,0
2014-04-29,-0.2962514096,0.173344206730912,-3.20220827786863,-2.05075934942143,2.39719271659851,-4.7845933262201,-6.42115538809042,-3.00181988856465,-4.15000064221954,0,0
2014-04-30,-0.37816757549,0.173101657684927,-3.20205365804152,-2.05063921444516,2.03500151634216,-4.39473929535278,-5.90258515714151,-2.75220653011628,-3.81003018462338,0,0
2014-05-01,0.23555728785,0.173660259250307,-3.20240975458732,-2.05091589079954,1.77831315994263,-4.09686230753433,-5.50645453805839,-2.56130598974094,-3.55031270045384,0,0
2014-05-02,0.18597416638,0.172919007713684,-3.20193722259293,-2.05054874758774,1.57423579692841,-3.84450531607436,-5.17069191036753,-2.3998748489382,-3.33022150235286,0,0
2014-05-05,1.4141550508,0.172138040016017,-3.20143937239567,-2.05016193289034,1.39934849739075,-3.61497461839217,-4.8652681869895,-2.25308177666462,-3.13004838605586,0,0
2014-05-06,-1.0899227903,0.173331414413555,-3.20220012304003,-2.05075301336377,1.42039275169373,-3.64305809679393,-4.90280961210501,-2.27076076894709,-3.15457612125084,0,0
2014-05-07,-0.34992681813,0.172259125490028,-3.20151656179454,-2.05022190674217,1.40036654472351,-3.61632221719167,-4.86707974453,-2.253913694271,-3.13122737459963,0,0
2014-05-08,-0.17825614559,0.173566864647764,-3.20235021752652,-2.04584471444967,1.28555631637573,-3.45733389648541,-4.65581849003858,-2.14606047973218,-2.99183547004764,0,0
2014-05-09,-0.41624857568,0.173482508373859,-3.20229644220683,-2.04579051443606,1.17758452892303,-3.30153965229627,-4.4485853320995,-2.04653912361935,-2.8560132438407,0,0
2014-05-12,1.2445723411,0.173264862894149,-3.20215769787038,-2.04565067435759,1.08897531032562,-3.16831413479008,-4.27134564627728,-1.96145302891301,-2.73986560402354,0,0
2014-05-13,0.15687465202,0.174064752369968,-3.20266761029635,-2.0461646138486,1.08602392673492,-3.16351432611894,-4.26510382377744,-1.95829396770761,-2.73569108830464,0,0
2014-05-14,0.018526003805,0.175652308639266,-3.20367964344983,-2.04406945389246,0.998806178569794,-3.02611445302332,-4.0826466773515,-1.86719665392279,-2.61393699626556,0,0
2014-05-15,-0.85035445472,0.175828580399587,-3.20379201292543,-2.0441493643314,0.906234383583069,-2.87406427262614,-3.88045603625403,-1.77012687227622,-2.48146102925413,0,0
2014-05-16,1.4758330219,0.17621559230309,-3.2040387247332,-2.04432481098848,0.883952796459198,-2.83618201145049,-3.83014815679406,-1.74583332501406,-2.44845489597249,0,0
2014-05-19,1.1849174072,0.177143143573413,-3.20463001882166,-2.0447453039195,0.929178774356842,-2.91192534152979,-3.93105926915558,-1.79386700153002,-2.51445145792969,0,0
2014-05-20,0.019848161719,0.177768599953945,-3.20502873388165,-2.04502884618298,0.943535983562469,-2.93546107302796,-3.96247756184908,-1.80868612937077,-2.53496093875356,0,0
2014-05-21,0.26458963785,0.178972615743017,-3.20579626818542,-2.04557467059651,0.872597694396973,-2.81565585748697,-3.80338324379958,-1.73185877846586,-2.43056601175532,0,0
2014-05-22,0.15833484522,0.178968601585826,-3.2057937092461,-2.04557285083217,0.82390832901001,-2.73091099234797,-3.69068593013605,-1.67778552434991,-2.35671880897277,0,0
2014-05-23,1.129645792,0.178535309411096,-3.20551749475566,-2.0453764236347,0.781507849693298,-2.65523616180253,-3.58996395791938,-1.62963743232924,-2.29077894712561,0,0
2014-05-27,1.8725676973,0.174420872788416,-3.20289462944337,-2.04351119896159,0.800824582576752,-2.69181118590104,-3.63778305228076,-1.65429283415378,-2.32267871815852,0,0
2014-05-28,-0.25893898946,0.176071151748182,-3.20394664696998,-2.04425933079969,0.875363945960999,-2.82156973019626,-3.81068648324207,-1.73655599798818,-2.43572358346882,0,0
2014-05-29,1.8220861844,0.176254907488662,-3.2040637873228,-2.04434263400069,0.851348042488098,-2.78008744037965,-3.7555523868724,-1.71002985574286,-2.39958015593582,0,0
2014-05-30,-0.37457899207,0.17669988800679,-3.20434745288207,-2.04454435995191,0.913230657577515,-2.88547395558815,-3.89579668237146,-1.777130136101,-2.49140304791044,0,0
2014-06-02,-0.68720379149,0.177275619743687,-3.20471446954567,-2.04480536021495,0.885057926177979,-2.83764018983505,-3.83229176709906,-1.74642649681254,-2.449724557296,0,0
2014-06-03,1.4141414142,0.176921722604026,-3.20448886769131,-2.04464492569203,0.878160178661346,-2.82601123892298,-3.81675791877283,-1.73911914865138,-2.43959229996468,0,0
2014-06-04,1.1418891363,0.178740760440022,-3.20564846539066,-2.04546956210381,0.946897029876709,-2.94063197995048,-3.96953703913211,-1.81167773435508,-2.53947016699648,0,0
2014-06-05,0.39235755703,0.178465451683727,-3.20547296194918,-2.04534475457071,0.975410580635071,-2.987351856127,-4.0316160008654,-1.84157586556464,-2.58018016190828,0,0
2014-06-06,-0.27496717375,0.177113375514974,-3.20461104232133,-2.04473180896936,0.925214767456055,-2.90534061422652,-3.9222964883252,-1.78967499264324,-2.50871393236808,0,0
2014-06-09,1.6001363136,0.177201512384312,-3.20466722768971,-2.04477176463727,0.882110834121704,-2.83264616381889,-3.82563586295763,-1.74326358021009,-2.44537316288625,0,0
2014-06-10,0.58697972254,0.177384547310341,-3.20478390853874,-2.0448547410667,0.955767214298248,-2.95571948650235,-3.98934703744587,-1.82173390205753,-2.55261158495711,0,0
2014-06-11,-0.41379310351,0.177992334787972,-3.20517136005119,-2.04513027336996,0.958958506584167,-2.96071745093136,-3.9961075678529,-1.82473066533101,-2.55696922084783,0,0
2014-06-12,-1.6727040273,0.178773705981713,-3.20566946746857,-2.04548449752337,0.929615378379822,-2.91202264279995,-3.93149733146554,-1.79341216052535,-2.51454016692467,0,0
2014-06-13,-1.094376422,0.178469266391653,-3.20547539374386,-2.0453464839174,0.995278298854828,-3.0194295247379,-4.0742753874889,-1.86204274662403,-2.60813218677056,0,0
2014-06-16,1.0078878175,0.177382772832331,-3.20478277734698,-2.04485393663088,1.02579486370087,-3.06847030753156,-4.13929462589847,-1.89367661254109,-2.65085577085539,0,0
2014-06-17,-0.13015184386,0.178297278534954,-3.20536575516515,-2.04526851552872,1.04127037525177,-3.09254308966696,-4.17147475314498,-1.90874904796424,-2.671840526888,0,0
2014-06-18,0.10860121656,0.18031457883267,-3.20665174094172,-2.03114090240917,0.970612823963165,-2.97886860027671,-4.02067881140828,-1.82075903055394,-2.56601069115237,0,0
2014-06-19,-0.34714688663,0.179653748674744,-3.20623047585552,-2.03086797545807,0.900875449180603,-2.86352255578798,-3.86716836618401,-1.74793359944224,-2.46573959893705,0,0
2014-06-20,-1.0341824514,0.177888797291842,-3.20510535711275,-2.03013903959762,0.86690366268158,-2.80630984877925,-3.79074425592624,-1.71232618732907,-2.41601224743083,0,0
2014-06-23,-0.087999120205,0.178124405787807,-3.20525555248773,-2.03023634736677,0.891327083110809,-2.8479612199624,-3.84618096469504,-1.73862417386096,-2.45221560484058,0,0
2014-06-24,-0.60552680816,0.178921763031873,-3.20576385067014,-2.03056566085066,0.855472028255463,-2.78614471061679,-3.76412843031084,-1.69918356349489,-2.39847952869399,0,0
2014-06-25,0.088613203297,0.178052874146982,-3.20520995259723,-2.03020680435575,0.84422755241394,-2.76695352983361,-3.73843712474897,-1.68733882519796,-2.38180234471476,0,0
2014-06-26,0.59760956174,0.178167146032549,-3.20528279847926,-2.03025399935276,0.812075555324554,-2.71028097563263,-3.66309239872784,-1.65140101366806,-2.33254057350878,0,0
2014-06-27,1.1881188118,0.178290314676993,-3.20536131585471,-2.03030486876632,0.814150869846344,-2.71391711162002,-3.6679524099205,-1.6536600461288,-2.33570022137846,0,0
2014-06-30,1.0328332246,0.177632465058994,-3.20494195079893,-2.03003317279668,0.857629239559174,-2.79040895522071,-3.76954799556264,-1.70234621595906,-2.40219218638181,0,0
2014-07-01,0.63488647356,0.179358837051206,-3.2060424760056,-2.03074617512966,0.884681880474091,-2.83616550192499,-3.83073207271974,-1.73071084019646,-2.44195924240793,0,0
2014-07-02,-0.042771599692,0.179496779878167,-3.20613041160629,-2.03080314637218,0.876976907253265,-2.82294961548028,-3.81318404617879,-1.722290360294,-2.43047057165134,0,0
2014-07-03,0.58836114677,0.17911265457198,-3.20588553994254,-2.03064450023988,0.830028831958771,-2.74163880101434,-3.70498050586535,-1.67092466147028,-2.35979123787556,0,0
2014-07-07,2.0610443476,0.178220456568497,-3.20531678280526,-2.03027601693453,0.814171493053436,-2.71398341784626,-3.66802673566914,-1.65372707317623,-2.33575840537837,0,0
2014-07-08,-0.64396465505,0.177662815264381,-3.20496129840548,-2.03004570761962,0.913682281970978,-2.88585486545335,-3.89648672004847,-1.76279148009699,-2.48515385229285,0,0
2014-07-09,0.041950708146,0.175437080149712,-3.20354243989288,-2.02912646522198,0.917723894119263,-2.89348951970259,-3.90621667869879,-1.76842359921504,-2.49179053943263,0,0
2014-07-10,-0.3721564105,0.175814946767119,-3.20378332177645,-2.02928252647701,0.873631298542023,-2.81870512547105,-3.80682705360349,-1.72091983441282,-2.42679352907365,0,0
2014-07-11,0.19466512331,0.175934971571098,-3.20385983502087,-2.02933209746498,0.846458852291107,-2.77171855013404,-3.74435949783332,-1.69111546503546,-2.38595572284203,0,0
2014-07-14,1.2917454316,0.175575914731514,-3.20363094396821,-2.02918380476477,0.816761016845703,-2.71970015272681,-3.67510538381949,-1.65829552962789,-2.34074779864909,0,0
2014-07-15,-1.1715914981,0.174494227720376,-3.20294139164295,-2.02873706132479,0.854905545711517,-2.78698069223452,-3.7643766364015,-1.70129842398797,-2.39922749043777,0,0
2014-07-16,-0.56651279901,0.174246500918899,-3.20278347110751,-2.02863474862035,0.90246456861496,-2.86833807022894,-3.87253753155105,-1.75291867972077,-2.46993289963575,0,0
2014-07-17,-1.7831821059,0.174504499331688,-3.20294793957539,-2.02874130356392,0.892122805118561,-2.85075198428432,-3.84919678104279,-1.74168736452982,-2.45464902794791,0,1
2014-07-18,1.4395761516,0.173177791597466,-3.20210219178176,-2.04294766477194,0.972070276737213,-2.98389081546719,-4.02602928658281,-1.84103835518287,-2.57057879143192,0,0
2014-07-21,-0.51996187658,0.173092919930235,-3.20204808790986,-2.04290918933963,1.04965543746948,-3.10749158849961,-4.19041496407663,-1.91992256724543,-2.67799700326472,0,0
2014-07-22,0.83139058315,0.173604707132503,-3.20237434130084,-2.04314120120531,1.00781321525574,-3.04125571254696,-4.1024085241612,-1.87750271490085,-2.62043844418319,0,0
2014-07-23,2.6076858107,0.173748048580029,-3.20246571840663,-2.04320618312851,0.980048537254333,-2.99660977534847,-4.04305257450844,-1.84897296646443,-2.58163786665957,0,0
2014-07-24,-0.16462599024,0.175115394185162,-3.20333737197345,-2.04382605092409,1.14939141273499,-3.25917214869567,-4.39251651851392,-2.01606384529024,-2.80986159418971,0,0
2014-07-25,0.66062042679,0.175162348104706,-3.20336730409251,-2.04384733685391,1.09713792800903,-3.18018397738763,-4.28746989198542,-1.96565230116102,-2.74120832208518,0,0
2014-07-28,1.3811673885,0.175758696778286,-3.20374746361212,-2.04411768352874,1.04261457920074,-3.09553978520364,-4.1750005257264,-1.91145921008529,-2.6676461399913,0,0
2014-07-29,-0.64633407401,0.174997648325541,-3.20326231150729,-2.04377267241746,1.07595908641815,-3.1476966234581,-4.24423207610846,-1.94497601948002,-2.71296862725742,0,0
2014-07-30,-0.23378735514,0.173859775417022,-3.20253694187464,-2.04325683299193,1.04874336719513,-3.10579976118699,-4.18830317430885,-1.91860219447697,-2.67653741135162,0,0
2014-07-31,-2.5980641875,0.173146086637265,-3.20208198054801,-2.04293329175336,0.983093798160553,-3.00175299213334,-4.04978183458966,-1.85244447143692,-2.58610221843122,0,1
2014-08-01,0.55439330554,0.171776591425106,-3.20120895665271,-2.04469444039727,1.16254258155823,-3.27980749436278,-4.41938512065693,-2.03283887927309,-2.83424426004273,0,0
2014-08-04,-0.56173931134,0.173157567901756,-3.20208929960847,-2.04558173591616,1.13328611850739,-3.23565579684337,-4.36089756739576,-2.00448512336303,-2.79582408200676,0,0
2014-08-05,-0.49168323048,0.17254831246283,-3.2017009123021,-2.04519028129694,1.09105098247528,-3.1717366966407,-4.27577068768437,-1.96372218432998,-2.74013993824576,0,0
2014-08-06,-0.16820857854,0.17232823752601,-3.20156061923872,-2.04504888026039,1.02880525588989,-3.07501590730413,-4.14707982622994,-1.90196561382206,-2.65589793184381,0,0
2014-08-07,-0.010583130551,0.172000629470319,-3.20135177611289,-2.04483838778301,0.982042193412781,-3.00047629914181,-4.04787127924019,-1.85439417549512,-2.59097462033395,0,0
2014-08-08,0.27519051655,0.171447967646167,-3.20099946602504,-2.04448329530438,0.910214185714722,-2.88247024199003,-3.89079997533965,-1.77909430238438,-2.48819665090328,0,0
2014-08-11,1.3194004645,0.170880070543321,-3.20063744377301,-2.04411841395914,0.880010962486267,-2.83160269235321,-3.8230274743952,-1.74668491800994,-2.44389343112758,0,0
2014-08-12,-0.02083550371,0.17133948474268,-3.20093031049523,-2.04441359361447,0.927381277084351,-2.91117680819016,-3.92896418890128,-1.79744383776427,-2.51319614215271,0,0
2014-08-13,1.3233302074,0.171414390355767,-3.20097806122085,-2.04446172145441,0.888086378574371,-2.84513403862283,-3.84112979683465,-1.75525229589076,-2.4556805161766,0,0
2014-08-14,0.26737967928,0.171823192668632,-3.20123866394835,-2.04472438230813,0.915182054042816,-2.89064651279089,-3.90174733046617,-1.7842654137053,-2.49532023226254,0,0
2014-08-15,0.49230769218,0.171327691841223,-3.20092279277287,-2.04440601652044,0.87835568189621,-2.82859737194614,-3.81911633679175,-1.74470254274136,-2.44127839785752,0,0
2014-08-18,1.2043274139,0.170224584997268,-3.20021958576251,-2.04369725588907,0.851474285125732,-2.78278969522165,-3.7579682276102,-1.71560450246101,-2.40138175138192,0,0
2014-08-19,1.3816054861,0.171723442920472,-3.2011750756182,-2.04466029178519,0.877989709377289,-2.82781297857491,-3.81814947529927,-1.74414584567527,-2.44059722448414,0,0
2014-08-20,0.039789117545,0.172851382003523,-3.20189411264966,-2.04538500745624,0.92100715637207,-2.89997814953041,-3.91435528802779,-1.79008656445691,-2.50345567592844,0,0
2014-08-21,0.0099433231298,0.1733530228943,-3.20221389798415,-2.04570731831526,0.862120807170868,-2.79991733734709,-3.78136083381863,-1.72609564888389,-2.41630873105804,0,0
2014-08-22,0.73573275004,0.173670757678622,-3.20241644711074,-2.04591146708614,0.805329024791718,-2.70018180296655,-3.6487669715927,-1.66233277454265,-2.3294407590817,0,0
2014-08-25,0.21713383358,0.172428920206201,-3.20162480229308,-2.0451135702044,0.802908658981323,-2.69639244435227,-3.6434793463945,-1.66009858237584,-2.32614135570187,0,0
2014-08-26,-0.64112664968,0.167206927118864,-3.19829589343244,-2.04165100562627,0.781233429908752,-2.65968398673535,-3.59360214328168,-1.63735552406578,-2.29418438796412,0,0
2014-08-27,1.2300647246,0.166481666419155,-3.19783355525444,-2.04115083938848,0.780538260936737,-2.65874276716922,-3.59220400619108,-1.63683583727153,-2.2933669052836,0,0
2014-08-28,0.11749730747,0.164982477468146,-3.19687785437561,-2.04016744460642,0.822128653526306,-2.73366856597059,-3.69158881594953,-1.68486407954183,-2.35860208418928,0,0
2014-08-29,0.24449877747,0.165308787711854,-3.19708587017407,-2.04034197944247,0.797452092170715,-2.68969442958635,-3.63314773473268,-1.65672013244964,-2.32031742494627,0,0
2014-09-02,0.78048780488,0.165364904755987,-3.19712164358899,-2.04038067980338,0.771380126476288,-2.64261104271663,-3.57051669320235,-1.62666571255395,-2.27932543012003,0,0
2014-09-03,-4.2207163602,0.165280315891915,-3.19706771999805,-2.04032234423671,0.778459370136261,-2.65550354931266,-3.58765253231778,-1.63490311858435,-2.29055020716309,1,1
2014-09-04,-0.8287851223,0.164023186046233,-3.20940988100669,-2.04494145918351,1.14847755432129,-3.27540654674138,-4.46897144049158,-2.02748014861655,-2.8432356540618,0,0
2014-09-05,0.86628618028,0.163569561561435,-3.20917710190356,-2.04461702206869,1.20056295394897,-3.35273232618035,-4.57295559260848,-2.07672147446291,-2.9107767833222,0,0
2014-09-08,-0.61634838839,0.163562703378707,-3.20917358260141,-2.04461211702258,1.15382373332977,-3.28360920875059,-4.47984279752527,-2.03268168153429,-2.85034058608639,0,0
2014-09-09,-0.37616917452,0.161353845103206,-3.2080400987055,-2.0430323178055,1.0870715379715,-3.18343611248375,-4.34405729186415,-1.96876727850085,-2.76245406021807,0,0
2014-09-10,3.0717420146,0.159685715788065,-3.20718409190055,-2.04183925376184,1.00804650783539,-3.06037583932472,-4.17765597644495,-1.89035191671419,-2.65466922965425,0,0
2014-09-11,0.42574257423,0.160762941809207,-3.20773687446734,-2.04260969740854,1.73948621749878,-4.06990785430608,-5.53789572351974,-2.53322647592418,-3.53723014988502,0,0
2014-09-12,0.22675736964,0.160896243958907,-3.20780527896466,-2.04270503654101,1.62539148330688,-3.92876172084514,-5.34782616457806,-2.443365609844,-3.41388167979942,0,0
2014-09-15,-0.029510131844,0.160179880275307,-3.20743767425774,-2.04219268552281,1.41213572025299,-3.65132469515052,-4.97384205910684,-2.26662542516923,-3.1712485464805,0,0
2014-09-16,-0.75765030006,0.158802685883885,-3.2067309617984,-2.04120770126852,1.22497272491455,-3.39035859068423,-4.62179238540807,-2.10037509269469,-2.94294060087294,0,0
2014-09-17,0.71386079708,0.159124405914773,-3.20689605363705,-2.04143779889794,1.36149370670319,-3.58278011965095,-4.88110271740806,-2.22288773622923,-3.11115921145439,0,0
2014-09-18,0.20673360905,0.159212377274131,-3.20694119646954,-2.04150071696117,1.32758283615112,-3.53585031373603,-4.81792397259945,-2.19302069180059,-3.07015885796717,0,0
2014-09-19,-0.81540426372,0.159546549444506,-3.20711267817019,-2.0417397204948,1.20941615104675,-3.36742617140157,-4.5911911597031,-2.08582522881233,-2.92301209457218,0,0
2014-09-22,0.099049128585,0.159462383377763,-3.20706948803785,-2.04167952401781,1.15201854705811,-3.28275351014628,-4.47710685658622,-2.0319156747748,-2.84899633703698,0,0
2014-09-23,1.5634276666,0.158979716709637,-3.20682180582959,-2.04133431562084,1.072261095047,-3.16168557173227,-4.31384600369466,-1.95482280005785,-2.74311880791146,0,0
2014-09-24,-0.86710833984,0.159205245949589,-3.20693753700365,-2.04149561656109,1.14225697517395,-3.26825487521264,-4.45747835486361,-2.02267224076576,-2.83628764100691,0,0
2014-09-25,-3.8132678133,0.158709373474682,-3.20668307818618,-2.04114096322895,1.14163565635681,-3.26754657271888,-4.4563329155059,-2.02219569003356,-2.83559720116486,1,1
2014-09-26,2.9426790641,0.157359575514726,-3.21119252395954,-2.04343819708027,1.61714589595795,-3.92621927170526,-5.35980991398778,-2.44122052671756,-3.42234054209948,0,0
2014-09-29,-0.63523573199,0.158769912559654,-3.21199751400602,-2.04408593570443,2.05566763877869,-4.44646353242883,-6.06312749082272,-2.77195866817205,-3.87863118770372,0,0
2014-09-30,0.63929677362,0.158539273305092,-3.21186587008097,-2.04398000786686,1.78705871105194,-4.13511241943564,-5.64240496244291,-2.57387190938371,-3.60563545714637,0,0
2014-10-01,-1.5583126551,0.158437079962662,-3.21180754031946,-2.04393307257911,1.60294079780579,-3.9079456728268,-5.33545896613602,-2.42933136190511,-3.40646816948664,0,0
2014-10-02,0.72595281308,0.157968504882844,-3.21154008774375,-2.04371786574,1.61781167984009,-3.92689294433833,-5.36091089556339,-2.44150218355902,-3.42301456638495,0,0
2014-10-03,-0.28028028028,0.15374098782759,-3.20912711194974,-2.0417038696574,1.52924954891205,-3.81475641263174,-5.20807897426128,-2.37108779476321,-3.32416237451085,0,0
2014-10-07,-0.87331861059,0.153680503189838,-3.20909258861964,-2.04167295696405,1.36417829990387,-3.59447685903878,-4.91044106617704,-2.23095356815042,-3.13110728770276,0,0
2014-10-08,2.0759493671,0.151497043724386,-3.2078463169267,-2.04055702711128,1.30569124221802,-3.51400781310984,-4.80102705467803,-2.18018314121962,-3.0603464461634,0,0
2014-10-09,0.21825396816,0.152019767389531,-3.20814467635009,-2.04082418249104,1.44892740249634,-3.70966890515263,-5.06555284632731,-2.30454887998893,-3.23185545467322,0,0
2014-10-10,-0.28707186702,0.149675908549684,-3.20680685214472,-2.03962627518318,1.34738898277283,-3.57269202987921,-4.87973958046288,-2.2178628311288,-3.11156090098682,0,0
2014-10-13,-0.91333267146,0.15037966325924,-3.20720854019396,-2.03998595252176,1.25624918937683,-3.44434057669296,-4.70654334303778,-2.13608805495924,-2.99918387398309,0,0
2014-10-14,-1.0620178338,0.149565705768901,-3.20674395076809,-2.03956995237303,1.21677803993225,-3.38771858768184,-4.6297807058836,-2.10023623310905,-2.94949097279691,0,0
2014-10-15,-1.2253164557,0.150672991175923,-3.20737596545882,-2.03534368759062,1.23830986022949,-3.41847483648173,-4.67168875232922,-2.11424467963464,-2.97642721321986,0,0
2014-10-16,-1.3122821407,0.151744200451629,-3.20798738866985,-2.03612171935449,1.29921543598175,-3.50482029640465,-4.78869206848517,-2.16909110475094,-3.05219557795941,0,0
2014-10-17,1.4647828797,0.149218761241419,-3.20654592229518,-2.0342874634646,1.50888109207153,-3.78959069780177,-5.1726547585775,-2.34962918844646,-3.30139431349901,0,0
2014-10-20,2.139858708,0.151582851448845,-3.20789529412995,-2.03600452969595,1.66782402992249,-3.99122983843738,-5.44583644739184,-2.47780016417665,-3.47837270171623,0,0
2014-10-21,2.7165196472,0.152196139714216,-3.20824534587895,-2.03644996810065,1.77426588535309,-4.12123710307463,-5.6216823937687,-2.56038723616017,-3.59237688531004,0,0
2014-10-22,0.50746559973,0.152839611132981,-3.20861262552261,-2.03691732888093,2.03618597984314,-4.42568981209645,-6.03323018352926,-2.75373934102341,-3.85926001473789,0,0
2014-10-23,1.7865812215,0.1523128485633,-3.2083119607794,-2.03653473509602,1.89149677753448,-4.26013304730652,-5.80938231182144,-2.64856793969015,-3.71410208307125,0,0
2014-10-24,0.37203090724,0.153182486126448,-3.20880833119305,-2.03716636297913,1.94987857341766,-4.32753497924753,-5.90071896570814,-2.69147695137855,-3.77330378954651,0,0
2014-10-27,-0.10454286257,0.153096370280084,-3.20875917812045,-2.03710381603768,1.65329539775848,-3.97274334739685,-5.42133271866535,-2.46622261462507,-3.46238524526814,0,0
2014-10-28,1.5507563505,0.153072724590456,-3.20874568166947,-2.03708664189811,1.40405035018921,-3.6490544422586,-4.98398861544334,-2.26072482459904,-3.17873320695483,0,0
2014-10-29,0.56211354695,0.152872385816566,-3.20863133260696,-2.03694113351506,1.39297235012054,-3.63409066795123,-4.96370770781497,-2.2512121024609,-3.16559689719785,0,0
2014-10-30,-0.33538289545,0.154072413983091,-3.20931628286975,-2.03781272793855,1.27614402770996,-3.47138130717321,-4.74425158370502,-2.14797421724459,-3.02314531443458,0,0
2014-10-31,0.95344924284,0.155346611786824,-3.21004356756595,-2.03873587986954,1.17510592937469,-3.32441454246829,-4.5460922466517,-2.05469003389506,-2.89447364302942,0,0
2014-11-03,1.2962962963,0.155107262763595,-3.2099069522923,-2.03856435065158,1.14471197128296,-3.27921112970842,-4.48494234335699,-2.0259774688922,-2.85483257716246,0,0
2014-11-04,-0.73126142597,0.155592367680678,-3.21018383974353,-2.0389116471304,1.14901041984558,-3.28546479935933,-4.49354645912497,-2.02995583970171,-2.86035978194175,0,0
2014-11-05,0.23941068139,0.155132680609128,-3.20992146025175,-2.03858281192861,1.10104703903198,-3.21306322017153,-4.3955791520747,-1.98396833963868,-2.79686087008396,0,0
2014-11-06,0.28600424394,0.155765177862676,-3.21028247607797,-2.03903524283287,1.02516543865204,-3.09466039613048,-4.23581018656445,-1.90876725782331,-2.69314157633455,0,0
2014-11-07,0.28518859253,0.155228881686461,-3.20997636975724,-2.03865167803439,0.954412281513214,-2.98072628384961,-4.08170368088598,-1.83641202903595,-2.59324073658029,0,0
2014-11-10,-0.16512246584,0.155180486999766,-3.20994874711113,-2.0386170656335,0.889418601989746,-2.87208982825914,-3.93491128493564,-1.76741872350995,-2.49802429607674,0,0
2014-11-11,0.79941192689,0.154888403995779,-3.20978203241565,-2.0384053909814,0.835500419139862,-2.77903571728986,-3.80909288317101,-1.70833055765381,-2.41644998573156,0,0
2014-11-12,1.4129443938,0.155460113389431,-3.2101083518391,-2.03881705743758,0.824961483478546,-2.76019752946225,-3.78382620318554,-1.69634421355442,-2.39997534148454,0,0
2014-11-13,1.4112359549,0.156725870806057,-3.21083081894391,-2.03972234076787,0.867496907711029,-2.83382635086391,-3.88371403617059,-1.74306160531502,-2.46459198778163,0,0
2014-11-14,1.2054600249,0.15688092224609,-3.21091931897046,-2.03983323522692,0.911735236644745,-2.90905986471733,-3.98540968524945,-1.79085033264294,-2.53054774641598,0,0
2014-11-17,-0.16640392359,0.157013948453773,-3.21099524746818,-2.03992837700268,0.939083993434906,-2.95464422260858,-4.04704007338243,-1.81980610685067,-2.57051430004026,0,0
2014-11-18,1.2983595052,0.156915512899492,-3.21093906257131,-2.0398579748346,0.870158731937408,-2.83832226633303,-3.88984965602445,-1.74591090374404,-2.46854552611998,0,0
2014-11-19,-0.69282064596,0.154501139260832,-3.20956099003567,-2.03812411609735,0.890666306018829,-2.8745258600289,-3.93798307453413,-1.76898091785807,-2.50011226743771,0,0
2014-11-20,1.4301909829,0.154390546814185,-3.20949786624616,-2.03804379151626,0.877074778079987,-2.85137707845836,-3.90667126155478,-1.7542837389214,-2.4798173788233,0,0
2014-11-21,0.13756340813,0.157542565144936,-3.21129697050405,-2.03669921352195,0.923752129077911,-2.92889997214343,-4.01242841874732,-1.79997028589769,-2.53895737614302,0,0
2014-11-24,1.8502618701,0.15703550758385,-3.21100755295585,-2.03646284073709,0.869088649749756,-2.83642385064581,-3.88732357941388,-1.74145543264447,-2.45813042492731,0,0
2014-11-25,-0.86406743931,0.155106637049104,-3.20990659514793,-2.03556366767484,0.945594072341919,-2.96625986737331,-4.06211897404518,-1.82430929346544,-2.57141203481205,0,0
2014-11-26,1.1904761905,0.154526680091106,-3.20957556819217,-2.03529331169993,0.945714294910431,-2.96671632628741,-4.06254880394668,-1.82475216226704,-2.57176669959858,0,0
2014-11-28,-0.058823529343,0.154748411547716,-3.20970212773778,-2.03539667527423,0.97223037481308,-3.01007383565904,-4.12119999731008,-1.85218818986791,-2.60965538664465,0,0
2014-12-01,-3.2456066594,0.155164495550604,-3.20993961953595,-2.03559063931707,0.904934704303741,-2.89838866408042,-3.97043801717573,-1.78125330825238,-2.51213056888132,1,1
2014-12-02,-0.38237594499,0.153519781694603,-3.2120170793301,-2.03741134467579,1.15106654167175,-3.2925816885634,-4.51368009621955,-2.03237339913241,-2.86676874221716,0,0
2014-12-03,1.1340835732,0.153348291261306,-3.21193212614021,-2.03728678917825,1.58345746994019,-3.88840276852337,-5.32054488920887,-2.41028185902508,-3.38892984556888,0,0
2014-12-04,-0.37953937726,0.153651378637787,-3.2120822700226,-2.03750692506717,1.52326023578644,-3.81071434709677,-5.21547054339362,-2.36104841441149,-3.32090741924257,0,0
2014-12-05,-0.42427915832,0.15276251533861,-3.21164194357879,-2.03686133330823,1.32966923713684,-3.55062306868047,-4.86280735071497,-2.19596845496811,-3.09277908724701,0,0
2014-12-08,-2.2608695652,0.152479277175297,-3.2115016326296,-2.03665561413384,1.19344520568848,-3.35592304032482,-4.59899221958261,-2.07246347358584,-2.92209946921438,0,1
2014-12-09,1.5302491103,0.151349066540648,-3.21094174717819,-2.04048139843143,1.61191177368164,-3.92529749436906,-5.36956983804204,-2.43926830695296,-3.42253087829744,0,0
2014-12-10,-1.9015071854,0.151222163979631,-3.21087888199582,-2.04041654064109,1.63465142250061,-3.95399846091645,-5.40837901269296,-2.45752153949271,-3.44766274752874,0,0
2014-12-11,-0.29477445296,0.148861986460825,-3.20970969369142,-2.03921029312756,1.8088241815567,-4.16795792821086,-5.6970095857496,-2.59372361898455,-3.63464128435375,0,0
2014-12-12,-1.6932449381,0.148412422204704,-3.20948698787114,-2.03898052830615,1.64215159416199,-3.964431628465,-5.42118015494131,-2.46446900307185,-3.45615474862014,0,0
2014-12-15,-1.3715483459,0.146636040503331,-3.20860700122062,-2.03807264913465,1.67938733100891,-4.01143555672832,-5.48399056967007,-2.49452630572281,-3.49692912779644,0,0
2014-12-16,-1.3675213676,0.147004895393969,-3.20878972511351,-2.03826116474042,1.71450102329254,-4.05455087513902,-5.54255021120922,-2.52187299696012,-3.53479820749596,0,0
2014-12-17,2.4966040564,0.145918834588319,-3.20825171067108,-2.03769127129832,1.9062659740448,-4.28363702204676,-5.85224488818938,-2.66747241983593,-3.73526254194647,0,0
2014-12-18,2.9613380862,0.146875156173658,-3.20872545470258,-2.03819485718065,2.39373898506165,-4.81757272872136,-6.57573507427543,-3.00656140004685,-4.20339080003205,0,0
2014-12-19,-0.77230359529,0.147068231106023,-3.20882110045422,-2.03829353457048,2.90225100517273,-5.31947755461697,-7.25548861245,-3.32536746494927,-4.64326954808333,0,0
2014-12-22,1.0377527286,0.147834033899328,-3.20920046499874,-2.03868492365368,2.44699501991272,-4.87227776640071,-6.65029226493539,-3.04125507223466,-4.25162655903552,0,0
2014-12-23,-0.35417035579,0.14844757453447,-3.20950440168536,-2.03899849407781,2.27512907981873,-4.6926183451044,-6.4073042715305,-2.92708212864702,-4.09436049623646,0,0
2014-12-24,-0.47094366455,0.146836908642666,-3.2087065075829,-2.03817530950307,1.99571359157562,-4.38609403178392,-5.99142938180995,-2.73248779762959,-3.82528264891901,0,0
2014-12-26,1.7676993126,0.144947381729288,-3.20777047088635,-2.03717010928807,1.76264870166779,-4.11384205200342,-5.62185827448844,-2.55969704806835,-3.58624946030683,0,0
2014-12-29,-0.070181594856,0.143858276834897,-3.20723094845864,-2.03658582967958,1.74146854877472,-4.08855484083076,-5.58709836072344,-2.54371636911643,-3.56382992020779,0,0
2014-12-30,-1.2202616101,0.143044853559976,-3.206827993608,-2.03614944688941,1.50567257404327,-3.79192070922002,-5.18505650412505,-2.35542964215779,-3.30379488346292,0,0
2014-12-31,-1.9018841095,0.143591180469338,-3.20709863385761,-2.0364425386516,1.43343949317932,-3.69615042536802,-5.05563365437076,-2.29456680475988,-3.22001902731806,0,0
2015-01-02,-0.95125928619,0.143283245985117,-3.20694608880767,-2.03627733891666,1.51864838600159,-3.80874714491453,-5.20795176397516,-2.3660916249504,-3.31858622452934,0,0
2015-01-05,-2.8171590597,0.143605962314863,-3.20710595651057,-2.03645046877014,1.43925297260284,-3.70392280765953,-5.0661647693322,-2.29950064952468,-3.22683072971548,0,1
2015-01-06,0.0094117645858,0.14107802768157,-3.20585366443339,-2.03533591171046,1.69181835651398,-4.02877320442954,-5.50483118563254,-2.50628172343978,-3.51531535629677,0,0
2015-01-07,1.4022209676,0.140761655941616,-3.20569693972296,-2.03514859591913,1.51207077503204,-3.80116484484046,-5.19650524559425,-2.36178500836545,-3.31566390221645,0,0
2015-01-08,3.8422273781,0.141300296850368,-3.20596377246998,-2.03546751172393,1.56295895576477,-3.86674293374591,-5.28554929960132,-2.40340774118787,-3.37328713972283,0,0
2015-01-09,0.10724819021,0.142519792608503,-3.20656788812074,-2.03618954464946,2.19946026802063,-4.61300554118724,-6.29658036997525,-2.87726687707761,-4.02802815756413,0,0
2015-01-12,-2.4640657084,0.142886921279355,-3.20674975687626,-2.03640691234959,1.80186569690704,-4.16164843370821,-5.68560715212194,-2.59065520577728,-3.63228511809389,0,0
2015-01-13,0.88787185359,0.142236243186078,-3.20642742297954,-2.0360216621311,2.01300811767578,-4.40705956996736,-6.0175867570735,-2.74648182248455,-3.84733802100564,0,0
2015-01-14,-0.38105606964,0.144726586338011,-3.2076610929319,-2.03705165766285,1.91403675079346,-4.29303138287761,-5.86439121307393,-2.67350824757782,-3.73498889976291,0,0
2015-01-15,-2.714025501,0.143587832756639,-3.20709697546263,-2.0364407426811,1.71356678009033,-4.05460718895866,-5.54100256468083,-2.52217982358582,-3.52627036195587,0,1
2015-01-16,-0.77700805086,0.142549143760896,-3.20658242813894,-2.0362069227324,2.05828046798706,-4.45784121652757,-6.08649828482903,-2.77873758714889,-3.8801599833426,0,0
2015-01-20,2.5757146901,0.144331215756514,-3.20746523365602,-2.03683955048222,1.97376275062561,-4.36185808390398,-5.95739727760253,-2.7172382538668,-3.78914651170903,0,0
2015-01-21,0.76342899192,0.146545557292833,-3.20856217751113,-2.03802640466922,2.25483107566834,-4.67146187396321,-6.37771646104043,-2.91377424315096,-4.06006387069001,0,0
2015-01-22,2.6015518028,0.146361379279363,-3.2084709391286,-2.03792868629861,2.0262496471405,-4.42078137121782,-6.03817020592009,-2.75455665994925,-3.84114332499885,0,0
2015-01-23,0.51601423493,0.146965437733439,-3.20877017851804,-2.03824099858575,2.28672671318054,-4.70531335047423,-6.4237635678,-2.93524768831243,-4.08974654697435,0,0
2015-01-26,0.10621348901,0.147123570230541,-3.20884851443332,-2.03832181747751,2.03191089630127,-4.42693313947022,-6.0468709579078,-2.75840454797949,-3.84672593701392,0,0
2015-01-27,-3.5013262599,0.146525875275622,-3.20855242740371,-2.03801634551726,1.73927628993988,-4.08496519118602,-5.58350781009295,-2.54124319020831,-3.54798787934997,0,1
2015-01-28,5.6532893532,0.144896159523112,-3.20774509635248,-2.03759653204081,2.22152471542358,-4.63617738670886,-6.32912475997073,-2.89209667644499,-4.03750968622036,0,0
2015-01-29,3.1133466307,0.146128984640263,-3.20835581512125,-2.0383264569463,4.06426477432251,-6.32192332057211,-8.61244897655315,-3.96314158830853,-5.51272466171905,0,0
2015-01-30,-1.4634146341,0.146707222436026,-3.20864226343396,-2.03864457783832,4.00579071044922,-6.27522070407392,-8.54951943512324,-3.93353216599509,-5.47212179765793,0,0
2015-02-02,1.254694435,0.145421529448737,-3.20800535489983,-2.03790759042855,3.3550078868866,-5.73057941968831,-7.8113225773762,-3.58734871587576,-4.99508248172876,0,0
2015-02-03,0.016859141942,0.146731271626663,-3.20865417695835,-2.03865596686028,2.90237975120544,-5.31965138570933,-7.25555157350194,-3.32639889663711,-4.63606058557135,0,0
2015-02-04,0.76696165179,0.147001895724836,-3.20878823913289,-2.03878412684052,2.51081109046936,-4.93749605168786,-6.73819277833245,-3.08356146203027,-4.30178367830031,0,0
2015-02-05,0.71374590625,0.147358824887467,-3.20896505524063,-2.03895315847791,2.27443528175354,-4.69215549882194,-6.40614001547126,-2.92763353120301,-4.0872269172717,0,0
2015-02-06,-0.84208771041,0.147618371970137,-3.20909363006649,-2.03907607269438,2.06099486351013,-4.4594095369495,-6.0910900649815,-2.77971297395841,-3.88364756351611,0,0
2015-02-09,0.6642562852,0.148018659225742,-3.20929192497183,-2.03926563750814,1.86107337474823,-4.23013471279218,-5.78080478125202,-2.63397124260437,-3.68313207952287,0,0
2015-02-10,1.9211493485,0.147271801366783,-3.2089219453975,-2.03891194658005,1.71628534793854,-4.0566429513058,-5.54551007369406,-2.52384708450144,-3.53113037888028,0,0
2015-02-11,2.3438780529,0.149112534322595,-3.20983381046964,-2.03978366606415,1.76810705661774,-4.11900947804652,-5.63084276093462,-2.5631916158806,-3.58616905939785,0,0
2015-02-12,1.2652146061,0.15081379675391,-3.21067658442269,-2.04058933622084,1.92018914222717,-4.29824930588027,-5.87439263876481,-2.67684899789078,-3.74349235452264,0,0
2015-02-13,0.49027360437,0.151126991855855,-3.21083173548538,-2.04073765663409,1.81637120246887,-4.17620136605268,-5.70925746879545,-2.59923262213667,-3.63674398808678,0,0
2015-02-17,0.59017941458,0.150539149997691,-3.21054052949773,-2.04045927122261,1.60863196849823,-3.9214489897508,-5.36397599964224,-2.4374132136992,-3.41361045054821,0,0
2015-02-18,0.69232574515,0.150353439504503,-3.21044853195309,-2.04037132394335,1.43781745433807,-3.69926412902124,-5.06299440127716,-2.29623594412596,-3.21909505554586,0,0
2015-02-19,-0.20588121051,0.149460213167074,-3.2100060441408,-2.03994831701038,1.33119547367096,-3.5541627340551,-4.86607901365056,-2.20418002742292,-3.09190987690589,0,0
2015-02-20,0.81354612703,0.149210372831662,-3.20988227785805,-2.03982999963708,1.18536555767059,-3.34553273478038,-4.5834333779368,-2.07164423018789,-2.90927278683652,0,0
2015-02-23,2.7066682111,0.151217837400561,-3.21087673868854,-2.04041432939842,1.11869645118713,-3.24487664409086,-4.44803050126047,-2.0068967238131,-2.81901591787383,0,0
2015-02-24,-0.6240601504,0.151597740966097,-3.2110649358907,-2.04060849179835,1.28933703899384,-3.49453367454649,-4.78630942389249,-2.16549234511273,-3.03744186676726,0,0
2015-02-25,-2.5573125519,0.152878373816783,-3.21169933772671,-2.04126300196954,1.23058140277863,-3.40991024175274,-4.67229005657195,-2.11152679617275,-2.96367112647764,0,1
2015-02-26,1.2617439241,0.155563286554435,-3.19274990335615,-2.04261319872693,1.40220582485199,-3.62512423482665,-4.94492555885211,-2.26319247734598,-3.15558179834317,0,0
2015-02-27,-1.4990606909,0.158141125358914,-3.19440257861044,-2.04379714675305,1.43891036510468,-3.67369138929516,-5.01103827517731,-2.2934873615215,-3.19829393601341,0,0
2015-03-02,0.49042503524,0.15722794886345,-3.19381713308365,-2.04337774368276,1.49878489971161,-3.75279855077895,-5.11754743300608,-2.34437461435689,-3.26752037022198,0,0
2015-03-03,0.20915640252,0.155760446858785,-3.19287630457083,-2.04270375037537,1.36201179027557,-3.57049417200838,-4.87127053038101,-2.22818229276971,-3.10774900656914,0,0
2015-03-04,-0.63388991966,0.157563943522917,-3.19403254223116,-2.04353205907796,1.21453487873077,-3.36244958210964,-4.59103206225416,-2.0945297320767,-2.92563587631311,0,0
2015-03-05,-1.6570717286,0.155455732794281,-3.19268094968938,-2.04256380151023,1.15955173969269,-3.28250242543945,-4.48267181531598,-2.04402770942007,-2.85550664546337,0,0
2015-03-06,0.15030456452,0.156568990485121,-3.19339466903991,-2.04307509773377,1.23837327957153,-3.39711153471727,-4.63755520675809,-2.11701036277575,-2.95594208425004,0,0
2015-03-09,0.42654028439,0.154947235230851,-3.19235494740464,-2.0423203626624,1.1493706703186,-3.26753520388939,-4.46235653536553,-2.03459800376344,-2.84237402634379,0,0
2015-03-10,-2.068585811,0.155981468552397,-3.19301800353317,-2.0428052610662,1.09799253940582,-3.1898268906578,-4.35777238020957,-1.98457486753806,-2.77436468528226,0,1
2015-03-11,-1.8231467352,0.155414309879883,-3.19265439309264,-2.04278537436798,1.2866096496582,-3.46597579496078,-4.73018480416598,-2.16169297146399,-3.01692081051172,0,0
2015-03-12,1.8079188481,0.155138815991222,-3.19247777152433,-2.04263757826291,1.42854571342468,-3.6605676082274,-4.9926443322332,-2.28625808244565,-3.18736323763777,0,0
2015-03-13,-0.69104057857,0.155277951876816,-3.19256697277101,-2.04271222145034,1.53971779346466,-3.80623044555294,-5.18918992383759,-2.37942897450106,-3.31497278777025,0,0
2015-03-16,1.1004126549,0.154585010696925,-3.19212272205266,-2.04237527733872,1.45184314250946,-3.6916819857229,-5.03449412768877,-2.30632307697218,-3.21457816414311,0,0
2015-03-17,1.6726690677,0.155272787347978,-3.1925636617459,-2.04270945079996,1.43479907512665,-3.66887889693928,-5.00388787179367,-2.2915478917154,-3.19465351817735,0,0
2015-03-18,1.1256297228,0.154900188922998,-3.19232478560063,-2.04252453690392,1.48857283592224,-3.73996216933838,-5.09970157578959,-2.33712442288841,-3.25689351643246,0,0
2015-03-19,-0.75893204639,0.155864987567873,-3.19294332654391,-2.0430271525332,1.46494150161743,-3.70870655367039,-5.05775452534161,-2.31690818257259,-3.22958638917183,0,0
2015-03-20,-1.251029452,0.154942610810936,-3.19235198264814,-2.04254462671986,1.38647067546844,-3.60400362491232,-4.91628822728435,-2.25012283236003,-3.13780045651001,0,0
2015-03-23,1.0405083398,0.154730341804031,-3.19221589511064,-2.04244410207362,1.37076926231384,-3.58271142351519,-4.88751341675694,-2.236560266739,-3.11913456836388,0,0
2015-03-24,-0.40877289521,0.155750600506009,-3.19286999198699,-2.0429657865178,1.33379650115967,-3.53169839680424,-4.81892946350295,-2.20367278971667,-3.07451578186461,0,0
2015-03-25,-2.6126766122,0.156483158949548,-3.19333964168341,-2.04335878719458,1.21690094470978,-3.36619305091014,-4.59582384114702,-2.09761198767993,-2.92957210625785,0,1
2015-03-26,0.69703355493,0.1571060238828,-3.19373896590033,-2.04369293983792,1.39268136024475,-3.61188669562004,-4.92742374884752,-2.2546952827957,-3.14629223952337,0,0
2015-03-27,-0.79684481652,0.156630580150569,-3.19343415471908,-2.04343787526227,1.33673703670502,-3.53553319035245,-4.82430855969642,-2.20593802930953,-3.07933802041786,0,0
2015-03-30,2.5314401622,0.155403720579334,-3.19264760419842,-2.04277969345294,1.27345156669617,-3.44741325994661,-4.70513967801597,-2.14981823920338,-3.0020268086436,0,0
2015-03-31,-1.5351744876,0.156640967823632,-3.19344081434815,-2.04344344800883,1.44419765472412,-3.68106934570239,-5.02064749946768,-2.29906259815319,-3.20689286406803,0,0
2015-04-01,-0.14465964796,0.155473639110476,-3.19269242958704,-2.0428172031292,1.45031881332397,-3.68945977155786,-5.03169948851392,-2.30467443008999,-3.21415650761043,0,0
2015-04-02,0.86116700186,0.153489835637974,-3.19142059563735,-2.04185663315714,1.28920543193817,-3.47015067942521,-4.7353634139387,-2.1648991701775,-3.02182769052893,0,0
2015-04-06,1.6198531759,0.15146226541322,-3.19012070243575,-2.04089643278439,1.25264489650726,-3.4189724963922,-4.66583477726128,-2.13274207936105,-2.97685373327569,0,0
2015-04-07,-1.052218296,0.152176857264903,-3.19057883359125,-2.04123484343669,1.28608274459839,-3.46611783750076,-4.72961274044952,-2.16269752446743,-3.01820790299624,0,0
2015-04-08,-0.32537100233,0.15167091310387,-3.19025446831537,-2.04099524247685,1.24605178833008,-3.40950454715853,-4.65311004028803,-2.12662451574289,-2.96857120302746,0,0
2015-04-09,0.7643312103,0.150565729890097,-3.1895459255835,-2.04047185871393,1.13702893257141,-3.25049680824373,-4.43830665888216,-2.0252212193192,-2.82919151123306,0,0
2015-04-10,0.42667509479,0.151052476227974,-3.18985798296518,-2.04070236812334,1.10279715061188,-3.19874974131006,-4.36860602123074,-1.99197375082689,-2.7838795986353,0,0
2015-04-13,-0.19669551539,0.152021317035436,-3.19047911537464,-2.04116118394787,1.0358521938324,-3.09514700243022,-4.22906178276289,-1.92540771219682,-2.69315251901947,0,0
2015-04-14,-0.43358297189,0.151393137489515,-3.19007638391254,-2.04086369573919,0.959044635295868,-2.97267496187069,-4.06366445826037,-1.84724150309593,-2.58581746528469,0,0
2015-04-15,0.38004750586,0.151478520184641,-3.19013112351345,-2.04090413058809,0.906168401241302,-2.88529910666806,-3.94579683643672,-1.7913168579236,-2.50926446668722,0,0
2015-04-16,-0.48114844612,0.153446055294148,-3.19139252767176,-2.04155313454011,0.872910439968109,-2.82826165040793,-3.86934432550929,-1.75397042828689,-2.45380838420938,0,0
2015-04-17,-1.1254656416,0.15358958702841,-3.1914845471359,-2.04162649122459,0.846064150333405,-2.7819936064616,-3.80695842376647,-1.72433409598032,-2.41335483553429,0,0
2015-04-20,2.2845691383,0.154604024019854,-3.19213491166214,-2.03819884249522,0.863067984580994,-2.81093566938238,-3.84626575142025,-1.73891230211775,-2.4384041854109,0,0
2015-04-21,-0.54075235112,0.155106289123083,-3.19245691826152,-2.03856364348514,0.988155364990234,-3.01838756573769,-4.12626881862994,-1.87134836977507,-2.61981602596143,0,0
2015-04-22,1.3474115516,0.154090146889298,-3.19180546048934,-2.0378256075547,0.957720637321472,-2.96951288936754,-4.06007629923314,-1.8401912508698,-2.57704169226123,0,0
2015-04-23,0.81635826446,0.156606099167627,-3.19341845974443,-2.03626266531131,0.96736615896225,-2.98427341320256,-4.08062159198479,-1.84615544552278,-2.58497654904592,0,0
2015-04-24,0.47042492497,0.156834118465101,-3.19356464493249,-2.03636896006063,0.950138866901398,-2.95609515598139,-4.04266490803072,-1.82811788787855,-2.56038923298034,0,0
2015-04-27,1.8191587349,0.156911549212929,-3.19361428646967,-2.03640505561053,0.908050000667572,-2.88633644146644,-3.94857653822315,-1.78361258357041,-2.49950068735324,0,0
2015-04-28,-1.5755748208,0.156378970458248,-3.19327284552026,-2.03615678572351,0.967861592769623,-2.98516147997051,-4.08176266371299,-1.84679119858605,-2.58574273486856,0,0
2015-04-29,-1.4705882353,0.154819313963817,-3.19227293594909,-2.03542972754055,1.03857064247131,-3.09843516999184,-4.23419041914293,-1.91949294590854,-2.68454369004162,0,0
2015-04-30,-2.7129975124,0.153875219293745,-3.19166766850715,-2.03498962309588,1.17009282112122,-3.29857815144246,-4.5039783850367,-2.04738992274929,-2.85917074831426,0,1
2015-05-01,3.0363563723,0.153517754262389,-3.19143849451436,-2.03740987212817,1.41584193706512,-3.64394799139054,-4.96984938240864,-2.2707790675503,-3.16644269436065,0,0
2015-05-04,-0.19387359434,0.154474832366465,-3.19205208575066,-2.03810500909381,1.76747751235962,-4.08924708534144,-5.5708336655628,-2.55511469353492,-3.5558442348179,0,0
2015-05-05,-2.2533022532,0.153661120681057,-3.19153040799321,-2.03751400082657,1.50712549686432,-3.76442245122251,-5.13242049619039,-2.34769375100316,-3.27178018118558,0,0
2015-05-06,-0.62798092213,0.152395877049503,-3.19071924911203,-2.03659503965185,1.66959929466248,-3.97042739335141,-5.4100735101856,-2.47914916540338,-3.45176441775146,0,0
2015-05-07,0.61852357612,0.153315025695859,-3.19130852343756,-2.03726262801091,1.53571319580078,-3.80147882454442,-5.1823370828595,-2.37134019125046,-3.30414792809905,0,0
2015-05-08,1.8840811113,0.15426999136661,-3.19192076037417,-2.03795623069164,1.45599925518036,-3.6972546241707,-5.04194026057015,-2.30482569964809,-3.21310595424814,0,0
2015-05-11,-1.0186491146,0.154801889419628,-3.19226176491972,-2.03834255443787,1.56439530849457,-3.83794471160841,-5.23186886086546,-2.39467115047917,-3.33615696927271,0,0
2015-05-12,-0.3601963268,0.155407532144891,-3.1926500478268,-2.03877945076544,1.49273991584778,-3.74530001265355,-5.10701815709256,-2.33552704153131,-3.25520490398541,0,0
2015-05-13,0.11520279658,0.154773962889887,-3.19224386097454,-2.0383222710743,1.3583642244339,-3.56575061556949,-4.86464146688281,-2.22086788611281,-3.09816880262249,0,0
2015-05-14,2.3331481629,0.155160308835185,-3.19249155077667,-2.03860263399297,1.23375749588013,-3.3908880887264,-4.62882385055378,-2.10921016436997,-2.94530666361932,0,0
2015-05-15,-0.13958898789,0.154465536293741,-3.19204612595623,-2.038098257248,1.39402234554291,-3.61434257633039,-4.93012628734825,-2.25189105855036,-3.14063083495319,0,0
2015-05-18,1.1027413217,0.155036101344552,-3.19241192025601,-2.03851266528474,1.24980163574219,-3.41390571768579,-4.65984750071135,-2.12390949887557,-2.96542402672037,0,0
2015-05-19,-0.092172977929,0.155222081354717,-3.19253115368521,-2.03864681436393,1.20629346370697,-3.35117932018049,-4.57526742819091,-2.08385208989322,-2.91059128767191,0,0
2015-05-20,-0.0076881678979,0.154519985084931,-3.19208103355777,-2.03813780403872,1.08754539489746,-3.17435591176668,-4.33654278476358,-1.97096108478772,-2.75595008897613,0,0
2015-05-21,1.0226049515,0.154675137907749,-3.19218050340455,-2.03825049333963,0.969698548316956,-2.98876948189117,-4.08620279230435,-1.85245683356366,-2.59369642685717,0,0
2015-05-22,0.87525686904,0.154939524866252,-3.19235000422171,-2.03844252066458,0.955154776573181,-2.96500862502973,-4.05421309679108,-1.83727153050243,-2.57293251761704,0,0
2015-05-26,-2.2031084955,0.155176651567293,-3.19250202824675,-2.03861432249091,0.937936723232269,-2.93667004397597,-4.01604109667541,-1.81916287921828,-2.54816436854716,0,1
2015-05-27,1.8708532632,0.151762100668746,-3.19031292946961,-2.04069249331139,1.0430805683136,-3.10654647485018,-4.24437788953377,-1.93242399579015,-2.69975139667717,0,0
2015-05-28,-0.20068915892,0.151724837988843,-3.190289040036,-2.04067344897485,1.13909959793091,-3.25322627755604,-4.44227059285823,-2.02625754835672,-2.82811619659325,0,0
2015-05-29,-1.1382607376,0.151702124176587,-3.1902744780101,-2.04066184032281,1.02905547618866,-3.08458796781836,-4.21473640260689,-1.91839364359201,-2.68053131648978,0,0
2015-06-01,0.19573226891,0.149589277688048,-3.18891991344165,-2.03958199958924,0.999024748802185,-3.0377752574573,-4.15104930408476,-1.88899792690421,-2.63946089800751,0,0
2015-06-02,-0.44049488642,0.149257146101087,-3.1887069809441,-2.03941225265379,0.925309360027313,-2.91805581830033,-3.98943050635275,-1.81251471933133,-2.53468848784055,0,0
2015-06-03,0.12311480477,0.14939386338335,-3.18879463160279,-2.03948212658508,0.877233445644379,-2.83725482635771,-3.88044167764077,-1.76080021457582,-2.46399151236844,0,0
2015-06-04,-0.58407623737,0.148781681448108,-3.18840215635037,-2.0391692505699,0.823422193527222,-2.74445776946623,-3.75507384122789,-1.70161379363008,-2.38277213028221,0,0
2015-06-05,-0.54885590616,0.148720237519315,-3.18836276410425,-2.03913784759883,0.805065989494324,-2.71205322512525,-3.71133435319273,-1.68090577203038,-2.35441661471514,0,0
2015-06-08,-0.66070734529,0.148664551156567,-3.18832706308464,-2.03910938722411,0.801354229450226,-2.70547452970633,-3.70244322086557,-1.67671335928907,-2.34865866139145,0,0
2015-06-09,-0.29733959318,0.148064943539476,-3.18794264933878,-2.038802937734,0.802212715148926,-2.70725823335305,-3.70469421763739,-1.67801598750736,-2.3502011615387,0,0
2015-06-10,1.1458169831,0.148119252155828,-3.187977467073,-2.03883069396543,0.788751840591431,-2.68317779461138,-3.67221602748284,-1.66260098733904,-2.32913354996068,0,0
2015-06-11,-0.22501551821,0.149641200404133,-3.18895320155411,-2.03960853642669,0.824971675872803,-2.74681966423521,-3.75848295214209,-1.70289345017186,-2.38486675053574,0,0
2015-06-12,-1.1042849366,0.149455775825146,-3.18883432421674,-2.03951376900536,0.805897653102875,-2.71321827699369,-3.71309728909788,-1.68145249763383,-2.35545862048129,0,0
2015-06-15,-0.19658724532,0.148594789262313,-3.1882823381173,-2.03907373307911,0.825156390666962,-2.74758092267595,-3.75923960709951,-1.70366143973974,-2.38549876736856,0,0
2015-06-16,0.53577056406,0.148487425352473,-3.18821350616525,-2.03901886116873,0.800811171531677,-2.70458278204381,-3.70119395264197,-1.67619086356074,-2.34787304203002,0,0
2015-06-17,-0.23510971778,0.14917983044487,-3.18865741319317,-2.03937273790656,0.793619930744171,-2.69144673679315,-3.68364953857335,-1.66760247919718,-2.3363998000803,0,0
2015-06-18,0.45561665356,0.148820389811275,-3.18842697262431,-2.03918903377114,0.770816206932068,-2.65049539534262,-3.62830028929106,-1.64150885409482,-2.3005571070224,0,0
2015-06-19,-1.0009383797,0.149323415741028,-3.18874946699631,-2.03944612196564,0.763531446456909,-2.63701500351155,-3.61024295174111,-1.63275044814937,-2.28877525002158,0,0
2015-06-22,0.79778830968,0.147812440169882,-3.18778076719556,-2.03867388745736,0.78548789024353,-2.67744607842304,-3.66440209530537,-1.65901845185504,-2.32410975130521,0,0
2015-06-23,-0.45450983462,0.148539597564184,-3.18824695423155,-2.03904552551925,0.7989821434021,-2.70130048276092,-3.69677867020313,-1.67407757972813,-2.34500268547931,0,0
2015-06-24,0.8501928678,0.147779411973175,-3.18775959252657,-2.03865700729481,0.785296618938446,-2.67711633710442,-3.66394855269402,-1.65881652055443,-2.32382030052929,0,0
2015-06-25,-0.47615330577,0.146196468306912,-3.1867447533436,-2.0378402153727,0.792260050773621,-2.69029288756279,-3.68131600364088,-1.66766454889663,-2.33530241249677,0,0
2015-06-26,-0.58823529416,0.144621211973994,-3.18573484257803,-2.03699512675158,0.791697800159454,-2.68996287391103,-3.680460489655,-1.66784412322722,-2.33496755993254,0,0
2015-06-29,-1.7514792899,0.145594144088458,-3.18635859796059,-2.03751708234819,0.785200238227844,-2.67788680503053,-3.66441837176731,-1.65988081695225,-2.32443170789488,0,1
2015-06-30,0.71870232077,0.144102043508958,-3.1854019990839,-2.03712635581831,0.861584961414337,-2.81263909065963,-3.8458706352486,-1.74679125456745,-2.44302607081266,0,0
2015-07-01,0.93681482958,0.145119581636024,-3.18605435177561,-2.03772881468364,0.872381806373596,-2.8306991978586,-3.87050233023723,-1.75814728224326,-2.45887013418083,0,0
2015-07-02,-0.12638230655,0.145907286890254,-3.18655935658005,-2.03819519525559,0.887219488620758,-2.85558719344256,-3.90428764884329,-1.77391624182198,-2.48068169383453,0,0
2015-07-06,-0.34799114192,0.145821063572519,-3.18650407804855,-2.03814414458654,0.84015566110611,-2.77492875011139,-3.79542550730264,-1.72234197176486,-2.41009473485895,0,0
2015-07-07,-0.24603174616,0.145795001625009,-3.18648736950352,-2.03812871395952,0.807717144489288,-2.71799950712673,-3.71859868129146,-1.68593415413057,-2.36027568204852,0,0
2015-07-08,-2.4822977166,0.145669247043534,-3.18640674712925,-2.03805425781832,0.787120342254639,-2.68130453787124,-3.66904984620095,-1.66248847302063,-2.3281602743392,0,1
2015-07-09,-2.0396508118,0.144411821493433,-3.18560060048922,-2.03809100113379,0.942205548286438,-2.94776380928673,-4.02829277974495,-1.83390753406244,-2.56849974115994,0,1
2015-07-10,2.6734404932,0.143869083467444,-3.18525264634114,-2.04045058862654,1.09207880496979,-3.18480193210805,-4.34802852338671,-1.98845431036978,-2.77819156089684,0,0
2015-07-13,1.9305645685,0.144859726514607,-3.18588775635928,-2.04142685040712,1.34067761898041,-3.54400432881151,-4.83298804881114,-2.21886012363168,-3.09360258612941,0,0
2015-07-14,-0.03978990926,0.144996154654881,-3.18597522164649,-2.04156129800611,1.42468166351318,-3.65778480881628,-4.98655772913853,-2.29181201229782,-3.19350354746633,0,0
2015-07-15,0.96329910029,0.144702802132125,-3.18578715074993,-2.04127220411197,1.22996234893799,-3.38845199030205,-4.62304430904534,-2.11914293813435,-2.95703048986709,0,0
2015-07-16,1.3325973821,0.145633742066665,-3.18638398457459,-2.04218962949613,1.16759669780731,-3.29742585071014,-4.50043552298086,-2.06106219544279,-2.87718763121113,0,0
2015-07-17,0.86374601196,0.146206407592447,-3.18675112550746,-2.04275398157782,1.19342768192291,-3.33513167963387,-4.55145333870564,-2.08538211589717,-2.91033463405864,0,0
2015-07-20,1.8901404104,0.14430235064227,-3.18553041775845,-2.04087756601741,1.14649319648743,-3.26658594939537,-4.45849751047743,-2.04095551816705,-2.85001638912008,0,0
2015-07-21,-0.99946997816,0.145164353083634,-3.1860830551466,-2.04172705468104,1.22171258926392,-3.37644855777547,-4.60695675629825,-2.11157918804927,-2.94652873032437,0,0
2015-07-22,-4.2294455067,0.143849129166216,-3.18523985346216,-2.04043092400395,1.20674908161163,-3.35520474629733,-4.57797497307908,-2.09760773458971,-2.92777746475253,1,1
2015-07-23,-0.047915668256,0.140902006886112,-3.20576646698585,-2.0418507843221,1.84457194805145,-4.21301034050441,-5.73588010502223,-2.6322380308995,-3.67493905290888,0,0
2015-07-24,-0.527325024,0.14081188579127,-3.20572182266176,-2.04179584181303,1.6735463142395,-4.00628996416609,-5.45681040358226,-2.50056992499459,-3.49374059997255,0,0
2015-07-27,-1.3895582329,0.141054452234087,-3.20584198559261,-2.04194372293906,1.48866605758667,-3.77042231956134,-5.13856215285889,-2.35033953333479,-3.28708682986598,0,0
2015-07-28,0.49686405473,0.141454530582796,-3.20604017700932,-2.0421876315194,1.46724724769592,-3.74202135048857,-5.10042172646909,-2.33224697462601,-3.26229727803437,0,0
2015-07-29,-0.31609661219,0.141443544371864,-3.20603473464356,-2.04218093375353,1.34942531585693,-3.58283924422946,-4.88555405799505,-2.23085118487836,-3.1227762381878,0,0
2015-07-30,-0.5041060248,0.140231646560568,-3.20543438287518,-2.04144209778395,1.24224388599396,-3.43241714448124,-4.68193987943251,-2.13507795939921,-2.99066365439069,0,0
2015-07-31,-0.8743973196,0.138901328005484,-3.20477536765987,-2.04063106636666,1.13942408561707,-3.28199798379084,-4.4782868725851,-2.03934600908052,-2.8585644664377,0,0
2015-08-03,-2.3577906019,0.13812682027897,-3.20439169085238,-2.04015888615334,1.10018575191498,-3.22295128701518,-4.39822917517598,-2.00179052728711,-2.80666848183518,0,1
2015-08-04,-3.2083755487,0.137994724335024,-3.20432625296413,-2.05157823611581,1.25225186347961,-3.44777644699073,-4.70160675302514,-2.15780461506694,-3.00659002880076,0,1
2015-08-05,0.66294487096,0.136862608967183,-3.20376542394311,-2.06016590061474,1.69952285289764,-4.03975018420461,-5.50001275264882,-2.54888809932706,-3.53518544748009,0,0
2015-08-06,0.21761838434,0.136119319183147,-3.20339721192713,-2.05979483336598,1.67385828495026,-4.00836152218681,-5.45728147802369,-2.52879535085943,-3.50737535613566,0,0
2015-08-07,0.33874750279,0.135721664165205,-3.20320022098367,-2.05959631489224,1.52533626556396,-3.82037489999632,-5.20337993175826,-2.4079725612313,-3.34200582171763,0,0
2015-08-10,3.6357340719,0.136158181337679,-3.20341646351994,-2.05981423424175,1.37291395664215,-3.61733009063632,-4.92956328432808,-2.2773552218419,-3.16362158958533,0,0
2015-08-11,-5.2038088874,0.139407536356484,-3.20502613391743,-2.05268044932927,1.86051201820374,-4.23226692946052,-5.7611197855494,-2.66046064938159,-3.69630538047007,1,1
2015-08-12,1.541986078,0.136312085283159,-3.22704109014666,-2.05989106660895,3.19210958480835,-5.62927307773761,-7.63871323040203,-3.54398730952245,-4.91050725751416,0,0
2015-08-13,-0.07809788267,0.135955161791069,-3.22684726705838,-2.05971288224388,2.76209044456482,-5.22691592661866,-7.09596535441821,-3.28719249672219,-4.55819048995379,0,0
2015-08-14,0.7034303082,0.135298859733494,-3.22649086997478,-2.05938524125635,2.41219043731689,-4.8758376800637,-6.62224073360024,-3.06317931604991,-4.25069026012629,0,0
2015-08-17,1.0348395999,0.136094211110572,-3.22692277614962,-2.05978229884228,2.16994118690491,-4.61739545296327,-6.27407762714464,-2.89811346815465,-4.02471368671471,0,0
2015-08-18,-0.56333219536,0.13724001608079,-3.2275449920105,-2.06035431087185,1.96751630306244,-4.38997868459122,-5.96789736301133,-2.75278152948373,-3.82595328414853,0,0
2015-08-19,-1.2789699571,0.137838516091097,-3.22787000037478,-2.06065309575626,1.78076922893524,-4.16960763489009,-5.67097452745893,-2.61200960195337,-3.63318333746253,0,0
2015-08-20,-2.0519954786,0.1376346115042,-3.22775927239631,-2.06055130192606,1.77729523181915,-4.16546030039565,-5.66529428435351,-2.60939423257806,-3.62950278816785,0,0
2015-08-21,-6.116289392,0.137538110300972,-3.22770686855726,-2.06050312631978,1.91630506515503,-4.3305981631958,-5.88794894035271,-2.71483019180514,-3.7740475754925,1,1
2015-08-24,-2.4962178518,0.134092442010011,-3.29390587153313,-2.06564663495552,3.72797751426697,-6.22577152460095,-8.35956803985669,-3.85425212938181,-5.35485329529849,0,0
2015-08-25,0.60124127231,0.13491550290307,-3.29459610505654,-2.05919386076462,3.87783694267273,-6.352877014731,-8.5290571469568,-3.92009521653609,-5.45679329032981,0,0
2015-08-26,5.7354925775,0.131479058190847,-3.29171424131873,-2.05747830902115,6.00638866424561,-7.93583273079465,-10.6446193527905,-4.91097535951057,-6.82133318483232,0,0
2015-08-27,2.94466223,0.133598380884963,-3.29349154307457,-2.05853632334914,8.58033180236816,-9.51376403788675,-12.7510284943252,-5.89630808883551,-8.18116861477292,0,0
2015-08-28,0.32766560398,0.135205200605342,-3.2948390507091,-2.05933848447891,7.57452917098999,-8.93280554047679,-11.9741958404418,-5.53247786657198,-7.68037027272907,0,0
2015-08-31,-0.46782593354,0.13626626287757,-3.29572887642781,-2.05986819101677,5.58331298828125,-7.65122306076397,-10.2622979026146,-4.73100351176441,-6.57572392762753,0,0
2015-09-01,-4.4696700958,0.133967348717223,-3.29380096606992,-2.05872052052411,5.7981767654419,-7.79730892716764,-10.4584295517849,-4.82330887753657,-6.70178433695537,0,0
2015-09-02,4.2888971408,0.131282170734091,-3.29154912799098,-2.05738001830269,7.13045787811279,-8.65811421677488,-11.6095319741055,-5.36252266019668,-7.44384270722789,0,0
2015-09-03,-1.7536051272,0.133357999016848,-3.29328995455883,-2.05841631922643,7.61123085021973,-8.95232157932088,-12.0013280246663,-5.54549547983451,-7.6972916187946,0,0
2015-09-04,-0.99664763975,0.131831046481496,-3.29200942496808,-2.05765402962086,5.52220869064331,-7.60418705840738,-10.2014595872769,-4.70352838657933,-6.53548082807301,0,0
2015-09-08,2.7820993868,0.131919163915496,-3.29208332181758,-2.05769801985792,4.3093113899231,-6.70207741711279,-8.99644664511607,-4.13963166206233,-5.75798812862021,0,0
2015-09-09,-1.9232481524,0.132372894898587,-3.29246382870083,-2.05792453273512,4.21828079223633,-6.62983868624592,-8.89979831828648,-4.09428587264025,-5.69569445634151,0,0
2015-09-10,2.1970040852,0.132743097502663,-3.29277428719781,-2.0581093463364,3.82837581634522,-6.30997670174895,-8.47244797452912,-3.89420217057114,-5.41998960301752,0,0
2015-09-11,1.4568712801,0.134314303624656,-3.29409192863446,-2.05889372834387,3.91005253791809,-6.37937458065812,-8.564635327889,-3.93691184390803,-5.4796780826111,0,0
2015-09-14,0.96313807917,0.132590715106618,-3.2926464966066,-2.05803327356145,3.58649253845215,-6.1030354762588,-8.1960924314885,-3.76492035890243,-5.24164721437221,0,0
2015-09-15,0.84121064956,0.133042456515302,-3.29302533499731,-2.05825879319764,3.07613062858582,-5.64256221437288,-7.58094492356463,-3.47691734960889,-4.84474525385213,0,0
2015-09-16,0.11179910561,0.131662448881872,-3.29186803601836,-2.05756986184568,2.69280290603638,-5.27021466888651,-7.08392002140041,-3.24476073494591,-4.52395418554852,0,0
2015-09-17,-2.1389914956,0.130428654755524,-3.29083335429047,-2.0569539236183,2.33316349983215,-4.89621938283338,-6.58456538427536,-3.011506013582,-4.20173905265215,0,0
2015-09-18,-0.41257022476,0.130022124918801,-3.29049243112921,-2.05675097463219,2.39565420150757,-4.96296949245173,-6.67380784153504,-3.05339667699762,-4.25930407070201,0,0
2015-09-21,1.5513442044,0.13046277339077,-3.29086196678563,-2.05697095642082,2.22756242752075,-4.78115552254064,-6.43084853018867,-2.93957063600934,-4.10256921444716,0,0
2015-09-22,-1.5710441802,0.131309925901682,-3.29157240396884,-2.05739387431673,2.28648161888123,-4.84591502772404,-6.51721838083783,-2.97969930431875,-4.15830338662822,0,0
2015-09-23,0.81128747788,0.130534450321646,-3.29092207633641,-2.05700673918296,2.25300407409668,-4.80914295621573,-6.46822461326267,-2.95703477159951,-4.12668328027629,0,0
2015-09-24,0.59482155357,0.130143496974584,-3.29059421589679,-2.0568115663365,2.08144426345825,-4.61726631369851,-6.21195863331678,-2.83726201342216,-3.96135298584768,0,0
2015-09-25,-0.25217391303,0.130146077266254,-3.29059637977534,-2.05681285447708,1.91498422622681,-4.42347843348755,-5.95307555999751,-2.71613233164021,-3.79433904766043,0,0
2015-09-28,-1.9789033214,0.130103330063204,-3.29056053120955,-2.05679151409629,1.73510599136353,-4.20433560590706,-5.66032532760984,-2.57917283650991,-3.60547770283241,0,0
2015-09-29,-3.0060476698,0.128759667859572,-3.28943371215533,-2.05612072721359,1.88258731365204,-4.38458710559781,-5.90128630085619,-2.69239031176042,-3.76095489769171,0,1
2015-09-30,1.1369888134,0.12581651280368,-3.28696552990868,-2.06043726227445,2.31375408172607,-4.87399634024755,-6.55565839204142,-3.00832061552565,-4.18574710775832,0,0
2015-10-01,-0.6527651859,0.126542516250948,-3.28757436932948,-2.06089817835685,2.31838965415955,-4.87920339128999,-6.56249351888495,-3.011434442814,-4.19017184284366,0,0
2015-10-02,0.73006022994,0.126254073367115,-3.28733247599001,-2.060715055309,2.17058920860291,-4.71694644362228,-6.3457184175534,-2.90978085590626,-4.05027574233013,0,0
2015-10-05,0.36238448993,0.126298658332232,-3.2873698657358,-2.06074336085979,2.15683817863464,-4.70159117021844,-6.32519238368127,-2.90014567786706,-4.03703003562492,0,0
2015-10-06,0.47842570875,0.125475779662873,-3.28667978502843,-2.06022094183548,2.01144242286682,-4.53586867138799,-6.10384921355846,-2.79643936975608,-3.89419626881224,0,0
2015-10-07,-0.47614769574,0.125310918652325,-3.28654152964886,-2.06011627691769,1.88998007774353,-4.39291286840964,-5.91282590848638,-2.70686578823309,-3.77093514905459,0,0
2015-10-08,-1.1554432208,0.123777807113648,-3.28525583500823,-2.05914295404031,1.83118653297424,-4.32187444406432,-5.81806445455745,-2.6626820513782,-3.70982234054985,0,0
2015-10-09,2.3926940639,0.12312529004021,-3.28470862256929,-2.05872869207734,1.88066709041595,-4.38143924251192,-5.89775388458573,-2.70016204350269,-3.76124857120243,0,0
2015-10-12,-0.4637887977,0.124994597068095,-3.28627625673472,-2.05991545458561,2.18138647079468,-4.72867687015004,-6.36158854294447,-2.91740113771353,-4.06050695507534,0,0
2015-10-13,0.17025089601,0.124973358674661,-3.28625844583974,-2.05990197101727,1.99441301822662,-4.51600203087071,-6.07736673032239,-2.78409618345756,-3.87711151594726,0,0
2015-10-14,-1.4133643439,0.122792780115706,-3.28442977382469,-2.05851759229216,1.76304936408997,-4.23826877458242,-5.70642469269479,-2.61050418453854,-3.63782191603002,0,0
2015-10-15,1.4971418203,0.121641944701542,-3.28346466275031,-2.05778696414903,1.78085470199585,-4.26009791555519,-5.73572613675745,-2.62444735146767,-3.65675616559344,0,0
2015-10-16,-0.73305918113,0.122696175313366,-3.28434875931695,-2.05845626103099,1.82646358013153,-4.31599343102153,-5.81032634846401,-2.65923993455136,-3.70485439340247,0,0
2015-10-19,0.62139769452,0.121147327910206,-3.28304986830011,-2.05747294796273,1.71159815788269,-4.17400316069173,-5.62068622624611,-2.57060463816733,-3.58256413856465,0,0
2015-10-20,1.8258301263,0.121452590857656,-3.28330586724449,-2.05766674952438,1.56438708305359,-3.98515734369835,-5.36820952208647,-2.45218357259063,-3.41969211063416,0,0
2015-10-21,-0.0087896633886,0.122118464816788,-3.28386428100565,-2.05808949134161,1.62447500228882,-4.06332727600507,-5.47264787319055,-2.50101731627828,-3.48703307832059,0,0
2015-10-22,1.5295358649,0.121978457709593,-3.28374686855207,-2.05800060536235,1.47423708438873,-3.86508674035217,-5.20766533310926,-2.37680811741041,-3.31610227298539,0,0
2015-10-23,3.0995670995,0.122281084721494,-3.28400065695395,-2.05819273345386,1.48576772212982,-3.88065536118596,-5.2284555894643,-2.3864926842479,-3.32949704991811,0,0
2015-10-26,-3.191132012,0.123494208866728,-3.28501800446755,-2.05896290669558,1.80541515350342,-4.29044447464921,-5.77608798386003,-2.64304649484582,-3.68274665075894,0,1
2015-10-27,-0.63324080502,0.123804912768867,-3.28527856629344,-2.05916016254319,2.1964750289917,-4.74514531916487,-6.38378345086225,-2.92797536969132,-4.07094754120488,0,0
2015-10-28,4.1204714098,0.12345409794745,-3.28498436673628,-2.05893744157163,1.97084641456604,-4.48823156716487,-6.04045148697399,-2.76702306255502,-3.84964100546115,0,0
2015-10-29,1.0564265951,0.125715145771623,-3.28688052171027,-2.06037290762782,2.68941402435303,-5.26458254083968,-7.07763747550925,-3.25317959779636,-4.51829555917668,0,0
2015-10-30,-0.85455903109,0.125988242285925,-3.28710954531094,-2.06054628776253,2.36982202529907,-4.93426257002564,-6.63616474488759,-3.04606333759825,-4.23368416391182,0,0
2015-11-02,1.4058577408,0.12523067389852,-3.28647423496918,-2.06006533212164,2.06123208999634,-4.59315763831057,-6.18044355512651,-2.8324034015626,-3.93987409259673,0,0
2015-11-03,1.1470539692,0.12502011988149,-3.28629766062059,-2.05993165819347,1.95956683158875,-4.47528817677438,-6.02294946938022,-2.75856550636454,-3.83834386239534,0,0
2015-11-04,-0.4650403851,0.125197509298717,-3.28644642254513,-2.06004427699101,1.81087994575501,-4.29733858623992,-5.78511339604347,-2.64698222590141,-3.68501576158774,0,0
2015-11-05,-0.46098123139,0.125375120429638,-3.28659537040273,-2.06015703654741,1.63321423530579,-4.0748040560712,-5.48770083823312,-2.50744934075975,-3.49327501547748,0,0
2015-11-06,0.11577902751,0.12470493941019,-3.28603334466408,-2.05973156031704,1.47517204284668,-3.86640143051704,-5.20923890625983,-2.37697623314098,-3.31379295369132,0,0
2015-11-09,-0.40475797132,0.125110471053584,-3.28637343072264,-2.05998901922727,1.31191778182983,-3.63906811810798,-4.90539959688759,-2.23437992878761,-3.11789505159138,0,0
2015-11-10,-3.15169611,0.1261100075267,-3.28721165981046,-2.05479795621498,1.19455718994141,-3.46667427402321,-4.67498266589922,-2.11969785726888,-2.96826384099618,0,1
2015-11-11,-0.56521366796,0.124589623601958,-3.28593663877355,-2.05965835004404,1.50245690345764,-3.90313895592146,-5.25834524846132,-2.40003142436284,-3.35361265279487,0,0
2015-11-12,-0.33588838178,0.122756082904315,-3.28439899888965,-2.05849429442081,1.43325638771057,-3.80928325521746,-5.13302301294407,-2.34164624631885,-3.27274184215814,0,0
2015-11-13,-2.9208434152,0.122501763790909,-3.2841857223518,-2.05833283544996,1.29503977298737,-3.61489548881404,-4.87320434703106,-2.21987718018929,-3.10490440763722,0,1
2015-11-16,1.6334342177,0.121640641129073,-3.28346356955122,-2.06203406484457,1.54733669757843,-3.96272500751503,-5.33820775490379,-2.44336455000092,-3.41149155435516,0,0
2015-11-17,-0.42478651203,0.121258112940291,-3.28314277459939,-2.06168034909445,1.59124231338501,-4.02024439575557,-5.41512957727489,-2.47943729511899,-3.46128504316134,0,0
2015-11-18,3.1665054095,0.12121891499245,-3.28310990250223,-2.06164410357862,1.43894100189209,-3.81706403191259,-5.14351918253935,-2.35184414315338,-3.28553085619453,0,0
2015-11-19,1.270355529,0.119944386778084,-3.28204106044266,-2.0604655742137,1.76792299747467,-4.24396458252404,-5.71433907123986,-2.61971792537978,-3.65493519068084,0,0
2015-11-20,0.43778413874,0.118939855326066,-3.28119864247657,-2.05953670516173,1.69232130050659,-4.14954685466379,-5.58820485487094,-2.56029600102057,-3.57335774993791,0,0
2015-11-23,-1.2992455992,0.118928456274274,-3.28118908302872,-2.0595261646989,1.49840271472931,-3.89755084808248,-5.25127649158072,-2.40212229940446,-3.3553789788362,0,0
2015-11-24,0.95966029712,0.117782283248124,-3.28022788191597,-2.05846632267,1.44145786762238,-3.82048322849545,-5.14830573414267,-2.3536273923875,-3.28882751468945,0,0
2015-11-25,-0.71500672939,0.118584375790868,-3.28090053100736,-2.05920800073123,1.36903500556946,-3.7202585313527,-5.01424716623828,-2.29080778749829,-3.20205304567105,0,0
2015-11-27,-0.18639328982,0.119353421842002,-3.28154546672234,-2.05991912139848,1.29049909114838,-3.60848669302793,-4.86476779425206,-2.22071750266872,-3.10529193856812,0,0
2015-11-30,0.41592394537,0.120968478069032,-3.28289988163803,-2.05735940198931,1.1621675491333,-3.41812481071434,-4.61021853742616,-2.09694468246351,-2.93811057251123,0,0
2015-12-01,-0.81149619618,0.122640546859133,-3.2843021083045,-2.05842094432651,1.04797184467316,-3.23951581082005,-4.37144109951276,-1.98457518315791,-2.78355839931545,0,0
2015-12-02,-0.90335776367,0.121474555694573,-3.28332428734792,-2.05768069428817,1.02590835094452,-3.20411051415852,-4.32411639330077,-1.96269124596526,-2.75307234346553,0,0
2015-12-03,-0.92879256972,0.121956906224448,-3.2837287950928,-2.05798692302222,1.02809703350067,-3.20758384201741,-4.3287591681823,-1.96474140144066,-2.75602589423367,0,0
2015-12-04,3.3246527779,0.122558595689371,-3.28423338259401,-2.05836891618221,1.02105593681335,-3.19607097440716,-4.31336980406103,-1.95736787592285,-2.74601359988744,0,0
2015-12-07,-0.63009325377,0.124917299648734,-3.2862114337422,-2.05986638095676,1.33616423606873,-3.67369896951599,-4.95169009127078,-2.2561351994893,-3.15864116827169,0,0
2015-12-08,-0.042272573683,0.124830403927838,-3.28613856144307,-2.05981121367705,1.27767765522003,-3.5896367429987,-4.83934973313837,-2.20346493085999,-3.08598544238487,0,0
2015-12-09,-2.2075615326,0.123149389182284,-3.28472883253903,-2.05874399184237,1.1467137336731,-3.39429329605642,-4.57831699852868,-2.08145085761724,-2.91729541585814,0,1
2015-12-10,0.47569624639,0.12198411011347,-3.28375160875863,-2.062351663372,1.26649940013886,-3.57351236845013,-4.81790787638117,-2.19896284860981,-3.07335335356463,0,0
2015-12-11,-2.5738142377,0.122224177005161,-3.28395293312952,-2.06257364816466,1.21362268924713,-3.49552761748193,-4.71365592392998,-2.15000069005421,-3.00589971623964,0,1
2015-12-14,-0.61848383102,0.122961949863514,-3.28457164258807,-2.06612669587681,1.38719081878662,-3.74557582499473,-5.0478568128012,-2.31050275737743,-3.22567240367098,0,0
2015-12-15,-1.769203414,0.122853966689451,-3.28448108597515,-2.06605076336398,1.33313035964966,-3.66944942695117,-4.94610881413669,-2.26263436959451,-3.15978707369602,0,0
2015-12-16,0.76930038922,0.124693967862574,-3.28602414372885,-2.0648574116921,1.44923722743988,-3.83116218378966,-5.16214385291781,-2.36106953753209,-3.29023714378185,0,0
2015-12-17,-2.1196335549,0.124824530880694,-3.28613363620113,-2.06497814056189,1.36529660224915,-3.71488812717267,-5.00674159448892,-2.28801791033087,-3.18985045298993,0,0
2015-12-18,-2.7069187007,0.12324681724736,-3.28481053744957,-2.06351926203306,1.54658353328705,-3.96179979268761,-5.33684714160604,-2.44298105793739,-3.40313999302359,0,1
2015-12-21,1.226068094,0.124418217997845,-3.28579289498126,-2.06460243160669,1.8422657251358,-4.33539142588445,-5.83605701756619,-2.67786851447587,-3.72467782391332,0,0
2015-12-22,-0.093170595301,0.123446669900024,-3.28497813744342,-2.06370406156686,1.86127483844757,-4.35820126601464,-5.86665592884304,-2.6920347917385,-3.7444417914061,0,0
2015-12-23,1.2962790262,0.124967878177424,-3.28625384979715,-2.06511069078453,1.59797310829163,-4.02921719710673,-5.42681319316589,-2.48555839355183,-3.46038399227069,0,0
2015-12-24,-0.54317805188,0.123660637889127,-3.28515757480979,-2.06390191325462,1.56393361091614,-3.98466975381099,-5.36738239228044,-2.45740001525257,-3.42204711942497,0,0
2015-12-28,-1.1200592428,0.12250183652372,-3.28418578334683,-2.0628303940667,1.42779397964478,-3.8017827082769,-5.12301284868456,-2.34238108058439,-3.26430667649496,0,0
2015-12-29,1.7974162141,0.121262787846036,-3.28314669505861,-2.06168467188122,1.39629769325256,-3.75826885295987,-5.06491869113798,-2.31492775154287,-3.22686102320278,0,0
2015-12-30,-1.3058672062,0.122148254100806,-3.28388926282977,-2.06250344385592,1.46460163593292,-3.85203840507013,-5.19021198441273,-2.37390840768902,-3.30770980956168,0,0
2015-12-31,-1.9194931047,0.122315958920621,-3.28402990307844,-2.06265851696655,1.45339000225067,-3.83679968225206,-5.16983133041082,-2.36435555075877,-3.29454375952465,0,0
2016-01-04,0.085502565162,0.120232782826997,-3.28228291450553,-2.06073224795896,1.5286773443222,-3.93797170394869,-5.30522348165351,-2.42765022194142,-3.38203647752384,0,0
2016-01-05,-2.5059326056,0.120023979813365,-3.28210780857958,-2.06053917221511,1.34594142436981,-3.68770406112006,-4.97064833278642,-2.27050468136452,-3.16607157814861,0,1
2016-01-06,-1.9569662157,0.119175815398188,-3.28139652279543,-2.06346433012998,1.61135530471802,-4.04620171661802,-5.4500078785907,-2.5001686920794,-3.47758066341729,0,0
2016-01-07,-4.2204568023,0.118651499172026,-3.28095682187025,-2.06309563705427,1.8375016450882,-4.32883238746705,-5.82795006774649,-2.6779670180945,-3.72167046857336,0,1
2016-01-08,0.52877138423,0.118369483821501,-3.28072031877468,-2.06289732713787,2.78315949440002,-5.35479192322489,-7.19979240168301,-3.32312169510565,-4.62249280694865,0,0
2016-01-11,1.6192244226,0.118223450897716,-3.28059785296399,-2.06279463848332,2.40826463699341,-4.97280003575838,-6.68905745633143,-3.08294183157622,-4.29162088365445,0,0
2016-01-12,1.4513346188,0.118579045587377,-3.28089606100378,-2.06304468853573,2.457270860672,-5.0244501233164,-6.75805374734785,-3.1153847291276,-4.33633573004719,0,0
2016-01-13,-2.5710284113,0.120260426441211,-3.28230609693274,-2.06422701600815,2.45121622085571,-5.01863630487307,-6.74997025900002,-3.11156779188608,-4.3311839943678,0,0
2016-01-14,2.1870828627,0.12055772641393,-3.28255541798469,-2.06443607389322,2.76352524757385,-5.3363145042016,-7.17461232854623,-3.31133068033997,-4.60634573346133,0,0
2016-01-15,-2.4015273311,0.12092879996042,-3.2828666068695,-2.06469700849783,3.04863095283508,-5.61106436300664,-7.54182858461746,-3.48410014381189,-4.84431937386438,0,0
2016-01-19,-0.48388757332,0.120355239418002,-3.28238560878367,-2.06429368739135,3.40149354934692,-5.93339397502628,-7.97289057592825,-3.68685018306082,-5.1235651639017,0,0
2016-01-20,0.13449203379,0.121223236869245,-3.28311352690508,-2.06490405310965,2.98794722557068,-5.55386164634078,-7.46528748419987,-3.44810376965936,-4.79475013851598,0,0
2016-01-21,-0.50625064569,0.121744628340993,-3.28355077507912,-2.06527068953204,2.56118607521057,-5.1331535140313,-6.90277850819258,-3.18345387575595,-4.43028166902383,0,0
2016-01-22,5.3167185879,0.119950137800278,-3.2820458833523,-2.06400882464258,2.52718925476074,-5.09756276109545,-6.85554731857651,-3.16123271239429,-4.39957317807278,0,0
2016-01-25,-1.9522776574,0.121088056950843,-3.28300016261799,-2.06480899616233,4.54977560043335,-6.8816179349869,-9.24029592056637,-4.28319144759313,-5.94490903341257,0,0
2016-01-26,0.55309734526,0.120953615806372,-3.28288741787987,-2.06471445871225,3.78204131126404,-6.26343219363308,-8.41393225060105,-3.89439385512823,-5.4094213421621,0,0
2016-01-27,-6.5706570656,0.122346709316848,-3.28405569090837,-2.06569406587581,3.06972336769104,-5.63152445557333,-7.56883118911371,-3.4968786144291,-4.86195591070834,1,1
2016-01-28,0.7171911795,0.119475484172123,-3.30730123269689,-2.07058084029151,5.32320356369019,-7.51115265734619,-10.0514297032852,-4.65778286563149,-6.47155283353183,0,0
2016-01-29,3.4541396535,0.120183063057312,-3.30784086939895,-2.07100344662163,3.90683031082153,-6.41799709038767,-8.59425475955135,-3.97330092454397,-5.52738617662705,0,0
2016-02-01,-0.93486747473,0.122951796698636,-3.30995245062664,-2.07265709173138,4.25866365432739,-6.70764146773071,-8.97985101764024,-4.15429320347403,-5.77782536343203,0,0
2016-02-02,-2.0221922638,0.12266593434655,-3.30973443703105,-2.07248635848585,3.27770066261292,-5.8694166898354,-7.86281893613396,-3.62945065802785,-5.05368633771096,0,0
2016-02-03,1.9792548688,0.122837977943281,-3.309865646485,-2.07258911270104,3.06726264953613,-5.67392907657752,-7.60228249188833,-3.50701216380578,-4.8848209659876,0,0
2016-02-04,0.80350620883,0.123770868047054,-3.31057711731817,-2.07314628769795,3.02995181083679,-5.6388701953204,-7.55547959956359,-3.48490444882152,-4.85458554683139,0,0
2016-02-05,-2.6708074533,0.124397989331311,-3.31105539284152,-2.07352084017546,2.84369301795959,-5.45911848984843,-7.31589744883838,-3.37223266386551,-4.69932820946124,0,0
2016-02-08,1.0529674537,0.12386268038341,-3.31064713821257,-2.07320112324397,3.12277841567993,-5.72650927891933,-7.67225817086812,-3.5397708060805,-4.9303023931698,0,0
2016-02-09,-0.021050415671,0.121799349982401,-3.30907353442625,-2.07196878504557,2.85705351829529,-5.47146835481064,-7.33254906690119,-3.38041236280265,-4.70987005056067,0,0
2016-02-10,-0.75797452364,0.121518928981275,-3.30885967068978,-2.07180130168413,2.56862688064575,-5.18156939709094,-6.94620544784121,-3.19894382567279,-4.45943364602351,0,0
2016-02-11,-0.60464622902,0.121232340700942,-3.30864110346331,-2.07163013487299,2.48502731323242,-5.094499371187,-6.83017595402552,-3.14447906524441,-4.38420968851422,0,0
2016-02-12,0.30949839929,0.121033374160918,-3.3084893611633,-2.07151130074572,2.26604914665222,-4.85936869424701,-6.51680520300379,-2.9972958815018,-4.18109388450807,0,0
2016-02-16,2.8194488776,0.122111594018177,-3.30931166807499,-2.07215527493217,2.12256932258606,-4.6992378776041,-6.30336397185642,-2.89681975545034,-4.04279643452301,0,0
2016-02-17,1.5314569537,0.119264672136216,-3.30714045640157,-2.07045493136078,2.39852285385132,-5.00255838081333,-6.70771955897842,-3.08728308032158,-4.30472336288362,0,0
2016-02-18,-1.8956379943,0.117462947126289,-3.30576636658244,-2.06937883877199,2.34054684638977,-4.9399780619275,-6.62437048477317,-3.04844784084426,-4.25061266042873,0,0
2016-02-19,-0.22854768331,0.117519337518339,-3.30580937284765,-2.06941251831944,2.35400152206421,-4.95450321948051,-6.64373116760213,-3.05752973181458,-4.26315974015899,0,0
2016-02-22,0.87463556847,0.118074731691095,-3.30623294552061,-2.06974423128888,2.08267951011658,-4.65331258027077,-6.24222095068705,-2.86887492579077,-4.00303520297943,0,0
2016-02-23,-2.2605284889,0.118827305847887,-3.30680689797244,-2.0701937113528,1.91911792755127,-4.46216609457437,-5.98742011253531,-2.74905824716631,-3.83795126273078,0,0
2016-02-24,1.4890695955,0.118674804358621,-3.30669059235275,-2.07010262879499,2.03410148620605,-4.59739113122315,-6.16767041823461,-2.83374551382786,-3.95474720665292,0,0
2016-02-25,0.68678459938,0.119421509271099,-3.3072600686116,-2.0705486034126,1.99241960048676,-4.54887841112373,-6.10299888924539,-2.80322191155382,-3.91285901233673,0,0
2016-02-26,0.15502273673,0.120705278634812,-3.30823913833815,-2.07131534344806,1.89243340492249,-4.43029852058414,-5.94494375041129,-2.72871509372315,-3.81045345674,0,0
2016-02-29,-0.227014756,0.119890512317673,-3.30761775488885,-2.07082871869088,1.68976700305939,-4.17971614927555,-5.61094805281245,-2.57200123990841,-3.59399517985605,0,0
2016-03-01,3.971455166,0.120146263884977,-3.30781280442356,-2.07098146806419,1.51470637321472,-3.95089168147535,-5.30596278760939,-2.42868120584138,-3.39634237199779,0,0
2016-03-02,0.21884014732,0.120531841471337,-3.30810686607724,-2.0712117569156,2.05129241943359,-4.61744919590374,-6.19438331530551,-2.84592674826918,-3.97211066950811,0,0
2016-03-03,0.74441687357,0.120972210339489,-3.30844271443094,-2.07147477023491,1.84293699264526,-4.37039809195181,-5.86510891897066,-2.69115454174153,-3.75871481313616,0,0
2016-03-04,1.487684729,0.122049143841212,-3.30926404030056,-2.07211797613672,1.69919288158417,-4.1916788832991,-5.62693231406619,-2.57902072557616,-3.60434272785157,0,0
2016-03-07,-1.106688671,0.122391719086971,-3.30952530611798,-2.072322581546,1.71226859092712,-4.20824397746144,-5.6490147510885,-2.58931866723831,-3.61865488204848,0,0
2016-03-08,-0.82458034758,0.120737570075349,-3.30826376548127,-2.07133462973185,1.71389424800873,-4.2103018727341,-5.65172932400479,-2.59096639809984,-3.62042050858093,0,0
2016-03-09,0.089082450722,0.119688306322895,-3.30746354201105,-2.07070794977709,1.61143505573273,-4.07888238004278,-5.47654387656695,-2.5089162383767,-3.50689705817206,0,0
2016-03-10,0.049446202502,0.119124979722258,-3.3070339196533,-2.07037149911083,1.4531102180481,-3.86733976590158,-5.19455725102162,-2.37660478661016,-3.32417588712035,0,0
2016-03-11,1.0773944845,0.119597846838401,-3.30739455287231,-2.07065392223109,1.32373416423798,-3.68568020036332,-4.95244369596762,-2.26276500333176,-3.16726303772613,0,0
2016-03-14,0.25425386266,0.11886140439853,-3.30683290331234,-2.07021407694546,1.3569610118866,-3.7332242468304,-5.01577688906189,-2.2927034293691,-3.2083361208196,0,0
2016-03-15,2.0093640265,0.119234470466428,-3.30711742302702,-2.07043689320687,1.23057663440704,-3.54939582085725,-4.77076706039677,-2.1775293062913,-3.04955084848912,0,0
2016-03-16,1.329126028,0.120051024468004,-3.30774016985806,-2.07092458567082,1.31712770462036,-3.67611615322385,-4.93972113907946,-2.25667010110215,-3.15899725107705,0,0
2016-03-17,-0.16042276111,0.120156214072281,-3.30782039295733,-2.07098741088163,1.34625315666199,-3.71784658952083,-4.99534766697108,-2.28277216320382,-3.19504216467916,0,0
2016-03-18,0.11342155012,0.120574232361704,-3.30813919558955,-2.07123707516489,1.22894489765167,-3.54675567641523,-4.76733547288348,-2.1755533562376,-3.04725074986933,0,0
2016-03-21,-0.0094410876954,0.120864304823161,-3.30836042003496,-2.07141032292704,1.10445630550385,-3.35599475295057,-4.51310748776662,-2.05604535109601,-2.88246613342512,0,0
2016-03-22,0.76480030202,0.122260920589789,-3.30942555233627,-2.06563374024013,0.992697656154633,-3.17505921010929,-4.27208489891269,-1.93581701669355,-2.72548950869091,0,0
2016-03-23,-0.55284857563,0.122836024885988,-3.30986415698126,-2.06603814689633,0.991470992565155,-3.17288297847693,-4.26923783544708,-1.93437262763138,-2.72359399525022,0,0
2016-03-24,-0.4334306981,0.122559274274821,-3.30965309247633,-2.06584353908345,0.96590119600296,-3.13017680337029,-4.21229854834827,-1.90775738508208,-2.68671782760429,0,0
2016-03-28,-0.45424434575,0.124057144918243,-3.31079544704773,-2.06426855494363,0.923242211341858,-3.0571370081601,-4.11511100520108,-1.8594054888805,-2.62139891516134,0,0
2016-03-29,2.367145166,0.123699943077388,-3.31052302622313,-2.06393825793341,0.888158917427063,-2.99620924621956,-4.0338827899579,-1.82140053985577,-2.56882818430404,0,0
2016-03-30,1.7459138187,0.125941426597162,-3.31223249890476,-2.06601091047987,1.02257943153381,-3.22347650101464,-4.33693746667371,-1.96326396115597,-2.76490774895395,0,0
2016-03-31,-0.52026286976,0.125796477956807,-3.31212195348306,-2.06587687952854,1.11174333095551,-3.36647973417854,-4.52746850987251,-2.05244840097676,-2.88833530187636,0,0
2016-04-01,0.91751536838,0.126293412395281,-3.31250094170208,-2.06633638432536,1.06800091266632,-3.29698185442063,-4.43490785260094,-2.00914393898193,-2.82834164962079,0,0
2016-04-04,1.0273661243,0.126810121785939,-3.31289501133493,-2.06681417460348,1.03186058998108,-3.23844648662562,-4.356960093602,-1.97267085652626,-2.77780715527225,0,0
2016-04-05,-1.1789056874,0.127103299825532,-3.31311860425681,-2.0670852701547,1.0273996591568,-3.23109774067118,-4.34719467433073,-1.96810931831316,-2.77145714223189,0,0
2016-04-06,1.0472634549,0.125996803031181,-3.31227473187249,-2.06606211590073,1.04877734184265,-3.26609814129656,-4.3937327373882,-1.98985391145711,-2.80169277097424,0,0
2016-04-07,-2.1809661138,0.126909359930495,-3.31297069553942,-2.0669059380232,1.064608335495,-3.29140914073691,-4.42753430691069,-2.00572127776177,-2.8235180072204,0,1
2016-04-08,0.11055831964,0.127508198670366,-3.31342740131374,-2.0693235651932,1.18279409408569,-3.47605408787337,-4.67359064212897,-2.12301232132951,-2.984360780525,0,0
2016-04-11,0.33130866923,0.128508628591044,-3.31419038154723,-2.07002705588464,1.09406661987305,-3.3380562805894,-4.48981372543239,-2.03669080984126,-2.86517345101961,0,0
2016-04-12,1.3025133003,0.127021912018013,-3.31305653365386,-2.06898161407175,1.01933908462524,-3.21791695630972,-4.32962601083699,-1.9618700065064,-2.76145668879166,0,0
2016-04-13,1.4487504528,0.127878588632138,-3.31370988008978,-2.06958401910898,1.05533456802368,-3.27627827847062,-4.40745671014814,-1.99819427400033,-2.81183592147967,0,0
2016-04-14,0.053552302779,0.129549667482622,-3.31498433230794,-2.07075910233239,1.11253428459167,-3.36698776365772,-4.52843901261809,-2.05461954309668,-2.89013975518594,0,0
2016-04-15,-2.0071364854,0.129757584742266,-3.31514290089534,-2.07090530733259,1.03082084655762,-3.2360853813189,-4.35407277496754,-1.97281906743813,-2.77708484573314,0,1
2016-04-18,-2.1574874829,0.129730068603162,-3.31512191564709,-2.07670546100032,1.10958850383759,-3.36232013489991,-4.52223509145035,-2.05780930769353,-2.88635351584545,0,1
2016-04-19,-0.5303312244,0.127346912904494,-3.31330439634481,-2.08138000909115,1.26355493068695,-3.59707094337442,-4.83481392493835,-2.21228987993375,-3.08991941851702,0,0
2016-04-20,0.20578056301,0.128142439375519,-3.31391110648019,-2.08219257796637,1.19728112220764,-3.49795042368251,-4.70280714271337,-2.15019979850532,-3.00428769123884,0,0
2016-04-21,-1.0827966023,0.129751402031859,-3.31513818563669,-2.08383600910731,1.08973872661591,-3.3309396367022,-4.480433010209,-2.04557650259483,-2.85998781163101,0,0
2016-04-22,-0.27366235727,0.128372818522698,-3.31408680567898,-2.08242789247986,1.07737302780151,-3.31153598524219,-4.4544709611588,-2.03311614075018,-2.8432481320377,0,0
2016-04-25,-0.56775170333,0.128760507744502,-3.3143824777764,-2.08282388709018,1.01568233966827,-3.21150950647758,-4.32124464654572,-1.97033162226831,-2.7568307098862,0,0
2016-04-26,-0.69470879325,0.127291526723465,-3.3132621559435,-2.08132343638306,0.982630848884583,-3.15707031046996,-4.24858185320573,-1.93587732125023,-2.70983462000201,0,0
2016-04-27,-6.2577862962,0.128248062744026,-3.31399166039076,-2.08230046408313,0.958195567131042,-3.11573434144143,-4.19360074776371,-1.91006306110364,-2.67410467536284,1,1
2016-04-28,-3.056634635,0.125975120061706,-3.35250026027324,-2.08281645162824,2.1169548034668,-4.75183188721089,-6.48058393263873,-2.90447257385938,-4.08890141091875,0,1
2016-04-29,-1.1494252873,0.124551123852283,-3.35196579128656,-2.08427724468353,2.41015195846558,-5.07926317921757,-6.92290325517385,-3.11121929052422,-4.37232192561281,0,0
2016-05-02,-0.10667804563,0.123813415935814,-3.35168890712074,-2.08363613074267,2.13348293304443,-4.77181321473377,-6.50594839760732,-2.91963865045899,-4.10625253251256,0,0
2016-05-03,1.6445963263,0.122570732016471,-3.35122249013821,-2.08255616133067,1.79165828227997,-4.36313575160256,-5.95157721023021,-2.66498983815518,-3.7525520405338,0,0
2016-05-04,-1.0401344821,0.123742405950289,-3.35166225491847,-2.08357441866036,1.80170392990112,-4.37511223748464,-5.96867418343937,-2.6729888084126,-3.76344965270016,0,0
2016-05-05,-0.40589617602,0.123212904511467,-3.35146351696146,-2.08311424906402,1.73917865753174,-4.29662757182657,-5.86199526661777,-2.62395490091255,-3.6953921540032,0,0
2016-05-06,-0.55770055778,0.124116302349918,-3.35180258958264,-2.08389935782516,1.56802070140839,-4.07303212863375,-5.55986348265011,-2.48535567168803,-3.50260099103385,0,0
2016-05-09,0.075496117461,0.124882025614252,-3.35208998875861,-2.08456481884116,1.43823540210724,-3.89516058416597,-5.31952377367587,-2.37506261271382,-3.34921473657999,0,0
2016-05-10,0.67895247321,0.122787400788005,-3.35130381250269,-2.08274445993351,1.28618431091309,-3.67792847059509,-5.02387927719582,-2.23925446941565,-3.160695115279,0,0
2016-05-11,-0.9740954828,0.124224759241157,-3.3518432967449,-2.08399361359143,1.22081172466278,-3.57923860097944,-4.8912184081102,-2.17838705986292,-3.07595796509037,0,0
2016-05-12,-2.3456923575,0.123352501932481,-3.35151591210946,-2.08323556788238,1.20960235595703,-3.5627091741843,-4.86824097693055,-2.16783005260937,-3.06135982393498,0,1
2016-05-13,0.19924728804,0.123066409707461,-3.35140853301632,-2.09254993411746,1.37970519065857,-3.81352662914678,-5.20769254094188,-2.33486058515155,-3.27940060750054,0,0
2016-05-16,3.7118868759,0.124018676353724,-3.35176594758394,-2.0934630857093,1.29917502403259,-3.69636970720629,-5.04970171099889,-2.26213900265147,-3.17850060379108,0,0
2016-05-17,-0.41542394547,0.125784344634938,-3.35242865646675,-2.09501375087252,1.78587937355042,-4.35429396155903,-5.94201100698751,-2.67392494622708,-3.74806633088038,0,0
2016-05-18,1.1445074339,0.12590807252646,-3.3524750952988,-2.09511957020748,1.56648933887482,-4.07003204997961,-5.55709769065011,-2.49633251575082,-3.50232283608698,0,0
2016-05-19,-0.38071065992,0.125893015727469,-3.35246944402526,-2.09510669275167,1.46167433261871,-3.9272332980058,-5.36367951704268,-2.40708519876584,-3.37883852656282,0,0
2016-05-20,1.0828025477,0.127690058467453,-3.35314392869446,-2.08700517357832,1.3417876958847,-3.75644298870056,-5.1336119010899,-2.28980407142583,-3.2239671218867,0,0
2016-05-23,1.2707414409,0.128668039496064,-3.35351099465004,-2.08785509975824,1.30241560935974,-3.69847355945356,-5.05576492909982,-2.25406370571408,-3.17431835852365,0,0
2016-05-24,1.5244218604,0.130401156883393,-3.35416148619466,-2.08936128627647,1.27472758293152,-3.65657577405194,-5.00020041021798,-2.22856785044816,-3.13881143482758,0,0
2016-05-25,1.7568947906,0.129662407661843,-3.35388421119544,-2.08871926737689,1.29366075992584,-3.68501895539042,-5.03822517552727,-2.24603035934361,-3.16308469565464,0,0
2016-05-26,0.79301345104,0.129962998865475,-3.35399703219521,-2.0889804997791,1.34326410293579,-3.75729511240588,-5.13634977340659,-2.29115017270437,-3.22558916178718,0,0
2016-05-27,-0.059755004531,0.129367592267146,-3.35377355803203,-2.08846305451093,1.26814877986908,-3.6473876475365,-4.98704209997897,-2.22249476450117,-3.130491545212,0,0
2016-05-31,-0.4882909815,0.124569489139006,-3.35197268433594,-2.08429320525693,1.1160329580307,-3.41653694888935,-4.67110814976839,-2.07732914874809,-2.92958698839986,0,0
2016-06-01,-1.4019627479,0.124225692793142,-3.35184364713529,-2.08399442490602,1.03080379962921,-3.27885116247192,-4.48441706623798,-1.9916227597325,-2.81072329773412,0,0
2016-06-02,-0.75157424344,0.123194701904321,-3.35145668497066,-2.08309842986927,1.05365526676178,-3.31699888573286,-4.53540112039023,-2.01505816377939,-2.84328364302994,0,0
2016-06-03,0.2046663938,0.122557629105358,-3.35121757221808,-2.08254477408811,1.03408110141754,-3.28528809100599,-4.49204243188557,-1.99517753501862,-2.8157323106258,0,0
2016-06-06,0.72508169924,0.121374726215648,-3.35077359286994,-2.0816323174034,0.967553555965424,-3.17459027068831,-4.34138275233887,-1.92620833615092,-2.71992056924997,0,0
2016-06-07,0.40555611886,0.121964294994724,-3.35099487592242,-2.0820291299403,0.934288740158081,-3.11706086241856,-4.26386463883525,-1.89049617720686,-2.67050527419778,0,0
2016-06-08,-0.090881551114,0.12073398726428,-3.35053310409912,-2.08125038989305,0.896913170814514,-3.05240513772813,-4.1755372092502,-1.850324598307,-2.61440271176089,0,0
2016-06-09,0.71760663031,0.119239137689779,-3.34997204169457,-2.08035934967281,0.841117262840271,-2.95310213961863,-4.0401517716889,-1.78870929354581,-2.52838916044119,0,0
2016-06-10,-0.82288008043,0.11999189821896,-3.3502545755627,-2.08080805027731,0.83268266916275,-2.93716390073204,-4.01904362072982,-1.7787755697251,-2.51486288839809,0,0
2016-06-13,-1.5076393807,0.11907113648743,-3.34990898574556,-2.08025920860785,0.840274095535278,-2.9516720388268,-4.03811072574368,-1.78782895987308,-2.52710985735792,0,0
2016-06-14,0.12327922741,0.11761607431011,-3.34936285675847,-2.07939188460077,0.892530381679535,-3.04665516623312,-4.16577815595605,-1.84686499855553,-2.60853583475103,0,0
2016-06-15,-0.32833983169,0.118413892648048,-3.34966230218944,-2.07986744297111,0.861967027187347,-2.99148559054702,-4.09159758348226,-1.81258036960409,-2.56123179944172,0,0
2016-06-16,0.42207123752,0.118925418317059,-3.34985429329459,-2.08017234986779,0.828728079795837,-2.93059780012336,-4.00948959838382,-1.77474914895515,-2.50890909698281,0,0
2016-06-17,-2.2757560227,0.120554798720659,-3.35046584920146,-2.08114358035041,0.804168522357941,-2.88399032145105,-3.94740109658773,-1.74571994340477,-2.46918651886746,0,1
2016-06-20,-0.24126717708,0.120377732821385,-3.35039939099663,-2.08997169661632,0.925059020519257,-3.10203601916209,-4.24250760050017,-1.8897568065206,-2.66159805749016,0,0
2016-06-21,0.85173501593,0.119975754273011,-3.35024851624992,-2.08958622963312,0.906701505184174,-3.07016020040278,-4.19909497967543,-1.86974653922708,-2.6339593973481,0,0
2016-06-22,-0.3753518924,0.120584014170743,-3.35047681464638,-2.0901695048072,0.891861379146576,-3.04355310713824,-4.16345707499906,-1.85333888870614,-2.61116920687076,0,0
2016-06-23,0.57561486119,0.120248675774472,-3.35035095197086,-2.08984794068274,0.863133549690247,-2.99239424000066,-4.0939804739176,-1.82132415670352,-2.56690502468894,0,0
2016-06-24,-2.809573361,0.118896803156752,-3.34984355315664,-2.08855159722927,0.846713066101074,-2.96352917091206,-4.05405386450074,-1.8029259892587,-2.5416032298354,0,1
2016-06-27,-1.4561027837,0.116833826388794,-3.34906925537732,-2.09227996645099,1.0307103395462,-3.28327208080528,-4.48556912542037,-2.00733051031804,-2.82581693162658,0,0
2016-06-28,1.6840504128,0.116477730893552,-3.34893560193271,-2.09193366704264,1.14628291130066,-3.46904686000416,-4.73679632770635,-2.12324273473126,-2.98647134259992,0,0
2016-06-29,0.86547708088,0.116966273103237,-3.34911896664817,-2.09240876959358,1.22560584545136,-3.59074567558194,-4.90185733016793,-2.19947846171014,-3.09197163635746,0,0
2016-06-30,1.2711864407,0.118117767161341,-3.34955115730874,-2.09352858637408,1.17193877696991,-3.5079763921797,-4.79059503067177,-2.14825507592847,-3.02075034642714,0,0
2016-07-01,0.30334728035,0.117988081271066,-3.34950248225898,-2.09340246810617,1.16220426559448,-3.49296243110014,-4.77018315367356,-2.13881655011677,-3.00770743513773,0,0
2016-07-05,-0.93857545107,0.118295503194985,-3.34961786703533,-2.09370143293944,1.09405946731567,-3.38531426692109,-4.6246627849556,-2.07165961626619,-2.91463080687458,0,0
2016-07-06,0.5684808928,0.117616969246078,-3.34936319265509,-2.09304156526858,1.06820118427277,-3.34407779295784,-4.56839225980448,-2.04562141572636,-2.8787055235624,0,0
2016-07-07,0.42918454928,0.117286967096199,-3.34923933283477,-2.09272064138501,1.01982438564301,-3.26498774876736,-4.46111484368234,-1.99607532485187,-2.81014032838678,0,0
2016-07-08,0.77131540547,0.118499126096877,-3.34969429288908,-2.09389945423259,0.977313995361328,-3.19298160508135,-4.36442689732344,-1.95151296737551,-2.74820101598064,0,0
2016-07-11,0.31030202717,0.119111638968375,-3.34992418755565,-2.0944951170473,0.960303425788879,-3.16364900135706,-4.32511186960085,-1.93339037201407,-2.72299962988273,0,0
2016-07-12,0.45370179414,0.118945488995215,-3.34986182642912,-2.09433353781316,0.913911581039429,-3.08347963428323,-4.21647231666854,-1.88321062535621,-2.6535413874565,0,0
2016-07-13,-0.56456579759,0.118592200077434,-3.34972922637819,-2.09398996777412,0.878171384334564,-3.02046582124847,-4.1309418882651,-1.8437025290474,-2.59888390890499,0,0
2016-07-14,1.9820377827,0.118049140895061,-3.34952539978863,-2.09346184799708,0.862225830554962,-2.99219005464182,-4.09232212425835,-1.82585822413417,-2.57424864381226,0,0
2016-07-15,-0.010122482035,0.117019499433601,-3.34913894410504,-2.09246053168257,0.952766716480255,-3.15206731494323,-4.30808882342844,-1.92542640916853,-2.71232231615388,0,0
2016-07-18,1.0629682121,0.117834034126766,-3.34944466369136,-2.09325265875547,0.893501818180084,-3.04823607411005,-4.16805617096803,-1.8608177536502,-2.62269961346126,0,0
2016-07-19,0.040068115959,0.11666677042487,-3.34900655420497,-2.09211750614963,0.884641826152802,-3.03325473880008,-4.14703869470885,-1.85108271760538,-2.60938810167996,0,0
2016-07-20,0.090117152286,0.116838151982807,-3.34907087890401,-2.09228417304913,0.829639494419098,-2.93364793126531,-4.01231855575499,-1.78890943678586,-2.5232329339178,0,0
2016-07-21,-0.53021208478,0.116885648250522,-3.34908870569449,-2.09233036270788,0.778884947299957,-2.83883445893313,-3.8840076421049,-1.72968918669226,-2.44118847340044,0,0
2016-07-22,-0.7744141607,0.116599319586406,-3.34898123785858,-2.09205191086476,0.765416979789734,-2.81336114747813,-3.84935141119352,-1.71369740605306,-2.41906647700518,0,0
2016-07-25,-1.3379282385,0.115414470774582,-3.34853652814684,-2.09087494076399,0.775731563568115,-2.83382998887887,-3.87633031564899,-1.72613669136524,-2.43646427371617,0,0
2016-07-26,-0.68830901992,0.114890864248445,-3.34834000272943,-2.09034807978195,0.81853711605072,-2.91445416159405,-3.98512842720698,-1.7763106124848,-2.50608003953694,0,0
2016-07-27,6.4963277127,0.114651182553851,-3.34825004291662,-2.09010690835515,0.824341535568237,-2.92533405423011,-3.99970459725388,-1.78302493579394,-2.51542630152646,0,0
2016-07-28,1.3501699856,0.11738715048057,-3.34927693469885,-2.09281806875266,1.77663707733154,-4.34688250358876,-5.92569198395467,-2.67214156809956,-3.74658958248164,0,0
2016-07-29,-0.12459267782,0.117997551432309,-3.34950603669785,-2.09341167774594,1.62181305885315,-4.14761260077376,-5.65639499280923,-2.54797110409615,-3.57438713785124,0,0
2016-08-01,1.7656654833,0.117132182618419,-3.34918123752352,-2.09257011498467,1.34410309791565,-3.76575650487884,-5.13887056576703,-2.3088986144718,-3.24350481371856,0,0
2016-08-02,-1.4804337577,0.118171806912939,-3.34957144006728,-2.09358113950732,1.36493241786957,-3.7951432978821,-5.17937611983668,-2.32776578329515,-3.26935313082849,0,0
2016-08-03,1.253828484,0.118466351321655,-3.34968199152143,-2.09386758108221,1.37234210968018,-3.80558582399574,-5.19371857968788,-2.33443683685243,-3.27851036949985,0,0
2016-08-04,0.61775327868,0.117452108059509,-3.34930131524928,-2.09288123936688,1.37089741230011,-3.80408833550006,-5.19098161574532,-2.33300476375928,-3.27680877697285,0,0
2016-08-05,1.5207329745,0.116710505046668,-3.3490229691356,-2.09216003764429,1.26861679553986,-3.65539085864081,-4.98918658384697,-2.23974981301661,-3.14782355864144,0,0
2016-08-08,0.82806103474,0.117948166659016,-3.34948750109392,-2.09336365153387,1.28906118869782,-3.6849537811081,-5.03005579614665,-2.25879057477622,-3.17388286446115,0,0
2016-08-09,0.40601642522,0.117965448136167,-3.34949398735668,-2.09338045760244,1.2346693277359,-3.60384741203126,-4.92027355945481,-2.20810838204154,-3.10368279115637,0,0
2016-08-10,-0.74441687339,0.118145017306892,-3.34956138511524,-2.0935550868758,1.14296185970306,-3.46285077239166,-4.72952586770768,-2.12006204613711,-2.98169772677523,0,0
2016-08-11,-0.064814814868,0.118955971784176,-3.3498657609379,-2.09434373222355,1.09005165100098,-3.37848942145299,-4.61586117648347,-2.0676548839504,-2.90894852594616,0,0
2016-08-12,0.23163161313,0.119350293878256,-3.350013761985,-2.09472720662775,0.996423661708832,-3.22466771134513,-4.40787424705427,-1.97162783119187,-2.77590429827721,0,0
2016-08-15,1.201700869,0.118735593313983,-3.34978304621095,-2.09412941630308,0.923867285251617,-3.10100938534774,-4.24007007633289,-1.89410003806709,-2.66865389354463,0,0
2016-08-16,-0.091340884228,0.119514986928813,-3.35007557628426,-2.09488736901882,0.92565381526947,-3.10362302783833,-4.24410568528167,-1.89599509992994,-2.67115381447917,0,0
2016-08-17,-0.14627902729,0.119807093544137,-3.35018521276058,-2.09517143986333,0.868636429309845,-3.00258786398751,-4.10750381077701,-1.8329066591391,-2.58376011734736,0,0
2016-08-18,-0.12818165178,0.119525136007349,-3.3500793855414,-2.09489723889906,0.811367928981781,-2.89809116515203,-3.96585424245499,-1.76747374665763,-2.4932022934419,0,0
2016-08-19,0.25669233582,0.119916811633023,-3.35022639328859,-2.09527813963846,0.776205956935883,-2.83171811970339,-3.87623610474726,-1.7260766890485,-2.43583962841069,0,0
2016-08-22,-0.77724945122,0.120337511277042,-3.35038429463057,-2.09568726595363,0.7459517121315,-2.77333901809728,-3.79745417711079,-1.68967606361865,-2.38539966063897,0,0
2016-08-23,0.31333517654,0.118905171731716,-3.34984669413676,-2.09429432966624,0.746793329715729,-2.7759387086965,-3.80010128382914,-1.69092544966995,-2.38727857540371,0,0
2016-08-24,-0.75333027098,0.119160308808285,-3.34994245482339,-2.09454244799361,0.735041916370392,-2.75289897183297,-3.76906525806003,-1.6765869786699,-2.36739762050979,0,0
2016-08-25,-0.42580764612,0.118651889977543,-3.34975162980891,-2.09404801562187,0.738598585128784,-2.76018356551999,-3.77861821717661,-1.68100979814302,-2.37357346623754,0,0
2016-08-26,-0.58566514826,0.119074142154653,-3.34991011386367,-2.09445865176038,0.730307996273041,-2.74369404187547,-3.75655127547056,-1.67080958225094,-2.35940621205176,0,0
2016-08-29,-0.11221245558,0.118707425676344,-3.34977247404183,-2.09410202354922,0.725806713104248,-2.73510746640609,-3.74470467085729,-1.66534793529385,-2.35187904963271,0,0
2016-08-30,-0.76764650812,0.116247223939145,-3.34884908567829,-2.0917095012697,0.715548157691956,-2.71654688533611,-3.71809253758052,-1.65313150944494,-2.33519238610029,0,0
2016-08-31,0.094339622592,0.115446985754149,-3.34854873200529,-2.09090765783915,0.72760820388794,-2.74086352003162,-3.75052170823185,-1.66809627065154,-2.35603188868266,0,0
2016-09-01,0.59377945327,0.11472287727848,-3.34827695212226,-2.09017904869554,0.716793537139893,-2.72005094657956,-3.72191503845024,-1.65489921167776,-2.33784132937334,0,0
2016-09-02,0.9369436897,0.11516561091988,-3.34844312349204,-2.09062453413059,0.719792008399963,-2.72567218033958,-3.72979044887652,-1.65853188515661,-2.34281630686182,0,0
2016-09-06,-0.027847396268,0.11523003615208,-3.34846730423658,-2.0906893597953,0.748569905757904,-2.78186168062019,-3.80587985650504,-1.69363302753783,-2.39144996701592,0,0
2016-09-07,0.61281337039,0.114966825800559,-3.34836851340489,-2.09042451347013,0.733049690723419,-2.75185007947137,-3.76510056993597,-1.67481954640403,-2.36541540271665,0,0
2016-09-08,-2.6208933185,0.116088103831507,-3.3487893630736,-2.09155276076086,0.734922528266907,-2.75474940418918,-3.76970512850329,-1.67695035412794,-2.3682112379194,0,1
2016-09-09,-2.2649734648,0.115025420384125,-3.34839050573008,-2.09215289071851,0.888418138027191,-3.04103137556963,-4.15652741596641,-1.85695285921823,-2.62398963308965,0,1
2016-09-12,2.2398913992,0.113780196479746,-3.34792313541409,-2.09200483840018,1.06078577041626,-3.33439498146228,-4.55275996473972,-2.04086877965748,-2.88176065768678,0,0
2016-09-13,2.3805007588,0.115639729560013,-3.34862107460419,-2.09351243695733,1.21434903144836,-3.57445717789636,-4.8789077627678,-2.19135876242398,-3.09100161496871,0,0
2016-09-14,3.5386753127,0.116692146157361,-3.34901607848736,-2.09446979114014,1.38904416561127,-3.8303817742783,-5.22604050376304,-2.35180215067609,-3.31382455366175,0,0
2016-09-15,3.399838955,0.118472741076078,-3.34968438979016,-2.0962536796816,1.85908782482147,-4.44876735483331,-6.064430297235,-2.73973500118802,-3.85215616886789,0,0
2016-09-16,-0.56242969622,0.119112801461792,-3.3499246238747,-2.09689492400726,2.51196813583374,-5.19024627703524,-7.0687338936576,-3.20429573796829,-4.49715606455695,0,0
2016-09-19,-1.1660285417,0.118480812807789,-3.349687419356,-2.09626176634385,2.09592843055725,-4.73096941728038,-6.44646775677847,-2.91634477909048,-4.09749890884087,0,0
2016-09-20,-0.0088043670075,0.117037847878088,-3.34914583083301,-2.09481613231627,1.94233524799347,-4.55058926688193,-6.20117316198869,-2.80245896519564,-3.93995241518996,0,0
2016-09-21,-0.017610284249,0.11659868466053,-3.34898099955164,-2.09437615676462,1.67077910900116,-4.21224797125245,-5.74286325711439,-2.59056305308841,-3.64567267750178,0,0
2016-09-22,0.94231616022,0.116698107016196,-3.34901831577856,-2.09447576302496,1.49124503135681,-3.97300731746277,-5.41910173689039,-2.44100330928423,-3.43778710110968,0,0
2016-09-23,-1.6663758506,0.116481209478795,-3.3489369075513,-2.09425846428532,1.42492294311523,-3.88114934038573,-5.29461012531715,-2.38343797301214,-3.35786083821084,0,0
2016-09-26,0.1508295627,0.115497765351911,-3.34856779112917,-2.09339734084122,1.48369300365448,-3.963290112978,-5.40509197603629,-2.43440542638606,-3.42883155420996,0,0
2016-09-27,0.18603827066,0.116009660679352,-3.34875992097835,-2.0938123550538,1.37030982971191,-3.80405652646977,-5.18992935200747,-2.33501197388546,-3.29066930395531,0,0
2016-09-28,0.76045627375,0.115335730170175,-3.34850697440872,-2.09326597237632,1.2297590970993,-3.59797446349849,-4.91053129316335,-2.20598118291682,-3.11132378964653,0,0
2016-09-29,-1.5533128564,0.115529481256584,-3.34857969507057,-2.09342305420585,1.16557037830353,-3.49965022436053,-4.77758236457202,-2.14456322371231,-3.02595557298064,0,0
2016-09-30,0.77553931187,0.114611199286261,-3.34823503598306,-2.09267856593177,1.19474637508392,-3.54515883869563,-4.83855651548722,-2.17277968947056,-3.06516350883771,0,0
2016-10-03,-0.46881910666,0.113930108587581,-3.34797940197704,-2.09212637819953,1.16076183319092,-3.49313795434458,-4.76769329687726,-2.14009876565375,-3.01971983220637,0,0
2016-10-04,0.42659082828,0.112962053026499,-3.3476160613506,-2.09134153646554,1.06537771224976,-3.34235136303851,-4.56298884832958,-2.0456607806828,-2.88839458254997,0,0
2016-10-05,0.044247787628,0.112544360803933,-3.34745928878516,-2.09100289651406,0.970661282539368,-3.18544429443447,-4.3503829301319,-1.94755652044584,-2.75196889085392,0,0
2016-10-06,0.74303405563,0.113482682092281,-3.34781146923679,-2.09176363147246,0.886471390724182,-3.03856918294936,-4.15222026472768,-1.85596736501929,-2.62467845792691,0,0
2016-10-07,0.14926683652,0.112759459432003,-3.34754002182715,-2.09117728565764,0.859100103378296,-2.9899968227683,-4.08603307211901,-1.82550368842047,-2.58227304892953,0,0
2016-10-10,1.7446957741,0.112824091754936,-3.34756428029913,-2.09122968569173,0.812725305557251,-2.90504791304263,-3.97111636146347,-1.77244621095207,-2.50850512173059,0,0
2016-10-11,0.21542438608,0.113589709680953,-3.34785163993843,-2.09185040306043,0.864029943943024,-2.99834588991788,-4.09785291597142,-1.83085240975497,-2.58976817484765,0,0
2016-10-12,0.89423903701,0.113826336175803,-3.34794045304207,-2.09204224571492,0.832942247390747,-2.94169394093923,-4.02133219978737,-1.79549003071326,-2.5406217769247,0,0
2016-10-13,-0.30680074997,0.114275589247397,-3.34810907135183,-2.09240647332115,0.83633691072464,-2.94761896038719,-4.0296309874198,-1.7992606306749,-2.54589762105435,0,0
2016-10-14,0.55565053863,0.114085347586429,-3.34803766788383,-2.09225223672453,0.809697866439819,-2.89858652634992,-3.96315363432765,-1.76859044403466,-2.50324508520386,0,0
2016-10-17,-0.068009861388,0.114946278548991,-3.3483608013979,-2.09295022822075,0.794986963272095,-2.87052056656122,-3.92570138814221,-1.7511708711352,-2.47909948950278,0,0
2016-10-18,-0.068056146392,0.116172209451135,-3.34882093046472,-2.09340249607243,0.7625572681427,-2.80816976404463,-3.84206316488555,-1.71188157837438,-2.42083579836722,0,0
2016-10-19,-0.29794841239,0.115579105916796,-3.34859832071134,-2.09275810712908,0.738044321537018,-2.76118516820144,-3.77810697794985,-1.68229904498705,-2.37991988188713,0,0
2016-10-20,-0.051229508153,0.115234825732817,-3.34846910191157,-2.09238178518299,0.724201738834381,-2.73431383355648,-3.74152844615491,-1.66538298175591,-2.35652150531117,0,0
2016-10-21,-0.3929608748,0.116400933707856,-3.34890677761861,-2.09185898252592,0.707939147949219,-2.70133975165888,-3.69760143627738,-1.64367080149422,-2.32646321374647,0,0
2016-10-24,0.90051457973,0.114879068342723,-3.34833557536808,-2.09033621055924,0.710686147212982,-2.70784159376218,-3.70548479382817,-1.64732041240765,-2.3317117815872,0,0
2016-10-25,0.50998725037,0.115469059017889,-3.34855701677096,-2.09092986829839,0.737305164337158,-2.75981883696388,-3.77619081973905,-1.67993872754642,-2.37691769962179,0,0
2016-10-26,-2.2494714588,0.116053123100395,-3.34877623374377,-2.09151756260838,0.742981672286987,-2.77047091965518,-3.7909635473064,-1.68675939971942,-2.38630529811637,0,1
2016-10-27,-0.96029068254,0.116180446757094,-3.3488240221756,-2.09341020359344,0.850439488887787,-2.97208082516773,-4.06392970767589,-1.81434728930765,-2.56596231195751,0,0
2016-10-28,-0.6638714186,0.115396309684713,-3.34852971173873,-2.0925582982612,0.901052355766296,-3.06315458742786,-4.18670516574512,-1.8709390759269,-2.64482008408688,0,0
2016-10-31,-0.15828350333,0.115853121929345,-3.34870116723551,-2.09305762549784,0.881141126155853,-3.02754311883884,-4.13879403751226,-1.84888160449971,-2.61403270477102,0,0
2016-11-01,-1.8055310904,0.116674811934257,-3.34900957242745,-2.09387277351719,0.841783046722412,-2.95599912279286,-4.04247121098253,-1.80442698090346,-2.55213993251231,0,1
2016-11-02,0.089694142844,0.116286942580742,-3.34886399328969,-2.09370406416523,0.906361877918243,-3.07193337639555,-4.19915255999519,-1.87698297004344,-2.65272526567878,0,0
2016-11-03,-1.0718789407,0.116661886164759,-3.34900472099394,-2.09412447525297,0.881346702575684,-3.02738599791245,-4.13909173733967,-1.8493035793779,-2.61414846545672,0,0
2016-11-04,-0.90139306203,0.116224377135728,-3.34884051057971,-2.09363391172653,0.896005690097809,-3.05370691086326,-4.17444236408799,-1.86555875688661,-2.63687622202556,0,0
2016-11-07,1.4424843808,0.116182390566474,-3.34882475174624,-2.09358683365931,0.91235089302063,-3.08251658826103,-4.21341106025112,-1.88355022112684,-2.66188457271127,0,0
2016-11-08,0.58871479032,0.114783428092342,-3.34829967868003,-2.09227888243325,0.96718293428421,-3.17811726588625,-4.34190989172409,-1.94287784632418,-2.7444624908882,0,0
2016-11-09,-0.16207455428,0.115515692684602,-3.34857451980111,-2.09296000242169,0.946273982524872,-3.14186425082552,-4.29331356358751,-1.92044495090956,-2.71321623389332,0,0
2016-11-10,-2.7867965368,0.114554576881503,-3.34821378387642,-2.09206601520503,0.890928506851196,-3.04579124152468,-4.16267182883407,-1.86012580787225,-2.62949339224209,0,1
2016-11-11,0.5937471009,0.113717337631123,-3.34789954258083,-2.09251935327868,1.17551159858704,-3.51610924922056,-4.79863809254136,-2.15501333526637,-3.04612794831781,0,0
2016-11-14,-2.5085308494,0.113757660448101,-3.34791467695759,-2.09255848730196,1.2792831659317,-3.67291464880669,-5.01087537244933,-2.25303900073897,-3.18264634600265,0,1
2016-11-15,1.3243780153,0.109393036091281,-3.34627650099771,-2.09577745801603,1.48795509338379,-3.97245409355761,-5.41313592187657,-2.44707329262811,-3.4436763043658,0,0
2016-11-16,2.6888245729,0.107996268672637,-3.34575225180243,-2.09519216298811,1.51247119903564,-4.00669576386429,-5.45846197910945,-2.46872485436827,-3.47286361977518,0,0
2016-11-17,-0.03636694255,0.109580585853791,-3.34634689411453,-2.09585604801034,1.81865656375885,-4.40322169937982,-5.99608332715455,-2.71684006396483,-3.81873408109873,0,0
2016-11-18,0.10004547548,0.110062977231575,-3.34652795023614,-2.09605818708601,1.62140846252441,-4.15122293480768,-5.65548977582608,-2.55894303624393,-3.59959701356848,0,0
2016-11-21,1.5173541704,0.109045638699848,-3.34614611221539,-2.09563188620271,1.38712930679321,-3.83192659098237,-5.22276579458568,-2.35911528141416,-3.32120783387374,0,0
2016-11-22,0.062651033841,0.110551516957637,-3.34671131401943,-2.0962629025374,1.42048060894012,-3.87819012029145,-5.28641896490503,-2.38785672248187,-3.36211619281586,0,0
2016-11-23,-0.50983899828,0.113075885017056,-3.34765878595074,-2.09189681191341,1.26019442081451,-3.64495168491356,-4.97256493999277,-2.23525361786204,-3.15014056032185,0,0
2016-11-25,0.50346129647,0.113128389904683,-3.34767849262826,-2.09194776885662,1.16097104549408,-3.49394049715019,-4.76824071076294,-2.14091115630705,-3.0190320453488,0,0
2016-11-28,-0.19679756706,0.114111305435866,-3.34804741065238,-2.09290170615971,1.09191036224365,-3.38441459146299,-4.62067260888804,-2.07285617757144,-2.92427405954941,0,0
2016-11-29,-0.098592811628,0.114538709588949,-3.34820782840005,-2.09331650962165,0.996998906135559,-3.22864120067767,-4.41013150341318,-1.97563432012429,-2.78913062691165,0,0
2016-11-30,-0.84335187512,0.114028034062222,-3.3480161563791,-2.09282088978528,0.923813581466675,-3.10392511235616,-4.24101476169265,-1.89749140091512,-2.68064949011654,0,0
2016-12-01,-0.93195801655,0.113897154024531,-3.34796703312957,-2.0926938683412,0.916044592857361,-3.0904494092612,-4.22269402475601,-1.88902472025688,-2.66890535657397,0,0
2016-12-02,0.37446342121,0.113928121593397,-3.34797865619783,-2.09272392292696,0.934248089790344,-3.12211119827366,-4.26556318849705,-1.90882578326839,-2.69641174482716,0,0
2016-12-05,-0.71883530482,0.113814551017065,-3.34793602971439,-2.09261370062824,0.901347279548645,-3.06469285225206,-4.18778410307122,-1.87289848071212,-2.64651161479974,0,0
2016-12-06,0.76986527347,0.113707597697945,-3.34789588688836,-2.09250990049734,0.888835191726685,-3.04262357452606,-4.15784927882383,-1.85907006632484,-2.62731312450979,0,0
2016-12-07,0.9822646658,0.113933369288195,-3.34798062581693,-2.09272901590969,0.886187493801117,-3.03777296493169,-4.15142742059397,-1.85611007851071,-2.62316977066514,0,0
2016-12-08,0.98171665304,0.114795779681456,-3.34830431460622,-2.0935660007966,0.88990044593811,-3.04381151980269,-4.16014498027878,-1.86015996828366,-2.62867838171387,0,0
2016-12-09,1.6321798073,0.115187190436375,-3.34845122293938,-2.09394587201452,0.901422560214996,-3.06394208610416,-4.18763841322694,-1.87287361200497,-2.64628435037659,0,0
2016-12-12,-0.57042562512,0.116231553640487,-3.34884320413971,-2.09495944539573,0.961461007595062,-3.16744711665909,-4.32840026116102,-1.93796245505028,-2.7365297860527,0,0
2016-12-13,1.6681376874,0.115900397738893,-3.34871891128135,-2.09463805260291,0.940848529338837,-3.1322680992279,-4.28057157778383,-1.91584293912102,-2.70586161551165,0,0
2016-12-15,0.54692247595,0.115614453198215,-3.34861158761863,-2.0943605382537,0.985553979873657,-3.20872209085699,-4.38386883750531,-1.9635634662377,-2.77218475178435,0,0
2016-12-16,0.12951131084,0.115821111589134,-3.34868915278352,-2.09456110396035,0.95206880569458,-3.15162928523144,-4.30672649646488,-1.92792621700701,-2.72265562661257,0,0
2016-12-19,0.5777356213,0.117236028791209,-3.34922021414325,-2.09476824123911,0.88951849937439,-3.04155718265563,-4.15863679249241,-1.85842973126786,-2.62468766387823,0,0
2016-12-20,0.26577503413,0.116688920713969,-3.34901486788059,-2.09415478814463,0.863405823707581,-2.99520341088437,-4.09554667494422,-1.82919202741432,-2.58428567045644,0,0
2016-12-21,0.094057289607,0.116915033907306,-3.34909973502315,-2.09440832093628,0.829160213470459,-2.93271606830079,-4.01110505928203,-1.79021621377008,-2.53011608080664,0,0
2016-12-22,-0.65778233393,0.11663350680992,-3.34899406936094,-2.09409265447794,0.787754356861115,-2.8557838278131,-3.90679517498468,-1.74198946401688,-2.46326041214378,0,0
2016-12-23,0.19778140868,0.11641063660448,-3.34891041941013,-2.09384275793486,0.788752973079681,-2.8578158393476,-3.90940836959282,-1.74316808817589,-2.46496092922538,0,0
2016-12-27,0.63508410567,0.116670418063713,-3.34900792327451,-2.09413404177197,0.77093517780304,-2.82385614222922,-3.86360087148688,-1.72204030216152,-2.43555923181407,0,0
2016-12-28,-0.42640286547,0.116417689203169,-3.34891306646442,-2.09385066576637,0.773469030857086,-2.82885383638133,-3.87021064428654,-1.72506300089385,-2.43982638325911,0,0
2016-12-29,-0.025693730731,0.114695300489218,-3.34826660171647,-2.09219691005243,0.766173541545868,-2.8160873100015,-3.85187563398815,-1.71663268234245,-2.42826839230638,0,0
2016-12-30,-0.77957680123,0.11454468411994,-3.34821007082282,-2.09205681339777,0.742509603500366,-2.77057434961597,-3.79018601898349,-1.68815968756469,-2.38873719078129,0,0
2017-01-03,0.28492488364,0.114428456673221,-3.3481664471353,-2.09194870379094,0.752664029598236,-2.79031391956816,-3.81683073756164,-1.70046699275221,-2.40583248983274,0,0
2017-01-04,-0.11192423589,0.114797158799419,-3.34830483223104,-2.0922916541269,0.752148687839508,-2.78907063926249,-3.81537292927596,-1.69977429242787,-2.40485458347229,0,0
2017-01-05,0.50853301145,0.116840190402046,-3.30529141970106,-2.09402751561629,0.735478103160858,-2.71777839242469,-3.74464019133139,-1.67899822594349,-2.3622316258558,0,0
2017-01-06,1.1148272019,0.116718452725004,-3.30519857617515,-2.09391360753662,0.733972012996674,-2.71491677792211,-3.74072431679797,-1.67718270158733,-2.35973072047195,0,0
2017-01-09,0.91595284539,0.115999803971292,-3.30465049701182,-2.09321795906931,0.768360793590546,-2.78073096930162,-3.83028041714083,-1.7188353420408,-2.41729838786635,0,0
2017-01-10,0.10084881087,0.117134266241021,-3.30551569733175,-2.09430267787426,0.799662530422211,-2.83878519835337,-3.90952237789588,-1.75567186058446,-2.46805766089195,0,0
2017-01-11,0.53731844528,0.116745047872406,-3.30521885902691,-2.09393849220867,0.775525808334351,-2.79396100916487,-3.84840733929803,-1.72725975552801,-2.42885973578534,0,0
2017-01-12,-0.4175365345,0.116087599264165,-3.30471745429855,-2.09331392536946,0.766808450222015,-2.77777414950173,-3.82626456203489,-1.71697715757492,-2.41471133353609,0,0
2017-01-13,-0.17610062896,0.11613417057496,-3.30475297201833,-2.09336483101877,0.762708246707916,-2.77001133876731,-3.81569571075793,-1.71206768221586,-2.40792178850504,0,0
2017-01-17,0.80645161288,0.115934292417054,-3.3046005344708,-2.09314635042981,0.747835695743561,-2.74180143438603,-3.77723650432898,-1.69416621584563,-2.38325406090305,0,0
2017-01-18,-0.008333333335,0.116273494403341,-3.30485922766394,-2.09349726685076,0.761437594890595,-2.76755961075761,-3.81237529756708,-1.71052041959211,-2.40577588028095,0,0
2017-01-19,-0.17501458451,0.115398530502157,-3.3041919343855,-2.09256072576757,0.745802998542786,-2.7380978716968,-3.77211442401643,-1.69173453589796,-2.3800233536198,0,0
2017-01-20,0.18367006178,0.115987990316842,-3.30464148730045,-2.09320504593158,0.730300426483154,-2.708079867682,-3.73130450259323,-1.67281515614651,-2.35376250671384,0,0
2017-01-23,0.06666666668,0.11533170109597,-3.30414096678159,-2.09248767662515,0.720950484275818,-2.69017484631783,-3.7068158107006,-1.66137454000388,-2.33811515353379,0,0
2017-01-24,-0.091605596208,0.115551412332649,-3.30430853007333,-2.0927278361348,0.706607043743134,-2.66204775101343,-3.66852891082081,-1.64359396826838,-2.31351369055063,0,0
2017-01-25,1.5920646829,0.115505433922257,-3.30427346453043,-2.09267757856645,0.69907933473587,-2.64722947212639,-3.64833423539022,-1.63420246872935,-2.3005556782043,0,0
2017-01-26,0.049228749594,0.115454232484283,-3.30423441563326,-2.09262161186933,0.763437449932098,-2.77161753907361,-3.81778837807265,-1.71297196984436,-2.40933598484706,0,0
2017-01-27,0.0082007545643,0.11531910820328,-3.30413136278234,-2.09247391172637,0.754923701286316,-2.755519879353,-3.79583836174665,-1.70275500164989,-2.39526029983807,0,0
2017-01-30,-0.26240262405,0.114268102488173,-3.30332981080021,-2.09132509011401,0.726199209690094,-2.70074112392168,-3.72105582311505,-1.66790314933341,-2.34737329134709,0,0
2017-01-31,-0.23020636354,0.114123518185856,-3.30321954324177,-2.0911670495164,0.716587781906128,-2.68210164013585,-3.69563905160841,-1.6560809255589,-2.33107614768623,0,0
2017-02-01,6.0980634527,0.114219594865727,-3.30329281634779,-2.09127206794274,0.711798787117004,-2.67270805744006,-3.68285484184188,-1.65014834908427,-2.32286007848503,0,0
2017-02-02,-0.17087378637,0.115675049979771,-3.30440282261588,-2.09286298059603,1.38985550403595,-3.77995592290655,-5.19152617495999,-2.35164576012741,-3.29114946073585,0,0
2017-02-03,0.42791566175,0.115770292906579,-3.30447545985817,-2.09296708767287,1.2183073759079,-3.53160933252403,-4.8531997502276,-2.19438319590235,-3.07396576005542,0,0
2017-02-06,0.93740316079,0.116881470088641,-3.30532290175119,-2.09406614038673,1.08326959609985,-3.32330647571753,-4.56952940009327,-2.06262755460076,-2.89180858332074,0,0
2017-02-07,0.95172307938,0.117039027640554,-3.30544306338896,-2.09421356457464,1.04439270496368,-3.260976142664,-4.48463582751001,-2.023153695491,-2.83729732481853,0,0
2017-02-08,0.38774424083,0.11778467860076,-3.30601173584863,-2.09491125875647,1.0275342464447,-3.23343226832081,-4.44719259719323,-2.00577164048756,-2.81321233245205,0,0
2017-02-09,0.7225983114,0.11761973692963,-3.30588594269496,-2.09475692536132,0.980854451656342,-3.15646676620348,-4.34233307792237,-1.95698764383171,-2.74589733657855,0,0
2017-02-10,-0.22655188022,0.11754506521898,-3.30582899413909,-2.09468705618546,0.954171359539032,-3.11164473975645,-4.28126809165166,-1.92858076235414,-2.70669590704179,0,0
2017-02-13,0.8855585831,0.117551858747281,-3.30583417523944,-2.09469341278583,0.90691614151001,-3.03066493192868,-4.17095794468221,-1.87726960654084,-2.63587116350081,0,0
2017-02-14,1.2979218245,0.117733714119093,-3.30597286766674,-2.09486357207163,0.907187521457672,-3.03108616726815,-4.17155364846776,-1.87754825841221,-2.63623917551432,0,0
2017-02-15,0.36290919852,0.118696505391006,-3.30670714269617,-2.09576444111705,0.947923064231873,-3.10075789826536,-4.26657045372295,-1.92176785017913,-2.69717492489985,0,0
2017-02-16,-0.12176223153,0.118584409266272,-3.30662165232283,-2.09565955449019,0.91542774438858,-3.04512466815258,-4.19077822837453,-1.88650049394988,-2.64851592346585,0,0
2017-02-17,0.27706971068,0.119246035972515,-3.30712624348746,-2.09627862846464,0.864253759384155,-2.95523212387379,-4.06841695460367,-1.82956461885471,-2.56988908625774,0,0
2017-02-21,0.72207485991,0.119532186822854,-3.30734447710692,-2.09654637543214,0.833154380321503,-2.89932224702596,-3.99230095891618,-1.79413854359328,-2.52098464224992,0,0
2017-02-22,0.29992684722,0.120677171381292,-3.3082177022751,-2.09601758210396,0.83347886800766,-2.89956229161005,-3.99277720335775,-1.79288341812905,-2.52063484961007,0,0
2017-02-23,-0.42301801477,0.120266041911324,-3.30790415341725,-2.09561776269005,0.811817288398743,-2.86018550053492,-3.9390926305795,-1.76790450460677,-2.48620223288167,0,0
2017-02-24,0.095217168382,0.120572019929295,-3.30813750827276,-2.09591532333883,0.792824327945709,-2.82501622136936,-3.89123390553075,-1.74564530499923,-2.45544266137147,0,0
2017-02-27,0.19757061309,0.120588112271995,-3.3081497811358,-2.09593097298571,0.764692306518555,-2.7722792719336,-3.8194099618128,-1.71223408516035,-2.40932224279305,0,0
2017-02-28,0.043818009181,0.120725874952681,-3.30825484616844,-2.0960649458538,0.743628799915314,-2.73211177845497,-3.76472277585113,-1.68679297700191,-2.37419243305495,0,0
2017-03-01,2.0439448137,0.120430623373093,-3.3080296718564,-2.09577781656211,0.722352385520935,-2.69110734004533,-3.70883319099703,-1.66079853073176,-2.33833715715253,0,0
2017-03-02,-0.59374776465,0.120128692598436,-3.30779940364053,-2.09548419181812,0.811829745769501,-2.86025133611802,-3.93916397613053,-1.76793599140635,-2.48626109601723,0,0
2017-03-03,0.59009787001,0.120005605999413,-3.3077055313561,-2.09536449129681,0.824415743350983,-2.88330311937908,-3.97054441882715,-1.78252967106921,-2.50642129208087,0,0
2017-03-06,-0.31478036917,0.119331379045906,-3.30719133058324,-2.09470881213712,0.811746537685394,-2.86034805402948,-3.93918933424562,-1.76793795069863,-2.48635316330178,0,0
2017-03-07,0.12918042194,0.117726393577758,-3.30596728463867,-2.09314797936768,0.784848690032959,-2.81108577592744,-3.87187056127457,-1.73662870032552,-2.44329224549506,0,0
2017-03-08,-0.37270642206,0.117337574123134,-3.30567075056652,-2.09276985622687,0.754072189331055,-2.75321864650228,-3.79298945620037,-1.6999678934888,-2.39269723380494,0,0
2017-03-09,-0.23021582738,0.117235632902286,-3.30559300485453,-2.09267071938033,0.743914484977722,-2.73385411431194,-3.76659611443792,-1.68770285273662,-2.37576621509399,0,0
2017-03-10,0.33169887502,0.117276167807629,-3.30562391889548,-2.09271013918183,0.733912289142609,-2.71460823985077,-3.74038472892383,-1.67552100401277,-2.35893694843262,0,0
2017-03-13,0.043122035459,0.117036779952278,-3.30544134918421,-2.09247733681904,0.735522449016571,-2.71779584207324,-3.74469236896516,-1.67752630213891,-2.36172779669715,0,0
2017-03-14,-0.15086206895,0.117050162068521,-3.30545155508665,-2.09249035079703,0.717828154563904,-2.68348506942946,-3.69795474912369,-1.6558068443997,-2.33172639641218,0,0
2017-03-15,1.0576300452,0.116824484666249,-3.30527944168469,-2.0922708817166,0.705867171287537,-2.66013583693643,-3.66611384956272,-1.64101575942828,-2.31131381993507,0,0
2017-03-16,0.16374768638,0.116006332381221,-3.30465547591901,-2.09147048106332,0.739168167114258,-2.72516757035281,-3.7545861132433,-1.68213310830682,-2.36818879277027,0,0
2017-03-17,-0.49754780011,0.115629718174554,-3.30436825020795,-2.09109152602577,0.738928914070129,-2.72483743148618,-3.75408211948042,-1.68189293573557,-2.36790569815749,0,0
2017-03-20,1.0500750053,0.114729842781976,-3.30368195812197,-2.09018605749285,0.737807393074036,-2.72299141096888,-3.75143743793813,-1.6806504253032,-2.36630502255672,0,0
2017-03-21,-1.1452000565,0.114979917755228,-3.30387267838886,-2.09043768679733,0.770015835762024,-2.78418640313709,-3.83484558592535,-1.71939057028739,-2.41980500995434,0,0
2017-03-22,1.1298627,0.113991432334647,-3.30311880765648,-2.08944305748424,0.808135390281677,-2.85539184121405,-3.93172340381897,-1.76434163020756,-2.48207059933318,0,0
2017-03-23,-0.3535567811,0.114217298084554,-3.30329106470222,-2.08967032709389,0.851062893867493,-2.93317012269017,-4.03772341155752,-1.81356773315252,-2.5500688143012,0,0
2017-03-24,-0.1986942948,0.114753601425232,-3.30370007770716,-2.09020996380703,0.834040105342865,-2.90237679893813,-3.9958387193355,-1.79414729048666,-2.52314243945745,0,0
2017-03-27,0.17064846415,0.114740976897226,-3.30369044958117,-2.09019726081176,0.798289477825165,-2.83700887639492,-3.9067785847221,-1.75278854867771,-2.46599098618188,0,0
2017-03-28,2.0726859739,0.114020334540708,-3.30314084999196,-2.08947213933083,0.770980417728424,-2.78631869358571,-3.8376168940425,-1.72065092808461,-2.42168121021895,0,0
2017-03-29,0.22253129355,0.114642899195083,-3.3036156503908,-2.09009857351149,0.880129635334015,-2.984651540779,-4.10791755863378,-1.84618777041251,-2.59507627809152,0,0
2017-03-30,-0.13183458232,0.114013777734167,-3.30313584942802,-2.08946554177072,0.862743437290192,-2.95407037644366,-4.06617341225144,-1.82676504930603,-2.56834279316165,0,0
2017-03-31,-0.18759119021,0.113398386090051,-3.30266651954233,-2.08884632518388,0.815566122531891,-2.86919680017621,-3.95045344689543,-1.77301156704285,-2.49414540109081,0,0
2017-04-03,0.027843519456,0.11355371065725,-3.30278497818905,-2.08900261516486,0.785612225532532,-2.81386212153432,-3.87508004939658,-1.73802892929903,-2.44576710956993,0,0
2017-04-04,0.74460681972,0.114351387507918,-3.30339332831652,-2.08980524994483,0.761041581630707,-2.76745288224564,-3.8119593324239,-1.70874658893364,-2.40518289895484,0,0
2017-04-05,-0.51806313459,0.11358366134469,-3.30280782015132,-2.08903275200963,0.773209154605866,-2.79065162567084,-3.84345967868463,-1.72335114215822,-2.4254747480164,0,0
2017-04-06,-0.24996528273,0.113115317658818,-3.30245063673705,-2.08856149735188,0.779462695121765,-2.80252536981925,-3.85957303745887,-1.73081682541052,-2.43586102289959,0,0
2017-04-07,-0.22274815528,0.111454586812559,-3.30118407644867,-2.08689044429794,0.769699037075043,-2.78475651001885,-3.83513036393838,-1.7194264312339,-2.42034753728797,0,0
2017-04-10,-0.11859913502,0.110542100255222,-3.30048816642821,-2.08597228621606,0.759519875049591,-2.76584777529687,-3.80923520249488,-1.70739187259929,-2.40383008519604,0,0
2017-04-11,-1.0756443389,0.111423608390243,-3.30116045068199,-2.08685927333045,0.74121755361557,-2.73067722081585,-3.76143359136826,-1.68523685685421,-2.37307310213616,0,0
2017-04-12,0.12003106694,0.109990877760299,-3.30006777529517,-2.08541763761926,0.769455194473267,-2.78478221554039,-3.83496095841797,-1.7193081781159,-2.42038840099891,0,0
2017-04-13,-0.52891396326,0.109593623975448,-3.29976480876123,-2.08501791471903,0.775094568729401,-2.79550133942173,-3.84951363962928,-1.72604479078693,-2.4297630370633,0,0
2017-04-17,0.55299539163,0.109061076217014,-3.29935865995992,-2.08448205693081,0.7743821144104,-2.79434101539109,-3.84785830700443,-1.72526195069695,-2.42875530436867,0,0
2017-04-18,-0.44419375308,0.10914421596791,-3.29942206668661,-2.08456571343358,0.774341225624085,-2.79423701797057,-3.84772813173606,-1.7252039974368,-2.4286633844995,0,0
2017-04-19,-0.36827195463,0.108828025062773,-3.29918092294866,-2.08424755725623,0.763650178909302,-2.77422985462376,-3.82041692735906,-1.71253505974629,-2.41117950246963,0,0
2017-04-20,1.2510662496,0.11007331188423,-3.30013064387379,-2.08009053736463,0.761535346508026,-2.76981845170567,-3.81458018473717,-1.70513834259922,-2.40426351890372,0,0
2017-04-21,-0.11934849753,0.110514386627716,-3.30046703056497,-2.0805134946379,0.800938010215759,-2.84324320644853,-3.91470146126244,-1.75144408027215,-2.46836440803119,0,0
2017-04-24,0.96295775638,0.111431689086623,-3.3011666134441,-2.08139311822216,0.78022426366806,-2.80449882208505,-3.86202949176022,-1.72706918343819,-2.43452799258899,0,0
2017-04-25,0.61960456696,0.111390982052394,-3.30113556812864,-2.08135408325937,0.793852806091309,-2.82986857977809,-3.89659464508612,-1.74306257570073,-2.45667922791095,0,0
2017-04-26,-0.58811319459,0.111046317143741,-3.3008727086249,-2.08102357571589,0.797395944595337,-2.83653495339945,-3.90563200031342,-1.74724591548656,-2.46250282032283,0,0
2017-04-27,0.076559020272,0.109271804704157,-3.29951937253659,-2.07932195268277,0.791866064071655,-2.82686676655751,-3.89221499199658,-1.74105143878373,-2.45407793084608,0,0
2017-04-28,-0.097364211979,0.109764030665768,-3.29989476982465,-2.07979396010019,0.765557825565338,-2.77751722240051,-3.82502851841133,-1.70997584896586,-2.41098853883598,0,0
2017-05-01,2.0396797774,0.110413315263153,-3.30038994825092,-2.08041657485414,0.739626884460449,-2.7279736265098,-3.7576039566279,-1.67877745676772,-2.3677257072683,0,0
2017-05-02,0.63446582062,0.110456220436923,-3.30042266998267,-2.08045771766627,0.834643423557282,-2.90477102990571,-3.9985405551067,-1.79022542877921,-2.52208372994318,0,0
2017-05-03,-0.30506406338,0.111005396414501,-3.30084150033444,-2.08098433583577,0.846657514572144,-2.92623071331868,-4.02785542711241,-1.80379141159616,-2.54081688883172,0,0
2017-05-04,-0.36039711686,0.111098827125768,-3.30091275548627,-2.0810739288117,0.817566514015198,-2.87356617780822,-3.95610154085745,-1.77059541568065,-2.49483459494146,0,0
2017-05-05,1.658363475,0.111840712977157,-3.30147855647684,-2.0817853411549,0.80891215801239,-2.85749404692956,-3.93429949773293,-1.76050753051774,-2.48079595131896,0,0
2017-05-08,2.7188506983,0.111754448424251,-3.30141276661254,-2.08170261998209,0.878340482711792,-2.98232368319025,-4.10438686946749,-1.8392135184259,-2.58978961106581,0,0
2017-05-09,0.64048101431,0.113291978066866,-3.30258536721302,-2.08317699446131,1.06741797924042,-3.29880455248824,-4.53579286123602,-2.03896154606594,-2.86613461190358,0,0
2017-05-10,-0.47405675696,0.113055043644756,-3.30240466861837,-2.08294979229523,1.04501807689667,-3.26286530294309,-4.48680019926863,-2.01626382861577,-2.83475067520952,0,0
2017-05-11,0.86483653286,0.113121661059199,-3.30245547454628,-2.08301367335027,0.989392399787903,-3.17177155226215,-4.36268785733662,-1.95881466982622,-2.75520921177353,0,0
2017-05-12,1.396557324,0.111503828812895,-3.30122163097612,-2.081462294756,0.966235935688019,-3.13350792993022,-4.31036961367229,-1.9345174254058,-2.72179291847023,0,0
2017-05-15,-0.25624599621,0.110296698064873,-3.30030100987019,-2.08030474779324,1.00233221054077,-3.19385056894244,-4.39246604294971,-1.97243249130496,-2.77447293966806,0,0
2017-05-16,-0.14771997439,0.110330086706765,-3.30032647379651,-2.08033676497205,0.955921530723572,-3.11644001998713,-4.28697778349937,-1.92364095778391,-2.70688777283461,0,0
2017-05-17,-3.3575609442,0.110871347602774,-3.30073926769269,-2.08085579317779,0.891673982143402,-3.00596691880139,-4.13649602075113,-1.85404936774322,-2.61043514917375,1,1
2017-05-18,1.5241264558,0.108890962296358,-3.34608805746771,-2.08431088567373,1.15428030490875,-3.48606031443366,-4.7364465153508,-2.13043924983968,-2.99936727196637,0,0
2017-05-19,0.34089419169,0.109493828947674,-3.34631433161514,-2.08491749941916,1.26433646678925,-3.65319293403953,-4.96212997132987,-2.23484406031404,-3.1441128685133,0,0
2017-05-22,0.60760486085,0.109119330039881,-3.34617377081137,-2.08454067282804,1.16449582576752,-3.5017972773986,-4.75781267034177,-2.14034619385328,-3.01305965399747,0,0
2017-05-23,-0.12338463529,0.108262837315689,-3.34585230310284,-2.08367885660679,1.08353841304779,-3.3745402600816,-4.58571728316905,-2.06070414578796,-2.90272009936386,0,0
2017-05-24,-0.29908972683,0.108104634660144,-3.34579292484577,-2.08351967064882,0.988335967063904,-3.21811833722231,-4.37479455364723,-1.96322827402563,-2.76743572733535,0,0
2017-05-25,0.34563714617,0.107747270328263,-3.34565879516826,-2.0831600851329,0.938534319400787,-3.13345942008976,-4.26046465702022,-1.91037616021868,-2.69413182675241,0,0
2017-05-26,-0.1689738092,0.108116228811693,-3.34579727648265,-2.08353133686336,0.897510647773743,-3.06159302761149,-4.16384583356485,-1.86575965749018,-2.63212226503611,0,0
2017-05-30,0.039059957089,0.107498751388772,-3.34556551846929,-2.08291002153365,0.848316669464111,-2.9739045240771,-4.04527349478316,-1.81094694259693,-2.55612885620846,0,0
2017-05-31,-0.59217804383,0.106433573232472,-3.34516572478581,-2.08183822280414,0.801516234874725,-2.88840763324811,-3.92938513949619,-1.7573828734936,-2.48191580590286,0,0
2017-06-01,0.27494108399,0.106208635607352,-3.34508129886967,-2.081611887088,0.792271792888641,-2.87123654624279,-3.906105460036,-1.74662683532319,-2.46701093772872,0,0
2017-06-02,1.4819166992,0.108793719863804,-3.29915476000793,-2.07886350552964,0.773877143859863,-2.79348219929055,-3.81221577588173,-1.71998847745663,-2.41799462466891,0,0
2017-06-05,-0.97780636861,0.108682684386565,-3.2990700785399,-2.07875703091647,0.824314773082733,-2.88660183881282,-3.93800601511244,-1.77865787339623,-2.49906732471619,0,0
2017-06-06,0.33781589045,0.10571848577966,-3.29680942549618,-2.07591458895228,0.850070416927338,-2.93391551983104,-4.00152343767469,-1.80825947379652,-2.5402696633229,0,0
2017-06-07,0.59566202672,0.106449082482707,-3.2973666167912,-2.07661517585722,0.822519242763519,-2.88402656570944,-3.93421428883228,-1.77689233379891,-2.49683750744622,0,0
2017-06-08,-0.24457746031,0.107368360120487,-3.29806770604515,-2.07749669348842,0.8066366314888,-2.85472359974973,-3.89475131663082,-1.75849274429517,-2.47132233697667,0,0
2017-06-09,-3.8776695272,0.110028863434971,-3.30009674515936,-2.07486934924704,0.7777960896492,-2.80041716087187,-3.82176497397537,-1.71985544445085,-2.41607770973853,1,1
2017-06-12,-2.3895824943,0.107471685904462,-3.34555535997177,-2.07759577508965,1.07254230976105,-3.35730650716216,-4.55658426423997,-2.04416167866755,-2.87716750350011,0,1
2017-06-13,0.80456608448,0.106061965889127,-3.34502624927392,-2.08146430574987,1.4210399389267,-3.88145617815762,-5.26112540217625,-2.3751970936369,-3.3312232962751,0,0
2017-06-14,-0.97550992577,0.107758558220798,-3.34566303185685,-2.08317144318489,1.50179588794708,-3.99227728138071,-5.41155370484823,-2.4451218411995,-3.42752103360628,0,0
2017-06-15,-0.5993386606,0.106324225844579,-3.34512468339313,-2.08172819577183,1.37120354175568,-3.81076327569596,-5.16616362157479,-2.33134619575269,-3.27039715704728,0,0
2017-06-16,-1.3999584171,0.106147974488465,-3.34505853091107,-2.0815508489323,1.24505794048309,-3.62634073364609,-4.91780176629955,-2.21649151515048,-3.11134534877536,0,0
2017-06-19,2.8607577142,0.105887886826181,-3.3449609121194,-2.08128914470531,1.3267730474472,-3.74702657509044,-5.08005809763009,-2.29145822744702,-3.21527078235389,0,0
2017-06-20,-0.90884242181,0.109336999231105,-3.34625546866372,-2.07938446929647,1.67587208747864,-4.22257402453526,-5.72278147223027,-2.58254011222896,-3.62313803760132,0,0
2017-06-21,0.59306254734,0.109414048516653,-3.34628438759855,-2.07945835372582,1.51334357261658,-4.00711908617236,-5.4327686820521,-2.44869465468934,-3.43753256389348,0,0
2017-06-22,-0.1645300611,0.108752653257227,-3.34603614588852,-2.07882412576419,1.37881720066071,-3.82026494864316,-5.18072105535071,-2.33226598051303,-3.27624589552546,0,0
2017-06-23,0.44633660673,0.109873636790156,-3.34645688502319,-2.07989906407222,1.23369145393372,-3.60709170978608,-4.89452785233442,-2.20030486278409,-3.09304022455172,0,0
2017-06-26,-0.31446540888,0.111397517404212,-3.34702884365779,-2.08136035016679,1.14357006549835,-3.46784268055605,-4.70810524396036,-2.11436418939251,-2.97363199924791,0,0
2017-06-27,-1.4332738993,0.112229848077545,-3.34734124261547,-2.0821584922442,1.06336104869843,-3.33952832976968,-4.53589545112779,-2.03487947907378,-2.86333788674564,0,0
2017-06-28,1.4610728449,0.109924159608377,-3.34647584776992,-2.07994751162844,1.12092423439026,-3.43311395488314,-4.66032474483565,-2.09219342470118,-2.94314242926104,0,0
2017-06-29,-1.4743194131,0.110460878644277,-3.34667729471012,-2.08046218453432,1.19469273090363,-3.54752435410011,-4.81474043262705,-2.16352590829177,-3.04194232228396,0,0
2017-06-30,0.2366369712,0.108099429197707,-3.34579097107776,-2.07819773336441,1.24852085113525,-3.63039471498269,-4.92464304834801,-2.21402114671177,-3.11240039966856,0,0
2017-07-03,-0.36106096377,0.106632219020911,-3.34524028257786,-2.07679078992712,1.16639411449432,-3.50621817113748,-4.75645384988142,-2.13629617531362,-3.00486084704607,0,0
2017-07-05,0.41114982596,0.106925055773627,-3.3453501930969,-2.07707159819437,1.07249093055725,-3.35755767456011,-4.55654901977766,-2.04411392856348,-2.87693715536483,0,0
2017-07-06,-0.94385453558,0.10578860165533,-3.3449236473821,-2.07598182476667,0.999174773693085,-3.23775460137902,-4.39452154407523,-1.9693364689136,-2.77335838083048,0,0
2017-07-07,1.0159041547,0.106317413309777,-3.3451221264421,-2.07648891509262,0.989388287067413,-3.22100863763781,-4.37233605712953,-1.95912456475043,-2.75912114432557,0,0
2017-07-10,0.61034817609,0.108384307687541,-3.34589789461926,-2.07847091026029,1.00531208515167,-3.2463886635146,-4.40788751485191,-1.97559979785989,-2.78170070787587,0,0
2017-07-11,0.32400386044,0.10632042514807,-3.34512325687641,-2.07649180321743,0.954961836338043,-3.16260590101646,-4.29372669889877,-1.92287198432407,-2.70882668236059,0,0
2017-07-12,0.14430014435,0.105798055134486,-3.34492719555968,-2.0759908899372,0.89147299528122,-3.05241020800998,-4.14505965341117,-1.85430786032932,-2.61376014371422,0,0
2017-07-13,1.3928914506,0.105195796416427,-3.34470114958805,-2.07541336943992,0.831413567066193,-2.94456567108517,-3.99951697311963,-1.78720518058419,-2.5207104550869,0,0
2017-07-14,0.85944373004,0.104102663292335,-3.3442908635569,-2.07436513756465,0.863696813583374,-3.00392375071808,-4.07869909662167,-1.82371459390528,-2.57147589278095,0,0
2017-07-17,0.34889962426,0.106520996254176,-3.34519853729859,-2.07277840257344,0.870638310909271,-3.01481689886267,-4.09492972025127,-1.82754710284195,-2.57818675780617,0,0
2017-07-18,0.34768654732,0.107178184933175,-3.34544520015134,-2.07317013533054,0.835397660732269,-2.95056176733012,-4.00886246312695,-1.78770120222657,-2.52312321950534,0,0
2017-07-19,0.6263326226,0.108286945539599,-3.34586135165081,-2.07383103814765,0.805760264396668,-2.89509706044161,-3.93490861883643,-1.75326986045506,-2.47574589923586,0,0
2017-07-20,-0.45027148708,0.107026806761351,-3.34538838333009,-2.0730799028136,0.794176638126373,-2.87426919917947,-3.90606833942951,-1.74043128362102,-2.45745039365086,0,0
2017-07-21,-0.046561128238,0.107205228264055,-3.34545535033402,-2.07318625514347,0.777472615242004,-2.84263020781014,-3.86359231098047,-1.7208144702782,-2.43028724552547,0,0
2017-07-24,1.2111532575,0.106781368197938,-3.34529626278973,-2.07293360338967,0.746967077255249,-2.78446643412702,-3.78503171433289,-1.6847982870425,-2.38013315430393,0,0
2017-07-25,0.42737852582,0.10716692057165,-3.34544097229466,-2.07316342094312,0.781676530838013,-2.85062016186538,-3.87432337739143,-1.72576812058693,-2.43714903690478,0,0
2017-07-26,0.47138928876,0.106865834670892,-3.34532796562005,-2.07298395161597,0.779096961021423,-2.84593704851371,-3.86782876082395,-1.72288390945996,-2.43303208925158,0,0
2017-07-27,-1.8897432554,0.107172353220444,-3.3454430113326,-2.07316665920111,0.769209921360016,-2.82693550675932,-3.84244478839629,-1.71109045060085,-2.41677685797437,0,1
2017-07-28,-0.7040382573,0.105677923825528,-3.3448821066342,-2.07587569311031,0.849756896495819,-2.97770997939675,-4.04443769832668,-1.80791119431839,-2.54749481687839,0,0
2017-07-31,-0.51505016718,0.105436792298971,-3.34479160265547,-2.07564446623894,0.908543527126312,-3.08273660424819,-4.18564109446748,-1.87301665236395,-2.63778780708938,0,0
2017-08-01,0.88751428757,0.105360784711198,-3.34476307470143,-2.07557158071887,0.875191152095795,-3.02372031447078,-4.10615950668831,-1.83637070962085,-2.58698353568545,0,0
2017-08-02,4.7250916359,0.104614504322042,-3.34448297302648,-2.07485595434678,0.877314567565918,-3.02799787376627,-4.11143120821569,-1.83880081510332,-2.59042377868794,0,0
2017-08-03,-0.99910907447,0.105365117933503,-3.34476470109124,-2.07557573595087,1.39207470417023,-3.84099616936952,-5.20615775952181,-2.34352814219617,-3.29019125929933,0,0
2017-08-04,0.52709391257,0.103628367321368,-3.34411284588711,-2.0739103236503,1.42576479911804,-3.88942273459468,-5.27006096970929,-2.37273241497457,-3.3310793151996,0,0
2017-08-07,1.5474135176,0.10394909083862,-3.34423322315506,-2.07421787321267,1.26733815670013,-3.66085873325383,-4.96269701908416,-2.23112479810988,-3.13460824105252,0,0
2017-08-08,0.79969775197,0.104116561472518,-3.34429607996564,-2.07437846486684,1.28254663944244,-3.6832845589737,-4.99299713078549,-2.24510824823599,-3.15396941401066,0,0
2017-08-09,0.61219390318,0.104708314668075,-3.3445181828959,-2.0749459113637,1.20594048500061,-3.56808508261526,-4.83837687900706,-2.17390021015628,-3.05510740855231,0,0
2017-08-10,-3.1851898025,0.104200959207857,-3.34432775699665,-2.07445939590299,1.16039979457855,-3.49837092256351,-4.74419769978421,-2.13044517376206,-2.99493173035708,0,1
2017-08-11,1.3906773112,0.102370668373192,-3.34364079330864,-2.07775006511846,1.49668645858765,-3.98821064221495,-5.40207022705446,-2.43953084253541,-3.42508253209004,0,0
2017-08-14,1.50495301,0.103066836482704,-3.34390208632445,-2.07845056023366,1.56175827980042,-4.07581855776855,-5.5204825334682,-2.49437963910499,-3.50096178909136,0,0
2017-08-15,1.0947763529,0.104103497276368,-3.34429117657641,-2.07949366435198,1.57416570186615,-4.09183685552766,-5.54282011680641,-2.50494904000512,-3.51527330745327,0,0
2017-08-16,-0.40222772286,0.103199634056796,-3.34395192928357,-2.07858418320588,1.50576949119568,-4.00015707628141,-5.41876339800538,-2.44742685117144,-3.43577030243151,0,0
2017-08-17,-1.9198508853,0.101422583647853,-3.34328494834285,-2.07678898128885,1.35933792591095,-3.79653501043452,-5.14345678705478,-2.3199191523995,-3.25938106376698,0,0
2017-08-18,-0.22805017115,0.100659842312776,-3.34299866837541,-2.07594575894957,1.46384167671204,-3.94401168175084,-5.34132941174399,-2.41101291907794,-3.38618732702627,0,0
2017-08-21,-0.1841269841,0.100825050459431,-3.34306067600588,-2.07612839911011,1.35754942893982,-3.79430609666862,-5.14002458759555,-2.31815359711707,-3.25720015608163,0,0
2017-08-22,1.6347560588,0.101854045565565,-3.34344688909271,-2.07723023126196,1.22830140590668,-3.60364668527719,-4.88422150660569,-2.20031446357998,-3.0932490589083,0,0
2017-08-23,0.12517211162,0.101264095266372,-3.34322546284416,-2.07661376993261,1.28342425823212,-3.68621973760543,-4.99490935712969,-2.25129667819928,-3.16420144303284,0,0
2017-08-24,-0.44380547579,0.101380647213975,-3.34326920832671,-2.07674261991278,1.15590059757233,-3.49306228287654,-4.73509125160124,-2.13138386040377,-2.99771174015116,0,0
2017-08-25,0.37044013334,0.100573190321606,-3.34296614525379,-2.07584996383353,1.06901025772095,-3.35581820033622,-4.54987289173695,-2.04570937179118,-2.87908305806968,0,0
2017-08-28,1.0071312396,0.0999683137762628,-3.34273911673214,-2.07518126346018,1.00627017021179,-3.25323419838631,-4.41144344412061,-1.98170865317472,-2.79043410321504,0,0
2017-08-29,0.89180652758,0.100199539699842,-3.3428259028375,-2.07543688729386,0.995291173458099,-3.23474668251166,-4.38672523442234,-1.97034514551511,-2.7745794389819,0,0
2017-08-30,0.2700877787,0.101275820033168,-3.34322986350491,-2.07662673184359,0.977456450462341,-3.20405509770362,-4.34615015162954,-1.951810214011,-2.74849627564326,0,0
2017-08-31,0.39791857962,0.100451829944265,-3.34292059502165,-2.07571579805993,0.916626513004303,-3.10008086644379,-4.20570806927206,-1.88685121577975,-2.65857895250942,0,0
2017-09-01,0.030487804906,0.0978813341131595,-3.34195580993794,-2.07287407517416,0.869826018810272,-3.01897582891114,-4.09491679812289,-1.83537355514701,-2.58784062365424,0,0
2017-09-05,-1.2008533984,0.0979434961146268,-3.34197914122331,-2.07294279622792,0.80391252040863,-2.89851406547514,-3.93291116907709,-1.76068124509979,-2.48406032706385,0,0
2017-09-06,-0.10488647594,0.0981425810966284,-3.34205386385803,-2.07316288775373,0.817735910415649,-2.9240350036133,-3.96736945404518,-1.77659273558347,-2.50611215020354,0,0
2017-09-07,-0.40145759976,0.0976763463785332,-3.34187887182105,-2.07264745806405,0.801250815391541,-2.89372680507902,-3.92630122334242,-1.75760458262017,-2.47985482522404,0,0
2017-09-08,-1.6309066104,0.0974291265152604,-3.3417860827048,-2.07237415268274,0.775733709335327,-2.84587390691424,-3.86177419071605,-1.72782987541793,-2.4385499145653,0,0
2017-09-11,1.8092416314,0.0963545353035978,-3.34138275601602,-2.07118617548313,0.838354527950287,-2.96307238760077,-4.01873317845482,-1.80005877927749,-2.53919517436881,0,0
2017-09-12,-0.39628482964,0.0964480387436704,-3.34141785069431,-2.07128954498186,0.920601010322571,-3.10957406301745,-4.21584700455042,-1.89091192552381,-2.66543042371478,0,0
2017-09-13,-0.75220688805,0.0968213702767051,-3.34155797334691,-2.07170226876401,0.887520551681519,-3.05120389637444,-4.13757894363475,-1.85489430817833,-2.61526741020305,0,0
2017-09-14,-0.85812715306,0.0964252388676737,-3.34140929320902,-2.07126433936642,0.919257938861847,-3.10724916016785,-4.2127048817027,-1.8894603427489,-2.66342002962627,0,0
2017-09-15,1.0108668181,0.0964419584205671,-3.34141556856455,-2.07128282309066,0.922201752662659,-3.11236405906978,-4.21959571943963,-1.89263861245644,-2.66783188666031,0,0
2017-09-18,-0.75681761309,0.0956339091059989,-3.34111228313761,-2.07038951207951,0.918621361255646,-3.10664637188309,-4.21137402369573,-1.88872547383359,-2.66263815280373,0,0
2017-09-19,0.037814331699,0.0964836832759384,-3.34143122916886,-2.07132895056341,0.903665125370026,-3.07992436895245,-4.17598969488221,-1.87254859844484,-2.63989991709106,0,0
2017-09-20,-1.6758016757,0.0988456503175441,-3.34231774707034,-2.06926770402936,0.870378255844116,-3.01933844010489,-4.09603042240819,-1.83165830586227,-2.58054491561347,0,0
2017-09-21,-1.7171781894,0.100491405246035,-3.34293544883326,-2.06918432314799,0.933477103710175,-3.12933979559827,-4.24510064339641,-1.89868452545697,-2.6716672217562,0,0
2017-09-22,-0.97789947195,0.102631615995712,-3.34373873486949,-2.06494439787362,1.03979468345642,-3.30698958236587,-4.48557020627301,-2.00299886254785,-2.82474566961803,0,0
2017-09-25,-0.88221739406,0.0979852077729719,-3.34199479687437,-2.0611898156753,1.05094826221466,-3.32808641392613,-4.51080307623367,-2.01505935502076,-2.84112102528096,0,0
2017-09-26,1.7203586847,0.098543327823674,-3.34220427626482,-2.06164989326027,1.04192435741425,-3.3130015286162,-4.4908889073461,-2.00587953438159,-2.82838747538896,0,0
2017-09-27,0.71176701058,0.0996773060643117,-3.3426298927076,-2.0625636978621,1.12851846218109,-3.45125691141237,-4.67766281664437,-2.09142019666614,-2.94744835526125,0,0
2017-09-28,-0.61596317182,0.0994511977963052,-3.34254502741366,-2.06238149085987,1.10482120513916,-3.41391377297711,-4.62726680266417,-2.06832779304205,-2.91531603582747,0,0
2017-09-29,0.54801670158,0.0997944064763617,-3.3426738440455,-2.0626580620144,1.04628086090088,-3.31935551210678,-4.50028533735893,-2.01005461674333,-2.83430482700891,0,0
2017-10-02,-0.20114196732,0.0988094591920518,-3.34230416344278,-2.06186435246275,0.993851006031036,-3.23320295480685,-4.38371694504579,-1.95670592254119,-2.76002002981734,0,0
2017-10-03,0.43560236645,0.0988214980420962,-3.3423086819885,-2.06187405384517,0.93818187713623,-3.13853164703821,-4.256364437809,-1.89830536487945,-2.6787972590631,0,0
2017-10-04,-0.64733298814,0.0982594621934077,-3.34209773288025,-2.06142114308681,0.900844156742096,-3.07381942053072,-4.16893982822128,-1.8582932777384,-2.62308627927375,0,0
2017-10-05,1.2444618191,0.0977625311947919,-3.34191121959776,-2.0609962959158,0.883912920951843,-3.04419021813642,-4.12875782726916,-1.83991700389875,-2.59750281440107,0,0
2017-10-06,-0.057918784842,0.0977342586099251,-3.34190060803876,-2.06097172528575,0.91428679227829,-3.09773579822884,-4.20076819136519,-1.87293279842349,-2.64342630843992,0,0
2017-10-09,0.34771410174,0.0964619795896095,-3.34142308311681,-2.05986603589515,0.865101397037506,-3.01142326918177,-4.08383724078353,-1.81943645893804,-2.56897070206889,0,0
2017-10-10,0.038501026756,0.0956909397175917,-3.34113368845666,-2.05929629067926,0.825595557689667,-2.94013961084437,-3.98746205315216,-1.77543280893755,-2.50759260675831,0,0
2017-10-11,0.41693393214,0.0961597576026426,-3.34130965003458,-2.05960338624106,0.782831609249115,-2.86015656776002,-3.88018273269392,-1.72613142527341,-2.43914750603872,0,0
2017-10-12,-0.35132545518,0.0970721300230784,-3.3416520910887,-2.06039629447065,0.765212118625641,-2.82608493998358,-3.83493001601313,-1.70528844822466,-2.41019963704297,0,0
2017-10-13,0.63461538466,0.0967160093087402,-3.3415184281786,-2.06008680347904,0.750814855098724,-2.79869545004689,-3.79786441998747,-1.68834041526762,-2.38660235202379,0,0
2017-10-16,1.8408815846,0.0956950908338653,-3.34113524649655,-2.05929867450224,0.750146567821503,-2.7980956264095,-3.79641732656398,-1.68788412660573,-2.38578835412773,0,0
2017-10-17,0.36902677002,0.0954692838595716,-3.34105049428729,-2.0591690024286,0.823676288127899,-2.93675499774121,-3.98276780056532,-1.77336276754455,-2.50462059961404,0,0
2017-10-18,-0.44245030213,0.0946946503815732,-3.34075975083777,-2.05872416085666,0.810585260391235,-2.91307515943041,-3.95042484671963,-1.75882635668945,-2.48407494882017,0,0
2017-10-19,-2.3660490736,0.0945347915524291,-3.34069975096848,-2.05863236021175,0.782636523246765,-2.86087358774029,-3.88011827366572,-1.72667027947772,-2.43927055835583,0,1
2017-10-20,0.17309911509,0.0947580623638496,-3.34078355127887,-2.06476652831889,0.894380986690521,-3.06467834052775,-4.15435585218948,-1.85792711849607,-2.61954488443809,0,0
2017-10-23,-0.051200000053,0.0943314303084783,-3.3406234233229,-2.06438635163334,0.869654476642609,-3.02097585239956,-4.0953037982105,-1.83081756753018,-2.58185924529186,0,0
2017-10-24,0.59550489877,0.0941056732766773,-3.34053868985857,-2.06418517697005,0.807271480560303,-2.90731114007143,-3.9422973596692,-1.76052936353056,-2.48414567786703,0,0
2017-10-25,-0.439210694,0.0946489216826176,-3.34074258746947,-2.06466927181431,0.797870874404907,-2.88942322765107,-3.91858652335367,-1.74958837295823,-2.46894773530326,0,0
2017-10-26,0.63934531045,0.095741319967323,-3.3411525976931,-2.0656427203725,0.783611476421356,-2.8619081738757,-3.88227368454995,-1.73280346143192,-2.44564316196793,0,0
2017-10-27,3.5829998094,0.0963100892919557,-3.34136607407919,-2.06614955719819,0.792699933052063,-2.87863168097702,-3.90512782898191,-1.74325926200264,-2.46018810439978,0,0
2017-10-30,2.2508432996,0.0977251371995962,-3.34189718449669,-2.06741052251162,1.06383669376373,-3.34918981057185,-4.53901446434631,-2.03465292227039,-2.86509577660384,0,0
2017-10-31,1.3915547024,0.0977321328483048,-3.34189981017592,-2.06741675641389,1.24083232879639,-3.62489874814722,-4.9098990493157,-2.2052182541978,-3.10208635069404,0,0
2017-11-01,-1.2718883106,0.0968494395684016,-3.34156850860381,-2.06663017837484,1.25132131576538,-3.64111177475505,-4.93108235568059,-2.2149342126971,-3.11564890187669,0,0
2017-11-02,0.73102043261,0.095318496562187,-3.34099389923914,-2.06526593761857,1.23448169231415,-3.61676733420939,-4.89725435452023,-2.1993413127703,-3.09408483505562,0,0
2017-11-03,2.6113854025,0.0955830517342685,-3.3410931948228,-2.06550168574673,1.17799770832062,-3.53069258861497,-4.7816728425604,-2.14622165450079,-3.02023734544382,0,0
2017-11-06,1.0144927535,0.0967139589848738,-3.34151765862984,-2.0665094500832,1.39776873588562,-3.8538711435727,-5.21716607322214,-2.34646374702213,-3.29843802095462,0,0
2017-11-07,0.3213773316,0.096867290629099,-3.34157520864856,-2.06664608565842,1.4005708694458,-3.8577438438057,-5.22248720191433,-2.34891983399654,-3.30183611222588,0,0
2017-11-08,0.81803100493,0.0973503905945389,-3.34175653072462,-2.06707658154202,1.25348520278931,-3.64405192957284,-4.93539269295019,-2.21693105003094,-3.11838791647203,0,0
2017-11-09,-0.2042669088,0.0983405979195308,-3.34212818558022,-2.06790228389362,1.19192910194397,-3.55044474594044,-4.81017091770457,-2.15930217549661,-3.03833872497398,0,0
2017-11-10,-0.33095577755,0.0982395250156325,-3.34209024985247,-2.06784203701387,1.09499800205231,-3.39899564145129,-4.60636538032962,-2.06559488695536,-2.90810600555696,0,0
2017-11-13,-0.40075571069,0.101186479691762,-3.2933530803873,-2.06377984977429,1.04112100601196,-3.25919744471558,-4.43440694469514,-2.00459825137683,-2.81142918936156,0,0
2017-11-14,-1.5117549002,0.101564914464971,-3.29364169455773,-2.06408480751056,0.982243776321411,-3.16270449155499,-4.30422139434062,-1.9441126404799,-2.72780650882308,0,0
2017-11-15,-1.3190148244,0.102406483432202,-3.29428351911119,-2.06476297713274,1.02599048614502,-3.23441244461193,-4.40112049199465,-1.98901647517221,-2.78999209507133,0,0
2017-11-16,1.1947007333,0.0999536428704993,-3.29241285448412,-2.06278638101077,1.06298661231995,-3.29456490526435,-4.48197975370582,-2.02680473788493,-2.84203440956683,0,0
2017-11-17,-0.55523085921,0.100746189885237,-3.29301729233015,-2.06342504680107,1.09113311767578,-3.33905133809392,-4.54213057794537,-2.0546522623756,-2.88062391749794,0,0
2017-11-20,-0.099911842517,0.101730376630068,-3.29376788466735,-2.06421814347987,1.02463603019714,-3.23236333463842,-4.39826257578123,-1.98776013145946,-2.78819084710564,0,0
2017-11-21,1.8590422402,0.100266913228608,-3.29265177086001,-2.06303882667913,0.929992079734802,-3.07503794115326,-4.1857074209643,-1.88924721004034,-2.65178212729004,0,0
2017-11-22,1.0511724617,0.103215694073402,-3.29490066551116,-2.06541507113356,0.990270137786865,-3.17561632472568,-4.32187993382665,-1.95212671373552,-2.7390544988295,0,0
2017-11-24,0.005715592124,0.105883969485145,-3.29693563203363,-2.06756527319461,1.00375127792358,-3.19722973498125,-4.35141950617582,-1.96555567962787,-2.75788442318411,0,0
2017-11-27,-0.5029433617,0.105570290637516,-3.29669640412225,-2.06731249834922,0.909881234169006,-3.03907241768558,-4.13795142701538,-1.86639144828092,-2.62075496335056,0,0
2017-11-28,-0.58590384297,0.105249439783517,-3.29645170646334,-2.06705394401689,0.856559932231903,-2.94563385761674,-4.01181158884057,-1.80781979774289,-2.5397388845297,0,0
2017-11-29,-2.0743051945,0.106443533719727,-3.29736238501406,-2.06801619222838,0.832725048065186,-2.90252394258729,-3.95382433804373,-1.78069919926349,-2.50238866504036,0,1
2017-11-30,1.398395091,0.109902279963271,-3.2736195708206,-2.07080338700925,0.923606812953949,-3.0361922839117,-4.1672252874428,-1.88023222949366,-2.63307407746889,0,0
2017-12-01,-0.46552225767,0.111474089342286,-3.27493771815933,-2.07207001329208,1.01109540462494,-3.18158188964889,-4.36497745746033,-1.97205944118082,-2.75979814875767,0,0
2017-12-04,-0.73078047362,0.112949834548714,-3.27617530437206,-2.07325922725795,0.977387666702271,-3.12597268863159,-4.28948054938833,-1.93673474691914,-2.71127481389603,0,0
2017-12-05,-0.094228504167,0.112180014926027,-3.2755297199262,-2.07263887610077,0.978954374790192,-3.12869863677374,-4.29313581785883,-1.93853289583619,-2.71367082546003,0,0
2017-12-06,-0.37137467571,0.111945643448603,-3.27533317183114,-2.07245001027696,0.926710665225983,-3.04108044581188,-4.17401962967561,-1.88311519716755,-2.63727950936517,0,0
2017-12-07,0.18342109943,0.110824906993917,-3.27439330228023,-2.07154687643097,0.900266468524933,-2.99599715596292,-4.11265087549247,-1.85470792489381,-2.59800247069183,0,0
2017-12-08,0.029529884159,0.111378919061444,-3.27485790666686,-2.07199332130851,0.871874511241913,-2.9464941340189,-4.0454006038178,-1.82332870000603,-2.55482399773239,0,0
2017-12-11,1.9483970005,0.112024449062355,-3.27539925962234,-2.07251351496331,0.842612385749817,-2.89459294635917,-3.97490331498168,-1.79041696110434,-2.50954979157702,0,0
2017-12-12,-0.56176521684,0.113512688647343,-3.27664732384345,-2.07371279739453,0.937052130699158,-3.05832953120931,-4.19757823432846,-1.89387143071457,-2.6522771895649,0,0
2017-12-13,0.33197437388,0.115582012025011,-3.27838269528204,-2.0693173084274,0.928732931613922,-3.04382131631106,-4.17800900261276,-1.8786354419158,-2.63558922670624,0,0
2017-12-14,-0.029024206196,0.115967373281504,-3.27870586609491,-2.06953280735623,0.880651950836182,-2.96087046967034,-4.06531061546681,-1.82614549654056,-2.56334609714878,0,0
2017-12-15,1.0161421438,0.114544362849181,-3.27751250420294,-2.06873704177599,0.831879734992981,-2.87479093078004,-3.94820764700209,-1.77229776034297,-2.48843082278704,0,0
2017-12-18,1.4082887854,0.113677652328923,-3.27678566532478,-2.06825236620062,0.846282124519348,-2.90075523252298,-3.9834211784272,-1.7889820220047,-2.51106472077276,0,0
2017-12-19,-1.0656388165,0.115676869178479,-3.27846224418032,-2.06937035375726,0.901302635669708,-2.9967955171993,-4.11410878494464,-1.84892043392959,-2.59463724028479,0,0
2017-12-20,-0.10885756837,0.113779487734734,-3.27687106630975,-2.06830931385817,0.917011380195618,-3.02417554917468,-4.1511767927646,-1.86684822021379,-2.61852732216165,0,0
2017-12-21,0.37854889579,0.114340573139911,-3.27734160252331,-2.06862307997181,0.863550841808319,-2.93120895701811,-4.02486752133982,-1.80797782187621,-2.53756279718402,0,0
2017-12-26,-2.5369978858,0.115389343642329,-3.27822112014495,-2.06920956581087,0.828892469406128,-2.86921894641143,-3.94070947872583,-1.76849212671577,-2.48355337753382,0,1
2017-12-27,0.01758808703,0.115158843617228,-3.27802781871876,-2.07503933430054,0.969606637954712,-3.11266945575873,-4.27154477780716,-1.92810346408077,-2.70220810038708,0,0
2017-12-28,0.28135990633,0.114624261780234,-3.2775795088695,-2.07460854707271,0.919771790504456,-3.02872963099689,-4.15742887519327,-1.8750235361702,-2.62895449787274,0,0
2017-12-29,-1.0813654432,0.115480897195258,-3.27829789858498,-2.07529885783555,0.858262777328491,-2.921615343005,-4.01192411298989,-1.80712728345384,-2.53544059545467,0,0
2018-01-02,1.790462684,0.115735136621812,-3.27851110829602,-2.07550373404007,0.869157671928406,-2.94077572526245,-4.03798381066217,-1.81922847869806,-2.55215816361389,0,0
2018-01-03,-0.017415534694,0.116363092475057,-3.27903772325828,-2.07600976575027,0.948426723480225,-3.0770000191707,-4.22315268253438,-1.90540474457678,-2.67104906861128,0,0
2018-01-04,0.46449515175,0.116554907940265,-3.27919858312358,-2.07616433825311,0.891151547431946,-2.97903555818011,-4.09004211651793,-1.84336132423664,-2.5855335019399,0,0
2018-01-05,1.1385308906,0.115451939873578,-3.2782736144593,-2.07527552287826,0.850375533103943,-2.90763457742788,-3.99292183743896,-1.79828016144578,-2.52323829555619,0,0
2018-01-08,-0.37142857136,0.113630425046419,-3.27674605968456,-2.07380767405038,0.875000894069672,-2.95148641561153,-4.05236919045212,-1.8262400166165,-2.56156031740957,0,0
2018-01-09,-0.01147117864,0.114999559766411,-3.27789424044466,-2.07491097706169,0.849555909633637,-2.9062800506984,-3.9910426145587,-1.79747404941132,-2.52206812619187,0,0
2018-01-10,-0.02294498936,0.116056907534272,-3.27878095111386,-2.07576302979197,0.801608800888062,-2.81952120940576,-3.87323192124836,-1.74242788210693,-2.44631090592407,0,0
2018-01-11,0.5680188191,0.115089574354789,-3.27796972828161,-2.07498351438397,0.76221364736557,-2.74673691240863,-3.77422593335236,-1.6964716276379,-2.38281097700339,0,0
2018-01-12,1.0326335007,0.115360928748279,-3.27819729090874,-2.07520218250705,0.759623765945435,-2.74179773939652,-3.76754053155445,-1.69331053844686,-2.3784911418015,0,0
2018-01-16,-0.50821616132,0.116931640174107,-3.27951451748438,-2.07646792401569,0.786075830459595,-2.79071602291359,-3.83417067159725,-1.72408387433323,-2.42114104061394,0,0
2018-01-17,1.6516260855,0.116286056347666,-3.27897311938985,-2.07594768698616,0.783297955989838,-2.78574030411975,-3.82734749071895,-1.72101321120662,-2.41681762990413,0,0
2018-01-18,0.089335566736,0.117797636499078,-3.28024075742565,-2.07716577817071,0.857644140720367,-2.92000309915834,-4.00992682617437,-1.80584644807766,-2.53397236527867,0,0
2018-01-19,-0.44627914767,0.115250980202079,-3.27810508609974,-2.07511358161165,0.835465312004089,-2.88106136133796,-3.95679131729919,-1.78148151353201,-2.50004951304838,0,0
2018-01-22,-0.81811050095,0.115489201391559,-3.27830486263189,-2.075305549686,0.812254011631012,-2.83908751041996,-3.89976978290478,-1.75488274506397,-2.46340615203572,0,0
2018-01-23,0.022598870055,0.11454746503948,-3.27751510575498,-2.07454666121583,0.819542229175568,-2.85254014703836,-3.91796728438226,-1.76350999634727,-2.47517517835029,0,0
2018-01-24,-1.5928603706,0.114976096459559,-3.27787456369766,-2.07489206939927,0.786664187908173,-2.79230497055228,-3.83614359802014,-1.72533057551164,-2.42258781618288,0,0
2018-01-25,-1.7850992996,0.114295047382074,-3.27730342381199,-2.07434325306507,0.85042417049408,-2.90798322695292,-3.99329755718372,-1.79863205655996,-2.52357356011888,0,0
2018-01-26,0.23376775171,0.111635406021904,-3.27507300119987,-2.07220000866492,0.96318256855011,-3.10258232077464,-4.25759937958022,-1.92206033110474,-2.69347521437398,0,0
2018-01-29,-2.0698501546,0.112686817858187,-3.27595473389113,-2.07304727798631,0.922953605651855,-3.03453843698598,-4.16518136096907,-1.87889953718737,-2.63406824548622,0,1
2018-01-30,-0.58942605374,0.110731156680019,-3.27431468159733,-2.07528796764077,1.01012682914734,-3.18012097507596,-4.3629468164522,-1.97503838486768,-2.76274355567942,0,0
2018-01-31,0.27549859242,0.108597719537752,-3.2725255432139,-2.07401628229293,1.00052762031555,-3.16479103530904,-4.34197534637762,-1.96596563716547,-2.749387984657,0,0
2018-02-01,0.20904258508,0.108289525653095,-3.27226708633337,-2.07383257608493,0.958062291145325,-3.09462697997782,-4.2465577388947,-1.92159141395576,-2.68813305716917,0,0
2018-02-02,-4.3390153774,0.107205996622982,-3.27135841959137,-2.07318671314187,0.915272057056427,-3.0224977598854,-4.14840630959388,-1.87620866231673,-2.6251786362762,1,1
2018-02-05,-2.4984423677,0.106793104741666,-3.31004013061554,-2.07694506714831,1.40718841552734,-3.81974109756426,-5.23403145311072,-2.35698241478712,-3.30538429279834,0,1
2018-02-06,4.1791807784,0.104990700865072,-3.30854773943448,-2.08038638231992,1.72088849544525,-4.23524955892917,-5.79920918345255,-2.62411507108791,-3.66761087518457,0,0
2018-02-07,-2.1407102986,0.106538944366359,-3.30982968571603,-2.08194424886819,3.25570893287659,-5.86557977392758,-8.01679254138859,-3.65003447473401,-5.08486446916163,0,0
2018-02-08,-2.7516610256,0.103979271009822,-3.30771027508154,-2.07936866596193,4.08863973617554,-6.58433828533429,-8.99497152180375,-4.10058424818236,-5.70935080927828,0,0
2018-02-09,1.2231426352,0.103419416153446,-3.3072467150209,-2.07880533134957,4.12135982513428,-6.61066597512823,-9.03090276415452,-4.11679084005188,-5.73216554683159,0,0
2018-02-12,4.0278754555,0.102785732905827,-3.30672202502073,-2.07816770946848,3.72593116760254,-6.28007107814894,-8.58124972345975,-3.90863307355156,-5.44475729616778,0,0
2018-02-13,1.0017823122,0.10401990660263,-3.30774392136978,-2.07940955412367,6.08009767532349,-8.05216678611139,-10.9918280864856,-5.02335782795384,-6.98516040262113,0,0
2018-02-14,1.8437385907,0.103683401686448,-3.30746529515519,-2.07907095767433,5.23970794677734,-7.46723972106069,-10.1961740048381,-4.65539492041885,-6.47670234435083,0,0
2018-02-15,3.3578299575,0.105216995869055,-3.3087351117946,-2.08061408385166,4.4574933052063,-6.88044148745371,-9.39751667707408,-4.28753701262451,-5.96688120399961,0,0
2018-02-16,-0.32371813395,0.106941701492986,-3.31016316878921,-2.082349509316,4.71156120300293,-7.07814181531591,-9.6660327409486,-4.41303340930925,-6.13896873165034,0,0
2018-02-20,-0.33636838125,0.105982324281948,-3.30936880404796,-2.0813841691334,3.96875,-6.48685014484963,-8.86195807955376,-4.04049331609224,-5.62485261229844,0,0
2018-02-21,-0.4538842014,0.107781435050572,-3.31085846853421,-2.07789280106127,3.16764831542969,-5.78484751847643,-7.90681252080948,-3.59042898325213,-5.00784755670268,0,0
2018-02-22,0.83591512248,0.107422740900645,-3.31056146962459,-2.07754884053795,2.65629243850708,-5.28817543475045,-7.23131966416668,-3.27859465726105,-4.57663810079572,0,0
2018-02-23,1.7391304347,0.107596230081597,-3.31070511874065,-2.07771520352291,2.37717461585999,-4.99687831398225,-6.83510435730341,-3.09584351638286,-4.32376714974389,0,0
2018-02-26,1.9772079771,0.106851170181759,-3.31008820882478,-2.07700074750765,2.38403177261353,-5.00402768376924,-6.84487980223932,-3.10010240035349,-4.32992308337297,0,0
2018-02-27,-0.32407666095,0.107441654317429,-3.31057712994178,-2.0775669770722,2.38600921630859,-5.00631160105693,-6.84794546436763,-3.10171628862047,-4.33194597321958,0,0
2018-02-28,-0.15135377525,0.10559991368803,-3.30905216791256,-2.07580088729671,2.02157473564148,-4.59927969227394,-6.29439233012787,-2.84581721880189,-3.97849443426808,0,0
2018-03-01,-1.751628116,0.103754628952982,-3.30752427136236,-2.07403139899233,1.69148445129395,-4.19791491650467,-5.74842311498652,-2.5936700831243,-3.63002037547675,0,0
2018-03-02,0.69142857137,0.10495800221525,-3.30852066493843,-2.07184674324367,1.68342840671539,-4.18774831233698,-5.73459138280151,-2.58320099638423,-3.61878592391638,0,0
2018-03-05,0.34617785604,0.10455940556891,-3.3081906267447,-2.07160915034496,1.65133082866669,-4.1466017738423,-5.67861684383108,-2.55754365695185,-3.58307728257427,0,0
2018-03-06,-0.084832032644,0.103200250978046,-3.30706524616189,-2.07079899430877,1.51449251174927,-3.96663030874014,-5.43376349719692,-2.44522271704553,-3.42691868379942,0,0
2018-03-07,-0.928284372,0.102977307607024,-3.30688064895529,-2.07066610367295,1.31137645244598,-3.68390851728664,-5.04911400016408,-2.26825315048771,-3.18168479628186,0,0
2018-03-08,1.0912415015,0.102005917908396,-3.30607633786917,-2.07008708401387,1.23268353939056,-3.56860773487347,-4.8921961965679,-2.19633481487881,-3.08165980496425,0,0
2018-03-09,1.71809653,0.101787918314086,-3.3058958341118,-2.06995714023234,1.23759257793427,-3.57592659222556,-4.90214305805099,-2.2009801641754,-3.08800416719925,0,0
2018-03-12,0.96677408601,0.102734846650736,-3.30667989117974,-2.07052157912173,1.28145825862885,-3.64047682619033,-4.99001377185843,-2.24112691163777,-3.14400849297701,0,0
2018-03-13,-0.96302003094,0.10172143388367,-3.30584078497497,-2.0699175106251,1.20344769954681,-3.52484421785908,-4.83263625323795,-2.16901458585803,-3.04369794188392,0,0
2018-03-14,-0.85014169026,0.10112206251436,-3.30534450522471,-2.06956024123423,1.15751492977142,-3.45502761409583,-4.73760612983916,-2.12547367386262,-2.98313722775563,0,0
2018-03-15,0.11768661734,0.0999337014609461,-3.30436054176399,-2.06885189069996,1.13924288749695,-3.42698614929147,-4.69937561461185,-2.10826201730318,-2.95880452459928,0,0
2018-03-16,-0.35264483622,0.0995595765930849,-3.30405076621332,-2.06862888477994,1.03653872013092,-3.26431253635345,-4.47798614791837,-2.00652277804397,-2.8177236631955,0,0
2018-03-19,-1.5279182115,0.100297183606515,-3.30466150513606,-2.06906855277524,0.9642094373703,-3.14468764358312,-4.31526540642862,-1.93140744022135,-2.71397937191866,0,0
2018-03-20,-0.034227039305,0.0991346833015514,-3.30369895438612,-2.06837561714785,1.00215530395508,-3.20812259251188,-4.40148822761905,-1.97146872317573,-2.76899291196116,0,0
2018-03-21,-2.2654645059,0.0994719557279941,-3.30397821609953,-2.06857665630407,0.963860213756561,-3.14425434498067,-4.31460371452121,-1.9313817806525,-2.71360454269855,0,1
2018-03-22,-1.4129736674,0.0975216241788819,-3.30236334074233,-2.06819446666531,1.08372950553894,-3.34031554971122,-4.58126637631856,-2.05551699898411,-2.88647448387888,0,0
2018-03-23,-2.3156647913,0.0965653665838415,-3.30157155904446,-2.06759972939091,1.14273571968079,-3.43277559109898,-4.70704124393559,-2.11367429611341,-2.96671787078717,0,1
2018-03-26,4.7471807931,0.096416905602526,-3.3014486332884,-2.07125512681295,1.34903621673584,-3.73815025890836,-5.12266564357215,-2.30930487922827,-3.23349897306288,0,0
2018-03-27,-2.564102564,0.0975808255262951,-3.30241235948332,-2.07254185828498,2.3305881023407,-4.94396899818324,-6.76378434311714,-3.06641624778348,-4.28070644182957,0,0
2018-03-28,-1.1049067364,0.0969948495002257,-3.301927171083,-2.07189405272791,2.48401618003845,-5.10709397042092,-6.98583729904004,-3.168468050557,-4.42232597863191,0,0
2018-03-29,0.7808745795,0.0974136445520013,-3.30227393356507,-2.07235703713298,2.37637519836426,-4.99320544799874,-6.83080481910737,-3.09722753666033,-4.32345335126499,0,0
2018-04-02,-0.65562045538,0.0972232294059158,-3.30211626974263,-2.07214653024482,2.4424262046814,-5.06341109238859,-6.9263673166215,-3.14118197205668,-4.38440808729726,0,0
2018-04-03,1.0259179266,0.0986323378058835,-3.30328301210075,-2.06905861450079,2.26673531532288,-4.87468520319422,-6.66943005314813,-3.01647631717735,-4.21729552109162,0,0
2018-04-04,1.9122275669,0.0993045268566462,-3.30383958492241,-2.06971749611367,2.2450544834137,-4.8510054566058,-6.63716688679167,-3.00185789964749,-4.19679514079692,0,0
2018-04-05,0.69343278374,0.0991371343236761,-3.30370098383349,-2.06955341747838,2.45928168296814,-5.08175881527331,-6.95119295022865,-3.14635662269509,-4.39703931224039,0,0
2018-04-06,-2.5578703705,0.0982453192871305,-3.30296256060162,-2.0686792578517,2.41704702377319,-5.03682270182271,-6.89010683563604,-3.11790034026058,-4.35796977034005,0,0
2018-04-09,0.99180425241,0.0970875391831555,-3.30200391818012,-2.06792449074192,2.67060971260071,-5.29904733725395,-7.24707956065335,-3.28231470952193,-4.58542197277995,0,0
2018-04-10,1.8817994707,0.0975568362358754,-3.30239249634059,-2.06821636654136,2.59837436676025,-5.22572610710809,-7.14724759313944,-3.23629912405788,-4.52183903312103,0,0
2018-04-11,-0.46753246761,0.0978709467972959,-3.30265258001985,-2.06841172526073,2.61915874481201,-5.24708095623253,-7.17628253769445,-3.24960836545755,-4.54039838648534,0,0
2018-04-12,0.98585015094,0.0982488487514485,-3.30296548299959,-2.06868271744263,2.31015706062317,-4.92199472439775,-6.73383636877389,-3.04598356014881,-4.25832225239277,0,0
2018-04-13,0.33880785577,0.0988049877245962,-3.30342596630732,-2.06922784644049,2.08986639976501,-4.67674988904869,-6.40005765298406,-2.89254739432078,-4.04553537006043,0,0
2018-04-16,0.62381960743,0.0989809001325498,-3.30357162185638,-2.06940027628139,1.84668874740601,-4.39033925599274,-6.01028970592647,-2.71318769640626,-3.79699093263449,0,0
2018-04-17,1.3764076895,0.098308696393821,-3.30301503687308,-2.06874138027132,1.64643728733063,-4.13990789577598,-5.66948904102862,-2.55616727325678,-3.57962934426543,0,0
2018-04-18,-0.22441651699,0.0996715481891397,-3.30414347874276,-2.07007725146411,1.57363605499268,-4.0451997185079,-5.54061604705725,-2.49712964238796,-3.4974956400012,0,0
2018-04-19,-2.8340080971,0.10045704126033,-3.30479386734182,-2.07084719399898,1.36317563056946,-3.75805875797718,-5.14990629646939,-2.31736293075466,-3.24831950859615,0,1
2018-04-20,-4.0972222223,0.0984178770558105,-3.30310543850793,-2.07346723169318,1.5632791519165,-4.03149324114875,-5.52194868538753,-2.49406230040733,-3.48996951127128,1,1
2018-04-23,-0.28964518469,0.0978144015644464,-3.36124734942724,-2.07343515048845,2.22802519798279,-4.91937529667324,-6.61117281555612,-2.99711328317355,-4.20076582169279,0,0
2018-04-24,-1.3919147906,0.0993826052838613,-3.36242740777695,-2.07500443054063,1.88033282756805,-4.51135365887695,-6.06575522400976,-2.74597196030761,-3.85140615107313,0,0
2018-04-25,0.43574321844,0.0990281920770695,-3.36216071521734,-2.07464977408321,1.74821281433105,-4.34642067294711,-5.84517348240059,-2.64407371907731,-3.71003408643225,0,0
2018-04-26,0.34830430795,0.0981575240103787,-3.36150554579693,-2.07377850843563,1.57807624340057,-4.12461632197796,-5.54846852960652,-2.50695424168168,-3.51987998554493,0,0
2018-04-27,-1.156984533,0.0972506384955481,-3.36082312309205,-2.07287100048216,1.40567851066589,-3.88738540743091,-5.23111120512019,-2.36037245101645,-3.3165294724012,0,0
2018-04-30,1.8112370626,0.0973798431727879,-3.36092034838001,-2.07300029383871,1.3591126203537,-3.82081422420961,-5.14211020835828,-2.31934433088146,-3.25950828443121,0,0
2018-05-01,2.3236112793,0.0976253798393335,-3.36110511238097,-2.07324599902874,1.44312155246735,-3.94006999926331,-5.30161768591639,-2.39296492011453,-3.3617059071133,0,0
2018-05-02,4.4175044353,0.0998190150183488,-3.36275580194201,-2.07544113980387,1.65587723255157,-4.22740519368866,-5.68613862289296,-2.57087718561544,-3.60815394831633,0,0
2018-05-03,0.18123123955,0.102087522420205,-3.364462832137,-2.07778275245444,2.50985145568848,-5.22806632243928,-7.02432581542037,-3.18964202827997,-4.46603474740856,0,0
2018-05-04,3.9233421903,0.102139683916402,-3.36450208316565,-2.0778412393103,2.03672552108765,-4.6994722138089,-6.31760155340058,-2.86322843583501,-4.01301966575318,0,0
2018-05-07,0.72349453294,0.102758623303287,-3.36496782915415,-2.07853523433244,2.6876916885376,-5.41383052318503,-7.27274496334457,-3.30482964989403,-4.62537290541402,0,0
2018-05-08,0.48066537056,0.105127608816983,-3.36675046817048,-2.08052414121786,2.26812052726746,-4.96529307817531,-6.6732999096913,-3.02820013410612,-4.23573654169583,0,0
2018-05-09,0.70411179804,0.104882678571003,-3.36656616049521,-2.0802776886175,1.94772815704346,-4.59353178803191,-6.17627963083086,-2.79837432598286,-3.91742848449666,0,0
2018-05-10,1.4304013663,0.105795556095111,-3.36725309212996,-2.08119624009619,1.76212310791016,-4.36406406058802,-5.86962781242582,-2.65688808349859,-3.72110801125664,0,0
2018-05-11,-0.38032856155,0.104627866197492,-3.36637441661318,-2.08002129246764,1.70239591598511,-4.28767928083974,-5.76736165633949,-2.60929853004895,-3.65555409258794,0,0
2018-05-14,-0.23331035591,0.105976034652516,-3.36738890052396,-2.08137784041102,1.50448524951935,-4.02437765926375,-5.41555216503245,-2.44698915752931,-3.43030415814566,0,0
2018-05-15,-0.90884932233,0.10541637511252,-3.36696776205516,-2.08081470232902,1.32949805259705,-3.77682747717467,-5.08453607289336,-2.2938433317683,-3.21830246705868,0,0
2018-05-16,0.93327612085,0.10385404099342,-3.36579212052373,-2.07924265758325,1.25658333301544,-3.66911235282687,-4.9402877872762,-2.22692349687737,-3.125935683981,0,0
2018-05-17,-0.63237325958,0.103219253321164,-3.36531444885157,-2.07860392441302,1.21707797050476,-3.60943794239915,-4.86040469857022,-2.18992272027896,-3.07479449720571,0,0
2018-05-18,-0.36365581045,0.10415527057093,-3.36601879290929,-2.07954575944143,1.13882446289063,-3.48791587763331,-4.69809395878987,-2.11504693340837,-2.97085036144771,0,0
2018-05-21,0.70849659151,0.103457324861103,-3.36549359541592,-2.07884347567732,1.04665100574493,-3.33964330633175,-4.49974549213793,-2.02332351138979,-2.84386942055749,0,0
2018-05-22,-0.25049299156,0.104668553800736,-3.36640503364676,-2.08006223296309,0.994977295398712,-3.25327160830219,-4.38448957347417,-1.97016333420112,-2.77001747559132,0,0
2018-05-23,0.64116264184,0.104263482438589,-3.36610022130815,-2.07965464389572,0.92372852563858,-3.13092226044626,-4.2208483142714,-1.89450916594114,-2.66525125289855,0,0
2018-05-24,-0.11148863886,0.105506269343287,-3.36703540660688,-2.08090515529387,0.88374787569046,-3.05977184364141,-4.12596186297381,-1.85070824812933,-2.60441221722947,0,0
2018-05-25,0.22854105773,0.104707176651576,-3.36643409697384,-2.08010109587275,0.833100199699402,-2.96798274683604,-4.00310046790228,-1.79389101152303,-2.52578758720746,0,0
2018-05-29,-0.36058967025,0.105032927770865,-3.36667922158583,-2.0804288716854,0.796220302581787,-2.89909458199297,-3.91106936642897,-1.75135825005959,-2.46682825839001,0,0
2018-05-30,-0.21287919108,0.106451727365438,-3.36774685475582,-2.08185648977341,0.768502175807953,-2.84585849260268,-3.84018182958729,-1.71859227277531,-2.42131314445805,0,0
2018-05-31,-0.33599999988,0.106087255713618,-3.36747259331221,-2.08148975276228,0.749163329601288,-2.80860243876209,-3.79030511783975,-1.69552999978591,-2.38939978454077,0,0
2018-06-01,1.8033927328,0.106987902701277,-3.36815032158486,-2.0823959976861,0.730520606040955,-2.77178695685924,-3.74127168480062,-1.67284633075639,-2.35791365956953,0,0
2018-06-04,0.83578637514,0.106659586262092,-3.36790326659411,-2.08206564060891,0.797431230545044,-2.90084452233008,-3.91372761473323,-1.75260431558458,-2.46840176078832,0,0
2018-06-05,0.77151644691,0.108751756151091,-3.36947760449164,-2.08417081429811,0.80998307466507,-2.92374640464977,-3.94475021135307,-1.76698237923201,-2.48811074776555,0,0
2018-06-06,0.34659355442,0.108278990545647,-3.36912185288026,-2.08369511023652,0.809200406074524,-2.92243368008758,-3.94290336451862,-1.76612076348271,-2.48696400343827,0,0
2018-06-07,-0.26806887299,0.110340531432015,-3.37067314274529,-2.08576946454971,0.78387862443924,-2.87394966028463,-3.87850074560363,-1.73633551564626,-2.44553874254126,0,0
2018-06-08,-0.90974878531,0.109531887296265,-3.37006464574166,-2.08495579431793,0.759400308132172,-2.82726300555101,-3.81593758037509,-1.70737317899147,-2.4055203636416,0,0
2018-06-11,-0.24517475213,0.108445414342427,-3.36924708520087,-2.0838625684339,0.775187730789185,-2.85799962578863,-3.85680669270025,-1.72628609217069,-2.43179547016324,0,0
2018-06-12,0.54907702761,0.108581213984283,-3.36934927313684,-2.08399921213312,0.76624345779419,-2.84078990268205,-3.83382941344104,-1.71565444256387,-2.41706414633269,0,0
2018-06-13,-0.82171832746,0.109384192859106,-3.36995350708562,-2.08480718189177,0.759516060352325,-2.82753765557351,-3.81627525395407,-1.70752982372694,-2.4057493911108,0,0
2018-06-14,0.052438384955,0.109936144652019,-3.37036884554822,-2.08536256431948,0.771949410438538,-2.85129188529238,-3.8481359252341,-1.72227699315223,-2.42611607106533,0,0
2018-06-15,-1.0272536687,0.108005785788119,-3.36891626890458,-2.08342020738549,0.75380140542984,-2.81694584443959,-3.80184217409598,-1.70085583190445,-2.39662201234338,0,0
2018-06-18,-0.052954882449,0.106699424195181,-3.36793324425899,-2.08210572615312,0.777547776699066,-2.86309930257053,-3.86327823833705,-1.72927370415036,-2.43608559966587,0,0
2018-06-19,-1.6159796547,0.106830439700198,-3.36803183217759,-2.08223755597989,0.762708306312561,-2.8345786186754,-3.82517834277026,-1.71165368219398,-2.41167129975728,0,0
2018-06-20,0.43621088917,0.104702955123604,-3.36643092031429,-2.08009684810604,0.823572278022766,-2.95036283341913,-3.97954399798351,-1.78300330350091,-2.51070317188059,0,0
2018-06-21,-0.55764075069,0.103924555948128,-3.36584518235495,-2.0793136108209,0.834261894226074,-2.9703690343404,-4.00613976207402,-1.79527762348006,-2.52779080815646,0,0
2018-06-22,-0.29116790683,0.102962450032151,-3.36512120682461,-2.0783455249732,0.820509135723114,-2.94523027315613,-3.97234477633483,-1.7796436482701,-2.5062238651268,0,0
2018-06-25,-1.4871295694,0.102258106378951,-3.36459119493984,-2.07763680349955,0.806304454803467,-2.91895829490165,-3.93708271014379,-1.76334458439587,-2.48370228088481,0,0
2018-06-26,1.2405994401,0.101653471972581,-3.36413621331282,-2.07702841101165,0.857098996639252,-3.01285176409544,-4.06250208407949,-1.8212519787516,-2.56403664285639,0,0
2018-06-27,-0.14639700703,0.10295977964066,-3.36511919738046,-2.078342837984,0.929421663284302,-3.14123445113398,-4.2343937381634,-1.90069817393439,-2.67399899133241,0,0
2018-06-28,0.72762814943,0.102981071343618,-3.36513521918397,-2.0783642620247,0.884355783462524,-3.06159857188464,-4.12792787555296,-1.85151668474103,-2.60583363424107,0,0
2018-06-29,-0.21024258749,0.103702670175793,-3.36567821542643,-2.07909034592622,0.880236148834229,-3.05400696058317,-4.11791451734679,-1.8469186276233,-2.59937572650094,0,0
2018-07-02,1.1182540109,0.103080626384111,-3.36521013340292,-2.07846443584566,0.851322054862976,-3.00190168436185,-4.0481347147194,-1.81465854917502,-2.55473957136255,0,0
2018-07-03,-1.7416390639,0.103887622823756,-3.36581739053093,-2.07927644814014,0.925159335136414,-3.13353068002739,-4.22426591557792,-1.89606865788058,-2.66746129616948,0,0
2018-07-05,0.80469769473,0.102605931935378,-3.36485293035535,-2.07798679095213,1.00783538818359,-3.27540374110513,-4.41370935978447,-1.98350589095056,-2.7888202040921,0,0
2018-07-06,1.3861920173,0.103898516032162,-3.36582558756642,-2.07928740905486,0.998371660709381,-3.25918560204415,-4.39225783573922,-1.97369531061779,-2.77502727334536,0,0
2018-07-09,1.3885194447,0.104202991843752,-3.36605470271218,-2.07959377732396,1.02836358547211,-3.30925462211204,-4.4592497053037,-2.00467694032785,-2.81791018204872,0,0
2018-07-10,-0.12068422711,0.104523951549123,-3.36629622183087,-2.07991673194184,1.08287489414215,-3.3984868150292,-4.57859969155457,-2.0598639173283,-2.89432295550733,0,0
2018-07-11,-1.2976096665,0.10469011311489,-3.36642125682515,-2.08008392627832,0.987617909908295,-3.24082455968193,-4.36785326419177,-1.9624758073427,-2.75936319141879,0,0
2018-07-12,1.6766020864,0.105144330781879,-3.36676305128966,-2.08054096711747,0.996727168560028,-3.25610478127933,-4.38836252628219,-1.97198921612804,-2.77247563474801,0,0
2018-07-13,0.15704339639,0.106615983268481,-3.36787045575707,-2.0820217666026,1.07149875164032,-3.3795753013229,-4.55368030218788,-2.04855186906149,-2.87829349528088,0,0
2018-07-16,-0.21951601966,0.106492382899825,-3.36777744765789,-2.08189739800068,0.99134361743927,-3.24667699780908,-4.37600131472441,-1.96637457973404,-2.76449629615329,0,0
2018-07-17,0.2828557961,0.107791185639833,-3.36875478433871,-2.08320427339837,0.915435194969177,-3.11537873901441,-4.20072417491873,-1.88538486627838,-2.65215638503483,0,0
2018-07-18,-0.54844606957,0.108165655797872,-3.36903656956294,-2.08358107106104,0.866308987140656,-3.02758942782032,-4.08344451635444,-1.83114245226399,-2.57700421815756,0,0
2018-07-19,0.77731092442,0.108513705294898,-3.36929847349161,-2.08393128384612,0.847628057003021,-2.99348882010598,-4.03792841144514,-1.81009343388014,-2.54782181801028,0,0
2018-07-20,-0.22930998539,0.110421969502129,-3.37073442411673,-2.08585140879496,0.850483119487763,-2.9981246532234,-4.04449024420976,-1.81318444277579,-2.55189203532006,0,0
2018-07-23,0.088800668709,0.110348054975695,-3.37067880414019,-2.08577703485568,0.822837293148041,-2.94720747672458,-3.97641955783898,-1.78166820684762,-2.50828037715817,0,0
2018-07-24,0.7254318667,0.110107066310057,-3.37049746246656,-2.08553454833441,0.787205636501312,-2.88035365194508,-3.887014453788,-1.74027532169327,-2.45101285002548,0,0
2018-07-25,0.9430051814,0.111380604727369,-3.37145578798538,-2.08681600237999,0.789819955825806,-2.88489335676377,-3.89333270010772,-1.74321065897432,-2.45495876775608,0,0
2018-07-26,-0.31310953709,0.114085896975796,-3.3734914946137,-2.08393830256585,0.811920523643494,-2.92565368947932,-3.94833803691584,-1.76368073268777,-2.48970754430314,0,0
2018-07-27,-1.6631481385,0.114097546787942,-3.37350026098628,-2.08394947385337,0.792874336242676,-2.8897848683091,-3.90040386249038,-1.74152382394488,-2.45898345973842,0,0
2018-07-30,-0.56026809098,0.116902784317644,-3.37561117548602,-2.07896671133731,0.857607305049896,-3.00915248266352,-4.06046605030864,-1.80836778151368,-2.55505922637772,0,0
2018-07-31,0.20009478194,0.114700444894569,-3.3739539360643,-2.07765395516568,0.859015226364136,-3.01238378886916,-4.06436454043951,-1.8109331142862,-2.55768373016492,0,0
2018-08-01,5.8910084608,0.112728676777071,-3.37247019935207,-2.07647863643954,0.817565023899078,-2.93663534972407,-3.96275091731714,-1.76480881991404,-2.49283670700529,0,0
2018-08-02,2.9230769231,0.117929799727515,-3.37638399479176,-2.07957888800886,1.60657739639282,-4.1616650786049,-5.60071703299624,-2.51795378814024,-3.54029940732992,0,0
2018-08-03,0.28930999579,0.120405825244343,-3.37824718039007,-2.08105478120873,1.92854309082031,-4.57103341960329,-6.14803086978335,-2.76959645993869,-3.89064120577849,0,0
2018-08-06,0.51925573334,0.119927621720247,-3.37788733679674,-2.08076973675965,1.60907793045044,-4.16490339920715,-5.60531744210534,-2.51951704487704,-3.54334514683706,0,0
2018-08-07,-0.93748505287,0.119127584439149,-3.3772853163692,-2.08029285573609,1.40515089035034,-3.88427470558507,-5.23023110974522,-2.34683202584581,-3.30332821059083,0,0
2018-08-08,0.067596929148,0.119877968909339,-3.37784997352986,-2.08074014003479,1.3115006685257,-3.7484618189935,-5.04887465499393,-2.26300165424097,-3.18730711784237,0,0
2018-08-09,0.78648974668,0.127136694824653,-3.32221738217866,-2.08349135623519,1.17813849449158,-3.47886743155392,-4.71984547223569,-2.13432833397224,-2.99108455179448,0,0
2018-08-10,-0.29786211862,0.124233648149705,-3.31967631473241,-2.08180461196558,1.14245545864105,-3.42402588598489,-4.64608355993662,-2.10091795167056,-2.94369694304276,0,0
2018-08-13,0.64568977978,0.125725378195137,-3.32098204181209,-2.0826713452247,1.06650006771088,-3.30390226388671,-4.48462887756903,-2.0250803548756,-2.83981000857844,0,0
2018-08-14,0.42131469327,0.129321753825516,-3.32412998742306,-2.08476093132686,1.02618765830994,-3.23805253664512,-4.39622889408945,-1.98256026898608,-2.78280380437183,0,0
2018-08-15,0.23361144231,0.13071331464887,-3.32534803532364,-2.08556946370936,0.990868985652924,-3.17941800469415,-4.31748145432766,-1.94531263125424,-2.73206752362296,0,0
2018-08-16,1.4649923896,0.130362755379705,-3.32504118708915,-2.08536577981977,0.942539751529694,-3.09773640639053,-4.207700518996,-1.8942039032107,-2.66143309362337,0,0
2018-08-17,1.9969998126,0.134646526965863,-3.32879081764752,-2.08945497015916,0.99514776468277,-3.18605843194741,-4.32655458350747,-1.94973301531399,-2.73773016137304,0,0
2018-08-20,-0.9743542606,0.135167271488478,-3.3292466308336,-2.0900119570665,1.11089372634888,-3.37382349958772,-4.57881835787836,-2.06768324756393,-2.900137817306,0,0
2018-08-21,-0.19493177388,0.135245980526009,-3.32931552568628,-2.09009614403629,1.11147916316986,-3.3747419148213,-4.58005378309801,-2.06827366460203,-2.90093115973959,0,0
2018-08-22,0.0046502977057,0.131501975151037,-3.32603835819909,-2.08609156619761,1.02462697029114,-3.23524241467706,-4.3925254357018,-1.98012041785298,-2.78033271307935,0,0
2018-08-23,0.20460358064,0.125892488315163,-3.32112831506687,-2.08276844047287,0.930080831050873,-3.07702685394815,-4.17965456289812,-1.88274394201554,-2.64363099499774,0,0
2018-08-24,0.31091930014,0.128236934389998,-3.32318043350219,-2.08413062352568,0.866513252258301,-2.96520185302003,-4.02947033485459,-1.81181135304198,-2.54687138640473,0,0
2018-08-27,0.82346410054,0.130739202158658,-3.32537069493465,-2.08558450501379,0.824784219264984,-2.88928370182874,-3.92759713988695,-1.76333924838432,-2.4811428700787,0,0
2018-08-28,0.80756171428,0.1294482431843,-3.32424070489608,-2.08483442487519,0.821194291114807,-2.88297107384277,-3.91902889793518,-1.75982394009864,-2.47572330297789,0,0
2018-08-29,1.4929449249,0.131552470317585,-3.32608255715221,-2.08614557568869,0.822398841381073,-2.88474569265632,-3.92155247126997,-1.76029385626113,-2.47719305025141,0,0
2018-08-30,0.91936496538,0.131724053496762,-3.32623274572296,-2.08632910058463,0.869224309921265,-2.96939590931672,-4.03530987410909,-1.81340646424619,-2.55040080579102,0,0
2018-08-31,1.155401502,0.134944191963501,-3.32905136696694,-2.08977335182091,0.874221444129944,-2.97771250583716,-4.04666926129672,-1.81898991820828,-2.55750479572186,0,0
2018-09-04,0.32069586614,0.133037403187068,-3.32738233459192,-2.08773385579663,0.905731320381165,-3.03362962075195,-4.12169034789097,-1.85385718574602,-2.60592208824911,0,0
2018-09-05,-0.65247854263,0.132600257277843,-3.32699969615597,-2.08726628573595,0.876245856285095,-2.98173777803387,-4.05194371353621,-1.82124806768652,-2.56105106081458,0,0
2018-09-06,-1.6617446115,0.133096970953093,-3.32743447488729,-2.08779756931513,0.864658951759338,-2.96098583901552,-4.02408980183755,-1.8082841798,-2.54308829682607,0,0
2018-09-07,-0.80681308827,0.134222631295547,-3.32841977728577,-2.08900157251753,0.950964450836182,-3.1115660023446,-4.22645871324359,-1.90291751731367,-2.67330469665383,0,0
2018-09-10,-1.3420695888,0.130470207567754,-3.32513524112536,-2.08542821228564,0.997801542282104,-3.19100793784214,-4.33304699744936,-1.95266438054112,-2.74209605551142,0,0
2018-09-11,2.5282828747,0.128054449153469,-3.32302070224538,-2.0840245949421,1.07211720943451,-3.31270396478951,-4.49652244646954,-2.02980907395547,-2.84738319072599,0,0
2018-09-12,-1.2419030601,0.126569673802944,-3.32172106268369,-2.08316190253837,1.28919613361359,-3.64500453730154,-4.94315974536604,-2.23871011968501,-3.13475094811925,0,0
2018-09-13,2.4155244944,0.127322331354477,-3.32237987179581,-2.08359921580067,1.30114126205444,-3.66243595964798,-4.96658658984346,-2.24938885397385,-3.14982109308026,0,0
2018-09-14,-1.1351088732,0.128533421254748,-3.32343995158944,-2.08430288996715,1.62505578994751,-4.1081105950393,-5.56557214678262,-2.52848746540233,-3.53522622438393,0,0
2018-09-17,-2.6626161544,0.126554860914514,-3.32170809680584,-2.08315329587183,1.60213756561279,-4.07791619283599,-5.52507787883361,-2.51020835781633,-3.50909413967096,0,1
2018-09-18,0.16522856622,0.128276384710882,-3.32321496478514,-2.08751472745481,1.88571274280548,-4.43520415402726,-6.00521004038981,-2.73832506419214,-3.81940176225362,0,0
2018-09-19,0.059567448625,0.129983832754716,-3.32470951210944,-2.08899860572122,1.63464164733887,-4.12076051269006,-5.58250404508195,-2.54086574931223,-3.5474086925872,0,0
2018-09-20,0.76017768006,0.130358077202337,-3.32503709223104,-2.08932384736131,1.46161103248596,-3.88951555251444,-5.27172868761636,-2.39557399662926,-3.34735588605721,0,0
2018-09-21,-1.0771258466,0.13163429100797,-3.32615417566753,-2.09043295632443,1.38856637477875,-3.78782084921588,-5.13504460469379,-2.33167852109725,-3.25937640139854,0,0
2018-09-24,1.4380226041,0.131666805646711,-3.32618263607458,-2.09046121356244,1.38208961486816,-3.77867025354667,-5.12274816207032,-2.32592763476161,-3.25145952528427,0,0
2018-09-25,0.63408668866,0.134227192499738,-3.32842376975602,-2.09268634856348,1.42384314537048,-3.83741109961781,-5.2016235213955,-2.36286867337782,-3.30228433014915,0,0
2018-09-26,-0.79661550926,0.131653025817801,-3.32617057444465,-2.09044923803633,1.34235656261444,-3.72205193759402,-5.04666891037562,-2.29034380930425,-3.20247480171866,0,0
2018-09-27,2.0551674077,0.133925928231174,-3.32816006995672,-2.09242453122609,1.28912961483002,-3.64486181927497,-4.94293702684161,-2.24180961783025,-3.1356801253565,0,0
2018-09-28,0.35118915312,0.135694408887833,-3.32970803977227,-2.09396145061902,1.41217231750488,-3.82115936984422,-5.17975955231972,-2.35266168102562,-3.28822359647437,0,0
2018-10-01,0.67334101186,0.135025732669479,-3.32912274040895,-2.09338032950598,1.29500782489777,-3.65346303194555,-4.95448740440464,-2.24720780955952,-3.14311699016148,0,0
2018-10-02,0.88884977558,0.136922257884395,-3.33078278898006,-2.09502852756288,1.19572246074677,-3.50525858287271,-4.75540366844799,-2.15397247988554,-3.0148582470696,0,0
2018-10-03,1.2168527564,0.139993432311344,-3.33347102042512,-2.09769756865081,1.14165198802948,-3.42175754847606,-4.64329165216343,-2.10135689794727,-2.94256088358747,0,0
2018-10-04,-1.7580902315,0.139436635259689,-3.33298365007923,-2.09721367747372,1.13848781585693,-3.41685506992287,-4.63669852165498,-2.0982891948739,-2.93832519801686,0,0
2018-10-05,-1.6228781964,0.133659552849883,-3.32792690876929,-2.09219303449597,1.20304763317108,-3.51652809255653,-4.77051654572291,-2.16113158159446,-3.02464157869695,0,0
2018-10-08,-0.23184270358,0.133938081238664,-3.32817070761266,-2.09243509294348,1.27799487113953,-3.62850682600759,-4.92096379393177,-2.23152704985604,-3.12152885474619,0,0
2018-10-09,1.3853510301,0.131977874069826,-3.32645491755401,-2.0907315513183,1.16889250278473,-3.46442990608577,-4.70049963206853,-2.12842348525682,-2.97958306114911,0,0
2018-10-10,-4.6326089831,0.133526696753039,-3.32781061842314,-2.09207757430649,1.21282303333282,-3.53133273220761,-4.79040635341217,-2.17044161859157,-3.03745240059215,1,1
2018-10-11,-0.8827879461,0.133285864253604,-3.38793928696355,-2.10234961703528,2.02360129356384,-4.68617095178348,-6.28040738266313,-2.85737669882751,-3.98792885901466,0,0
2018-10-12,3.5719281885,0.131323214176445,-3.38646241148976,-2.10046758425672,1.92295658588409,-4.56470826145073,-6.11846317344173,-2.781410101787,-3.88372843404251,0,0
2018-10-15,-2.1385799829,0.131267773119383,-3.38642069262282,-2.10041442048195,3.21610760688782,-5.94177297140042,-7.951145441853,-3.63551240978938,-5.06108795115599,0,0
2018-10-16,2.2037173352,0.132294157458567,-3.32203084660978,-2.07913050448178,3.15369033813477,-5.76717839025132,-7.83996067586531,-3.55995732985499,-4.97314518367303,0,0
2018-10-17,-0.43214044563,0.132040053061231,-3.38700182591718,-2.10115497845593,3.09371256828308,-5.82534143557521,-7.79627295794467,-3.56367149856157,-4.96173816910294,0,0
2018-10-18,-2.3373570234,0.129410009950404,-3.38502274354758,-2.0986329663045,2.55074286460876,-5.27682513188043,-7.06595120976408,-3.22232619739617,-4.49216150709597,0,0
2018-10-19,1.5230071289,0.128329173914621,-3.3842094247339,-2.09759652640558,2.94080281257629,-5.67517342334252,-7.59600643180873,-3.4687906733447,-4.83242789173356,0,0
2018-10-22,0.61100724997,0.129689907487906,-3.38523336377639,-2.09890136684434,2.84699273109436,-5.58222582434571,-7.47245289075609,-3.41179348480362,-4.75330317394197,0,0
2018-10-23,0.94266938595,0.131255490019007,-3.38641144970688,-2.10040264191897,2.5254864692688,-5.25035482225771,-7.03095784554117,-3.20665801681809,-4.46993348387153,0,0
2018-10-24,-3.4301620796,0.130246839543967,-3.38565244983953,-2.09943542250568,2.32508111000061,-5.0322693660731,-6.74057707869751,-3.0710177769248,-4.28326996284365,0,1
2018-10-25,2.1897810218,0.130308101032143,-3.3856985485254,-2.10538356758952,3.0568482875824,-5.78919469291949,-7.7479801798092,-3.55071185159005,-4.93363249632834,0,0
2018-10-26,-1.5923566878,0.130902170007684,-3.38614557976644,-2.10596129389467,3.34776496887207,-6.06469404797368,-8.11470137377046,-3.72235384640048,-5.16947157928442,0,0
2018-10-29,-1.8770226538,0.132911009489685,-3.38765721232707,-2.1019901597071,3.17167925834656,-5.90023852796149,-7.89603947536467,-3.61056720123886,-5.02453483991548,0,0
2018-10-30,0.49943460235,0.132031328685234,-3.38699526090741,-2.10114661244011,3.37758350372314,-6.0926573626263,-8.15202645768496,-3.72949859673293,-5.18877984510969,0,0
2018-10-31,2.6066572902,0.131975664678914,-3.38695337427328,-2.10109323487388,3.23675227165222,-5.9614841139007,-7.97745033687005,-3.64809618839073,-5.07663908738535,0,0
2018-11-01,1.5352279996,0.134937727077421,-3.32420126206955,-2.08045480543954,3.99909710884094,-6.51271440673163,-8.84695549458983,-4.02550225123582,-5.61723630339877,0,0
2018-11-02,-6.6330663307,0.135256042358241,-3.32446041215077,-2.07930020933198,3.49206900596619,-6.07718920666327,-8.25789187082611,-3.7503485687061,-5.23985542560658,1,1
2018-11-05,-2.8388278389,0.133205283152833,-3.41112566515179,-2.10820104904511,5.93374109268189,-8.1760483454567,-10.8706147500892,-5.00221889531612,-6.95144450982361,0,0
2018-11-06,1.0814028474,0.131694272622244,-3.3559808840843,-2.07627397231807,5.29902935028076,-7.59364641455794,-10.2273920726623,-4.64780964891412,-6.51057230461093,0,0
2018-11-07,3.0328311332,0.13175444638088,-3.35684295943214,-2.07705657743443,4.09946918487549,-6.66489448145658,-8.98003302306509,-4.07369231734426,-5.71093362577656,0,0
2018-11-08,-0.34891501764,0.133127450206711,-3.3558441433996,-2.06529661629493,3.89987397193909,-6.49402664327384,-8.74506280611673,-3.94544066561317,-5.57923046363396,0,0
2018-11-09,-1.9281500312,0.13342625361642,-3.35371957772629,-2.06683796873089,2.93329834938049,-5.61044722496373,-7.56607919534143,-3.40642122557097,-4.82032771596795,0,0
2018-11-12,-5.0374138014,0.1300949221755,-3.40900805190164,-2.10517625322325,2.8698570728302,-5.64498715710359,-7.51791723288732,-3.43621101451235,-4.79234058227239,0,1
2018-11-13,-0.99912447859,0.12635892561525,-3.34404351704478,-2.0613742316438,3.9214403629303,-6.49572571998565,-8.76313379819867,-3.95570357704893,-5.60302956318752,0,0
2018-11-14,-2.8247411954,0.126621344040153,-3.34229288828315,-2.06141090982341,3.13032841682434,-5.78680860815254,-7.81557806605935,-3.52057817598402,-4.99235777854374,0,0
2018-11-15,2.4678800855,0.126353420082728,-3.33875592510125,-2.06140230096136,3.4930112361908,-6.11364763449199,-8.26202592111993,-3.72632488898282,-5.27928738304453,0,0
2018-11-16,1.1075701375,0.126599966203672,-3.33789268139995,-2.06143089383053,3.59410071372986,-6.20141489855739,-8.38224278201707,-3.78148414073238,-5.35759008052432,0,0
2018-11-19,-3.9632098383,0.127969827898063,-3.33964599935139,-2.06282647744134,3.21011638641357,-5.85560633709105,-7.91554115533596,-3.56795463395319,-5.05794683213549,0,1
2018-11-20,-4.7777897343,0.127225866388257,-3.3446244334819,-2.06515160963429,3.88289260864258,-6.46337555496028,-8.71953139033758,-3.94216709669153,-5.58088999191803,0,1
2018-11-21,-0.1130071193,0.125730192216303,-3.33910457403581,-2.06567679418447,4.93461275100708,-7.29175279358856,-9.84215981920076,-4.46296181646678,-6.3101459970112,0,0
2018-11-23,-2.539880077,0.126779619379459,-3.33958174145064,-2.06636195681257,3.94919490814209,-6.5098313747545,-8.79182705719341,-3.97961499591914,-5.63313028732353,0,0
2018-11-26,1.3523710024,0.126676861284342,-3.34374959441537,-2.06808830394052,3.89998197555542,-6.476684232915,-8.73800036145656,-3.95746085896181,-5.59657409698646,0,0
2018-11-27,-0.21761539347,0.12773080228414,-3.34615935704588,-2.06687708469531,3.22007465362549,-5.87680709384445,-7.9297607596927,-3.58119051838164,-5.07507132941362,0,0
2018-11-28,3.8452708906,0.129667356776243,-3.33540499404122,-2.06591600685289,2.69699549674988,-5.34791209064334,-7.2441262256367,-3.26308976850516,-4.62943573160802,0,0
2018-11-29,-0.76821045659,0.128829808260545,-3.40814673001367,-2.10776793944864,3.44444108009338,-6.19641973820793,-8.24784611839385,-3.78302002075338,-5.28418692132199,0,0
2018-11-30,-0.54023948751,0.125825556662647,-3.40610135874105,-2.10439937752098,2.91121506690979,-5.6857610293759,-7.5707478690804,-3.46476024980001,-4.84616933659046,0,0
2018-12-03,3.4942322769,0.125022950217042,-3.4055549237593,-2.10349944306893,2.55372500419617,-5.31718275460689,-7.08239938559051,-3.23644879974579,-4.53059452171104,0,0
2018-12-04,-4.3988745808,0.125942343786695,-3.40618087040002,-2.10453032682628,2.99226379394531,-5.76612421863313,-7.67720867284615,-3.51450813142114,-4.91496247530379,0,1
2018-12-06,-1.1149470824,0.122623776832175,-3.40392150519912,-2.10342037653527,3.75201368331909,-6.47081143998219,-8.60957638948443,-3.95172575362248,-5.52452681974046,0,0
2018-12-07,-3.5657051281,0.122687916569019,-3.4039651731713,-2.10348814177158,3.17320370674133,-5.94096151227589,-7.90787221506223,-3.62435825475013,-5.07074289630926,0,0
2018-12-10,0.65879280664,0.12249433964299,-3.40383338105248,-2.10328362290727,3.84599328041077,-6.5528327917057,-8.71816927654815,-4.00229811085381,-5.5947249780885,0,0
2018-12-11,-0.57193396233,0.122142310221457,-3.40359371042489,-2.10291169501809,3.17998361587524,-5.94731908779987,-7.91614420926715,-3.62787677027759,-5.07599757280969,0,0
2018-12-12,0.27871671718,0.121263248163939,-3.40299522250844,-2.10198294396628,3.08905744552612,-5.85974404168103,-7.79992251669217,-3.57312198865251,-5.00069395602463,0,0
2018-12-13,1.0940272026,0.12112833357791,-3.40290336921003,-2.10184040333151,2.79190802574158,-5.56478414400588,-7.40924359177418,-3.39083756099486,-4.74805613046857,0,0
2018-12-14,-3.1997660134,0.12031452856544,-3.40234930995774,-2.10098059798008,2.64760899543762,-5.41580965433536,-7.21171879293441,-3.29829080459106,-4.62023137609572,0,0
2018-12-17,-0.93062605756,0.117659401349096,-3.40054163148725,-2.0981313629604,3.16389203071594,-5.930997120174,-7.89331241557527,-3.61435664987981,-5.06045910911523,0,0
2018-12-18,1.2992558253,0.116154776654722,-3.39951724453907,-2.09648271334557,2.98115611076355,-5.75346011559549,-7.65776833020699,-3.50363746748397,-4.90797178310337,0,0
2018-12-19,-3.1191666167,0.118521469180226,-3.40112854930002,-2.0962095604541,2.96457290649414,-5.73751960890621,-7.63730176808291,-3.49071855699377,-4.8930951343871,0,0
2018-12-20,-2.5234632357,0.117679353171994,-3.40055521519822,-2.09526532531548,3.32538318634033,-6.08344840889901,-8.09522758887315,-3.70316964220629,-5.18883087421374,0,0
2018-12-21,-3.889561946,0.115639832531517,-3.39916665741869,-2.09307547179162,3.9949893951416,-6.67843417779009,-8.88270011424909,-4.06788839592554,-5.69712571829378,0,0
2018-12-24,-2.587407948,0.114114912014564,-3.39812845255576,-2.09165705848057,4.97851181030273,-7.46798603838898,-9.92802111125224,-4.55291142099414,-6.37189924753543,0,0
2018-12-26,7.0421575972,0.11495503046178,-3.39870042666696,-2.09207594968677,5.01451253890991,-7.49579129803329,-9.96506399285245,-4.56985308857156,-6.39326569243581,0,0
2018-12-27,-0.64897881284,0.117865206423713,-3.40068174884216,-2.09498660740691,7.40547943115234,-9.13641362392499,-12.1386854913378,-5.58322405821881,-7.79806910036742,0,0
2018-12-28,0.051232789156,0.119198357542946,-3.40158939219775,-2.09623401648842,4.57919216156006,-7.15987879928382,-9.52127046487975,-4.36654268450726,-6.10800543144121,0,0
2018-12-31,0.96652371503,0.118969707024809,-3.40143372108099,-2.09602007170099,3.87595868110657,-6.57758748438329,-8.75001844373449,-4.00756029045644,-5.60976271800242,0,0
2019-01-02,0.11411182968,0.121240333108073,-3.40297962135273,-2.09656525141007,3.49855065345764,-6.24383329073739,-8.3086002974163,-3.80026189943143,-5.32238512202639,0,0
2019-01-03,-9.9607396151,0.119754791212706,-3.40196822646184,-2.09512057635433,3.01121115684509,-5.78362682507961,-7.69870275354192,-3.51587478291454,-4.92826652338786,1,1
2019-01-04,4.2689359308,0.115328217417508,-3.43658155718897,-2.09248386872473,5.15379905700684,-7.68639243457578,-10.320958718742,-4.63502452146698,-6.54800703625318,0,0
2019-01-07,-0.22258195077,0.117923040449308,-3.43900970351871,-2.09504072181878,4.64965963363648,-7.29763746125454,-9.79958630385456,-4.39962781446235,-6.21599362445018,0,0
2019-01-08,1.9063070373,0.117778921731681,-3.43887484216942,-2.09490587214226,3.26259589195251,-6.09374285979801,-8.18956195949603,-3.66617776535063,-5.18770324435871,0,0
2019-01-09,1.6981757877,0.119167254981964,-3.44017399677257,-2.09620491429852,3.07506394386292,-5.9134737861758,-7.94797396391783,-3.55670838634823,-5.03369970206435,0,0
2019-01-10,0.3196138543,0.119655231590309,-3.4406306285336,-2.09666150653629,2.80590295791626,-5.64368654190033,-7.58704267090345,-3.39242675282211,-4.80324402188624,0,0
2019-01-11,-0.98179453835,0.118505561597734,-3.43955480681525,-2.0955857779345,2.6391499042511,-5.46920965134458,-7.3540842570815,-3.28587005939499,-4.65424516255495,0,0
2019-01-14,-1.5037100269,0.119140699088634,-3.44014914667909,-2.09618006635591,2.45494222640991,-5.270972794414,-7.08879786360841,-3.16520773428765,-4.48489916911417,0,0
2019-01-15,2.0466666667,0.120141902298279,-3.44108603827787,-2.09711687686308,2.41139245033264,-5.22340320673105,-7.02490820839889,-3.13639934827525,-4.44423150832366,0,0
2019-01-16,1.2216632913,0.122003918364018,-3.44282844900128,-2.09885913677405,2.50457167625427,-5.32656082029969,-7.16230683481638,-3.19961667744772,-4.53228514811826,0,0
2019-01-17,0.59377823673,0.119817829311919,-3.44078278190056,-2.09681364673378,2.43268918991089,-5.24679876142926,-7.05628182850333,-3.15059928723689,-4.46422694546125,0,0
2019-01-18,0.61593737973,0.118212207723392,-3.43928029632857,-2.09531129120777,2.24645662307739,-5.03664441403317,-6.7756790036243,-3.02227892806853,-4.28478078305921,0,0
2019-01-22,-2.2446116567,0.116862762803872,-3.43801753209056,-2.09404863626692,2.13618683815002,-4.90804049011205,-6.60401432963881,-2.9437358833419,-4.17499095474756,0,0
2019-01-23,0.4044357469,0.116132859287044,-3.43733451343235,-2.09336339769079,2.29417419433594,-5.09023672259564,-6.84789538643805,-3.05458662552705,-4.33063564335387,0,0
2019-01-24,-0.7926195427,0.116510612878376,-3.4376880022773,-2.09371913497575,2.16540479660034,-4.9421553840487,-6.64972965565424,-2.96446293335418,-4.2041435510651,0,0
2019-01-25,3.3136869679,0.114397565084631,-3.43571068467911,-2.09146660164593,2.06146693229675,-4.81853038080017,-6.48486180231683,-2.88849033614374,-4.09865118282255,0,0
2019-01-28,-0.92545638936,0.114981641514413,-3.43625724335455,-2.09210503739957,2.50181865692139,-5.32019398210351,-7.15581769094779,-3.19412984113519,-4.52708415895552,0,0
2019-01-29,-1.0364683302,0.114568421519437,-3.43587056626641,-2.09165335949329,2.33581829071045,-5.13660453133124,-6.91033497286914,-3.08218574493504,-4.37030086259872,0,0
2019-01-30,6.8334626327,0.114162066966381,-3.43549031362317,-2.09120918598774,2.24933743476868,-5.03831460212443,-6.77894891123152,-3.02218982384326,-4.28637139073748,0,0
2019-01-31,0.72012102883,0.114508501628851,-3.43581449528946,-2.09158786292717,3.8124372959137,-6.59407859179117,-8.86013771812669,-3.96941377101557,-5.61508635881129,0,0
2019-02-01,0.048065368901,0.115233545323657,-3.43649296629302,-2.09238038560762,2.97002601623535,-5.80713713230498,-7.80712952859028,-3.49072530973987,-4.94296512256585,0,0
2019-02-04,2.8404996398,0.115257110259259,-3.43651501755092,-2.09240614370476,2.41956210136414,-5.2302219519113,-7.03538277785535,-3.13946843978414,-4.45023053056326,0,0
2019-02-05,1.710948905,0.115122522967451,-3.43638907538276,-2.09225903052797,2.56979370117188,-5.39360713545256,-7.25398286636155,-3.23888923813756,-4.58977985594874,0,0
2019-02-06,0.034447123835,0.116922221077863,-3.43807317110254,-2.09410427046313,2.49016571044922,-5.30844625565917,-7.13954548103561,-3.18762853469552,-4.51698220358839,0,0
2019-02-07,-1.893939394,0.117827447435464,-3.43892025085745,-2.09495127689999,2.21252083778381,-4.99740989497975,-6.72330495586133,-2.9983172202018,-4.25128423690636,0,0
2019-02-08,0.11750190933,0.116819833269225,-3.43797736010553,-2.09400846775893,2.26367473602295,-5.05579361228351,-6.80164722687153,-3.03372341379238,-4.30119102821666,0,0
2019-02-11,-0.57508362188,0.115496743353176,-3.43673925797517,-2.09266807917607,2.07386064529419,-4.83371880957822,-6.50492539396542,-2.89813467501732,-4.11157255415436,0,0
2019-02-12,0.86171280182,0.113772096077639,-3.43512539225065,-2.09078292095536,1.94571733474731,-4.67784900514511,-6.29679275676224,-2.80263950995169,-3.97853065672053,0,0
2019-02-13,-0.41547194096,0.112945457448228,-3.43435185219438,-2.0898793480162,1.87454199790955,-4.58916010051518,-6.17830746284835,-2.74839016589539,-3.90282763984525,0,0
2019-02-14,0.36432013167,0.111921912480569,-3.43339405394529,-2.08876054289157,1.72075986862183,-4.39192671000999,-5.9146019912988,-2.628066899175,-3.73443917205373,0,0
2019-02-15,-0.22248243558,0.113244326318692,-3.43463152342513,-2.09020603226988,1.59425354003906,-4.22345034758916,-5.68895212525464,-2.52592826197553,-3.5904804783186,0,0
2019-02-19,0.29926065017,0.112691336600177,-3.43411405462709,-2.08960157643209,1.46163940429688,-4.03909347959411,-5.44237335661668,-2.41360102262913,-3.43306604244578,0,0
2019-02-20,0.64353829057,0.111684574753515,-3.43317196144658,-2.0885011164143,1.34369111061096,-3.86796909387849,-5.21353190482422,-2.30925769764525,-3.2869862593789,0,0
2019-02-21,-0.56385514154,0.111724899076117,-3.4332096955636,-2.08854519367538,1.2532821893692,-3.73175632887176,-5.03125991619289,-2.22640325429156,-3.17065621125663,0,0
2019-02-22,1.1165672864,0.112138498272873,-3.43359672749575,-2.08899728607532,1.18810820579529,-3.63049485916685,-4.89572255576425,-2.16487640678523,-3.08414857603571,0,0
2019-02-25,0.72845002014,0.112817625042869,-3.4342322310171,-2.08973961839539,1.16615378856659,-3.59576170673991,-4.84918660367592,-2.14386294757336,-3.05443752543047,0,0
2019-02-26,0.057395397016,0.111804612814677,-3.43328428894409,-2.08863232628022,1.11015999317169,-3.50564551534764,-4.72869337991377,-2.0888646707389,-2.9775489399986,0,0
2019-02-27,0.30975735681,0.111173187755321,-3.43269342304626,-2.08794213521433,1.01054346561432,-3.33956902836136,-4.50650500556471,-1.98774715928779,-2.83576537088082,0,0
2019-02-28,-0.98358780824,0.11225295466275,-3.43370383185685,-2.08912239479021,0.939838230609894,-3.21655995257821,-4.34184831326972,-1.91305206089042,-2.73063051509414,0,0
2019-03-01,1.0511117529,0.111434055969554,-3.43293753456723,-2.08822728213425,0.930476605892181,-3.20001921067861,-4.31975218253123,-1.90289535879477,-2.71656902797811,0,0
2019-03-04,0.50294336179,0.111941091360091,-3.43341200088246,-2.08878150672743,0.929030001163483,-3.19739434877652,-4.31621753907247,-1.9013560792499,-2.71428729711811,0,0
2019-03-05,-0.18197327263,0.110852132828812,-3.43239299086576,-2.0875912000738,0.882839858531952,-3.11420915857058,-4.20494626408609,-1.85063933669136,-2.64333365556628,0,0
2019-03-06,-0.57540021662,0.111261414094417,-3.43277598222615,-2.08803857267768,0.845137476921082,-3.04453619809487,-4.11169874569591,-1.8083008223968,-2.58379968410375,0,0
2019-03-07,-1.157460463,0.11075887362093,-3.43230572210001,-2.08748926133833,0.827496290206909,-3.01150060031763,-4.06750307244851,-1.78816378964662,-2.55562879739084,0,0
2019-03-08,0.23768115952,0.110559669996318,-3.43211931418546,-2.0872715180607,0.848536968231201,-3.05097363513834,-4.12033192817036,-1.81215274677,-2.5893548302988,0,0
2019-03-11,3.4642299463,0.110252367490591,-3.4318317510483,-2.08693561526299,0.833060204982758,-3.02205363270453,-4.08163724268572,-1.79453825859776,-2.5646828525371,0,0
2019-03-12,1.1235326998,0.111427850741035,-3.43293172792736,-2.08822049939223,1.09309375286102,-3.47774085678675,-4.69138294470561,-2.07183015286678,-2.95374561368204,0,0
2019-03-13,0.44220883319,0.111429050585587,-3.43293285070071,-2.08822181090494,1.11330461502075,-3.51077000705114,-4.73558048123024,-2.09192167153891,-2.98195263599414,0,0
2019-03-14,1.1116614385,0.110075633606124,-3.43166636954534,-2.08673954130452,1.0346063375473,-3.38046441971362,-4.5613012323859,-2.01246402071771,-2.87077279076018,0,0
2019-03-15,1.3008218582,0.110328688462504,-3.43190316959421,-2.08701903934028,1.03773128986359,-3.38572007611315,-4.56831827585996,-2.01569875857475,-2.87524197096058,0,0
2019-03-18,1.0208467655,0.110917494608234,-3.4324541541755,-2.08766264499911,1.06745827198029,-3.43542110236881,-4.63478955779608,-2.04601112930981,-2.91764215453262,0,0
2019-03-19,-0.79246888627,0.112377169015256,-3.43382006738445,-2.08925816963013,1.06919085979462,-3.43825066329402,-4.63847155193296,-2.04795099623387,-2.91995031260091,0,0
2019-03-20,0.87385407169,0.112016718155833,-3.43348276984214,-2.08886417202237,1.04825162887573,-3.40332578620427,-4.59176535683367,-2.02664932503588,-2.89015056134594,0,0
2019-03-21,3.6830357145,0.112250662327839,-3.43370168676852,-2.08911988911032,1.04449188709259,-3.39700571099773,-4.5832930005789,-2.0228379255224,-2.88473555208126,0,0
2019-03-22,-2.0708391,0.115340945303142,-3.43659346750748,-2.09080095829786,1.46335887908936,-4.04188456621848,-5.4457336793729,-2.41388782892655,-3.43335241594853,0,0
2019-03-25,-1.2091075634,0.116104281206491,-3.43730777104547,-2.09156903868569,1.61837065219879,-4.2566735947647,-5.73292796124718,-2.544689406072,-3.61666125337002,0,0
2019-03-26,-1.0331673201,0.114447805271947,-3.43575769772198,-2.0899022669897,1.61641824245453,-4.25372086608526,-5.72925264613221,-2.54262129331893,-3.61422651846511,0,0
2019-03-27,0.89940574981,0.114204827959699,-3.43553032789301,-2.08965777946146,1.6412547826767,-4.28710345420462,-5.77395277441271,-2.56288639634436,-3.64273434944111,0,0
2019-03-28,0.1326471056,0.113173386471084,-3.43456514035065,-2.08861992708858,1.61161768436432,-4.24699006133939,-5.72045832494684,-2.53831927426513,-3.60854729456416,0,0
2019-03-29,0.65175922009,0.112972008361669,-3.43437669762786,-2.08841729732139,1.44919157028198,-4.02141215425147,-5.41867686358298,-2.40111429001575,-3.41601137816972,0,0
2019-04-01,0.67912608592,0.113735309840276,-3.43509096895236,-2.08918534307051,1.36521708965302,-3.8999110158254,-5.25601765771788,-2.32732117210987,-3.3122563494759,0,0
2019-04-02,1.45367078,0.114551202175313,-3.4358544529952,-2.09000630655248,1.29984796047211,-3.80269652137008,-5.12586420472497,-2.26828327423888,-3.22922519887883,0,0
2019-04-03,0.6854963407,0.115683787178985,-3.43691428716736,-2.09114593109398,1.34352660179138,-3.86806401044241,-5.21317431139319,-2.30817590248658,-3.2849549824602,0,0
2019-04-04,0.17404658302,0.113232743057637,-3.43462068420702,-2.08867965260368,1.27606475353241,-3.76661906192137,-5.07774484315955,-2.24620320788735,-3.19851156061364,0,0
2019-04-05,0.66942613321,0.112602519963739,-3.43403094306721,-2.08804551238276,1.14821875095367,-3.56713229306399,-4.81089962896449,-2.12484201402129,-3.02827667076105,0,0
2019-04-08,1.573604061,0.11225998562254,-3.4337104111877,-2.08770084903275,1.08352947235107,-3.4619826387567,-4.67023437401575,-2.06088465035291,-2.93854861470769,0,0
2019-04-09,-0.29985007504,0.112673924278973,-3.43409776077456,-2.08811736050873,1.1274106502533,-3.53363718750771,-4.76607712406237,-2.10448064287008,-2.99968173273595,0,0
2019-04-10,0.5614035088,0.11150102968614,-3.43300020627244,-2.08693717583538,1.05121672153473,-3.40831495940572,-4.59847637604538,-2.02821187400504,-2.89279357495927,0,0
2019-04-11,-0.8324194996,0.111687041412335,-3.43317426966124,-2.08712434371019,0.995101928710938,-3.3130689410922,-4.47101402631554,-1.9703195859581,-2.81148410883367,0,0
2019-04-12,-0.040211108353,0.11092873248913,-3.43246467019872,-2.08636132154751,0.972453832626343,-3.27393018623731,-4.41868197076821,-1.94649629747254,-2.778132940954,0,0
2019-04-15,0.18102277863,0.110113705678617,-3.43170199608401,-2.0855412289697,0.893402993679047,-3.13353093693212,-4.23082967845625,-1.861139812841,-2.65836068213646,0,0
2019-04-16,0.010038648906,0.109925659370348,-3.43152602880314,-2.08535201386695,0.839549601078033,-3.03427661309622,-4.09800310723375,-1.80081856516934,-2.57366110458059,0,0
2019-04-17,1.9473023838,0.110158446240915,-3.43174386276656,-2.08558624761522,0.790222704410553,-2.94047212010101,-3.97245999511566,-1.74381242400586,-2.49357998070642,0,0
2019-04-18,0.3593757694,0.111261288402901,-3.43277586460834,-2.08669594444957,0.872985363006592,-3.09610772492938,-4.18070967183878,-1.83841564258347,-2.626331455902,0,0
2019-04-22,0.32865692137,0.112104725531391,-3.43356512412347,-2.08754462392857,0.86598938703537,-3.0831212185267,-4.16330583114616,-1.83053404805481,-2.61518196674987,0,0
2019-04-23,1.4423311985,0.112323676566412,-3.43377001098687,-2.0877649358452,0.826324701309204,-3.00905580371818,-4.0641968744247,-1.78550483540546,-2.55194614781547,0,0
2019-04-24,-0.15423173318,0.113765025679729,-3.43511877601497,-2.08921524360761,0.861860871315002,-3.07527771821803,-4.15276134436181,-1.82578849415419,-2.60835874784896,0,0
2019-04-25,-0.90751110256,0.113962057447816,-3.43530315158072,-2.08941350001895,0.828427672386169,-3.01278224051806,-4.06914603715631,-1.78778036789565,-2.55499795028358,0,0
2019-04-26,-0.47739672636,0.113518731724305,-3.43488830258515,-2.08896741882173,0.8335120677948,-3.02242719154532,-4.08206001337085,-1.79364338937487,-2.56326558033342,0,0
2019-04-29,0.15173764077,0.113553972407372,-3.43492127960678,-2.08900287854188,0.822859346866608,-3.00231790754972,-4.05515507085015,-1.78141385845459,-2.54609789383421,0,0
2019-04-30,-1.925614584,0.11352591190167,-3.43489502154868,-2.0889746436272,0.797288835048676,-2.95352729227376,-3.9898787978076,-1.7517411003313,-2.5044533512399,0,1
2019-05-01,4.9085563363,0.111679660444688,-3.43316736280505,-2.08849574473638,0.876252174377441,-3.10205139545863,-4.18864952869646,-1.84332658472052,-2.63283160299071,0,0
2019-05-02,-0.65076952324,0.114270991365754,-3.43559224133744,-2.09132824785612,1.51336467266083,-4.11215636922946,-5.53989521281567,-2.4584577569341,-3.49531400212303,0,0
2019-05-03,1.2431269426,0.114995438247941,-3.43627015386423,-2.09212011817928,1.41588163375855,-3.97385075311629,-5.35477166648538,-2.37443554187278,-3.37715193087984,0,0
2019-05-06,-1.544273908,0.114831594939063,-3.43611683491946,-2.09194102616144,1.38425493240356,-3.92790980702672,-5.29333612147936,-2.346428310716,-3.33792496101186,0,0
2019-05-07,-2.6957022255,0.113130052604882,-3.43452459000603,-2.0900811232325,1.36601960659027,-3.90103380680824,-5.25759545616521,-2.32969074784447,-3.31507248100592,0,1
2019-05-08,0.019718031945,0.111297766862348,-3.43280999989862,-2.0890366752287,1.63104116916657,-4.27282016689106,-5.75533234815206,-2.55665739302392,-3.63590261219907,0,0
2019-05-09,-1.0744208969,0.111438881279343,-3.43294204992651,-2.08916793358952,1.50075495243073,-4.09409721539328,-5.51615251730613,-2.44790264821422,-3.48313634758887,0,0
2019-05-10,-1.3853463366,0.110874541887858,-3.43241396049406,-2.08864301016176,1.486656665802,-4.07421737603934,-5.48963237388817,-2.43577719705475,-3.46617636698193,0,0
2019-05-13,-5.8119484735,0.110202150424004,-3.43178475964101,-2.08801758149714,1.60350656509399,-4.23545452604152,-5.70551062646261,-2.53384698993047,-3.60402338606404,1,1
2019-05-14,1.5830282146,0.10865066750532,-3.48925839363917,-2.08850436353061,3.52415180206299,-6.44163793983388,-8.60049847753334,-3.81204100833951,-5.43431022102478,0,0
2019-05-15,1.1979221881,0.109695876227919,-3.49016887097426,-2.08948262013679,3.20078444480896,-6.13447320654178,-8.19187479574885,-3.62854237469108,-5.17447073982197,0,0
2019-05-16,-0.43997485845,0.111113863481995,-3.4914040742675,-2.09095927644353,2.84717512130737,-5.78013276795185,-7.72052366070853,-3.41708182277575,-4.87470853798297,0,0
2019-05-17,-0.56818181829,0.110393871434234,-3.4907768919385,-2.09017036568282,2.45005059242249,-5.35359264052829,-7.15359921423773,-3.16127402351754,-4.51368390527925,0,0
2019-05-20,-3.126984127,0.110417498947879,-3.49079747377559,-2.09019625485732,2.21304988861084,-5.08260560936356,-6.79333777749995,-2.99902598321441,-4.28435329057448,0,1
2019-05-21,1.9170899557,0.108516358363577,-3.48914139745764,-2.09944724495518,2.81929469108582,-5.75001564062895,-7.6809537183894,-3.41661417195222,-4.85006638272851,0,0
2019-05-22,-2.0471596999,0.108177119234965,-3.4888458875455,-2.09907770332722,2.88002991676331,-5.81262143789331,-7.76425687651932,-3.4540943704649,-4.90303272636739,0,0
2019-05-23,-1.7069701281,0.107370831230376,-3.48814353313738,-2.09819939373176,2.78544449806213,-5.7142189820977,-7.63356116647569,-3.39445072537667,-4.81969722609665,0,0
2019-05-24,-0.38405877758,0.105374347035904,-3.48640440336394,-2.09602457379741,2.64602112770081,-5.56581849520964,-7.4365613015867,-3.30414393736657,-4.69398589811997,0,0
2019-05-28,-0.41347711913,0.10504352031065,-3.48611622146432,-2.09566419600986,2.31465029716492,-5.19872491975745,-6.948419140412,-3.08329470987866,-4.38331132392969,0,0
2019-05-29,-0.47691185546,0.103719515093487,-3.48496288556528,-2.09422192416647,2.00135588645935,-4.82643259441683,-6.4534408877644,-2.85896128704003,-4.06821712764743,0,0
2019-05-30,0.51866050289,0.103218841956461,-3.48452675110362,-2.09367652845434,1.76066839694977,-4.52040598950127,-6.04645846652826,-2.67488432024074,-3.80924576935091,0,0
2019-05-31,-1.8115535614,0.103797366475424,-3.4850307016074,-2.09430672961488,1.59016513824463,-4.29088734034913,-5.74115526064738,-2.53716007237674,-3.61503492097127,0,0
2019-06-03,-1.0110241617,0.101673286198346,-3.48318042337266,-2.09199291609132,1.63551616668701,-4.35287213393049,-5.82371950056155,-2.57371998392499,-3.66746201007754,0,0
2019-06-04,3.6583958454,0.100987223512724,-3.48258279678172,-2.09124557092875,1.53844797611237,-4.21860606545348,-5.64515217010819,-2.49287223680273,-3.55385043271332,0,0
2019-06-05,1.6143397908,0.101909719969181,-3.48338637992941,-2.09225046928377,2.71358108520508,-5.63625553030477,-7.53082325522432,-3.3446441871391,-4.75338839800636,0,0
2019-06-06,1.4681713596,0.102532433268585,-3.48392882311144,-2.0929288063829,2.44502663612366,-5.34514107123737,-7.14350134971872,-3.17009263579549,-4.50709481228192,0,0
2019-06-07,2.6616996005,0.103150121856764,-3.48446688928666,-2.09360166993899,2.26409149169922,-5.13989177775407,-6.8704176338027,-3.04707102397612,-4.33344555964955,0,0
2019-06-10,1.2779384697,0.104216687474333,-3.48539597053157,-2.09476350641774,2.41972899436951,-5.31748338726503,-7.10647338523125,-3.15428810088527,-4.48377218676164,0,0
2019-06-11,1.1579603281,0.104036405733655,-3.48523892779429,-2.09456712102961,2.49107432365418,-5.3967641493999,-7.21194123062773,-3.20184770173441,-4.55085258153305,0,0
2019-06-12,-0.31825881624,0.104354963974132,-3.48551642266358,-2.09491413445128,2.19345951080322,-5.05781077870879,-6.76110043525588,-2.99828254144967,-4.2640354767199,0,0
2019-06-13,-0.020598383071,0.103475691254584,-3.48475049154839,-2.0939563207889,1.88652992248535,-4.68286421312932,-6.26251450983795,-2.77259440918338,-3.94672246691753,0,0
2019-06-14,-0.72624259592,0.103680756808639,-3.48492912337105,-2.09417970380192,1.56140422821045,-4.25095290470023,-5.6880480393613,-2.51312581474169,-3.58124100835038,0,0
2019-06-17,0.59665871122,0.10349493684698,-3.48476725631059,-2.0939772854918,1.42932820320129,-4.06270165168907,-5.43767717673259,-2.39994944885474,-3.42194127342217,0,0
2019-06-18,2.3518489865,0.104029015504406,-3.48523249019376,-2.09455907066891,1.33282816410065,-3.91960836895799,-5.24734758527503,-2.31410125397432,-3.30085343461624,0,0
2019-06-19,-0.29226505403,0.104584182389365,-3.48571609395157,-2.09516382777725,1.48262679576874,-4.13973400024977,-5.54008920892975,-2.44655357242468,-3.48713031731732,0,0
2019-06-20,0.80355789141,0.104658858537489,-3.48578114405962,-2.09524517436442,1.37828159332275,-3.98765650828493,-5.33783382545427,-2.35516396738041,-3.35843603434871,0,0
2019-06-21,-0.34092048527,0.105446170701577,-3.4864669686854,-2.09610281310444,1.30563950538635,-3.87835079167641,-5.19245144015305,-2.28965697947283,-3.26593222403559,0,0
2019-06-24,-0.10061374387,0.104693958697473,-3.48581171967522,-2.09528340984249,1.19206619262695,-3.70117745875193,-4.95683670608067,-2.18297384503533,-3.11600459315408,0,0
2019-06-25,-1.5157619095,0.103894149319398,-3.48511500877396,-2.09441215757617,1.07426142692566,-3.50830848799002,-4.70032294440119,-2.06689249621831,-2.95280588412524,0,0
2019-06-26,2.1629084215,0.103675422191205,-3.48492447640613,-2.09417389267035,1.100954413414,-3.552929496328,-4.7596662623238,-2.09366532594169,-2.99056876487774,0,0
2019-06-27,-0.030030030121,0.106288003666185,-3.42812203545227,-2.08629304299834,1.2433089017868,-3.71619704376065,-5.04232488718818,-2.22000723289171,-3.16758639346,0,0
2019-06-28,-0.91118453993,0.105160739313554,-3.42706718016274,-2.08523798693535,1.12542045116425,-3.53047211480116,-4.7922646131501,-2.10698140305034,-3.00859870241978,0,0
2019-07-01,1.8340743734,0.10464538895091,-3.426584932982,-2.08475564796721,1.06241428852081,-3.42725504734193,-4.65326314634116,-2.04418486817962,-2.92023618773632,0,0
2019-07-02,0.58546266446,0.104961386354704,-3.42688063250634,-2.08505140377283,1.12500810623169,-3.52980750915267,-4.79138663954537,-2.10657756136306,-3.00804393504764,0,0
2019-07-03,0.82868840327,0.104496476304203,-3.42644558563842,-2.08461627410127,1.08162450790405,-3.45904730512704,-4.69610292467276,-2.06352901091795,-2.94747552714604,0,0
2019-07-05,-0.088058314122,0.104869050910598,-3.42679422816702,-2.08496498298794,1.03580939769745,-3.38274123801482,-4.59328204282267,-2.0170982580537,-2.88209567674204,0,0
2019-07-08,-2.0614013611,0.104752355855984,-3.42668502894029,-2.08485576297703,0.920562982559204,-3.18301395299834,-4.32423520842398,-1.89558280143054,-2.71104843576161,0,1
2019-07-09,0.60993900606,0.10439454027709,-3.42635019740305,-2.09495724590332,1.00125920772552,-3.32411222176829,-4.51433254874552,-1.9918812838402,-2.83323377066332,0,0
2019-07-10,0.98886901214,0.104148928415411,-3.42612036225315,-2.09468969478803,0.989654064178467,-3.30420214366775,-4.48752529246742,-1.97967683134779,-2.81619336617947,0,0
2019-07-11,-0.72823894106,0.104405095590855,-3.42636007470337,-2.09496874406938,0.971565723419189,-3.27289065173966,-4.44532860668171,-1.96056439852992,-2.78934505426271,0,0
2019-07-12,0.7682775713,0.104547870310242,-3.42649367838525,-2.0951242721255,0.939473569393158,-3.21663063209563,-4.36953071310894,-1.92618159997761,-2.74112877742823,0,0
2019-07-15,0.93949827824,0.10555652525092,-3.42743754305816,-2.09622302506225,0.918066501617432,-3.17846972658328,-4.31807759364852,-1.90295606105324,-2.70835085108481,0,0
2019-07-16,-0.34598703751,0.105964468956259,-3.42781928277556,-2.096667408296,0.91528731584549,-3.17345249946267,-4.31130126898379,-1.89993085651998,-2.70401921244918,0,0
2019-07-17,-0.56234718832,0.105490140760161,-3.42737542273026,-2.09615071078386,0.879342555999756,-3.10847175747452,-4.2237916682752,-1.86013885708397,-2.64837871063663,0,0
2019-07-18,1.1359724611,0.104352155492034,-3.42631053517599,-2.09491107510182,0.85266774892807,-3.05950334320182,-4.15786489814713,-1.83008894556686,-2.60651390720818,0,0
2019-07-19,-1.4927550325,0.104189766975367,-3.42615857757583,-2.09473418124804,0.868894934654236,-3.08948798479124,-4.198264531962,-1.84840693835587,-2.63221871380639,0,0
2019-07-22,2.2854040179,0.104005080080815,-3.42598575391901,-2.09453299721614,0.918417096138,-3.17925686097635,-4.31920752874295,-1.90327135595854,-2.70914928395378,0,0
2019-07-23,0.7817778207,0.104592519133418,-3.42653545922147,-2.09517290920009,1.05690097808838,-3.41808088356697,-4.64090828907069,-2.04936443509418,-2.91373350435456,0,0
2019-07-24,-0.081402030355,0.105001551115452,-3.42691821731085,-2.09561847792073,1.02691698074341,-3.36773155954089,-4.5730536126634,-2.01863350933526,-2.87056158038825,0,0
2019-07-25,-0.79072219278,0.10460302978396,-3.42654529472749,-2.09518435871338,0.930974721908569,-3.20156880302381,-4.34923776033218,-1.9169781592861,-2.72821900576135,0,0
2019-07-26,0.34779248381,0.103949421109953,-3.42593367016449,-2.09447236651358,0.904176890850067,-3.15370980276416,-4.28479284334029,-1.88764699634048,-2.68726460778111,0,0
2019-07-29,0.9338596321,0.102543855815284,-3.42461839040566,-2.09294124924737,0.872633635997772,-3.09655867248616,-4.20784758771985,-1.8525743146681,-2.63841118510509,0,0
2019-07-30,-0.42922548646,0.102326050973678,-3.42441457611071,-2.09270398901129,0.870530843734741,-3.09272953769798,-4.20269581981339,-1.85021369762183,-2.6351481962684,0,0
2019-07-31,2.0404253281,0.102050062669921,-3.42415631572894,-2.09240334808144,0.846103549003601,-3.04762201766417,-4.14192592156033,-1.82262387116207,-2.59652352868413,0,0
2019-08-01,-2.1639128802,0.103091591095324,-3.42513094228053,-2.09353791092347,0.937823355197906,-3.21384906214841,-4.36585492277757,-1.92431732344546,-2.73886086126493,0,1
2019-08-02,-2.1158182602,0.102117464497552,-3.42421938804577,-2.09757012611179,1.20636403560638,-3.65886035919482,-4.96552250165132,-2.20174038861984,-3.12237424876201,0,0
2019-08-05,-5.2347809038,0.10104049770003,-3.42321159948192,-2.096647774096,1.50639247894287,-4.10044447366955,-5.56069139151893,-2.47228395424241,-3.50103369180328,1,1
2019-08-06,1.8930381711,0.0992934756958087,-3.48110737951308,-2.10397813351005,2.81908583641052,-5.74553229447656,-7.7022307865735,-3.4333139029191,-4.8561514429373,0,0
2019-08-07,1.0355329949,0.100375740956656,-3.48205013665742,-2.10478832134296,2.55188679695129,-5.46206916569567,-7.3236955955764,-3.26194490870357,-4.61588297880735,0,0
2019-08-08,2.2055868167,0.0999567667152115,-3.48168516979236,-2.1044746756546,2.35685920715332,-5.24514917447804,-7.03423725441992,-3.13084657803494,-4.43194157597066,0,0
2019-08-09,-0.82404026443,0.101014171144832,-3.48260627076136,-2.10526625257602,2.60029935836792,-5.51484297789725,-7.39402492606405,-3.29382108038115,-4.66066602378904,0,0
2019-08-12,-0.25374396728,0.100688159325199,-3.48232228310767,-2.10502219890526,2.25303649902344,-5.12631876635139,-6.87553564366697,-3.0589750532829,-4.33122233188564,0,0
2019-08-13,4.2348363926,0.101563362718871,-3.4830846694486,-2.09709557397732,1.94485676288605,-4.75588108462042,-6.38104415710364,-2.82300672904653,-4.01391750007892,0,0
2019-08-14,-2.9765038043,0.102370871955312,-3.48378808766713,-2.09778715311766,2.7819516658783,-5.70830325252195,-7.65197091978743,-3.39656684254963,-4.82091111975991,0,0
2019-08-15,-0.49815043158,0.100924382865529,-3.48252805653343,-2.0965483292924,3.66122770309448,-6.562661414391,-8.79248849238333,-3.91068139418635,-5.54465488360959,0,0
2019-08-16,2.3594725884,0.0998586505401138,-3.48159970116614,-2.09563559887127,2.98383593559265,-5.91418126794358,-7.92722444960548,-3.52009689517812,-4.99516749654711,0,0
2019-08-19,1.8644067797,0.10075984644281,-3.48238472948263,-2.09640741454784,3.12485933303833,-6.05514624195677,-8.1151796160824,-3.60511649103425,-5.11466092003151,0,0
2019-08-20,0.004753981375,0.101720104100126,-3.48322120626848,-2.09722981277585,2.92313742637634,-5.85360771042232,-7.84600803375349,-3.48395255286263,-4.94397978277005,0,0
2019-08-21,1.0838562463,0.101466165069474,-3.48300000094662,-2.09701233051238,2.54809284210205,-5.45835853389126,-7.31856637529598,-3.24594151395413,-4.60908779163924,0,0
2019-08-22,-0.084650112785,0.101831520374067,-3.48331826056012,-2.09732523356793,2.28082394599915,-5.15881399816564,-6.91875071821396,-3.06563230738286,-4.35531502248938,0,0
2019-08-23,-4.6220465028,0.101964439788685,-3.48343404615565,-2.09743907040143,1.91937863826752,-4.72404226243668,-6.33851429313663,-2.80386207426219,-3.98695296738199,0,1
2019-08-26,1.8999210422,0.0998294933791897,-3.48157430247438,-2.10437939835797,2.79754853248596,-5.72340773576376,-7.67259986613585,-3.41992892396964,-4.85114215165489,0,0
2019-08-27,-1.1283839411,0.100750211931579,-3.48237633689661,-2.1050686517191,2.824223279953,-5.75153141556367,-7.70996390432439,-3.43690723897179,-4.87511153005541,0,0
2019-08-28,0.67104231985,0.100826396961401,-3.48244270138576,-2.10512568411813,2.44843459129334,-5.34831694983127,-7.17180443096197,-3.19316365525396,-4.53228494447479,0,0
2019-08-29,1.6931834769,0.100708774826284,-3.4823402411921,-2.10503763174668,2.09264492988586,-4.93683663787636,-6.62264097606946,-2.94443383930892,-4.18242156640034,0,0
2019-08-30,-0.12918042203,0.0995003482249927,-3.48128758538489,-2.1041329990612,1.9951833486557,-4.81785176007571,-6.46396478438299,-2.87260769665942,-4.08122018172362,0,0
2019-09-03,-1.4563571907,0.098197525159686,-3.48015270117761,-2.10315770082875,1.7544492483139,-4.51146047155716,-6.05510817939355,-2.68755314339614,-3.82070332098854,0,0
2019-09-04,1.6966456004,0.0975546696799322,-3.47959271221904,-2.10267645680582,1.68795156478882,-4.42317359412592,-5.93730122951273,-2.63426760783576,-3.74563657433666,0,0
2019-09-05,1.9551603806,0.0984871477623011,-3.48040499032303,-2.10337451339519,1.69496297836304,-4.43267799805345,-5.94992320646319,-2.63991177713089,-3.75373084871488,0,0
2019-09-06,-0.0093773443041,0.0995650562421194,-3.48134395229201,-2.10418143972548,1.69493401050568,-4.43278380047121,-5.94998846256245,-2.63986100258737,-3.75383735393753,0,0
2019-09-09,0.42670918119,0.100579716734692,-3.48222781918034,-2.09625314516854,1.44528579711914,-4.08575595365358,-5.48675295921476,-2.41953664884196,-3.45820938204535,0,0
2019-09-10,1.1813045712,0.10176810348598,-3.48326301835058,-2.09727092112794,1.27909409999847,-3.83769934933653,-5.15566133231609,-2.27018327945809,-3.24732949956164,0,0
2019-09-11,3.1795108445,0.101416323832227,-3.48295658443479,-2.09696964473437,1.24681067466736,-3.78767657150306,-5.08890777109699,-2.24007417407291,-3.2048061127458,0,0
2019-09-12,-0.22585983279,0.104312802309184,-3.48547969579792,-2.09486820670006,1.59985625743866,-4.30431098174501,-5.77822950920931,-2.54539013862349,-3.63837587471668,0,0
2019-09-13,-1.9432055045,0.104048247000274,-3.48524924267652,-2.09458002001612,1.43593788146973,-4.07234772174749,-5.46872495743078,-2.40590009319275,-3.4414502341245,0,0
2019-09-16,0.52571428569,0.103383438928837,-3.484670130899,-2.0938558280339,1.49359083175659,-4.15532092115221,-5.57947055622721,-2.45557124236508,-3.51188449656737,0,0
2019-09-17,0.36380172824,0.103155159492675,-3.4844712775521,-2.0936071575612,1.36982047557831,-3.9750466761495,-5.33891769877462,-2.34718862955927,-3.35884729861719,0,0
2019-09-18,0.93792478474,0.102620941065935,-3.48400592191641,-2.0930252201299,1.23562288284302,-3.77015039972941,-5.06550406931378,-2.22395607107136,-3.18491380224315,0,0
2019-09-19,-0.81249719442,0.10293498759445,-3.48427948665061,-2.09336731883141,1.17142558097839,-3.66818487079274,-4.92943272401511,-2.16276703119872,-3.09835344066289,0,0
2019-09-20,-1.4618030412,0.101128619797509,-3.48270596654655,-2.09139959742174,1.1574912071228,-3.64580207508826,-4.89956426764189,-2.14894055690699,-3.07937399195516,0,0
2019-09-23,0.45469159049,0.100234231077517,-3.48192686794098,-2.09042531752377,1.19115769863129,-3.69994671632357,-4.97183070770597,-2.18125954087995,-3.1253422298684,0,0
2019-09-24,-0.47549378205,0.100364042844717,-3.48203994647669,-2.09056672471337,1.15289378166199,-3.63840292885348,-4.88968887750261,-2.14433789700477,-3.07310257896136,0,0
2019-09-25,1.5389562661,0.100422328727352,-3.48209071908693,-2.09063021697631,1.07365942001343,-3.5076343485016,-4.71515554175005,-2.06583723269956,-2.9621051806234,0,0
2019-09-26,-0.51576709056,0.100551898619483,-3.48220358692619,-2.09077136068538,1.15430510044098,-3.64067859820664,-4.89272622878584,-2.14574340871247,-3.07503192422924,0,0
2019-09-27,-0.48660693974,0.0999134634041638,-3.48164744844313,-2.09007589731186,1.09000325202942,-3.53503861081876,-4.75172630729389,-2.08219309124265,-2.98537406630871,0,0
2019-09-30,2.3535325838,0.0996448310525577,-3.48141344382537,-2.08978326940381,1.03402006626129,-3.44049230188664,-4.62552864726156,-2.0253884266126,-2.9051299260509,0,0
2019-10-01,0.27682278887,0.100797352458066,-3.48241740082959,-2.09103873966218,1.1901136636734,-3.69825295786992,-4.96956735788197,-2.18036554631708,-3.12389905670509,0,0
2019-10-02,-2.5067901511,0.101976919718466,-3.48344491737493,-2.08225811077816,1.12766623497009,-3.59715002928889,-4.83463631363621,-2.10920691555605,-3.03522749491413,0,1
2019-10-03,0.84947022297,0.101084046236755,-3.48266713868764,-2.09135104233238,1.30510902404785,-3.87756254777067,-5.20887514653469,-2.28810400134251,-3.27640844823149,0,0
2019-10-04,2.8031881169,0.100223787054378,-3.48191777019222,-2.09041394058936,1.2708603143692,-3.82502709188895,-5.13877444975124,-2.25635086496585,-3.23181474433398,0,0
2019-10-07,0.022025461476,0.101637275626533,-3.48314905470079,-2.09195368887898,1.57242405414581,-4.26610394128217,-5.72739737532238,-2.52159595593721,-3.6062497316082,0,0
2019-10-08,-1.1714965209,0.101695512401624,-3.48319978453364,-2.09201712764786,1.35293185710907,-3.94980918139957,-5.30527986338065,-2.33164674083712,-3.3377390436068,0,0
2019-10-09,1.1720142604,0.101934240122407,-3.48340773934144,-2.0922771796971,1.32124793529511,-3.90208792765798,-5.24158749963226,-2.30304526142512,-3.29722675385959,0,0
2019-10-10,1.3478394925,0.102544011797403,-3.48393890912376,-2.09294141916258,1.35555231571198,-3.9537429604708,-5.31050627937172,-2.33422977606585,-3.34107876672367,0,0
2019-10-11,2.6598287626,0.103681421519073,-3.48492970239778,-2.09418042788754,1.36371302604675,-3.96595410997383,-5.3267691957153,-2.34186319673371,-3.35144636021689,0,0
2019-10-14,-0.14393971469,0.104906409611216,-3.48599678485655,-2.09551483791167,1.55968081951141,-4.24865673503079,-5.7039365762165,-2.51212301709783,-3.59147518244729,0,0
2019-10-15,-0.23317929363,0.104796909517035,-3.4859013997418,-2.09539555673314,1.39175570011139,-4.00761495160182,-5.38232451590731,-2.36719772059023,-3.38681902706187,0,0
2019-10-16,-0.40370559245,0.105351843695918,-3.48638480079024,-2.09600006034896,1.24907636642456,-3.79110450401875,-5.09343101245503,-2.23718152729224,-3.20298905734036,0,0
2019-10-17,0.38827494991,0.106101155694243,-3.48703752361644,-2.08611816380057,1.13472282886505,-3.60840871657744,-4.84967452422881,-2.11610220795813,-3.04661928481405,0,0
2019-10-18,0.48027881676,0.106061354908577,-3.48700285330372,-2.08608091250266,1.05982065200806,-3.48372408530543,-4.6833238634303,-2.04150869359753,-2.94079281808755,0,0
2019-10-21,1.7342751999,0.104569723339715,-3.48570349872852,-2.0846848292088,1.00574600696564,-3.39113386910518,-4.55975913739719,-1.98609583362427,-2.86223499271165,0,0
2019-10-22,-0.2286807201,0.105549099452261,-3.48655662952787,-2.08560147019285,1.06970310211182,-3.50047272749767,-4.70566286124639,-2.05151450884849,-2.95501609040805,0,0
2019-10-23,1.3418903151,0.105818394352847,-3.48679121128952,-2.08585351508093,1.00470471382141,-3.38916536974159,-4.55716091768662,-1.98493603507314,-2.86054017871208,0,0
2019-10-24,0.16448721126,0.105881052463581,-3.486845792531,-2.08591215955015,1.01178002357483,-3.40144217328836,-4.57354188391789,-1.9922811833714,-2.8709589021575,0,0
2019-10-25,1.2316282124,0.106523113793993,-3.4874050897091,-2.08651309286085,0.946146130561829,-3.28567732379186,-4.41911048312251,-1.92302907316505,-2.77268858891871,0,0
2019-10-28,1.0017033012,0.106841401671709,-3.48768234906642,-2.0868109924213,0.944637417793274,-3.28292285190588,-4.41544589153336,-1.92138152636415,-2.77034323800793,0,0
2019-10-29,-2.3127885966,0.107901568849554,-3.48860585665486,-2.08780324930067,0.94158673286438,-3.27728080453273,-4.40795341786178,-1.9180065013157,-2.76552939268901,0,1
2019-10-30,-0.012330963181,0.106217339479013,-3.48713873086859,-2.0969428664515,1.05526471138,-3.47598351528933,-4.67299895664934,-2.04788982640707,-2.9375048768669,0,0
2019-10-31,2.2609553565,0.105634180064977,-3.48663074292537,-2.09630761638437,0.985010147094727,-3.35476585209314,-4.51126061125355,-1.97490244053037,-2.83452114304597,0,0
2019-11-01,2.8380768612,0.106112971811627,-3.48704781659126,-2.09682917615324,1.09438455104828,-3.5417866508871,-4.76078968466673,-2.08743950090162,-2.99341793863,0,0
2019-11-04,0.65671175034,0.106907822516853,-3.4877402080115,-2.09769502681379,1.37180435657501,-3.97807483365734,-5.34284674646358,-2.34999759228259,-3.3641228659052,0,0
2019-11-05,-0.14368932043,0.105787067132729,-3.48676392226746,-2.09647416007331,1.25066125392914,-3.79356448429901,-5.09670739165105,-2.23876219139644,-3.2073489995526,0,0
2019-11-06,0.042779916839,0.105232943204347,-3.48628122702515,-2.09587053908353,1.09436213970184,-3.54182738468342,-4.76083603048383,-2.08729422190985,-2.99346514833698,0,0
2019-11-07,1.1541310876,0.105728877118326,-3.48671323316767,-2.09641077224202,0.980360507965088,-3.3465759389804,-4.50033606925082,-1.96999359316844,-2.82756047552478,0,0
2019-11-08,0.27367690709,0.105704422434428,-3.48669193078572,-2.09638413314606,0.993277013301849,-3.36924725093996,-4.53058353429635,-1.98362084521828,-2.8468239164832,0,0
2019-11-11,0.79188129475,0.105988000859016,-3.48693895487069,-2.09669304218348,0.938621759414673,-3.27224541396697,-4.40117286640926,-1.92534050457508,-2.76439840027201,0,0
2019-11-12,-0.091533180967,0.105679829369044,-3.48667050786018,-2.09635734330771,0.918367803096771,-3.23564911648113,-4.35233572277892,-1.90329103732132,-2.73331152384802,0,0
2019-11-13,0.95816155153,0.10557312141978,-3.48657755497223,-2.09624110368214,0.862094640731812,-3.1316810762326,-4.21361624195957,-1.8407668653414,-2.64497726711424,0,0
2019-11-14,-0.69194993757,0.106601690833029,-3.48747353786835,-2.09736154994963,0.867153286933899,-3.14097083218149,-4.2260568492407,-1.84648373518768,-2.65284026225533,0,0
2019-11-15,1.1879378615,0.106397054218444,-3.48729527969323,-2.09713863419105,0.872868657112122,-3.15169365572348,-4.24035343532951,-1.8529058878941,-2.66195728265633,0,0
2019-11-18,0.50421432898,0.106608154861455,-3.48747916865888,-2.09736859137671,0.904719471931458,-3.21056842857511,-4.31890879582712,-1.88834052918348,-2.71197672998288,0,0
2019-11-19,-0.303257207,0.10716762742928,-3.48796652308063,-2.09797803877258,0.882414877414703,-3.16932140698078,-4.26390389299107,-1.8636087527294,-2.67691361249961,0,0
2019-11-20,-1.164144354,0.107504286912008,-3.48825978587306,-2.09834477032806,0.838549673557282,-3.08677744949075,-4.15380102480711,-1.81399949663076,-2.60676426525947,0,0
2019-11-21,-0.4483453019,0.106465264708214,-3.48735469759093,-2.09721293757562,0.858887612819672,-3.12548218862831,-4.20538680735725,-1.83715177470112,-2.63968372893796,0,0
2019-11-22,-0.087782909031,0.106518055039841,-3.48740068304763,-2.09727044339804,0.858318686485291,-3.12440140497547,-4.20394733932555,-1.83650842924933,-2.63876382241533,0,0
2019-11-25,1.7533807015,0.107157046113073,-3.4879573057364,-2.09796651228142,0.80489057302475,-3.02208805333149,-4.06748344674746,-1.77504816796978,-2.55180760848477,0,0
2019-11-26,-0.78086871645,0.1060793816094,-3.48701855629411,-2.09679258550975,0.859149694442749,-3.12604956310428,-4.20612596050505,-1.83744454786736,-2.64017732512556,0,0
2019-11-27,1.3432214611,0.106386365041301,-3.48728596839176,-2.09712699020429,0.857964992523193,-3.12376107544759,-4.20308695588514,-1.83610686355748,-2.63822367747975,0,0
2019-11-29,-0.22028076464,0.107624691410268,-3.48836466977265,-2.09847592994541,0.895788252353668,-3.19397610502944,-4.29681333123551,-1.87850074485867,-2.69785061191842,0,0
2019-12-02,-1.156220767,0.109537726939429,-3.43116301494949,-2.08933460129339,0.845817983150482,-3.04604673697246,-4.16017532801639,-1.81198910784782,-2.60552848134284,0,0
2019-12-03,-1.7830102967,0.107984452242576,-3.429709513802,-2.08788082349711,0.851689100265503,-3.05719168450412,-4.17529729115509,-1.81885819501656,-2.61523682580456,0,0
2019-12-04,0.88263634607,0.106695582544796,-3.42850343377734,-2.08667451391598,0.937894105911255,-3.21363627280652,-4.38706540878162,-1.91414295360669,-2.74993192638118,0,0
2019-12-05,1.4671047604,0.106670833587847,-3.4284802745529,-2.08665135028358,0.952989995479584,-3.240252974392,-4.42308985814552,-1.93034338960997,-2.77283325515946,0,0
2019-12-06,1.9316213569,0.108931181065611,-3.43059543013955,-2.08667129894049,0.981587648391724,-3.28993485267334,-4.49020537630108,-1.95844060496229,-2.8125681854618,0,0
2019-12-09,-1.4000221639,0.111174116894223,-3.43269429250255,-2.08892166152224,1.06525552272797,-3.43175142376279,-4.68194109144629,-2.04482734330086,-2.93431889169318,0,0
2019-12-10,0.58444477745,0.110048762161696,-3.43164122416997,-2.08785787637685,1.09581744670868,-3.48223786581775,-4.75033062703628,-2.07554799474993,-2.97778917683419,0,0
2019-12-11,0.85294994024,0.110050438561414,-3.43164279288728,-2.08785965627281,1.04329347610474,-3.3950891721005,-4.63241795291238,-2.02252571355827,-2.90287827006686,0,0
2019-12-12,0.25482882156,0.109700290528056,-3.43131513637598,-2.08748789107633,1.01796543598175,-3.35230017671427,-4.57454617621036,-1.9964554448212,-2.86612185122471,0,0
2019-12-13,1.3593162897,0.11125747524963,-3.43277229639039,-2.08899919776074,0.949206292629242,-3.23319709437545,-4.41331900730023,-1.92399633993657,-2.76363613857574,0,0
2019-12-16,1.7117935671,0.11108949180068,-3.43261510324464,-2.08884294702021,1.00234580039978,-3.3255493680345,-4.53826861569687,-1.98020202440712,-2.84303347549633,0,0
2019-12-17,0.19652683495,0.112056947745127,-3.43352041531098,-2.08974283155465,1.10391426086426,-3.49545107751794,-4.76804797647798,-2.08357992744339,-2.98901876237486,0,0
2019-12-18,-0.23893584403,0.11170592923187,-3.43319194423446,-2.08941632972974,1.01997947692871,-3.35561308738554,-4.57890237191907,-1.99847989532398,-2.86883503768676,0,0
2019-12-19,0.10009294346,0.111830421834424,-3.43330844013891,-2.0895321272173,0.935275554656982,-3.20851000200114,-4.37989485931429,-1.90894869250056,-2.74237511144314,0,0
2019-12-20,-0.20712806236,0.111135753710236,-3.43265839355174,-2.08888597779302,0.878596127033234,-3.10641368217624,-4.24180291734262,-1.84684932051232,-2.65466186194433,0,0
2019-12-23,1.6318350989,0.110704820749929,-3.43225514127861,-2.08848514310014,0.838923037052155,-3.03299177248092,-4.14248279571133,-1.80219598619046,-2.59158026245916,0,0
2019-12-24,0.095070422503,0.110755143049445,-3.43230223115926,-2.08853195066728,0.894404947757721,-3.1352755285967,-4.28086326917621,-1.86443186380373,-2.67949859968154,0,0
2019-12-26,1.9840292682,0.110962151198885,-3.43249594228026,-2.0887245004503,0.851548492908478,-3.05652400064458,-4.17431317538186,-1.81649997590777,-2.6117894949961,0,0
2019-12-27,-0.037942810104,0.111687497720531,-3.43317469665878,-2.08939918555683,0.922332942485809,-3.18547053372403,-4.34873337142197,-1.89493317097336,-2.72258014850198,0,0
2019-12-30,0.59351276759,0.111922357082148,-3.43339446998819,-2.08961764129996,0.865780472755432,-3.08275936093199,-4.20977779132868,-1.83241096513112,-2.63427164731916,0,0
2019-12-31,0.73065312845,0.112412801259549,-3.43385341081564,-2.09007383068282,0.842611372470856,-3.03965397662964,-4.1514533864029,-1.80614675759654,-2.59718164563717,0,0
2020-01-02,2.2816277882,0.113383612032451,-3.4347618622153,-2.09097683572964,0.844315648078919,-3.04270400472158,-4.1555544533922,-1.80794495830096,-2.59973233581117,0,0
2020-01-03,-0.97219910094,0.113567746874783,-3.4349341692806,-2.09114810977867,0.961155474185944,-3.25399146043473,-4.44133343754871,-1.93656326696293,-2.78135193248582,0,0
2020-01-06,0.79682614378,0.112905114854226,-3.43431410097961,-2.09053175891458,0.966735541820526,-3.26380559948043,-4.45464233772683,-1.94256237630221,-2.78983412710204,0,0
2020-01-07,-0.47031354234,0.112703257082144,-3.43412520940496,-2.09034399978374,0.952879071235657,-3.23953609371097,-4.42182381680973,-1.92779701168456,-2.76898516493021,0,0
2020-01-08,1.6086329972,0.111651610732249,-3.43314111484692,-2.08936580507482,0.911918938159943,-3.1668075069043,-4.32348733273481,-1.88357670776086,-2.70653977459953,0,0
2020-01-09,2.1240806096,0.112327810025306,-3.43377387893583,-2.08999477561298,0.960355639457703,-3.25269287407141,-4.43963983347629,-1.93581976682426,-2.78032099657675,0,0
2020-01-10,0.22607628453,0.113092237219878,-3.43448920366669,-2.09070581182507,1.08097732067108,-3.45774822049822,-4.71696702264078,-2.0606158326966,-2.95654195061633,0,0
2020-01-13,2.1364354076,0.112917430972194,-3.43432562598007,-2.0905432148203,1.01998698711395,-3.3555593058217,-4.57875329147843,-1.99841425319135,-2.8687080174901,0,0
2020-01-14,-1.350328117,0.112201469469208,-3.43365565377989,-2.08987725924114,1.12733376026154,-3.533515888631,-4.81952847287499,-2.10674608047715,-3.02173083529284,0,0
2020-01-15,-0.42855315351,0.111632582300725,-3.43312330869382,-2.08934810567327,1.15289700031281,-3.57461632664099,-4.8751777096728,-2.13176402260241,-3.05709689032901,0,0
2020-01-16,1.2526498364,0.11073388054499,-3.43228233443739,-2.08851217323035,1.10104990005493,-3.4907917181889,-4.76184976271663,-2.08076125949261,-2.98509792489373,0,0
2020-01-17,1.1070930084,0.110910062760035,-3.43244719970704,-2.08867605009882,1.11280834674835,-3.50996927461864,-4.78778114306065,-2.09242869593261,-3.00157157077156,0,0
2020-01-21,-0.67768958061,0.111238372257226,-3.43275442046578,-2.08898142900598,1.10317897796631,-3.49426348631451,-4.76650662574006,-2.08286743965253,-2.98805006303792,0,0
2020-01-22,0.35695106944,0.110768035510353,-3.43231429548166,-2.08854394266159,1.05035841464996,-3.40690774528102,-4.64835891889001,-2.02971789081948,-2.9129899436474,0,0
2020-01-23,0.4815864022,0.11140361112179,-3.43290904532366,-2.08913512685606,0.998052895069122,-3.31816168868825,-4.52825560012493,-1.97569664207011,-2.8366618540718,0,0
2020-01-24,-0.28819346562,0.111487981710733,-3.4329879964249,-2.08921360462922,0.953479707241058,-3.24069727854046,-4.42345435786256,-1.92855149941989,-2.77006736317648,0,0
2020-01-27,-2.9405296723,0.111431013429042,-3.43293468746225,-2.08916061526475,0.903979897499084,-3.15252973465419,-4.30418071452359,-1.87489813800214,-2.69428214302623,0,1
2020-01-28,2.828936721,0.110148927016972,-3.43173495500353,-2.08990665020632,1.12649250030518,-3.53216933012741,-4.8178796841012,-2.10800173076485,-3.03029453005899,0,0
2020-01-29,2.0932355441,0.111721691240378,-3.43320669378102,-2.09162528638175,1.46191358566284,-4.03935542606186,-5.50387049574201,-2.41725446390859,-3.46751234219674,0,0
2020-01-30,-0.1449096625,0.112112462286019,-3.4335723639129,-2.09205346261486,1.55924928188324,-4.17538603771022,-5.68783017032426,-2.50023267921883,-3.58478410833321,0,0
2020-01-31,-4.4338777907,0.111405788030168,-3.43291108239981,-2.09127914444497,1.3912957906723,-3.93782276197367,-5.36655869790475,-2.35532492956084,-3.37998394767844,1,1
2020-02-03,-0.27462763701,0.109438006793889,-3.48994424189299,-2.10045121953422,2.16643524169922,-5.02734646754278,-6.74573101323597,-2.98217735029058,-4.26555261107706,0,0
2020-02-04,3.3013672002,0.109805734507968,-3.49026456810335,-2.10085179448753,1.93248307704926,-4.74214294104949,-6.36508571774249,-2.81066773760632,-4.02265864931407,0,0
2020-02-05,0.81543045308,0.110381291135208,-3.49076593328796,-2.10147876264973,2.42791223526001,-5.32884617057909,-7.14795420739459,-3.16409233856687,-4.52239482777647,0,0
2020-02-06,1.1696997977,0.110449947090414,-3.4908257392289,-2.10155355129088,2.09808254241943,-4.94592713927633,-6.63696326421931,-2.93359980397712,-4.19625262118479,0,0
2020-02-07,-1.3592651953,0.110322011212932,-3.49071429477357,-2.10141418755465,1.9383556842804,-4.74961947704403,-6.37501508746215,-2.81536858724125,-4.02904546012041,0,0
2020-02-10,0.47495547296,0.10991806487196,-3.49036241865535,-2.10097415874942,1.88900518417358,-4.68727391322164,-6.29185355345198,-2.77768361415869,-3.97592988075115,0,0
2020-02-11,-0.60332763178,0.109943161528804,-3.49038428025748,-2.10100149716249,1.7029105424881,-4.44485525623289,-5.96834829142884,-2.63177165455005,-3.7694585214816,0,0
2020-02-12,2.3747692501,0.109268722466625,-3.48979677896063,-2.10026681390229,1.54189193248749,-4.2241145796772,-5.67380562965788,-2.49869435328636,-3.581438546525,0,0
2020-02-13,-0.71210268952,0.110049392046072,-3.49047681725624,-2.1011172167095,1.72347915172577,-4.47229551687189,-6.00495950642708,-2.64832554785596,-3.79283265113249,0,0
2020-02-14,0.024625234801,0.109583444705616,-3.49007093230364,-2.10060964867205,1.57661306858063,-4.27266317517715,-5.73857961422892,-2.52801037821137,-3.62279283114939,0,0
2020-02-18,-1.8310509309,0.10970240482397,-3.4901745580094,-2.10073923489042,1.38617968559265,-3.99949413132703,-5.37402888577187,-2.36362672066585,-3.39013467785125,0,0
2020-02-19,1.4482758621,0.108654028168195,-3.48926132109979,-2.09959721210056,1.43105411529541,-4.0654332404438,-5.46205917753196,-2.40302428587676,-3.44628438310568,0,0
2020-02-20,-1.0258945677,0.109155030930511,-3.48969774269679,-2.10014296688172,1.45297455787659,-4.0973054910973,-5.50457785021063,-2.42234458083111,-3.4734349274288,0,0
2020-02-21,-2.2635029659,0.108717711897203,-3.48931679575344,-2.09966658437194,1.36135101318359,-3.96251062205505,-5.32469772073583,-2.34110917127692,-3.35862886671012,0,0
2020-02-24,-4.7500399297,0.107261609787114,-3.48804839075438,-2.09808041609461,1.50945901870728,-4.17815614595126,-5.61255806932785,-2.47044089340386,-3.54226608151796,1,1
2020-02-25,-3.3872157758,0.104814190597808,-3.54124498480771,-2.09987969662068,2.50247383117676,-5.49715537181859,-7.28377618259518,-3.21702945356452,-4.61449625567036,0,1
2020-02-26,1.5863648987,0.103693699145072,-3.54020010979851,-2.10727215728558,4.56479740142822,-7.46008066291802,-9.87329377461211,-4.39857471021703,-6.26982630439634,0,0
2020-02-27,-6.5368187255,0.104387707266868,-3.54084728273399,-2.10779169436818,4.06574440002441,-7.03526738763193,-9.31262824800773,-4.14569836198079,-5.91187563440342,0,1
2020-02-28,-0.058496636484,0.102154836157062,-3.53876509708614,-2.11463434833078,7.3302640914917,-9.47886073333876,-12.5372725616671,-5.623103568768,-7.99663080014337,0,0
2020-03-02,9.3100673104,0.0997174128471812,-3.53649216345765,-2.11345113729564,5.44117832183838,-8.14962213168674,-10.7851266595844,-4.83018918287032,-6.87292625482009,0,0
2020-03-03,-3.1759311937,0.102345906835115,-3.53894327334621,-2.11472710076072,15.253586769104,-13.7192944942633,-18.1310941412827,-8.15689852731904,-11.5810825339009,0,0
2020-03-04,4.6384626021,0.100403885606301,-3.53713230955494,-2.1137843753264,8.825270652771,-10.4074813738719,-13.763763460461,-6.1790908393175,-8.78141853084387,0,0
2020-03-05,-3.2437074719,0.102473920137847,-3.53906264766232,-2.114789242922,13.5948419570923,-12.9464690203287,-17.1114460750906,-7.69500436983525,-10.9278336641961,0,0
2020-03-06,-1.3280076472,0.10228198373022,-3.53888366409649,-2.10621534183191,9.81992149353027,-10.9874306871627,-14.527289406461,-6.49791321367412,-9.27047087784485,0,0
2020-03-09,-7.9092135764,0.101813826203392,-3.53844710021289,-2.10586487735167,8.54235076904297,-10.2401117373069,-13.5418010665132,-6.05306066861992,-8.63881438698688,0,1
2020-03-10,7.2021640304,0.0975360436873305,-3.53445800414709,-2.11239222395417,13.1318693161011,-12.710605013934,-16.8055979830229,-7.55733424807508,-10.7446352992025,0,0
2020-03-11,-3.4730496949,0.10157664767478,-3.53822592769375,-2.11435367529797,18.3599090576172,-15.0591781403708,-19.8996830388638,-8.95810418149417,-12.7334898524509,0,0
2020-03-12,-9.8754674509,0.0993620872772417,-3.53616081705849,-2.1132786497619,13.3734636306763,-12.8322883983361,-16.9642004020063,-7.6288443748266,-10.8478980209568,0,1
2020-03-13,11.980824235,0.0965389243057324,-3.53352817543623,-2.13976647979412,16.8022518157959,-14.3875873775699,-19.0199954489896,-8.67448154336939,-12.1834429052105,0,0
2020-03-16,-12.864697629,0.10179423180202,-3.53842882814105,-2.14272954793324,24.9528732299805,-17.5736665707146,-23.2166456244285,-10.6017507522539,-14.8859085766852,0,1
2020-03-17,4.3970108585,0.0981373551174354,-3.53501873603357,-2.14066771334022,27.759241104126,-18.5268297527603,-24.4803477124285,-11.1804070394147,-15.7065208156724,0,0
2020-03-18,-2.447994938,0.101614473841608,-3.56954930608389,-2.16240322402947,23.530611038208,-17.2136842230738,-22.6069834129832,-10.3878491857376,-14.5636245848509,0,0
2020-03-19,-0.76620586196,0.0975245794622296,-3.56932598408195,-2.15899988490578,21.2078399658203,-16.3399249503139,-21.4493603107266,-9.84509534407472,-13.8147785012596,0,0
2020-03-20,-6.3485578888,0.0968133978356234,-3.56888298321094,-2.15831843027066,17.0437316894531,-14.6369826165962,-19.2165374306135,-8.81360020647531,-12.372357962248,0,0
2020-03-23,-2.1244110974,0.0933751700139124,-3.56524378424721,-2.15482781492905,27.3595542907715,-18.5551177686458,-24.3575026932717,-11.1777450457434,-15.6848395977097,0,0
2020-03-24,10.032535543,0.0930921854084644,-3.53031403995289,-2.1100106587344,19.0692920684814,-15.323224572009,-20.2595641330125,-9.12098687624084,-12.9871673017841,0,0
2020-03-25,-0.55087491892,0.0978499632557203,-3.56955661690525,-2.159207292356,39.8572158813477,-22.4376788818675,-29.4408247281385,-13.5337809202671,-18.9743738900737,0,0
2020-03-26,5.2623004236,0.0975640605465839,-3.56933861007833,-2.15908220157146,15.9048328399658,-14.1372665757818,-18.5626052506706,-8.5130422244666,-11.9511467496352,0,0
2020-03-27,-4.1402259712,0.0999829266384766,-3.57083132637293,-2.16145826353587,21.7795391082764,-16.5645704486093,-21.7472941354491,-9.98723019234432,-14.0107877775055,0,0
2020-03-30,2.8537983369,0.0989549752516323,-3.5700160455045,-2.16104926627808,19.5073890686035,-15.6687955874503,-20.5811870461344,-9.44578805952862,-13.2603519459859,0,0
2020-03-31,-0.20407362354,0.10182587381955,-3.57179604178652,-2.16386048349926,12.6794557571411,-12.6167052757775,-16.580957353718,-7.60329688257446,-10.6789886408239,0,0
2020-04-01,-5.2617090723,0.100969548546249,-3.57123320853383,-2.16300386215283,7.76197671890259,-9.84860199698853,-12.9504346380612,-5.9252293645718,-8.33273783910188,0,0
2020-04-02,1.6686729485,0.0981067571999213,-3.56945661270747,-2.16019895510964,9.75126838684082,-11.0482428925852,-14.5216082576488,-6.64755104993862,-9.34573204494452,0,0
2020-04-03,-1.4371453069,0.0990320038227421,-3.56998645762411,-2.16107923955516,6.5970139503479,-9.0703543014218,-11.9294215208711,-5.45162501377086,-7.67239194091913,0,0
2020-04-06,8.7237479807,0.0986348759975444,-3.56973472044084,-2.16068683911247,6.54625701904297,-9.03476494570655,-11.8825862352849,-5.42962375849033,-7.64196361947924,0,0
2020-04-07,-1.158227607,0.100627670189917,-3.57090273256838,-2.16260189466643,10.3625259399414,-11.3944215714097,-14.98245556026,-6.86097759629888,-9.64750449719413,0,0
2020-04-08,2.5594572717,0.0995979861732909,-3.5701782268086,-2.16137115092736,5.65704965591431,-8.39191137070831,-11.0443608490683,-5.04112670201678,-7.10281149654007,0,0
2020-04-09,0.72161461267,0.100010324473008,-3.57041277369471,-2.16133067595334,6.16558122634888,-8.7655346925557,-11.5356674964842,-5.26670092682048,-7.42087951971435,0,0
2020-04-13,1.9627598045,0.0998188124438599,-3.5703030317898,-2.16133590337649,4.8273868560791,-7.7446064658236,-10.1953514045146,-4.64892039661266,-6.55434421618254,0,0
2020-04-14,5.0503202196,0.100737784719707,-3.57088496371677,-2.16228609195618,4.7197380065918,-7.65699480581919,-10.080777091983,-4.59681967122749,-6.48060531140151,0,0
2020-04-15,-0.9127329733,0.103873221280482,-3.5728907034605,-2.16577610499036,5.88799667358398,-8.56581558721141,-11.2743621863092,-5.15142463626331,-7.25319155086916,0,0
2020-04-16,0.79457159936,0.104297122028021,-3.57312156789917,-2.16564751494831,4.57008600234985,-7.53423622385544,-9.92170461045206,-4.52537204651597,-6.37916877019504,0,0
2020-04-17,-1.3568663016,0.10487668588185,-3.57347383645095,-2.16596869173304,3.91499638557434,-6.96572364838456,-9.17612666452576,-4.18078473398411,-5.89736085535274,0,0
2020-04-20,-2.0756718527,0.10532128746256,-3.57378853448997,-2.16705248937411,3.84788608551025,-6.9050328008003,-9.09581932081526,-4.14557524201888,-5.84517074456824,0,0
2020-04-21,-3.0910338352,0.103270670662076,-3.57249130677341,-2.16495150655762,3.96561217308044,-7.0109330958094,-9.23389910515353,-4.2079801735257,-5.93387452510277,0,0
2020-04-22,2.8803517531,0.101540004472004,-3.57143852140249,-2.16348086348046,4.22774505615234,-7.24186656641127,-9.53515607260037,-4.34689708709628,-6.12765844174376,0,0
2020-04-23,-0.38754074631,0.102579801162956,-3.5720453353305,-2.16408132377957,4.5320463180542,-7.50180582143117,-9.87807450326321,-4.50444708673941,-6.35025425064617,0,0
2020-04-24,2.8869577867,0.101564822693703,-3.57136220645204,-2.16230617161965,3.56803345680237,-6.64446656380201,-8.75332504497676,-3.98286695927639,-5.6232268677631,0,0
2020-04-27,0.070678870543,0.101555054524453,-3.57132214042313,-2.16168721022535,4.02415657043457,-7.06262448534507,-9.30302738603768,-4.23485445270058,-5.97898471382822,0,0
2020-04-28,-1.620934421,0.100885950586658,-3.57089038461596,-2.16086399805776,3.19273018836975,-6.27965687897713,-8.27508363021022,-3.76019176489544,-5.31429040402442,0,0
2020-04-29,3.2845143227,0.09990466890918,-3.57027623137217,-2.15999619653958,3.21725940704346,-6.30400000225036,-8.30644480061595,-3.77442012735187,-5.33426689441936,0,0
2020-04-30,2.1096166545,0.101804970418583,-3.57146202610308,-2.16160981688848,3.59728360176086,-6.67201072150751,-8.7908000428088,-3.99801364460315,-5.64806163360682,0,0
2020-05-01,-1.6099387338,0.102106629544249,-3.57169824924357,-2.16273322120079,3.41376781463623,-6.49710036118606,-8.56028936248771,-3.89384241107127,-5.4986317423201,0,0
2020-05-04,1.4148822085,0.101881339749616,-3.57153125274557,-2.16206370959088,3.2392156124115,-6.32609668342512,-8.33626115253102,-3.78936222679348,-5.35397326900343,0,0
2020-05-05,1.5008868877,0.1027457061578,-3.57206193984051,-2.16263805051087,3.78107738494873,-6.8431261043006,-9.01577369595191,-4.10250238983095,-5.79375020819625,0,0
2020-05-06,1.0317246943,0.103696434759495,-3.5726773255787,-2.16384724147491,3.3958568572998,-6.47998004250964,-8.5391592794553,-3.88380898088687,-5.48564709176335,0,0
2020-05-07,1.0344942288,0.103870688062606,-3.57280764146921,-2.16439429703475,3.0985414981842,-6.18522631102104,-8.15184882297031,-3.70604214360538,-5.23527649738828,0,0
2020-05-08,2.3801663807,0.106112638323018,-3.57417811444901,-2.15714495381037,2.91538429260254,-5.99661651686319,-7.90632990187472,-3.57710374878498,-5.06383968448038,0,0
2020-05-11,1.5735336792,0.107804108688675,-3.57524838335954,-2.15875428786839,3.05009770393372,-6.1361987700055,-8.09037852015416,-3.66235856045085,-5.18298941461852,0,0
2020-05-12,-1.1428208626,0.108928447952437,-3.57597321669027,-2.15957217002514,2.95102643966675,-6.03407568691936,-7.95650123025729,-3.60090380361488,-5.09670214596404,0,0
2020-05-13,-1.2074114513,0.108717369392311,-3.57583252381916,-2.15950601288873,2.80092263221741,-5.87578063600139,-7.74873470920692,-3.50542264994096,-4.9626328700086,0,0
2020-05-14,0.61433447117,0.1079539358883,-3.57534592012676,-2.15884622041594,2.8054895401001,-5.8806059066385,-7.75480034003495,-3.50802618760009,-4.9664241395859,0,0
2020-05-15,-0.59119984498,0.106573070894301,-3.57446955590459,-2.1575809414942,3.00060510635376,-6.08521416389156,-8.02286331553047,-3.6308436066357,-5.1391356740254,0,0
2020-05-18,2.3561145234,0.106424198982182,-3.57437428097282,-2.15745881690676,2.98587346076965,-6.06998023208089,-8.00281753361506,-3.62159563025414,-5.12617774578235,0,0
2020-05-19,-0.57785115569,0.107135780121755,-3.57482103099683,-2.15819997691787,3.23209428787231,-6.31968686267056,-8.33108506207117,-3.77288180930758,-5.3382121125332,0,0
2020-05-20,1.9448170147,0.107265538096928,-3.5748831980652,-2.15868910317296,2.93851590156555,-6.02083496536129,-7.9392163105577,-3.59318089526448,-5.08556185607216,0,0
2020-05-21,-0.74554396515,0.108911006807259,-3.57592278758917,-2.16032434575215,2.98863458633423,-6.07302552315405,-8.00856147515087,-3.62578596034222,-5.1307117218868,0,0
2020-05-22,0.64383777808,0.108461252771048,-3.57563046841791,-2.16008264601424,2.77016234397888,-5.84274826149587,-7.70614909322006,-3.48673811363629,-4.93549500805641,0,0
2020-05-26,-0.67734955637,0.108924984043506,-3.57591999550059,-2.16078175015607,2.60102152824402,-5.65820536014265,-7.46412564291958,-3.37591528480156,-4.77940857959121,0,0
2020-05-27,0.4357023332,0.108900397756254,-3.57589545189358,-2.16109277218783,2.41589617729187,-5.44916875866096,-7.18981047252339,-3.25011925000576,-4.60242097657929,0,0
2020-05-28,0.044009933663,0.109773841585835,-3.57647029565982,-2.1612876358104,2.27851319313049,-5.28881678321551,-6.97918075315765,-3.15263467955987,-4.46639454534681,0,0
2020-05-29,-0.097407698286,0.108754706176578,-3.57581162196678,-2.16060262568619,2.16234588623047,-5.14944666117968,-6.79598936907984,-3.06839355602631,-4.34811352255405,0,0
2020-06-01,1.2297917847,0.108338905280886,-3.57554014347913,-2.16042161292506,1.99364995956421,-4.94020470885614,-6.52119920480526,-2.94210446833581,-4.17076062969106,0,0
2020-06-02,0.46294857839,0.108075832314542,-3.57536918541607,-2.16027503690652,2.03272438049316,-4.98945828191157,-6.58584432954971,-2.97190699621693,-4.21248999135477,0,0
2020-06-03,0.55050411338,0.108119945871455,-3.57539972698168,-2.16022963270802,1.82803559303284,-4.72599448250262,-6.23984381877897,-2.81261564552794,-3.98914875672802,0,0
2020-06-04,-0.86122047251,0.108444566073541,-3.57560981389244,-2.16044227864068,1.67627716064453,-4.52093760241187,-5.97063214919796,-2.68870430680457,-3.8153791507894,0,0
2020-06-05,2.848101266,0.107349932925192,-3.57492417245882,-2.15899816149887,1.55689013004303,-4.35327612547819,-5.74987631969495,-2.5865487330717,-3.67276026495905,0,0
2020-06-08,0.59125188527,0.108976067481124,-3.57593595516843,-2.16146310928277,1.79108107089996,-4.67674468676426,-6.1756518994526,-2.783737614004,-3.94784875463888,0,0
2020-06-09,3.1578000362,0.109655394875502,-3.57637075751957,-2.16209035036371,1.62905299663544,-4.45502254864765,-5.88469763324686,-2.649914796067,-3.76005058145476,0,0
2020-06-10,2.5727492077,0.111064188786386,-3.57727835131628,-2.16314907868959,1.91467845439911,-4.83888407133656,-6.38910562233958,-2.88212643461204,-4.08570271957468,0,0
2020-06-11,-4.8010429656,0.111380817268468,-3.5775176559857,-2.16204318316632,2.14781665802002,-5.13162559630918,-6.77286071570872,-3.05718671077903,-4.33315513947072,0,1
2020-06-12,0.86335218803,0.109431021139247,-3.57622776988666,-2.16804873004136,3.33880233764648,-6.42519180795163,-8.47184624560356,-3.85211215717984,-5.44616433277843,0,0
2020-06-15,1.2367178277,0.109617656218577,-3.57632857442251,-2.16788454092119,2.96678066253662,-6.05037412157628,-7.98013644700177,-3.6244215041624,-5.12804666413822,0,0
2020-06-16,2.6502230385,0.110313155353513,-3.5767725056176,-2.16864142539335,2.98878574371338,-6.0732487072314,-8.0104264935574,-3.63885691085079,-5.14778081565831,0,0
2020-06-17,-0.13917291526,0.111630770032859,-3.57762652241702,-2.17034720475893,3.23879337310791,-6.32689773077241,-8.34367600629127,-3.79426668654201,-5.36367235725727,0,0
2020-06-18,0.039819107405,0.111317199980543,-3.57742694510187,-2.17001546272512,2.79090666770935,-5.86513472537337,-7.73714957044658,-3.51391213084008,-4.97085681635198,0,0
2020-06-19,-0.57146106374,0.111694036911687,-3.57764794608438,-2.17002354108959,2.3764967918396,-5.40356885312551,-7.13156659055593,-3.23359048717833,-4.578295757675,0,0
2020-06-22,2.6163788172,0.112897732684915,-3.57841804254401,-2.1661720293184,2.20980572700501,-5.20656930719014,-6.87322592507537,-3.1072069548229,-4.3976772978743,0,0
2020-06-23,2.1344776658,0.113695498967276,-3.57892096477338,-2.16721696480444,2.60850811004639,-5.66657554365771,-7.47778593722358,-3.38654985097102,-4.78818488465633,0,0
2020-06-24,-1.7652033939,0.11498800432458,-3.57976172214135,-2.16782633624939,2.71917271614075,-5.78800837514084,-7.63732688260008,-3.45973903268481,-4.89123972652503,0,0
2020-06-25,1.3275565183,0.114512179708818,-3.57944830630047,-2.16776937882159,2.65283846855164,-5.71552733192513,-7.54221352923996,-3.41625011916125,-4.82984626542493,0,0
2020-06-26,-3.0725797609,0.114342305060956,-3.57932709428608,-2.16813487735213,2.58484220504761,-5.6403009527574,-7.44366546861802,-3.37146450312735,-4.76630963197196,0,0
2020-06-29,2.3046687214,0.112926187357631,-3.5784144171618,-2.16708418909999,3.09683179855347,-6.18430218866917,-8.15786408022991,-3.70066901374355,-5.22733312232814,0,0
2020-06-30,0.83476145719,0.114364924050932,-3.57929528315185,-2.17008280666138,3.28832077980042,-6.37623165533224,-8.41148065285395,-3.82080413232587,-5.39179900250044,0,0
2020-07-01,-0.18914473676,0.114740552605946,-3.57953989370606,-2.17026418264232,2.82471108436584,-5.90134805390879,-7.78770549636425,-3.53279572580761,-4.98896736369855,0,0
2020-07-06,2.675015792,0.115284971610321,-3.57986530703866,-2.17138948911105,2.3166995048523,-5.33352346210272,-7.04254708386806,-3.18972355423598,-4.50684623447159,0,0
2020-07-07,-0.31028487365,0.117328206563993,-3.58117379841053,-2.17007471605981,2.44614720344543,-5.48368623546643,-7.24046197597707,-3.27670417196252,-4.63246961013723,0,0
2020-07-08,2.3290133891,0.116705132296741,-3.5807783901127,-2.16945652754029,2.0851035118103,-5.05389858135677,-6.67559147405719,-3.01596568835034,-4.26773559343971,0,0
2020-07-09,0.35660906724,0.118078648797831,-3.5816507937877,-2.17078037994993,2.18760323524475,-5.17937931173194,-6.84102883824975,-3.09262459013139,-4.3747193603947,0,0
2020-07-10,0.24821675852,0.117997505280341,-3.5816009871914,-2.17065862026102,1.8666809797287,-4.77541978581021,-6.31028707070964,-2.84769813290673,-4.03204862331498,0,0
2020-07-13,-0.46132193484,0.117950696764445,-3.58157121054746,-2.17061451133334,1.64493274688721,-4.47559100801374,-5.91639535418312,-2.66596945912778,-3.77775234113437,0,0
2020-07-14,1.6548401454,0.117664681988347,-3.58138748645111,-2.17039513054497,1.46240437030792,-4.21330406660189,-5.57176072083719,-2.50699224721685,-3.55526214743347,0,0
2020-07-15,0.68773665098,0.117132299182254,-3.58103568592962,-2.17018810556389,1.60708260536194,-4.42257392108574,-5.84671862067225,-2.63403169527051,-3.73284169944775,0,0
2020-07-16,-1.2304937324,0.117113213988682,-3.5810205760226,-2.17023525937635,1.70005321502686,-4.55203945389554,-6.01685160827108,-2.71257165827985,-3.84269495795857,0,0
2020-07-17,-0.20202543437,0.115560439281338,-3.5800336012138,-2.1687649211773,1.78229999542236,-4.66388497388501,-6.16312997788719,-2.7798016464942,-3.93698363012303,0,0
2020-07-20,2.1073940465,0.115628623455329,-3.5800830156486,-2.16870022335751,1.54831171035767,-4.33911070892547,-5.73639127318389,-2.58291052854348,-3.66150420011043,0,0
2020-07-21,-1.3801692805,0.11567919416574,-3.58011293348574,-2.16879536875904,1.63810157775879,-4.4664480036728,-5.90373397755653,-2.6601260472799,-3.76953561267199,0,0
2020-07-22,0.28092783486,0.115099201891709,-3.57973096061354,-2.16852779629412,1.65349924564362,-4.48802176974972,-5.93209266529376,-2.67337733071286,-3.78790328297982,0,0
2020-07-23,-4.5516461487,0.11516041442901,-3.57976869895674,-2.16861061945314,1.51858854293823,-4.2962252323922,-5.68017390620331,-2.55724067198409,-3.62532144504051,1,1
2020-07-24,-0.24772470251,0.112767466104474,-3.64143783967833,-2.16851274153614,2.29808449745178,-5.4074463201144,-7.02225751430254,-3.17457518766344,-4.50496347405203,0,0
2020-07-27,2.3700264537,0.112513353936972,-3.64081907610283,-2.1683460150903,2.05663442611694,-5.10877464080642,-6.63685154226286,-2.99710532812052,-4.2554204076787,0,0
2020-07-28,-1.6427592028,0.113144603616161,-3.64193674836699,-2.16886862225787,2.37113499641418,-5.49488811982096,-7.13496810952641,-3.22658561325594,-4.57800052345097,0,0
2020-07-29,1.9168386907,0.111533346033029,-3.64117638911467,-2.16699353424971,2.33090972900391,-5.44756612644239,-7.07281524763594,-3.19688440849224,-4.53770052431951,0,0
2020-07-30,1.2100168351,0.112481984140006,-3.6424357108336,-2.16788794351589,2.30638694763184,-5.4192098890402,-7.03539605385729,-3.17984465417084,-4.51370918047803,0,0
2020-07-31,10.468863707,0.111818414892145,-3.64146835102475,-2.16728463989876,2.19337320327759,-5.28121121560458,-6.85774146140557,-3.09793906587937,-4.3985631648449,0,0
2020-08-03,2.5197628458,0.115966197756383,-3.64080654376032,-2.17053061201704,4.87264680862427,-7.92077659682351,-10.2784174234059,-4.67527883184809,-6.61239133125392,0,0
2020-08-04,0.66781411351,0.1164170526925,-3.63496738905948,-2.16632309819932,3.76736521720886,-6.93894623373171,-9.02178242585427,-4.08835146863471,-5.79742688374636,0,0
2020-08-05,0.36246751479,0.116522464782775,-3.63480424685818,-2.166245576613,3.1590588092804,-6.34388458273842,-8.25153687995898,-3.73370638919443,-5.29891802456465,0,0
2020-08-06,3.4889267461,0.116193841364611,-3.6343450019283,-2.16575751009105,2.60954117774963,-5.75475409238918,-7.48878049327479,-3.38238694062898,-4.80520413484276,0,0
2020-08-07,-2.2735768156,0.117761389298186,-3.635631230237,-2.16740364098407,2.9785168170929,-6.15674915747185,-8.00948836728468,-3.62282618497452,-5.14245931599924,0,0
2020-08-10,1.4534818314,0.11744041589524,-3.63730190318649,-2.16852526756434,3.07615113258362,-6.26200879495662,-8.1421019501561,-3.68592734820382,-5.22869376489747,0,0
2020-08-11,-2.9739859396,0.117955224110543,-3.63853669679104,-2.16967887493491,3.08390498161316,-6.27169747997025,-8.15306881535346,-3.69222882664853,-5.23608806277346,0,0
2020-08-12,3.3234285715,0.117263421890487,-3.63902169783312,-2.16974588710764,3.49668335914612,-6.68749635814341,-8.68915586300838,-3.94003570173818,-5.58322107722044,0,0
2020-08-13,1.7697548888,0.118779527115567,-3.64298139086094,-2.17338813740868,3.87776064872742,-7.05499053571432,-9.15879499419389,-4.16106302002611,-5.88835310469143,0,0
2020-08-14,-0.08912268504,0.120047932679571,-3.64146646183596,-2.1727927926902,3.49891805648804,-6.69145895659429,-8.69385755404051,-3.94424683193897,-5.58694799132029,0,0
2020-08-17,-0.26107956392,0.118520229423663,-3.64029841974364,-2.17125186273316,2.93880748748779,-6.12202529918684,-7.95687631739592,-3.60364607155252,-5.10949553546933,0,0
2020-08-18,0.83327879929,0.1183799539121,-3.64014791065327,-2.17107773028331,2.49370765686035,-5.62995147557709,-7.3201816344843,-3.31007258680126,-4.69727179961249,0,0
2020-08-19,0.12547322876,0.118712038252896,-3.64047298884532,-2.17146640390934,2.21653747558594,-5.30123886246682,-6.89473956039159,-3.11417592103504,-4.4218925910778,0,0
2020-08-20,2.2189572846,0.118085948296504,-3.64005511935722,-2.17088073379004,1.90492105484009,-4.90587726809075,-6.38296155115812,-2.87813927250477,-4.09052992882714,0,0
2020-08-21,5.1532445572,0.118804385027703,-3.64072930443555,-2.17169967300196,2.04706239700317,-5.09019048603993,-6.6213617178547,-2.98836769842943,-4.24494809079239,0,0
2020-08-24,1.1960279811,0.12044949896487,-3.63933591741661,-2.17135779230653,3.21581172943115,-6.40585677629208,-8.32913136801145,-3.77337792101604,-5.35026544920613,0,0
2020-08-25,-0.82037224638,0.120715877656786,-3.63826860382107,-2.17066683559245,2.77111434936523,-5.93578775907422,-7.72288657678048,-3.49272035134782,-4.95750013509345,0,0
2020-08-26,1.3599038653,0.120093049496339,-3.63854760960017,-2.17060916822083,2.72141408920288,-5.88231307234191,-7.65219968978486,-3.46069773775921,-4.91181356302106,0,0
2020-08-27,-1.1954395462,0.118982569438873,-3.63894108855953,-2.1704273307636,2.52676510810852,-5.6654060147196,-7.36904091945706,-3.3310856699962,-4.72861814740692,0,0
2020-08-28,-0.16198704107,0.118082159791213,-3.63786360039864,-2.16922592225055,2.32499885559082,-5.42891295170383,-7.06344062436243,-3.18954201422497,-4.53059727348296,0,0
2020-08-31,3.3912224826,0.11909673347472,-3.63866242231929,-2.17026630690806,2.13162446022034,-5.19338088332694,-6.75859518750855,-3.04951025441919,-4.33336458647445,0,0
2020-09-01,3.9832610042,0.120329657517154,-3.63985611434543,-2.17169880879143,2.70237255096436,-5.86319143842301,-7.62542726484244,-3.44970312076163,-4.89476986752924,0,0
2020-09-02,-2.071843792,0.122068362675592,-3.63816081623288,-2.17116743250527,3.93312692642212,-7.09317315636108,-9.22435637495309,-4.18381535029702,-5.92962939184963,0,0
2020-09-03,-8.00608828,0.121499545908756,-3.63964580475993,-2.17204404711811,3.69860172271729,-6.87817593598679,-8.94175741768193,-4.05572106229617,-5.7470256943797,1,1
2020-09-04,0.066181336842,0.118088867859688,-3.70293467940096,-2.17983877603041,9.92477607727051,-11.5474930995849,-14.7896288698385,-6.7491907682236,-9.53439011374428,0,0
2020-09-08,-6.7294973544,0.118218802168894,-3.7030564459225,-2.17996755232555,6.78908252716065,-9.53041616088136,-12.2118403440785,-5.5618758577016,-7.86535734431432,0,1
2020-09-09,3.9886544939,0.115531925503595,-3.69999655389533,-2.17906256303821,15.387640953064,-14.398475524016,-18.4375513350204,-8.43229502844566,-11.9077328619137,0,0
2020-09-10,-3.2645755199,0.117481089336977,-3.7036161763123,-2.18022580055265,12.9693880081177,-13.2203653793292,-16.926787738575,-7.734174052679,-10.9335438036196,0,0
2020-09-11,-1.3128910036,0.116726871256468,-3.7034105074647,-2.17976623744893,10.5180759429932,-11.8940197594677,-15.2322475341205,-6.95260015566524,-9.83549456896652,0,0
2020-09-14,2.9955357144,0.115767999355177,-3.70217902411621,-2.17876565327626,9.38280487060547,-11.2245114892372,-14.3780748973434,-6.55808847472404,-9.28067554436423,0,0
2020-09-15,0.16037449623,0.116289628356549,-3.70304247955913,-2.17939280313732,10.845178604126,-12.0785768167533,-15.4685945764153,-7.06089084213524,-9.9886304679479,0,0
2020-09-16,-2.9513588368,0.115905609547199,-3.70270955986319,-2.17906059420384,8.01105880737305,-10.3641746176767,-13.2779779543763,-6.05166694185818,-8.56819869184444,0,0
2020-09-17,-1.5963613663,0.114008886357328,-3.70058622364895,-2.17721477438184,8.21633815765381,-10.4934090430323,-13.4454391990573,-6.12679341851036,-8.6755441123537,0,0
2020-09-18,-3.1720137756,0.113509219319055,-3.69973772885703,-2.17660562047083,6.46261024475098,-9.29183989804393,-11.9102362161786,-5.41978455760687,-7.6796825273416,0,0
2020-09-21,3.0325720703,0.112039545129014,-3.69778133585272,-2.17504429111674,7.23790740966797,-9.83623443947626,-12.6081053766899,-5.73956025794349,-8.1306407488767,0,0
2020-09-22,1.5715843025,0.113585049545056,-3.69993740987437,-2.17672820222911,6.86112642288208,-9.57793923248999,-12.275803528514,-5.58808281407705,-7.9168474110487,0,0
2020-09-23,-4.1946158663,0.113970300505689,-3.70010425694952,-2.17699044031474,6.82185697555542,-9.55021539420711,-12.2401727075479,-5.57204241962272,-7.89355602919792,0,0
2020-09-24,1.0268857357,0.112452033065411,-3.69881953292578,-2.17568977454621,7.39286375045776,-9.94457212953621,-12.7456485361093,-5.80320955522208,-8.22025100136931,0,0
2020-09-25,3.7516170763,0.113965620755604,-3.70077328638198,-2.17248092351554,5.77837944030762,-8.78204942671872,-11.257667217044,-5.1083005086131,-7.2426717359147,0,0
2020-09-28,2.3868899179,0.115609945840887,-3.70238905576837,-2.17446760509394,7.04850435256958,-9.71386996992772,-12.4471836950968,-5.65738833440727,-8.0127955258219,0,0
2020-09-29,-0.75678496869,0.117288841471395,-3.70381120822161,-2.17688766435224,5.70319509506226,-8.72791723673463,-11.185807312912,-5.08141565986994,-7.19682175039104,0,0
2020-09-30,1.5075817339,0.117129290563466,-3.70367834623815,-2.17665407594677,4.36265516281128,-7.61873256462413,-9.768501644305,-4.4292415505108,-6.27969477523346,0,0
2020-10-01,0.84621362585,0.116672731493934,-3.70316914816521,-2.17620989503274,3.68568706512451,-6.99272446889604,-8.96885486768763,-4.06124621203375,-5.76211403834363,0,0
2020-10-02,-3.2280160973,0.117236650854426,-3.70365254086415,-2.17701150745733,3.42193555831909,-6.73395552756469,-8.63786349490034,-3.90990251721127,-5.54795065510658,0,0
2020-10-05,3.079101044,0.11506170080596,-3.70121836829519,-2.17491295458927,3.76010155677795,-7.06196391493059,-9.05860714277929,-4.10230794179481,-5.81949703696808,0,0
2020-10-06,-2.8669527896,0.116900536508502,-3.70358160117726,-2.17615588386599,4.12437057495117,-7.4045353484611,-9.49485118936607,-4.30255574089458,-6.10272906332453,0,0
2020-10-07,1.6967126192,0.114950797802207,-3.70191598036518,-2.17336557035399,3.79638504981995,-7.09797866134794,-9.10419810427074,-4.11970299527566,-5.84989846116393,0,0
2020-10-08,-0.095585679446,0.115609228340202,-3.70288160977412,-2.17360420956048,3.82642793655396,-7.12769282519089,-9.14154467592953,-4.13623392892283,-5.87454241843356,0,0
2020-10-09,1.7395842393,0.115331086099263,-3.70254688462766,-2.17337503161515,3.07367062568665,-6.37593228156992,-8.18096184607925,-3.69500546507421,-5.25286908574962,0,0
2020-10-12,6.3520560829,0.116761570735341,-3.70396496943452,-2.17508317390147,2.9357762336731,-6.22965164766739,-7.99323253833322,-3.61004921713264,-5.13156200661674,0,0
2020-10-13,-2.6527331191,0.118644043291475,-3.70538725107298,-2.17809453145568,4.2241530418396,-7.49694368047673,-9.61166441853954,-4.35793798471578,-6.17877668780904,0,0
2020-10-14,0.074318744919,0.117350326397137,-3.70488617501673,-2.17519898344721,3.82454037666321,-7.12808517681628,-9.14072607133748,-4.13656280256721,-5.87464929126139,0,0
2020-10-15,-0.39607228318,0.117470376404578,-3.70499744396384,-2.17535582773375,4.05285263061523,-7.34131857488269,-9.41311469934981,-4.26189027321027,-6.05095879545675,0,0
2020-10-16,-1.4000497059,0.116966027364981,-3.7044177590572,-2.17489195286564,3.45897626876831,-6.77262985792128,-8.68681977816125,-3.92796832507665,-5.58071737490053,0,0
2020-10-19,-2.5541925727,0.116645573873254,-3.70399019477486,-2.17470051314142,3.20451045036316,-6.51392152712999,-8.35648168177576,-3.77631766812227,-5.36676792112993,0,0
2020-10-20,1.3191929644,0.115259732615546,-3.70221750790635,-2.17374261595549,3.24109864234924,-6.54986152278169,-8.4034496789715,-3.79814029923753,-5.39654767460138,0,0
2020-10-21,-0.54463449924,0.115949550099533,-3.70313626096555,-2.17415530058347,3.23790454864502,-6.54753988715409,-8.39994313779391,-3.7962642760829,-5.39462383793515,0,0
2020-10-22,-0.95832976813,0.115628482327705,-3.7028293631131,-2.17375194644151,3.13445019721985,-6.44000079148136,-8.26268440011051,-3.73286425029733,-5.30577452852499,0,0
2020-10-23,-0.61339092872,0.115102009851031,-3.70220641728274,-2.17329987394876,3.05384254455566,-6.35459511436509,-8.15388374746019,-3.68279318013825,-5.23520258379486,0,0
2020-10-26,0.0086926287622,0.115027603139796,-3.70208502239844,-2.17329445824541,2.98833394050598,-6.28469208888156,-8.06460766287992,-3.64190268258964,-5.17738058620007,0,0
2020-10-27,1.3472403301,0.115022291370322,-3.70207421908182,-2.17329781834561,2.70777750015259,-5.97686148155367,-7.67116765885521,-3.46121009345593,-4.92281015711873,0,0
2020-10-28,-4.6312178387,0.115453860324765,-3.70254458555292,-2.17373871158824,2.85964345932007,-6.14572688846749,-7.88674680408033,-3.56044271820848,-5.06238407249934,0,1
2020-10-29,3.7050359713,0.113665322774806,-3.70083079217897,-2.177148087883,3.78459525108337,-7.08594430340067,-9.08953272429077,-4.12176645223566,-5.84960248140339,0,0
2020-10-30,-5.6018036767,0.11495910295351,-3.7031285433593,-2.17877050774342,4.26671504974365,-7.53423369466456,-9.66097354197855,-4.38551542293892,-6.22134026819294,0,1
2020-11-02,-0.082674995338,0.112448624707634,-3.70137487028671,-2.18342028431674,5.56741523742676,-8.6210826330529,-11.0515703176183,-5.03941249992132,-7.13194265715989,0,0
2020-11-03,1.5353498206,0.112296388345807,-3.70114299322985,-2.18327536622415,4.28262948989868,-7.54703951197083,-9.67879074820841,-4.40588608214678,-6.24101755821899,0,0
2020-11-04,4.0836653387,0.11310958997178,-3.70203624855183,-2.18396071164318,3.86508011817932,-7.16502223047218,-9.18985563345477,-4.18051502168014,-5.9239924368165,0,0
2020-11-05,3.5493692911,0.114622874868471,-3.70334172374589,-2.18514341862933,4.18509340286255,-7.46148876455723,-9.56787230411244,-4.35563445556958,-6.16939996550028,0,0
2020-11-06,-0.11361245533,0.115957036609754,-3.70403346366113,-2.18606502577016,4.3997220993042,-7.65344373822035,-9.8126635646863,-4.4694268352357,-6.32786011670357,0,0
2020-11-09,-1.9967983823,0.115933506416484,-3.70405544231844,-2.18605772530894,3.53549027442932,-6.8487646947013,-8.78434019589027,-3.99448885202127,-5.66050494562039,0,0
2020-11-10,-0.30089408529,0.115329911965923,-3.70337151700828,-2.18554437242413,3.49440956115723,-6.80750833741074,-8.73204166015592,-3.97018246712976,-5.6263827843843,0,0
2020-11-11,3.0352677417,0.115345637847186,-3.70329195103802,-2.18553236756543,3.54427528381348,-6.85656279110451,-8.79478203058317,-3.99919130296981,-5.66700704376135,0,0
2020-11-12,-0.23432923263,0.115693510589156,-3.70376776800805,-2.18584949808059,4.58297634124756,-7.81329074655853,-10.0171334790012,-4.563748437278,-6.46049823220448,0,0
2020-11-13,0.041942790085,0.115388336499079,-3.7035040385017,-2.18561134782163,3.58225440979004,-6.8941761505816,-8.84272011456343,-4.02128426517278,-5.69829470181045,0,0
2020-11-16,0.87204427291,0.115075151818532,-3.70315451707086,-2.18534636414894,3.11552429199219,-6.42130653621487,-8.238600061484,-3.74224646162906,-5.30615272872279,0,0
2020-11-17,-0.75644222779,0.11545968878232,-3.70356984767712,-2.18566811537239,2.985102891922,-6.28336471226403,-8.06207685034712,-3.66081753682629,-5.19167240948071,0,0
2020-11-18,-1.1391238798,0.114865423240807,-3.7030106808797,-2.18519237731177,2.99682211875916,-6.29553926640217,-8.07794486682811,-3.66799362591638,-5.20192737884887,0,0
2020-11-19,0.51681775822,0.113645137759047,-3.70159031255333,-2.18414470899187,2.8300769329071,-6.11347824305583,-7.84601942920523,-3.56070492154412,-5.05110006644585,0,0
2020-11-20,-1.0957518543,0.113949740354289,-3.70193694825229,-2.18440415128024,2.55468392372131,-5.80299624980655,-7.44898228697354,-3.37746612233627,-4.79353992504728,0,0
2020-11-23,-2.974262826,0.113179169772816,-3.70112659921107,-2.18376501182547,2.3960108757019,-5.61581437837844,-7.21010906227621,-3.26708230685254,-4.63844659227097,0,0
2020-11-24,1.1594202901,0.11183127016023,-3.69943476195597,-2.18257656212575,2.64545083045959,-5.90524089362887,-7.58094064084682,-3.43809500840504,-4.8786259969098,0,0
2020-11-25,0.74672223654,0.111972280089402,-3.69967070406609,-2.18271597360613,2.49491262435913,-5.73176578044195,-7.3590374142296,-3.33569142583809,-4.73535834554746,0,0
2020-11-27,0.48263380158,0.113180360421501,-3.70105311272251,-2.17700093974652,2.31194281578064,-5.51429836111954,-7.08037922010357,-3.19696572288788,-4.54960786275336,0,0
2020-11-30,2.1099579724,0.113589549667352,-3.70155500512776,-2.17741837179432,2.06955337524414,-5.21144614416383,-6.69303292080031,-3.01883196889612,-4.29862412234379,0,0
2020-12-01,3.0827383451,0.11517466877732,-3.70344430672832,-2.17901242984458,2.12119793891907,-5.27864492080538,-6.77811443627745,-3.05841158137554,-4.35409108144128,0,0
2020-12-02,0.29335071704,0.117141678344431,-3.70493887672697,-2.18062651942617,2.64987683296204,-5.91392168987889,-7.58925720427624,-3.43257861628721,-4.87974943401614,0,0
2020-12-03,-0.11374715632,0.115934734449572,-3.70380307889558,-2.1795428682126,2.40373992919922,-5.62644128338622,-7.2224462510219,-3.26322836619808,-4.64188257863455,0,0
2020-12-04,-0.56124938992,0.115416457233906,-3.70327628978075,-2.17906069482161,2.08675479888916,-5.23418988487215,-6.72139422474388,-3.03236836914259,-4.31699886672094,0,0
2020-12-07,1.226993865,0.114900362534636,-3.70269415522112,-2.17855594303568,1.88467037677765,-4.96828026945927,-6.38178765073002,-2.87589307357428,-4.09676508782571,0,0
2020-12-08,0.50909090896,0.115470629498716,-3.70338883957494,-2.17913566329471,1.85577619075775,-4.92954031492373,-6.33200485137131,-2.85309782143525,-4.06459642732125,0,0
2020-12-09,-2.0903682264,0.116512077791194,-3.7044199169336,-2.18009280073985,1.75077199935913,-4.78505563551173,-6.14698683421351,-2.76811567060834,-3.94464531604415,0,0
2020-12-10,1.1988832321,0.115281885528749,-3.7031792251677,-2.17895245538646,1.87963902950287,-4.96177417094132,-6.37328063122035,-2.87206036493421,-4.0913367869542,0,0
2020-12-11,-0.67348263547,0.115086609464463,-3.70307051649682,-2.17880908575201,1.97655975818634,-5.09106674631241,-6.53855647831925,-2.94810491844517,-4.19854864258433,0,0
2020-12-14,-0.51466383475,0.114897867161077,-3.70291439727463,-2.17864868688264,1.86106359958649,-4.93664775649977,-6.34126038110609,-2.85723220633363,-4.07066028807962,0,0
2020-12-15,5.0090326818,0.114793312025189,-3.70275753033964,-2.17852979734386,1.68608963489532,-4.69321935468987,-6.03020365488069,-2.7140170474489,-3.86896299778581,0,0
2020-12-16,-0.054738817562,0.11645515518782,-3.70472223937001,-2.18019416296755,2.70224380493164,-5.97355360504684,-7.66555199681335,-3.46745767109269,-4.92958072927732,0,0
2020-12-17,0.69634613883,0.115806483529159,-3.70412748113701,-2.17961806767534,2.29931020736694,-5.50093853209156,-7.06189489353202,-3.18925225970136,-4.53816135487604,0,0
2020-12-18,-1.588966589,0.115706742880112,-3.70405641961729,-2.17953819082046,2.05007123947144,-5.18778710791003,-6.66174263000982,-3.00497126066199,-4.2787246110794,0,0
2020-12-21,1.2435355888,0.114729220716141,-3.7029890933774,-2.17859671053608,2.02416276931763,-5.15362720634103,-6.61852737277347,-2.98482729767747,-4.25059959920909,0,0
2020-12-22,2.8464477889,0.115638928970459,-3.70405428757351,-2.17950362268656,2.00026440620422,-5.12303113016749,-6.57898638436795,-2.96684839046632,-4.22511544786537,0,0
2020-12-23,-0.69760388214,0.116524683330209,-3.70485103123771,-2.18028377375366,2.44970965385437,-5.68214081682322,-7.29311210709129,-3.29595700427654,-4.68813834109508,0,0
2020-12-24,0.77122785569,0.115979671510532,-3.70437447838544,-2.17980963813126,2.51620650291443,-5.76010470911967,-7.39296403956919,-3.34175535018009,-4.75290256428716,0,0
2020-12-28,3.5765704328,0.116210006966629,-3.70465692267474,-2.18004473615469,2.22076773643494,-5.40455885762704,-6.938491970882,-3.13254510153464,-4.45827300155761,0,0
2020-12-29,-1.331479991,0.117291160684478,-3.70562150949501,-2.18099338798467,2.71348237991333,-5.98684990471526,-7.68207908712967,-3.47538317716951,-4.94043512369725,0,0
2020-12-30,-0.85267294453,0.11729060466196,-3.70606360432806,-2.1811829249985,2.55403614044189,-5.80550012147893,-7.4501335898538,-3.36853462108729,-4.78922772615761,0,0
2020-12-31,-0.77026622794,0.117818259223853,-3.70700895168872,-2.17995527033297,2.50092458724976,-5.74456129343964,-7.37180245604374,-3.329630983298,-4.73500091993763,0,0
2021-01-04,-2.471927048,0.118883055574119,-3.70796675393348,-2.17440535473802,2.22370553016663,-5.41047189180345,-6.94456404096916,-3.1236106892985,-4.44318138032146,0,0
2021-01-05,1.2363804963,0.117407599432594,-3.70620760083175,-2.17268309142832,2.3843514919281,-5.60547558659207,-7.19449853181509,-3.23750741658129,-4.60426985459481,0,0
2021-01-06,-3.3661552553,0.11787591851059,-3.70686762418618,-2.17345201603731,2.48262143135071,-5.72278948429268,-7.34406253836143,-3.30668823692216,-4.7010472097342,0,1
2021-01-07,3.4123222747,0.11589607484812,-3.70497451215868,-2.17228821075617,3.07731890678406,-6.3834771542299,-8.18921505357556,-3.69479460507355,-5.24666728892405,0,0
2021-01-08,0.86312251769,0.116687777728669,-3.70597741767191,-2.17420960273543,3.67822742462158,-6.99089714939572,-8.96540501233499,-4.053164776451,-5.74855857519626,0,0
2021-01-11,-2.3248769407,0.117481676645735,-3.70696053830455,-2.17459697947278,2.98648715019226,-6.28868579770615,-8.06710328439898,-3.64053848455454,-5.16844365640886,0,0
2021-01-12,-0.13955652039,0.116218835650723,-3.70550500195986,-2.17372882786544,3.27547478675842,-6.5901052064778,-8.45344364146209,-3.81785489834008,-5.41780109404519,0,0
2021-01-13,1.6226708074,0.115309847526514,-3.7045702314019,-2.17284132488716,2.65703296661377,-5.92329072720348,-7.60170414230823,-3.42651013527225,-4.86759593513009,0,0
2021-01-14,-1.512720605,0.115915295072761,-3.705193287878,-2.17343142371595,2.58405327796936,-5.84017949001192,-7.49526436473338,-3.37787370937282,-4.79898119223496,0,0
2021-01-15,-1.3730509658,0.115824967503714,-3.70498506143716,-2.1736101774777,2.47275686264038,-5.71026476333064,-7.32970721922987,-3.30217745999532,-4.6921641014907,0,0
2021-01-19,0.54270882483,0.115225446569573,-3.70447802708065,-2.17277142506096,2.34665060043335,-5.55958342045082,-7.13695373899562,-3.21319557760945,-4.56749590940436,0,0
2021-01-20,3.2856137057,0.115817653823718,-3.70497916278244,-2.17359927440266,2.09660291671753,-5.24886285207268,-6.74004898396862,-3.03147822631326,-4.31138701903143,0,0
2021-01-21,3.6658335228,0.11780762308195,-3.70726417069667,-2.17498855123858,2.53429651260376,-5.78396192087516,-7.42226143883069,-3.34465973805651,-4.75206907240602,0,0
2021-01-22,1.6073646526,0.118667684782434,-3.70776631832872,-2.17429293099704,3.1430971622467,-6.4547504441825,-8.27868737160164,-3.73608888378649,-5.30483526993435,0,0
2021-01-25,2.7683900193,0.119136340655703,-3.70794888338939,-2.17466442049051,2.82457756996155,-6.1126203909714,-7.84153563611664,-3.5357089842437,-5.02255079666793,0,0
2021-01-26,0.16792611259,0.12118148120655,-3.71056587007425,-2.17526951264057,3.06131553649902,-6.37105294717119,-8.16091878956329,-3.68480394405233,-5.23281169973005,0,0
2021-01-27,-0.76837105335,0.123050701344642,-3.6535377762031,-2.17170445524132,3.01899099349976,-6.22506028161541,-8.08202006888674,-3.65033874979383,-5.17038688273389,0,0
2021-01-28,-3.4985217512,0.122174446767664,-3.65234867219459,-2.17116997189407,2.64074635505676,-5.81302852274491,-7.55031938736034,-3.40605782815344,-4.8271339430326,0,1
2021-01-29,-3.7420672552,0.12124136676718,-3.64977802947553,-2.17447895497904,3.52936816215515,-6.73545525621262,-8.74658774618932,-3.96386802534781,-5.59945927696624,0,0
2021-02-01,1.6520157624,0.118678041513548,-3.64422486861085,-2.17064488445814,4.58271169662476,-7.68261219521787,-9.9800824830726,-4.52807987136721,-6.39344680459485,0,0
2021-02-02,0.63366631875,0.119118735355469,-3.64593125355256,-2.17178194903191,5.07540655136108,-8.0946769063068,-10.5100511757176,-4.77361562166714,-6.73574379694747,0,0
2021-02-03,-0.77783539518,0.119612183144993,-3.64593783831765,-2.17203930233292,4.03096866607666,-7.20043652641365,-9.35370227238497,-4.24125028824844,-5.99002331456211,0,0
2021-02-04,2.5757802001,0.118610611285921,-3.64581613623523,-2.17144061918499,3.32103061676025,-6.52541354023358,-8.47873347650153,-3.83855655742197,-5.42569652789895,0,0
2021-02-05,-0.3098006342,0.118881501828294,-3.64636559653737,-2.171806760736,3.46884894371033,-6.67241832493164,-8.66826054196477,-3.92607517831059,-5.54805892083372,0,0
2021-02-08,0.10968119331,0.118882756178944,-3.64661336869224,-2.17190098241489,3.09523463249207,-6.29670585565787,-8.181647047154,-3.70220322141543,-5.2342936276821,0,0
2021-02-09,-0.65736615297,0.11886713725473,-3.64659251518991,-2.17188395423874,2.59329080581665,-5.75349522368298,-7.47885222358097,-3.37866913313163,-4.78104343802017,0,0
2021-02-10,-0.45584883464,0.118869771301647,-3.64662197619477,-2.17189661476144,2.28593015670776,-5.39456477843589,-7.01441837931415,-3.16488432014359,-4.48152718352242,0,0
2021-02-11,-0.19203781676,0.118699992731721,-3.64640038668129,-2.17171343982021,2.05619239807129,-5.11003015270301,-6.64641468996071,-2.99541319448427,-4.24416460825683,0,0
2021-02-12,0.17760674928,0.119079592985167,-3.64705586568375,-2.17218339333014,1.86076128482819,-4.85585925373942,-6.31704934335657,-2.84398978233468,-4.03184072151267,0,0
2021-02-16,-1.6104011229,0.119545963333484,-3.64771558644651,-2.1727059017296,1.64485096931458,-4.55871287169626,-5.93225609702334,-2.66698723526759,-3.78373644205985,0,0
2021-02-17,-1.7643967265,0.119168122363383,-3.64742533770073,-2.17237474790463,1.65675723552704,-4.57561839492281,-5.95407622872516,-2.67700581752178,-3.79779887924759,0,0
2021-02-18,-0.86365025991,0.118557316117697,-3.64604880858728,-2.17149713387751,1.7431468963623,-4.69525852364964,-6.11010829431847,-2.74843318451665,-3.89824919127059,0,0
2021-02-19,0.12335209321,0.118204013785549,-3.64529589776699,-2.17100596472204,1.73554801940918,-4.68411607841977,-6.09635671151828,-2.74188357775095,-3.88928304696201,0,0
2021-02-22,-2.97990298,0.118614276816373,-3.6460243000596,-2.17152129406061,1.55909943580627,-4.4339539810742,-5.77210561106159,-2.59283197287324,-3.68026418690797,0,1
2021-02-23,-0.11111111116,0.117924813981465,-3.64516071599626,-2.17417591210974,1.85784637928009,-4.85053271109789,-6.31155798531533,-2.84553866897652,-4.03142697201064,0,0
2021-02-24,-0.4052121405,0.117684786924024,-3.64485893237319,-2.17394528248267,1.79961705207825,-4.77188640946617,-6.20993199007377,-2.79865859782106,-3.96580953562574,0,0
2021-02-25,-3.4782608695,0.11706842125086,-3.64398066898072,-2.17337955622275,2.22784328460693,-5.32192311744304,-6.92235041026813,-3.12690954967849,-4.42542863842643,0,1
2021-02-26,0.22315893875,0.116110180231893,-3.64295293533109,-2.17340277611856,2.85193371772766,-6.03598823631401,-7.8470074174964,-3.55426053683043,-5.02539526136128,0,0
2021-03-01,5.3851228766,0.116802370409758,-3.64325528077083,-2.17424139423185,2.71684122085571,-5.88831820617966,-7.65634769116428,-3.46696564164447,-4.90233314643632,0,0
2021-03-02,-2.0893653651,0.118434533896885,-3.64475228652822,-2.17591298001312,4.9547290802002,-7.99450003550476,-10.3820383374289,-4.72497819974967,-6.66287355025057,0,0
2021-03-03,-2.4456521738,0.116860512678725,-3.64649600086572,-2.17638406156379,4.07296800613403,-7.24235024882146,-9.4018102148008,-4.27542978551855,-6.03023433471527,0,0
2021-03-04,-1.581189579,0.115330099511009,-3.64434402918632,-2.17404553022712,3.81757974624634,-7.00521804094225,-9.09716117357896,-4.13245653466572,-5.83291051212712,0,0
2021-03-05,1.0738366769,0.113715452400598,-3.64215872366033,-2.17164986352331,3.61892986297607,-6.81493977781014,-8.85291243687498,-4.01751943512389,-5.67464314158978,0,0
2021-03-08,-4.1673529896,0.113882640087236,-3.64257835133545,-2.17205955318401,4.13510465621948,-7.29328467959775,-9.47129807483003,-4.30299106500567,-6.07395614093774,0,0
2021-03-09,4.060673771,0.112496867719879,-3.64204634672881,-2.17112662517865,5.58035230636597,-8.49102520467312,-11.0198230286007,-5.01630547672638,-7.07331985266401,0,0
2021-03-10,-0.91258207049,0.114166651484086,-3.64737432723032,-2.17616941769841,5.90073299407959,-8.74582512156057,-11.3384764695759,-5.17205883779836,-7.2808840321064,0,0
2021-03-11,1.6502750459,0.114190231126011,-3.64812782046393,-2.17680772968991,4.38665294647217,-7.52657198616157,-9.76071642891778,-4.44498945605917,-6.26231969435321,0,0
2021-03-12,-0.76254509677,0.114462833775143,-3.64848153583938,-2.17719970113625,4.24342489242554,-7.40125406128141,-9.59843290948201,-4.37047601462092,-6.15763569277985,0,0
2021-03-15,2.4456746261,0.11459884930526,-3.64880848847477,-2.17752109378986,3.70621299743652,-6.90991473904357,-8.9629811386514,-4.07746180845672,-5.74737739378264,0,0
2021-03-16,1.2742963141,0.115362049479154,-3.64994618770941,-2.17863455838201,3.71081447601318,-6.91570246090723,-8.96931243668998,-4.08144506404003,-5.75176817112523,0,0
2021-03-17,-0.64505853306,0.115717515288335,-3.64956547056931,-2.17854886906432,3.27402544021606,-6.48790415198403,-8.41791125177983,-3.82620725109233,-5.39556538752923,0,0
2021-03-18,-3.3905097787,0.11578274807597,-3.64986690664072,-2.17882399182482,2.9416127204895,-6.14415155703158,-7.97321482465478,-3.62114667978883,-5.10843241770272,0,0
2021-03-19,-0.44802123948,0.114424977906691,-3.64779674628481,-2.17661376228598,3.49986147880554,-6.70984279500318,-8.70626186663179,-3.95756592102936,-5.58134984802545,0,0
2021-03-22,2.8335694642,0.114134751796856,-3.64707822912958,-2.17591059794164,2.88640713691711,-6.08204308247827,-7.89572032532417,-3.58261321172245,-5.05780808055285,0,0
2021-03-23,-0.68887268008,0.115063463871364,-3.6481177569865,-2.17710743732362,3.15955519676209,-6.36951607782483,-8.2667558065011,-3.75477498120261,-5.29761616536272,0,0
2021-03-24,-1.9993471521,0.115041838099657,-3.64865991880389,-2.17755318839237,2.67760515213013,-5.85540249436378,-7.60119918546981,-3.44817325500141,-4.8679395471208,0,0
2021-03-25,0.41635440102,0.114311704358809,-3.64765399785486,-2.17645443621008,2.6712703704834,-5.84742181272863,-7.59163413703832,-3.44289009394716,-4.86157609078337,0,0
2021-03-26,0.51413881756,0.115186524505871,-3.64963576470389,-2.17842030053955,2.24516654014587,-5.35338383857687,-6.9509526153796,-3.14893227032814,-4.44669010689584,0,0
2021-03-29,0.14850259886,0.116247330100125,-3.65028061902992,-2.17630491455083,2.04895782470703,-5.10883047887801,-6.63534984091409,-2.9989549519676,-4.24093634436546,0,0
2021-03-30,-1.227448719,0.115963398457816,-3.65019293731689,-2.17629540550477,1.78444218635559,-4.76007437602744,-6.1844731172845,-2.79119761683915,-3.94997188838998,0,0
2021-03-31,1.8765638031,0.115020256645952,-3.64933390342563,-2.17569496881263,1.72251713275909,-4.67453708378531,-6.07402414867606,-2.74046408219026,-3.87864145187613,0,0
2021-04-01,0.69586573882,0.115699179933385,-3.65043963698365,-2.17656024802322,1.75959420204163,-4.72659792479009,-6.14051667551145,-2.77150138639836,-3.92167269461713,0,0
2021-04-05,2.3577235772,0.116609268600948,-3.65122427638168,-2.17708144371494,1.65079820156097,-4.57460753062265,-5.94414404143038,-2.6805788165294,-3.79498207309561,0,0
2021-04-06,0.24622716446,0.117659445781602,-3.65188923937108,-2.17747420249047,1.77974081039429,-4.75421375664907,-6.17652806475952,-2.78724196845854,-3.94497779846516,0,0
2021-04-07,1.3390381111,0.118025512097938,-3.65194057839927,-2.1774545255432,1.60175025463104,-4.50388043128344,-5.85348585268113,-2.63776686650152,-3.73643633705055,0,0
2021-04-08,1.9233776389,0.118008279953063,-3.65169867914303,-2.17723989277121,1.55316722393036,-4.43296245734092,-5.76217577653219,-2.59540153577582,-3.67746075769141,0,0
2021-04-09,2.0213255601,0.118997752345125,-3.65196910633382,-2.17723812437713,1.63512432575226,-4.5508474512561,-5.91532275664509,-2.66507974562341,-3.77625260768345,0,0
2021-04-12,-1.3195984813,0.119523144828975,-3.65202278777539,-2.17714721531222,1.71462392807007,-4.66256876517583,-6.06026724354523,-2.73131286859472,-3.86977330618046,0,0
2021-04-13,2.4306613839,0.117744359753551,-3.65056646427162,-2.17617852086386,1.68232178688049,-4.61719906803911,-6.00153570950744,-2.70485380026209,-3.8317962055158,0,0
2021-04-14,-1.7853157777,0.118994421852163,-3.65242384888508,-2.17769447441405,1.83343148231506,-4.82654322423529,-6.27088143563482,-2.82969676254552,-4.00585168946517,0,0
2021-04-15,1.8707869423,0.1182048105955,-3.65265426198271,-2.17804240082443,1.87943863868713,-4.88931460716074,-6.35060707969733,-2.86773057571849,-4.0574270125383,0,0
2021-04-16,-0.25278810426,0.119270155375193,-3.65473935685778,-2.17966479323901,1.93443763256073,-4.96388980070178,-6.44510429265344,-2.91229617886244,-4.11871269586471,0,0
2021-04-19,0.50685748374,0.119802656965121,-3.65617625309671,-2.18081810162074,1.70058751106262,-4.6480916137535,-6.03585705279845,-2.72412756204173,-3.85469120069009,0,0
2021-04-20,-1.2830020765,0.120723478337574,-3.65714475565383,-2.18149679953329,1.52454543113709,-4.39484399586814,-5.70866672790022,-2.57282480897797,-3.64348635599235,0,0
2021-04-21,0.29299075941,0.120181413856828,-3.6567426554158,-2.18124305794819,1.52193713188171,-4.39102557371766,-5.70364192202886,-2.57074869850441,-3.64023909857358,0,0
2021-04-22,-1.1685393259,0.120390748476686,-3.65714144784507,-2.18155231585704,1.43904864788055,-4.26672907056016,-5.54289076658085,-2.49660712750146,-3.53647958488037,0,0
2021-04-23,1.803850235,0.120599701686331,-3.65737227365581,-2.18171590823871,1.41870331764221,-4.23567201398919,-5.5027364593936,-2.47802756170667,-3.51056146978386,0,0
2021-04-26,0.29779630731,0.121240969007603,-3.65846927891085,-2.18255508912331,1.52590000629425,-4.39796827329165,-5.71149510270461,-2.5748109528852,-3.64546653629352,0,0
2021-04-27,-0.24495249427,0.120639547007122,-3.65716819228816,-2.18153185897804,1.37951397895813,-4.1748037135781,-5.42447732497425,-2.44162880618456,-3.45999097332121,0,0
2021-04-28,-0.60272341661,0.121231409218192,-3.65804308932791,-2.18218703472148,1.23786759376526,-3.94868897556864,-5.13214901567923,-2.30665893519606,-3.27127178462734,0,0
2021-04-29,-0.074861506346,0.121184551729092,-3.65816666654033,-2.1823024631959,1.15347266197205,-3.80768076327888,-4.94993956681268,-2.2226049024063,-3.15362949246041,0,0
2021-04-30,-1.5133353311,0.121762473003528,-3.65934513716035,-2.18322338965791,1.07296192646027,-3.66872903816515,-4.76983627173535,-2.13970492493232,-3.03739351333902,0,0
2021-05-03,0.82154267457,0.121774241119065,-3.65809665326852,-2.18213828658274,1.17261254787445,-3.83947751461407,-4.99170545219738,-2.24120299494028,-3.180506404373,0,0
2021-05-04,-3.5385543986,0.120828520370021,-3.65694304096025,-2.1813033704225,1.13528275489807,-3.77563142763982,-4.90964420208678,-2.20334254877475,-3.12749047960747,0,1
2021-05-05,0.19554165046,0.119734240543544,-3.65577187018178,-2.1834584017122,1.47533762454987,-4.32069338425282,-5.6136319297317,-2.53237025307587,-3.5938501451635,0,0
2021-05-06,1.2802498048,0.118734880090986,-3.65405583613493,-2.18227358423841,1.36248767375946,-4.14648544733947,-5.38978723850162,-2.42853808696734,-3.44873306854009,0,0
2021-05-07,0.5327362569,0.119846077147402,-3.65447970630738,-2.18327505790337,1.35062110424042,-4.12725229493152,-5.36566962267612,-2.41747378488879,-3.43303804669014,0,0
2021-05-10,-2.5804469702,0.119357461073391,-3.65427392908988,-2.18283063179551,1.26400470733643,-3.98906831381399,-5.18690501450177,-2.33475457428678,-3.31729008319814,0,1
2021-05-11,-0.74103271581,0.117924769528092,-3.6530101021874,-2.18319701740777,1.44015407562256,-4.26592186340969,-5.54449045424543,-2.50205180487884,-3.5507376328477,0,0
2021-05-12,-2.4938448098,0.117772575807879,-3.65227797347995,-2.18252414859726,1.3783802986145,-4.17016399688304,-5.4215890108992,-2.44460772095643,-3.47102722205554,0,1
2021-05-13,1.791968722,0.116569262521878,-3.65072389127624,-2.18691438746999,1.64822459220886,-4.57034687517986,-5.93930828506209,-2.69106139913904,-3.80718309930434,0,0
2021-05-14,1.9844762743,0.116379924095324,-3.65243668031112,-2.18686547493072,1.74242866039276,-4.70487614536964,-6.11036415505478,-2.77030624378508,-3.91829689340884,0,0
2021-05-17,-0.92585327575,0.116455390184791,-3.65198227237531,-2.18689837632276,1.8475695848465,-4.84751363397881,-6.29537087727482,-2.85609348585318,-4.03809516573414,0,0
2021-05-18,-1.1245743249,0.115812672875219,-3.6520115600243,-2.18639314217569,1.67768263816834,-4.61446950460911,-5.99351190730042,-2.71612154842249,-3.8425670767249,0,0
2021-05-19,-0.1281537845,0.114734753864485,-3.65091265098434,-2.18547861080732,1.63704085350037,-4.55649470710298,-5.91887829405007,-2.68151732035727,-3.79414401995199,0,0
2021-05-20,2.1012110034,0.114399466796527,-3.65030185191952,-2.18517861920663,1.44470834732056,-4.2731181150626,-5.55328039957941,-2.51209828604825,-3.55724105130004,0,0
2021-05-21,-1.4767103919,0.11588800628208,-3.65185557690696,-2.18644347407143,1.61805105209351,-4.52936853833947,-5.8839152714508,-2.66532572013199,-3.77152630829416,0,0
2021-05-24,1.3314199154,0.1153205773382,-3.6519806035233,-2.18600299549518,1.62593376636505,-4.54139687067857,-5.89857501246617,-2.67209792119336,-3.78109634301505,0,0
2021-05-25,-0.15735641227,0.115370760057127,-3.65242712535634,-2.18602884935389,1.59849750995636,-4.50245499413318,-5.84771394905386,-2.6484627056043,-3.74820562767406,0,0
2021-05-26,-0.039401103277,0.115335438059146,-3.65238971022381,-2.18599684708592,1.38979601860046,-4.19045255320826,-5.44482772562368,-2.46172772329616,-3.48716811429593,0,0
2021-05-27,-1.237682302,0.114513044292569,-3.6526872554063,-2.18455287517348,1.22988843917847,-3.9363293730582,-5.11539249848527,-2.30816342126045,-3.27387605912763,0,0
2021-05-28,-0.53480204351,0.113031570376346,-3.65169529183246,-2.18286387484964,1.2036646604538,-3.89330366362253,-5.05943102580833,-2.28182444961895,-3.23768813181321,0,0
2021-06-01,-0.26482625781,0.112486474977262,-3.65140417395071,-2.18219791331458,1.14318919181824,-3.7915958100626,-4.92787860252365,-2.22072009705899,-3.15250791724612,0,0
2021-06-02,0.62761506288,0.111303395949978,-3.65033829990087,-2.18101252430725,1.04686272144318,-3.62358804118545,-4.71095471496917,-2.12022813128997,-3.01203547272628,0,0
2021-06-03,-1.2154166,0.111515992326984,-3.65057367385997,-2.18119922223973,0.983347058296204,-3.508533674106,-4.56236002608521,-2.05144529056197,-2.91578727905034,0,0
2021-06-04,1.9022179051,0.110399275086427,-3.65010603976797,-2.1797565311329,0.987456142902374,-3.51674131429638,-4.57233264569781,-2.05564283517155,-2.92236529434185,0,0
2021-06-07,0.007943442688,0.110633363851802,-3.6511669728395,-2.17948031820578,1.06048953533173,-3.64934103563474,-4.74254572411682,-2.13379705020441,-3.03270463880606,0,0
2021-06-08,0.66719618735,0.110139345688319,-3.65003947127382,-2.17939516233896,0.962299287319183,-3.47043456557414,-4.5123585360806,-2.02777875684638,-2.88407526276401,0,0
2021-06-09,0.30771658512,0.11149097239867,-3.65162704993748,-2.17950442080271,0.905426025390625,-3.3631737287929,-4.3735382137478,-1.96239197717138,-2.79194939828187,0,0
2021-06-10,-0.80232832543,0.11169430167867,-3.6518243396349,-2.17974095459841,0.863450646400452,-3.28165555786273,-4.26830972538172,-1.91376557103324,-2.72381667416399,0,0
2021-06-11,0.98326857515,0.111508533093956,-3.65152537156429,-2.17944018525909,0.844753503799439,-3.24462570582023,-4.22064030634968,-1.89162524885208,-2.69295448584041,0,0
2021-06-14,2.4577934824,0.111257343640143,-3.65077247021249,-2.17878489374504,0.854687690734863,-3.2638570072412,-4.2459985132526,-1.90301449125577,-2.70932725829947,0,0
2021-06-15,-0.64377682411,0.113046628923799,-3.65153839156013,-2.18017387444875,0.975954353809357,-3.49432282927358,-4.54450720081335,-2.04075590713171,-2.90237273854214,0,0
2021-06-16,0.39339709965,0.112407053220224,-3.65058878361702,-2.17919535909492,0.967073678970337,-3.47757846519709,-4.52328270966685,-2.03061157875005,-2.88897062996018,0,0
2021-06-17,1.2600845179,0.114128327647524,-3.65351481963552,-2.18013132259874,0.902262806892395,-3.35625462180624,-4.36521757465719,-1.95672424666105,-2.77834116340988,0,0
2021-06-18,-1.0091812732,0.115037853155772,-3.65573293970036,-2.18190981603615,0.946218073368073,-3.4410303468185,-4.47121380016866,-2.00738745525689,-2.84778201322074,0,0
2021-06-21,1.4103939906,0.116835104320381,-3.58074134150644,-2.17646757266624,0.954048216342926,-3.38066803036732,-4.48489819773853,-2.00903812469756,-2.84589488989648,0,0
2021-06-22,1.2698412698,0.115027818604723,-3.57964370144059,-2.17218041079774,0.999890565872192,-3.46442000988376,-4.59369035915071,-2.05703373360678,-2.91567129338573,0,0
2021-06-23,-0.20898641587,0.116653777354078,-3.58071496891726,-2.17251259772155,1.02406024932861,-3.50688160250745,-4.64968582394606,-2.08183907375921,-2.95142274069943,0,0
2021-06-24,-0.21690351541,0.115458728748238,-3.57994267437095,-2.17109207432817,0.968494296073914,-3.40763831496827,-4.5188431381252,-2.02115874377762,-2.86732748026949,0,0
2021-06-25,-0.22487069928,0.115015916459626,-3.57965597525279,-2.17106042353027,0.900614678859711,-3.28210340248835,-4.35360672603219,-1.94533607221359,-2.76102959019038,0,0
2021-06-28,1.2546014575,0.114237936781426,-3.57916648274317,-2.17023026692951,0.860878109931946,-3.20663861916302,-4.25397922912708,-1.89937804034506,-2.69692560850444,0,0
2021-06-29,1.1500222587,0.115052624612213,-3.57968313484236,-2.17087205712945,0.891412377357483,-3.26469223066863,-4.3306712258742,-1.93456835863699,-2.74624389446841,0,0
2021-06-30,0.46211398785,0.115520960082293,-3.57998443889654,-2.17118828468818,0.924189209938049,-3.32608849184886,-4.41156845191604,-1.97174568871024,-2.79826585074706,0,0
2021-07-01,0.22634345805,0.117233864198456,-3.58102721479276,-2.17489331747059,0.897524178028107,-3.27535084146858,-4.34607825670513,-1.94321118766502,-2.75630420987145,0,0
2021-07-02,1.9596415823,0.118429858719743,-3.58178767091649,-2.17578877558712,0.854673743247986,-3.19288149512818,-4.23805224224917,-1.8930556725633,-2.68668958504898,0,0
2021-07-06,1.4718490998,0.119174202039856,-3.58226385163955,-2.17617321182777,0.943351626396179,-3.36014578517414,-4.45836876501314,-1.99446210872118,-2.82850212013664,0,0
2021-07-07,1.7955217574,0.117825362091309,-3.58139815089044,-2.17563982500752,1.00551450252533,-3.47343402710775,-4.60698549361198,-2.06380500121556,-2.92429559974525,0,0
2021-07-08,-0.91996956508,0.118271263462996,-3.58169392309963,-2.17524789547093,1.1115505695343,-3.65791217198186,-4.84969651120193,-2.1750947379945,-3.08047760973708,0,0
2021-07-09,1.3055012569,0.118163907811902,-3.58162644249018,-2.17512193124005,1.10864984989166,-3.65301806343711,-4.84320322633191,-2.17207510624275,-3.07629290502399,0,0
2021-07-12,-0.42037075327,0.117626039528448,-3.58126158153618,-2.17606727668943,1.15075635910034,-3.72411189099292,-4.93684963462908,-2.21671341205614,-3.13675175482949,0,0
2021-07-13,0.78892733545,0.116784128586369,-3.58072221203497,-2.17565950905824,1.07087385654449,-3.58865589699252,-4.75834723138849,-2.13465436608371,-3.02186263258371,0,0
2021-07-14,2.4100521836,0.117100431546722,-3.58092191309789,-2.17598417928926,1.04607915878296,-3.54539528603594,-4.70157864763146,-2.10845291241883,-2.98531715898819,0,0
2021-07-15,-0.44921220242,0.118606954158748,-3.58188335708635,-2.17693442229399,1.22840714454651,-3.85132082281151,-5.10465098548686,-2.29416631904398,-3.24481328458925,0,0
2021-07-16,-1.407596983,0.11882416029313,-3.58200794752779,-2.17788372396773,1.17787897586823,-3.76873382752706,-4.99628424579078,-2.24483594087939,-3.17512976296879,0,0
2021-07-19,-2.6914406721,0.118995378925979,-3.58213106667433,-2.17718984572669,1.21074748039246,-3.82256568502669,-5.06696754343032,-2.27665306749353,-3.22054426829423,0,1
2021-07-20,2.5974025973,0.117295367755963,-3.58106018314853,-2.17910350085221,1.46046268939972,-4.21040169844001,-5.57636456161014,-2.51614259342458,-3.5529152802996,0,0
2021-07-21,-0.51317139933,0.117898279809918,-3.58141805267508,-2.18108428619316,1.76334881782532,-4.63790775793452,-6.13952658193122,-2.7783885162426,-3.91619818973173,0,0
2021-07-22,0.96286107309,0.117669115616878,-3.58126513468245,-2.18093464544503,1.58369100093842,-4.38916630730413,-5.81227054048871,-2.62692340839876,-3.70526755701199,0,0
2021-07-23,1.1989100816,0.118757333526237,-3.58196070949264,-2.1820273706399,1.48293721675873,-4.24320790324961,-5.62063154159181,-2.53842634556912,-3.58174150817541,0,0
2021-07-26,0.28944534188,0.118978164811874,-3.58210311208946,-2.18223304363959,1.44164085388184,-4.18199391734737,-5.54014900364935,-2.50119303176335,-3.52984252144245,0,0
2021-07-27,-1.490032888,0.118597887129864,-3.58185601524341,-2.18190256131105,1.31585419178009,-3.9901737874356,-5.28767904153273,-2.38427755019211,-3.36709123411458,0,0
2021-07-28,-1.2195952852,0.117505547224094,-3.58115445810799,-2.18084632748501,1.33922624588013,-4.02678341225556,-5.33549464681061,-2.4062776246676,-3.39794560056221,0,0
2021-07-29,0.45523520494,0.116633979721793,-3.58060119238967,-2.17992262044361,1.36214196681976,-4.06231567145386,-5.38186112546674,-2.4275719747573,-3.42780355655101,0,0
2021-07-30,0.15105740185,0.11604336827976,-3.58020151532612,-2.17959547591548,1.31503093242645,-3.98954549177237,-5.2862278050343,-2.38340334359716,-3.36632448685587,0,0
2021-08-02,-0.23310023316,0.114982848176672,-3.5795186401703,-2.17858186671321,1.16578805446625,-3.74988304347351,-4.97054320731812,-2.23726827697095,-3.16288591298759,0,0
2021-08-03,1.2644310062,0.114710352261551,-3.57934514365304,-2.17829794386148,1.06311976909637,-3.57587008161827,-4.74145976633437,-2.13128254535857,-3.01523526211661,0,0
2021-08-04,-0.27823018463,0.115348478596362,-3.57974656298812,-2.1790207712972,1.08179175853729,-3.60791795486426,-4.78395602443741,-2.15103400207068,-3.04264897665058,0,0
2021-08-05,0.074855392995,0.11624669219986,-3.58032214052145,-2.17991393520563,1.04171895980835,-3.53799601137037,-4.69226576138742,-2.10867449630975,-2.98350460526824,0,0
2021-08-06,-0.47670934364,0.116027831673474,-3.58018316265048,-2.17968111207896,0.949156403541565,-3.37195337931541,-4.47368187431273,-2.00751904274128,-2.84260242780738,0,0
2021-08-09,-0.034213767412,0.115948245749523,-3.58013068333282,-2.17961979956116,0.900766015052795,-3.28190702057031,-4.35518371645673,-1.95270043486775,-2.76623056259993,0,0
2021-08-10,-0.33540967897,0.116325808483574,-3.58036886410242,-2.18004068572905,0.842718482017517,-3.17044204817148,-4.20868809969608,-1.88494498902985,-2.67178978044256,0,0
2021-08-11,0.17857142848,0.116417871790552,-3.58042298794355,-2.18019134796857,0.805115163326263,-3.09623157842914,-4.11112570838499,-1.83982879487715,-2.60891740678795,0,0
2021-08-12,2.0773344302,0.117144545243247,-3.58086866861442,-2.18116074554588,0.777840733528137,-3.04101258743649,-4.0389535940835,-1.80653627177264,-2.56244447689896,0,0
2021-08-13,0.14104372367,0.118938600082432,-3.58199691005669,-2.18322760691701,0.863354921340942,-3.2093416763134,-4.26138580566723,-1.90964868389425,-2.70586278541636,0,0
2021-08-16,1.3547954393,0.119706696573421,-3.58248246816949,-2.18408540697455,0.834294736385346,-3.15252333039347,-4.18696858193432,-1.87523114713195,-2.65785751742901,0,0
2021-08-17,-0.61540497627,0.120479655980423,-3.58298107181628,-2.18481941221827,0.854662001132965,-3.19191222566015,-4.23904427900634,-1.89934069440004,-2.6913668301077,0,0
2021-08-18,-2.5501032025,0.119608377071032,-3.58242176399613,-2.18395667588856,0.878443479537964,-3.23802772947114,-4.2994374887605,-1.92731191126138,-2.73038506013028,0,1
2021-08-19,0.23230390816,0.118673166078707,-3.58183018650857,-2.18695392355942,1.05219030380249,-3.55543670955943,-4.71673441549232,-2.12462386078218,-3.0053891247453,0,0
2021-08-20,1.015678255,0.119576431908272,-3.58244734661573,-2.18606372236231,0.995621502399445,-3.45501944231025,-4.5843653650516,-2.06169620287786,-2.91956556891318,0,0
2021-08-23,1.0257102369,0.117911807899151,-3.58132023782274,-2.18639340221475,1.00271797180176,-3.46827209105243,-4.60204492960604,-2.07145085589975,-2.93147870761416,0,0
2021-08-24,-0.06011622454,0.117134209546125,-3.58081977265924,-2.18550952964918,1.00576448440552,-3.47399152218951,-4.60931547278117,-2.07466543611102,-2.93622574266611,0,0
2021-08-25,-0.8421334046,0.116918401596553,-3.58067883046673,-2.18520764701803,0.936954498291016,-3.34905015881955,-4.44482939241605,-1.99828415108761,-2.82999533215873,0,0
2021-08-26,-0.55270962539,0.115952445619111,-3.5800415506977,-2.18368763599306,0.924228370189667,-3.32578482587666,-4.4140849420215,-1.98337490007527,-2.81031226897692,0,0
2021-08-27,0.71844923423,0.114388608498332,-3.57904809644524,-2.18228200605578,0.916854977607727,-3.3126410123255,-4.39609705612539,-1.97520194022103,-2.79872091395345,0,0
2021-08-30,3.0417227457,0.114870752385213,-3.57935616008308,-2.18276422236658,0.907632172107697,-3.29517224718446,-4.373294910564,-1.96464285936432,-2.78397252669887,0,0
2021-08-31,-0.84247648911,0.115882050086827,-3.58002361837226,-2.18435673136433,1.13492143154144,-3.69801345970606,-4.90360737410897,-2.21117196340711,-3.12646861000784,0,0
2021-09-01,0.44786932758,0.11779952325127,-3.58120856087865,-2.18453174693029,1.13725292682648,-3.70127511055094,-4.90924715611409,-2.21183016449586,-3.12001783614001,0,0
2021-09-02,0.74749196774,0.118315356215729,-3.58153475663146,-2.18489956172698,1.07178997993469,-3.5895505219886,-4.76244231477535,-2.14365195185826,-3.02548498588123,0,0
2021-09-03,0.42303937535,0.118866094340342,-3.58189779818829,-2.18550416359163,1.05066537857056,-3.55264970027745,-4.71393440051648,-2.12131872050507,-2.99414173000617,0,0
2021-09-07,1.5489306545,0.117711740213122,-3.58118339798877,-2.18367012740296,0.998452484607697,-3.46069961670084,-4.59212210612264,-2.06426810143391,-2.91554211960095,0,0
2021-09-08,-1.0083604569,0.119132438719135,-3.58209895073013,-2.18429933626302,1.05373203754425,-3.55794410750145,-4.72056721243694,-2.12308252233347,-2.99817994629242,0,0
2021-09-09,-0.67049190893,0.118438400429301,-3.58164629826102,-2.18423312306007,1.06977713108063,-3.5860594758513,-4.75742780017214,-2.14071459566817,-3.02200198138288,0,0
2021-09-10,-3.3101836829,0.117755809446197,-3.58121307741006,-2.18363376060705,1.04880237579346,-3.54980221004504,-4.70939348121487,-2.11852651646836,-2.99105605500885,0,1
2021-09-13,0.38934013573,0.116394053840762,-3.58035593264029,-2.18501546932136,1.34905004501343,-4.04213972524298,-5.35664141852963,-2.4214711215617,-3.41911520165734,0,0
2021-09-14,-0.95620193915,0.116568113819487,-3.58046198826896,-2.18504865935486,1.32639956474304,-4.00702924490853,-5.31058182835938,-2.39993978653783,-3.38940881288122,0,0
2021-09-15,0.6143667295,0.117006726891904,-3.58074149269216,-2.18546979827096,1.26749527454376,-3.91430278455562,-5.18873042880169,-2.34346276042846,-3.31070394564676,0,0
2021-09-16,-0.16104140104,0.117163057128139,-3.58083880937113,-2.18555541908556,1.20482230186462,-3.8133230972288,-5.05592838738528,-2.2817986866439,-3.22493044245482,0,0
2021-09-17,-1.8348007257,0.116523322165492,-3.58043279100971,-2.18498755642335,1.0938880443573,-3.62821921357169,-4.81201257437963,-2.16873556138069,-3.06733462679389,0,0
2021-09-20,-2.1361084487,0.116066223929007,-3.58014257792793,-2.18457759073455,1.19262254238129,-3.7937093546228,-5.02960836052446,-2.26965108419252,-3.20788686584524,0,0
2021-09-21,0.34280117525,0.115255616623647,-3.57964560118472,-2.18302732702802,1.3289692401886,-4.01139305795237,-5.31546168430075,-2.4013585483825,-3.39236543203585,0,0
2021-09-22,1.687234191,0.114737740739608,-3.57932986525637,-2.18182517633662,1.25986671447754,-3.9028375575136,-5.17217736619921,-2.33422540698333,-3.30047420190155,0,0
2021-09-23,0.67192320876,0.116506405593805,-3.58042926134367,-2.18134703532117,1.31277716159821,-3.98582369949805,-5.28254574755493,-2.38280441986087,-3.36922426186686,0,0
2021-09-24,0.061295375599,0.117804611638502,-3.58125867382437,-2.18246292111721,1.2392486333847,-3.86890786689457,-5.12919362574361,-2.3117468265608,-3.27022780568007,0,0
2021-09-27,-1.0549959161,0.11789220265081,-3.58131288579271,-2.18262583837122,1.10351777076721,-3.64422162016631,-4.8335389883952,-2.17492249922817,-3.07933384788636,0,0
2021-09-28,-2.3801334526,0.118028840003917,-3.58141515187171,-2.18183840762978,1.0901620388031,-3.62135626860124,-4.80328557064887,-2.16004664270289,-3.05968034811448,0,1
2021-09-29,0.64829821731,0.116050039209688,-3.58017372252404,-2.1799881605068,1.26807546615601,-3.91554266622691,-5.18933107277116,-2.33880970978629,-3.31133064377981,0,0
2021-09-30,-0.93117692377,0.116733032080031,-3.5805946369412,-2.18111533137642,1.25249409675598,-3.89048525546408,-5.15685455061113,-2.32425963236772,-3.2904778202329,0,0
2021-10-01,0.81272084808,0.117129179827501,-3.58083835003373,-2.18193492496063,1.20212638378143,-3.80895656774343,-5.04985533065082,-2.27517752983854,-3.2214212309932,0,0
2021-10-04,-2.4605678234,0.117721262763042,-3.58120868817682,-2.18297254791162,1.17159259319305,-3.75858370824188,-4.98391233165872,-2.24513108007124,-3.1788750564613,0,1
2021-10-05,1.4158401611,0.117366548704809,-3.58098878960505,-2.185709404239,1.37698543071747,-4.08474555243135,-5.41292624957422,-2.44745464363765,-3.45748368132094,0,0
2021-10-06,0.63071362765,0.117117708880919,-3.58083619115175,-2.18515383609518,1.43327212333679,-4.16983587475955,-5.52470812968624,-2.49893412046594,-3.52968230540594,0,0
2021-10-07,0.90845070426,0.118392607559954,-3.58164122040497,-2.18704081181061,1.31679654121399,-3.99160357196975,-5.29080476680174,-2.39127511957236,-3.37858552966962,0,0
2021-10-08,-0.27217530878,0.119135285609131,-3.58213183327593,-2.18721569658123,1.28528559207916,-3.94194321745783,-5.22548897282926,-2.36052070148878,-3.33624576384027,0,0
2021-10-11,-0.062981105657,0.11763243844332,-3.5811788372296,-2.18517438001415,1.17588567733765,-3.76573566956008,-4.99289371917037,-2.25193269177444,-3.18582400982044,0,0
2021-10-12,-0.91030039912,0.1179203185355,-3.58137135868508,-2.18514368646349,1.06395363807678,-3.57619720697845,-4.74345074278777,-2.13601449566781,-3.02451806368137,0,0
2021-10-13,-0.423998304,0.116579771335412,-3.58050084895653,-2.18418581292191,1.02590048313141,-3.50999301423603,-4.65600326558465,-2.09571095611471,-2.96812264972532,0,0
2021-10-14,2.0225675962,0.115803656172175,-3.58000449850197,-2.18330927551828,0.998971581459045,-3.46235949728819,-4.59302463476791,-2.06638265268211,-2.92744509349482,0,0
2021-10-15,0.75125208696,0.116435738380722,-3.5804042550838,-2.18420673619768,1.10246777534485,-3.64293378748798,-4.83096151973245,-2.17694781756818,-3.08123813459798,0,0
2021-10-18,1.1806130902,0.116396142245093,-3.58038596395603,-2.18387395227436,1.06905496120453,-3.58554800907328,-4.75532924845415,-2.14162282169526,-3.03230837232052,0,0
2021-10-19,1.5080177413,0.117084105433426,-3.58082724723122,-2.18459520014683,1.06034064292908,-3.57019551983402,-4.73536770068652,-2.13245568378342,-3.01937956247432,0,0
2021-10-20,0.33611185809,0.117884663103152,-3.58134624887758,-2.18520099030738,1.10757839679718,-3.65117966076735,-4.84214555912542,-2.18185474233281,-3.08833227250755,0,0
2021-10-21,0.14739380949,0.117857466267934,-3.58132934939215,-2.18514973574804,1.03895461559296,-3.53256013840302,-4.68602703273167,-2.10944649994523,-2.9874130789435,0,0
2021-10-22,-0.52849879585,0.117611179624988,-3.58117334139251,-2.18481105736156,0.950060963630676,-3.37299682222348,-4.47593289703245,-2.01194755220334,-2.85160799553744,0,0
2021-10-25,-0.033627009179,0.117580394313567,-3.58115152014812,-2.18486594210061,0.915434598922729,-3.30880616587116,-4.3914760090164,-1.97286321235885,-2.79703101241254,0,0
2021-10-26,0.45748116263,0.117878880107256,-3.58133398858182,-2.18555512483019,0.864539086818695,-3.21206673706252,-4.2643862012993,-1.91426325804981,-2.71449865637237,0,0
2021-10-27,-0.31476024642,0.118958178868285,-3.58201824077911,-2.18318603049025,0.837472677230835,-3.15907327579115,-4.19512306756888,-1.87895249557973,-2.66942597986164,0,0
2021-10-28,2.4991602282,0.118963837758709,-3.58202203964746,-2.18318150604735,0.816354215145111,-3.11747626163876,-4.1403788060194,-1.85359135375821,-2.63404079423546,0,0
2021-10-29,-1.8155600707,0.119750867890384,-3.58252233820827,-2.18414232774334,0.955525875091553,-3.38220068035161,-4.4891097579634,-2.01527018268233,-2.85942986916231,0,0
2021-11-01,-0.56074766371,0.118892159402099,-3.5819529559774,-2.18434168925789,1.06216394901276,-3.57271650089783,-4.73980712278493,-2.13231962261257,-3.0216487624775,0,0
2021-11-02,0.71160042971,0.117215149693338,-3.58088195882403,-2.1826401853774,1.05478143692017,-3.56044203783571,-4.72298425059528,-2.12441204099436,-3.01080188076773,0,0
2021-11-03,0.9798693507,0.11745186666063,-3.58103184602406,-2.18290503112973,1.01016294956207,-3.48173090222954,-4.61950305190539,-2.07651750082458,-2.94392962601276,0,0
2021-11-04,-0.34985807642,0.117633020963979,-3.58114819191119,-2.18306588437827,1.0000364780426,-3.46358048698972,-4.59567780140176,-2.06547268003635,-2.92852291020663,0,0
2021-11-05,0.35823271865,0.117007837060945,-3.58074315089251,-2.18277472172862,0.948598802089691,-3.37049408661455,-4.47299419969496,-2.00892823827062,-2.84929323256245,0,0
2021-11-08,-0.55526176629,0.116832226783318,-3.58063321725566,-2.18255749190633,0.918198823928833,-3.31422690089674,-4.39884179035372,-1.97455310925263,-2.8013643928577,0,0
2021-11-09,0.24594522729,0.116994299900634,-3.58073829600278,-2.18260149305494,0.891737043857575,-3.26436238562862,-4.33325785860977,-1.94407622251817,-2.75896454422585,0,0
2021-11-10,-1.9163185465,0.116844990133576,-3.58064262952706,-2.18251194627462,0.854213237762451,-3.19251587302297,-4.2386452642786,-1.90031236559138,-2.69783091474028,0,1
2021-11-11,-0.033802055077,0.116083610919126,-3.58015633485036,-2.18466773643888,0.948293805122375,-3.37028616679484,-4.47231180660046,-2.01135409243626,-2.84890013716201,0,0
2021-11-12,1.4336917562,0.115449198626924,-3.57974853951956,-2.1839605910383,0.911819577217102,-3.30282562869823,-4.38331158773702,-1.96999826501485,-2.79143084653563,0,0
2021-11-15,0.0066671111199,0.11581089338173,-3.57997781952238,-2.18427587050837,0.938971877098083,-3.35320770643778,-4.44978307251858,-2.00076468443607,-2.83438075552526,0,0
2021-11-16,0.66666666662,0.115365562365838,-3.57968795728969,-2.18368260998815,0.880789458751679,-3.244185333568,-4.30619059445246,-1.93402895367888,-2.74164896543692,0,0
2021-11-17,1.6490066226,0.11521273232077,-3.57959081433321,-2.18354251196304,0.870703876018524,-3.22495767363733,-4.28081930199059,-1.92228385790583,-2.72525907486598,0,0
2021-11-18,2.8536060983,0.115942201266218,-3.58006222238177,-2.1844220537243,0.950968444347382,-3.37524894817121,-4.47883647205988,-2.01425399837541,-2.8531466309669,0,0
2021-11-19,1.6975992905,0.116949286459757,-3.58072653676342,-2.18504288487507,1.20825088024139,-3.81900200189289,-5.0629584881643,-2.28486003059674,-3.23045626068466,0,0
2021-11-22,0.29274369354,0.117700144958449,-3.5812247510036,-2.185140877821,1.34948658943176,-4.04251570160954,-5.35712205928827,-2.42072129992485,-3.4204334009803,0,0
2021-11-23,0.24220593714,0.117929066434845,-3.58137140073518,-2.18538755880344,1.23025441169739,-3.85441471350017,-5.10966578921452,-2.30603362958104,-3.26051146603218,0,0
2021-11-24,0.32835635957,0.118178120312501,-3.58153274061295,-2.18557984301501,1.14325344562531,-3.71130522512946,-4.92139826177187,-2.21871008234211,-3.13882208222613,0,0
2021-11-26,-3.1678399407,0.117840567328711,-3.58131284589911,-2.18537054423445,1.1131284236908,-3.66062002253015,-4.85462709025324,-2.18783247240128,-3.09570230016899,0,1
2021-11-29,2.1873604999,0.116143141996347,-3.58022919071651,-2.18628120410246,1.47667324542999,-4.23449569491696,-5.60915928248881,-2.54059177867451,-3.59221150650484,0,0
2021-11-30,3.1577633548,0.117153753599018,-3.58084485510224,-2.1862222561785,1.643181681633,-4.47301124892687,-5.92396322934911,-2.68529128217375,-3.79642760285213,0,0
2021-12-01,-0.32062915916,0.119130926678962,-3.58214821145203,-2.18925875301461,2.04680752754211,-5.00572963584158,-6.62511136497513,-3.01296891458628,-4.25048191274185,0,0
2021-12-02,-0.61297566308,0.118318965397218,-3.58163445769079,-2.18855549150774,1.85175883769989,-4.75554577668721,-6.29545022969077,-2.85985303181773,-4.0367818232822,0,0
2021-12-03,-1.172447484,0.118732430246056,-3.58194254309471,-2.18874795681058,1.78280162811279,-4.6639343785419,-6.17424738105733,-2.80371874810152,-3.95792043717614,0,0
2021-12-06,2.1502718733,0.115739552020188,-3.58004174615946,-2.18619620413604,1.915163397789,-4.83865976796719,-6.40277657368868,-2.90972488530097,-4.10561886170401,0,0
2021-12-07,3.5446406968,0.116790704670963,-3.58070359012412,-2.18711139419015,2.26295351982117,-5.26970339674615,-6.97051028851068,-3.17330643055128,-4.47349616100659,0,0
2021-12-08,2.2783035402,0.117980631840992,-3.58149219366532,-2.18801174858462,3.15598392486572,-6.24457217899793,-8.25299708527461,-3.76904174551576,-5.30406552872124,0,0
2021-12-09,-0.29700708237,0.118383063967626,-3.58177661293021,-2.18817146198447,3.16420865058899,-6.25296092349905,-8.26352467802983,-3.77398505232745,-5.3106590225809,0,0
2021-12-10,2.8013290559,0.117954091171738,-3.58150005675885,-2.18783220590498,2.73671770095825,-5.80693142341285,-7.67663797698141,-3.50138281785484,-4.93048530347209,0,0
2021-12-13,-2.0674282531,0.119110208473555,-3.58223377312574,-2.18885682670529,3.14195680618286,-6.23060181381819,-8.2345717080231,-3.76076234810683,-5.29213022176967,0,0
2021-12-14,-0.80232161135,0.118370548723712,-3.58174111129881,-2.18833892216815,3.06543898582459,-6.15268329948674,-8.1322612156981,-3.71305969500905,-5.22593985039123,0,0
2021-12-15,2.8509149315,0.117642439293748,-3.58128216422447,-2.18770763093013,2.69910669326782,-5.76603107805478,-7.62313113397836,-3.47653329485767,-4.89597347976654,0,0
2021-12-16,-3.9263803682,0.118416312180314,-3.58176402404796,-2.18839958834001,3.13638806343079,-6.22483424332471,-8.22736044735457,-3.75720665214785,-5.28761977691314,0,1
2021-12-17,-0.65017996058,0.116409103993752,-3.58043564929047,-2.18687189017802,4.20058107376099,-7.22180803158874,-9.5394942577464,-4.36565463062697,-6.13755795831854,0,0
2021-12-20,-0.81220053753,0.115471024548078,-3.57982706715487,-2.18611225197417,3.5101158618927,-6.59144352797036,-8.70986258339514,-3.980276563577,-5.6000941578153,0,0
2021-12-21,1.9086892489,0.113747237489188,-3.57872705102969,-2.18465516286484,3.29403519630432,-6.38145523467389,-8.43278142980011,-3.85128765126567,-5.42024274755337,0,0
2021-12-22,1.5318804553,0.11449703441809,-3.57920017321199,-2.18530605769987,3.31803035736084,-6.40518124229363,-8.46445942601196,-3.86613879002829,-5.4409893940361,0,0
2021-12-23,0.36438168991,0.11436442605905,-3.57911672398019,-2.18519016753889,3.05965232849121,-6.14617712115743,-8.12356244310721,-3.70794003827613,-5.22019383561581,0,0
2021-12-27,2.2974812797,0.113960664631653,-3.57887320846919,-2.18480407186698,2.6171760559082,-5.67582893441873,-7.50419003888278,-3.42054730880645,-4.81891073238594,0,0
2021-12-28,-0.57672045696,0.115821720455301,-3.58007188654925,-2.18633914953838,2.73476886749268,-5.80459206018869,-7.67417477945347,-3.49975719535383,-4.92920553521932,0,0
2021-12-29,0.050198003191,0.115220844124773,-3.57968221653587,-2.18585251437689,2.33684873580933,-5.35695160130399,-7.08504871685472,-3.22623830654801,-4.54764350995948,0,0
2021-12-30,-0.65782138472,0.115248333549025,-3.5797013380778,-2.18587056709889,1.93122518062592,-4.85940992686613,-6.43036747541341,-2.92242382003233,-4.12366427419823,0,0
2021-12-31,-0.35353535341,0.113959765380211,-3.57888227443122,-2.18477284751548,1.69390106201172,-4.54395388141862,-6.0147196543997,-2.72952109854825,-3.85438270190017,0,0
2022-01-03,2.5004223686,0.113958967701789,-3.5788844464559,-2.18476370165941,1.46567833423615,-4.21882474735188,-5.58688736239489,-2.53102963961812,-3.57734089045128,0,0
2022-01-04,-1.2691610352,0.114704509203069,-3.57935461393241,-2.18541057190503,1.62210607528687,-4.44403054394244,-5.88359101419659,-2.66867653409424,-3.7695406169704,0,0
2022-01-05,-2.6599888703,0.113721883462592,-3.57871049187703,-2.18463492691647,1.60961246490479,-4.42660613507809,-5.86054428418124,-2.65793544715286,-3.75468659221439,0,1
2022-01-06,-1.6693345529,0.112389660842847,-3.57787479321819,-2.18439133428248,1.83526730537415,-4.73463023516734,-6.26505882096046,-2.84684979549822,-4.01716484365783,0,0
2022-01-07,0.098837209225,0.110975305404711,-3.57698494884683,-2.18337251939692,1.85995221138001,-4.76731909082648,-6.30728286174508,-2.86670955449188,-4.04428131268698,0,0
2022-01-10,0.011616425763,0.110485323464205,-3.57667039517533,-2.18280662450152,1.6346492767334,-4.4624095060588,-5.90595389169284,-2.68030723614549,-3.78444323525589,0,0
2022-01-11,1.6783785353,0.110338988309896,-3.57657694816336,-2.18265420680995,1.43246567249298,-4.17031066508475,-5.52159032998402,-2.50198506043154,-3.53560965604195,0,0
2022-01-12,0.25702535986,0.110963676160102,-3.57697592157708,-2.18330686937677,1.60843181610107,-4.4254990235198,-5.85757815260715,-2.65799266909697,-3.75314882317255,0,0
2022-01-13,-1.9028086366,0.111957139341684,-3.57760268655306,-2.18408239356131,1.50264453887939,-4.27355418371442,-5.65816857761844,-2.56534353002894,-3.62414154179164,0,0
2022-01-14,0.51106336014,0.111408760866986,-3.57725221011276,-2.18350343530385,1.59307324886322,-4.40369185951347,-5.82918285451287,-2.64454389113584,-3.73484731334292,0,0
2022-01-18,-1.8894089097,0.111582276228396,-3.57735965215693,-2.18357000132848,1.50547051429749,-4.27775275762652,-5.6636009163038,-2.56760607429904,-3.6276723515852,0,0
2022-01-19,-2.1024734982,0.109960519864635,-3.57631587995932,-2.18166781106142,1.68530070781708,-4.53278171926648,-5.99863335553311,-2.72226169935465,-3.84456051865475,0,0
2022-01-20,-1.0347109426,0.108875289763513,-3.57564267009671,-2.18114335914834,1.8647084236145,-4.77381949610843,-6.31502123423843,-2.86957034632259,-4.04913326993372,0,0
2022-01-21,-1.2765181449,0.107952153700599,-3.57505009068641,-2.18008372719105,1.79805171489716,-4.68588437590466,-6.19901161151319,-2.8153537424134,-3.97400028463282,0,0
2022-01-24,-0.48642324973,0.106259988724247,-3.57392459860085,-2.17856740040779,1.76964795589447,-4.64806456029247,-6.14925314693266,-2.79184717265828,-3.94201263295782,0,0
2022-01-25,-1.1384729613,0.104537854859304,-3.57283857888232,-2.17669712287167,1.86340045928955,-4.77261642911029,-6.31222398248608,-2.86679361263701,-4.04723424814389,0,0
2022-01-26,-0.056327450329,0.104353580585523,-3.57272450130091,-2.17650091097436,2.33393526077271,-5.35377711870506,-7.07670741683552,-3.22073527944202,-4.54181552621111,0,0
2022-01-27,-0.29432024548,0.104330160400921,-3.57271190229245,-2.17647946827924,2.28468418121338,-5.29588525411518,-7.00049274476309,-3.18545594478089,-4.4924818229922,0,0
2022-01-28,6.9777666124,0.103141122069048,-3.57194123270862,-2.17514979321835,2.44887161254883,-5.48654360847989,-7.25102760243837,-3.30072271378402,-4.65450306983252,0,0
2022-01-31,2.6125755885,0.105630730178318,-3.57353577045247,-2.1778987534869,5.22043800354004,-8.05928308605266,-10.6369446753241,-4.87049285300493,-6.84583105373456,0,0
2022-02-01,-0.097265133263,0.106915463985251,-3.57444048408179,-2.18051957423461,4.86536407470703,-7.77743176153781,-10.2646006690264,-4.70278091559559,-6.60431414821655,0,0
2022-02-02,0.7044270089,0.10708786761502,-3.57454578307467,-2.18045195807931,3.62904906272888,-6.70244442478093,-8.85067657598842,-4.04668688353324,-5.68947894747886,0,0
2022-02-03,-1.6719745224,0.10759366429506,-3.57487317149104,-2.18097948728667,3.21361637115479,-6.30092501019967,-8.32260495767296,-3.80215280851113,-5.34782569604059,0,0
2022-02-04,-0.16794069961,0.106178929306037,-3.5739563381851,-2.17946802672516,3.10642242431641,-6.19293551567438,-8.18023761910295,-3.73514346818276,-5.25554284349811,0,0
2022-02-07,-0.42345843722,0.105612518387631,-3.5735948509557,-2.17899729343243,2.80609321594238,-5.88065830301636,-7.76920616112094,-3.54451248503978,-4.98948766531692,0,0
2022-02-08,1.8466736574,0.105235416043466,-3.57335786623344,-2.17876604736693,2.55657029151917,-5.6083060188922,-7.41071293936943,-3.37845431072422,-4.75745274243833,0,0
2022-02-09,0.82937710922,0.106487679826194,-3.57414028426968,-2.17916687930284,2.6127233505249,-5.67072436210604,-7.49363926399197,-3.41590040099328,-4.81144092937186,0,0
2022-02-10,-2.3598820059,0.107504600342505,-3.57482112200842,-2.18110788512936,2.41505908966064,-5.44793200252636,-7.20039939642105,-3.28203746800185,-4.62156244192651,0,0
2022-02-11,-2.0218452243,0.105268010836452,-3.57336026795479,-2.17813591569158,2.53458309173584,-5.58365518922687,-7.37862240362868,-3.36240583520457,-4.73684769090365,0,0
2022-02-14,0.14231499063,0.103754751303845,-3.57242975953902,-2.17792939186031,2.65191435813904,-5.71383973874821,-7.54863504449801,-3.44293780324588,-4.84631767047287,0,0
2022-02-15,2.3152534344,0.104133448788046,-3.57267691969834,-2.17849187084261,2.39132237434387,-5.42061880841303,-7.16299604349684,-3.26466483643393,-4.59686573014119,0,0
2022-02-16,-0.138896927,0.104462099509677,-3.57288565749314,-2.17877708261532,2.68065500259399,-5.74531852826573,-7.59024945509356,-3.46278555180943,-4.8733089100439,0,0
2022-02-17,-2.1269197334,0.104243653892756,-3.57274568045981,-2.17854379513092,2.20854234695435,-5.20527276679548,-6.8798040173103,-3.1333262959357,-4.41369678400145,0,0
2022-02-18,-0.93557555656,0.103879440917655,-3.57251418508134,-2.17822172947181,2.29238200187683,-5.30512648075908,-7.01098926828584,-3.19408205707699,-4.49851005651591,0,0
2022-02-22,-1.781231321,0.103645729298526,-3.57237584635148,-2.17837367393329,2.14740586280823,-5.13132444385758,-6.78211121548331,-3.08854952100697,-4.35035192147596,0,0
2022-02-23,-2.5864167476,0.103147955691755,-3.57205992860502,-2.17794679674334,2.20108199119568,-5.19637584195171,-6.8674515717138,-3.12806347693674,-4.40505528996085,0,0
2022-02-24,1.668020241,0.103240785531343,-3.53693894874957,-2.17563612279764,2.50062084197998,-5.48984508115172,-7.32296246212481,-3.33716907898345,-4.69524712606127,0,0
2022-02-25,1.2965466389,0.10558751836282,-3.53935141724826,-2.17689881965101,2.42220401763916,-5.40285783474374,-7.20567638337534,-3.28241405979431,-4.60272985970741,0,0
2022-02-28,0.16378525943,0.104053786820367,-3.53784546840392,-2.17550237283701,2.65500569343567,-5.66057820432526,-7.54816836524948,-3.44075072408079,-4.82291092954313,0,0
2022-03-01,-1.1627906979,0.104209898919249,-3.53799380741849,-2.17567696442023,2.27273392677307,-5.22952425897685,-6.97598631442184,-3.17575133711896,-4.4545792775852,0,0
2022-03-02,2.0588235295,0.105127085396327,-3.53884751254496,-2.17682934280175,2.19957709312439,-5.14332749932592,-6.86187595901465,-3.12332226255805,-4.38168974780849,0,0
2022-03-03,-0.19812680121,0.106951278905286,-3.54063588163704,-2.17853162928322,2.30243444442749,-5.26552990499057,-7.02372570101546,-3.19870357466147,-4.48634830839908,0,0
2022-03-04,-1.8408229562,0.106961475307901,-3.54063921143606,-2.17858834572585,2.11656737327576,-5.04411174616453,-6.72991903259725,-3.06254194431014,-4.29715112283533,0,0
2022-03-07,-2.3717595145,0.107024723171823,-3.540801410862,-2.1779376064314,2.2019374370575,-5.14714451363694,-6.86551678263699,-3.12480091276943,-4.38360362690835,0,0
2022-03-08,-1.1676082862,0.102486428629572,-3.53634193531142,-2.17385580419683,2.46098637580872,-5.44516104316489,-7.26223048520882,-3.30775666347012,-4.63815613275655,0,0
2022-03-09,3.4997459348,0.102167397513357,-3.53604311098282,-2.17347778764073,2.40528392791748,-5.38187401774993,-7.1781422418348,-3.26867448095674,-4.58384104769616,0,0
2022-03-10,-2.7186253452,0.103891834101856,-3.53770970410752,-2.17520259569687,3.71613097190857,-6.7158463002184,-8.94871687861403,-4.08930470616902,-5.72435639445516,0,0
2022-03-11,-2.3908655059,0.104067622443462,-3.53782093925637,-2.17576617292323,3.77916073799133,-6.77347879335789,-9.02601161035584,-4.12563566133983,-5.77486479464682,0,0
2022-03-14,-2.6562399017,0.103230627352723,-3.5370361351353,-2.17476214843486,3.66286206245422,-6.66616316402866,-8.88335865409455,-4.05896077326837,-5.68231342563299,0,0
2022-03-15,2.9677333687,0.101891804026646,-3.53575769646069,-2.17332333715799,3.76083993911743,-6.75496248371684,-9.00129224393725,-4.11280918013916,-5.75738391826101,0,0
2022-03-16,2.9015410408,0.103375926387082,-3.53716806370155,-2.17496359313456,4.32030010223389,-7.24874519077617,-9.65684919767467,-4.41735802635931,-6.18046954076579,0,0
2022-03-17,0.64540384719,0.105696144664281,-3.53951684996817,-2.17659496435297,4.21405029296875,-7.16027788665835,-9.53732040729053,-4.36245110764743,-6.10359324657592,0,0
2022-03-18,2.0918939112,0.105654604069204,-3.53948511549838,-2.17649545468537,3.4846248626709,-6.50155532623758,-8.66298804659344,-3.95724209197747,-5.54048338010311,0,0
2022-03-21,0.85376265397,0.106590912519886,-3.54041713350911,-2.17725126740501,3.32060170173645,-6.34494065864111,-8.45462486243657,-3.86090917583589,-5.40646374662953,0,0
2022-03-22,2.0800580482,0.106864424259551,-3.54069525434956,-2.17743023695639,2.89173483848572,-5.91412386485363,-7.88271734330981,-3.59587783828621,-5.03815170551346,0,0
2022-03-23,0.82336216074,0.107608827667618,-3.54143976020365,-2.17800284195291,2.96032047271729,-5.98564434332038,-7.977197251131,-3.63977179201213,-5.09904629075818,0,0
2022-03-24,2.2677868516,0.108210592793365,-3.54203474041234,-2.17851400043888,2.64785075187683,-5.65546551559418,-7.5388723936743,-3.43671485721948,-4.81685949961123,0,0
2022-03-25,0.37341299467,0.10973032950987,-3.54353542152231,-2.17981865489445,2.71859693527222,-5.73291050730836,-7.64105742866675,-3.48439135263578,-4.88294518945651,0,0
2022-03-28,0.50366300384,0.110246097967998,-3.54404026627102,-2.18029575133171,2.3921971321106,-5.37122502146382,-7.16113606520164,-3.26195830571378,-4.57392490518188,0,0
2022-03-29,1.9134396354,0.110966949671202,-3.54473180235575,-2.18107456973602,2.13259315490723,-5.06554698102017,-6.75568066424619,-3.07414366620441,-4.3122592065393,0,0
2022-03-30,-0.6649530621,0.112918200464947,-3.54666026434573,-2.17653200176993,2.13904714584351,-5.07424327424685,-6.76663561537415,-3.070364692897,-4.31737907122474,0,0
2022-03-31,-1.7775777689,0.112630065452338,-3.5463710000722,-2.17627750084232,1.93009006977081,-4.81426094370746,-6.42196129588519,-2.91082181031545,-4.09543176700811,0,0
2022-04-01,-0.1718114655,0.109561627475018,-3.54336291771188,-2.17321747731071,1.93652522563934,-4.82134995488654,-6.43190191656391,-2.91466803195307,-4.1013235252355,0,0
2022-04-04,2.3693419769,0.109802174779247,-3.54361301230079,-2.17339180293561,1.70091116428375,-4.51174194743158,-6.02098054705289,-2.72471335421657,-3.83671605364838,0,0
2022-04-05,-1.8941941268,0.109773665572548,-3.54359349576267,-2.17332522487415,1.85341846942902,-4.71448559415942,-6.28984454618411,-2.84899808774664,-4.00971200122291,0,0
2022-04-06,-1.8450816863,0.109379881002294,-3.54317973944347,-2.17305929231639,1.89349019527435,-4.76618246383011,-6.35880322299873,-2.88083987577755,-4.05428378454896,0,0
2022-04-07,0.18041087114,0.108851591226644,-3.54268429307149,-2.17243492931698,1.91415929794312,-4.79256357741547,-6.39364790869156,-2.89678047603567,-4.0764362676486,0,0
2022-04-08,-1.190891135,0.108208139259509,-3.54203828220721,-2.17186386458308,1.76390051841736,-4.59604078913994,-6.13319563056365,-2.77628588468079,-3.90883823695484,0,0
2022-04-11,-2.5515903346,0.107240981993286,-3.54108520613218,-2.17092659758529,1.71601855754852,-4.53147056243612,-6.04772957151602,-2.73660537699541,-3.85374920972339,0,0
2022-04-12,1.1523378582,0.106311620140155,-3.54018273341491,-2.16997130980677,1.92470502853394,-4.80511624677761,-6.41090695504107,-2.90417070914811,-4.08725810167281,0,0
2022-04-13,1.6342598115,0.107945956361059,-3.54178625653532,-2.17158242953609,1.84814488887787,-4.7069882398075,-6.28038883308002,-2.84424419358902,-4.0034942492956,0,0
2022-04-14,-2.9988262911,0.108368076632225,-3.54221260317618,-2.17194603003066,1.93635964393616,-4.82073199475465,-6.43108375222576,-2.91396302852874,-4.10043706996578,0,1
2022-04-18,-0.13309940086,0.10726230823873,-3.54110217835145,-2.17096435259834,2.23684787750244,-5.1888438697559,-6.92001959672594,-3.13965267498123,-4.41514516422185,0,0
2022-04-19,1.4115223843,0.106589821526156,-3.54044208018065,-2.170301776336,1.94100904464722,-4.82595764820751,-6.43865058126593,-2.91707679777874,-4.10526264911713,0,0
2022-04-20,-0.10155316604,0.107141082578183,-3.54098560371824,-2.17083468384834,1.91531538963318,-4.79340311275743,-6.3953166018372,-2.89718384260519,-4.07743521328875,0,0
2022-04-21,-0.4843628536,0.106493065626028,-3.54035639326088,-2.17016806432759,1.72028434276581,-4.5370245902415,-6.05517515928048,-2.73989091483627,-3.85841368154747,0,0
2022-04-22,-2.7821175338,0.106933886223607,-3.54079817238441,-2.17056376696073,1.60402095317841,-4.37748518631622,-5.84331850016976,-2.64208401336704,-3.72206248392747,0,1
2022-04-25,0.67371283749,0.105458598548764,-3.53935748161074,-2.17587701336049,1.96622490882874,-4.85750427283284,-6.48047812798489,-2.9456027554138,-4.13329200557199,0,0
2022-04-26,-3.7328094302,0.106010642307562,-3.5398921844557,-2.17641924721193,1.97031402587891,-4.8628607850706,-6.48754319152751,-2.94898280041789,-4.13797636779664,0,1
2022-04-27,-0.14668367339,0.104548697041286,-3.5384427407666,-2.17865550140627,3.01671457290649,-6.04126346951942,-8.05193584206892,-3.67949091253742,-5.15212925468229,0,0
2022-04-28,4.515552149,0.104305919428235,-3.53820475190028,-2.17839495831633,2.57899951934814,-5.57779040896487,-7.43689940105157,-3.39403599755422,-4.75569789972981,0,0
2022-04-29,-3.6604742116,0.10530930723671,-3.53919205522327,-2.17950044685886,3.93989157676697,-6.91968967456727,-9.21737746928672,-4.2208160290327,-5.90346202597852,0,0
2022-05-02,0.19663812236,0.103719825527731,-3.53753495601494,-2.1770316044475,4.48350763320923,-7.38676100229325,-9.839467562061,-4.50599108826756,-6.30493263030062,0,0
2022-05-03,0.96226892892,0.103913839553054,-3.53772154825363,-2.17720969270252,3.88984179496765,-6.87342181871614,-9.15801448999067,-4.19012757021295,-5.86582949974578,0,0
2022-05-04,4.1008276899,0.104858222802658,-3.53866073285386,-2.17831568644351,3.89370226860046,-6.8777921482099,-9.16325593008871,-4.19349586774626,-5.86941420144067,0,0
2022-05-05,-5.5716178774,0.106203644057416,-3.54002144548101,-2.18007696069277,4.89294719696045,-7.72432635150813,-10.2855332999979,-4.71612816840609,-6.59292911387083,0,1
2022-05-06,0.47272262673,0.104741029870007,-3.53846245066342,-2.17932023773866,6.90957021713257,-9.19648307921966,-12.242550010137,-5.62383351890934,-7.86132881272624,0,0
2022-05-09,-3.3189216684,0.104842711174773,-3.53855157346725,-2.17903411819398,4.89814710617065,-7.72659398585576,-10.2914116153914,-4.71774285893881,-6.60269663618376,0,0
2022-05-10,1.6112061028,0.103328750292864,-3.53705059260445,-2.17756279651355,6.0059494972229,-8.564934853381,-11.4054133649058,-5.23323283952422,-7.32080612660892,0,0
2022-05-11,-5.184130477,0.104361783829434,-3.53806065632686,-2.17810519705507,5.04877471923828,-7.84547606297056,-10.4497667212644,-4.78972704387223,-6.70487093902474,0,1
2022-05-12,-2.6894197952,0.101209517430201,-3.53487771250514,-2.17755212074056,6.60374450683594,-8.98263151388507,-11.9628981979182,-5.49460988877845,-7.6832035397944,0,0
2022-05-13,3.1916386084,0.0995354561287883,-3.53329962632886,-2.17858637989307,6.30652666091919,-8.7735688232288,-11.6851065924188,-5.37150469748091,-7.50214723921051,0,0
2022-05-16,-1.0672286045,0.100354184402235,-3.53405192816893,-2.17758824729542,8.85568714141846,-10.4164565730483,-13.8674854903796,-6.37982323515257,-8.91128509639281,0,0
2022-05-17,2.5422564244,0.099214573404212,-3.53290691414167,-2.17646156627425,6.09191703796387,-8.62063885284533,-11.4834484468408,-5.27268633058203,-7.37287038758075,0,0
2022-05-18,-5.6419190566,0.100509123714014,-3.53418183285215,-2.17706727356657,5.71992826461792,-8.35197144802667,-11.1258289069307,-5.10624584914584,-7.14280880651321,0,1
2022-05-19,-2.4641386165,0.0976988077230538,-3.53132627974932,-2.19121040876797,7.0118522644043,-9.25321868414875,-12.3262370897658,-5.70460494914603,-7.91987912985025,0,0
2022-05-20,0.17473607568,0.0970777861644219,-3.53079969318418,-2.18978814473611,6.05958843231201,-8.59442040465581,-11.4499699055855,-5.29335535989983,-7.35310271904639,0,0
2022-05-23,4.0119194709,0.0973991065601483,-3.5311123673197,-2.19014482025596,4.72437286376953,-7.57769344298201,-10.0990931786097,-4.66301700138837,-6.48168022906937,0,0
2022-05-24,-1.9215987702,0.0993873353899909,-3.53309743125176,-2.19187769610099,5.62954425811768,-8.28347304565451,-11.0351687842879,-5.10120649375619,-7.08628983282928,0,0
2022-05-25,0.11399259037,0.0982028626032274,-3.53187410077204,-2.19123441855821,4.86884546279907,-7.69503997717286,-10.2550054123145,-4.73685678433232,-6.58292261785351,0,0
2022-05-26,2.319954455,0.098119454827618,-3.53179122311083,-2.19115722988942,4.05124235153198,-7.01056333242383,-9.34573378144511,-4.31217569012627,-5.99612978871093,0,0
2022-05-27,4.0756711642,0.0990536805672324,-3.53272053876897,-2.19201167403973,4.22334289550781,-7.16096026622728,-9.54499445230413,-4.40569985156761,-6.12496669330438,0,0
2022-05-31,-0.53461641264,0.100743635610812,-3.53445708245317,-2.19299827583142,4.73014736175537,-7.58631241884167,-10.1081332867075,-4.66878681287699,-6.48831289072329,0,0
2022-06-01,-0.087342112329,0.0999913841904971,-3.53370853743049,-2.1923228169659,3.5567352771759,-6.56433866094718,-8.75128341367387,-4.03457791120775,-5.61241698763385,0,0
2022-06-02,1.681124336,0.100614358218653,-3.53432396116646,-2.19292713010049,3.19280219078064,-6.21466201860992,-8.28661445512891,-3.81779862627172,-5.31267809239698,0,0
2022-06-03,-3.8555651082,0.101324164625069,-3.53502629770681,-2.19360488882122,3.24191522598267,-6.26360355290995,-8.35131837566481,-3.84833147647605,-5.35460118428394,0,1
2022-06-06,0.52276791848,0.0999627274225027,-3.53362981045221,-2.19279294052894,3.84452676773071,-6.82858949306295,-9.09983401296904,-4.19954831706418,-5.83921283556683,0,0
2022-06-07,1.7585876558,0.101916378110509,-3.51480218573318,-2.177861101826,3.20943427085876,-6.19481448126332,-8.22593555830542,-3.79969870081522,-5.29233875985976,0,0
2022-06-08,-0.50433730075,0.102632375142928,-3.51521093853337,-2.17840950615249,3.18007206916809,-6.16595772107846,-8.18811808813307,-3.78207226835123,-5.26792897911434,0,0
2022-06-09,-3.5955663694,0.101707219139235,-3.5152424849631,-2.17781777300109,2.86754941940308,-5.85094821078343,-7.76991999512214,-3.58617458340819,-4.99706736761983,0,1
2022-06-10,-3.8628715648,0.0995755466081618,-3.513539743556,-2.19285769565088,3.332111120224,-6.31406488541972,-8.38234441250994,-3.90328248404437,-5.39355828303415,0,0
2022-06-13,-3.8284839202,0.0969498663197437,-3.50724766650419,-2.19647283494194,3.81818532943726,-6.75627429368226,-8.97701344637109,-4.19499701926077,-5.77861545740226,0,0
2022-06-14,0.66727327867,0.095665867649445,-3.50233051356523,-2.1946922487779,4.2263970375061,-7.10449624119562,-9.44770264223333,-4.41622697313807,-6.08196425074272,0,0
2022-06-15,2.011147936,0.0958699729657081,-3.50303817759126,-2.19495775782314,3.7793345451355,-6.71421512854505,-8.92913525630989,-4.17123999478097,-5.746475434116,0,0
2022-06-16,-3.9651480468,0.096156377963529,-3.50329771292994,-2.19515808500339,3.6996488571167,-6.64225154914629,-8.83368690512542,-4.12611413780005,-5.68475422069378,0,0
2022-06-17,1.1533138551,0.0941072646211964,-3.50289430751977,-2.19406557144585,4.98108816146851,-7.72377539701432,-10.2638203548189,-4.80268541127403,-6.61035663518047,0,0
2022-06-21,3.2760717544,0.0946787351589164,-3.5043941225029,-2.19469584821616,4.10462331771851,-7.00517819432958,-9.30919327082779,-4.35174651878718,-5.99287707908011,0,0
2022-06-22,-0.38271877538,0.0960693007401795,-3.50472998874127,-2.19545219945497,4.55348539352417,-7.38263803992866,-9.81103040323471,-4.58878360744302,-6.31788099195538,0,0
2022-06-23,2.1573697821,0.0956847054623668,-3.50472999873923,-2.19526489284859,3.58259224891663,-6.53797603351939,-8.69141345106328,-4.05945493057047,-5.59303549491617,0,0
2022-06-24,2.4517248861,0.0964922527432182,-3.50564545871048,-2.19587327865522,3.6383101940155,-6.59030035237398,-8.76008662509081,-4.09199439669888,-5.63772929142207,0,0
2022-06-28,-2.9789637159,0.0969428886701351,-3.50495158127495,-2.19592951942921,3.733402967453,-6.67533011417302,-8.87512833389136,-4.14603561066971,-5.712023266509,0,0
2022-06-29,1.3023864958,0.0956324699114305,-3.50525041005923,-2.19536165060224,3.82350659370422,-6.75846017734016,-8.9821589115126,-4.19713135211653,-5.78140468083028,0,0
2022-06-30,-1.802772391,0.0962129901794289,-3.50655522775467,-2.19595103008698,3.41054677963257,-6.37957599507178,-8.47848710951868,-3.9591959707951,-5.45564735248161,0,0
2022-07-01,1.616442364,0.0951329963026169,-3.50635141748923,-2.19537661776878,3.43618369102478,-6.40457171181879,-8.51013884547828,-3.97442479743077,-5.47610979079714,0,0
2022-07-05,1.8930396604,0.0950388890526169,-3.50792810559073,-2.19570071829758,3.61955809593201,-6.57884212977087,-8.73710867538317,-4.08231164544347,-5.62347460079482,0,0
2022-07-06,0.96072336819,0.094741817358872,-3.50625281299145,-2.19516264505571,3.62053370475769,-6.5768508769691,-8.73774956153767,-4.08214782715037,-5.62344811166832,0,0
2022-07-07,2.3999440247,0.0956808939204499,-3.506166443108,-2.19560035980485,3.34208059310913,-6.314067587662,-8.39167197375637,-3.91817478029733,-5.39935109372993,0,0
2022-07-08,0.47147249752,0.0958615595831214,-3.50542505131222,-2.19551428632283,3.59368133544922,-6.54937534101368,-8.70525375273571,-4.06617652073426,-5.60217730040086,0,0
2022-07-11,-1.475788901,0.0964283026048688,-3.5057609947983,-2.19586928855137,3.11545372009277,-6.09146699861434,-8.09903597573805,-3.77942326653508,-5.20976063852167,0,0
2022-07-12,0.68337129851,0.0957966924916751,-3.50528096037708,-2.19544884018239,2.93835830688477,-5.91282982963592,-7.86238563266978,-3.66756272953738,-5.05645408971853,0,0
2022-07-13,-0.25366790078,0.0953144348549963,-3.50499887877622,-2.19514761420968,2.70195293426514,-5.66606891548039,-7.53534655518023,-3.51298541157801,-4.84468708993616,0,0
2022-07-14,2.0482507389,0.0952646250348107,-3.50501361654319,-2.19512679815845,2.54895114898682,-5.50064208361904,-7.3161413467088,-3.40935079733707,-4.70278275995471,0,0
2022-07-15,1.1450124604,0.0961709765048429,-3.50604131253223,-2.19580980851115,3.00694537162781,-5.98349610530168,-7.95502640579029,-3.71148313270223,-5.11659962824243,0,0
2022-07-18,-2.0643270959,0.0972081747313159,-3.50650466315305,-2.19642389598273,2.94337224960327,-5.91864206515462,-7.86990125522015,-3.67103356194371,-5.06154935286572,0,0
2022-07-19,2.672196913,0.0962917119845241,-3.50614813341931,-2.19589373140552,2.99816823005676,-5.97468070729333,-7.94333181694815,-3.70594646271205,-5.1090486692441,0,0
2022-07-20,1.3509933775,0.0967798342141044,-3.50753311341624,-2.19645710431726,3.20494651794434,-6.18253376663142,-8.21645552024513,-3.83539771702784,-5.2862163591348,0,0
2022-07-21,1.5094093047,0.0976084245332852,-3.50740310656528,-2.19683014244137,3.00049304962158,-5.97789115092633,-7.94717306115832,-3.70772566232327,-5.11178390526659,0,0
2022-07-22,-0.81107177348,0.0978538749484789,-3.5073031032097,-2.19692610267637,2.89114236831665,-5.86573970523792,-7.79927416361841,-3.63765857336967,-5.01597654046125,0,0
2022-07-25,-0.73982737367,0.0972777291063966,-3.506743544636,-2.19651395061607,2.74397611618042,-5.71162587523608,-7.59537731402523,-3.54123693337562,-4.88429126724723,0,0
2022-07-26,-0.88264138603,0.0980289117681924,-3.5076065826959,-2.19024868998141,2.58314538002014,-5.53945481139573,-7.36689128296738,-3.42217526402657,-4.72894696034334,0,0
2022-07-27,3.4234828498,0.0978036371086,-3.50708183439388,-2.18995625835232,2.4300696849823,-5.36927428188341,-7.14217859359207,-3.31604926651648,-4.58354396304528,0,0
2022-07-28,0.35716563561,0.0986231643241367,-3.50897593287235,-2.19101651616277,2.84203362464905,-5.81692500963057,-7.73251394672001,-3.59506525054101,-4.96566235128052,0,0
2022-07-29,3.2793136319,0.0979725959964975,-3.50870885545738,-2.19049239234428,2.5914421081543,-5.55033173662151,-7.37908610982713,-3.42827257849295,-4.73709246640876,0,0
2022-08-01,-0.61534674787,0.0988055464024701,-3.50944064403282,-2.19126366874902,2.98727059364319,-5.96681423421521,-7.9302840326332,-3.6885137451526,-5.09366333505841,0,0
2022-08-02,-0.92873506292,0.0980609562239914,-3.5093361719187,-2.19071541503489,2.72137975692749,-5.69115229894833,-7.56440554972834,-3.5158757251673,-4.85707308523609,0,0
2022-08-03,3.8247609524,0.0975633883857711,-3.50869980470425,-2.19020344129808,2.49070835113525,-5.43985898563169,-7.23223143195194,-3.35901090253346,-4.64215927454211,0,0
2022-08-04,-0.19262023716,0.0990959517251553,-3.51076852951157,-2.19180853290754,3.10629916191101,-6.08852692487716,-8.08909094230853,-3.76390000068463,-5.19668832690562,0,0
2022-08-05,-0.13890566488,0.0992136439220843,-3.51111063638696,-2.19197897156568,2.60869026184082,-5.57173576540747,-7.40473784165742,-3.44114812230659,-4.75414772506948,0,0
2022-08-08,-0.29029331727,0.0990770167349616,-3.51093740114126,-2.19183871343824,2.26694273948669,-5.1871201968045,-6.89591249776803,-3.20103642184097,-4.42502776737247,0,0
2022-08-09,0.030326924207,0.0994962306245621,-3.51216015299737,-2.19244699667963,2.00292634963989,-4.87108071681589,-6.47624037862842,-3.00335956906909,-4.15270504713388,0,0
2022-08-10,2.6194518554,0.100516193448939,-3.51396743057156,-2.17678094208893,1.77025771141052,-4.57485373678519,-6.08286190399377,-2.79571331420303,-3.89292709984212,0,0
2022-08-11,-0.4431576459,0.102074165624323,-3.51466089148496,-2.17793361597476,2.00235342979431,-4.87133049403793,-6.47599994606229,-2.97980073740436,-4.14680407589359,0,0
2022-08-12,2.1425603894,0.100916147649222,-3.51284167627479,-2.17725644705853,1.81471192836761,-4.6312765772944,-6.15983597935888,-2.83209309916461,-3.94238060406661,0,0
2022-08-15,0.63335270188,0.102622746322547,-3.51527950372273,-2.17841762206333,1.89496731758118,-4.73643410050739,-6.29732418073628,-2.89613928615224,-4.03145290986592,0,0
2022-08-16,-0.092384086838,0.103345039425889,-3.5156605123893,-2.17896418917648,1.69604682922363,-4.47518271007429,-5.95217066220719,-2.7343715063425,-3.8084789247132,0,0
2022-08-17,0.87846038259,0.103190252381103,-3.51560316352541,-2.17885215837205,1.45363986492157,-4.13546659976139,-5.50275401850714,-2.52378617280449,-3.51817092018054,0,0
2022-08-18,-0.22916069902,0.102925982871172,-3.51516056347961,-2.17858874122816,1.36263167858124,-4.00038476602186,-5.32439033162593,-2.44018021039182,-3.40291724915267,0,0
2022-08-19,-1.5101923628,0.103112976571967,-3.51579773152974,-2.17884294314142,1.2649405002594,-3.85108974334825,-5.1262915533421,-2.34742239262292,-3.27502421390296,0,0
2022-08-22,-2.3029384328,0.103363534046664,-3.51710623187312,-2.17927886498003,1.27596485614777,-3.8695109315674,-5.1491923652986,-2.35831967519792,-3.28998640284013,0,0
2022-08-23,-0.20290028051,0.103325890169667,-3.51643316114732,-2.19623077406135,1.41871154308319,-4.08508633070369,-5.43511326127003,-2.51259751641526,-3.47485825999636,0,0
2022-08-24,0.17939364952,0.103390716325962,-3.51625503938146,-2.1962300296484,1.26218056678772,-3.84700964416851,-5.12061400459415,-2.36400365742743,-3.27163240862998,0,0
2022-08-25,1.4922700411,0.103141970756991,-3.51571169549276,-2.19591545916257,1.13865303993225,-3.64839265029052,-4.85836865356498,-2.24006861744432,-3.1021646988387,0,0
2022-08-26,-3.7699229547,0.104550764385038,-3.51693793293654,-2.19721802138507,1.15536320209503,-3.67572924415684,-4.89457430971545,-2.25719104597286,-3.1255069568118,1,1
2022-08-29,-1.3690257915,0.102925708531067,-3.52175217816588,-2.20155868863866,1.56124269962311,-4.29749299759564,-5.70668709976974,-2.64791522121508,-3.66366015497505,0,0
2022-08-30,-1.5305490148,0.102049864324227,-3.52135106753694,-2.20071826340723,1.61988937854767,-4.37974530231871,-5.81452080013929,-2.69891155273218,-3.73337656910439,0,0
2022-08-31,-1.06349506,0.100476512054695,-3.52024594333034,-2.19938580314707,1.62624549865723,-4.38869357529303,-5.82574219132201,-2.70427551861857,-3.74042692190009,0,0
2022-09-01,0.47067803062,0.100368970979562,-3.52015695103918,-2.1993009066442,1.57563149929047,-4.31827850743625,-5.73277251986842,-2.66028503978897,-3.68016137396485,0,0
2022-09-02,-1.3611040768,0.10130850402501,-3.52018929448878,-2.20038214199191,1.4582827091217,-4.14965015106798,-5.51170480093379,-2.55585925841799,-3.53622366186694,0,0
2022-09-06,-0.82151338165,0.102213605435381,-3.52263501591823,-2.1944913633476,1.5068371295929,-4.22193692770925,-5.6039961489833,-2.59159683928004,-3.58866407157865,0,0
2022-09-07,0.92538665613,0.100281350562237,-3.52224389634513,-2.19190293611754,1.50595831871033,-4.22212807057094,-5.60166701459685,-2.58956699046689,-3.58662802786822,0,0
2022-09-08,-0.9617850731,0.101970700956317,-3.52397953067219,-2.1934708525667,1.51875436306,-4.24090246968127,-5.62599619813492,-2.60121347854158,-3.602389579572,0,0
2022-09-09,1.8839829083,0.101353963441596,-3.52332605554378,-2.19290832855011,1.50061810016632,-4.21471053199066,-5.59164639392197,-2.58495256322815,-3.58017159949096,0,0
2022-09-12,3.8507974836,0.102591314643654,-3.52422178073534,-2.1942442429755,1.67694675922394,-4.4611694276776,-5.91714034698756,-2.73888869376449,-3.79083002030653,0,0
2022-09-13,-5.8679556997,0.104511958088424,-3.52686763430767,-2.19569010922319,2.29211664199829,-5.23507320709941,-6.93558844405527,-3.21970532200218,-4.44947548616754,1,1
2022-09-14,0.95553822157,0.102723875115462,-3.53638719779097,-2.20088928002386,4.05466794967651,-7.01821826133851,-9.27931316352835,-4.32903213327118,-5.97875766861363,0,0
2022-09-15,-1.892988217,0.103026790054098,-3.53666181636857,-2.20135208057343,3.014967918396,-6.03791359283272,-7.98779876319675,-3.71932677114274,-5.14199655406394,0,0
2022-09-16,-1.0960162764,0.103598250082144,-3.53724037434654,-2.19616530939646,2.88523721694946,-5.9047533112109,-7.81203338780292,-3.62680507824905,-5.02777444856989,0,0
2022-09-19,2.5082946251,0.102608757395179,-3.53627455085964,-2.19507136076234,2.58855938911438,-5.58690356432471,-7.39354954397362,-3.42904167712096,-4.75617113387528,0,0
2022-09-20,1.5665458312,0.103743272530236,-3.53737762887886,-2.19637241042375,2.80911874771118,-5.8250522737288,-7.70702216646962,-3.57747042049968,-4.95956764742213,0,0
2022-09-21,-2.0267686424,0.105919383217161,-3.53947497510371,-2.17813965462136,2.70082569122314,-5.71092069808646,-7.5562753868101,-3.47367649888316,-4.85630174606645,0,0
2022-09-22,-0.63752276874,0.106566111126483,-3.54012970489974,-2.17887317349536,2.7319803237915,-5.74480923816734,-7.6005644128204,-3.49482870753861,-4.88496515055199,0,0
2022-09-23,-1.5123739689,0.10561017466896,-3.53919496039317,-2.17784549360733,2.78693819046021,-5.80276623317175,-7.67717581170754,-3.53011237759256,-4.93424647546192,0,0
2022-09-26,0.22601874643,0.105311889832253,-3.53890522024171,-2.17752804247189,2.74666571617126,-5.75973967541794,-7.62056960453361,-3.5035200678102,-4.89746759708928,0,0
2022-09-27,0.65662930283,0.105398044716934,-3.53898916582824,-2.17762018013603,2.34791111946106,-5.31735790353063,-7.03781289372064,-3.23134649773011,-4.52013997935651,0,0
2022-09-28,-1.2651555086,0.106110363046809,-3.53968270895271,-2.17838094900713,2.21806836128235,-5.16560311409277,-6.83777341201069,-3.13819178250417,-4.39082960018109,0,0
2022-09-29,-4.9119060333,0.106446177181958,-3.54001467929145,-2.1787481317481,2.35433197021484,-5.32529306570533,-7.0480114925974,-3.23658847089815,-4.52704496887485,0,1
2022-09-30,-3.0039303761,0.104305965863916,-3.53792316774879,-2.17984659586663,3.98103547096252,-6.95474667904535,-9.19512127663889,-4.24504000589728,-5.93504864331447,0,0
2022-10-03,3.0752532561,0.100183630792487,-3.53394628406623,-2.17913046331095,4.01973438262939,-6.98512254787772,-9.23645165002735,-4.26881501682143,-5.95935811265494,0,0
2022-10-04,2.5623025625,0.101768234827245,-3.53546643129274,-2.17884182286739,4.31485462188721,-7.24218329684047,-9.57470854129686,-4.42417170924339,-6.17999710826271,0,0
2022-10-05,0.2053388087,0.102745662999525,-3.53647805429073,-2.18064678571256,4.08132791519165,-7.04175222576924,-9.30970237403915,-4.30266167093582,-6.00770744019596,0,0
2022-10-06,-0.66256830596,0.102124450420913,-3.5358348723302,-2.17948803002865,3.17219257354736,-6.19542732549797,-8.19521287124938,-3.77968542184144,-5.28436620619305,0,0
2022-10-07,-3.6718696279,0.100583924210679,-3.53432034312355,-2.17880393484525,2.65383315086365,-5.65703235869489,-7.48636309804684,-3.44881618518547,-4.82382084506115,0,1
2022-10-10,0.2355628525,0.0994272886045088,-3.53319403090083,-2.19135865923992,3.30024981498718,-6.31918134204066,-8.35928707471073,-3.88152407721963,-5.39218882400201,0,0
2022-10-11,-1.0254949439,0.0996493269806952,-3.53341333872686,-2.19157222384218,2.63182616233826,-5.63257323389048,-7.45436476754282,-3.45571726644855,-4.80473068769806,0,0
2022-10-12,-0.46049791317,0.0987910505590649,-3.53256708491149,-2.19073287897372,2.43488168716431,-5.41346457943837,-7.16590176986862,-3.31965206904157,-4.61729537828114,0,0
2022-10-13,3.3612837935,0.0988845850442667,-3.53266365834311,-2.1907822960996,2.21188092231751,-5.15503186324287,-6.8252549521355,-3.15933308108149,-4.39613180246891,0,0
2022-10-14,-3.2240016785,0.100178290716648,-3.53393879309273,-2.19205151951638,2.72470641136169,-5.73318306441277,-7.5867302907486,-3.51817204613482,-4.89074119857401,0,0
2022-10-17,2.9122705593,0.0995893949320633,-3.53322220886484,-2.19280726978644,3.85523676872253,-6.83780650469791,-9.03693980545999,-4.20593436293615,-5.83673365878824,0,0
2022-10-18,0.94094515844,0.103361318851958,-3.52202027015507,-2.17929932524912,4.09261131286621,-7.02175734019908,-9.22521773901304,-4.30540555213092,-5.97960476916649,0,0
2022-10-19,0.076521739356,0.103107975227721,-3.52248242326731,-2.17879542148297,3.2821946144104,-6.27851288960525,-8.25041624598677,-3.84417824260989,-5.34348826990568,0,0
2022-10-20,-0.32670652054,0.10417084374663,-3.52327770716536,-2.17980265257316,3.02253580093384,-6.02120304282958,-7.91380769592917,-3.68551233076066,-5.12436740211631,0,0
2022-10-21,2.7059069671,0.104298507268478,-3.52358832743658,-2.17983633995362,2.90798950195313,-5.9044161382187,-7.76044631051191,-3.61293895735138,-5.02428306015415,0,0
2022-10-24,1.4802743261,0.104509442502094,-3.52382347495567,-2.18000486949184,3.3144588470459,-6.31084210789247,-8.2922557922624,-3.86433227694247,-5.37110619108568,0,0
2022-10-25,1.9337571095,0.105284810858708,-3.52492757223542,-2.18052663356688,3.07881641387939,-6.07974923324635,-7.98864863574492,-3.7207885442134,-5.17308706685492,0,0
2022-10-26,-1.9627149796,0.106762224029249,-3.52590069312419,-2.18210264057223,3.2189404964447,-6.21919936488196,-8.17175877111848,-3.80823671914587,-5.29309882787397,0,0
2022-10-27,-3.046534985,0.10748597071343,-3.52686816807124,-2.18293028699189,3.04311776161194,-6.04497129432427,-7.94285150256269,-3.70053425098339,-5.14379077633318,0,0
2022-10-28,7.5552486187,0.105541250925698,-3.52515639478826,-2.18075808525732,3.43326139450073,-6.42624289703492,-8.44203380784421,-3.93519893095106,-5.46883168934539,0,0
2022-10-31,-1.5410299215,0.107418021029814,-3.52519836957446,-2.18309320427282,6.0985746383667,-8.59816240884449,-11.2892562142779,-5.2837944678161,-7.32791702460546,0,0
2022-11-01,-1.7542715535,0.107369830801081,-3.52584591621421,-2.18370617337976,4.32447624206543,-7.22475899506009,-9.48976412406015,-4.4337290605085,-6.15496230623465,0,0
2022-11-02,-3.7305011615,0.107013051147429,-3.52491374490407,-2.18327895853504,3.62922620773315,-6.60813378252045,-8.68420355111266,-4.05224866316135,-5.62904305239267,0,0
2022-11-03,-4.2405019653,0.105693254959499,-3.52309577145342,-2.18178540671755,3.89834761619568,-6.85038934613783,-9.00314155400436,-4.20207482502517,-5.83620903132348,0,1
2022-11-04,-0.19473494413,0.10391687734866,-3.52336772375766,-2.19658578505122,5.70774698257446,-8.31372273468514,-10.9136857531878,-5.14392239608315,-7.08272804022955,0,0
2022-11-07,0.390229802,0.10439443082395,-3.52404038066826,-2.19693939484755,3.99991321563721,-6.94360987219814,-9.11958493919751,-4.28943669361625,-5.91245478531061,0,0
2022-11-08,0.41750647852,0.104389819238188,-3.52406589473286,-2.1969199169407,3.79438257217407,-6.76019979502924,-8.87946939073462,-4.17502892481784,-5.75580546786775,0,0
2022-11-09,-3.3189964155,0.104986943529116,-3.52526044670493,-2.19718398922825,3.24598741531372,-6.24634226499197,-8.20519286712205,-3.85359684290406,-5.31573554657392,0,0
2022-11-10,8.8974568102,0.101859121650907,-3.52035356176545,-2.19511687297425,3.9117443561554,-6.86074200033738,-9.0156412042151,-4.23967161794934,-5.84475412161226,0,0
2022-11-11,1.9268741062,0.104171413200625,-3.52298741842372,-2.19851998386074,6.50060367584229,-8.87813646195731,-11.6551829702627,-5.50123701416189,-7.56937653581425,0,0
2022-11-14,-0.94856379428,0.105458679942191,-3.52296085682324,-2.1990245330481,4.17822170257568,-7.09571952025579,-9.32423654986205,-4.38950114863959,-6.04770977848963,0,0
2022-11-15,1.1869436203,0.106199666578882,-3.52321153609019,-2.19997459924945,3.44979095458984,-6.43767705039678,-8.46349008369394,-3.97994798890433,-5.48651609183596,0,0
2022-11-16,-0.83311117032,0.106916042250504,-3.52399055228069,-2.20070336203121,2.977618932724,-5.97400401503198,-7.8558580259307,-3.69056894409366,-5.09015291019561,0,0
2022-11-17,1.2971301834,0.106471229296004,-3.52373650770181,-2.20032593808045,2.89563059806824,-5.88971350715783,-7.7452493332118,-3.6377249602614,-5.01793412043327,0,0
2022-11-18,0.37818471337,0.107625392677683,-3.52464111687526,-2.20136902883865,2.72553396224976,-5.71127204122665,-7.51167556338069,-3.52665684152094,-4.86562049548905,0,0
2022-11-21,-2.1680216801,0.107277765244782,-3.52432170577275,-2.20098163260581,2.50072312355042,-5.46596998798609,-7.19052046843956,-3.37328302429107,-4.65588870993483,0,0
2022-11-22,1.4661171541,0.106650302421025,-3.52417027451244,-2.20056405481511,2.65461397171021,-5.6352754393174,-7.41148698065531,-3.47872566084319,-4.79976895774626,0,0
2022-11-23,0.59262218674,0.108680717260008,-3.52957601518622,-2.18579199606518,2.5980179309845,-5.58041985936746,-7.33209356133866,-3.41445930060586,-4.74508351119,0,0
2022-11-25,-1.9593565896,0.110193057790694,-3.52802243633656,-2.18599129784164,2.31151962280273,-5.2537002480507,-6.91015177982311,-3.2133187113963,-4.46924198361518,0,0
2022-11-28,-2.6264263049,0.107727260524834,-3.52546319310229,-2.18385673817807,2.42359375953674,-5.38067706143445,-7.07734748445099,-3.29207812783017,-4.57792056200064,0,0
2022-11-29,-2.1148245735,0.10693927299207,-3.52412602808906,-2.18293038742807,2.60559034347534,-5.58164896591448,-7.34179246054813,-3.41671227332011,-4.74991442839558,0,0
2022-11-30,4.8593893889,0.106300983154911,-3.52426998732108,-2.18206933638107,2.67145299911499,-5.65397034067554,-7.43492853374162,-3.46019973052054,-4.81011369832157,0,0
2022-12-01,0.18915084765,0.107877007928442,-3.52515409862179,-2.1838884013763,3.70040917396545,-6.67326721242256,-8.7705629979519,-4.09314847821256,-5.68201493804266,0,0
2022-12-02,-0.33713168368,0.107215024360221,-3.52647571522844,-2.18261874908909,3.08748149871826,-6.08923682630871,-8.00633940192664,-3.72791474236262,-5.17973654533498,0,0
2022-12-05,-0.79832217043,0.112064825206598,-3.52406946955221,-2.18561158153617,2.65404653549194,-5.62908297809396,-7.11431038187425,-3.44856848200204,-4.72091401112937,0,0
2022-12-06,-2.5369978857,0.112693985221799,-3.52496886428579,-2.18547509453367,2.44667649269104,-5.40101144169163,-6.82626899507047,-3.30579461795512,-4.52809088423324,0,0
2022-12-07,-1.3784899588,0.110757351474503,-3.52303778020118,-2.18381599434844,2.76958179473877,-5.75230345564267,-7.26907379402793,-3.52356245013966,-4.82401831337182,0,0
2022-12-08,1.2132822478,0.109443891294802,-3.52202893510029,-2.18205898316578,2.71654772758484,-5.69554762531924,-7.19722152660978,-3.4870154562682,-4.77556747808117,0,0
2022-12-09,-0.3434980722,0.110060318851799,-3.52252596412356,-2.1827941257562,2.78327059745789,-5.76661800132024,-7.2868008895386,-3.53152502271202,-4.83563109779195,0,0
2022-12-12,1.6389983119,0.110040071746299,-3.52246748476611,-2.18292866980144,2.54800581932068,-5.51268955563397,-6.96730203781826,-3.37445418099918,-4.62203808932464,0,0
2022-12-13,0.67824762973,0.110867168273954,-3.52315847838686,-2.18382604370023,2.68908023834229,-5.66655441580212,-7.16106969882488,-3.47026146903846,-4.75179963527633,0,0
2022-12-14,-1.5535849318,0.112146506953264,-3.52489910183152,-2.18465376211635,2.5089750289917,-5.4712035766177,-6.91343795238533,-3.34828921415662,-4.58593938169243,0,0
2022-12-15,-4.6854269953,0.110102843815936,-3.52288985119736,-2.18259012551107,2.83968234062195,-5.82644462540997,-7.36112061875581,-3.56785770370341,-4.88504132787424,0,1
2022-12-16,-1.4578754578,0.108255575865012,-3.52116121025082,-2.18404201529646,4.44760227203369,-7.31764073246688,-9.23788606038132,-4.49774470932966,-6.15105293157527,0,0
2022-12-19,-1.5909597799,0.106467333530266,-3.51896647181872,-2.18238394986632,3.7206130027771,-6.68122859372148,-8.43859005124262,-4.10310919038334,-5.61511418058199,0,0
2022-12-20,-0.052882073032,0.105242666245803,-3.51760877256983,-2.18128622436288,3.53063106536865,-6.50433491827216,-8.2166869790581,-3.99338838288985,-5.46618175465152,0,0
2022-12-21,2.3809523809,0.104800765028598,-3.51672358682334,-2.18078878666942,3.08666443824768,-6.07369770521992,-7.67557793848693,-3.7266064666507,-5.10365212776127,0,0
2022-12-22,-2.3772609819,0.106773149180778,-3.51869971784714,-2.18250224713765,3.49162530899048,-6.46823086918187,-8.17161049445189,-3.97142680980729,-5.43618418367336,0,0
2022-12-23,-0.15394132952,0.105890562660112,-3.51890472025464,-2.18201536387067,3.56585907936096,-6.53902697614751,-8.25863535433995,-4.01451431158232,-5.49469716148271,0,0
2022-12-27,-1.3878355832,0.105864732355363,-3.51881559023438,-2.18197666203384,3.09328079223633,-6.08293144583109,-7.68465186475515,-3.7317358694959,-5.11034816136303,0,0
2022-12-28,-3.0685226487,0.105860796907058,-3.51877901207191,-2.18196485645325,3.12506484985352,-6.11458499762055,-7.7245684058754,-3.75138459092985,-5.13706094199008,0,0
2022-12-29,2.832434148,0.104637399418355,-3.51675861880611,-2.18069784557691,3.47770595550537,-6.45362803529764,-8.15363128131456,-3.96206061838928,-5.42372144715482,0,0
2022-12-30,0.24689452966,0.106757748863916,-3.52001688454847,-2.18297415787452,3.72558736801147,-6.68750163504905,-8.44474532805345,-4.1067710901834,-5.61982387596039,0,0
2023-01-03,-3.7404756407,0.107108226278613,-3.52041151536143,-2.18321845592199,3.12339282035828,-6.1145584002886,-7.72333380260365,-3.75132063820057,-5.13672943315596,0,0
2023-01-04,1.0314224035,0.105169019335554,-3.51856171291136,-2.18148577191228,3.63295030593872,-6.60131511159519,-8.33647002366009,-4.05280827505033,-5.54679379910677,0,0
2023-01-05,-1.0604621716,0.106302281708556,-3.51968594846566,-2.18249977596924,3.45354723930359,-6.43458424292605,-8.12620872934573,-3.94959463173009,-5.4063190902992,0,0
2023-01-06,3.6794112944,0.105312020299234,-3.51875110367335,-2.1816542942278,3.45898389816284,-6.43898223534343,-8.13200821967947,-3.95220362796827,-5.40999341472007,0,0
2023-01-09,0.40888751701,0.107192340005134,-3.52032145531777,-2.18343679001447,4.07477045059204,-6.99894990475408,-8.83698950745628,-4.3003064095324,-5.88271936217618,0,0
2023-01-10,0.44563964675,0.107645098714109,-3.52069700373544,-2.18386868322128,3.41050720214844,-6.39422272012386,-8.07589844186236,-3.92542718695523,-5.37316273970371,0,0
2023-01-11,2.1112216016,0.108824215622564,-3.52145183954774,-2.18518855730549,2.9956533908844,-5.98608911547069,-7.56303825732013,-3.67329051310938,-5.0302209848557,0,0
2023-01-12,-0.059929582767,0.110653041947261,-3.52359053729093,-2.18639346143944,3.17451953887939,-6.16739214465592,-7.78949757183221,-3.78488385467632,-5.1818678966717,0,0
2023-01-13,1.0119181472,0.109563032368622,-3.52269246731931,-2.18534721930701,2.66075778007507,-5.63659281922416,-7.12138913656147,-3.45513806728168,-4.73401087386878,0,0
2023-01-17,0.87563075103,0.110484508996629,-3.5236448893489,-2.18616660228767,2.61308407783508,-5.58550034577211,-7.05667489001063,-3.42346180161834,-4.69072047343976,0,0
2023-01-18,-0.53700161834,0.11037142751698,-3.52352120233986,-2.18604214421618,2.42652559280396,-5.37832646687594,-6.79602930402213,-3.29489399448351,-4.51607826768346,0,0
2023-01-19,0.044375415928,0.110048063891859,-3.52321579732085,-2.18570446300764,2.25800251960754,-5.18416549149618,-6.55179998023496,-3.17433383656582,-4.35247701039081,0,0
2023-01-20,1.9220817625,0.109491098999013,-3.52232634292909,-2.18509735032771,2.02109956741333,-4.89803758126335,-6.1924293902875,-2.99696088348033,-4.11154987376782,0,0
2023-01-23,2.3500398927,0.111136770016083,-3.52388316921043,-2.18691596408634,2.20367741584778,-5.11999321677522,-6.47148895604559,-3.13529369574988,-4.29863435368434,0,0
2023-01-24,1.006307136,0.112092666998056,-3.52389205274906,-2.18802129158066,2.4224534034729,-5.3725749340104,-6.79082017862267,-3.29339459214974,-4.51236454261201,0,0
2023-01-25,-0.47007647499,0.112107789370364,-3.52392572373216,-2.18803767749998,2.29606485366821,-5.22761635246584,-6.60833991562078,-3.20337571560543,-4.39012409590541,0,0
2023-01-26,1.4803327222,0.110876787233241,-3.52398001173956,-2.18660438881843,2.05746626853943,-4.94387457894747,-6.24936132075579,-3.02556027678423,-4.14997121040592,0,0
2023-01-27,1.3684356767,0.110377204879165,-3.52349248113028,-2.18603991595847,2.09974002838135,-4.99533243317968,-6.31422510977868,-3.05729950448341,-4.19339125462275,0,0
2023-01-30,-2.0078119646,0.111038358328863,-3.52407740329391,-2.18679560300419,2.06293249130249,-4.95056310241372,-6.2578057230808,-3.0298369834459,-4.15556923720412,0,0
2023-01-31,0.90209790214,0.110442092278746,-3.52351131688659,-2.1861081511747,2.16241836547852,-5.07093894438829,-6.4094633665486,-3.10426570908814,-4.25723032325019,0,0
2023-02-01,0.79007554232,0.110748112472547,-3.52371219714604,-2.18644677399272,2.04161095619202,-4.92410637568117,-6.22487968725669,-3.01335531517474,-4.13367236693952,0,0
2023-02-02,3.7062504298,0.110248668127882,-3.52322321191965,-2.18603508276118,1.92185616493225,-4.77403185434434,-6.03614182703029,-2.92027421786146,-4.00720754879169,0,0
2023-02-03,2.4399946957,0.111598429281219,-3.52471093577841,-2.1874227193328,2.67434787750244,-5.65251416572663,-7.14072956679227,-3.46558877183829,-4.74717776768375,0,0
2023-02-06,-1.7928802589,0.112795844955832,-3.52440339857946,-2.18881748293759,2.83293437957764,-5.81924139558937,-7.35314224626147,-3.57127358556838,-4.88913531448049,0,0
2023-02-07,1.9244711,0.112864838316607,-3.52583696860941,-2.18884144416362,3.3146243095398,-6.3063126304478,-7.96323473737157,-3.87216390979774,-5.29854628096105,0,0
2023-02-08,-1.7652764306,0.114482341585211,-3.52681279954522,-2.19060540800602,3.11219930648804,-6.10731855359036,-7.71423934037312,-3.75005809851578,-5.1309357979836,0,0
2023-02-09,-0.6911532384,0.115023481637148,-3.527138732661,-2.18814424697341,3.23668551445007,-6.2305780033346,-7.86979960905886,-3.82162104395299,-5.23244835321554,0,0
2023-02-10,0.24561869359,0.114661580594113,-3.52687330995848,-2.18769613027224,2.82465505599976,-5.8128521601393,-7.34401093409955,-3.5621358921483,-4.88019427435712,0,0
2023-02-13,1.8806701542,0.114554320111111,-3.52678763339801,-2.1875658275605,2.6408109664917,-5.61667738501487,-7.09713693455597,-3.44036532099165,-4.71483986522496,0,0
2023-02-14,-0.42248943773,0.115712156657103,-3.5278513592962,-2.1889235042058,2.71075630187988,-5.6926744662313,-7.19261900411844,-3.48821349254922,-4.77898874395957,0,0
2023-02-15,1.3903394256,0.115968119801119,-3.52807999445961,-2.18922602730127,2.43354749679565,-5.38777730088151,-6.80897716672161,-3.2991876424038,-4.52209228052408,0,0
2023-02-16,-1.0429408358,0.116242168141998,-3.5283092482216,-2.18955552290839,2.39276003837585,-5.34154023182709,-6.75083527836298,-3.27068249066104,-4.48321125037599,0,0
2023-02-17,-0.75466788103,0.115748381640517,-3.52775198527359,-2.18901330372302,2.27352857589722,-5.20347530093329,-6.57744706892541,-3.18489504659345,-4.3670973897034,0,0
2023-02-21,-2.6679777123,0.114620626970005,-3.52675465495268,-2.18767672592241,2.1052234172821,-5.00248455934985,-6.32452887284907,-3.05956442854217,-4.19753669388272,0,0
2023-02-22,0.28960129312,0.113669929162773,-3.52597294577781,-2.18651888061627,2.35721564292908,-5.29983620159638,-6.69854617445035,-3.24334203526841,-4.44779252899396,0,0
2023-02-23,0.32905782027,0.114207696330376,-3.52630590825343,-2.18721689380542,2.06074476242065,-4.94790823628848,-6.25606301990804,-3.02560653825186,-4.15169410826109,0,0
2023-02-24,-1.8005354753,0.115274721377539,-3.52749896436801,-2.18839294843748,1.84514987468719,-4.67634914000987,-5.91374487284073,-2.85735715626318,-3.92239549737737,0,0
2023-02-27,0.82475632207,0.113933919275723,-3.52662328237858,-2.18619949805213,1.87418711185455,-4.71404698700817,-5.96466815866444,-2.87899404290917,-3.95412055708318,0,0
2023-02-28,-0.34478096268,0.116485979635477,-3.45238221436976,-2.18933993062086,1.73410880565643,-4.4298030488817,-5.67859513524041,-2.76655868003387,-3.77539050587022,0,0
2023-03-01,-1.4245980597,0.117423847799044,-3.45310428110124,-2.19040710377646,1.51282179355621,-4.12978463807909,-5.29641696889761,-2.57670725319401,-3.51883308913185,0,0
2023-03-02,0.41291032958,0.117005408569864,-3.45280099989088,-2.18976318492621,1.47871065139771,-4.08167819720578,-5.23492555833608,-2.54579583174816,-3.47745380130139,0,0
2023-03-03,3.5090124049,0.116330898245562,-3.45215133650199,-2.18947120892481,1.3433221578598,-3.88477379587345,-4.98414539739993,-2.4213051083335,-3.30918684043397,0,0
2023-03-06,1.8539363042,0.116991830688015,-3.45274317154203,-2.19013483237208,1.7351279258728,-4.43110837643176,-5.68049026322175,-2.76794695272084,-3.77679000951195,0,0
2023-03-07,-1.4496522134,0.117806364851881,-3.45355434778856,-2.19012767845449,1.78712797164917,-4.49902616114229,-5.76664795584099,-2.81003309667086,-3.83443249066206,0,0
2023-03-08,0.83773087063,0.116930931001865,-3.45274813313786,-2.18963885310901,1.70483076572418,-4.39129358288116,-5.62954776514,-2.74206230380603,-3.74247089867843,0,0
2023-03-09,-1.4914633349,0.116396933160755,-3.45214029611047,-2.19013426467032,1.59079146385193,-4.237669621533,-5.43422338717146,-2.64594455186928,-3.61158758311457,0,0
2023-03-10,-1.3878743609,0.11454581781814,-3.45038644071712,-2.19066234870628,1.53824532032013,-4.16483109887625,-5.34191240096551,-2.60244546660644,-3.54997378874213,0,0
2023-03-13,1.3265993266,0.1127979408999,-3.44904714137754,-2.18804416923239,1.54434776306152,-4.17339465754311,-5.35234159142314,-2.60632370018168,-3.5567563596493,0,0
2023-03-14,1.4089187214,0.113651371546546,-3.44973777763804,-2.18896199530855,1.56874346733093,-4.20712759137375,-5.3954748928098,-2.62801235758389,-3.58576118196273,0,0
2023-03-15,0.26214037607,0.113647627065231,-3.44974404813448,-2.18886711659683,1.78829300403595,-4.49959411284729,-5.76834662098905,-2.81346029877264,-3.83612824199138,0,0
2023-03-16,1.8694032289,0.113349428107753,-3.44945519597101,-2.1890101105835,1.5922931432724,-4.23938350019649,-5.43668172347656,-2.64887702430615,-3.61348673900211,0,0
2023-03-17,-0.54539621442,0.113141539812555,-3.44931507177362,-2.18851224738926,1.70851624011993,-4.39546588306773,-5.63557565697745,-2.74746769950811,-3.74697562557299,0,0
2023-03-20,1.5483870968,0.113101186010178,-3.4492685486065,-2.18860394622644,1.59206759929657,-4.23908794866392,-5.43622399540565,-2.64841714190306,-3.61313963822121,0,0
2023-03-21,1.1944091488,0.113270100149363,-3.44941093266514,-2.18873028880551,1.71418225765228,-4.40293267563336,-5.64514097846122,-2.75236406136408,-3.75342295830947,0,0
2023-03-22,-0.91034655943,0.114104169525772,-3.45011362381512,-2.18935716959543,1.67615878582001,-4.35263894885465,-5.58103809477416,-2.72038104958806,-3.71037871925691,0,0
2023-03-23,0.69695241709,0.114072523836623,-3.45006857919891,-2.18951333063205,1.59141540527344,-4.23823432666321,-5.43522893906341,-2.64802731546085,-3.61249742360752,0,0
2023-03-24,0.83055433224,0.114196090447757,-3.45017317039303,-2.18960143888481,1.54711210727692,-4.17723147039244,-5.35745202323839,-2.60929502087383,-3.56026473009731,0,0
2023-03-27,-1.2293291733,0.115496788716498,-3.45104856014696,-2.19274950319105,1.53895449638367,-4.16568786288272,-5.34348444549883,-2.60470994099222,-3.5499320519497,0,0
2023-03-28,-0.39802880965,0.11636537941787,-3.45182335153074,-2.19033082738458,1.52514958381653,-4.14653106435367,-5.31895805504694,-2.58862631449377,-3.52976843252284,0,0
2023-03-29,1.9790675547,0.115665745051224,-3.45127072139814,-2.18965917943226,1.36173462867737,-3.91173891247397,-5.01944252613869,-2.43952168865603,-3.32880356457931,0,0
2023-03-30,0.98899048335,0.116586790361821,-3.45203513001818,-2.19042403122138,1.45533180236816,-4.04784944428409,-5.19306818848599,-2.52587797644646,-3.44526888755798,0,0
2023-03-31,1.5644247351,0.11608520614582,-3.45169229025906,-2.18977030807694,1.40598249435425,-3.97672899020838,-5.10212163830728,-2.4804159445925,-3.38413103165702,0,0
2023-04-03,0.77016373543,0.117014459727426,-3.45249512432715,-2.19043805570004,1.40166532993317,-3.97046176500064,-5.09411700074028,-2.47628781934774,-3.37870195672624,0,0
2023-04-04,-0.32496840577,0.11716977288542,-3.45264473786869,-2.19049940646349,1.30187857151032,-3.82229419873877,-4.90517173985007,-2.38218771877299,-3.25191627421293,0,0
2023-04-05,-1.1290225201,0.116966763707438,-3.45247026092073,-2.19035076321518,1.1645895242691,-3.60880619167952,-4.63299573468989,-2.24677543235768,-3.06935166366583,0,0
2023-04-06,0.54958475812,0.116236415699561,-3.45189404823728,-2.1896491435448,1.13503777980804,-3.5613477068642,-4.57233155385301,-2.21657531367486,-3.02863693208932,0,0
2023-04-10,-1.597230657,0.116794622453508,-3.45235585079164,-2.19011593203057,1.07504320144653,-3.46275603331951,-4.44670239243048,-2.15401153413702,-2.94434790631157,0,0
2023-04-11,-0.7591186818,0.115829092172858,-3.4515253675122,-2.1894107666585,1.11318957805634,-3.52579937640055,-4.52704962808552,-2.19417003236248,-2.99832834813732,0,0
2023-04-12,-0.43532338295,0.11492143529469,-3.45082474940414,-2.18848979700596,1.08374261856079,-3.47748925747674,-4.46521647076027,-2.16336121268473,-2.95681262884685,0,0
2023-04-13,3.4103685197,0.114910637109968,-3.45082802054862,-2.18844160539451,1.01166105270386,-3.35597921115458,-4.31026478782769,-2.08625375197366,-2.85287442769194,0,0
2023-04-14,-0.21140372073,0.116198510658588,-3.45186822606888,-2.18959955158339,1.32727491855621,-3.86060974885367,-4.95384186090494,-2.40638259947775,-3.28452711591027,0,0
2023-04-17,0.012105804671,0.116239442490763,-3.45186743898586,-2.1897457886267,1.20010793209076,-3.66526193030075,-4.70489441099938,-2.28261475806019,-3.11760148152365,0,0
2023-04-18,0.75046904312,0.116621554051224,-3.45214371680938,-2.19019459226857,1.06318688392639,-3.4429167665509,-4.42157186615632,-2.14170898496846,-2.92760436138536,0,0
2023-04-19,0.69682225021,0.117527317472943,-3.45290964932223,-2.19089906546278,1.00804054737091,-3.34923618127221,-4.30220375848788,-2.08216212736154,-2.84746219923868,0,0
2023-04-20,-0.58462089119,0.117500100528129,-3.45290654192874,-2.19081368776157,0.990580081939697,-3.319104912451,-4.26373659794607,-2.06297052919796,-2.82162877729325,0,0
2023-04-21,-0.97809780973,0.117530980892495,-3.45291556075427,-2.19089275270899,0.949812769889832,-3.24762314658205,-4.1726518682783,-2.01767668923721,-2.76054750298676,0,0
2023-04-24,0.18785601751,0.117254881415857,-3.45269412589117,-2.19063894641271,0.955134928226471,-3.25709777749355,-4.18467819693844,-2.02367857055342,-2.76862091318867,0,0
2023-04-25,-0.94356741065,0.117829596858072,-3.45318664341386,-2.1911803041106,0.908071935176849,-3.17280893838896,-4.07725236816513,-1.97020765422211,-2.69649497795026,0,0
2023-04-26,-0.0061061245106,0.117096333805921,-3.45260577733845,-2.19036717643284,0.904835522174835,-3.16712043216563,-4.06984119833591,-1.96644319210541,-2.69153366780204,0,0
2023-04-27,2.8395212506,0.117641391984246,-3.45306605079582,-2.19093834119904,0.85654228925705,-3.07815638711692,-3.95647501479114,-1.91006262003076,-2.61543456530049,0,0
2023-04-28,0.75411198868,0.118604299814565,-3.45386597207967,-2.19202473788105,1.04544138908386,-3.41286410926002,-4.38327893752824,-2.12267146951583,-2.90170279412017,0,0
2023-05-01,-0.053041018236,0.118930108018522,-3.45416560853265,-2.19236800943704,1.0419020652771,-3.40686121999167,-4.37558596111149,-2.11889893422123,-2.89648023583291,0,0
2023-05-02,-0.61914027956,0.119728386059872,-3.45473918131199,-2.19331229482943,0.946967124938965,-3.24215555464013,-4.16594792824833,-2.01463284757939,-2.75591360146711,0,0
2023-05-03,-0.64673074648,0.120066399501777,-3.45498569675837,-2.19370574658521,0.916582763195038,-3.18767917236315,-4.09662889668204,-1.98015082456661,-2.70942837622272,0,0
2023-05-04,-0.99134069878,0.120128570594747,-3.4549926351063,-2.19381513626467,0.903345346450806,-3.16365126546957,-4.06611662187829,-1.96497165084089,-2.68855317211454,0,0
2023-05-05,4.6926835153,0.120798144217273,-3.45554792136284,-2.19352738744391,0.935113847255707,-3.22076109093834,-4.13900494695561,-2.00037102081318,-2.73506040085751,0,0
2023-05-08,-0.040329550029,0.122682859910938,-3.45702311881935,-2.19530760479885,1.5534496307373,-4.18606292926368,-5.37000733827569,-2.61349276663521,-3.5605451594757,0,0
2023-05-09,-0.99711815565,0.123123628236592,-3.4573355198724,-2.19578092714405,1.34457433223724,-3.88585680171867,-4.98751592991349,-2.42301131145662,-3.30414799155641,0,0
2023-05-10,1.0391802991,0.12315614710114,-3.45738116200827,-2.19577672320765,1.25052571296692,-3.74312626964796,-4.80551160902311,-2.3323130471353,-3.18206116500225,0,0
2023-05-11,0.11235631354,0.123293685764957,-3.45743460674571,-2.19600088144184,1.20620548725128,-3.67391639018291,-4.71747423363401,-2.28851669454765,-3.12311937177793,0,0
2023-05-12,-0.54175551841,0.122047557451091,-3.45624449071203,-2.19519086301468,1.10128736495972,-3.50501281671461,-4.50244259511833,-2.18163489741218,-2.97920201875158,0,0
2023-05-15,-0.28973749786,0.120914772666947,-3.45528053357014,-2.1941650517161,1.04236030578613,-3.40679010629898,-4.37713894643639,-2.11924103609969,-2.89525871333885,0,0
2023-05-17,0.36031847503,0.120575094695434,-3.45501436384531,-2.19379230782508,0.971047401428223,-3.28405608764121,-4.22056256464336,-2.04122596088071,-2.79026214424849,0,0
2023-05-18,1.3666106895,0.121044646920651,-3.45538520114003,-2.19430850826572,0.921412587165833,-3.19578784593444,-4.10812171085709,-1.98527732180308,-2.71486524641672,0,0
2023-05-19,0.062839188649,0.121825270066422,-3.45606405314143,-2.19499117934074,0.968357384204865,-3.279119797419,-4.21439181684561,-2.03815912541013,-2.78603718053518,0,0
2023-05-22,-0.54807033557,0.121140853178024,-3.45551024039956,-2.19437348263883,0.920739531517029,-3.1945999921832,-4.1065059472132,-1.984474028612,-2.71371069866394,0,0
2023-05-23,-1.5154994259,0.121074468107439,-3.45547252913448,-2.19428624701853,0.894791662693024,-3.14757545192046,-4.04649696792352,-1.95457611379197,-2.67345149283486,0,0
2023-05-24,0.16320820705,0.119833863266963,-3.45448159858979,-2.19299471414855,0.949276328086853,-3.24589563591092,-4.17160355116769,-2.01681871116391,-2.7573576944939,0,0
2023-05-25,0.66922718815,0.119973204189146,-3.45459573699437,-2.19314915392472,0.905695080757141,-3.16769693571147,-4.07191869352892,-1.96720328031028,-2.69051690635522,0,0
2023-05-26,1.4104861553,0.120155277786099,-3.45474613588705,-2.19335136606124,0.887092351913452,-3.13371741501568,-4.02861895829816,-1.94566543234074,-2.66147459886273,0,0
2023-05-30,1.0659522317,0.120464378371208,-3.45502072192324,-2.19366474780532,0.940407931804657,-3.23002926408592,-4.15141213254323,-2.00683394564948,-2.74375873327643,0,0
2023-05-31,-0.02820078962,0.120883756970252,-3.45539623335505,-2.19398114379427,0.959219634532928,-3.26332297806731,-4.19384308225004,-2.02789608243032,-2.77214435847723,0,0
2023-06-01,1.6022566997,0.120736580867963,-3.45527952347021,-2.19384446408339,0.897387623786926,-3.15246855792014,-4.05247586771891,-1.95750424589087,-2.67735951551555,0,0
2023-06-02,0.47753900817,0.122019496901337,-3.45634132053135,-2.19496005765217,0.960049450397491,-3.26457676780224,-4.19557492402201,-2.02864875112795,-2.77323769306482,0,0
2023-06-05,-0.75711522504,0.122083056770837,-3.45641355191564,-2.19498157514453,0.933314442634583,-3.21709588159756,-4.13499974928504,-1.99844914683863,-2.73258569162344,0,0
2023-06-06,-0.20603630692,0.122470443829013,-3.45692494406423,-2.19498937809685,0.908757388591766,-3.1729734938245,-4.0783216370605,-1.96998587394076,-2.69428287755578,0,0
2023-06-07,-0.77562636016,0.120314593516494,-3.45517534138653,-2.19306120529601,0.927193939685822,-3.20670519345333,-4.12095472010472,-1.9914040034123,-2.72294855651357,0,0
2023-06-08,1.5465077044,0.120185724646785,-3.45508194918782,-2.19292699925958,0.927321791648865,-3.20697350353339,-4.12124685592065,-1.99154922393442,-2.72313318202036,0,0
2023-06-09,0.21598272124,0.120580665235364,-3.45536845045655,-2.19333793652165,0.989302456378937,-3.31625611375888,-4.26071311285354,-2.06099406321507,-2.81666628686062,0,0
2023-06-12,1.5638815208,0.12004555532505,-3.4548911964602,-2.19293225928917,0.932334303855896,-3.21590962203111,-4.13280851450608,-1.99739412887177,-2.73099887171076,0,0
2023-06-13,-0.26116763693,0.12017829448417,-3.45501253671382,-2.19302792199898,1.01490795612335,-3.36049255540269,-4.31711673895133,-2.08913593519733,-2.85453276580276,0,0
2023-06-14,0.34913534455,0.120143226766079,-3.45497664986932,-2.19300915200895,0.958061814308167,-3.26160975752514,-4.19107013848077,-2.02638799354324,-2.77004446624933,0,0
2023-06-15,1.1198695298,0.119914394236616,-3.45476419258209,-2.19284973545471,0.919381856918335,-3.19266559634568,-4.10320476463014,-1.98268646391106,-2.71118710052558,0,0
2023-06-16,-0.58599000067,0.119848134423097,-3.45467840014755,-2.19284465243649,0.948984265327454,-3.24555527571373,-4.17070238651338,-2.01632954014565,-2.75648456947986,0,0
2023-06-20,0.048669695025,0.119008782183197,-3.4539982202971,-2.1920916310254,0.936298966407776,-3.2231677195732,-4.14201550030008,-2.00211481766619,-2.73728095012125,0,0
2023-06-21,-0.56753688987,0.119389465663224,-3.45430805936191,-2.19243085379439,0.876040995121002,-3.11374137855165,-4.00256886416177,-1.93266139239498,-2.64378762555958,0,0
2023-06-22,1.6525331594,0.11918385485836,-3.45413878174945,-2.19225088502384,0.86141836643219,-3.08669307636833,-3.9680546872045,-1.91550177413066,-2.62066378481492,0,0
2023-06-23,-0.17112299474,0.119931109715095,-3.454725233678,-2.19295367928921,0.940087378025055,-3.22970494836285,-4.15056065752457,-2.00631518224298,-2.743008389922,0,0
2023-06-26,-0.75530319255,0.120436291164111,-3.45522212767463,-2.19325837900299,0.902481198310852,-3.16199053836324,-4.06410228005898,-1.96313746511134,-2.68490408795171,0,0
2023-06-27,1.5059102931,0.118985080607311,-3.45373680228941,-2.19203768378191,0.889887452125549,-3.13905767938989,-4.03537000120268,-1.94884837460924,-2.6661354506388,0,0
2023-06-28,0.63277677345,0.117675026139111,-3.4524151828674,-2.19073563076711,0.949920356273651,-3.24718199578434,-4.17366593280593,-2.01750043217358,-2.7592681509236,0,0
2023-06-29,0.17965653897,0.117194286468832,-3.4520378729042,-2.19006882851388,0.931773066520691,-3.21500239979302,-4.13251018189742,-1.99684396042901,-2.73167528396174,0,0
2023-06-30,2.3102484307,0.11731454942451,-3.45214217264014,-2.19013627959336,0.878584563732147,-3.11847641296501,-4.00941125535242,-1.93556242536408,-2.64913909650445,0,0
2023-07-03,-0.77847089751,0.117888616333364,-3.45261102252388,-2.19074894179671,1.00762414932251,-3.34785902584119,-4.30204159238865,-2.08119576649934,-2.84529363040886,0,0
2023-07-05,-0.58713498902,0.117139846291108,-3.45197757350168,-2.19016923392573,1.00669419765472,-3.34637256537599,-4.30008500658568,-2.08034787309123,-2.84403743203041,0,0
2023-07-06,0.25087545073,0.117433038173667,-3.45223642138347,-2.19028799044677,0.951826512813568,-3.250623932403,-4.17796927800226,-2.0194468951069,-2.76213520974505,0,0
2023-07-07,-0.58912465456,0.117430385385802,-3.45223209463293,-2.19030680781642,0.897680580615997,-3.153421670041,-4.05400863400663,-1.9577978518754,-2.67903715976604,0,0
2023-07-10,-1.0855884204,0.117144444741968,-3.45199412119865,-2.19004612026667,0.875643610954285,-3.11308773326906,-4.0025328164211,-1.93220940715775,-2.64454925755641,0,0
2023-07-11,-0.2810031282,0.116862010576334,-3.45178464106909,-2.18961231482408,0.890357434749603,-3.14019894757453,-4.03701136572606,-1.94922887448276,-2.66764665109718,0,0
2023-07-12,0.89855380684,0.116591546836209,-3.45159009538439,-2.18932146120974,0.867459714412689,-3.09813377821607,-3.98325607533774,-1.9224881096511,-2.63173808649349,0,0
2023-07-13,0.40575433432,0.118107919412214,-3.45284786889345,-2.19019297840378,0.871466398239136,-3.10520721334645,-3.99248028300751,-1.92648901593239,-2.63278355122849,0,0
2023-07-14,0.078723627485,0.118081197850668,-3.45283037220489,-2.19012163477035,0.853969573974609,-3.07269572202892,-3.95100467510755,-1.90582059014585,-2.60502266533811,0,0
2023-07-17,1.7305574493,0.118046872379387,-3.45280276896949,-2.19007934002762,0.809533178806305,-2.98858002313078,-3.8437280828517,-1.85245646542395,-2.53323279913097,0,0
2023-07-18,-0.13402752729,0.119113254793834,-3.45369020154091,-2.19110546217319,0.884529411792755,-3.12906247974219,-4.02301511878983,-1.94160880732538,-2.65313904425062,0,0
2023-07-19,0.70716977243,0.118946190430376,-3.45353581073324,-2.19109316972407,0.855303168296814,-3.07497359025651,-3.95405541566201,-1.90743378639222,-2.60701941857633,0,0
2023-07-20,-1.0097385957,0.118396433834302,-3.45310690248752,-2.19028823749529,0.842576205730438,-3.05127772237136,-3.92369825120108,-1.89211184670253,-2.58670498051584,0,0
2023-07-21,-0.61616527719,0.118265787079512,-3.45299353546604,-2.19020731742559,0.910237908363342,-3.17611066142341,-4.0828854557984,-1.97133192857095,-2.69325362487229,0,0
2023-07-24,0.42200687712,0.117776763680969,-3.45259211705534,-2.18968358402976,0.901091516017914,-3.15962531620515,-4.06178793675774,-1.96079877877619,-2.67916014461556,0,0
2023-07-25,0.45136186782,0.117303126172543,-3.4522715881839,-2.19014389023733,0.871460914611816,-3.10546389537691,-3.99248024087191,-1.92724155161684,-2.63338532264254,0,0
2023-07-26,0.45449850204,0.118404519511897,-3.45287547660047,-2.19126273486875,0.842321515083313,-3.05057814389408,-3.91736494419173,-1.89269424869605,-2.58561672174293,0,0
2023-07-27,-0.65809768648,0.120785012683705,-3.41483825636545,-2.18706460734103,0.838822722434998,-3.00677197177924,-3.85204137465801,-1.88228765859455,-2.5588557001309,0,0
2023-07-28,1.3507918437,0.1200897503595,-3.41404270438115,-2.18633058592156,0.838802993297577,-3.00670183802638,-3.85209019939324,-1.88228710237218,-2.55888269835021,0,0
2023-07-31,0.31660113364,0.121299922433229,-3.41578135543528,-2.18766996765256,0.891260802745819,-3.10342346309748,-3.97436560557417,-1.94400513384237,-2.6408186534049,0,0
2023-08-01,-0.4301348944,0.122710648604109,-3.41695351988555,-2.18164374321951,0.861239790916443,-3.04832492899241,-3.90451434251341,-1.90192032373104,-2.59254078550646,0,0
2023-08-02,-1.5464839855,0.122070865559799,-3.41649181397592,-2.18120607969074,0.825840890407562,-2.98269300352236,-3.82103661753915,-1.86011735439825,-2.53637755177918,0,0
2023-08-03,-0.73216325691,0.120617200879573,-3.41521973607912,-2.18022423198144,0.881595015525818,-3.08604501520004,-3.95222722644685,-1.92646708872531,-2.62498641252858,0,0
2023-08-04,-4.8020086834,0.119659976737075,-3.41403365590818,-2.17959878022523,0.890928506851196,-3.1028125667741,-3.97381433452493,-1.93764171769447,-2.63947821938006,1,1
2023-08-07,-1.7253695258,0.118139940497607,-3.45289666395031,-2.18409356913983,1.45544052124023,-4.04749120959122,-5.20109985930641,-2.51678635234684,-3.43616498975088,0,0
2023-08-08,0.53117137268,0.115438039665041,-3.45088172647678,-2.18086533208196,1.58841097354889,-4.23378333906942,-5.4380767755908,-2.63315402411328,-3.59398919156568,0,0
2023-08-09,-0.89543937711,0.11577905949021,-3.45112972262442,-2.18128686025013,1.44446241855621,-4.03198847128188,-5.18053531248433,-2.50581779180552,-3.42203592871064,0,0
2023-08-10,-0.1234637185,0.116042296524629,-3.45136743680924,-2.1815019127214,1.34109568595886,-3.88083743255119,-4.98750609420959,-2.4102609538639,-3.2930574552293,0,0
2023-08-11,0.033759072721,0.115599422232999,-3.4510220362134,-2.1810100991528,1.19136559963226,-3.65118061696474,-4.69415478995525,-2.26496645667738,-3.09707610775422,0,0
2023-08-14,0.93931042247,0.115901047649634,-3.4512448553202,-2.18137467096837,1.10668456554413,-3.51477666117368,-4.52008508663463,-2.17888495696199,-2.98084162072808,0,0
2023-08-15,-1.120026747,0.116781673057047,-3.45203862945385,-2.1820966792666,1.10437572002411,-3.51094093847117,-4.51514188172313,-2.17636806066088,-2.97739487482572,0,0
2023-08-16,-0.4959143419,0.115380799802043,-3.45084081828661,-2.18079290565755,1.11413729190826,-3.52707492881933,-4.53565895104992,-2.18650503916668,-2.99121702901576,0,0
2023-08-17,-1.4555133942,0.115048350217241,-3.45059063871632,-2.18040234570637,1.05473899841309,-3.42872503240889,-4.40997449112338,-2.12423547250951,-2.90724030632371,0,0
2023-08-18,0.28160919537,0.114967929188185,-3.45054111988071,-2.18028180219971,1.10995209217072,-3.5203242681956,-4.52688585957319,-2.1820519144439,-2.98529962319817,0,0
2023-08-21,0.77368330549,0.115113295377149,-3.45065905981493,-2.18043219872843,1.06579780578613,-3.44726029190861,-4.43361580503634,-2.13591004218613,-2.92300294865019,0,0
2023-08-22,0.79049135584,0.115031180093049,-3.4506231355156,-2.18027437142652,1.04499113559723,-3.41236169251632,-4.38896888936459,-2.11375010840707,-2.8931331942945,0,0
2023-08-23,2.1948879987,0.115913624979708,-3.45139605146108,-2.18105114858765,1.02621746063232,-3.38043312937565,-4.34821742132786,-2.09354335728093,-2.86580259839254,0,0
2023-08-24,-2.6170494701,0.116325457559934,-3.45176132609846,-2.1814023560907,1.16553127765656,-3.61018826502838,-4.64155786398634,-2.23871159352342,-3.06167710824735,0,1
2023-08-25,1.2643156822,0.115016392540018,-3.45055543310503,-2.18455652571909,1.40087282657623,-3.96900834776134,-5.09987924951011,-2.47059136556956,-3.37000101441567,0,0
2023-08-28,0.88460892439,0.115265013072976,-3.4506840778658,-2.18553605227392,1.40581202507019,-3.97610565114276,-5.10917758074881,-2.47605829792389,-3.37634894014357,0,0
2023-08-29,2.1810311338,0.115357665375991,-3.45077630307319,-2.18548088420628,1.35136687755585,-3.89611134974793,-5.00699846370035,-2.42522685247045,-3.30803346938947,0,0
2023-08-30,1.9172278948,0.116023047131398,-3.45136611027898,-2.18577177160621,1.47377812862396,-4.0739100067734,-5.23399454681794,-2.53748779510278,-3.45967718298926,0,0
2023-08-31,0.11723954194,0.116599778100357,-3.45192806444741,-2.18553725644529,1.53861963748932,-4.16521002663141,-5.35038917855535,-2.5943648418278,-3.53732512181303,0,0
2023-09-01,0.84632990893,0.11637441288225,-3.45173174588203,-2.18540729862783,1.33234643936157,-3.86786676453232,-4.97074408389648,-2.40618249177964,-3.28360339604395,0,0
2023-09-05,0.12667581541,0.116364792795563,-3.45168362306947,-2.18578106153313,1.24268054962158,-3.73141963246551,-4.79662875338879,-2.32024737796843,-3.16729934506577,0,0
2023-09-06,-3.5793357934,0.115426879749724,-3.45092096208368,-2.18471968577915,1.10400259494782,-3.51050849750234,-4.51441014171178,-2.18009147175217,-2.97868828489706,1,1
2023-09-07,-2.9249357607,0.114098113503682,-3.51544050606082,-2.18666282406479,1.4360089302063,-4.09858045065695,-5.16471747852212,-2.50625845066037,-3.42605972806587,0,1
2023-09-08,0.34917774265,0.112522442685523,-3.51425012772569,-2.18660949328254,1.78875732421875,-4.58759144956304,-5.77682625970114,-2.81194601652202,-3.84216089502621,0,0
2023-09-11,0.66225165574,0.112129088105034,-3.51387644150802,-2.18622859643298,1.64156007766724,-4.38996821535858,-5.52922041794396,-2.6889409075525,-3.67585189293917,0,0
2023-09-12,-1.7060660125,0.112847908908319,-3.51463728134966,-2.18677457243371,1.47892212867737,-4.16133560732182,-5.24253047672868,-2.54650925457632,-3.48332037291866,0,0
2023-09-13,-1.1854792967,0.111858807853614,-3.51366616685957,-2.18587779209569,1.50966012477875,-4.20532052002292,-5.2977529271266,-2.5738904833872,-3.52077506958952,0,0
2023-09-14,0.87825038736,0.112385560125204,-3.51442328353868,-2.18486878167692,1.52801382541657,-4.231893444767,-5.3304403520625,-2.58839314833084,-3.53981162822021,0,0
2023-09-15,-0.41538636624,0.112098112438263,-3.514119431488,-2.18454917843886,1.50603723526001,-4.20045415970385,-5.29113263496019,-2.56879612202249,-3.51344719948567,0,0
2023-09-18,1.6913319239,0.112099162154586,-3.51409246703257,-2.18456358582459,1.36338567733765,-3.9910995396536,-5.02889095794395,-2.43868700908756,-3.33751596070348,0,0
2023-09-19,0.61808169921,0.11298799260497,-3.51499593586945,-2.18556903221669,1.41636431217194,-4.07024751261858,-5.12789871596592,-2.48808186394507,-3.40394901645134,0,0
2023-09-20,-1.9992181829,0.112715937947549,-3.51476344302789,-2.18524038063729,1.34227013587952,-3.95936183948622,-4.98892857925055,-2.41902451530987,-3.31064506570054,0,0
2023-09-21,-0.88893954071,0.112008822553436,-3.51401199711093,-2.18445604120333,1.42786633968353,-4.08700222958302,-5.14904076446074,-2.4982711273899,-3.41812355118786,0,0
2023-09-22,0.49445179102,0.111764342080204,-3.51382092247586,-2.18415250299418,1.37440979480743,-4.00767151757702,-5.04956283557028,-2.44883175609962,-3.35131062567726,0,0
2023-09-25,0.73802849147,0.112616787024239,-3.51475933065167,-2.18508240469671,1.26556348800659,-3.84139136996788,-4.84094486499368,-2.3455411803006,-3.2112393574265,0,0
2023-09-26,-2.339845525,0.112279321332177,-3.51444406008663,-2.18468778278014,1.1829628944397,-3.71017404913018,-4.67654848260505,-2.26387663275919,-3.10090968766913,0,1
2023-09-27,-0.88974180035,0.111452287799691,-3.51356401840172,-2.18432338484711,1.32296466827393,-3.92985611525069,-4.95198945063905,-2.40096086418199,-3.28604618329327,0,0
2023-09-28,0.15255530125,0.111018437471289,-3.51322068533359,-2.18344445660619,1.2873729467392,-3.87516812131445,-4.88333416311473,-2.36637132091003,-3.23988639171046,0,0
2023-09-29,0.30464584925,0.111031576135111,-3.5132319591907,-2.18345855258296,1.16106784343719,-3.6745762724971,-4.63201195996942,-2.24170742027469,-3.07126617755632,0,0
2023-10-02,1.4835582033,0.110571164758941,-3.51279725149277,-2.18295589112506,1.10930275917053,-3.58922783717266,-4.52507279830557,-2.18859313338354,-2.99950302328109,0,0
2023-10-03,-0.77697841734,0.11141199033476,-3.51362729457262,-2.18388187051467,1.14632821083069,-3.65051343753929,-4.60179437409491,-2.2267986539338,-3.05097023437707,0,0
2023-10-04,0.73085846852,0.111587475355244,-3.51375935991803,-2.1841538053714,1.12845647335053,-3.6210380495652,-4.56493305540528,-2.20861359967557,-3.02627583760694,0,0
2023-10-05,0.7197973051,0.111810750124369,-3.5139681866142,-2.18445700361388,1.07800114154816,-3.53663115853084,-4.45918866720141,-2.15624179229761,-2.9553305400416,0,0
2023-10-06,1.4750443086,0.112454638410277,-3.51467418701075,-2.18503406711134,1.05554473400116,-3.49851131401835,-4.41125433653338,-2.13244295420165,-2.92308823334278,0,0
2023-10-09,0.84511803489,0.1125690807016,-3.51483867719789,-2.18517126254134,1.0809999704361,-3.54184905719065,-4.46543950805226,-2.15937857596816,-2.95939741508655,0,0
2023-10-10,-0.33521425785,0.113013584760208,-3.51533717968553,-2.18567365565014,1.07022941112518,-3.52366926377721,-4.44252076495929,-2.14810718110441,-2.94395410107547,0,0
2023-10-11,0.79040304954,0.112572423300272,-3.51483458174725,-2.18517334412452,0.996354997158051,-3.39585051948288,-4.28255587139865,-2.06861480363135,-2.83668423188765,0,0
2023-10-12,0.50611790866,0.112147070768247,-3.51423706921422,-2.18514864691129,0.976544797420502,-3.36063188266523,-4.23878341890249,-2.0472229664996,-2.80748493013826,0,0
2023-10-13,-1.0292734213,0.111401070867908,-3.5133284388359,-2.18521537833192,0.940376698970795,-3.29557968795085,-4.15762470594485,-2.00766831802148,-2.75320338325477,0,0
2023-10-16,-0.072686608928,0.110238416535785,-3.51219257966471,-2.18388109891426,0.95350980758667,-3.31934131001683,-4.18743296943941,-2.02227401612609,-2.7732344563401,0,0
2023-10-17,-0.87846911374,0.110560332357541,-3.51262335688439,-2.18365640506673,0.905276894569397,-3.23156169515795,-4.07722350343215,-1.96710226633678,-2.69917994696148,0,0
2023-10-18,-0.73948631107,0.109100951314466,-3.51116913791119,-2.1821314062725,0.914923489093781,-3.24938966564003,-4.09964848605045,-1.97814337246304,-2.71429679267823,0,0
2023-10-19,-0.21610555041,0.108896734119414,-3.51100139655036,-2.18173659637752,0.92429381608963,-3.26658704967345,-4.12114896092217,-1.98862920500879,-2.72869894334802,0,0
2023-10-20,-1.4704206087,0.108602320528683,-3.51073680735231,-2.18128336919558,0.894071459770203,-3.21098722654439,-4.05143954274932,-1.95391784800735,-2.68192745260256,0,0
2023-10-23,0.069412309131,0.108568955423316,-3.51078331337473,-2.18084414626229,0.961020231246948,-3.33310948049306,-4.20433949318437,-2.02934831269498,-2.78442296837152,0,0
2023-10-24,0.25433526007,0.10813506128713,-3.51035364667076,-2.1803786731583,0.915847480297089,-3.25127059137884,-4.10180509845229,-1.97848559771889,-2.71566450559493,0,0
2023-10-25,-1.3491697417,0.108300393919459,-3.51051218618383,-2.1805822733973,0.885761499404907,-3.19561475001138,-4.03205996516034,-1.94395250069198,-2.6688795781058,0,0
2023-10-26,-2.4605493863,0.108054914490887,-3.51025066695301,-2.18041223200508,0.939763844013214,-3.29483184225056,-4.15644137230474,-2.00566761204527,-2.7523352990776,0,1
2023-10-27,0.79693211101,0.107120904981008,-3.50945518626306,-2.18074934822746,1.12754154205322,-3.61942072232964,-4.56304160774272,-2.20852434295094,-3.0298560548273,0,0
2023-10-30,1.2305314469,0.107882387002239,-3.51017612444461,-2.18185763492284,1.14602518081665,-3.64985121238037,-4.60117735725399,-2.22785218959719,-3.0554948603159,0,0
2023-10-31,0.28187210046,0.108155514365665,-3.5104951831227,-2.18193846312418,1.17539286613464,-3.6977666895085,-4.66110234273981,-2.25740478727373,-3.09570164441977,0,0
2023-11-01,1.8738654331,0.108450952749737,-3.51078249132213,-2.18230692092329,1.10458552837372,-3.58135560466652,-4.51521257006782,-2.18513755836455,-2.99769701162871,0,0
2023-11-02,2.069322297,0.10951400339299,-3.5118355141603,-2.18327653870229,1.18483662605286,-3.71312601300966,-4.68023551161867,-2.26698689764991,-3.10855609623552,0,0
2023-11-03,-0.51810553587,0.110811417068454,-3.5133233022111,-2.18406712613657,1.34165465831757,-3.95866454616694,-4.98731414704575,-2.41898954554485,-3.31467696555979,0,0
2023-11-06,1.4605151429,0.11026434982602,-3.51261781958698,-2.18388558932358,1.25174176692963,-3.8196969345125,-4.81361215280875,-2.33309449428405,-3.19813190419052,0,0
2023-11-07,1.4450705796,0.10930501483167,-3.51165745102201,-2.18303004261041,1.31938517093658,-3.92434250564191,-4.94485075110841,-2.39822137158513,-3.28630784584446,0,0
2023-11-08,0.58849411507,0.11005948010914,-3.51247918609117,-2.1835742679569,1.34499990940094,-3.96350773748364,-4.99367982538823,-2.4223218049817,-3.31904749852611,0,0
2023-11-09,-0.26245284052,0.110564973391141,-3.51299130012057,-2.18401305450589,1.25799429416657,-3.82961818099336,-4.82585543927839,-2.33903159863128,-3.20628133032868,0,0
2023-11-10,2.3220069164,0.11073172031236,-3.51311873738206,-2.18423833059798,1.14569902420044,-3.64961681340557,-4.60040259088801,-2.22721869290801,-3.05483304254743,0,0
2023-11-13,-0.85836909857,0.112070093979003,-3.51449747294571,-2.18526267639381,1.32278227806091,-3.93003330973469,-4.9514598494154,-2.40125016596029,-3.29068458315521,0,0
2023-11-14,1.4285714286,0.111250661351371,-3.51364655057878,-2.18466497932896,1.28365933895111,-3.86966488793711,-4.87600515604167,-2.36394616365769,-3.2400106056874,0,0
2023-11-15,0.30409731098,0.112394704290395,-3.51462141435471,-2.18592374952205,1.29017412662506,-3.87971727628781,-4.88881008448363,-2.37050497686904,-3.24784192190758,0,0
2023-11-16,0.90420722318,0.113403859909555,-3.51567755460921,-2.18609383227541,1.18498861789703,-3.7136636713598,-4.68057747354687,-2.26631629242375,-3.10727778282439,0,0
2023-11-17,-0.010542406926,0.113548694678603,-3.51584484984877,-2.18625854886194,1.14124000072479,-3.64238740207899,-4.59123371712007,-2.22200584518361,-3.04723029192403,0,0
2023-11-20,0.92782961674,0.113833231710643,-3.51614404316698,-2.18657582451454,1.04335570335388,-3.47772452956951,-4.38492009684953,-2.11963993569958,-2.90860106541627,0,0
2023-11-21,-0.42308696793,0.113951906985425,-3.51628896015557,-2.18671242786401,1.01937568187714,-3.43623887144204,-4.33289638971595,-2.09384340916859,-2.87362092992702,0,0
2023-11-22,0.35144775502,0.114296580086946,-3.51657596581373,-2.18708074899135,0.963538885116577,-3.33757497031983,-4.20939305810505,-2.03254224531538,-2.79068307527694,0,0
2023-11-24,-0.70043385094,0.114707607413371,-3.51699831141002,-2.18753698746396,0.906374335289001,-3.23360470327032,-4.07911726674506,-1.96790841245755,-2.70312239383012,0,0
2023-11-27,-0.094751802862,0.114213682901555,-3.51646263340611,-2.1869827682786,0.888178646564484,-3.19981429665494,-4.03689740125651,-1.94686952498765,-2.67481848572233,0,0
2023-11-28,0.32140787171,0.113372456064726,-3.51547187470127,-2.1863597437025,0.834137797355652,-3.09734824511604,-3.90884611292232,-1.88345492288577,-2.58896271341067,0,0
2023-11-29,-0.54096638642,0.112691941315214,-3.51481913624551,-2.18551720259278,0.794595897197723,-3.02042165594846,-3.81246019168223,-1.83548046786641,-2.52423058574272,0,0
2023-11-30,0.30627871347,0.112698810269911,-3.51475522712785,-2.18588862019437,0.776822209358215,-2.98511921356344,-3.76834873977278,-1.81388916759726,-2.49433625407263,0,0
2023-12-01,0.67912608574,0.113811173701901,-3.51600126175159,-2.18626808972419,0.759528756141663,-2.9504172221278,-3.7246159376524,-1.79154217025334,-2.46327920760772,0,0
2023-12-04,-0.94645471672,0.113458267398285,-3.51562478973597,-2.18600462635142,0.758213043212891,-2.9477871197945,-3.72137237570019,-1.790014651082,-2.46114646454409,0,0
2023-12-05,2.106318957,0.112896991167659,-3.51502636142314,-2.1854076352735,0.77684223651886,-2.98519993876561,-3.76832279099097,-1.8132918874706,-2.49273931121413,0,0
2023-12-06,-0.56871057786,0.113405285278172,-3.51552444434862,-2.18599118595058,0.872895419597626,-3.1711095616545,-4.00121421279345,-1.92894163028963,-2.64906960409451,0,0
2023-12-07,1.0139351081,0.11390933946027,-3.51602622197475,-2.18656618266776,0.886352598667145,-3.19629928972724,-4.03274399257257,-1.94466183982157,-2.67021229497553,0,0
2023-12-08,0.74123642353,0.11399113276268,-3.51630170983664,-2.18586914273607,0.879400193691254,-3.18346791278908,-4.01800556809577,-1.93583694568239,-2.65935913675513,0,0
2023-12-11,-1.292729038,0.117515737404298,-3.45138236752175,-2.18408913397377,0.864341378211975,-3.09123312847321,-3.83763439326976,-1.91303109437022,-2.59647640741001,0,0
2023-12-12,0.79200745422,0.117452183254944,-3.45134681528787,-2.18430372935131,0.887171447277069,-3.13336375544967,-3.88956817024801,-1.939938672655,-2.63215731112249,0,0
2023-12-13,1.6691489907,0.117849809360307,-3.45168979167829,-2.18490147736672,0.894190788269043,-3.14612541788874,-3.90535832905472,-1.94822933636656,-2.64299686103926,0,0
2023-12-14,0.075772883611,0.118457346741267,-3.4521774337385,-2.18520066628434,0.942614018917084,-3.23320342641468,-4.01275734110447,-2.00311707845505,-2.71662187011569,0,0
2023-12-15,-0.2725758417,0.118412954415275,-3.45214274525994,-2.18519421745813,0.891382217407227,-3.14085996603641,-3.89893160755542,-1.94469534221242,-2.63851597640338,0,0
2023-12-18,-0.85033152818,0.117718787233596,-3.45157922727501,-2.1847445464903,0.851680994033814,-3.06762509384847,-3.80857963141485,-1.89850689227499,-2.57658959848455,0,0
2023-12-19,0.53601511063,0.117074234548741,-3.45104209822457,-2.18407035336497,0.858522713184357,-3.0805406131889,-3.82441341728882,-1.90660892886915,-2.5874954623344,0,0
2023-12-20,-1.0713923021,0.117055322698766,-3.45104033109143,-2.18427245650742,0.848926961421967,-3.06263773110125,-3.80235213911703,-1.89547286916007,-2.57239072175286,0,0
2023-12-21,-0.076990196703,0.116058393968015,-3.45024880477623,-2.18385714182789,0.871363878250122,-3.10464099146468,-3.85402024381537,-1.92250396849734,-2.60799709694439,0,0
2023-12-22,-0.55475652343,0.115304367629959,-3.44964942186967,-2.18353670045569,0.838476002216339,-3.04348218025888,-3.7785485598313,-1.88412383875362,-2.55632910500937,0,0
2023-12-26,-0.2840909091,0.114548773694919,-3.44901859362357,-2.18273314484781,0.829829037189484,-3.02733307605635,-3.75853884193257,-1.87381094791588,-2.54264875067613,0,0
2023-12-27,0.051800051733,0.114437140254399,-3.44891958154551,-2.18252062790385,0.810059309005737,-2.98970412105157,-3.71213354478954,-1.84990333639186,-2.510805903045,0,0
2023-12-28,0.22262490311,0.113817235686615,-3.44840225878957,-2.18186418562447,0.775923550128937,-2.92376040668689,-3.63075660614139,-1.80811105793268,-2.45502214232962,0,0
2023-12-29,-0.54241140615,0.113939690639663,-3.44850348265883,-2.18197822464973,0.759913504123688,-2.89222486588813,-3.59189769374833,-1.78815657663744,-2.42835287763839,0,0
2024-01-02,-3.5786630655,0.113572432680357,-3.44819302541013,-2.18152471573223,0.764485418796539,-2.90135020212818,-3.60309316628821,-1.79384057911676,-2.43605194783855,1,1
2024-01-03,-0.74876104281,0.112765378777452,-3.51431075853311,-2.18523171738181,1.02763950824738,-3.44978125816391,-4.22654151153921,-2.10245986469124,-2.85959752752892,0,0
2024-01-04,-1.2700135687,0.112930321558077,-3.51453835914878,-2.18542764900796,1.04946768283844,-3.48748683496092,-4.27232808608285,-2.12589890656421,-2.89090050463484,0,0
2024-01-05,-0.4012973448,0.112866069644397,-3.51453540340114,-2.18536980239532,1.0513436794281,-3.49076461761946,-4.27619924269695,-2.1279039835781,-2.89350107499443,0,0
2024-01-08,2.4174853737,0.11252741586503,-3.51423384798727,-2.18500337377684,0.988251864910126,-3.38100259761772,-4.14246152793463,-2.05960318102805,-2.80187848875839,0,0
2024-01-09,-0.22634188408,0.113922954616806,-3.51557115020809,-2.18653399316685,1.13563776016235,-3.632491359438,-4.44877351748344,-2.21618555411949,-3.01170307194399,0,0
2024-01-10,0.56713838185,0.11419569604775,-3.51588871375238,-2.18684511393225,1.06708383560181,-3.51770855655018,-4.3088683716165,-2.14480984016187,-2.91581422745667,0,0
2024-01-11,-0.32225146351,0.113619569044421,-3.51531641143214,-2.18620887160157,0.993353068828583,-3.38999433040087,-4.1533624548153,-2.06531139851344,-2.80930650392262,0,0
2024-01-12,0.17781130446,0.113598887545793,-3.51529053272982,-2.18618489385456,0.93365740776062,-3.28308396026284,-4.02316963797647,-1.99882301953555,-2.7201284260158,0,0
2024-01-16,-1.2317125646,0.113554081133912,-3.51524022450881,-2.18613417434644,0.887935638427734,-3.19886862377097,-3.92061761588531,-1.9464475155096,-2.64988626063242,0,0
2024-01-17,-0.51734466042,0.112790924073113,-3.51446425656739,-2.18528757384031,0.913267314434052,-3.24580756339676,-3.97784849165519,-1.97557959398569,-2.68914130239955,0,0
2024-01-18,3.2570615283,0.112497069287597,-3.51420118918765,-2.18496932169659,0.905638754367828,-3.23179439761489,-3.96073747286649,-1.96683017027855,-2.67741221395678,0,0
2024-01-19,1.5533054127,0.113933505307569,-3.5156076086186,-2.18655116901218,1.17302453517914,-3.69368951393184,-4.52324852819705,-2.2542382279272,-3.06269726862253,0,0
2024-01-22,1.2163290874,0.11458391423657,-3.51644622348557,-2.18731009548116,1.25667369365692,-3.82740358005109,-4.68560645089724,-2.33742259873926,-3.17373236971453,0,0
2024-01-23,0.66532570017,0.115038247640155,-3.51697181353206,-2.18782723519624,1.2305736541748,-3.78638164609982,-4.63545090054655,-2.31194529161332,-3.13930064654204,0,0
2024-01-24,-0.348396352,0.11491376997254,-3.51686804786977,-2.18769401164736,1.16568315029144,-3.6821363822336,-4.50848468143169,-2.24706961036431,-3.05230543768382,0,0
2024-01-25,-0.16966580988,0.114734030266971,-3.51667573066529,-2.18749273163741,1.07359528541565,-3.52904994967383,-4.32212208287891,-2.15182438519132,-2.92465634100107,0,0
2024-01-26,-0.90127208105,0.115113776220489,-3.51700425043904,-2.18790168749415,0.997526228427887,-3.39753764801035,-4.16206411553414,-2.07008005108126,-2.81503903052567,0,0
2024-01-29,-0.35859058316,0.115203315676361,-3.51711777712717,-2.18800567332353,0.991595506668091,-3.38710347963609,-4.14930512427634,-2.06358841762819,-2.80627393370847,0,0
2024-01-30,-1.9245814427,0.114900935742225,-3.51682166473839,-2.18767278482927,0.945175290107727,-3.304157518205,-4.04831298187852,-2.01195730231892,-2.7370973283692,0,0
2024-01-31,-1.9357583493,0.113767251970966,-3.51572232982002,-2.1864271878621,1.03412675857544,-3.46144191587814,-4.23984021947612,-2.10965479150972,-2.86831557152405,0,0
2024-02-01,1.3340563994,0.112996706027933,-3.51510915066878,-2.18552921044014,1.15465652942657,-3.66416191312134,-4.48642553419494,-2.23546251409212,-3.03709227688728,0,0
2024-02-02,-0.54051161296,0.113729526722727,-3.51577490056963,-2.18639574697242,1.19143438339233,-3.72383884329262,-4.55917235829207,-2.27278366032973,-3.08696468931242,0,0
2024-02-05,0.98466505242,0.113193110790875,-3.51517246840731,-2.18579796710493,1.09648633003235,-3.56765798476076,-4.36917650726296,-2.1756268302455,-2.95690227940975,0,0
2024-02-06,0.86317135556,0.113111849567437,-3.51502755265163,-2.18569450431103,1.10969936847687,-3.58969793816237,-4.39615657788447,-2.18934833952692,-2.97544089201409,0,0
2024-02-07,0.058108821941,0.113026088368954,-3.51500407335567,-2.18561312633823,1.10238564014435,-3.57753676685308,-4.38122275756982,-2.18174866910353,-2.96515915930407,0,0
2024-02-08,-0.57547119995,0.113435325522167,-3.51539222211026,-2.18606079180067,1.01068782806396,-3.42069292161127,-4.19023809169082,-2.0842765387932,-2.83435177371402,0,0
2024-02-09,0.40940025519,0.113376541638188,-3.5153298615952,-2.18599506981914,0.959123313426971,-3.32935617837628,-4.07902362294565,-2.02747426012457,-2.75818159668939,0,0
2024-02-12,-0.90018533228,0.113586806557376,-3.5155342754406,-2.18622616620113,0.929763853549957,-3.27624121641451,-4.01434222699517,-1.99446566629589,-2.71387228643712,0,0
2024-02-13,-1.127437884,0.113232555897087,-3.51517035069126,-2.18583263504991,0.928467273712158,-3.27388037387634,-4.01150574876297,-1.99297034236141,-2.71195592332697,0,0
2024-02-14,-0.48097708614,0.112408415576288,-3.51438340921803,-2.18492448926231,0.939393222332001,-3.2938128129235,-4.0357542218944,-2.00527065110537,-2.7285760698,0,0
2024-02-15,-0.15748031483,0.1121472630158,-3.51414943584538,-2.18461418747632,0.908740043640137,-3.23781610736903,-3.96752248510617,-1.97039863893676,-2.68183823403992,0,0
2024-02-16,-0.84303274234,0.112363382212551,-3.51432968768198,-2.18487730012721,0.850534319877625,-3.12870670424676,-3.83470278472031,-1.90262698276287,-2.59089006809892,0,0
2024-02-20,-0.41138719771,0.112545225113705,-3.51443025909329,-2.18506171056618,0.853991568088532,-3.13519826459051,-3.84275035928551,-1.90670666549691,-2.59645378587503,0,0
2024-02-21,0.41859440407,0.113012817084928,-3.51490918065471,-2.18558090486275,0.833352088928223,-3.09568170060124,-3.79458479733293,-1.88216290637044,-2.56342527430523,0,0
2024-02-22,1.1243966652,0.113184054127496,-3.5150824594752,-2.18577058402203,0.817688703536987,-3.06536937845355,-3.75765965942063,-1.86332394327384,-2.53812077289857,0,0
2024-02-23,-1.0034170419,0.113107385395898,-3.51507999150806,-2.18570179697409,0.849262297153473,-3.12622963708239,-3.83164178113833,-1.90113546772276,-2.58874107660854,0,0
2024-02-26,-0.74512382207,0.11322295047112,-3.51510609586071,-2.18581029614187,0.878997147083283,-3.18235941686812,-3.90015695067606,-1.93608016410524,-2.63573304933739,0,0
2024-02-27,0.81143740335,0.11322059350426,-3.51514979740405,-2.1858175730041,0.872296035289764,-3.16981647542881,-3.88479606238949,-1.9282628514964,-2.6251752326365,0,0
2024-02-28,-0.66254175099,0.113387285069474,-3.51530607268373,-2.18599954824791,0.863631129264832,-3.15344838072025,-3.86487505515123,-1.91810048355163,-2.61152850353336,0,0
2024-02-29,-0.36930878632,0.113407687907884,-3.51530862583141,-2.18601827497268,0.864692747592926,-3.15543761377943,-3.86732979792456,-1.91934571389535,-2.61322274081578,0,0
2024-03-01,-0.6030428769,0.11317683783179,-3.51508585884196,-2.18576488783056,0.833856105804443,-3.09664918802062,-3.79573311544059,-1.88277014756113,-2.56419113720379,0,0
2024-03-04,-2.5381275741,0.112472397658061,-3.51434043811269,-2.18497754669656,0.833199918270111,-3.09541000478245,-3.79432784023702,-1.88197041322103,-2.56330695522089,0,1
2024-03-05,-2.844089092,0.110969197546964,-3.51290510990302,-2.18472674054968,0.983057022094727,-3.37204924242496,-4.13120141808724,-2.05517058863255,-2.80022623107051,0,1
2024-03-06,-0.58782036213,0.109781271574439,-3.51202643876376,-2.18366306161016,1.24387919902802,-3.80715837002878,-4.6605795863168,-2.32564356336395,-3.17208958906981,0,0
2024-03-07,-0.070955534557,0.11007147419743,-3.51283898364531,-2.1822294510344,1.16465127468109,-3.68094958431111,-4.50572666796626,-2.24496894806072,-3.06507335551185,0,0
2024-03-08,1.023668639,0.106734450327915,-3.50909118581911,-2.18017766006524,1.05711734294891,-3.50118017905208,-4.28794202495218,-2.13484163244371,-2.91573123050233,0,0
2024-03-11,1.1831546886,0.10685116393074,-3.5091112056996,-2.18081940572685,1.0431889295578,-3.47723643947495,-4.25896271660183,-2.12056408145584,-2.89587726576647,0,0
2024-03-12,0.27785817656,0.105765760714598,-3.5080743149726,-2.17928934130501,1.0813285112381,-3.54217361218153,-4.33805125507871,-2.16041068804216,-2.95026694139461,0,0
2024-03-13,-1.2122611557,0.105997443356309,-3.50830827085912,-2.17955003552253,1.03719365596771,-3.46695859907399,-4.24640467938864,-2.11371526943002,-2.88723037806883,0,0
2024-03-14,1.0927365163,0.105660843848557,-3.50796498097526,-2.17918888742758,1.06225037574768,-3.50984190421965,-4.29868278534139,-2.14033176262944,-2.92320048422867,0,0
2024-03-15,-0.21965317919,0.106006759598537,-3.50826622907807,-2.179828131724,1.06709110736847,-3.5180358335512,-4.308728036732,-2.14575792394709,-2.93013442903193,0,0
2024-03-18,0.63723786334,0.105843068175788,-3.5080838172607,-2.17973274688236,1.02081787586212,-3.43856808517192,-4.21197094763951,-2.09646151227744,-2.86361387293427,0,0
2024-03-19,1.358507944,0.105529542272859,-3.50781725120757,-2.17911975200565,0.998007893562317,-3.3987919944438,-4.16344492761075,-2.07141860843517,-2.83021673738015,0,0
2024-03-20,1.470922308,0.106517609558694,-3.50882331859892,-2.1801886322638,1.05092883110046,-3.49054629814449,-4.27510876619891,-2.12849884154957,-2.90695596532145,0,0
2024-03-21,-4.0857446689,0.107252415501442,-3.50963432895952,-2.18065516215557,1.10144901275635,-3.57610674400693,-4.37911223312205,-2.18134389180565,-2.97839672859606,1,1
2024-03-22,0.53101476333,0.105675543619558,-3.5176519637947,-2.18059721203165,1.63407027721405,-4.39096563668524,-5.37691481940086,-2.68179840838044,-3.66896354366444,0,0
2024-03-25,-0.83004411417,0.10605781292505,-3.51795202545676,-2.18098678957595,1.50784647464752,-4.21379027978236,-5.16100216280856,-2.57207183608471,-3.52035975375889,0,0
2024-03-26,-0.66725197539,0.105220598859162,-3.51711731318845,-2.18037041409599,1.39241969585419,-4.04500718340863,-4.95533264436907,-2.46763468642914,-3.3787772994552,0,0
2024-03-27,2.1212656886,0.104888021527681,-3.51684083190815,-2.18005216905585,1.28299057483673,-3.87860853496944,-4.75237132461088,-2.3644390602175,-3.23902573163553,0,0
2024-03-28,-1.0559113728,0.105736584758026,-3.51758114499785,-2.18088003526563,1.38938999176025,-4.0405203203546,-4.94988964966679,-2.46491879821763,-3.37504767287808,0,0
