"Date","Return","Vol_GARCH","Vol_MSGARCH","Vol_GAS","VaR_GARCH_1","VaR_MSGARCH_1","VaR_GAS_1","ES_GARCH_1","ES_MSGARCH_1","ES_GAS_1","VaR_GARCH_5","VaR_MSGARCH_5","VaR_GAS_5","ES_GARCH_5","ES_MSGARCH_5","ES_GAS_5","RV_AMZN"
2012-12-06,-0.23232005042,1.9627344900979,2.25588560358201,1.90868537317445,-4.62577294266779,-5.06072624918581,-4.20471049281844,-7.30489814096912,-7.88563158945273,-6.5253337455914,-2.60511974018737,-2.87846244945811,-2.52140451779957,-4.50595622621811,-4.77385567066161,-4.36526082937595,2.19956799889636
2012-12-07,-0.040217863261,1.95066550985638,2.24277728351456,1.86280329458544,-4.59866077275981,-5.02566325900649,-4.10481379184241,-7.30489814096912,-7.83464227081964,-6.50002639653617,-2.58417003655482,-2.86494986264161,-2.45750081704239,-4.46749328044758,-4.73846316002419,-4.23189942001738,1.49643964635931
2012-12-10,-2.1708616284,1.9385973529511,2.23976848889357,1.81074792251664,-4.58921874037036,-5.02217528255731,-3.99389375135563,-7.19032662278028,-7.83464227081964,-6.30890560281569,-2.56292807936596,-2.8705662215434,-2.39093152742435,-4.42273214461575,-4.75603430460845,-4.14026207260034,1.82358939317116
2012-12-11,1.1785123299,1.95141487795989,2.28363007948358,1.87750841766154,-4.60808481433872,-5.11966243950013,-4.145928503021,-7.30489814096912,-8.10600850742745,-6.50002639653617,-2.58500281964011,-2.93765493530307,-2.48137171007733,-4.46749328044758,-4.87676023421,-4.29006003900842,2.70640283727327
2012-12-12,0.42682197127,1.94542437372194,2.24602585347932,1.86569857447915,-4.60311169632293,-5.03464428427289,-4.12598929221122,-7.30489814096912,-7.88563158945273,-6.50002639653617,-2.57325478761046,-2.88872738243264,-2.46923606785312,-4.4523976538236,-4.80109338743125,-4.27033797687935,1.92775545610662
2012-12-13,-0.20257387978,1.93223146148443,2.22980301147517,1.81834157195809,-4.56593401625057,-4.9978762567763,-4.01699010794231,-7.19032662278028,-7.78516512135965,-6.33174395614753,-2.5509501766721,-2.86414791522733,-2.40741783619546,-4.42273214461575,-4.73846316002419,-4.1882665233436,1.72684045526326
2012-12-14,-0.81990049757,1.91824114310517,2.22306153595303,1.77471149121932,-4.52241597771408,-4.98218518161556,-3.91722051474307,-7.15373979143889,-7.73703740896897,-6.17918219961759,-2.53080292654162,-2.85244395226005,-2.34592614351792,-4.37939524646808,-4.73846316002419,-4.11076130514669,1.12988578576508
2012-12-17,1.8740719934,1.90731834721948,2.21661847364204,1.75312416585521,-4.48347449848419,-4.94615350877226,-3.86643728880481,-7.04764242283067,-7.64485399365667,-6.07779157003628,-2.51888170598417,-2.84711751276634,-2.31471569859179,-4.36526082937595,-4.73846316002419,-4.09320254674328,1.44294565514507
2012-12-18,2.5762231151,1.91285142580266,2.2324026476401,1.79808182278917,-4.49769803622218,-5.00086870376758,-3.97293393200884,-7.08224166706351,-7.78516512135965,-6.22109500152547,-2.52272972463835,-2.87095083849657,-2.37882290808954,-4.36526082937595,-4.75603430460845,-4.12242224794333,2.70020951875972
2012-12-19,-0.92549923183,1.93390418976081,2.27772567812844,1.87888444125814,-4.54634106598957,-5.10522409763352,-4.16341035137632,-7.15373979143889,-8.10600850742745,-6.5253337455914,-2.55021998914243,-2.9361243442487,-2.49593691511454,-4.41539158305333,-4.87676023421,-4.32371615197388,1.72543364300204
2012-12-20,1.3605178494,1.92664811469106,2.22462748524009,1.86004746416798,-4.5204877717203,-4.98297170474722,-4.12104018598824,-7.15373979143889,-7.73703740896897,-6.50002639653617,-2.5383916978899,-2.86394845480389,-2.47118487053945,-4.38651661631313,-4.73846316002419,-4.27033797687935,1.5613693071154
2012-12-21,-1.7514340344,1.92181535524451,2.22119691479631,1.86196489877103,-4.50063555355458,-4.97960445387165,-4.12611976827786,-7.08224166706351,-7.69033469031017,-6.50002639653617,-2.52982874406889,-2.85760326138535,-2.47445360394539,-4.37231136269425,-4.73846316002419,-4.27687874503527,1.91905050616802
2012-12-24,0.66168457106,1.92835896857883,2.2415059077341,1.89790759550717,-4.5060089938077,-5.02964377579296,-4.21197046209501,-7.08224166706351,-7.83464227081964,-6.5253337455914,-2.53945021071435,-2.88687145107989,-2.52533189350244,-4.38651661631313,-4.79194169827225,-4.37231136269425,1.07181461383669
2012-12-26,-3.8622689661,1.91484736307201,2.21225407755202,1.85898391704353,-4.47238433596951,-4.95552723077122,-4.11917507713146,-6.98088991413506,-7.64485399365667,-6.50002639653617,-2.51948275326369,-2.84489616080184,-2.47033078553685,-4.36526082937595,-4.73846316002419,-4.27033797687935,2.17106074306164
2012-12-27,-0.12926766285,1.98052663011588,2.54606096303055,2.00077299833861,-4.62001070067052,-5.72398980746859,-4.44252695464299,-7.30489814096912,-9.13170543268378,-6.94853599675256,-2.61685346801252,-3.30287279985719,-2.66675972459763,-4.52687754955228,-5.41300018012208,-4.58323543555598,3.64522102759125
2012-12-28,-1.2605211228,1.96750990067705,2.251896918568,1.94872493587808,-4.58915393613648,-5.05634553238819,-4.32643848534715,-7.19032662278028,-7.88563158945273,-6.76667627965714,-2.59730856122091,-2.90302083698447,-2.59729559822005,-4.48021148646235,-4.8242625429335,-4.48021148646235,2.00043141718135
2012-12-31,2.3207439433,1.96255577634691,2.24745907029485,1.94618908108964,-4.58059103029816,-5.04755405932265,-4.3207413586597,-7.19032662278028,-7.88563158945273,-6.73791131844235,-2.59246035422039,-2.8981854194325,-2.59475068252035,-4.47261667681653,-4.8242625429335,-4.47261667681653,3.75279254671509
2013-01-02,2.5670666082,1.97337218711866,2.2830692406348,2.00999486938907,-4.60269204943674,-5.11728591646623,-4.46452724734536,-7.30489814096912,-8.10600850742745,-6.98088991413506,-2.60687457824346,-2.94495789643577,-2.68162346972492,-4.51112321139547,-4.90096804597273,-4.59139958007425,2.38724905442002
2013-01-03,0.45470444202,1.98807966598301,2.30575861475181,2.08484071938017,-4.63589400824758,-5.16677378300569,-4.63170585670928,-7.30489814096912,-8.10600850742745,-7.30489814096912,-2.62815121351781,-2.97585908143364,-2.77659764318906,-4.54278211578661,-4.94087271171907,-4.64940835876947,1.34809943074255
2013-01-04,0.25920767548,1.97360515092527,2.2454678944124,2.03168308042113,-4.60583564905396,-5.03573892455122,-4.51486916889876,-7.30489814096912,-7.88563158945273,-7.15373979143889,-2.60898599432903,-2.89286052906863,-2.70708986778535,-4.51112321139547,-4.79660140455407,-4.61611282877609,1.2785375330089
2013-01-07,3.5922052864,1.95735935196377,2.23792636544769,1.97928327957201,-4.57498133099235,-5.01832300187826,-4.39264078056632,-7.19032662278028,-7.83464227081964,-6.82541008344756,-2.58903522641596,-2.8833596931741,-2.63390556282355,-4.46506266071125,-4.77850577210806,-4.54278211578661,2.27442834106344
2013-01-08,-0.77449385235,2.00077716447447,2.41820870473951,2.10699103317383,-4.67148234716699,-5.43490681809528,-4.67795374559282,-7.3444926526403,-8.63590772560233,-7.3444926526403,-2.64856009761248,-3.126090446487,-2.80388530321156,-4.55881226383629,-5.13594570312102,-4.6828340920518,1.99892590858623
2013-01-09,-0.011262106636,1.9889184812043,2.27308583118992,2.07110836028004,-4.6491693447601,-5.10212337578375,-4.59621009234248,-7.30489814096912,-8.10600850742745,-7.26564409913768,-2.63388219312681,-2.92449257120247,-2.75563513480534,-4.54278211578661,-4.86207478660644,-4.64940835876947,1.73013666862283
2013-01-10,-0.37920030045,1.97147171766357,2.25525074937079,2.01275961741002,-4.61792992311413,-5.06160117222164,-4.46044656604806,-7.30489814096912,-7.88563158945273,-6.98088991413506,-2.60968122094902,-2.89794398681762,-2.67846437750284,-4.51112321139547,-4.81495686748116,-4.58323543555598,2.35656608265773
2013-01-11,0.97987487752,1.95551491202382,2.24869665283126,1.96986954194306,-4.58962229592661,-5.04636395592811,-4.36033717720098,-7.19032662278028,-7.88563158945273,-6.7958332542506,-2.58927506620789,-2.88340554658673,-2.6151484682815,-4.46506266071125,-4.77850577210806,-4.52687754955228,1.31207517991635
2013-01-14,1.7877136674,1.9424781659341,2.23849411191483,1.94369102891152,-4.56622741488703,-5.02000722886389,-4.29665576562325,-7.19032662278028,-7.83464227081964,-6.6819350705977,-2.57335056715216,-2.86356330153812,-2.57237683774878,-4.45004654351394,-4.73440670542269,-4.45004654351394,2.73249581529826
2013-01-15,-0.30433029015,1.94501882973012,2.25662745508654,1.96830339651054,-4.56561038394023,-5.05979812026631,-4.35477182514541,-7.19032662278028,-7.88563158945273,-6.7958332542506,-2.57426297899434,-2.89200146760423,-2.61107771118625,-4.4560767049888,-4.80551532392788,-4.51760509997645,1.42063389544053
2013-01-16,-1.0923133504,1.92897538563352,2.22639303667226,1.92193045469161,-4.53666013569925,-4.99016846183454,-4.24456443283231,-7.15373979143889,-7.73703740896897,-6.60186868699556,-2.5538851827326,-2.84930844408845,-2.54375859196309,-4.42635325796732,-4.74274112649535,-4.39722687284535,1.02776545452691
2013-01-17,0.57635816011,1.92512817310904,2.23229552078836,1.91088157971116,-4.52349732803037,-4.99462876124715,-4.22250240102437,-7.15373979143889,-7.78516512135965,-6.5253337455914,-2.54572541862707,-2.85458562130782,-2.53092559953448,-4.41032570481641,-4.75136519100187,-4.38866924923127,1.17285099177659
2013-01-18,0.60632948826,1.91087426664095,2.20428052151538,1.87313671162494,-4.4948881751029,-4.93294815645828,-4.1363952155961,-7.08224166706351,-7.60041592386721,-6.50002639653617,-2.5274309367055,-2.82900578761272,-2.47937747307224,-4.38152245050923,-4.73363351745926,-4.29856236072978,1.79773799920314
2013-01-22,-0.70924592092,1.90052138575934,2.20428235650563,1.82809843170871,-4.46487110740239,-4.92805508041009,-4.04229448171147,-7.00611361089474,-7.64269137325833,-6.36771097035152,-2.50532142120593,-2.81765343130823,-2.42124450234128,-4.34360569355644,-4.70584122255459,-4.2116966052993,0.778920224845221
2013-01-23,-0.7698286392,1.88812195392217,2.18916481572977,1.8012914907373,-4.44361004693361,-4.91044719745865,-3.97739987149936,-6.97301193228961,-7.64269137325833,-6.23211601144095,-2.48992961910019,-2.80592225425085,-2.37647932077034,-4.32288264080824,-4.69719443825662,-4.12646092916711,1.0591375492912
2013-01-24,2.0551266272,1.88194468676532,2.19480729907418,1.77422081398412,-4.42058726763894,-4.92870377372058,-3.92184266384623,-6.90884605133544,-7.64269137325833,-6.18960550091869,-2.4847984902864,-2.81064208051057,-2.34992740915479,-4.31602488574701,-4.69719443825662,-4.12060629050903,2.98288827476818
2013-01-25,3.7899276369,1.88818021574918,2.22452327733685,1.82992553686577,-4.43606281137269,-4.99444943440945,-4.04778521981402,-6.90884605133544,-7.83375933851964,-6.36771097035152,-2.49415659881589,-2.85292615283413,-2.42645326721944,-4.32288264080824,-4.74989794325822,-4.2116966052993,1.79425819311801
2013-01-28,-2.7993943449,1.94251886700849,2.46329656996194,1.96640230683514,-4.55668488642424,-5.5426450713965,-4.35815259095999,-7.22070430367143,-8.71044641717381,-6.81695452612683,-2.56796419600254,-3.17226861358538,-2.61027757922452,-4.43731322425896,-5.25651711278061,-4.52208064129917,3.6714357442969
2013-01-29,-5.6839588465,1.97380372761539,2.39511370542969,2.05767326595995,-4.62102402338989,-5.37959451258284,-4.56685144967088,-7.33834603918657,-8.63590772560233,-7.22070430367143,-2.61346351754858,-3.0763541582043,-2.74403455072448,-4.53085061644226,-5.10192181680843,-4.63790848393938,3.7139808700605
2013-01-30,4.7681966584,2.11301001566228,3.57860964623206,2.25424593860656,-5.02066309075544,-8.21298165367689,-5.03595737826268,-7.84571494735714,-11.6999518880167,-7.89690558738182,-2.8092804756187,-4.69799326950364,-3.0138827654297,-4.70167973102136,-7.39421440581212,-5.00645096844202,13.6817268366374
2013-01-31,-2.6631080347,2.19188792447033,3.65856949601968,2.43005189610165,-5.19613131744922,-8.41348838347635,-5.41773157304446,-8.11603242037059,-11.9042543001471,-8.56881797835,-2.91614918157106,-4.81226512532041,-3.25146580355271,-4.85542301966305,-7.61058100396721,-5.34959703028176,4.32468313602159
2013-02-01,-0.18832391715,2.2105815109025,2.71197320257858,2.50281167012015,-5.23510565722015,-6.19110802497978,-5.57068135038825,-8.29689816209375,-9.87508992707333,-8.7135036383881,-2.93902087510307,-3.52247703501712,-3.34869875266201,-4.89423577617739,-5.66532326198613,-5.45853773900199,2.40982339940852
2013-02-04,-1.8943396227,2.18858984431163,2.40709051758101,2.42476301059629,-5.1936955262889,-5.4795634313993,-5.40425391380485,-8.11603242037059,-8.56881797835,-8.56881797835,-2.91494368190189,-3.11216206196301,-3.24348856430709,-4.85542301966305,-5.13946882747386,-5.3364773816575,2.56472477642784
2013-02-05,2.6578967614,2.19040440342477,2.41907223935202,2.44239355123799,-5.19515660376419,-5.50535863271984,-5.441515018316,-8.11603242037059,-8.64006298529767,-8.56881797835,-2.91610274976147,-3.12587940219377,-3.26674779744074,-4.85542301966305,-5.13946882747386,-5.37617340389045,3.15762900598015
2013-02-06,-1.7497845554,2.2015240396895,2.44540484295887,2.50648949778148,-5.21939520458103,-5.5676904460324,-5.57023692483967,-8.1740551659,-8.7135036383881,-8.7135036383881,-2.93190737672213,-3.16047932424122,-3.35126186924739,-4.884459397597,-5.18605185228023,-5.45853773900199,1.78206247574258
2013-02-07,-0.75890473654,2.20073084465346,2.42492213687371,2.51473945329565,-5.21437508407693,-5.51561976998491,-5.58467131027157,-8.11603242037059,-8.64006298529767,-8.79014240329268,-2.93096105689216,-3.12961499173593,-3.3577165196595,-4.884459397597,-5.16259240651264,-5.45853773900199,3.69612273970065
2013-02-08,0.66095377169,2.18344346612895,2.39787224403486,2.45892212696121,-5.18122219194925,-5.45055567859455,-5.44114783752881,-8.11603242037059,-8.56881797835,-8.56881797835,-2.90976439682593,-3.09253758330746,-3.27929146034782,-4.83646657344195,-5.12797830894633,-5.40335124026581,1.93156716394822
2013-02-11,-1.8095056309,2.1645471510039,2.38282530420505,2.39956732812241,-5.14349123419906,-5.41685007395235,-5.30492088954494,-8.05943062933269,-8.56881797835,-8.4286499634,-2.88674919535582,-3.07338830238629,-3.19574174788801,-4.80845411679904,-5.10517342032626,-5.29733233205521,2.2294056466979
2013-02-12,0.57929318464,2.16401952144317,2.40444218829037,2.41372267502707,-5.14256711640946,-5.46439752645649,-5.33223373098769,-8.05943062933269,-8.56881797835,-8.4286499634,-2.88664157821938,-3.09988943804423,-3.21252914158537,-4.80845411679904,-5.12797830894633,-5.32336762432919,1.67317399026925
2013-02-13,4.1631233089,2.14471846890733,2.37528305600735,2.35400929556992,-5.10531119395865,-5.39549945620527,-5.19443045782913,-8.05943062933269,-8.56881797835,-8.11603242037059,-2.86496633042669,-3.0600404114695,-3.12819728333205,-4.75426271383411,-5.07165978233571,-5.15097042764171,3.25211111575321
2013-02-14,-0.085352729366,2.20014585732321,2.60484189514137,2.50176956615717,-5.22822203159002,-5.93138104826205,-5.52337282281026,-8.23429134406939,-9.53195211715455,-8.64006298529767,-2.94020199424146,-3.36625389914961,-3.33459272571759,-4.89423577617739,-5.45853773900199,-5.43082886596863,2.51000625563636
2013-02-15,-1.5413757244,2.18194749265344,2.39840651840108,2.43009027904553,-5.18667572413191,-5.45861503926328,-5.36007276820727,-8.11603242037059,-8.56881797835,-8.56881797835,-2.91313287092972,-3.08778558164013,-3.23309587037324,-4.84591043395735,-5.11652695684663,-5.3364773816575,2.0481269536453
2013-02-19,1.7578935456,2.17935577142894,2.40185869498786,2.42098639886009,-5.1734964855817,-5.46126216109076,-5.34807359407465,-8.11603242037059,-8.56881797835,-8.56881797835,-2.9071968024025,-3.10103672742325,-3.22209154942584,-4.83646657344195,-5.12797830894633,-5.32336762432919,1.31819503484801
2013-02-20,-1.2381835032,2.17288064283482,2.38397379713831,2.42346106623387,-5.16045067349642,-5.44403819232652,-5.34914028964995,-8.05943062933269,-8.56881797835,-8.56881797835,-2.9003120719617,-3.08962604063506,-3.222785162559,-4.83646657344195,-5.11652695684663,-5.32336762432919,3.47713541631351
2013-02-21,-0.17641980412,2.1629118417653,2.3843526865276,2.39226502915341,-5.1372548129738,-5.42571757773255,-5.32625141929198,-8.05943062933269,-8.56881797835,-8.4286499634,-2.88883089865422,-3.08416484942443,-3.19037333929599,-4.81772978715459,-5.10517342032626,-5.28448623249024,2.44449431980959
2013-02-22,-0.195532827,2.14370913041316,2.36454959359208,2.32531094841585,-5.09931699732462,-5.37905614545275,-5.16629192610657,-8.05943062933269,-8.56881797835,-8.05943062933269,-2.8638130781928,-3.05637182854958,-3.09618841409046,-4.75426271383411,-5.07165978233571,-5.12797830894633,1.9461987310228
2013-02-25,-2.0910255443,2.12540165604612,2.3448156348721,2.265841337966,-5.06246197023597,-5.34646698895573,-5.03030897457237,-7.89690558738182,-8.56881797835,-7.89690558738182,-2.84068239570757,-3.03898731275258,-3.01155386941054,-4.75426271383411,-5.06057161278798,-5.00645096844202,2.75530138829878
2013-02-26,-0.19625197228,2.13395015081745,2.38210903494468,2.29826438419177,-5.07370515374121,-5.44369517768758,-5.12236169126074,-7.94936743372593,-8.56881797835,-8.05943062933269,-2.84941231019074,-3.08788017379474,-3.06398492141713,-4.75426271383411,-5.11652695684663,-5.07165978233571,3.87976478089069
2013-02-27,1.4998457744,2.11680291954604,2.33165801019016,2.2405148950059,-5.03707203560272,-5.36341683075105,-4.9816597295298,-7.89690558738182,-8.56881797835,-7.74772826907414,-2.82637346367117,-3.02849104840612,-2.97933813633845,-4.7277030302212,-5.04956447974783,-4.95426089628238,2.76673119964123
2013-02-28,0.3874643875,2.1099393471658,2.33738001504273,2.22988416791893,-5.0191558109801,-5.37082074384666,-4.93989358867436,-7.87769798549818,-8.62654286506512,-7.68177392637119,-2.81475994172399,-3.01740957378181,-2.96327495171659,-4.70399402529266,-5.01134977871344,-4.91797364479641,2.25299585343368
2013-03-01,0.55624929064,2.09447761950732,2.3140278258013,2.17226613920427,-4.98328556320731,-5.32499537146541,-4.81011340433967,-7.7768700308193,-8.48069445481778,-7.63597988987333,-2.79120844748236,-2.9842266066558,-2.88418656349134,-4.65294378556429,-4.94836304756719,-4.79306943487692,2.12340347977149
2013-03-04,2.7733875215,2.08075354506941,2.3077061051905,2.1195437972257,-4.94926173951489,-5.31314389486861,-4.69629708546836,-7.68177392637119,-8.48069445481778,-7.41433081436923,-2.77135035712239,-2.9756720122695,-2.81541321867387,-4.65294378556429,-4.93814885031088,-4.70399402529266,2.43320833207989
2013-03-05,0.90805902382,2.0959903203052,2.37527386413722,2.20249983286291,-4.98442940373454,-5.4701731074136,-4.87907953500203,-7.7768700308193,-8.62654286506512,-7.63597988987333,-2.79302956071514,-3.06613555770833,-2.92596555889912,-4.66128988293856,-5.0660521134558,-4.87841824959698,3.35824735008363
2013-03-06,-0.65314416333,2.08328908956882,2.30497064033405,2.16413860669851,-4.95493265658627,-5.32836934618202,-4.7920742426911,-7.68177392637119,-8.48069445481778,-7.58947495315902,-2.77434356518449,-2.97435969020478,-2.87357601394897,-4.65294378556429,-4.92803135294278,-4.76583554685924,1.55376335214231
2013-03-07,0.032871909207,2.07266474622045,2.29514980183099,2.11758509306239,-4.92610603918247,-5.32809034465998,-4.69441296355047,-7.63597988987333,-8.48069445481778,-7.41433081436923,-2.75482392613756,-2.95389656877393,-2.81204655754136,-4.65483568239058,-4.90150022625408,-4.69748551459541,1.54385053379753
2013-03-08,0.11318825763,2.05700786809924,2.2748836639743,2.05828546042112,-4.89160741135963,-5.2989784202016,-4.55863963869274,-7.63597988987333,-8.48069445481778,-7.21495160362714,-2.73136605100634,-2.93619438423307,-2.73442128882678,-4.63792701143956,-4.88168778220455,-4.63792701143956,1.02064943247762
2013-03-11,-1.0758962761,2.04339983794568,2.2641488954366,2.00143862917347,-4.85738565773901,-5.00298681597447,-4.44259102713013,-7.63597988987333,-7.82656846346429,-6.96778220497662,-2.70869998135104,-2.91799250662314,-2.65779724216827,-4.62100448770793,-4.87185413046683,-4.57107773567296,0.778922276878229
2013-03-12,1.0654770682,2.033694171348,2.27147398110999,1.98862245166404,-4.83887520560166,-5.02219739611338,-4.40254730294295,-7.63597988987333,-7.87769798549818,-6.8726859656675,-2.69733634288232,-2.92711896462799,-2.63729575009482,-4.60424695772445,-4.88168778220455,-4.53860802446793,3.46347598860388
2013-03-13,0.35384671519,2.02258373573216,2.25714343723989,1.96765850454529,-4.814764386477,-4.99270656989222,-4.35358658533388,-7.63597988987333,-7.7768700308193,-6.81204368462561,-2.6818262862748,-2.90639737823446,-2.6086289684845,-4.59590508803696,-4.83329038873251,-4.50675567010373,1.85533582481118
2013-03-14,-3.4023991276,2.00822669940155,2.19872647340086,1.91724582511415,-4.78224252528154,-4.71007163384687,-4.23898563386259,-7.58947495315902,-7.41433081436923,-6.61462476254045,-2.66186296463602,-2.83653207037438,-2.54067443125674,-4.57932012088793,-4.74147582077324,-4.37943894851589,2.00100451466479
2013-03-15,-1.4751260633,2.05248534567518,2.46112802745985,2.03886636311109,-4.87862488312209,-5.66853894700361,-4.5218238986402,-7.63597988987333,-9.12082194611351,-7.17750263408592,-2.72887960674871,-3.19359120663758,-2.71507202484104,-4.63246007390044,-5.28734488030679,-4.61565972735658,1.57651699609482
2013-03-18,-1.5010312427,2.05288479131407,2.30788358379229,2.04723259229732,-4.87143086433687,-4.96278141908261,-4.54411461711604,-7.67209340191186,-7.76768221202105,-7.20139149057857,-2.71935375516173,-2.98467687592395,-2.72152928234739,-4.62858086231956,-4.95140678940895,-4.62858086231956,2.25654647474049
2013-03-19,-0.57388809182,2.05177034083806,2.27954672978359,2.05380186666311,-4.86477280830518,-5.22971028788966,-4.55864645173581,-7.67209340191186,-8.40563437502826,-7.23972941412029,-2.71673575126968,-2.94576320298368,-2.7357724743555,-4.62012895392345,-4.8907712285398,-4.62858086231956,2.83229348541759
2013-03-20,0.3385203383,2.03612653681029,2.25002878108296,2.01192270625632,-4.83618115687012,-4.92231492609106,-4.45935608254158,-7.67209340191186,-7.67209340191186,-7.02075550327067,-2.69754767324316,-2.9019015221106,-2.67693313743072,-4.59506406011747,-4.82293135645665,-4.57851201930433,2.4377517983996
2013-03-21,-1.5112057774,2.02280629093797,2.19957513973472,1.96172285588866,-4.80354657317342,-4.71254684083547,-4.34917657028315,-7.67209340191186,-7.444159691475,-6.82817653653951,-2.67522262220669,-2.83682888897517,-2.60581079979042,-4.58659924736739,-4.73160312804085,-4.49756628608382,1.14768452771263
2013-03-22,1.7206677454,2.01903812756396,2.26037987580027,1.97667102563198,-4.79905276333785,-4.95591259935674,-4.38278673348078,-7.62421149105167,-7.71929963752241,-6.858897077495,-2.67360542051421,-2.9157957290589,-2.62608558288112,-4.58659924736739,-4.84194174525721,-4.52935132376456,1.64720032771836
2013-03-25,-0.67119301648,2.01927327294705,2.2573927280044,1.9969073122516,-4.79329627427949,-4.93055161141718,-4.42943466897727,-7.62421149105167,-7.67209340191186,-6.92167777401026,-2.67050000333154,-2.91087155953644,-2.65597554768679,-4.59359539779301,-4.84159535090796,-4.57686276404805,2.46174638110462
2013-03-26,1.6756503399,2.00859490248018,2.20180726734663,1.96000301614849,-4.76726350558626,-4.69208668977756,-4.34763748040946,-7.62421149105167,-7.444159691475,-6.82817653653951,-2.6547690333507,-2.78133301616842,-2.60562990484167,-4.57686276404805,-4.65288735505045,-4.50387080894292,1.44625755027571
2013-03-27,1.9169451807,2.00430456910919,2.23659233349932,1.98030040262176,-4.76059851933719,-5.09658039114935,-4.39384799909283,-7.62421149105167,-8.09010096763529,-6.858897077495,-2.65165236273358,-2.88962036129375,-2.63194034965918,-4.56857125462371,-4.81306373993235,-4.54401824630723,2.6479982415375
2013-03-28,0.44854881271,2.00463322296971,2.26382102358244,2.01419837325865,-4.76251170420031,-4.95636459409333,-4.46700109606899,-7.62421149105167,-7.71929963752241,-7.02075550327067,-2.65382414936832,-2.92080322962387,-2.67948557710761,-4.57686276404805,-4.87076569500505,-4.59359539779301,1.08633137214637
2013-04-01,-1.8312131788,1.98812929280252,2.17995596901796,1.96789945759356,-4.73155700366948,-4.64762797669979,-4.35729604642126,-7.48742513711429,-7.36001837792121,-6.82817653653951,-2.6347193385555,-2.73168180168467,-2.61227533796693,-4.54401824630723,-4.63592059474107,-4.5197906654584,1.67606577809911
2013-04-02,0.65440923518,1.99247803502005,2.22265209950357,2.00517524548367,-4.74122428686252,-5.09407610624567,-4.43883128361087,-7.48742513711429,-8.09010096763529,-6.95394813382468,-2.64171756755341,-2.89685596243073,-2.66188450449897,-4.54401824630723,-4.82250528219261,-4.58520197447522,1.59912886011244
2013-04-03,-1.6299435673,1.97790858127217,2.22582451385939,1.95499435736925,-4.71916040256049,-5.1169390142313,-4.34207117788356,-7.48742513711429,-8.149969243922,-6.79791398595244,-2.63728565583119,-2.88280770735903,-2.60292234012921,-4.54401824630723,-4.79436906460777,-4.50387080894292,1.24675563634429
2013-04-04,0.019302783585,1.97723550197825,2.24642536964753,1.98055098892029,-4.70611178520542,-5.16223040205325,-4.39612892219833,-7.444159691475,-8.149969243922,-6.858897077495,-2.63862892108238,-2.90929311589189,-2.63471891971303,-4.54401824630723,-4.83203259683564,-4.54401824630723,2.45949615377671
2013-04-05,-1.3895321909,1.96017467870266,2.21810296944931,1.92790786896888,-4.67356089667159,-5.09609736358728,-4.27251437568708,-7.40167918590462,-8.09010096763529,-6.65442526018736,-2.61976814328459,-2.86884832005786,-2.56117149562371,-4.52783481709409,-4.76685591024928,-4.41974340999084,1.92983134628435
2013-04-08,1.3582276501,1.95620894496886,2.23314509614777,1.9373684049868,-4.66771360130492,-5.12647156047808,-4.29112935696335,-7.40167918590462,-8.149969243922,-6.71007635881059,-2.61641454935548,-2.88774407035356,-2.5726366631285,-4.52783481709409,-4.80367508926537,-4.4497208284664,1.64944085755574
2013-04-09,0.84572311243,1.94756587360066,2.22050829989441,1.92695100779663,-4.65320060234234,-5.10294351853129,-4.35049021428661,-7.40167918590462,-8.149969243922,-6.82817653653951,-2.60660328748553,-2.87333618108747,-2.57838198930724,-4.50387080894292,-4.76685591024928,-4.45732979694593,1.84788787858494
2013-04-10,1.3900589722,1.93680017433254,2.20741119782598,1.90644885519861,-4.62706059392726,-5.07124734929826,-4.21864658323061,-7.36001837792121,-8.03219059407692,-6.57392363226222,-2.58961302078409,-2.8548884577092,-2.52986999696264,-4.46497944786245,-4.74884908893697,-4.36881742960659,1.41185970856566
2013-04-11,1.9186463724,1.93087259442067,2.20447359101812,1.90988995283294,-4.61424764052087,-5.07372314319145,-4.22609049738704,-7.36001837792121,-8.03219059407692,-6.57392363226222,-2.58146114456277,-2.85691098211962,-2.53385047753066,-4.45732979694593,-4.74884908893697,-4.37597040956031,1.6447648589269
2013-04-12,1.1191402631,1.9362434851273,2.22421796681401,1.94710280000964,-4.62056389792519,-5.1140376271777,-4.31523745880163,-7.36001837792121,-8.149969243922,-6.76807953523494,-2.58710142642814,-2.8811432864057,-2.58621528152762,-4.46497944786245,-4.79436906460777,-4.46497944786245,1.77021522695916
2013-04-15,-1.8873456223,1.92533484841136,2.20338100788057,1.93157960251894,-4.60077828175727,-5.06356699973665,-4.27636254597131,-7.36001837792121,-7.97618635427925,-6.65442526018736,-2.57338776827529,-2.8510221117864,-2.56360512482116,-4.4497208284664,-4.74884908893697,-4.41974340999084,3.21693888806977
2013-04-16,1.7256835499,1.93191957769084,2.23348570862979,1.97488672287301,-4.61715375924015,-5.13620157608661,-4.37171721236068,-7.36001837792121,-8.149969243922,-6.858897077495,-2.5845079442252,-2.89375981788842,-2.62125137174,-4.46497944786245,-4.81306373993235,-4.52783481709409,1.55429645254921
2013-04-17,-1.8139090843,1.93133473342294,2.21878612531174,1.99730141056372,-4.61586861787043,-5.10174427897694,-4.42164751964123,-7.36001837792121,-8.149969243922,-6.92167777401026,-2.58410596967733,-2.87377542920966,-2.6511337730677,-4.46497944786245,-4.76685591024928,-4.56857125462371,2.33666155263991
2013-04-18,-2.9842931936,1.93854448454627,2.22681379831621,2.03084645685537,-4.62833387277508,-5.13125070672598,-4.49953422090105,-7.36001837792121,-8.149969243922,-7.12658364888333,-2.59377156928485,-2.88978847327117,-2.69761273966441,-4.47265695926107,-4.81306373993235,-4.6104261647674,3.28578490486118
2013-04-19,0.34692776189,1.97777562375417,2.44180720949397,2.13145327817697,-4.70572114347055,-5.45598755476005,-4.7346506212672,-7.444159691475,-8.70085858376667,-7.48742513711429,-2.64665353250667,-3.17394640178732,-2.8430460126544,-4.55359898261538,-5.26021506007239,-4.74052571207217,2.84529346629799
2013-04-22,1.2407805778,1.96141696991949,2.23263531063733,2.07569536254414,-4.67377955665986,-4.9829609738245,-4.60684810588049,-7.40167918590462,-7.8174340906625,-7.36001837792121,-2.62392650265786,-2.89169547587226,-2.76556943249715,-4.52134934808782,-4.80414290799902,-4.64540487002152,3.28692984071477
2013-04-23,2.0299753367,1.95107082894913,2.22066459864447,2.06274869226893,-4.65622666164066,-5.10479848321902,-4.57185051515857,-7.40167918590462,-8.149969243922,-7.23972941412029,-2.6116338045042,-2.87875459592153,-2.74523648227265,-4.50544414904958,-4.77646835607548,-4.62858002851378,3.30765731238233
2013-04-24,-0.044626255112,1.95511118099961,2.23618485349463,2.10142354013048,-4.66625863687937,-5.15930542114203,-4.65737385378366,-7.40167918590462,-8.149969243922,-7.40167918590462,-2.61857236605443,-2.90709712531812,-2.79741683418441,-4.52134934808782,-4.82293043228769,-4.679215366979,2.1153928283793
2013-04-25,2.2025448323,1.94329461521208,2.20820237595186,2.04111275416982,-4.63456302099738,-4.86938780053238,-4.52843909109795,-7.36001837792121,-7.67209340191186,-7.20139149057857,-2.59752709925114,-2.85328711164735,-2.71459200679111,-4.47410523630123,-4.74162621242417,-4.62061412377244,1.50822991158138
2013-04-26,-7.2406261376,1.95022934662785,2.27218234773318,2.09254342317007,-4.65305496781956,-5.01792459292657,-4.64079916017578,-7.40167918590462,-7.92163160227407,-7.36001837792121,-2.60804830604109,-2.93901006068969,-2.78235426471969,-4.50543211562385,-4.88277464040969,-4.64602236881532,9.26102623149265
2013-04-29,-1.989717829,2.18220635438252,2.33583700436674,2.31123878566455,-5.27531053055015,-5.59879159530705,-5.1510787650914,-8.51925764277333,-8.81828821519512,-8.13213898693529,-2.92838882881578,-3.08479165790606,-3.08531834874406,-4.88486573594949,-5.11962228479318,-5.11962228479318,4.53746354918104
2013-04-30,1.6296948826,2.18866202645119,3.10546079909881,2.33835666542122,-5.28452991200394,-6.9768070858262,-5.22121140049922,-8.51925764277333,-10.519791297112,-8.25207048782449,-2.93485898623145,-4.07579561105077,-3.12726720674339,-4.88486573594949,-6.49797234151915,-5.15451762220925,2.31602386632236
2013-05-01,-2.1984949372,2.17913153519776,2.47745245313674,2.33609489852245,-5.26596361877754,-5.53981349081949,-5.20966256143501,-8.44869306671522,-8.66689968966977,-8.191326980946,-2.9230696698697,-3.23786961052401,-3.12220360843815,-4.87501611459497,-5.3427095244943,-5.14286343356494,3.97485804576205
2013-05-02,1.7403214761,2.19204219862734,2.44812675412582,2.37570474734138,-5.29167484061469,-5.4567817221105,-5.31593803487088,-8.51925764277333,-8.66689968966977,-8.51925764277333,-2.94189112605383,-3.20174234060838,-3.18608090119026,-4.90471060809847,-5.31611522097375,-5.2899226292179,2.87673187324328
2013-05-03,2.177786577,2.18313582588957,2.31578101416109,2.37869380029442,-5.27656098453745,-5.52308874871016,-5.31702413526122,-8.51925764277333,-8.66689968966977,-8.51925764277333,-2.93201544165999,-3.05021139198097,-3.18742914992165,-4.88486573594949,-5.07418780105556,-5.2899226292179,1.62132440866327
2013-05-06,-0.90292578952,2.18518968699423,2.38460592064521,2.41057809126461,-5.28186205439925,-5.78860235338426,-5.38812851831973,-8.51925764277333,-9.35792096677429,-8.66689968966977,-2.93424915465539,-3.11966711229989,-3.23209310773224,-4.88486573594949,-5.14286343356494,-5.3427095244943,2.50174710959622
2013-05-07,0.78601595487,2.16904168832632,2.35806295266523,2.3665215222185,-5.24666480429568,-5.25326504194572,-5.27800595259611,-8.38084696572128,-8.38084696572128,-8.51925764277333,-2.91341256545779,-3.08057096964413,-3.1687124005965,-4.84592705309851,-5.10812297199605,-5.25146602232121,2.65333432780577
2013-05-08,0.36860280143,2.15144408363258,2.32538734071507,2.29890662086887,-5.20489272663497,-5.2199778123567,-5.25621759648437,-8.191326980946,-8.25207048782449,-8.38084696572128,-2.88877131417723,-3.02188265925087,-3.09309491447024,-4.81747122994927,-5.01896989456865,-5.13122219707657,1.37666610214878
2013-05-09,0.57213545679,2.13090694508932,2.30903543087033,2.25238842963494,-5.15916582302229,-5.16439002678155,-5.01883436242227,-8.13213898693529,-8.13213898693529,-7.90924968473455,-2.86147404196351,-3.00021502136639,-3.00807534546897,-4.75341394792028,-4.99746527605508,-5.00819626812903,1.93642218781937
2013-05-10,1.3337945878,2.11151325382475,2.31054016940477,2.19841181412634,-5.11688168435147,-5.15307360865889,-4.89226399679304,-8.13213898693529,-8.13213898693529,-7.66490228084,-2.83515177629643,-3.01935163824817,-2.93219995508116,-4.74442997495869,-5.01896989456865,-4.88486573594949,1.87899022585415
2013-05-13,0.33380116074,2.0991840311557,2.29067611476067,2.18467923500379,-5.09266047614994,-4.96363288079241,-4.85448332343035,-8.07376491321154,-7.75859503832414,-7.66490228084,-2.81964426034622,-2.98270742400631,-2.91129778799738,-4.71782138041389,-4.95541303236178,-4.84592705309851,1.68893725315697
2013-05-14,1.4441798043,2.08487985948045,2.27562092987999,2.12167635017871,-5.0522236070046,-4.93555425345985,-4.70874823519521,-7.99753326743774,-7.73880629954655,-7.46183760393437,-2.79920140059272,-2.96284357255241,-2.823139461665,-4.68518913590826,-4.91862075151969,-4.71134966711256,1.16878421295732
2013-05-15,-0.65963552343,2.07505986064409,2.28369046299832,2.11796556438952,-5.03254506274889,-4.96857587585275,-4.6960684785397,-7.99753326743774,-7.78753109618596,-7.46183760393437,-2.78783100287367,-2.97928414613619,-2.8161709378996,-4.65111870393874,-4.94934026021526,-4.70259093436019,2.04578230168511
2013-05-16,-0.91536614646,2.05998808233231,2.28549989172907,2.07644483895493,-4.99882807833341,-5.00363758366828,-4.59930929658822,-7.88934432130545,-7.88934432130545,-7.37716059606364,-2.76366949712141,-2.97011854432761,-2.75737736368377,-4.65111870393874,-4.92878659780677,-4.65111870393874,1.92687502409823
2013-05-17,2.1883992124,2.04849298630374,2.26399082829841,2.02787082743532,-4.97195299079503,-4.90735634088064,-4.56533795852902,-7.78753109618596,-7.69126944254576,-7.25612631843043,-2.74942407165133,-2.94838682042566,-2.72301451577956,-4.63416773515714,-4.89853353562615,-4.63416773515714,1.19484341399777
2013-05-20,-0.8410522415,2.05307304120175,2.31164765246735,2.09908915825764,-4.98517045722291,-5.00461608045988,-4.64817004392658,-7.8376374191875,-7.88934432130545,-7.37716059606364,-2.7550658779036,-3.0132914003823,-2.787096277656,-4.65111870393874,-5.00224468179351,-4.65111870393874,2.35671956343923
2013-05-21,0.45958973205,2.04340204176769,2.10177374096844,2.06438258788889,-4.95681454641451,-4.60519820043221,-4.57286104905455,-7.73880629954655,-7.37716059606364,-7.25612631843043,-2.74020581763559,-2.67424787368956,-2.74129142445789,-4.64130514762377,-4.59867623154693,-4.64130514762377,1.86673559673632
2013-05-22,-2.1944506434,2.03108616255201,2.22804596608958,2.00784244851853,-4.91970321816415,-4.80537597686944,-4.45822733553341,-7.69126944254576,-7.69126944254576,-7.06999633790405,-2.72302649453055,-2.89941695026908,-2.67057222863276,-4.64130514762377,-4.83898218536766,-4.59867623154693,3.33795318272426
2013-05-23,-0.44113173117,2.03983801829686,2.32293624005709,2.0456316109855,-4.94641121678859,-5.02075074432043,-4.6122941894835,-7.73880629954655,-7.94258320222593,-7.37716059606364,-2.73370271295457,-3.03251052408267,-2.75850829346579,-4.64130514762377,-5.05711013101778,-4.65839740958959,3.39441087970992
2013-05-24,-0.022918258128,2.02300629281517,2.23989609448201,2.02136328020639,-4.91048172997817,-4.83806579145905,-4.48291903441751,-7.69126944254576,-7.69126944254576,-7.14200537956667,-2.71531792012941,-2.92059127002916,-2.68390750770083,-4.63270999772813,-4.87805300664518,-4.60712418955903,2.00575986108115
2013-05-28,2.1204248491,2.00591462400024,2.21861967792323,1.96669664619069,-4.87138856388249,-4.79148259488421,-4.3486017676045,-7.69126944254576,-7.64306793100833,-6.87131707149125,-2.6900107235194,-2.89202575903295,-2.60686643034248,-4.61562643407212,-4.819851416967,-4.51633250956471,2.62028537645495
2013-05-29,-0.6584608479,2.01018002320844,2.2796374753196,2.01673815016558,-4.88387600368707,-4.93116865096604,-4.46085376501162,-7.69126944254576,-7.69126944254576,-7.06999633790405,-2.69543823454207,-2.9744626097088,-2.67427306160968,-4.61562643407212,-4.93866231426073,-4.59867623154693,2.40602512936042
2013-05-30,0.48958686402,1.99696053590478,2.23131315474506,1.97866772056321,-4.85343936774138,-4.86395349479409,-4.37226321674605,-7.69126944254576,-7.69126944254576,-6.90297256277468,-2.67741235885185,-2.90488133132126,-2.62180891019635,-4.59867623154693,-4.83898218536766,-4.53246477266695,0.967717994092413
2013-05-31,0.88820597393,1.98036263211709,2.21116108117559,1.93177331393259,-4.81722004802142,-4.79958599651833,-4.25745821336343,-7.69126944254576,-7.69126944254576,-6.6645906603,-2.65416449916497,-2.88041817559481,-2.55577024914325,-4.58182666605739,-4.79167941537961,-4.4236817224232,1.50914197463421
2013-06-03,-0.86181277866,1.96622733066625,2.19634476215769,1.90334437594424,-4.78799963841307,-4.74493022118012,-4.18282102210844,-7.64306793100833,-7.50538365135873,-6.60984486700225,-2.63477692750071,-2.8632451641101,-2.51470166628278,-4.54875693410385,-4.7551047260181,-4.35106880249423,2.74670799409002
2013-06-04,-0.44214628297,1.95851528197877,2.20055222133411,1.8786161511389,-4.76428493945973,-4.74867825365179,-4.13323474919407,-7.64306793100833,-7.54989483005,-6.58247373441778,-2.62297248163995,-2.86141504076369,-2.48354094144016,-4.53246477266695,-4.7551047260181,-4.29570859219515,1.78798683219965
2013-06-05,0.55325555131,1.94431585149209,2.21496419796432,1.83617247197706,-4.73194087833103,-4.79225001435366,-4.03407593772504,-7.50538365135873,-7.64306793100833,-6.40130200406289,-2.602030735073,-2.87614567164202,-2.42398875070678,-4.50040031067542,-4.78243167825942,-4.20464403996312,3.16761300388012
2013-06-06,0.24703372383,1.92847206130287,2.20127919219228,1.79529686649377,-4.69844272704844,-4.75861342307128,-3.93927703896759,-7.46183760393437,-7.64306793100833,-6.23819069597981,-2.57969819011991,-2.85882960485306,-2.36375562855952,-4.46150189692571,-4.7551047260181,-4.11329651254815,3.03638352525861
2013-06-07,3.3752753614,1.9147122893995,2.16189885567972,1.74665540953415,-4.66056383523241,-4.66562312060783,-3.82761450644897,-7.41908513048,-7.41908513048,-6.10975337457636,-2.55817496754667,-2.81254376306732,-2.29759798811849,-4.4236817224232,-4.71031217240326,-4.08370412813146,2.78896407525003
2013-06-10,1.5169574166,1.95488263988873,2.50171110512642,1.87637198576963,-4.76044418865128,-5.42876960903407,-4.11968383647644,-7.64306793100833,-8.72779635513333,-6.58247373441778,-2.61330642688275,-3.26422227941526,-2.47658670084924,-4.52436714378565,-5.36469908554968,-4.27560192161661,2.42532169495927
2013-06-11,-2.2378766856,1.94879034748323,2.25623165173729,1.890404301838,-4.75073213415571,-4.87818712702188,-4.14781222672488,-7.54989483005,-7.69126944254576,-6.60984486700225,-2.60506150852246,-2.93278574407348,-2.49182325423706,-4.50834238010209,-4.88801862868725,-4.31621678664302,2.23707042955837
2013-06-12,-1.1318145425,1.96527088057346,2.3212233243742,1.95878112086221,-4.78604700453431,-5.02731138550097,-4.30964876508047,-7.64306793100833,-7.94258320222593,-6.80943497175732,-2.6279412523125,-3.00045845401542,-2.58948830863727,-4.54875693410385,-5.00202293041622,-4.46919999764098,1.76867042276177
2013-06-13,1.5165458093,1.96088090219082,1.93884206842507,1.94785780889569,-4.77029455420523,-4.59467146199939,-4.29653787915882,-7.64306793100833,-7.33565624768358,-6.74975662807738,-2.62112779266273,-2.51357654733228,-2.57830313227433,-4.53246477266695,-4.35106880249423,-4.46150189692571,1.92801413147842
2013-06-14,-0.65267051004,1.95452351524465,2.07075774527308,1.95853528529529,-4.76054201394625,-4.60213915781102,-4.31009419561796,-7.64306793100833,-7.37716059606364,-6.80943497175732,-2.61266357779431,-2.62670362577346,-2.59003921401707,-4.52436714378565,-4.54058135161872,-4.46919999764098,1.99769594334953
2013-06-17,1.4854556735,1.9448489494955,2.17489922469221,1.91869017372487,-4.73173611897312,-4.71188109673727,-4.23396154804626,-7.53683249161452,-7.49209604914762,-6.67748641733256,-2.59316918754777,-2.78302934358455,-2.53664731271957,-4.47246932728223,-4.65431941801727,-4.38227840135039,1.72992950977295
2013-06-18,1.3306480614,1.94011472618798,2.18207143819563,1.92809255542311,-4.72116726032667,-4.70361940104219,-4.25124811662319,-7.53683249161452,-7.49209604914762,-6.67748641733256,-2.58693275324984,-2.77725289468772,-2.54805023730482,-4.46472939863745,-4.65431941801727,-4.40424049646016,1.25010371866994
2013-06-19,-1.2776831345,1.93619626049299,2.17362545541848,1.92346333473828,-4.70591081087765,-4.69068539813023,-4.25151291750081,-7.49209604914762,-7.49209604914762,-6.67748641733256,-2.57860376225549,-2.76718343016572,-2.56050866492448,-4.45701807045615,-4.65431941801727,-4.41913604437871,2.57246744821735
2013-06-20,-1.6968651137,1.93311622200529,2.17747149141772,1.92477253361288,-4.69691992558022,-4.68633300920845,-4.25533624067019,-7.49209604914762,-7.49209604914762,-6.67748641733256,-2.57347177110215,-2.76896395831702,-2.56231912788767,-4.44934826030122,-4.65431941801727,-4.41913604437871,3.12313777314391
2013-06-21,-0.029256875314,1.93708782625759,2.20979871011615,1.95560916186068,-4.70580082424229,-4.76584734552708,-4.32601609819362,-7.49209604914762,-7.67844949669492,-6.8562057194025,-2.57816611270957,-2.80791496047023,-2.60750884658814,-4.45701807045615,-4.69755235801163,-4.51194760219789,3.08435712590199
2013-06-24,-1.0059994147,1.92499386892244,2.12113326841218,1.9004149172245,-4.66990078768765,-4.57823227581538,-4.20597785816328,-7.44820278008906,-7.28113471200294,-6.62182542736023,-2.55875972893904,-2.68476530783948,-2.53004123149914,-4.42240134364718,-4.60734352732711,-4.37080327119726,5.69106053676656
2013-06-25,0.54617345995,1.92047491439562,2.12842389044826,1.88302448011439,-4.65271086746095,-4.60195148582303,-4.17198324668269,-7.44820278008906,-7.40518528899538,-6.62182542736023,-2.54922930888429,-2.71066377088106,-2.50330917845466,-4.41780824272984,-4.63743060695068,-4.33762475331467,2.23076815777865
2013-06-26,2.0147893327,1.90539646897494,2.09427918857389,1.84194844308587,-4.61857715232647,-4.52295127116674,-4.07117592517608,-7.40518528899538,-7.2416410896,-6.51244135659891,-2.5315607038025,-2.6454042087144,-2.44506492290483,-4.3807682000004,-4.5688551444607,-4.21652225652238,1.34775129757059
2013-06-27,-0.0072053896474,1.91067894901806,2.17673151411222,1.89151375814278,-4.63391685877381,-4.74512837272694,-4.18394356857174,-7.40518528899538,-7.53683249161452,-6.62182542736023,-2.53920093745893,-2.78064030845889,-2.51073818243067,-4.38809283390278,-4.66353647781789,-4.34471492211008,1.51021631834938
2013-06-28,0.050441361964,1.89752660210253,2.1484665206339,1.82867813889702,-4.55560152585971,-4.65794193952194,-4.05852180213105,-7.2416410896,-7.44820278008906,-6.46039929136702,-2.52900232090643,-2.76873517380004,-2.43779550259104,-4.37348368575433,-4.66353647781789,-4.21013309521043,1.80840670793894
2013-07-01,1.5881018402,1.88428348611407,2.13788160213914,1.77721418081879,-4.5151346158578,-4.63722179484582,-3.9395209939991,-7.2416410896,-7.40518528899538,-6.24481822161553,-2.50651622401169,-2.75944187024301,-2.36936060242117,-4.33762475331467,-4.66353647781789,-4.11154486010816,1.55693415926548
2013-07-02,0.57780928746,1.88123932188167,2.17102858028226,1.80054706415765,-4.51457585312345,-4.71052822292074,-3.99198798515912,-7.2416410896,-7.49209604914762,-6.38528835829794,-2.50612488204844,-2.80759927281979,-2.40025054296146,-4.33762475331467,-4.7073917238169,-4.16600655214351,2.98502934314506
2013-07-03,0.10573432482,1.86641755146262,2.1345255957959,1.76250128259078,-4.47872142905643,-4.62714166534119,-3.90295212778027,-7.12705488424306,-7.40518528899538,-6.22243388543654,-2.48583426149657,-2.75375350613536,-2.34711638924351,-4.31657470650916,-4.66353647781789,-4.10556442261932,1.14112619173587
2013-07-05,0.65133964727,1.85138846417364,2.11773290969286,1.71412952164961,-4.43769398462942,-4.58826238711651,-3.79215415849389,-7.020286893448,-7.28113471200294,-6.05296372488304,-2.46225372315484,-2.72454854987816,-2.28013785922452,-4.2423689780304,-4.64616442075045,-4.04647179752066,1.07546487763829
2013-07-08,1.6475444241,1.83868121348583,2.108119162041,1.68083214495386,-4.40943726890669,-4.56622159467199,-3.71568084740445,-6.95294941919351,-7.28113471200294,-5.93596709880508,-2.44241896072567,-2.67344523201283,-2.23401248945296,-4.21652225652238,-4.60285913527867,-3.96248686339437,1.52149375689781
2013-07-09,0.32347981687,1.84058928204416,2.1362266814383,1.71246174657606,-4.41154540371587,-4.63573908462395,-3.78886483964292,-6.95294941919351,-7.40518528899538,-6.05296372488304,-2.44525110548006,-2.70804214985863,-2.2786236440746,-4.21652225652238,-4.63743060695068,-4.04069469516928,1.26048225134201
2013-07-10,0.27441429702,1.82916944932061,2.09416789516861,1.66282511458689,-4.3794204784575,-4.53841118214424,-3.67579848468016,-6.92024713979103,-7.2416410896,-5.87870489553802,-2.42259081216051,-2.64961174672506,-2.20501713143102,-4.20499377471511,-4.58040535626432,-3.93071716464246,1.15633633013248
2013-07-11,2.5074402216,1.81339486639719,2.06788039050491,1.61864875216114,-4.34916194278988,-4.48780386744937,-3.56721014869356,-6.88797228055443,-7.20259333462429,-5.75550211570391,-2.40155269259829,-2.61823985519428,-2.14144505906554,-4.17330024647208,-4.53853593297672,-3.84365376064942,1.56441985518825
2013-07-12,2.6329840484,1.83730696540541,2.25633093170445,1.70701182950074,-4.39848475779222,-4.91206386976132,-3.77647482537365,-6.92024713979103,-7.72809209577069,-6.07266182561351,-2.43214542100725,-2.86496101183749,-2.26557228239279,-4.21125141746137,-4.7662652551699,-4.0290836832456,1.87939119425315
2013-07-15,-0.31864737439,1.86016742881412,2.35593491674368,1.80072588999937,-4.45513263337609,-5.13510295660446,-3.99072969061586,-7.05515483523919,-8.22600598036735,-6.38528835829794,-2.46781226631119,-2.99518484358119,-2.39517548237828,-4.27702910434195,-5.00907093443791,-4.16058684311754,0.980583354634716
2013-07-16,0.09785693328,1.84427460795291,2.14106219457005,1.75796637123412,-4.4253098923927,-4.65496407631739,-3.89131575406387,-6.98629443522237,-7.44820278008906,-6.20023600356476,-2.4501088453773,-2.71044444830041,-2.33375402629299,-4.2371557095674,-4.64093495269227,-4.10594668368537,1.2378044186971
2013-07-17,0.59308501968,1.82729890595916,2.10651782585689,1.71073208435638,-4.39433097301632,-4.57615795598462,-3.78205772836416,-6.92024713979103,-7.28113471200294,-6.07266182561351,-2.42789032019472,-2.6641620234229,-2.26626979721108,-4.21125141746137,-4.60614656649062,-4.0290836832456,1.22928679209528
2013-07-18,-1.483689138,1.81234558391322,2.09309075059755,1.67575662686096,-4.36673233881118,-4.54192150605099,-3.6976772814058,-6.88797228055443,-7.2416410896,-5.95365506936068,-2.4078402308637,-2.64773103728015,-2.21567110745499,-4.19200898031036,-4.57193576113026,-3.93522053016914,1.51909661351599
2013-07-19,0.36828779066,1.8162423673158,2.1328253799101,1.70562378281753,-4.37326654373581,-4.6511974258677,-3.76898775625256,-6.92024713979103,-7.40518528899538,-6.05213835177679,-2.41514893912382,-2.72146458333104,-2.25816306232292,-4.19840105434265,-4.64972464849909,-4.01198524685452,1.61887753470709
2013-07-22,-0.57333813847,1.80042438766821,2.09668547885414,1.66177240559735,-4.34359912889072,-4.5525543309774,-3.66744227094027,-6.8562057194025,-7.2416410896,-5.87870489553802,-2.39371074594877,-2.65182053515433,-2.19751532218627,-4.16058684311754,-4.58040535626432,-3.9088777892465,1.57771252305679
2013-07-23,-0.79741663376,1.7873610190034,2.08717698049582,1.63457679396742,-4.32048925140228,-4.53443931886065,-3.59762369112902,-6.82491496455062,-7.2416410896,-5.7900070539754,-2.37746951622223,-2.64317066164296,-2.15668987683545,-4.12398681657595,-4.56351957046594,-3.8678217780003,1.27394826562463
2013-07-24,-0.70417856905,1.77733833843602,2.08334166908093,1.61789986601722,-4.30299983454055,-4.51665316743712,-3.55560149332821,-6.79417312615732,-7.2416410896,-5.75550211570391,-2.36550799469364,-2.65354561122446,-2.13269553261537,-4.11800029997945,-4.58893266944425,-3.8376816135449,1.65086979384897
2013-07-25,1.4919381814,1.77197857496878,2.10169293325292,1.59185105074826,-4.2810420808832,-4.57284046350933,-3.50501630242437,-6.70591186282824,-7.28113471200294,-5.72106461877538,-2.35603252489067,-2.69361402723658,-2.10521245008289,-4.11800029997945,-4.62346947838514,-3.81305210513305,1.87774394039908
2013-07-26,2.8378378378,1.77043965554896,2.11695317425796,1.61781263226506,-4.28036104747865,-4.61536059792307,-3.56569259366638,-6.70591186282824,-7.40518528899538,-5.75550211570391,-2.35520562806018,-2.70554753122693,-2.14121070681936,-4.11800029997945,-4.64093495269227,-3.84767730031701,6.20011235620323
2013-07-29,-1.8941700586,1.80241313442354,1.80785223762871,1.72504453953094,-4.35570898178737,-4.30903978266958,-3.81632863875513,-6.88797228055443,-6.82491496455062,-6.13565593614907,-2.40441535745737,-2.46398547841742,-2.28891692872561,-4.1856517672669,-4.25691215602667,-4.05810938240894,2.48707591544404
2013-07-30,-1.2054884025,1.81845433142175,2.24289518526333,1.77623412743868,-4.3824385866659,-4.9088273451255,-3.94201423199919,-6.92024713979103,-7.72809209577069,-6.24481822161553,-2.42580238423218,-2.87399189494289,-2.36625118275885,-4.21125141746137,-4.78488416686961,-4.11800029997945,2.89168253089264
2013-07-31,-0.39350550578,1.81456168861212,2.15593101882606,1.78010542287657,-4.37675336090515,-4.71313341863044,-3.95088686743672,-6.92024713979103,-7.49209604914762,-6.24481822161553,-2.42247282579817,-2.75787199215326,-2.37097739404025,-4.21125141746137,-4.66720957428802,-4.11800029997945,1.54959386890577
2013-08-01,1.4441272158,1.80081366285757,2.11350028118755,1.73942631940306,-4.34983648303464,-4.61902440590486,-3.85605507668812,-6.88797228055443,-7.40518528899538,-6.13565593614907,-2.40494015908337,-2.70531056044425,-2.31342828886106,-4.1856517672669,-4.64093495269227,-4.09385224999088,1.67111679706793
2013-08-02,-0.44506986942,1.79640167681381,2.13437173653519,1.75420868033609,-4.34520630457204,-4.66624222789963,-3.8886445229481,-6.8562057194025,-7.44820278008906,-6.20023600356476,-2.40238846336831,-2.73645467430198,-2.33266830841523,-4.1793345497078,-4.64972464849909,-4.10594668368537,1.26229692003625
2013-08-05,-1.0584793399,1.78209595679851,2.10882388015182,1.71679413627316,-4.31935021449827,-4.609373606094,-3.7991038223508,-6.82491496455062,-7.40518528899538,-6.09336539423636,-2.38398881787756,-2.70393727828429,-2.27861864501092,-4.14214533570347,-4.64093495269227,-4.04642919553947,1.06253534339907
2013-08-06,-0.079736868429,1.77561623934999,2.12157812487623,1.7139756611255,-4.30970168351755,-4.63765683135033,-3.7903416004349,-6.82491496455062,-7.40518528899538,-6.07266182561351,-2.37830956708514,-2.72289046005964,-2.27325804630543,-4.12398681657595,-4.64972464849909,-4.04062717346426,1.3585947688979
2013-08-07,-1.27680798,1.75990204854524,2.09283391857784,1.66855926503244,-4.2797641093389,-4.57055218168031,-3.68119113442394,-6.70591186282824,-7.28113471200294,-5.89704095515833,-2.3563214591338,-2.67797476516526,-2.20793790006514,-4.11800029997945,-4.60614656649062,-3.93522053016914,1.18938423240276
2013-08-08,-0.3940588057,1.7600937692533,2.11741587103007,1.68250075791841,-4.27928452929177,-4.62471032383013,-3.71526899623691,-6.70591186282824,-7.40518528899538,-5.95365506936068,-2.35823200231127,-2.70656742354886,-2.22804593568832,-4.11800029997945,-4.64093495269227,-3.95124222374735,1.30594294150952
2013-08-09,0.5139649691,1.74876409828749,2.08380823072546,1.64463217258737,-4.25317494833833,-4.54818715387757,-3.62620097997361,-6.67748641733256,-7.2416410896,-5.8074595179952,-2.33864233399128,-2.65624397602561,-2.17549177064281,-4.11173960641024,-4.58893266944425,-3.88753716947838,1.42730021092873
2013-08-12,-0.19175132875,1.73646416467559,2.07269025182359,1.60863253402411,-4.22574952549778,-4.52216514177053,-3.54183333644186,-6.62182542736023,-7.2416410896,-5.75550211570391,-2.3189433253005,-2.63918334268347,-2.12572266108535,-4.11173960641024,-4.55516422905,-3.83190320353052,0.970725203946241
2013-08-13,-0.91678182607,1.72268221302133,2.07303784409181,1.56725886695929,-4.19716591957553,-4.50709104187582,-3.44171608253646,-6.62182542736023,-7.20259333462429,-5.62194905679338,-2.29717830664356,-2.65167338965447,-2.06676956977665,-4.09350354641081,-4.58040535626432,-3.77334716675871,1.59730748410032
2013-08-14,-0.89464911398,1.71646517016542,2.09170298795713,1.56159870081045,-4.18503503824135,-4.54356928068357,-3.42790422522207,-6.62182542736023,-7.2416410896,-5.62194905679338,-2.28983342478694,-2.67605000442959,-2.05880595271361,-4.063589412499,-4.60614656649062,-3.75435575961278,1.43632485918476
2013-08-15,-1.6715864625,1.70969805134135,2.07591217685005,1.55524526368563,-4.1723146845877,-4.52733901263113,-3.41057079406824,-6.62182542736023,-7.2416410896,-5.62194905679338,-2.28106970734383,-2.64245647686975,-2.049238088792,-4.05770588291622,-4.56351957046594,-3.7496580415313,1.66827587588595
2013-08-16,-0.57597654213,1.71833083169559,2.13960791259049,1.60327020884114,-4.19358407528097,-4.64841888653168,-3.52171932339253,-6.62182542736023,-7.40518528899538,-5.7382017203907,-2.29449034530692,-2.73838828549158,-2.11430610423836,-4.08745304359562,-4.64972464849909,-3.81709945896542,0.926235769927699
2013-08-19,0.26332420475,1.70878619021279,2.08589610165549,1.57596982955775,-4.17190583750083,-4.54899971209107,-3.45722253876607,-6.62182542736023,-7.2416410896,-5.62194905679338,-2.27908222572407,-2.66925703474962,-2.07705907938597,-4.05770588291622,-4.60614656649062,-3.78737034318187,1.61865709809712
2013-08-20,0.53226879572,1.69345469771193,1.31289908288711,1.53512046857821,-4.14226231060737,-3.04574226614389,-3.35765562464969,-6.59401214092247,-5.08870408314857,-5.49805786635556,-2.25994501598474,-1.74340460348,-2.01765647220932,-4.01717413009579,-3.39875852573536,-3.73494748075742,1.21878844971319
2013-08-21,-0.87777352055,1.67905171220196,1.57860407853417,1.50353329011193,-4.11539486823149,-3.7506705435957,-3.28389904533549,-6.59401214092247,-6.0318942397,-5.43919308383176,-2.24376947260373,-2.08770455689035,-1.97101484703792,-3.9945908496016,-3.79707161364758,-3.69305912846247,1.91934488956742
2013-08-22,1.8132621148,1.67272411631512,2.0756826537834,1.4984520553553,-4.10301095493994,-4.53681091926779,-3.27049963455876,-6.59401214092247,-7.2416410896,-5.42465492431678,-2.23710434144949,-2.65322910090506,-1.9632139926855,-3.98899621850605,-4.58040535626432,-3.68384923293867,0.878812806346596
2013-08-23,0.096641700839,1.67996492812188,2.10511141202579,1.55317548503055,-4.12246406475836,-4.58868704164732,-3.39313127909224,-6.59401214092247,-7.28113471200294,-5.55852770361786,-2.24797328688881,-2.6824946748649,-2.03754148653946,-4.00020064897436,-4.6147795566417,-3.7491364641097,1.55194816529459
2013-08-26,-1.3102996447,1.66797406313901,2.06320578007106,1.51008208383617,-4.09292129796336,-4.50865201115993,-3.29789666563252,-6.56628843418,-7.2416410896,-5.45376348157007,-2.23170997878985,-2.66034120499136,-1.97995603660883,-3.96692781261006,-4.59751083968267,-3.69767726168656,1.01658109431638
2013-08-27,-1.8447992733,1.669158655784,2.07677853357995,1.53451242275213,-4.09857234226209,-4.53601649684571,-3.35161351190154,-6.56628843418,-7.2416410896,-5.49805786635556,-2.23458906258205,-2.64838639868019,-2.01256649806442,-3.98343155185746,-4.57193576113026,-3.72555334359918,2.36258641744399
2013-08-28,0.23137436383,1.68297165560203,2.12870792243781,1.59411309285681,-4.13212640179294,-4.65250576868611,-3.48453535737361,-6.59401214092247,-7.44820278008906,-5.68725729680379,-2.25500981692826,-2.72609945858788,-2.09415416997251,-4.01717413009579,-4.64972464849909,-3.80685751433926,1.68566431771466
2013-08-29,0.85233326226,1.67187666545635,2.06706108645157,1.54958796383848,-4.10434585243572,-4.50030036443894,-3.39317027906238,-6.59401214092247,-7.20259333462429,-5.55852770361786,-2.2383098335763,-2.69309442059807,-2.04455406224884,-3.9945908496016,-4.62346947838514,-3.75388355686167,1.47519211617419
2013-08-30,-1.0564124233,1.66256498213375,2.05054672730246,1.53510073919808,-4.08486931914037,-4.47573945179594,-3.35913915416015,-6.51244135659891,-7.09074210204658,-5.49805786635556,-2.22761390589729,-2.62605881598632,-2.02404741046585,-3.96147856105016,-4.54681934082944,-3.73966547601515,1.70943304802716
2013-09-03,2.7831162359,1.65875349643056,2.05547676604889,1.54013783974896,-4.07943357101581,-4.48888855200923,-3.36852787286874,-6.51244135659891,-7.20259333462429,-5.5129621888951,-2.22470183932604,-2.63543927127263,-2.02421946936645,-3.96147856105016,-4.55516422905,-3.73966547601515,2.42173139269779
2013-09-04,1.675900277,1.69811136984322,2.28675667320014,1.64765705575575,-4.16366631522673,-5.00307985858491,-3.61395510758389,-6.62182542736023,-7.93256263178333,-5.8074595179952,-2.27399717529996,-2.94552076105242,-2.17583121947535,-4.04952357955182,-4.93372032706931,-3.8953002475426,1.62590831114084
2013-09-05,0.15665440678,1.70420368492705,2.14281848691043,1.68422440141217,-4.17451177584599,-4.6801314796939,-3.69995595458034,-6.62182542736023,-7.44820278008906,-5.95365506936068,-2.28152791272183,-2.74616457034817,-2.22562557093815,-4.06129619157342,-4.65739759194587,-3.96457433332673,1.06937563980927
2013-09-06,0.59843590607,1.69147834080743,2.06953331636092,1.63836835304361,-4.14474858393806,-4.49995768995394,-3.59562805948506,-6.59401214092247,-7.20259333462429,-5.7900070539754,-2.26299203060044,-2.65540053254551,-2.16346699214161,-4.03586800232393,-4.60381129389286,-3.88799074858434,1.9109579810226
2013-09-09,1.3012911513,1.67846454387936,2.05788829137833,1.60650968885925,-4.11901402993202,-4.47472916275127,-3.51924041976798,-6.59401214092247,-7.09074210204658,-5.7382017203907,-2.24636295852941,-2.64133144119805,-2.11973757026992,-4.00715338392774,-4.56948561061009,-3.83190150927405,1.40272267375342
2013-09-10,0.21687631379,1.67628073827869,1.72909421232772,1.61852398732968,-4.11431330817611,-3.63839957873214,-3.5465628543654,-6.59401214092247,-5.8074595179952,-5.75550211570391,-2.24391201797242,-2.13527018481938,-2.1362125193417,-4.00148515261383,-3.8622427688362,-3.8622427688362,1.05121612390012
2013-09-11,-0.23971234514,1.66573484281708,2.01806096452296,1.5732287986776,-4.0859084974581,-4.41304947519128,-3.45241457997342,-6.51244135659891,-6.95294941919351,-5.62194905679338,-2.22852581255838,-2.58341833536121,-2.07811098009242,-3.96803346218486,-4.48705208429916,-3.79229822701083,1.07248255674817
2013-09-12,-0.26031237494,1.65325507773989,2.03521347981176,1.53403298350997,-4.05842637795333,-4.43868245120089,-3.36282731384352,-6.46039929136702,-7.020286893448,-5.49805786635556,-2.21204416835517,-2.63610025347505,-2.02486211566155,-3.95165407957656,-4.56948561061009,-3.74419256047396,1.263383129935
2013-09-13,-0.31452854182,1.6393486918774,2.005192757066,1.49646580957212,-4.03106434513318,-4.38077156425531,-3.27643578525157,-6.41011186290208,-6.92024713979103,-5.43919308383176,-2.19285809368096,-2.56331551415943,-1.97336906506448,-3.91942667789939,-4.43997552149426,-3.6972129419248,1.19344812239441
2013-09-16,-0.62432867871,1.62593973246668,1.98280170764315,1.46177552513085,-4.00453843922514,-4.33219423754617,-3.19584897899321,-6.41011186290208,-6.8562057194025,-5.32657887365962,-2.17579047607837,-2.52549495030379,-1.92552052911129,-3.89841318621606,-4.38706505249163,-3.65130111488136,1.40321977272256
2013-09-17,2.7393095994,1.61946104673135,1.99421894221427,1.44071171575121,-3.9858109254143,-4.36469460715365,-3.15075013111859,-6.38528835829794,-6.88797228055443,-5.20898213792788,-2.16449479163462,-2.54003101309458,-1.89896288286459,-3.88799074858434,-4.40195930175623,-3.62875675027357,1.70685005885294
2013-09-18,2.5853963245,1.65676291874998,2.26338884270078,1.54937706701514,-4.07297832202888,-4.97874566659944,-3.39504491506812,-6.51244135659891,-7.82738780226964,-5.55852770361786,-2.21897513832601,-2.90613646211084,-2.04516988250287,-3.95708922935204,-4.86192370603571,-3.75852800840168,2.14085882123351
2013-09-19,0.0083324253865,1.68654575517397,2.36595611748093,1.64690525986029,-4.1426424476903,-5.19932679792671,-3.6169325924259,-6.59401214092247,-8.28961570315833,-5.8074595179952,-2.2597183916784,-3.02880229795251,-2.17586760430388,-4.02430538350879,-5.07703678229773,-3.89841318621606,1.27334914912097
2013-09-20,1.3715311157,1.6733781675559,2.0617765825744,1.60142281189291,-4.11262828384465,-4.49697629847158,-3.51403658882579,-6.59401214092247,-7.20259333462429,-5.7382017203907,-2.24312606770131,-2.62530158980412,-2.11464357013138,-4.00148515261383,-4.56100530248559,-3.82691856475581,2.15068128910276
2013-09-23,-1.5331605234,1.67329348163209,2.05825987547447,1.61913813179473,-4.11085132102075,-4.48743974666523,-3.55398737608635,-6.59401214092247,-7.20259333462429,-5.75550211570391,-2.24177992624933,-2.60118757405136,-2.13797327433809,-4.0070165128529,-4.51119628943277,-3.86693169529554,2.45424168606053
2013-09-24,0.84753924675,1.68147296941107,2.09856753428612,1.65409379427403,-4.12706540244239,-4.58555520610519,-3.63663348079389,-6.59401214092247,-7.28113471200294,-5.8074595179952,-2.25122742897625,-2.6700477647074,-2.18710770159304,-4.01844257063377,-4.6213143127545,-3.91384427741804,2.37402824262658
2013-09-25,-0.47114252056,1.66993908962958,2.03881520699896,1.63369321639249,-4.10670112753684,-4.46335917759336,-3.58464155965331,-6.59401214092247,-7.09074210204658,-5.77270836530709,-2.23916846736559,-2.59223127918355,-2.15836322194898,-4.0070165128529,-4.49504949112489,-3.88761153432922,3.00973665818707
2013-09-26,1.7495602111,1.65663882806181,2.01365683466231,1.60047781100354,-4.08254239815937,-4.39145972145183,-3.50521384481232,-6.51244135659891,-6.92024713979103,-5.72106461877538,-2.22435864372708,-2.54644290038603,-2.11260326140212,-3.97335393681677,-4.41700757682591,-3.8314088128207,1.90463346034959
2013-09-27,-0.66327172153,1.66288898799349,2.07557684260799,1.64356336497513,-4.09945683146201,-4.54254760004917,-3.60137468770295,-6.59401214092247,-7.2416410896,-5.7900070539754,-2.23468627025708,-2.66446664816413,-2.17157412325182,-3.99567026248141,-4.6213143127545,-3.9033118175465,1.18415530743444
2013-09-30,-1.0664219485,1.65830593467298,2.05571473603213,1.61422612781218,-4.01024550833942,-4.47628657182425,-3.54741595355771,-6.38323120650421,-7.10118559781408,-5.7302401306252,-2.22833665801132,-2.62991474788992,-2.13584466561812,-3.95751133274095,-4.55012751100617,-3.85171723999582,1.94119183974177
2013-10-01,2.6580092117,1.65424643489273,2.06439802427258,1.61599158212373,-4.00507267959069,-4.51834830386334,-3.54849153198158,-6.38323120650421,-7.21631560237794,-5.7302401306252,-2.22545105983072,-2.66086613658269,-2.13695679458013,-3.95751133274095,-4.59293293353829,-3.85171723999582,2.20124580949757
2013-10-02,-0.1370930052,1.68613500664912,2.24554643981959,1.71515890061939,-4.09227161392037,-4.91214132287437,-3.7696507938419,-6.53935039163483,-7.706413462,-6.0259073980027,-2.26758665279312,-2.88737710464727,-2.27251875520651,-4.03706672048505,-4.81139434798434,-4.042956921399,2.83586980385395
2013-10-03,-1.7940157873,1.67044550769636,2.07065671462297,1.66904191815833,-4.05410724215943,-4.51636076698176,-3.66053596939982,-6.40817127736383,-7.21631560237794,-5.83491329650909,-2.24867413176256,-2.64801447553712,-2.20627674612949,-3.99664614064416,-4.56707789268711,-3.94112820051981,4.66933259196584
2013-10-04,1.3597661711,1.68642207754321,2.13564076185998,1.71838936848776,-4.09542752742964,-4.67327974233341,-3.7774401086552,-6.53935039163483,-7.42414609055556,-6.04637898565818,-2.26913229104684,-2.7576081105959,-2.27781206965861,-4.03706672048505,-4.66343761652991,-4.04886375905385,2.01524949594391
2013-10-07,-2.824097292,1.6831854967154,2.09410300873662,1.72889513739109,-4.09127131561534,-4.58247412190468,-3.79851223079138,-6.51216012037,-7.25602068948507,-6.0670313683055,-2.26703320921164,-2.69815755778642,-2.29039142932389,-4.03120688499834,-4.61918445898813,-4.06672815651453,1.87013428477693
2013-10-08,-2.1933361286,1.72771525085767,2.36504609500055,1.83905237826199,-4.20613102697897,-5.17913010452022,-4.04001845615468,-6.59490647571264,-8.27527190491277,-6.40817127736383,-2.33076019313509,-3.07020896624398,-2.44194689097511,-4.09881434462921,-5.06643356511667,-4.21118620288571,4.20302884836147
2013-10-09,-1.6489133662,1.75155507824888,2.3097354515307,1.90805642239147,-4.26529317711842,-5.05348818717637,-4.19239700972028,-6.67903254904405,-8.02646928231372,-6.59490647571264,-2.3640786829024,-2.97151811723579,-2.5376172385466,-4.11645022654271,-4.94390462122811,-4.37730196469317,3.84359182892815
2013-10-10,2.3284042518,1.76179022448873,2.20272914462625,1.93352527079789,-4.29018494538608,-4.80498674565886,-4.25378372459375,-6.7078363006241,-7.706413462,-6.65058891376353,-2.37775969411613,-2.83805248665727,-2.5774082294527,-4.12251477795784,-4.75432177739706,-4.4455824959975,2.55045028018683
2013-10-11,1.8727021305,1.7794293762701,2.24744031274132,2.00257585392197,-4.33830647682036,-4.90734506897203,-4.40223782351767,-6.82952763710759,-7.706413462,-6.92649119812105,-2.4056665154557,-2.89518553797898,-2.67062542027596,-4.19146410194638,-4.82115578958223,-4.59365811037297,1.52552843858967
2013-10-14,-0.060793402008,1.78493024982644,2.18960216247398,2.03557579700768,-4.35543317235628,-4.79165227208111,-4.47134925077551,-6.86135943516795,-7.65628872559138,-7.06472776706528,-2.41632548334382,-2.80876174671008,-2.71396332351678,-4.19146410194638,-4.69915824875286,-4.62853651009725,1.75083492586301
2013-10-15,-1.3839716769,1.77113866407035,2.10758318485037,1.97452732345046,-4.31754772946464,-4.60194337362199,-4.34022131232514,-6.79817922384875,-7.3808323369375,-6.82952763710759,-2.39413151832111,-2.70492442177963,-2.63041595783823,-4.16344494292536,-4.63565306581336,-4.54898149061982,2.04632675489329
2013-10-16,1.3348563969,1.77165564874787,2.13304828445788,1.97948516148492,-4.32101243428294,-4.65300226965091,-4.348814557614,-6.79817922384875,-7.42414609055556,-6.86135943516795,-2.39655512185442,-2.74219646585365,-2.63555777154353,-4.16978079969211,-4.64454038754861,-4.54898149061982,1.45961093216644
2013-10-17,0.090180038023,1.77033393095925,2.10782388921064,1.97172183085805,-4.31439921405142,-4.61286238133868,-4.33842273048431,-6.79817922384875,-7.3808323369375,-6.82952763710759,-2.38604531588969,-2.70891364508172,-2.62423888996294,-4.15038818999893,-4.63725245051852,-4.53325077267675,1.31292366983803
2013-10-18,5.8438716736,1.75341716094766,2.08305426262253,1.91537720731262,-4.27472049194927,-4.53782057000284,-4.21092872332541,-6.70781383313494,-7.21631560237794,-6.62170555136628,-2.36293051687532,-2.66488398418274,-2.54360999444898,-4.11945187187098,-4.60189850278909,-4.39036880527276,3.20335430091964
2013-10-21,-0.75730168328,1.92507729165046,4.41431714127393,2.12167258588339,-4.69050252727226,-9.72559105039743,-4.65992920321312,-7.46835930444516,-12.5084787552643,-7.42414609055556,-2.60115405977073,-5.76183405733742,-2.82574026852536,-4.4919185459176,-9.46830969321818,-4.73655144489268,1.95130650354843
2013-10-22,1.8686435486,1.91093645846036,2.61881065987948,2.07994287887615,-4.65974008518023,-5.73927574346519,-4.56609794618242,-7.42414609055556,-9.25583043818286,-7.25602068948507,-2.58136633646016,-3.38635642243789,-2.76567504808867,-4.45986267750084,-5.5275702659036,-4.66396862601033,5.21423253063094
2013-10-23,-1.7393396283,1.91650880322039,2.31942848838002,2.10436505038662,-4.66826004951526,-5.07490975403017,-4.62694412618305,-7.42414609055556,-8.085719350264,-7.3808323369375,-2.57131568439934,-2.98672831582075,-2.80484688244522,-4.45264577207722,-4.99449225323966,-4.71092019894203,2.99268768613019
2013-10-24,1.6691353792,1.9243298498377,2.26547847518493,2.12539551037396,-4.68186160775535,-4.95129578739489,-4.67872999334864,-7.42414609055556,-7.7559184928125,-7.42414609055556,-2.56718607837823,-2.91240268293865,-2.82744583757828,-4.43096160639331,-4.87060976157,-4.76152738976617,2.67298776857084
2013-10-25,9.3856295718,1.92549317570506,2.226009317112,2.13345746278558,-4.67868456924088,-4.86186536515989,-4.70125664719742,-7.42414609055556,-7.706413462,-7.46835930444516,-2.56547097465021,-2.85049675756382,-2.84058132343751,-4.42624872139749,-4.78636822717172,-4.78636822717172,9.37410708264533
2013-10-28,-1.439225075,2.32229987313797,5.01428258081772,2.40610202374105,-5.62166370286274,-11.0617656968932,-5.2771307194849,-9.15661178285833,-13.7719912302222,-8.63661962877143,-3.1001517156046,-6.55152437163615,-3.19667653200713,-5.1509870221,-9.93318091518966,-5.33593290124503,2.8942112041035
2013-10-29,1.2675899039,2.3082501217924,3.24245898531188,2.39108869372587,-5.59054998477946,-7.10215121481477,-5.24294006166066,-8.88402058620769,-10.7371013835478,-8.483437224375,-3.08280708182114,-4.1971511149697,-3.17553788502992,-5.13856925470904,-6.64915713234824,-5.30781918267778,2.48347929718041
2013-10-30,-0.4466501241,2.28544078841328,2.630352219437,2.35886743583534,-5.54390184922072,-5.80080453591799,-5.17124247637115,-8.801202928485,-9.46830969321818,-8.21063580869375,-3.05710524219992,-3.37908196172635,-3.13163895387511,-5.10188481910296,-5.52995041166014,-5.18859121417407,3.61023590551037
2013-10-31,0.8169934641,2.26546162135624,2.40198293245169,2.28844145213006,-5.49001359982541,-5.25692635828021,-5.02822550922509,-8.801202928485,-8.483437224375,-7.96884929123077,-3.02873749932039,-3.08589456359916,-3.04225905891281,-5.08972819742235,-5.13856925470904,-5.10188481910296,2.49021551629452
2013-11-01,-1.3812048459,2.24156860600488,2.37562598736054,2.23617982672772,-5.43540264823165,-5.19175818322244,-4.91413997263236,-8.801202928485,-8.27527190491277,-7.706413462,-2.99420115615413,-3.05097748299515,-2.97156491865535,-5.01901267014261,-5.10188481910296,-4.97378582791833,2.19106923234909
2013-11-04,-0.072980094683,2.22772018986032,2.38342060333033,2.22697860365781,-5.40734683909872,-5.20826774764564,-4.89247568716784,-8.801202928485,-8.27527190491277,-7.706413462,-2.97708430215255,-3.06172266033514,-2.95869936700631,-4.98495024952179,-5.10188481910296,-4.9408112660847,2.25008883523755
2013-11-05,0.042370518895,2.20184919172439,2.34147334150713,2.16012504493297,-5.35013152295002,-5.11443373816379,-4.74489914221227,-8.801202928485,-8.21063580869375,-7.51344000425246,-2.93797358084618,-3.00728075612967,-2.86787604107021,-4.9191816120227,-5.04222247905345,-4.79611506061777,1.68862750705935
2013-11-06,-0.75565908392,2.17569323658943,2.3171822957463,2.09629492652455,-5.29509976194673,-5.06276904604526,-4.60287520314592,-8.63661962877143,-8.02646928231372,-7.3808323369375,-2.90426809425476,-2.97464849363314,-2.78075481606605,-4.86648613821263,-4.97378582791833,-4.67361353013095,2.25657659370672
2013-11-07,-3.5431523389,2.15607470228438,2.28167762625176,2.05666635803633,-5.25304081093162,-5.00612525248015,-4.51379282246292,-8.483437224375,-7.91310580935094,-7.21631560237794,-2.88045384360681,-2.96116275210383,-2.72636076342534,-4.81580977728051,-4.96269738834088,-4.65549085720896,3.41408805203014
2013-11-08,1.9647223195,2.20888662151103,2.65925328214669,2.19093183975793,-5.3616259513318,-5.83318958854407,-4.8148051735655,-8.801202928485,-9.46830969321818,-7.706413462,-2.94721857310191,-3.43349549352645,-2.92916540208248,-4.93565199826667,-5.63679762984962,-4.91407812007297,2.8401632303204
2013-11-11,1.1612571721,2.20242963013527,2.45093127557209,2.21975921522465,-5.35104268632753,-5.36290682291073,-4.87679389026111,-8.801202928485,-8.801202928485,-7.706413462,-2.94144570250772,-3.15123363185964,-2.94906887297024,-4.93565199826667,-5.20823419090313,-4.93565199826667,2.26811204281818
2013-11-12,-1.3680307467,2.18292082514694,2.34955628913162,2.1914475980795,-5.311871166547,-5.13628869391164,-4.81260191962454,-8.63661962877143,-8.21063580869375,-7.706413462,-2.91492586483762,-3.01500072207653,-2.90968484812659,-4.88225237066862,-5.03679635255517,-4.86151694868263,2.06306738886587
2013-11-13,1.9139987986,2.17127494457392,2.3378346365638,2.18422965565716,-5.28798546121099,-5.11821416004314,-4.79475771172066,-8.63661962877143,-8.21063580869375,-7.65628872559138,-2.9009723864178,-3.00378471362791,-2.89926301495508,-4.86151694868263,-5.03679635255517,-4.86151694868263,1.49747557303642
2013-11-14,3.1373870079,2.16991394009101,2.35285017283489,2.20724295718023,-5.27842376131092,-5.14660036526502,-4.8490800169567,-8.63661962877143,-8.21063580869375,-7.706413462,-2.89680329567159,-3.02144350937392,-2.92101610533299,-4.85884098249474,-5.05802946899884,-4.91147471351297,1.83611156742938
2013-11-15,0.48285773391,2.19334781931148,2.52520016808887,2.31424886378057,-5.33469370317862,-5.53563395512777,-5.08228063456378,-8.63661962877143,-8.801202928485,-8.14708583613469,-2.93460269448797,-3.25601724252468,-3.04434502347038,-4.92227190713859,-5.40065793470616,-5.10635694712917,2.26922754482665
2013-11-18,-0.80992496678,2.17357781050588,2.33262488448897,2.24881999058936,-5.28517880853055,-5.10101871484891,-4.94049509325383,-8.63661962877143,-8.21063580869375,-7.7559184928125,-2.90296649223441,-2.99607392809702,-2.9876374712586,-4.86921586745873,-5.02283235791086,-5.01128063167273,1.78420707826969
2013-11-19,-0.33863127428,2.15390120295861,2.31105487655648,2.20511950710154,-5.24568475453025,-5.04443233908406,-4.84178233631146,-8.483437224375,-8.02646928231372,-7.706413462,-2.87760525341199,-2.96125997494871,-2.89539339755235,-4.81820793432474,-4.96609811099444,-4.84856658290628,2.14508916425935
2013-11-20,-0.6494218228,2.13240520071629,2.27699008775528,2.14518176319116,-5.19990983256451,-4.98373853640586,-4.70742105736904,-8.27527190491277,-7.85904380922778,-7.46835930444516,-2.85169341163053,-2.92311522542223,-2.81325801402419,-4.78858041456497,-4.91147471351297,-4.73063824415862,2.14954872139465
2013-11-21,1.7513859393,2.11500540630296,2.25883226773049,2.09861978426491,-5.16042954131076,-4.93751087295751,-4.60281271413308,-8.21063580869375,-7.7559184928125,-7.3808323369375,-2.82942770180602,-2.88211863074276,-2.74951407605555,-4.76895995259347,-4.82824477563782,-4.65693599250047,1.36274945707795
2013-11-22,0.91889840623,2.11218490321395,2.28676042554983,2.11363700969539,-5.14710679311294,-5.00390185557514,-4.64053394687571,-8.21063580869375,-7.91310580935094,-7.3808323369375,-2.81370450981775,-2.91525341291071,-2.77430959041405,-4.73485532517574,-4.8955819167043,-4.67898791412548,1.55670467554508
2013-11-25,1.1630093202,2.09667735490343,2.2490812357072,2.07565878119827,-5.10987135370186,-4.92140019799167,-4.55653528197492,-8.21063580869375,-7.706413462,-7.25602068948507,-2.79216725836914,-2.86408243621348,-2.72318296126248,-4.68810493752174,-4.79322221321735,-4.66064145970905,1.65584196651044
2013-11-26,1.2558411214,2.0812532172408,2.23368203388785,2.05477858730221,-5.07867411999023,-4.89778769376443,-4.50835833562553,-8.085719350264,-7.706413462,-7.21631560237794,-2.77410099258259,-2.83974594095774,-2.69393621204077,-4.67898791412548,-4.78330650506447,-4.63312315830563,1.40177255320353
2013-11-27,1.4002150143,2.06793450086285,2.22264008931398,2.04086884843529,-5.05081315135788,-4.87781465124066,-4.4756627398165,-8.02646928231372,-7.706413462,-7.10102958984648,-2.75810627842531,-2.8300101031247,-2.67416033293737,-4.67898791412548,-4.77345577114848,-4.61498529958837,1.10585744667859
2013-11-29,1.786868713,2.06228243580522,2.2282321447555,2.03224907136698,-5.02921281271786,-4.89293811349048,-4.46282420438899,-7.96884929123077,-7.706413462,-7.10102958984648,-2.7467934383625,-2.83892628161807,-2.668347385592,-4.66064145970905,-4.78330650506447,-4.61498529958837,1.00192331841652
2013-12-02,-0.33534881359,2.05752906593092,2.25323405985835,2.05569940600853,-5.01938157891759,-4.94867989612037,-4.51508307248936,-7.96884929123077,-7.7559184928125,-7.21631560237794,-2.74123802656068,-2.87242277350282,-2.70008221752004,-4.66064145970905,-4.80310416283231,-4.63312315830563,4.20517420912988
2013-12-03,-1.9474891664,2.03800304605659,2.20249433171256,2.0020802408133,-4.98052648506939,-4.83344225989674,-4.39315206827095,-7.80672623102545,-7.706413462,-6.92537110965,-2.71869712903111,-2.80538625723484,-2.62551142197154,-4.66064145970905,-4.72538409431921,-4.55297421733874,2.2521052313843
2013-12-04,0.33796079661,2.03981456769945,2.27876976230805,2.04704518804919,-4.98845071268178,-5.00323397110051,-4.49252887710233,-7.85904380922778,-7.91310580935094,-7.17706897395652,-2.72341569416289,-2.90616794379606,-2.68490683543914,-4.66064145970905,-4.87448410144149,-4.62402266190981,2.55770343356049
2013-12-05,-0.38086848372,2.02126959388157,2.2001937173732,1.99085206747276,-4.94881981855857,-4.82607074791808,-4.36515072503487,-7.7559184928125,-7.706413462,-6.89219139731818,-2.70060465992362,-2.80224359982565,-2.60734419571462,-4.63312315830563,-4.72538409431921,-4.52715909286756,1.75348216705234
2013-12-06,0.63980857758,2.00335425058453,2.18229560788835,1.94100491355934,-4.91250749661439,-4.78495229128922,-4.25056575478706,-7.706413462,-7.65628872559138,-6.73456405101098,-2.6799154485487,-2.77843626536942,-2.52685393624129,-4.61498529958837,-4.67898791412548,-4.37476799244016,1.20578233342454
2013-12-09,-0.532368523,1.98716591070445,2.16514947505675,1.898053587705,-4.87731529678436,-4.74862387453721,-4.15187668086658,-7.706413462,-7.55956916144833,-6.67489354642857,-2.65990453657137,-2.7554416262715,-2.46810937718146,-4.60594883076944,-4.67898791412548,-4.27971481612296,1.39099585131403
2013-12-10,0.75086388315,1.9740285878863,2.15926276352073,1.85651094029323,-4.84458737350149,-4.74682629460789,-4.05802834464699,-7.706413462,-7.55956916144833,-6.50275504089778,-2.6416680308987,-2.7556129688905,-2.41241010094428,-4.56168679275611,-4.67898791412548,-4.19804398158327,0.834160876358227
2013-12-11,-1.441539017,1.95804515526217,2.14288900290475,1.82193036236359,-4.80857556756147,-4.70435707135743,-3.97698742174536,-7.706413462,-7.46835930444516,-6.34673273274062,-2.62344191515196,-2.72730718908598,-2.36496519623348,-4.54432890120269,-4.66064145970905,-4.12088044182562,1.86082220622
2013-12-12,-0.24595096675,1.95523429549932,2.17334401535278,1.84055667596391,-4.80094756061707,-4.77932981213673,-4.0188068814219,-7.706413462,-7.65628872559138,-6.44936042533587,-2.61888590097806,-2.76649454412617,-2.38955653160986,-4.54432890120269,-4.67898791412548,-4.15240308038986,2.31699604521361
2013-12-13,0.78426229502,1.9418330907998,1.57633095806367,1.79018802931077,-4.76305507196845,-3.61315966279891,-3.90603825145803,-7.65628872559138,-5.86733828235763,-6.27392724241515,-2.59929211768673,-2.00746819425375,-2.32345645949366,-4.50758912520969,-3.71284532441493,-4.11156447868227,1.74186398091169
2013-12-16,1.2310014574,1.92976197906447,1.53709493616319,1.75906532471357,-4.73089593056871,-3.52389091329037,-3.83621407077061,-7.51344000425246,-5.7923024649,-6.20350711901078,-2.58242171290994,-1.95683857793379,-2.28263692868079,-4.47442928481169,-3.66536848977233,-4.06159272921517,1.55330715034323
2013-12-17,-0.33935779111,1.92208030279874,1.54438256081985,1.75784524904547,-4.71021455470939,-3.56043789939023,-3.83404054266753,-7.46835930444516,-5.81089048247025,-6.20350711901078,-2.57117904025689,-1.96811903013638,-2.28180230616296,-4.46625465247414,-3.68423334226427,-4.06159272921517,1.84974356905341
2013-12-18,2.143686315,1.91056641092065,1.50688911097895,1.71180860043325,-4.67635278507762,-3.48658520969652,-3.7309625721794,-7.42414609055556,-5.71963962766508,-6.02689365679636,-2.55373587549077,-1.92324209911627,-2.22320829326197,-4.43409165529873,-3.63289099204167,-3.9613888462759,4.43457895248495
2013-12-19,-0.19446408733,1.91643445429971,1.57289384470428,1.77972119003336,-4.69467633656014,-3.60097369987186,-3.8850185213637,-7.46835930444516,-5.84835601991345,-6.25010453288,-2.56152237221094,-2.00570717557424,-2.31313769320105,-4.43409165529873,-3.71284532441493,-4.09891945064155,1.61791575259728
2013-12-20,1.7738303095,1.89993363724881,1.52846704697843,1.7317353294816,-4.6374059273254,-3.50219544862183,-3.77395513403943,-7.3808323369375,-5.75560508345565,-6.11270170220755,-2.54290694192345,-1.94235007334857,-2.24723066154713,-4.39493555827054,-3.65136950385245,-4.00165772437233,1.25935699025596
2013-12-23,0.17901541523,1.8980974507837,1.55218892788972,1.77209239295979,-4.60323305136585,-3.55585871699402,-3.86395622656507,-7.3808323369375,-5.81089048247025,-6.22668769478218,-2.54203859422073,-1.97206706377063,-2.30020963993638,-4.39493555827054,-3.68423334226427,-4.09262641420281,0.955226978971552
2013-12-24,-0.9232602004,1.88271610695321,1.50877059756593,1.72238899256676,-4.54090850596963,-3.45827193693704,-3.74677773545936,-7.21631560237794,-5.65032078178154,-6.04781284771101,-2.52275618597399,-1.91341379923933,-2.23243611492776,-4.37960877193951,-3.62370680829278,-3.96705150078987,0.91950832546842
2013-12-26,1.3001002004,1.87248588250465,1.47626111586787,1.71028786764901,-4.49592058421621,-3.38136655062353,-3.71323721485739,-7.17706897395652,-5.55076324720368,-6.00616692027207,-2.51070543720007,-1.86987976140724,-2.21502120076708,-4.35687582793008,-3.53135273440532,-3.94454539922129,1.33486520935735
2013-12-27,-1.5603748856,1.8653518444293,1.48201468372336,1.71689033853671,-4.48042116485674,-3.39662093655514,-3.72632418052106,-7.17706897395652,-5.59957960236241,-6.02689365679636,-2.50172926089822,-1.87323428701595,-2.22374047635442,-4.34194441570282,-3.53979821812748,-3.9613888462759,1.09220821931074
2013-12-30,-1.1831792604,1.86439436448802,1.51535247893346,1.75084423375703,-4.48174204095664,-3.47090555130077,-3.79930238476274,-7.17706897395652,-5.70195763039213,-6.15747190770192,-2.50386603743984,-1.9121342096859,-2.26812547217492,-4.34939196305628,-3.62370680829278,-4.04330166846177,1.77611545948151
2013-12-31,1.3778376591,1.85749160124474,1.51247210081908,1.75472013680227,-4.46930218234583,-3.46240464577597,-3.79945792079526,-7.10102958984648,-5.68452723499688,-6.15747190770192,-2.49769480768834,-1.90827137063193,-2.27270953517773,-4.33454828519598,-3.61913770117947,-4.04937459730479,0.923080722227089
2014-01-02,-0.20562200662,1.8525353602107,1.50607506595509,1.76053484717064,-4.45611111345306,-3.4537652111458,-3.82031376860453,-7.064310906075,-5.65032078178154,-6.20350711901078,-2.48881794642466,-1.91229295745432,-2.28409247269637,-4.3271903074872,-3.62735758422493,-4.06159272921517,1.8341461289261
2014-01-03,-0.38445108921,1.84021131036786,2.12112638201009,1.71316905949007,-4.4283289160786,-4.62260211231686,-3.71639460226533,-6.99624409641781,-7.3903457793,-5.99911856983727,-2.44147138245818,-2.71104677231451,-2.21436155883527,-4.21892987308365,-4.64818542616124,-3.94079747047045,1.31497683057008
2014-01-06,-0.70880839485,1.82982051040495,2.11058615750726,1.66905828713467,-4.40156387377135,-4.59781038511028,-3.62534194396308,-6.94964096920541,-7.42449188631935,-5.86457883367241,-2.42011515777882,-2.69462934674631,-2.15781469467772,-4.20145207702576,-4.62667619777524,-3.86021855856916,2.13981049570068
2014-01-07,1.1178009807,1.82065635373069,2.12075280138718,1.64535748560236,-4.37946256669321,-4.63135311507747,-3.57251038716314,-6.94964096920541,-7.42449188631935,-5.82620904534407,-2.40689387791095,-2.70316656886016,-2.12661442590265,-4.18804736789323,-4.64518012944038,-3.82355692419207,0.979660265466477
2014-01-08,0.97731326787,1.8149534543963,2.12034430249992,1.63966141518125,-4.36097787962779,-4.6566922801635,-3.56515754118855,-6.91525286641733,-7.46994149332459,-5.82065072280085,-2.39068016603225,-2.70124994101309,-2.10856876566212,-4.14185231075404,-4.6285923974,-3.80684633607667,1.98637149788183
2014-01-09,-0.22641321666,1.80786410782034,2.13131243431671,1.61797954108816,-4.24886263744628,-4.69391403232979,-3.47240922741855,-6.75038968011519,-7.52686117664068,-5.69893464333171,-2.37442598243543,-2.69795924530145,-2.08847202598114,-4.0999611871337,-4.61767844334135,-3.77699655968168,2.13590981050506
2014-01-10,-0.83539063844,1.79357104851897,2.11781224990896,1.57527007687486,-4.21599942266966,-4.66472648168684,-3.37131063719525,-6.718892499625,-7.47946227085333,-5.54336472492197,-2.35774022930235,-2.68866688393119,-2.02968197889202,-4.0999611871337,-4.61767844334135,-3.71258417375376,1.92680965068516
2014-01-13,-1.6798269879,1.78483623413254,2.12374559484368,1.56417871439615,-4.19673847932844,-4.67998600446807,-3.34476543132696,-6.718892499625,-7.47946227085333,-5.52699912355564,-2.34774561149331,-2.69660962331262,-2.01422231637526,-4.0999611871337,-4.61767844334135,-3.70285640390948,2.04083692544302
2014-01-14,1.6778351834,1.78892405349837,2.16365573543852,1.61624180327929,-4.21231033712981,-4.77042735633166,-3.4672724993453,-6.718892499625,-7.7292959751,-5.68096635604516,-2.35457060646803,-2.74931515929826,-2.08297559885467,-4.0999611871337,-4.64564190260878,-3.76189668889435,1.91024435854579
2014-01-15,-0.42008351356,1.78868868741575,2.15602337452668,1.65308510253882,-4.21462155446895,-4.75457024463447,-3.60335471850753,-6.718892499625,-7.67618868879464,-5.85021485599739,-2.35524376087458,-2.7382078524908,-2.14505286011065,-4.0999611871337,-4.64564190260878,-3.82850554862198,1.42060560545219
2014-01-16,-0.017682572616,1.77549891982364,2.11423716622394,1.61886908843539,-4.1842636163372,-4.65487834616354,-3.46804103015108,-6.718892499625,-7.47946227085333,-5.68096635604516,-2.34060459293272,-2.67535138715546,-2.08386169132866,-4.08734361531799,-4.59925582336857,-3.76690732577642,2.1632928238287
2014-01-17,0.96260737755,1.7641068887354,2.10688693525789,1.57037032240713,-4.15227185978557,-4.64340655299975,-3.35724018917311,-6.718892499625,-7.43311151000328,-5.52699912355564,-2.32200572654683,-2.67499397982226,-2.02141963925738,-4.08734361531799,-4.59925582336857,-3.70771308161671,1.6314476783597
2014-01-21,1.8618152699,1.75347236953627,2.10789411317457,1.5606960940926,-4.12914871127457,-4.6439015661125,-3.33127272439952,-6.68713386301728,-7.43311151000328,-5.4945814913837,-2.30782244868045,-2.67685916517385,-2.00698410291909,-4.07469095018643,-4.59925582336857,-3.693195613862,1.98968355683741
2014-01-22,-0.61663186343,1.75819096238683,2.14591042208682,1.61691795852335,-4.1426780506131,-4.72953855911387,-3.45972500133299,-6.68713386301728,-7.57528228975172,-5.64573050556825,-2.31594001915523,-2.72725451652425,-2.08160182172714,-4.08099855996165,-4.64564190260878,-3.76189668889435,1.51831803450194
2014-01-23,-1.1543975874,1.74852719375855,2.10841441838269,1.5900819311467,-4.11780005815654,-4.64489266188297,-3.39603824215366,-6.68713386301728,-7.43311151000328,-5.59352270685426,-2.30083740312942,-2.67710673894798,-2.0451085796001,-4.06839455557936,-4.59925582336857,-3.72727007812099,2.38874670873075
2014-01-24,-3.0684972616,1.74527516362403,2.11997130519796,1.60084618506262,-4.11118905608424,-4.67318480846365,-3.4190837732205,-6.68713386301728,-7.47946227085333,-5.64573050556825,-2.2971521285239,-2.69204666508063,-2.05862350800379,-4.06839455557936,-4.61767844334135,-3.73214958264123,2.26503735638678
2014-01-27,-0.34055727556,1.78845802571634,2.4083719913235,1.7301656716583,-4.22113760296106,-5.32847525076511,-3.71301985096511,-6.718892499625,-8.7264461024675,-6.01406420766542,-2.36383059025732,-3.08833138507181,-2.23049627267403,-4.09623749065162,-5.14713851942264,-3.94551202380033,5.70239966735774
2014-01-28,2.1098684892,1.77515297037328,2.14181667074795,1.68705223617892,-4.18973104651812,-4.72265905134795,-3.61266998920356,-6.718892499625,-7.57528228975172,-5.86987946831754,-2.34555246842842,-2.73216281821717,-2.1712042438728,-4.08994640543669,-4.63798586066214,-3.86301680700315,2.89605866500309
2014-01-29,-2.5936161042,1.78597237722053,2.18513510814887,1.75287907973626,-4.21506181506503,-4.81509349599415,-3.76179909561146,-6.718892499625,-7.78355740518889,-6.10224539991359,-2.36048008185024,-2.78073877918495,-2.26090529974487,-4.10144543675616,-4.65646993576275,-4.00841753941134,3.85317921037775
2014-01-30,4.8958875585,1.81591335060088,2.31241352536282,1.85260348129308,-4.28616703282218,-5.10762913554962,-3.98840740568581,-6.78230078434487,-8.33682336363333,-6.45127790019326,-2.40454264107603,-2.93948129919456,-2.40371141219797,-4.16812923048453,-4.92553838504915,-4.16149790411278,3.9025226330256
2014-01-31,-10.997245725,1.91739672986987,3.48386949076148,2.04239912257187,-4.52821428035464,-7.74294283888829,-4.3976133262008,-7.25778451550615,-11.4367713009895,-6.95033886136438,-2.54551928886241,-4.48961316175154,-2.65953966865687,-4.38368389946128,-7.21612563256364,-4.58684814514313,10.4860128979534
2014-02-03,-3.4960550894,2.42504173246119,5.27029787353393,2.33043061505934,-5.79805811073446,-11.7312044245844,-5.0648323010821,-9.68035266535938,-14.109828885125,-8.25686970384167,-3.24138029714518,-6.86283352183889,-3.04929808914353,-5.43616156376972,-10.601130157284,-5.14065298247239,6.09492295165002
2014-02-04,0.52000577798,2.46533693753176,4.05640453551741,2.47973803572505,-5.87184963426285,-9.00232669360942,-5.37921622935357,-9.68035266535938,-12.0238702709882,-8.95808160396667,-3.31591077279703,-5.26390297168388,-3.25945896018049,-5.53317229832868,-8.78183145911463,-5.43789115418521,4.46091731337222
2014-02-05,-0.43109642193,2.4325241403019,2.77022358797665,2.39905889870948,-5.81011376499914,-6.10964093620026,-5.20582021865543,-9.68035266535938,-10.0636763842897,-8.46625684004667,-3.27051323702302,-3.55125330693079,-3.14592952506836,-5.48479903335827,-5.87337578286667,-5.24868699360645,4.52633817926409
2014-02-06,2.3495453888,2.40504010217849,2.55591362911717,2.32364789697892,-5.75255055612108,-5.62160463054495,-5.046042595777,-9.56134677871818,-9.34157398852,-8.19170840141224,-3.22889664315921,-3.26658158406017,-3.04240006666907,-5.42259438562727,-5.45333681046099,-5.13062494653902,2.29118469245941
2014-02-07,1.8302828619,2.40580091904905,2.56957758900297,2.3778372285927,-5.74533666672023,-5.64979354061153,-5.16156349480266,-9.44915090446177,-9.34157398852,-8.39465863235869,-3.23052003427751,-3.27898731934506,-3.11729044731875,-5.42259438562727,-5.50082650957029,-5.20849791861266,1.76395268264475
2014-02-10,-0.0581588567,2.39550877029002,2.53796562551547,2.38580907063673,-5.71725311436066,-5.58280792916631,-5.1799753090741,-9.44915090446177,-9.04720705993158,-8.46625684004667,-3.2154477352478,-3.24211252490099,-3.12993809554743,-5.40733891386458,-5.42259438562727,-5.23517459127308,2.13878284314002
2014-02-11,0.25493945177,2.36636891981406,2.48792112163864,2.30606339685929,-5.66090971911712,-5.47129867961893,-5.00679167637827,-9.34157398852,-8.95808160396667,-8.06741933660392,-3.17487977977309,-3.17468745606317,-3.01795650071945,-5.36212105096667,-5.36212105096667,-5.08056900465774,2.14910947900726
2014-02-12,-3.4660991183,2.33948577958272,2.45842231694931,2.23221818106408,-5.60671488229257,-5.39958724679995,-4.84616839480966,-9.04720705993158,-8.95808160396667,-7.84198810191273,-3.13619615893458,-3.14201914290133,-2.91534730973695,-5.23517459127308,-5.24868699360645,-4.90716693169617,2.91490063371565
2014-02-13,2.2763063707,2.37627046727309,2.67760344761135,2.373797436217,-5.67647092635811,-5.89260891068348,-5.14908877128257,-9.34157398852,-9.68035266535938,-8.39465863235869,-3.19913714715561,-3.4417268295557,-3.11271536888919,-5.37895497773082,-5.66852401606094,-5.19753943559182,2.31456135517149
2014-02-14,0.041993281229,2.37536465661148,2.56673929955413,2.41746683235743,-5.66675148258714,-5.64207759091818,-5.24383494413077,-9.34157398852,-9.34157398852,-8.69797657485,-3.19653074723885,-3.28100450373391,-3.1739463434212,-5.37895497773082,-5.48618818301439,-5.34931009196216,2.47391492916035
2014-02-18,-1.0353994685,2.34770714329996,2.4636634886351,2.3377761581717,-5.61235173472305,-5.40567697821695,-5.06953843695093,-9.23820010252222,-8.95808160396667,-8.25686970384167,-3.16117952886921,-3.1513202923446,-3.06441816162429,-5.25073016268323,-5.25073016268323,-5.12053691121636,2.05912789705908
2014-02-19,-1.7729393468,2.33070958492817,2.4443172249633,2.29859405550646,-5.57205470211586,-5.37554096888673,-4.98667376045522,-9.04720705993158,-8.95808160396667,-8.00831046095192,-3.13578573254809,-3.12072409460218,-3.01069069503387,-5.22390659462994,-5.19753943559182,-5.05892216045647,2.50814368510776
2014-02-20,0.69664344519,2.32580401025903,2.46133078282625,2.31450278366493,-5.55422754683418,-5.4143172236966,-5.02367645344674,-8.95808160396667,-8.95808160396667,-8.128478828304,-3.12643595581775,-3.1376552475004,-3.03375200399431,-5.21015345712152,-5.23685135463462,-5.11951106333455,2.26470816816005
2014-02-21,-0.86906803881,2.30426176995793,2.40768479856913,2.25328646013872,-5.50624388636524,-5.28854884473934,-4.89196402475323,-8.95808160396667,-8.78183145911463,-7.84198810191273,-3.09534965689988,-3.06513224191573,-2.95070295837698,-5.1969175677566,-5.13221991656585,-4.96423591899944,1.30254269915487
2014-02-24,1.4476871611,2.28529512700431,2.39774860896042,2.21034388546317,-5.46567409886067,-5.2640577701485,-4.796787935362,-8.95808160396667,-8.78183145911463,-7.78765222063393,-3.07047661474494,-3.05396695190426,-2.89068340788571,-5.14488079174969,-5.13221991656585,-4.86573431301711,1.87987070344616
2014-02-25,1.8591164933,2.2694540450861,2.39185712612835,2.19968624579814,-5.43340552193536,-5.25271642020539,-4.76931482914485,-8.95808160396667,-8.69797657485,-7.78765222063393,-3.05239754389436,-3.04621158386864,-2.87778994367252,-5.13221991656585,-5.13221991656585,-4.83446546556895,2.15871710492367
2014-02-26,0.41303862472,2.26014202592492,2.40277003838851,2.22367318159539,-5.41326623035902,-5.27939635818908,-4.81467960607957,-8.95808160396667,-8.78183145911463,-7.84198810191273,-3.04307012034692,-3.06492473332671,-2.90693965409336,-5.13221991656585,-5.13221991656585,-4.88701566566919,1.79702110442929
2014-02-27,0.091717621035,2.23959835838334,2.34769512189918,2.15562142902236,-5.36762778173465,-5.15486175277775,-4.67543509657543,-8.95808160396667,-8.39465863235869,-7.53713085206885,-2.99812412301307,-2.98224716565725,-2.80954652096797,-5.06069626762012,-5.01280665772601,-4.73563710280603,2.1070589855781
2014-02-28,0.54702468551,2.21836640282872,2.3163599638913,2.09067709647478,-5.32177447439693,-5.08514196382163,-4.52530186081781,-8.78183145911463,-8.32448902642128,-7.35687945333385,-2.96748323549273,-2.94017881364255,-2.71844900985634,-5.00109716176724,-4.95516345666461,-4.66928892645874,1.59686124807309
2014-03-03,-0.64070698718,2.1985967223941,2.30508406390118,2.03452087957231,-5.2785119784841,-5.05837977806016,-4.39945169746178,-8.78183145911463,-8.19170840141224,-7.03857407997808,-2.93914276693717,-2.93901761425254,-2.64329873810638,-4.95516345666461,-4.95516345666461,-4.59464937630421,2.31752646209876
2014-03-04,1.1451442548,2.18135151041001,2.2961961616455,1.9868085229749,-5.24187878245773,-5.05196368328191,-4.30905877519956,-8.69797657485,-8.19170840141224,-6.93229925083289,-2.91459628608803,-2.93235072212787,-2.59008446029912,-4.89962789264645,-4.94389975053855,-4.48923031204513,1.35375807125014
2014-03-05,2.3275625173,2.16550581154346,2.28909521179626,1.96887914029593,-5.20814363224378,-5.04002058655022,-4.26106001533777,-8.46625684004667,-8.19170840141224,-6.83192348972025,-2.89418729651525,-2.91888165263057,-2.55987448560332,-4.86739914929032,-4.93268248018222,-4.43966242113621,1.81735571634568
2014-03-06,-0.056395520642,2.16885264488578,2.3591056177753,2.03724627089862,-5.21057338682619,-5.20262834351761,-4.41610272104022,-8.46625684004667,-8.46625684004667,-7.07519078073056,-2.89948932785991,-3.00508627390873,-2.65514287256423,-4.88881425751413,-5.07295338379464,-4.62231169756777,1.38612880286506
2014-03-07,-0.026870163401,2.15089482086006,2.2728410062726,1.97548801582641,-5.1686783031789,-5.00881813404987,-4.28032900302223,-8.39465863235869,-8.06741933660392,-6.86487989920128,-2.87269602885021,-2.88645422627591,-2.57342531456692,-4.81541426211466,-4.8463365219734,-4.47248741415395,1.30058399466183
2014-03-10,-0.41122399625,2.13187159005027,2.23337025143552,1.9164794970934,-5.12697651893984,-4.93517156992241,-4.14257797579503,-8.39465863235869,-7.89583729386481,-6.76665449213827,-2.8460573026709,-2.82104178224865,-2.4895814704909,-4.80526232344896,-4.75512753606345,-4.33070580457276,1.53372871697116
2014-03-11,-0.46150109292,2.11676456650218,1.63468367452394,1.8524305386543,-5.08959230222101,-3.7710677290851,-4.0363094945549,-8.32448902642128,-6.18831268100784,-6.55230309272386,-2.82247160821593,-2.07202669376124,-2.42227636525555,-4.75512753606345,-3.7814637516125,-4.21677164885534,1.40410898637613
2014-03-12,0.49346564738,2.10213710387909,1.57922089193244,1.82082370067338,-5.05316054302681,-3.63918032895396,-3.93750240708215,-8.19170840141224,-5.94563770591593,-6.38790917839255,-2.799852783238,-1.99529432919005,-2.36796955219808,-4.73563710280603,-3.70692472560114,-4.12436592982609,1.67913245272016
2014-03-13,0.23472911707,2.08548246402091,1.52764027605045,1.77409474280429,-5.01481490832338,-3.51354770721927,-3.82729447605064,-8.128478828304,-5.84487962108814,-6.28591060375408,-2.77604957009308,-1.91659430138863,-2.30473395220401,-4.68807989436127,-3.63523337672514,-4.09236505018114,3.37893448193917
2014-03-14,0.60025302155,2.06773006438746,1.48812957343406,1.72315578119721,-4.97541879612432,-3.41672860977332,-3.70451099137747,-7.95120228259623,-5.67728345897323,-6.09618558113679,-2.75140018050288,-1.86303034066576,-2.23325853220415,-4.66928892645874,-3.52347396677238,-3.97659242027867,4.44044794287536
2014-03-17,0.34783539359,2.05146792499309,1.45908928779073,1.68425180251552,-4.93843578524616,-3.36026129238116,-3.60920693816232,-7.89583729386481,-5.55778984343955,-5.94563770591593,-2.72868973252723,-1.83124684740999,-2.17958670003152,-4.66928892645874,-3.48989830572356,-3.8975495308535,1.39116903455725
2014-03-18,0.99456058015,2.03733419136876,1.43472326282516,1.63364051225488,-4.90424277164322,-3.30028526421578,-3.5044386278113,-7.84198810191273,-5.50895429238321,-5.8252619646958,-2.7059122090623,-1.80002670302479,-2.12142070640032,-4.66928892645874,-3.44497481856732,-3.83847193222985,1.19036491050371
2014-03-19,-1.4626290361,2.02284889087994,1.42032177046465,1.62246297717131,-4.8731494783676,-3.26779889777319,-3.46784410083955,-7.84198810191273,-5.47695748193453,-5.73086035983306,-2.68847948380556,-1.78849269980957,-2.09876212494126,-4.65037525701779,-3.43298893879927,-3.82275057384512,1.74840935827342
2014-03-20,-1.1413873483,2.01967642424985,1.47456433097506,1.65686514200992,-4.86197920364747,-3.38774215962681,-3.55375709605094,-7.84198810191273,-5.60770788867557,-5.88473182611379,-2.68253360676612,-1.85285513069976,-2.15199624236103,-4.64945323345096,-3.5123824380369,-3.87354048464119,1.96665599857604
2014-03-21,-2.2630566171,2.00910382142069,1.48726329317264,1.66528652913968,-4.83970572363695,-3.40577809116909,-3.56595995312091,-7.84198810191273,-5.67728345897323,-5.88473182611379,-2.67130018410551,-1.86563925858786,-2.15589502803052,-4.64003474794545,-3.52939772626427,-3.87354048464119,3.15689015487071
2014-03-24,-2.4319227996,2.0171615803266,1.65532805502147,1.75606251816828,-4.85934461209301,-3.8163749826686,-3.76556195624289,-7.84198810191273,-6.28591060375408,-6.18831268100784,-2.68789780356287,-2.09548455664353,-2.27641626004795,-4.65894036535362,-3.81564243331185,-4.05259942729826,4.11669492217285
2014-03-25,0.81284638327,2.03217298135559,1.87418367360361,1.85043344843939,-4.88968764044437,-4.34062094988091,-3.98285310328004,-7.84198810191273,-6.967107846492,-6.49544296091111,-2.70832167304857,-2.40024929604547,-2.41263272340529,-4.68541781174608,-4.18506132581353,-4.20538046034297,3.30649473380581
2014-03-26,-3.1857009952,2.02009915710442,2.20960178995513,1.8097868511425,-4.85839127122201,-4.82371820590634,-3.90585438240018,-7.84198810191273,-7.84198810191273,-6.36189800029368,-2.68876942128582,-2.8030527203898,-2.37240970629711,-4.66616392332718,-4.75301268123909,-4.12621321519018,3.26175940627999
2014-03-27,-1.43851373,2.05498707808678,2.67979908750401,1.94749127019313,-4.93425674698277,-5.91471147916383,-4.21965541343567,-7.89583729386481,-9.80218603766774,-6.79940713661,-2.73593341523827,-3.38363006557395,-2.55724344750684,-4.68115977297549,-5.60259851474809,-4.44819459365261,9.33428966671451
2014-03-28,-0.053180488612,2.0481677898638,2.30709256048751,1.96073883337057,-4.91913225998138,-5.09914473262131,-4.24608917523695,-7.84198810191273,-8.39465863235869,-6.83192348972025,-2.72975581815611,-2.95522815249703,-2.57388106436131,-4.68115977297549,-4.97180904252102,-4.48146108523717,3.06481383569162
2014-03-31,-0.56903839895,2.03203442077512,2.19137057038383,1.89732710791775,-4.88747191838013,-4.79559008401259,-4.11557259157241,-7.84198810191273,-7.78765222063393,-6.76665449213827,-2.70665742900485,-2.78757738581488,-2.49497541459344,-4.68115977297549,-4.70025432319901,-4.33785533918607,3.07131479262116
2014-04-01,1.9695866098,2.02006501454561,2.1925284911368,1.85207539948595,-4.8586805986761,-4.83963544994857,-4.03109664798351,-7.88980406083704,-7.88980406083704,-6.59637680157326,-2.68211921251202,-2.80508843916952,-2.41898142333924,-4.64945057721262,-4.74599455089235,-4.20485921225632,2.12579375448041
2014-04-02,-0.30030030048,2.02018255524172,2.24427086703322,1.90096779944292,-4.85672429271006,-4.95831038653984,-4.1400472773022,-7.88980406083704,-7.94557146318302,-6.78548859429,-2.68254052369068,-2.87421358262885,-2.4852723213023,-4.64945057721262,-4.82748549244894,-4.33406080840082,3.41219073951143
2014-04-03,-2.4388817405,2.00499737438078,2.19108245927836,1.8487630607173,-4.82166931482173,-4.8344968783258,-4.02438212186701,-7.88980406083704,-7.88980406083704,-6.59637680157326,-2.66183197901953,-2.79552515011735,-2.41406795316131,-4.6304370995351,-4.7263177350601,-4.19804005664504,3.43895209038692
2014-04-04,-3.1832623944,2.01972115175893,2.33310085924027,1.9376449777467,-4.85232271373495,-5.10539885680068,-4.22046454585136,-7.88980406083704,-8.46431935041111,-6.81889423555443,-2.68188463049479,-2.97884801969769,-2.55297759820515,-4.64945057721262,-5.0170532054655,-4.44464991362489,12.3569638523203
2014-04-07,-1.6222910218,2.05244403087639,2.61513054517472,2.0630977477603,-4.92512222413404,-5.76018245851697,-4.50029419884301,-7.88980406083704,-9.68035266535938,-7.34531594443077,-2.73489275740993,-3.38790795229223,-2.73156421115141,-4.67098004785,-5.62244547435736,-4.67098004785,9.20546622447917
2014-04-08,2.9298841893,2.0513967117226,2.3404062227741,2.07994444971195,-4.91979266541481,-5.14637378000285,-4.53449016893042,-7.93287066006415,-8.529252192425,-7.41793593404603,-2.72422032933338,-3.00754925062858,-2.7491993520721,-4.66636776088473,-5.06345001757892,-4.66636776088473,6.80518595253222
2014-04-09,1.4477023269,2.07027495045543,2.45488709849607,2.17940948309138,-4.96051798739622,-5.40402848978941,-4.76047655127161,-7.99053871628654,-9.04626074349737,-7.87483932840185,-2.7507029308513,-3.15879051023839,-2.88905282072496,-4.66636776088473,-5.26078881361854,-4.85659117504674,4.83353582311629
2014-04-10,-4.4288060759,2.06074086406934,2.27235265113396,2.17600404317325,-4.93975009513038,-4.99522987914629,-4.74415378466561,-7.99053871628654,-8.17492215397959,-7.71046347208421,-2.7389006901089,-2.91421543137821,-2.87625818827747,-4.66636776088473,-4.88899689941934,-4.82496736969251,5.39842955345776
2014-04-11,-1.6965721674,2.13204705354498,3.2642545225983,2.36211519415653,-5.10357280846808,-7.21388945117643,-5.14497626173566,-8.529252192425,-10.7479407311083,-8.529252192425,-2.84478981174784,-4.25566480241479,-3.13636486144076,-4.80230688835368,-6.83696873258974,-5.22790959138506,8.60720469824522
2014-04-14,1.3409039875,2.1301180075455,2.58459931902034,2.36712422038681,-5.0942318116647,-5.68314248949838,-5.15952381146166,-8.45297296933333,-9.34157398852,-8.529252192425,-2.8402147669543,-3.3331547042505,-3.14580825509166,-4.80230688835368,-5.52931881697388,-5.24155114276928,4.42008869105445
2014-04-15,0.053812794795,2.1209601751105,2.31557687010262,2.33834514158755,-5.06898229525146,-5.08137688421241,-5.10114267325986,-8.37962054701304,-8.45297296933333,-8.529252192425,-2.8254502178331,-2.97439956230864,-3.10880414374074,-4.77144874330052,-4.98783957609249,-5.200984051125,8.37957049559824
2014-04-16,2.4044545684,2.1035168000793,2.2263134070065,2.26264126667018,-5.02982503270979,-4.86998639846742,-4.9353033025453,-8.24076543319583,-7.93287066006415,-7.99053871628654,-2.80229328980516,-2.85463865646518,-3.00450460655631,-4.74155797756582,-4.81250765209894,-5.05964975445509,6.33829220019664
2014-04-17,0.38000494333,2.11156993864189,2.32419874884994,2.31937144719514,-5.04101819639237,-5.09400353975065,-5.0634062961162,-8.30907470313617,-8.45297296933333,-8.30907470313617,-2.80947078709001,-2.98768655932518,-3.08818677408616,-4.74155797756582,-5.02323974190471,-5.17435947252405,5.5262030010603
2014-04-21,1.8343541287,2.09296873250632,2.22443052978297,2.24878469132959,-5.00254693095689,-4.87084246419521,-4.9072567791777,-8.17492215397959,-7.93287066006415,-7.93287066006415,-2.78706347666828,-2.85314129440274,-2.98738645385064,-4.69314367459801,-4.81250765209894,-5.02323974190471,2.45528899736985
2014-04-22,-0.46846193381,2.08821081136118,2.25809741569797,2.26533317775154,-4.99197520947117,-4.9468425460884,-4.94166661784922,-8.111298866954,-7.99053871628654,-7.99053871628654,-2.78196793721538,-2.89738361393824,-3.00848316365538,-4.69314367459801,-4.86491930230109,-5.05964975445509,2.98236626138348
2014-04-23,-1.4393295274,2.07243089049241,2.20494549197246,2.20328101918839,-4.95678452230157,-4.82252224475958,-4.80256834473266,-7.99053871628654,-7.93287066006415,-7.93287066006415,-2.76182648951601,-2.82802338313257,-2.92278879443737,-4.69314367459801,-4.79181484368325,-4.91948707792905,3.97651653308936
2014-04-24,3.8726970237,2.06774799827812,2.23205418505546,2.19947821509883,-4.94255218964535,-4.8949026384781,-4.79576217080494,-7.99053871628654,-7.93287066006415,-7.87483932840185,-2.7540759394877,-2.86459082840787,-2.91869505943307,-4.69314367459801,-4.81250765209894,-4.91948707792905,4.39533768578175
2014-04-25,-9.8828414652,2.11113203925128,2.74198346827498,2.35340666978179,-5.04320076517685,-6.04193205497038,-5.12986111688929,-8.30907470313617,-9.93174832028333,-8.529252192425,-2.81355438468617,-3.55161418921963,-3.12624736297277,-4.7514521443159,-5.89593119630614,-5.200984051125,11.4951601196615
2014-04-28,-2.3862028109,2.48646554215837,5.22268545185544,2.6545018089201,-6.06895066802951,-11.7085051404636,-5.79192504170528,-9.93017067979677,-14.109828885125,-9.68648868959697,-3.33163758103467,-6.85842419062564,-3.53588771980149,-5.56156713288667,-10.5735036691269,-5.91001853606034,10.915114358926
2014-04-29,1.2812731809,2.48933446309535,3.80740043077426,2.69962267636952,-6.07282754980486,-8.501583124882,-5.88680028637741,-9.93017067979677,-11.9049242262222,-9.68648868959697,-3.33079176681628,-4.97543363957236,-3.59489347259746,-5.56156713288667,-8.08518003501923,-5.97217359145929,5.34054545029856
2014-04-30,1.2484186696,2.46728903486195,2.79995323048302,2.64998941358904,-6.02590820215766,-6.23217940461321,-5.77177769713395,-9.93017067979677,-10.0576485536533,-9.68648868959697,-3.29426713828731,-3.61520161439954,-3.52661375393737,-5.52857072034818,-5.99327827485179,-5.91001853606034,3.99526088734226
2014-05-01,1.2363134187,2.4463394903628,2.48617250959214,2.60156600687117,-5.97924778705509,-5.49792474080481,-5.66284018173883,-9.93017067979677,-9.06771153123333,-9.35660919620556,-3.26762025212673,-3.21479960428142,-3.45919867054224,-5.51222605799855,-5.43326527247203,-5.71750083575,3.20345356647367
2014-05-02,0.038974958443,2.427844862257,2.43500431268949,2.54826695621296,-5.92871263533699,-5.38081637847508,-5.55708503429946,-9.93017067979677,-9.06771153123333,-9.06771153123333,-3.24168136361157,-3.15171402673244,-3.39294767420875,-5.44881075712465,-5.28556051240196,-5.66362395958992,3.91111279394307
2014-05-05,0.66231615856,2.40437371421643,2.40045859050175,2.46114223417218,-5.86972580579805,-5.29078277508321,-5.36701392299691,-9.68648868959697,-8.88611358505122,-9.06771153123333,-3.20380707170683,-3.10196636431083,-3.27867660770087,-5.43326527247203,-5.21735443347342,-5.52857072034818,2.82165352083658
2014-05-06,-4.0864376713,2.38155332613771,2.38960918158626,2.38799158946729,-5.81228333979345,-5.28777873216082,-5.21390636431402,-9.68648868959697,-8.88611358505122,-8.63629996921591,-3.18609142289047,-3.10576197819682,-3.20543666240421,-5.41769101365903,-5.23080479898535,-5.43326527247203,2.19488689604243
2014-05-07,-1.5703813303,2.43068843042644,2.82679437644855,2.55350754437701,-5.92275396901031,-6.25515005084794,-5.5783316749401,-9.93017067979677,-10.0576485536533,-9.15972198528421,-3.26023448134341,-3.683270308157,-3.45148768385619,-5.47026282491702,-6.08375999374352,-5.70465781870709,4.97416201236225
2014-05-08,-1.4997779374,2.42121300134701,2.51335933285003,2.53622955135746,-5.89177063435062,-5.55181418780364,-5.54571284178127,-9.68648868959697,-9.06771153123333,-9.06771153123333,-3.24432906037283,-3.27184277721301,-3.45589503845477,-5.43928367260839,-5.50196858759065,-5.70465781870709,4.65749175729762
2014-05-09,1.3596004441,2.40631173861278,2.44130426095864,2.51874544019411,-5.86117609151123,-5.40818189040814,-5.50264702653983,-9.68648868959697,-9.06771153123333,-9.06771153123333,-3.22792568328055,-3.17906647043364,-3.40605769211464,-5.43928367260839,-5.36339731004122,-5.70465781870709,7.51927042378722
2014-05-12,3.6339994524,2.39042517395132,2.40499002133279,2.48371395216258,-5.82214219216052,-5.31290208771384,-5.4265685909705,-9.68648868959697,-8.88611358505122,-9.06771153123333,-3.20438100416978,-3.12085379699703,-3.36388742720401,-5.42391230301944,-5.22356196906329,-5.58373419930672,2.13441460542928
2014-05-13,0.58773030451,2.42085728896578,2.64089827995013,2.61392225291672,-5.88538670104517,-5.83663816391628,-5.71976827916092,-9.68648868959697,-9.68648868959697,-9.46154206334,-3.24477285871427,-3.43343504410974,-3.56576998414829,-5.43928367260839,-5.70465781870709,-5.91470203030517,1.90829291033919
2014-05-14,-2.3043592437,2.39768358524218,2.4209175748145,2.53453310861103,-5.83118193750728,-5.34483242303557,-5.54241517261883,-9.68648868959697,-8.974666541695,-9.06771153123333,-3.2119828979224,-3.13481897496726,-3.45394172743121,-5.42391230301944,-5.25043177057564,-5.70465781870709,2.5581686969643
2014-05-15,-0.81647738743,2.39662640055439,2.46949435693532,2.57850984819064,-5.832207976831,-5.45673398501521,-5.63546371571675,-9.68648868959697,-9.06771153123333,-9.35660919620556,-3.19899442402368,-3.19836403832825,-3.49648973579306,-5.42391230301944,-5.42391230301944,-5.85447661752101,4.16620490263246
2014-05-16,0.8502998071,2.37982692580608,2.39459119615027,2.51266059651538,-5.78596772344955,-5.2908403448236,-5.49619534232252,-9.68648868959697,-8.88611358505122,-9.06771153123333,-3.17994547243642,-3.10014612745444,-3.40010229308293,-5.39267054597055,-5.22250272686076,-5.66894731150233,2.74320064764612
2014-05-19,-0.31743365817,2.35796170204371,2.37143717053556,2.4505013521447,-5.73845394199824,-5.26375411251057,-5.35524794664039,-9.46154206334,-8.88611358505122,-9.06771153123333,-3.14630939496211,-3.07836435109225,-3.31282703316161,-5.27697140690974,-5.20908848100126,-5.55072059272794,1.92015607132654
2014-05-20,1.494498829,2.3365785935039,2.35127189496369,2.37546737518442,-5.68845442879384,-5.19649834912898,-5.18800260687212,-9.46154206334,-8.63629996921591,-8.63629996921591,-3.11586053204375,-3.04427680411595,-3.20867043947246,-5.23598588405032,-5.15662333673313,-5.43895359663427,3.19851104225603
2014-05-21,1.2683024004,2.32300705194405,2.36256513537987,2.35857234225469,-5.65589531554382,-5.22208361718324,-5.15051829183676,-9.35660919620556,-8.71586752329302,-8.55933195404222,-3.08867700012313,-3.05995924906766,-3.18546718842017,-5.20908848100126,-5.15662333673313,-5.40790784356759,1.57703311621362
2014-05-22,-0.032785810163,2.30595008216908,2.35249158945994,2.32861968621011,-5.61881784253859,-5.22134584380086,-5.08131285520157,-9.25562284205405,-8.71586752329302,-8.48405706706957,-3.06787800335835,-3.05432434150494,-3.14197205044072,-5.15662333673313,-5.15662333673313,-5.27697140690974,2.18781332080619
2014-05-23,2.403988062,2.28567097387939,2.33202871361795,2.25464516478783,-5.57022432193729,-5.16202964619479,-4.91687950672329,-9.06771153123333,-8.55933195404222,-7.96898123052963,-3.03969503657487,-3.02578678705524,-3.03899106958849,-5.15662333673313,-5.1181826216488,-5.15662333673313,1.03710404860299
2014-05-27,-0.45477837575,2.28468755135046,2.39596661895263,2.31450192554054,-5.57216462864399,-5.29668632672995,-5.04577255405159,-9.15972198528421,-8.88611358505122,-8.34186151067917,-3.04172627435253,-3.10493250556449,-3.10120367526408,-5.15662333673313,-5.22250272686076,-5.22250272686076,1.77433941934709
2014-05-28,-0.21234154801,2.26392403221843,2.32446644488737,2.25135328578332,-5.52683221368894,-5.13677488102112,-4.90270121996465,-9.06771153123333,-8.55933195404222,-7.96898123052963,-3.01627352451527,-3.00966975924774,-3.01086040915155,-5.10564494274012,-5.09320107627619,-5.09320107627619,2.82769525944652
2014-05-29,1.1671395408,2.24475960153689,2.2962404334446,2.14417519127081,-5.48067943380766,-5.0814021168825,-4.7695557451507,-9.06771153123333,-8.48405706706957,-7.91134845816182,-2.98980586663154,-2.97383635198826,-2.8755267677645,-5.06857234943647,-5.02064665795632,-4.85393638110476,2.22136741291328
2014-05-30,-0.39199439107,2.23234154165685,2.29986404555064,2.15148464935391,-5.44448569919684,-5.09314843609463,-4.68633626255165,-9.06771153123333,-8.48405706706957,-7.69657111847797,-2.96943470831849,-2.98173547591858,-2.8933041952567,-5.02064665795632,-5.03246915678324,-4.88568738766075,1.84719567831099
2014-06-02,-1.1870100784,2.21250381396052,2.28093353946445,2.0925007886984,-5.4008956345645,-5.05062375146514,-4.55239523748496,-9.06771153123333,-8.34186151067917,-7.45645008297031,-2.94506632639508,-2.95656979033971,-2.79252477980541,-4.98576006300904,-4.98576006300904,-4.73246958379851,1.43847444489683
2014-06-03,-0.53425722053,2.2000604131364,2.28524958427438,2.07805164577961,-5.37127714882494,-5.06510981553138,-4.51871576541025,-9.06771153123333,-8.41160397080426,-7.45645008297031,-2.92935742137519,-2.9631450573051,-2.77227032331292,-4.96290317141508,-5.008910267136,-4.72286213076535,1.31940000195424
2014-06-04,-0.13346788637,2.18540687240066,2.26434239216835,2.02374123651533,-5.33036169009152,-5.02034120798925,-4.40199782405906,-8.88611358505122,-8.27427718895102,-7.08575828435206,-2.90644393047468,-2.93765630173363,-2.71614254689438,-4.90730128108424,-4.96290317141508,-4.70354593536961,1.82179903408565
2014-06-05,5.4729773779,2.16572799965555,2.24853070785596,1.96212252448907,-5.28660948031506,-4.98510961087345,-4.2630566365884,-8.88611358505122,-8.14603499633137,-6.90903947508974,-2.88212102957808,-2.89362576998146,-2.61246549799381,-4.86443020461649,-4.88568738766075,-4.58987268535046,3.67570266947727
2014-06-06,1.8852180365,2.26513035963377,3.64126793770612,2.17191215837149,-5.52340730162276,-8.13417282586891,-4.72540597276221,-9.06771153123333,-11.7113393133579,-7.74791826506897,-3.01588415485222,-4.74036148497029,-2.90021588779089,-5.10564494274012,-7.74791826506897,-4.90730128108424,2.89799564936209
2014-06-09,-0.65823399163,2.26019659746398,2.69535231903095,2.19481959314978,-5.50641122078403,-5.9870970947169,-4.77748507436574,-9.06771153123333,-9.93017067979677,-7.91134845816182,-3.00569467888231,-3.4952023777658,-2.93385280107342,-5.10344567588683,-5.83482310478667,-4.97178266708989,2.38554671935239
2014-06-10,1.4992366414,2.24093048435803,2.355085666993,2.11573204014693,-5.46461549588016,-5.22576197382227,-4.70499066481727,-9.06771153123333,-8.79904335871429,-7.69657111847797,-2.98261486060484,-3.02886433741417,-2.8310147765244,-5.04206285571046,-5.15449392686871,-4.83010761268377,2.15476483017945
2014-06-11,0.83932492998,2.23098416028144,2.31701771153857,2.14077813516068,-5.43698893103253,-5.13059895400504,-4.65706399243123,-9.06771153123333,-8.55933195404222,-7.64634371366,-2.96666699057133,-2.99376362099407,-2.85767180571554,-5.01825829774425,-5.07854997907041,-4.85120563558624,2.03088415072542
2014-06-12,-2.7714797136,2.21232883952549,2.27448237717309,2.09689050104478,-5.39591146055659,-5.05048743603751,-4.55650234634637,-9.06771153123333,-8.34186151067917,-7.45645008297031,-2.94373598192355,-2.92460027342933,-2.77641923683503,-4.99487033074602,-4.9603469599352,-4.72953133071293,2.33943639501621
2014-06-13,0.11045994288,2.2295810964219,2.44106057279519,2.19606994003557,-5.43103141424305,-5.42449225190402,-4.77793837640286,-9.06771153123333,-9.06771153123333,-7.91134845816182,-2.96452305300136,-3.15576946964986,-2.93227095399331,-5.01825829774425,-5.30343313033816,-4.98325501848249,1.89402411519487
2014-06-16,0.41376773843,2.21214376258038,2.28391568888525,2.12656562656453,-5.3854823483106,-5.06437252660384,-4.62549417202639,-9.06771153123333,-8.41160397080426,-7.59725719145246,-2.93797293734372,-2.93927817199306,-2.83716115337412,-4.98325501848249,-4.99487033074602,-4.85066939874233,1.68331418662899
2014-06-17,-0.61046334185,2.19345396397073,2.25183603056269,2.06560851265913,-5.34088726249543,-5.00296584381327,-4.48932671384583,-8.88611358505122,-8.209080540204,-7.41109390079077,-2.91335285154986,-2.8963702216291,-2.75167830003738,-4.93762423911215,-4.90442567767935,-4.70921833062611,2.07832523590756
2014-06-18,2.6902524416,2.17602174867727,2.24962774030998,2.01843679708518,-5.30086980554574,-4.98902039376585,-4.38289458792785,-8.88611358505122,-8.14603499633137,-7.08575828435206,-2.89178220208865,-2.90130329926607,-2.68478632068472,-4.90442567767935,-4.92648300169011,-4.67991006143641,3.61573019376723
2014-06-19,-2.2070698008,2.18324241193817,2.37489613614968,2.11223930801663,-5.32212718933392,-5.28585957993227,-4.58599040823697,-8.88611358505122,-8.88611358505122,-7.45645008297031,-2.9046141226448,-3.04442499075468,-2.79461686611403,-4.92648300169011,-5.16757562312469,-4.75812494588131,2.54024086441359
2014-06-20,-0.85626911305,2.18732891096364,2.38263540416541,2.17324200206802,-5.33032663834705,-5.29868734668611,-4.72079703965338,-8.88611358505122,-8.88611358505122,-7.74791826506897,-2.91054061816118,-3.05864761911219,-2.87897440199466,-4.93762423911215,-5.16757562312469,-4.87203447388717,2.06859563697921
2014-06-23,0.93769278228,2.17509895719098,2.26722978247023,2.13272817029372,-5.29573420476027,-5.03497402943037,-4.63190826345054,-8.88611358505122,-8.34186151067917,-7.59725719145246,-2.89036702071481,-2.89987068869806,-2.82445502056508,-4.91359846033443,-4.93587900472818,-4.82741645766335,1.59410820332734
2014-06-24,-0.94120523172,2.16112602948416,2.2302298545485,2.09324434858902,-5.25883292735579,-4.95165920072128,-4.54545912823827,-8.88611358505122,-8.02624254173774,-7.45645008297031,-2.86935134145638,-2.85875678714509,-2.77168725399933,-4.88088516217796,-4.8701116695369,-4.7460744449794,1.83361401424688
2014-06-25,1.0118460019,2.14842627189629,2.24111873336489,2.06301488515108,-5.22596751606533,-4.96123641501653,-4.47783304779913,-8.79904335871429,-8.02624254173774,-7.36667005217576,-2.85111553717648,-2.86880619225293,-2.73044271137134,-4.8701116695369,-4.88088516217796,-4.71656195378861,2.33241008731221
2014-06-26,-0.53444905925,2.13711614787451,2.22773742729688,2.02898150605419,-5.19370627168975,-4.92726606709831,-4.41218810008629,-8.63629996921591,-7.96898123052963,-7.15651397970986,-2.82997096335252,-2.85032347032152,-2.67931309156029,-4.84913766238138,-4.87078060016613,-4.67693153850927,1.94691525411225
2014-06-27,-0.34388528975,2.12282423333762,2.21531901661515,1.97963522048242,-5.15546253329225,-4.90024958264778,-4.30367761298505,-8.55933195404222,-7.96898123052963,-6.97181031087368,-2.80876403397742,-2.84430532239115,-2.61237468305399,-4.79661455433731,-4.87078060016613,-4.60041762118826,0.956430833201412
2014-06-30,0.064700988878,2.09956762907191,2.22354393447443,1.91953630700437,-5.00339946062708,-4.88895593550893,-4.18008246184849,-8.11650002120816,-7.87885774486038,-6.79366411928974,-2.76519909146875,-2.82846894442233,-2.5372945841706,-4.69570241273232,-4.80691098693422,-4.40673596484956,1.72454269321534
2014-07-01,2.3431245769,2.08544851735152,2.21549845034726,1.85852073892065,-4.96417819738962,-4.87148254854757,-4.04812597341079,-7.99380070294118,-7.87885774486038,-6.57116629125529,-2.74310017771937,-2.81360269474718,-2.45694763441187,-4.68468742397739,-4.77467045686579,-4.26552021315242,1.49831343772838
2014-07-02,0.1383916484,2.08852387801889,2.29162791683639,1.93559282875863,-4.97386922831426,-5.03860355958943,-4.21771092997032,-7.99380070294118,-8.2481665221617,-6.79366411928974,-2.74943835868979,-2.91826508569012,-2.56032349512587,-4.68468742397739,-4.94966899777126,-4.45452648335893,1.39961218372799
2014-07-03,1.3946222021,2.07449408312251,2.21340375255788,1.87466890255428,-4.93463911861331,-4.86229799017015,-4.08610792816441,-7.935487091175,-7.87885774486038,-6.63152055632892,-2.72749789837428,-2.81259416740273,-2.47977692562752,-4.69362596886768,-4.78451074745397,-4.32356637266167,0.999882983593438
2014-07-07,-1.1680276865,2.06483485933315,2.22256647211817,1.87939294126416,-4.9113154858585,-4.88599842889175,-4.09554576767412,-7.87885774486038,-7.87885774486038,-6.72688903466375,-2.71510220858082,-2.82435562405392,-2.48569594063471,-4.69362596886768,-4.80550251649305,-4.35474797193432,1.5414362643575
2014-07-08,-2.9201019337,2.05425183731547,2.22834783953026,1.87559594171696,-4.888184131278,-4.91821406498991,-4.08606476613004,-7.87885774486038,-7.87885774486038,-6.63152055632892,-2.70311348293105,-2.83167906797624,-2.47964055528054,-4.69362596886768,-4.82689728794973,-4.32356637266167,2.21902596508271
2014-07-09,1.9023501438,2.07920135326484,2.43081344499298,1.99169798423779,-4.94632423593083,-5.38170851840442,-4.34623971563625,-7.935487091175,-8.97092694071316,-6.96556601181781,-2.75147532164495,-3.11590291886079,-2.64163734678369,-4.68471378778643,-5.21536214287124,-4.59750616583125,2.7794279738083
2014-07-10,-0.62126860039,2.07696306752247,2.30132300100233,2.02872872054042,-4.93926913075793,-5.08337068516829,-4.42350794624002,-7.935487091175,-8.38935775809333,-7.11519186068696,-2.74789766260922,-2.93805913152335,-2.68838473523091,-4.68471378778643,-4.96137349436879,-4.66498795213284,2.56535563773065
2014-07-11,5.5745303735,2.06254429964693,2.21145244358536,1.9843281985579,-4.90439682785129,-4.86800484511437,-4.32338402608858,-7.87885774486038,-7.87885774486038,-6.96556601181781,-2.72858394486164,-2.82525543744973,-2.62644321544426,-4.68471378778643,-4.79547378998883,-4.58808027532536,2.97070086140887
2014-07-14,2.6343154244,2.17731836726938,3.76683577376952,2.17854622262495,-5.16704670696045,-8.37361419840392,-4.77187711331467,-8.46419118092954,-11.8554770647647,-7.82182665236852,-2.85988504024968,-4.88016214481157,-2.89891874568421,-4.84237990916175,-7.87885774486038,-4.90869345214124,2.42277508285618
2014-07-15,-0.24766407741,2.18332699256771,2.99561231722216,2.26309944362394,-5.18289612676928,-6.63761445593448,-4.945641729396,-8.54073657382558,-10.0898795517857,-7.935487091175,-2.87104233017295,-3.85577599735926,-3.01011141247394,-4.8532378095511,-6.29407029873263,-5.07662893832393,2.71958111480326
2014-07-16,0.41191739092,2.16413302232971,2.34974943431562,2.19672019350327,-5.14098009370942,-5.1894912683509,-4.79552471080619,-8.46419118092954,-8.54073657382558,-7.82182665236852,-2.84765640169785,-3.00494084491232,-2.91719604986432,-4.84237990916175,-5.07662893832393,-4.93149785511429,1.92684674539179
2014-07-17,-0.96824950833,2.1500243798056,2.24838208262762,2.1273947839378,-5.10290280266273,-4.96486081418986,-4.65239943221565,-8.46419118092954,-7.99380070294118,-7.6084380392431,-2.82366156370747,-2.87169666334322,-2.82877907772819,-4.78885788233457,-4.8532378095511,-4.82069303931568,2.11394187187782
2014-07-18,1.7607971538,2.13749014310747,2.24476566012015,2.09792417269957,-5.07291884396858,-4.95782352584255,-4.58414926994674,-8.31738827514783,-7.935487091175,-7.41486433494516,-2.80706571806822,-2.86646808058793,-2.78671888894426,-4.76808916175158,-4.8532378095511,-4.71750490114923,1.3713801129696
2014-07-21,0.30669715034,2.129874157527,2.26282393823956,2.11722695214134,-5.05694068779048,-5.00361315819188,-4.62449384135788,-8.2481665221617,-8.11650002120816,-7.55833003618814,-2.79919394112084,-2.88922002132909,-2.81136304508914,-4.75778185904555,-4.88621876767821,-4.76808916175158,2.14471223812978
2014-07-22,0.30020013346,2.11117086488079,2.2109100968444,2.05546121937521,-5.01540030251603,-4.88731479607264,-4.48452792537452,-8.18112617265833,-7.87885774486038,-7.36872836520476,-2.7764699062013,-2.82878971105218,-2.72488192802111,-4.71750490114923,-4.82069303931568,-4.68782906989141,1.62163963142442
2014-07-23,-0.74825407373,2.09785083682774,2.20041583158631,1.99020412658195,-4.97845637703086,-4.86713132731107,-4.3487344572742,-7.99380070294118,-7.87885774486038,-7.0019398815875,-2.75377586380403,-2.81516087554318,-2.6413916293309,-4.70757620121276,-4.77843780566931,-4.6000647080285,0.982358457021132
2014-07-24,0.13123359568,2.08282751161216,2.19744685392467,1.9545638710873,-4.94553704113442,-4.85765795898489,-4.26697080085737,-7.935487091175,-7.87885774486038,-6.8607087172829,-2.73598732079812,-2.81182207367767,-2.59103699789703,-4.68782906989141,-4.76808916175158,-4.49946186931284,2.89469371744125
2014-07-25,-9.6483645187,2.06900901698096,2.17871951121033,1.8930885798585,-4.90701899872949,-4.81351512489472,-4.13429539207219,-7.87885774486038,-7.87885774486038,-6.76015499036709,-2.71397749748329,-2.78704180514398,-2.50938224104222,-4.68782906989141,-4.71750490114923,-4.38175263869914,6.80352122601982
2014-07-28,-1.1110768184,2.43939403605482,5.05937346561058,2.13407961804417,-5.91475091082592,-11.3908794692347,-4.68071673479099,-9.70792022439375,-14.3047293014286,-7.64301306431864,-3.22002880082623,-6.65620738399863,-2.83989143610848,-5.46224075517842,-10.0746548954724,-4.86849939073533,2.59619769830053
2014-07-29,-0.12796104993,2.42356893678969,3.11038159770269,2.10938323425766,-5.87251145182357,-6.9431645738241,-4.63367715985347,-9.59263531225455,-10.4543820748077,-7.59316394423,-3.1965213455868,-4.03777545035688,-2.81016004439676,-5.46224075517842,-6.6066101847686,-4.79364034163089,1.42345362997767
2014-07-30,0.78437499997,2.39827107468725,2.45650797451627,2.04845215995669,-5.81789170744037,-5.47709933856569,-4.4910078232637,-9.59263531225455,-8.98829713502051,-7.40434768010313,-3.16509600599212,-3.1529299962395,-2.72310378672293,-5.36780700977862,-5.30862610338121,-4.71275638370452,2.074765819321
2014-07-31,-2.9518464543,2.37673979910369,2.37046212458865,2.00622469973138,-5.76898638251178,-5.27636769718374,-4.39289848397237,-9.59263531225455,-8.81057306182439,-7.0752430935125,-3.13686307079486,-3.05462449982798,-2.66308516917564,-5.2799698645351,-5.16987864489686,-4.66310181222304,1.59849939641831
2014-08-01,-1.8946292214,2.39607688914155,2.54386466924244,2.11504983448938,-5.80418845560655,-5.66422992996121,-4.64217771021617,-9.59263531225455,-9.27057693364167,-7.59316394423,-3.15923743306642,-3.28171200457317,-2.83105987036179,-5.30862610338121,-5.52746321082889,-4.83651563233369,2.26988216303243
2014-08-04,2.1461603596,2.3881071337921,2.44553429237451,2.15265556810247,-5.78951475218372,-5.44728664014644,-4.72083694303809,-9.59263531225455,-8.98829713502051,-7.74625276051228,-3.15265517181372,-3.13843416924203,-2.87914255530441,-5.30862610338121,-5.2799698645351,-4.86896463212663,1.493717465003
2014-08-05,-0.42403953457,2.38111992948477,2.42342257873757,2.19742517169497,-5.77649772544716,-5.40791799500614,-4.81810551339428,-9.59263531225455,-8.98829713502051,-7.91162638882037,-3.14628257809127,-3.12776581900843,-2.93890149457493,-5.29423131543467,-5.2658170766375,-4.98189619291839,2.37775473134697
2014-08-06,0.50268954928,2.36386479245616,2.34723745275205,2.13350933275634,-5.72694937979973,-5.2303991470748,-4.68192017884898,-9.37305173613143,-8.81057306182439,-7.64301306431864,-3.09605962599724,-3.00282094954735,-2.84201756273386,-5.24608868685686,-5.11137373656135,-4.86288463012826,1.61899687208216
2014-08-07,-0.77734238112,2.34103553801361,2.32536674092507,2.07648262379322,-5.67703078343129,-5.17943422034958,-4.55164900766677,-9.27057693364167,-8.56590993620909,-7.45031671881429,-3.0679447688362,-2.96092568417446,-2.76124312772712,-5.17737811476329,-5.02361815355647,-4.7274121015467,1.86466411705552
2014-08-08,1.7177717129,2.32105486719863,2.31809318522493,2.03878526243271,-5.63428420497611,-5.16543498272673,-4.46388164093371,-9.27057693364167,-8.49050614399111,-7.31566050307121,-3.04427700297405,-2.95616065044814,-2.70767115306304,-5.17737811476329,-5.01154484589123,-4.70756484625879,1.51384094171964
2014-08-11,0.48295454562,2.31240184295629,2.33807309757437,2.0559436923319,-5.60887100587555,-5.21017685624792,-4.50448970140071,-9.07821773653947,-8.56590993620909,-7.40434768010313,-3.030385338401,-2.98250485517191,-2.73273082190191,-5.16390566833962,-5.06054971028922,-4.70756484625879,0.960713123031894
2014-08-12,0.3109980209,2.29203100480278,2.29770729954021,2.00035948537104,-5.5616417904832,-5.11817222712248,-4.37904543693702,-8.98829713502051,-8.49050614399111,-7.0752430935125,-3.0039418144382,-2.93028290675958,-2.65564695856791,-5.11137373656135,-4.98765881596416,-4.65803751834216,1.17827761061098
2014-08-13,2.1796317173,2.27077698076605,2.27953788390941,1.94204018666836,-5.51441148723048,-5.09910695099152,-4.2469099413839,-8.98829713502051,-8.49050614399111,-6.8631224433641,-2.97768146006161,-2.91070083431779,-2.57615307541081,-5.06054971028922,-4.94092695235989,-4.50071952933077,1.66497963905039
2014-08-14,2.1239426262,2.26776609896883,2.33947240108661,1.99994956776206,-5.507884934855,-5.22247596224065,-4.38108329911798,-8.98829713502051,-8.64384051277442,-7.0752430935125,-2.97488318182857,-2.98911871344422,-2.65557913713696,-5.04813783320952,-5.08570706326667,-4.65803751834216,0.73314033204321
2014-08-15,0.12604663716,2.26192230671701,2.34255836455411,2.05389511823867,-5.49893380783634,-5.22686346860142,-4.48837035121452,-8.98829713502051,-8.72530141937381,-7.40434768010313,-2.97096144711024,-2.99175862509495,-2.72454240746153,-5.04813783320952,-5.09848742011585,-4.70756484625879,1.57369032183175
2014-08-18,0.2697599135,2.24195633990061,2.26867485741751,1.99187618706807,-5.4519384951669,-5.04887030270928,-4.34848671895038,-8.98829713502051,-8.27733731375625,-7.03819227387671,-2.9449466093916,-2.9032667319445,-2.63853880094261,-4.99956985524244,-4.92951679548315,-4.61936847658125,0.83037220360411
2014-08-19,0.17935611177,2.22657124536159,1.98159638631525,1.92940963945858,-5.40649534796406,-4.42542295266393,-4.21848383155973,-8.98829713502051,-7.15138004151571,-6.82979956738354,-2.91891729612775,-2.56879022748802,-2.55842090592869,-4.96405638961086,-4.4834009198861,-4.47485062190357,0.555827783840821
2014-08-20,0.19395458476,2.21067452655529,1.97966723199282,1.86595959025254,-5.36277337726696,-4.40097039780892,-4.08182769367059,-8.98829713502051,-7.0752430935125,-6.66743536540476,-2.89317610501881,-2.56270139166753,-2.47782608243099,-4.90693559989667,-4.47485062190357,-4.32893130931364,1.01565950118002
2014-08-21,-0.8547263089,2.19188408163897,1.97267456822591,1.80667898340371,-5.31897054428768,-4.38535562178641,-3.9549775148429,-8.81057306182439,-7.0752430935125,-6.48992455713667,-2.86891165295315,-2.55088843409303,-2.4007530331069,-4.87379524538415,-4.46629968112267,-4.19826090647115,0.733393391680715
2014-08-22,-0.39650355957,2.17618860275461,2.22307982439144,1.78921654484672,-5.28438372730167,-4.98395081200656,-3.90680281165282,-8.81057306182439,-8.08530634040392,-6.43436034078587,-2.85010473585395,-2.84580873273669,-2.3703168742958,-4.86288463012826,-4.86288463012826,-4.13766736661896,0.783844494479455
2014-08-25,0.73283271504,2.15819978794049,1.95996057137754,1.74436945096259,-5.24373128897589,-4.35084875003798,-3.80499781427452,-8.81057306182439,-7.03819227387671,-6.30123126550722,-2.82791140371887,-2.53345940144215,-2.30773467949263,-4.84109387548602,-4.42450147241609,-4.11119670338388,0.63365297380866
2014-08-26,2.3381833424,2.14058598811631,1.95149216951184,1.71008092003205,-5.20473198550452,-4.3321728169577,-3.72072782746864,-8.56590993620909,-7.00182004569459,-6.15317002839709,-2.80678224189083,-2.52286412874374,-2.2607197563324,-4.78823135759058,-4.42450147241609,-4.03423686763088,1.35675173617636
2014-08-27,0.3949331538,2.14156247691047,2.27942848557351,1.79597544522107,-5.21166390338164,-5.05086859858659,-3.91384930691548,-8.56590993620909,-8.27733731375625,-6.43436034078587,-2.81141324685218,-2.93642401535503,-2.37509232176381,-4.78823135759058,-4.98765881596416,-4.13766736661896,1.03982772764493
2014-08-28,-0.9207995804,2.1280952512996,1.9413164765774,1.74128530343851,-5.17246784043868,-4.32634020810815,-3.79392953436353,-8.49050614399111,-7.03720486548493,-6.29480385392062,-2.76857760060663,-2.50101823583672,-2.3028336834193,-4.72898701940663,-4.38364911952009,-4.09688954427774,0.792285439396783
2014-08-29,-0.28821834003,2.11446271734302,1.93467988780921,1.72820672102903,-5.14149480482658,-4.31714254055761,-3.76257857579623,-8.49050614399111,-7.00050823995676,-6.24378343710404,-2.75258098693581,-2.48912626741938,-2.28402103391449,-4.71895577601624,-4.36766633790339,-4.07092843498633,0.75481476046307
2014-09-02,0.9851344972,2.09998407928502,2.17578660097079,1.67762360570314,-5.10262293671149,-4.81291732273383,-3.64814511456739,-8.49050614399111,-7.91162638882037,-6.03129168020556,-2.73120352595658,-2.80228031804337,-2.21790452067768,-4.70902361719444,-4.79017611104632,-3.96597025205627,1.07108424900835
2014-09-03,-0.98720719652,2.08875809098179,2.1752618249767,1.6617759964147,-5.07060137637044,-4.81121674020426,-3.61293293040478,-8.34570691862766,-7.91162638882037,-6.00935021919174,-2.71339771130889,-2.80128338099586,-2.19612928999899,-4.70902361719444,-4.79017611104632,-3.92999485525382,0.994571135143924
2014-09-04,2.0501474926,2.07720045311245,2.17252272179382,1.65706533734929,-5.043274970969,-4.80058254188735,-3.60079144048307,-8.27733731375625,-7.91162638882037,-5.98752384494,-2.69906662056368,-2.80388098082184,-2.18916315562588,-4.6889560540685,-4.79017611104632,-3.90720322427016,2.53124248417251
2014-09-05,0.12429541839,2.08067399920422,2.22093626235814,1.72009895372025,-5.04369179799263,-4.91619134300254,-3.7480329731018,-8.27733731375625,-7.91162638882037,-6.218848569742,-2.69882129754371,-2.86830122674532,-2.28351272379903,-4.6889560540685,-4.87629561375989,-4.07671870040325,1.21719262038939
2014-09-08,-1.1663490965,2.06222747472965,2.15533932751533,1.6689591132265,-5.00358263661661,-4.76851232120305,-3.63101001901997,-8.147137311158,-7.85503643175636,-6.00935021919174,-2.6777078334677,-2.78099306280707,-2.21095852820989,-4.66909810646584,-4.73902551841077,-3.96512556184169,1.44711108846222
2014-09-09,-3.6776304258,2.05243374171457,2.16788707079634,1.67826514176422,-4.98192166408784,-4.79680985643594,-3.6508745310128,-8.08530634040392,-7.85503643175636,-6.05353871118785,-2.66659146646988,-2.79735655645992,-2.2195318214561,-4.66909810646584,-4.7797531698623,-3.97106870558537,1.90610976932556
2014-09-10,0.47915087198,2.10036286775965,2.69925058460788,1.83405496343443,-5.09531772361554,-5.98824279096551,-4.01053986373891,-8.41672747028043,-9.83026224585161,-6.63234997281294,-2.74007028316248,-3.49812428767234,-2.43450526818946,-4.70384073683568,-5.86246480472414,-4.24450311095731,1.95887051931101
2014-09-11,-0.24446926027,2.08223112839136,2.2366273735575,1.78646403539763,-5.05591216277154,-4.95183896865138,-3.90037462779946,-8.27733731375625,-7.96780553320377,-6.45651014451978,-2.70838949825089,-2.88684014890378,-2.36742487420878,-4.70384073683568,-4.89168895336685,-4.14113581690597,1.53087101347646
2014-09-12,0.20271087978,2.06507826211022,2.16599336676613,1.73708512883125,-5.01676260460342,-4.79405047856812,-3.78879122729778,-8.21106981237347,-7.85503643175636,-6.29480385392062,-2.68796506434624,-2.79165838525443,-2.29827724887668,-4.68392458328109,-4.73361023732602,-4.10130781256715,1.49204121846564
2014-09-15,-2.2041728313,2.04720559415804,2.14107783782935,1.68606905002331,-4.97658037960642,-4.73487522503237,-3.67344115393274,-8.02561923785962,-7.74625276051228,-6.07629865026792,-2.66718376461467,-2.76367325258176,-2.22670957714113,-4.66421402922118,-4.72365018390609,-3.98200332156041,2.55207954816661
2014-09-16,1.1948501033,2.05812298319299,2.25211870739026,1.7678934863994,-4.99675999906792,-4.98772534527507,-3.85814730773078,-8.147137311158,-8.08530634040392,-6.3742697052266,-2.67787772736806,-2.91175183016017,-2.34098261100026,-4.67346927834554,-4.93673995927966,-4.13279547447658,1.86002951037346
2014-09-17,-1.1471808641,2.04495227837144,2.17523910152086,1.76476790546326,-4.96924246494979,-4.81603889694134,-3.84809005128452,-8.02561923785962,-7.91162638882037,-6.3742697052266,-2.66417916717347,-2.80350023465351,-2.33453038582574,-4.67346927834554,-4.7843512645267,-4.13279547447658,2.16202549191249
2014-09-18,0.30864197543,2.03389831254036,2.16797785716845,1.76697603884437,-4.94656307717256,-4.80201741393772,-3.85021146211904,-7.96780553320377,-7.91162638882037,-6.3742697052266,-2.65350914341156,-2.79333919856652,-2.3358553976272,-4.66356602098768,-4.75361437494175,-4.13279547447658,1.11697349313431
2014-09-19,1.9446153845,2.01651108096433,2.13160025627645,1.71610758908679,-4.90703801007054,-4.71755542436091,-3.8464864300767,-7.91162638882037,-7.69404903388621,-6.3742697052266,-2.63343569553818,-2.74934008432471,-2.30790467531908,-4.62460334129275,-4.71348309557677,-4.11938717205904,2.28403233519182
2014-09-22,-2.0584329348,2.01771355441878,2.1845619012491,1.77195756200957,-4.90662198302518,-4.83558752754574,-3.85939388387662,-7.91162638882037,-7.91162638882037,-6.3742697052266,-2.63328273932947,-2.82274368632361,-2.34175906739623,-4.62460334129275,-4.80518218344286,-4.13279547447658,2.62362808754202
2014-09-23,-0.26810477675,2.0238824694995,2.23770797527191,1.84206746552173,-4.9207557344313,-4.9548530486162,-4.01324037188682,-7.91162638882037,-7.96780553320377,-6.63234997281294,-2.64211115363701,-2.89498353129281,-2.43692503914446,-4.63422864370291,-4.90281839003444,-4.25025648161151,2.70542026986482
2014-09-24,1.4151963664,2.00918501255266,2.13667890738647,1.79013436374156,-4.88326856199982,-4.79507240877436,-3.89821511889929,-7.91162638882037,-7.85503643175636,-6.45651014451978,-2.62256161671687,-2.75523699805791,-2.36524843742146,-4.60548064792679,-4.73349200267041,-4.14617882106629,2.04181714728681
2014-09-25,-1.9134090978,2.0032773162759,2.13603469491661,1.7999290537137,-4.86506376151236,-4.72662087736091,-3.92167402370046,-7.91162638882037,-7.74625276051228,-6.48472862102556,-2.61249797687744,-2.76241747897483,-2.3797863990492,-4.5959942006881,-4.73349200267041,-4.17301014429848,2.19860949565377
2014-09-26,0.39760196305,2.00496773829978,2.19425408974795,1.85862642756803,-4.872836620734,-4.8560322201114,-4.04934320249449,-7.91162638882037,-7.91162638882037,-6.66322479932619,-2.61870300615562,-2.840502815797,-2.45926932398526,-4.60548064792679,-4.85885692482826,-4.29430424186992,2.55641601894344
2014-09-29,-0.43006095102,1.99220714792817,2.10505279929329,1.80487857556113,-4.83618384687914,-4.65336852310946,-3.93308311674003,-7.91162638882037,-7.64301306431864,-6.48472862102556,-2.59848547756116,-2.7184290921018,-2.38682109387418,-4.54967536339907,-4.71348309557677,-4.18670322638161,1.75468042377456
2014-09-30,0.19265427873,1.97290126283443,2.12219582684603,1.75424274228456,-4.70119728890499,-4.68477045757752,-3.82252836268502,-7.61256770246316,-7.61256770246316,-6.31013835877742,-2.57195155428777,-2.72761158526534,-2.32369484544319,-4.46933689304018,-4.67477750253401,-4.10857607851161,2.10909192578911
2014-10-01,-1.5444733904,1.95883283838304,2.12552700388892,1.70123710865812,-4.66327714082344,-4.70509689225464,-3.70407577589986,-7.56205665292759,-7.61256770246316,-6.10910197820693,-2.55256357530169,-2.73880681328847,-2.25114109613243,-4.44365902207252,-4.67477750253401,-4.00542308970389,2.14336438517284
2014-10-02,0.29925029939,1.95557456258018,2.15749052856791,1.73731705911999,-4.65739177643076,-4.76775171525925,-3.78258073944192,-7.56205665292759,-7.77200960780741,-6.23184884276354,-2.5513280805574,-2.77259482230645,-2.2994160911476,-4.44365902207252,-4.70440447363299,-4.08203511906162,2.22608547446172
2014-10-03,1.3598819132,1.93986242165925,2.12614353125651,1.68759918970569,-4.61805554409251,-4.68942368294617,-3.66929494212827,-7.51273477506441,-7.61256770246316,-6.01665878098476,-2.53259110376433,-2.73019891267136,-2.23031239891296,-4.39368904495351,-4.67477750253401,-3.96875963070761,1.59375633469693
2014-10-06,-0.16731734522,1.93078887034885,2.12773351524794,1.70089604634417,-4.59716196147573,-4.70361231994614,-3.69506344248582,-7.51273477506441,-7.61256770246316,-6.10910197820693,-2.52392151444049,-2.73179973393075,-2.24671682578648,-4.39368904495351,-4.67477750253401,-3.99924369073979,1.83922616732534
2014-10-07,-1.620111732,1.91538910956506,1.82767407061865,1.65223395215336,-4.55808461013866,-4.01441956065086,-3.58310203559029,-7.37147529613387,-6.56441979481071,-5.88792650484054,-2.50580582594361,-2.35460724495466,-2.1788210166687,-4.36127579975431,-4.1218776435966,-3.87610941635639,2.03012691375756
2014-10-08,1.8045302544,1.91837764900227,1.857413324106,1.6950636143072,-4.56191193989084,-4.06890608813861,-3.68415422489727,-7.37147529613387,-6.62569948253659,-6.06206955181068,-2.50703996913459,-2.40165126628616,-2.23992934500787,-4.36127579975431,-4.18283262225078,-3.99308611093123,3.10991654966204
2014-10-09,-2.2714595601,1.92087175207715,1.85930691587397,1.73800608363964,-4.56397176096722,-4.07805840950035,-3.7874503930463,-7.37147529613387,-6.62569948253659,-6.23184884276354,-2.50664231687634,-2.40343990780943,-2.30293307477696,-4.36127579975431,-4.18283262225078,-4.08203511906162,3.31351860232865
2014-10-10,-1.2620097028,1.93401839852988,1.91469622595746,1.82469427232844,-4.5963379105916,-4.19344411671973,-3.97656724495319,-7.46412868305667,-6.78957081425065,-6.47553429391149,-2.52560522938979,-2.47717785279441,-2.41933647914257,-4.39368904495351,-4.29130464662905,-4.21094472714563,3.03800247266074
2014-10-13,-1.5864350171,1.93096230337433,2.12641247036424,1.82900150855269,-4.58483151853503,-4.71484102510747,-3.9933096620394,-7.37147529613387,-7.61256770246316,-6.53427640800471,-2.51902791051591,-2.76323362178774,-2.42755153702031,-4.39368904495351,-4.69449203896615,-4.21094472714563,4.16449791791491
2014-10-14,0.60695056272,1.92999425688581,1.86500330177434,1.86015841875283,-4.58288204296985,-4.07262031436092,-4.06104900597361,-7.37147529613387,-6.62569948253659,-6.59484817130602,-2.51975690488176,-2.40850000028039,-2.46905623446978,-4.39368904495351,-4.19683197939173,-4.29130464662905,3.62694603586248
2014-10-15,-0.75897635488,1.91746100325629,2.0856847307349,1.81456032449801,-4.54920335141782,-4.60891102004292,-3.96101995211589,-7.37147529613387,-7.51273477506441,-6.44699996609432,-2.50252040855679,-2.70002812398332,-2.40746014160412,-4.36127579975431,-4.6549532794392,-4.19683197939173,6.65174147229204
2014-10-16,-1.0164395203,1.90490830138308,2.08213113989759,1.78674092735793,-4.52016851867711,-4.5938588573358,-3.89282722012345,-7.37147529613387,-7.46412868305667,-6.39115486918111,-2.48965655964833,-2.6853584549109,-2.3675100646706,-4.33750530868043,-4.64510659769,-4.1218776435966,7.38930153602958
2014-10-17,0.25754474009,1.8975186586053,1.8176927637076,1.77625328724062,-4.50012472081637,-3.96756698900627,-3.87212312788575,-7.32602804129524,-6.47553429391149,-6.33674563478478,-2.48015395494484,-2.34431512433849,-2.35301466532556,-4.30648182260335,-4.10857607851161,-4.1218776435966,2.59847375366498
2014-10-20,0.8463970491,1.88382413971085,2.05800188062964,1.72314236204207,-4.46341362038996,-4.53968416726017,-3.75272578058214,-7.23838628119538,-7.37147529613387,-6.1815926055949,-2.46190328744322,-2.65582562120912,-2.28010628346429,-4.26884940077172,-4.62557137294802,-4.05600686203564,2.05192613089808
2014-10-21,2.9783481925,1.87587141919062,1.79510831619006,1.69429938346596,-4.4395888327436,-3.89298272580512,-3.70564676465658,-7.15511122144627,-6.39115486918111,-6.10910197820693,-2.44649515362186,-2.31368385224894,-2.24562621996722,-4.24681626199352,-4.09524815597175,-3.9931812902814,1.33941391410543
2014-10-22,-0.74842228769,1.90398257206661,1.93796209202609,1.81271215250456,-4.50751194408865,-4.21526610105467,-3.96182989850823,-7.32602804129524,-6.78957081425065,-6.44699996609432,-2.48448205162256,-2.50396822598176,-2.40833286022064,-4.32965572806907,-4.36127579975431,-4.19683197939173,2.64578409521994
2014-10-23,0.067099083026,1.89488937753733,1.82699619574573,1.78500081573229,-4.48210808280309,-3.96408224218862,-3.90397272912292,-7.32602804129524,-6.44699996609432,-6.39115486918111,-2.47118789061791,-2.35383536842996,-2.36945009592533,-4.29130464662905,-4.1218776435966,-4.1218776435966,2.14136755718277
2014-10-24,-8.3402516125,1.87897784213058,1.79168444417164,1.73154898718573,-4.44428737382953,-3.87156841142898,-3.77758517534773,-7.19624837327273,-6.33674563478478,-6.23184884276354,-2.44639360042742,-2.30740070864733,-2.29460255797044,-4.24681626199352,-4.09524815597175,-4.07547066719118,8.40399249636352
2014-10-27,1.0137253537,2.19586193238394,4.89125711782495,1.95705288029253,-5.33382578003623,-10.9308741007614,-4.28978760242976,-8.71305517615366,-13.732644487625,-6.87691138840395,-2.86981751594798,-6.4161856418774,-2.60381106445591,-4.84789726129836,-9.82113539482667,-4.55839322924151,2.50252835445038
2014-10-28,1.9381315307,2.18241903660657,2.94794042163402,1.92219641094724,-5.29597239196707,-6.58691515918278,-4.2273899616801,-8.71305517615366,-9.93678478124828,-6.83933644244805,-2.84412730203517,-3.82374313779324,-2.56299930826102,-4.83892427658251,-6.35134215846774,-4.46092007329414,1.42191059916479
2014-10-29,-0.49731046374,2.17870278127034,2.43536334310789,1.96835915506716,-5.28670403011022,-5.44479535752285,-4.32750612509062,-8.71305517615366,-8.8857783321359,-7.01679755036944,-2.84071253385185,-3.1405819996894,-2.62371239372639,-4.83892427658251,-5.26203260275034,-4.58672559549471,2.40419607989697
2014-10-30,1.6829865359,2.16025309312546,2.21343107896838,1.91961338620863,-5.24581274154907,-4.88018272062953,-4.20819012478972,-8.71305517615366,-7.83758503118148,-6.83933644244805,-2.80918374221728,-2.83822077922619,-2.55557351684359,-4.76476084195158,-4.82805962131359,-4.46092007329414,1.79908885555745
2014-10-31,2.1366235331,2.15226932119312,2.21392773054753,1.94399342413222,-5.22795409816212,-4.88348357618143,-4.26042366228744,-8.63010538812381,-7.83758503118148,-6.87366172141579,-2.80056710560809,-2.84119523716711,-2.58757142588136,-4.76476084195158,-4.83892427658251,-4.50440393106958,1.44976172044289
2014-11-03,0.085117527669,2.15145519012637,2.25170266050984,2.00200441194005,-5.22771450596327,-4.97102083684041,-4.38546023551674,-8.63010538812381,-7.94873013569615,-7.09274632825857,-2.80233036333508,-2.89227222802695,-2.66519881035495,-4.76476084195158,-4.88268591425922,-4.65439931677612,1.20556383999828
2014-11-04,-0.95185136734,2.13176340111184,2.17377154824152,1.94074317449346,-5.1839155291564,-4.79000766493145,-4.24608776732186,-8.47504099728864,-7.78234128062,-6.87366172141579,-2.77857099123198,-2.78866350704254,-2.57898463536733,-4.72415681059794,-4.72415681059794,-4.4955909099289,0.896472145787909
2014-11-05,-2.0772101318,2.11966492887995,2.17373553119029,1.91714865498404,-5.15250975565641,-4.79467786568838,-4.19450100543249,-8.40165651482445,-7.78234128062,-6.83933644244805,-2.76167299463732,-2.79133736560429,-2.5475492051221,-4.71414308189538,-4.72415681059794,-4.4438560081808,2.22377970613024
2014-11-06,0.040469445594,2.12274694231694,2.25595081672876,1.98090397539796,-5.16098146440582,-4.97218291761314,-4.33309726859323,-8.40165651482445,-7.94873013569615,-7.01679755036944,-2.76842358385973,-2.90151621642399,-2.63293622034931,-4.71414308189538,-4.90512067947458,-4.60575902958155,2.14578488376365
2014-11-07,1.0854908305,2.1034462000456,1.89454932511892,1.92018113445009,-5.11661568845494,-4.23045426058331,-4.19494568699321,-8.40165651482445,-6.83933644244805,-6.83933644244805,-2.74549758600359,-2.42948801280118,-2.54804694279819,-4.69422904248934,-4.22615089131706,-4.4438560081808,1.00281710590617
2014-11-10,1.750817048,2.08877132739028,2.16192106767338,1.90175292506392,-5.08167250193221,-4.77158220081438,-4.15089920571025,-8.3298093547913,-7.78234128062,-6.83933644244805,-2.72924995316975,-2.7758943974865,-2.52064004949148,-4.69422904248934,-4.72415681059794,-4.41049585798509,1.13173164462599
2014-11-11,2.2614794665,2.08415924023913,2.18346831800835,1.93228666349891,-5.06765630087371,-4.81569057689307,-4.2175435194163,-8.26063812474468,-7.83758503118148,-6.83933644244805,-2.72364465847389,-2.80206096782985,-2.5615304085396,-4.69422904248934,-4.76476084195158,-4.46092007329414,1.36199726922009
2014-11-12,-0.16025127406,2.09052176349693,2.24168810865316,1.99601355697396,-5.07731769257293,-4.94931403729168,-4.36425782852459,-8.26063812474468,-7.89236716881698,-7.05440529912958,-2.72844710634847,-2.88063598656305,-2.63653859490921,-4.70151261013112,-4.85850967288177,-4.61229126980049,1.0932551740176
2014-11-13,1.5954543996,2.07325905237197,2.14246291206911,1.93618607362905,-5.03340358261386,-4.72105089638656,-4.22959457513184,-8.1940407864125,-7.67610831643333,-6.83933644244805,-2.70628108487974,-2.74912058606287,-2.5538365476112,-4.70151261013112,-4.70151261013112,-4.46632401125158,1.93042909479563
2014-11-14,3.5831648129,2.06841442327277,2.16038870424305,1.9501183841134,-5.01660848995108,-4.75743710952417,-4.26339469146237,-8.12947321415918,-7.78234128062,-6.908492897032,-2.69679271378714,-2.78060797264099,-2.57548172967251,-4.68131821310556,-4.73170866047306,-4.49243157413899,2.69024673233892
2014-11-17,-1.4550668049,2.10913139635654,2.59539443276856,2.09313803748571,-5.11066438763531,-5.73364941299537,-4.5821023123169,-8.40165651482445,-9.25881649863143,-7.38685269798095,-2.74851966202722,-3.36791686964896,-2.77009733044079,-4.70151261013112,-5.59631217446719,-4.72160438755103,2.00390598296584
2014-11-18,0.58195325819,2.10390827015613,2.28583952791651,2.09727437064755,-5.09539711939998,-5.03368156016428,-4.59209015312355,-8.3298093547913,-8.1940407864125,-7.43194431178387,-2.7405412168918,-2.95519657914616,-2.77639945817323,-4.70151261013112,-4.99680408008107,-4.73170866047306,1.58796688471593
2014-11-19,0.49549133655,2.08716261934206,2.15078440425895,2.04146838316604,-5.05286613497356,-4.72815200902175,-4.4670278497395,-8.1940407864125,-7.67610831643333,-7.29733940998308,-2.71869292737161,-2.7741271104204,-2.69996164954568,-4.70151261013112,-4.73170866047306,-4.68131821310556,1.43547682286593
2014-11-20,1.2249647822,2.0701622682302,2.11469985253057,1.98372398759245,-5.00969315493484,-4.64144295099932,-4.33994082066435,-8.067172644908,-7.526526722355,-7.01679755036944,-2.69696507800007,-2.7307836736476,-2.62371618946277,-4.68131821310556,-4.70151261013112,-4.59310277332464,1.42769282625128
2014-11-21,0.63229866264,2.06048088744294,2.12906110633312,1.96796431725679,-4.98034114085717,-4.6751054153926,-4.30607047392414,-7.94873013569615,-7.57524639800508,-6.97987778360274,-2.68197609689695,-2.74761623128818,-2.6029451377301,-4.6712895634397,-4.70151261013112,-4.56478293606286,1.86155242817487
2014-11-24,0.90490935891,2.04295478984438,2.08688188163621,1.92209631822068,-4.93830734983234,-4.58393150235596,-4.19983090318332,-7.89236716881698,-7.38685269798095,-6.83933644244805,-2.6621245784797,-2.65047949782791,-2.53547672742818,-4.65139662150249,-4.64150472029505,-4.42385595300575,1.37398600273256
2014-11-25,-0.17876296024,2.0315024411235,1.88364385089583,1.88579895894104,-4.90288972160178,-4.40749292310777,-4.12564308101257,-7.83758503118148,-7.13174016452609,-6.80481216670385,-2.64371862648775,-2.39994143466571,-2.49288767424448,-4.63166788964828,-4.20048055012745,-4.36579276163391,1.29979080590235
2014-11-26,-0.43875358178,2.01453381898167,1.80796619695133,1.83322443250565,-4.86004187197102,-4.23947890013941,-4.00354843712412,-7.83758503118148,-6.87366172141579,-6.610038287325,-2.62314209695218,-2.29664889566746,-2.41641722385616,-4.60253852627427,-4.11130750005821,-4.2218701931996,0.83196979853814
2014-11-28,1.5199208563,1.99786030346887,1.75045836819495,1.78812106402696,-4.81945973162811,-4.0952715066702,-3.90188792808166,-7.83758503118148,-6.77055984224051,-6.43373212886111,-2.6045633295155,-2.21850921881228,-2.35313051861865,-4.5739477459689,-3.97074261655241,-4.14529863678289,1.48156262367539
2014-12-01,-3.7325773685,1.99160655739186,2.11206370494188,1.8030533399327,-4.80198855659278,-4.62741247680749,-3.93940552936439,-7.83758503118148,-7.526526722355,-6.46201173414045,-2.59661739416851,-2.72399218013819,-2.3763325482267,-4.53687503671784,-4.70151261013112,-4.1520519752042,4.57999080604379
2014-12-02,0.09509202464,2.04663565872776,2.75995114824417,1.95606521649865,-4.95443884157264,-6.09022959922769,-4.29063210047703,-7.89236716881698,-9.70128697770645,-6.908492897032,-2.67535715316987,-3.60387040781823,-2.60263126186232,-4.65671736445672,-5.92370539805315,-4.5699412203619,2.27931661179583
2014-12-03,-3.0063436609,2.03246251053279,1.88597681983862,1.89025834203359,-4.91513222231719,-4.28662312474273,-4.15917257348899,-7.83758503118148,-6.908492897032,-6.83933644244805,-2.6466427715002,-2.44895234252006,-2.51712154058882,-4.63702724565567,-4.27078113821829,-4.41196279840175,3.13848710452518
2014-12-04,0.13586097957,2.06122331292805,2.04018062306019,2.00940297010146,-4.98882319078839,-4.63989629453384,-4.42624309142618,-8.00690960878628,-7.526526722355,-7.13174016452609,-2.6992879055904,-2.66161623212412,-2.68455109164633,-4.6681996361215,-4.6387667091202,-4.65833604056667,1.92401705688603
2014-12-05,-1.3567664784,2.0430330800339,1.87276019525959,1.95182228987634,-4.94474761114993,-4.25847738349221,-4.29070573795667,-7.89236716881698,-6.87366172141579,-6.908492897032,-2.67745286006868,-2.43548152426157,-2.60111819367837,-4.64854719760743,-4.23657783024422,-4.54412066887512,1.21432344793129
2014-12-08,-1.9160029427,2.03737559058795,1.85696641652818,1.95709514967146,-4.9286756906723,-4.2176801086151,-4.30284400440572,-7.83758503118148,-6.83933644244805,-6.94371841107162,-2.66963260323892,-2.41780148688165,-2.60828304098488,-4.64854719760743,-4.21515830596732,-4.57184432556619,2.68566491768187
2014-12-09,1.9110357422,2.03932943827993,1.87493314881995,2.00613409308762,-4.93611315908955,-4.29982016627355,-4.4056506419066,-7.89236716881698,-6.908492897032,-7.13174016452609,-2.67480332212937,-2.43677456629603,-2.67335259902993,-4.64854719760743,-4.23657783024422,-4.64854719760743,2.67265308400622
2014-12-10,-2.1312000001,2.03976317070829,1.87448412748827,2.03399401502722,-4.93439447909804,-4.28505660817961,-4.47425455649658,-7.94133746149231,-6.92960885577973,-7.32783046405,-2.6618620661409,-2.42045157449059,-2.71681547484597,-4.63526599010743,-4.22496831171793,-4.6847181759665,3.13163503156823
2014-12-11,0.4969918913,2.04700286532027,1.91009097437608,2.09422602340327,-4.95308952666589,-4.37119595117559,-4.60476709363335,-7.94133746149231,-7.11806276852754,-7.56348629477288,-2.67465222452677,-2.46944011355856,-2.79791875987289,-4.64507772122886,-4.30630581182542,-4.74466132780471,2.4802080742045
2014-12-12,-0.013014055184,2.03229866051804,1.82949765618688,2.03464550732334,-4.91176372306357,-4.19563192255686,-4.47387621321886,-7.88459773083208,-6.85898676472105,-7.32783046405,-2.6533599392439,-2.35979206560822,-2.71674556759893,-4.63526599010743,-4.13487329755151,-4.6847181759665,3.4757159865994
2014-12-15,-0.40674215807,2.01907662798485,1.81333541409529,1.96807581505332,-4.87085572535497,-4.15614699348711,-4.33558201474357,-7.88459773083208,-6.85898676472105,-7.04033115037887,-2.6298013171704,-2.33988348371341,-2.62764858522738,-4.60616283767366,-4.12142401489887,-4.60616283767366,4.27990706082173
2014-12-16,-3.5972163229,2.00427283402237,1.81066162001983,1.91662331874295,-4.83195125721561,-4.1496916222828,-4.2204953502687,-7.88459773083208,-6.85898676472105,-6.85898676472105,-2.61087994512479,-2.33607765792013,-2.55611322466856,-4.56814065272344,-4.12142401489887,-4.46063926651855,4.723691678506
2014-12-17,1.2946519351,2.05464185678873,2.1179355959615,2.06338132910179,-4.95763034843461,-4.87072324421351,-4.54273403003992,-7.94133746149231,-7.88459773083208,-7.41977109714677,-2.686829082314,-2.76181611332694,-2.7612874134928,-4.6594561579875,-4.6988850846301,-4.6988850846301,3.72459613418335
2014-12-18,-0.38476980726,2.0449331001562,1.89582473348147,2.04752825634428,-4.93191285413935,-4.34394797600284,-4.51016340438546,-7.88459773083208,-7.04033115037887,-7.41977109714677,-2.67382907346176,-2.45806466240193,-2.7413834622473,-4.63989028856386,-4.27333285672816,-4.67922574236515,2.96248244718487
2014-12-19,0.72884828551,2.02845226552925,2.08675196479836,1.99509569181351,-4.89155206084144,-4.5920086448579,-4.38552295463695,-7.88459773083208,-7.46614156362131,-7.11806276852754,-2.65368583085093,-2.69776389035332,-2.66510651749149,-4.63015244494877,-4.6594561579875,-4.63989028856386,2.11356161948076
2014-12-22,2.214071357,2.01713707251701,1.80750333479869,1.94487016189883,-4.85562354177798,-4.15287952782907,-4.28942963315508,-7.88459773083208,-6.85898676472105,-6.92960885577973,-2.6325709043696,-2.34373863212843,-2.60324651420761,-4.60126503905825,-4.11946069020974,-4.5542431483891,1.79832498064039
2014-12-23,-0.083186533539,2.02120684816407,1.85140645531133,2.00340945872376,-4.86895315961498,-4.25826689521182,-4.41709924473659,-7.88459773083208,-6.894031718372,-7.15800234415588,-2.64088723878845,-2.40175012135578,-2.68519551941717,-4.60126503905825,-4.19418493210781,-4.64963606232388,1.47478422208289
2014-12-24,-1.0627356874,2.0057460553456,2.06516460019666,1.94574716524539,-4.82676370973707,-4.5364572585445,-4.28429381851779,-7.88459773083208,-7.41977109714677,-6.92960885577973,-2.61967315390066,-2.68666666742728,-2.60138572906049,-4.58227481641875,-4.6594561579875,-4.53591083025164,0.984735383957203
2014-12-26,1.9998019998,2.00013797955822,2.06719804734516,1.92424038561559,-4.80386465081996,-4.53520767150166,-4.25024570626921,-7.88459773083208,-7.41977109714677,-6.894031718372,-2.60031283459117,-2.68027729246962,-2.57326146838975,-4.54013836987689,-4.64486649681692,-4.48647384619037,1.04672940659437
2014-12-29,0.95441457179,2.0052518535797,2.12803852889149,1.96489989907766,-4.80903947235806,-4.72770767712221,-4.34821358902054,-7.88459773083208,-7.71771896583929,-7.07881234697857,-2.60242655954597,-2.73321062386582,-2.63400418118786,-4.56685536215646,-4.69394981310663,-4.6146473746402,1.59369602509546
2014-12-30,-0.55762081793,1.99469347015818,2.05806657015724,1.93118745134362,-4.77732126791025,-4.51054364929757,-4.27286958124424,-7.8274603423037,-7.41977109714677,-6.92960885577973,-2.58584085621914,-2.66388309475859,-2.59066109616702,-4.51189468546465,-4.6539265233525,-4.51189468546465,1.66326657085753
2014-12-31,0.016113438687,1.98142596864412,2.0388281746335,1.88702560316766,-4.74320493036777,-4.46785089624852,-4.17377552050504,-7.71771896583929,-7.32783046405,-6.85898676472105,-2.56856156919199,-2.6384687715777,-2.53133644826967,-4.47651975539863,-4.6146473746402,-4.41679097324513,1.50326634211069
2015-01-02,-0.58965683902,1.9652879027993,2.00575161917272,1.83141086565469,-4.70246929688304,-4.45186830828966,-4.04608209104602,-7.66509997724912,-7.28366821626923,-6.65681023951098,-2.54865534826601,-2.57207811608929,-2.45273646926657,-4.45917126493348,-4.4940941810129,-4.27437619049057,1.65824515035913
2015-01-05,-2.0517308441,1.95494915341324,2.01751641372686,1.7899600513906,-4.67033019510385,-4.41703527819402,-3.95979949748831,-7.61368319883793,-7.15800234415588,-6.50370159123908,-2.53148799858606,-2.60702616344063,-2.40260399469767,-4.41679097324513,-4.57627922655144,-4.20172759448898,2.64027556416868
2015-01-06,-2.2833316787,1.96272762929833,1.87702919343581,1.85480650956009,-4.6956862486472,-4.19186678592233,-4.10339539389166,-7.66509997724912,-6.85898676472105,-6.82375892276883,-2.54561191604779,-2.33674552947487,-2.48879058435511,-4.4420305149574,-4.12612630440226,-4.35943092379356,3.26630621848364
2015-01-07,1.0599749399,1.97951618165274,2.24232613071963,1.92638733894402,-4.73475237281817,-4.90755336418347,-4.27406983771388,-7.71771896583929,-7.88459773083208,-6.92960885577973,-2.56500768880283,-2.90745656971829,-2.59337472550915,-4.46784527547318,-4.89429527375819,-4.52086771359019,2.58330767106173
2015-01-08,0.68360029491,1.97018252403768,1.98153096088474,1.90109309245188,-4.70728453036786,-4.4078432814576,-4.21666082208691,-7.66509997724912,-7.15800234415588,-6.85898676472105,-2.55078109808546,-2.44830688782614,-2.56285145118265,-4.45917126493348,-4.26692765067918,-4.46784527547318,1.65652900261555
2015-01-09,-1.1748652066,1.95724369030735,1.83603639738256,1.85773207529666,-4.67164988642729,-4.12072778320934,-4.12164756326054,-7.61368319883793,-6.82375892276883,-6.82375892276883,-2.53288577520829,-2.30675042973393,-2.50438164849442,-4.41679097324513,-4.1193170619906,-4.38369410107391,1.74165595875785
2015-01-12,-1.8590240124,1.93650774712362,2.06576305578743,1.83722160166886,-4.48999639124562,-4.5824416312574,-4.10926348193606,-7.30145491413279,-7.30145491413279,-6.72095235252895,-2.51531335214305,-2.63456024064489,-2.48461155195632,-4.36316625747478,-4.56527589244138,-4.30727618569657,2.17632220615755
2015-01-13,1.1427198793,1.94112569171893,2.13441829191706,1.88578670743185,-4.50455852165724,-4.7371996150231,-4.21305076954131,-7.30145491413279,-7.59191279683636,-6.75527914477067,-2.52258017639535,-2.72320888062064,-2.54972705414878,-4.37136756307733,-4.64295951337385,-4.41290814222409,2.57145821362922
2015-01-14,-0.49874465631,1.92982788173375,2.06988825447954,1.87342380793652,-4.48229107379013,-4.58806444688883,-4.17764226109741,-7.30145491413279,-7.30145491413279,-6.75527914477067,-2.50947520083309,-2.63704846990816,-2.52895490634601,-4.34694834992061,-4.56527589244138,-4.37136756307733,4.13574375769734
2015-01-15,-2.155010741,1.91746126295318,2.03867969421544,1.82397863491172,-4.45204329198005,-4.51862572935369,-4.07535525234442,-7.16877149682031,-7.30145491413279,-6.58945425910625,-2.49155780336298,-2.59675832720399,-2.46369367165314,-4.31513080596078,-4.49117686089479,-4.25388960680833,2.88811880488462
2015-01-16,1.3207875936,1.93132579611256,2.1688465263891,1.89254580045297,-4.48429069936324,-4.81510296601846,-4.22618572160966,-7.30145491413279,-7.75474272063654,-6.75527914477067,-2.50841532580947,-2.76967048428019,-2.55800260371539,-4.34694834992061,-4.66254862542539,-4.42141051298219,2.4911156208828
2015-01-20,-0.44713489724,1.92266916979175,2.08613301115896,1.89040813261806,-4.46782915350312,-4.62763766706824,-4.21727497885072,-7.21181097520952,-7.44152815742414,-6.75527914477067,-2.49856280862976,-2.66270521316114,-2.55296120578955,-4.32300992694762,-4.594056772221,-4.42141051298219,1.83717813176264
2015-01-21,2.6983139856,1.90770379247415,2.04290446410562,1.84543976392642,-4.43670287158612,-4.52943641856356,-4.11069752999605,-7.08603477372273,-7.30145491413279,-6.72095235252895,-2.48072797468178,-2.60726851510999,-2.48736030754186,-4.28409218239492,-4.52767642928357,-4.31513080596078,11.3888394334836
2015-01-22,4.3969722456,1.92892377782342,2.23742001988948,1.93908363927731,-4.48787430554152,-4.97196270681781,-4.31959783039179,-7.30145491413279,-7.86701993691,-6.89504377453944,-2.50870208958423,-2.87291447396734,-2.61687150258829,-4.34694834992061,-4.78510356631768,-4.54635887773024,4.19572758758171
2015-01-23,0.6670533643,2.0106201885033,3.45341727528021,2.10880501173114,-4.67622082400849,-7.73486854099278,-4.69578986299172,-7.49046609248421,-10.82231444416,-7.54060072218214,-2.6155415643004,-4.4766356065799,-2.85071852382554,-4.54635887773024,-7.25593338152097,-4.77456037110879,2.56976332869513
2015-01-26,-0.87390761546,1.99576747239703,2.39481328263,2.0543729514723,-4.64211457456453,-5.32158172387526,-4.57580541278899,-7.44152815742414,-8.6474946669641,-7.30145491413279,-2.59435589738216,-3.06784487706454,-2.77597202464723,-4.48224064312783,-5.09173299399936,-4.67239794267448,1.82176555135071
2015-01-27,-0.93974036045,1.98298264170475,2.11064860963129,2.01972317607018,-4.61633194766911,-4.64737455315113,-4.49526331095174,-7.44152815742414,-7.44152815742414,-7.30145491413279,-2.57921402225633,-2.71782164758209,-2.72670514507752,-4.45583006714558,-4.64295951337385,-4.64295951337385,2.88236692431994
2015-01-28,-0.92583537071,1.97262117131397,2.09839585417179,1.99216548150411,-4.5928432804129,-4.64986268303385,-4.43179248013425,-7.39330512517288,-7.44152815742414,-7.08603477372273,-2.56533618098415,-2.67336560250415,-2.68774177363836,-4.42141051298219,-4.60376003220854,-4.62325705440152,3.42840431644255
2015-01-29,2.5895824419,1.96372894333541,2.08029255631109,1.96615512335236,-4.56985165491181,-4.61077676366389,-4.3729788439778,-7.30145491413279,-7.44152815742414,-7.00748930540294,-2.55147629779769,-2.64715862230755,-2.65092254570107,-4.42141051298219,-4.58440093045672,-4.58440093045672,4.34594561605528
2015-01-30,13.711591506,1.98174025424418,2.23828496431502,2.04441393166163,-4.60711698047603,-4.9691041989254,-4.55660441835736,-7.44152815742414,-7.86701993691,-7.30145491413279,-2.57277111384857,-2.85677566156495,-2.76384500566893,-4.44713601397593,-4.77456037110879,-4.66254862542539,7.93977611749884
2015-02-02,2.8037119569,2.76721764546249,5.12929232360927,2.31050279915503,-6.41751648445958,-11.4616786633624,-5.15309727104046,-9.65506908909655,-14.6315123848,-8.32771099898605,-3.60692485595504,-6.7124168057945,-3.13493793915966,-5.869524597625,-9.76891787125714,-5.2005670685449,6.23739689708096
2015-02-03,-0.25242132415,2.76882811122094,3.88287808488211,2.39415609436305,-6.41572761147981,-8.59749429028616,-5.33923151506089,-9.65506908909655,-11.5134957146063,-8.6474946669641,-3.61266348349709,-5.12678270096355,-3.24969206617246,-5.89065614478505,-8.32771099898605,-5.38118055186,4.46801104512343
2015-02-04,0.33007839374,2.72795828592099,2.66449525093724,2.31852601545625,-6.33635178797047,-5.85624236197103,-5.164525140206,-9.65506908909655,-9.31005230409063,-8.32771099898605,-3.558673854439,-3.47275964262588,-3.14222790812025,-5.80783112500541,-5.67115407327034,-5.21467538935959,2.68768951072609
2015-02-05,2.5058259082,2.6890589660034,2.51155545831207,2.24677859606198,-6.26021701138241,-5.55095107646658,-4.99907818980472,-9.65506908909655,-8.73442886032368,-7.98699295905625,-3.50714886766051,-3.2250760917088,-3.03890087270692,-5.74777663899298,-5.38118055186,-5.09173299399936,2.74391078932554
2015-02-06,0.10430875372,2.68322801837366,2.47459075321054,2.31235718810638,-6.24584856886877,-5.43144041651596,-5.14160166104467,-9.65506908909655,-8.73442886032368,-8.32771099898605,-3.50377458399809,-3.21241036983369,-3.12812592738523,-5.74777663899298,-5.38118055186,-5.18656827824459,1.65145585290407
2015-02-09,-0.99390830392,2.64687816841867,2.45362931658055,2.23952138455299,-6.17406535052542,-5.42222279775795,-4.97329034455488,-9.65506908909655,-8.73442886032368,-7.86701993691,-3.44997943162778,-3.15039871008667,-3.02312640668452,-5.59881444537705,-5.22891861334552,-5.03982211081761,2.20129232289189
2015-02-10,0.65711355801,2.61983248807645,2.43652138584252,2.2065157100818,-6.1185365517927,-5.38304074247156,-4.89351600080057,-9.65506908909655,-8.73442886032368,-7.75474272063654,-3.41419901897211,-3.12804226666958,-2.973790321603,-5.59881444537705,-5.18656827824459,-4.9535323589,1.78018098734738
2015-02-11,0.57507473284,2.58993268430156,2.40381720756825,2.14807703283353,-6.05527154897434,-5.30779800349,-4.76496137312816,-9.53676126826333,-8.6474946669641,-7.69897736270566,-3.37153563611498,-3.08364355296625,-2.89329432971155,-5.51208747545512,-5.14525879908344,-4.81712148078427,1.81882402006509
2015-02-12,0.54113131082,2.56157537078914,2.3795903121814,2.09001045811877,-5.99360717232967,-5.25468794344973,-4.63654730589085,-9.53676126826333,-8.6474946669641,-7.44152815742414,-3.33013460351446,-3.04970672909372,-2.81352752952853,-5.46214974638385,-5.09173299399936,-4.72249384089305,1.22455349352873
2015-02-13,1.235517141,2.5340050435046,2.3592361354575,2.03440154105404,-5.93409682734527,-5.20692457300525,-4.51151491166865,-9.53676126826333,-8.40282937309524,-7.30145491413279,-3.29025971741724,-3.02242560633296,-2.73623969362271,-5.42940979377197,-5.03982211081761,-4.64295951337385,1.52757288004922
2015-02-17,-1.6761385957,2.51300348300242,2.0780748215713,2.01551536760251,-5.88625844378156,-4.54870851336932,-4.47210988140926,-9.31005230409063,-7.30145491413279,-7.21181097520952,-3.2592440436076,-2.67198049200808,-2.71168499354616,-5.3970815018709,-4.60376003220854,-4.64295951337385,2.05666222378644
2015-02-18,-0.54870415252,2.50009773214263,2.35118842855445,2.0407873391158,-5.8581697299868,-5.14878316003352,-4.52577725877213,-9.31005230409063,-8.32771099898605,-7.30145491413279,-3.24500176825991,-3.01734175380691,-2.7448279769521,-5.38118055186,-5.03982211081761,-4.64295951337385,1.08120888324606
2015-02-19,1.5065484638,2.47482301790399,2.32975057295176,1.99506246986838,-5.80568402459145,-5.14503383764881,-4.41740990761749,-9.31005230409063,-8.32771099898605,-7.04637464390448,-3.21070586808522,-2.98672362088548,-2.66346590925854,-5.38118055186,-4.98982135605644,-4.60376003220854,1.41649603298165
2015-02-20,1.2308869511,2.4581785106009,2.2725208382838,1.99814038749792,-5.76719052883469,-5.00340138022502,-4.42502394277884,-9.31005230409063,-7.98699295905625,-7.04637464390448,-3.18771196132791,-2.94108294482709,-2.66898136227292,-5.3650731360625,-4.90661900411706,-4.60376003220854,1.40185721258902
2015-02-23,-0.91747901788,2.43832740032302,2.31660674229262,1.98005218060884,-5.7235968997742,-5.11305924555016,-4.38971094763523,-9.10063291738529,-8.32771099898605,-7.00748930540294,-3.16076958590478,-2.95973996894169,-2.64804434636372,-5.22891861334552,-4.92984703394524,-4.58440093045672,1.2075399782568
2015-02-24,-0.40774451527,2.41750710677676,2.30398289717327,1.95884046951484,-5.68017132885412,-5.08359754073489,-4.33098467743722,-9.00301365821714,-8.25427863885682,-6.93180647737,-3.13454387356132,-2.94543450820262,-2.61147971742035,-5.2005670685449,-4.90661900411706,-4.52767642928357,1.27117901610059
2015-02-25,1.790855543,2.39406761451059,2.27977069784462,1.91057516657347,-5.63084584265223,-5.02742198586814,-4.21877183896921,-9.00301365821714,-8.05023866559787,-6.75527914477067,-3.1035348358081,-2.91149549122294,-2.54224138005949,-5.158962940176,-4.84996163523371,-4.37956580908839,1.75713328275839
2015-02-26,-0.14790980103,2.38359024708958,2.30289649068915,1.9383162841772,-5.60391364992713,-5.08052014880025,-4.28296266594815,-8.81991844364865,-8.25427863885682,-6.82402735707808,-3.08895376488204,-2.94124781761802,-2.58256702469595,-5.14525879908344,-4.90661900411706,-4.45583006714558,1.92597390444995
2015-02-27,-1.2058212057,2.36287681191151,2.01988459189061,1.88112823628162,-5.55498009132372,-4.42594008330584,-4.1571182500069,-8.73442886032368,-7.04637464390448,-6.75527914477067,-3.05707071422728,-2.60293527439086,-2.5055709568703,-5.09173299399936,-4.51844092514279,-4.3389195850917,1.20078491656195
2015-03-02,1.4454440234,2.34676995914502,2.27290263962892,1.88141717805521,-5.52118852609514,-5.01187677418232,-4.15334037631212,-8.73442886032368,-7.98699295905625,-6.75527914477067,-3.03839284144834,-2.90578295379327,-2.50273307545139,-5.09173299399936,-4.83893866587614,-4.3389195850917,1.3879755232494
2015-03-03,-0.27096757467,2.33183268154141,2.26731820229046,1.88728520978407,-5.48747609251863,-5.0040719938998,-4.16499258030622,-8.73442886032368,-7.98699295905625,-6.75527914477067,-3.01364901736623,-2.90346044457878,-2.51061647383912,-5.02716744373,-4.83893866587614,-4.34694834992061,1.14243807118524
2015-03-04,-0.49140687961,2.31234210686367,2.23909070560187,1.83384559674448,-5.44168192831929,-4.93948437073536,-4.05066970201174,-8.73442886032368,-7.81004881836471,-6.55828865899877,-2.9701088138045,-2.86531540483424,-2.44027829871087,-4.9535323589,-4.77456037110879,-4.20994358820122,1.58718871849411
2015-03-05,1.3351797659,2.29184554280225,2.22244873906665,1.79496683192782,-5.39798377642618,-4.89830757633254,-3.95463966072464,-8.73442886032368,-7.75474272063654,-6.40912767647442,-2.94269140162179,-2.83793607094754,-2.38072699130545,-4.90661900411706,-4.7639880614694,-4.11953583964672,1.35620632302202
2015-03-06,-1.9957197742,2.28100654748197,2.23953904665565,1.79291901714481,-5.36575863611874,-4.90308348774865,-3.95885323768331,-8.73442886032368,-7.75474272063654,-6.40912767647442,-2.92382271711948,-2.872955734816,-2.38426017874875,-4.8836568712,-4.78510356631768,-4.11953583964672,1.22724690857896
2015-03-09,-0.40253624138,2.27798945934686,2.25045569437966,1.85450239179123,-5.36061955278162,-4.96454324497534,-4.09400031015255,-8.73442886032368,-7.86701993691,-6.6868994457961,-2.92219517176618,-2.90413276310827,-2.46581538553679,-4.8836568712,-4.83893866587614,-4.25388960680833,1.37878842368175
2015-03-10,-2.390638208,2.25879262946158,2.18125167509309,1.80947851239615,-5.31765449986123,-4.80482831214725,-3.99014472374557,-8.6474946669641,-7.75474272063654,-6.49713828723976,-2.89728554296753,-2.81997466222072,-2.40203542496563,-4.82797284134746,-4.73272518738925,-4.16048122821818,2.74935594619974
2015-03-11,-0.84977402494,2.26946863043896,2.33767321720863,1.8896509491441,-5.33235589441061,-5.15620533491699,-4.17812841891789,-8.6474946669641,-8.32771099898605,-6.75527914477067,-2.90616839849198,-2.99462210635557,-2.51672512923878,-4.83893866587614,-5.00216760800741,-4.36316625747478,1.77500163018769
2015-03-12,2.148101646,2.25280361082569,2.19589100018905,1.86308203674009,-5.29596738140375,-4.84015832426653,-4.12060902677973,-8.6474946669641,-7.75474272063654,-6.72095235252895,-2.88528607511356,-2.83603068807426,-2.48128678850664,-4.79568137745889,-4.7639880614694,-4.28409218239492,1.07129649920135
2015-03-13,-0.97798204379,2.25046206126182,2.0125550735692,1.92133669877142,-5.28898634196843,-4.39069588264464,-4.24744768396311,-8.6474946669641,-7.00748930540294,-6.7893962245527,-2.88177726088837,-2.59858603500083,-2.55962684048558,-4.79568137745889,-4.49117686089479,-4.42141051298219,1.75305742962774
2015-03-16,0.74747692797,2.2345785118997,2.18867382322533,1.90047090454803,-5.25550545342456,-4.82656765401929,-4.20330680897637,-8.6474946669641,-7.75474272063654,-6.75527914477067,-2.8629251981011,-2.8225379118872,-2.53246169989443,-4.77456037110879,-4.73272518738925,-4.37136756307733,1.48935678681335
2015-03-17,-0.38301861523,2.2168006766829,1.96451659801805,1.86550534529785,-5.21515847381322,-4.28556215250206,-4.11612722796129,-8.48058386649024,-6.82402735707808,-6.72095235252895,-2.83985085212132,-2.53408523746161,-2.47902654698171,-4.77456037110879,-4.37136756307733,-4.28409218239492,1.4420648707632
2015-03-18,0.86443321143,2.19773443361316,2.1905983124062,1.81906206109052,-5.17393076430206,-4.83194043961982,-4.00940393641999,-8.40282937309524,-7.75474272063654,-6.52756397469024,-2.81670380998514,-2.8033445391663,-2.40772445081832,-4.72249384089305,-4.71233267929947,-4.17446980959562,1.72231290758711
2015-03-19,-0.50515147868,2.18009631531383,2.15140089140446,1.7895385032787,-5.13551307868596,-4.74774505130677,-3.94141766360241,-8.32771099898605,-7.59191279683636,-6.38087441526207,-2.79555142944709,-2.77135677975029,-2.36488561112305,-4.69218170144895,-4.66254862542539,-4.09309814906502,1.13279117388551
2015-03-20,1.4066016505,2.1636650008165,2.14395025041484,1.75155728949636,-5.09681937682082,-4.73319484210965,-3.85318981895531,-8.32771099898605,-7.59191279683636,-6.27133901677802,-2.77409852380815,-2.76140416674172,-2.31075849009247,-4.67239794267448,-4.66254862542539,-4.07327788885902,0.687926091932564
2015-03-23,-0.89302227288,2.1523332929739,2.18720835358805,1.76325301831389,-5.07050196796036,-4.82004638863125,-3.8764632016433,-8.18371159227333,-7.75474272063654,-6.29810646178556,-2.75969177897915,-2.79475509950364,-2.32519976384113,-4.66254862542539,-4.69218170144895,-4.07991339854189,1.62523306962644
2015-03-24,-0.27192023681,2.14293264323831,2.14144933772919,1.74341735812452,-5.04046147292684,-4.72584029778475,-3.83982847816381,-8.11589103341522,-7.59191279683636,-6.27133901677802,-2.74273389413794,-2.76297404785062,-2.30371699384048,-4.65247690662784,-4.67226718481771,-4.06481309559438,1.0702445718495
2015-03-25,-0.83669705145,2.12484318465514,1.92280688517326,1.69563445298119,-5.00044980976799,-4.1848224618925,-3.73347714836764,-7.98699295905625,-6.75527914477067,-6.09328629649796,-2.7209159354703,-2.48214996600438,-2.23759685251753,-4.65247690662784,-4.29042199924723,-3.95737953802042,2.1107239080384
2015-03-26,-0.9731507439,2.11099007682459,2.124316662562,1.68063494501581,-4.96899263232965,-4.68904267550868,-3.69396847991643,-7.86701993691,-7.54060072218214,-6.046008603279,-2.70378655785853,-2.74190925132762,-2.21182548608023,-4.65247690662784,-4.65247690662784,-3.91577738243368,2.06559504613736
2015-03-27,0.87382605143,2.09971870788658,2.12514567204264,1.67308708930059,-4.941449586178,-4.69098022915963,-3.67710998297632,-7.81004881836471,-7.54060072218214,-5.95510319742692,-2.68866451865379,-2.74247112482198,-2.20175308952155,-4.63257680864796,-4.65247690662784,-3.88686556189257,1.33174466270884
2015-03-30,1.0875431779,2.08529039596007,2.10770107045407,1.65066197284968,-4.906974957853,-4.64999871947919,-3.62621675619529,-7.75474272063654,-7.44152815742414,-5.89065614478505,-2.67004127319956,-2.7235180245526,-2.17110806888461,-4.61288717771414,-4.65247690662784,-3.8476625164538,0.929068983594819
2015-03-31,-0.66472676799,2.07476340968254,1.90390372214156,1.64249995485745,-4.87768201788276,-4.14549559426927,-3.61100934550175,-7.75474272063654,-6.72095235252895,-5.89065614478505,-2.65382891360853,-2.46018404381844,-2.16162434621477,-4.60308929257337,-4.24506378753486,-3.83665022807934,1.46439055686058
2015-04-01,-0.49583445307,2.06175952575331,2.0916247737505,1.61644545482054,-4.84549049289412,-4.61049816191656,-3.55185277189225,-7.75474272063654,-7.44152815742414,-5.80783112500541,-2.63636835558884,-2.70410778645746,-2.12668997334937,-4.57403178684901,-4.65247690662784,-3.79344541718051,1.63321217488508
2015-04-02,0.5388178417,2.05070691284948,2.10780410964599,1.57996628929461,-4.81152094133526,-4.63913356282084,-3.474757090389,-7.75474272063654,-7.44152815742414,-5.68993294591368,-2.61795776555582,-2.66885515883776,-2.08574936031575,-4.55493619957157,-4.61288717771414,-3.7502025319785,1.47057997446122
2015-04-06,1.286769644,2.03965824792841,2.06249025470749,1.53857464589142,-4.77430691385645,-4.5397241338921,-3.38799861311936,-7.69897736270566,-7.30145491413279,-5.52896901954683,-2.59854747456219,-2.67215902929564,-2.03207348785687,-4.50629251222919,-4.62093941023655,-3.6914326959,1.09097379876287
2015-04-07,-0.69753872267,2.0333517233292,1.87403694652309,1.54791624804007,-4.75291303444749,-4.05076949610699,-3.41674997290017,-7.59191279683636,-6.55828865899877,-5.59881444537705,-2.58637466104185,-2.4160273296119,-2.04901722073491,-4.47923168170283,-4.19162567937621,-3.69642136545438,1.07639820337767
2015-04-08,1.8135199382,2.01989967265994,2.08593627806213,1.52919892498814,-4.72447082476444,-4.59065203533085,-3.37135778560709,-7.59191279683636,-7.30145491413279,-5.51208747545512,-2.57041892717631,-2.6370706137299,-2.02248507761785,-4.45269128911302,-4.58173046553582,-3.68148490805,1.25786993003412
2015-04-09,0.61385099689,2.02073633427531,2.09866822724182,1.57812628839439,-4.72274575481007,-4.62449660312559,-3.49157995772566,-7.59191279683636,-7.44152815742414,-5.70891955656552,-2.56781056005672,-2.72392055976473,-2.09349918497339,-4.43532589746636,-4.66090115292746,-3.76821227157382,1.30353056538471
2015-04-10,-0.23204880863,2.00486274623055,2.04837448927768,1.54666844474797,-4.68925110290293,-4.50669949356475,-3.41602321035979,-7.54060072218214,-7.30145491413279,-5.59881444537705,-2.54949012477476,-2.6562485036385,-2.04793287600015,-4.42668169126789,-4.61105137298636,-3.69642136545438,0.916199308873143
2015-04-13,-0.075787272908,1.99309233884319,2.03768458299101,1.49943046504146,-4.65468306865279,-4.48647166453264,-3.31475142108054,-7.49046609248421,-7.30145491413279,-5.46214974638385,-2.53112708494983,-2.64196098565318,-1.98899407033344,-4.38445972690359,-4.5914301626395,-3.64228908699971,0.962742879625595
2015-04-14,0.71921749131,1.97673842986367,2.02648681722591,1.45709723534009,-4.61953783029458,-4.45959140323726,-3.21326184210253,-7.44152815742414,-7.21181097520952,-5.38118055186,-2.51225937311895,-2.62613826449798,-1.92764673207647,-4.35965062473009,-4.57205603278614,-3.58976287736034,1.30349169565848
2015-04-15,-0.4310456753,1.96467276229803,2.02669581731051,1.43101617047918,-4.58886671620689,-4.46345614665752,-3.1563114436271,-7.30145491413279,-7.21181097520952,-5.22891861334552,-2.49568867199719,-2.62625227560416,-1.89529219585238,-4.33533672721397,-4.57205603278614,-3.54349796728264,1.11940044006005
2015-04-16,0.67544660324,1.9500612492576,2.01918185256728,1.40328453238641,-4.55811041746138,-4.4463455740519,-3.0898162196225,-7.30145491413279,-7.16877149682031,-5.158962940176,-2.47912668948803,-2.61584522798422,-1.8541029626421,-4.29582295919786,-4.56246496227488,-3.46478362773989,1.16601572377685
2015-04-17,-2.714744586,1.9373905609745,2.01160813631819,1.37840043377577,-4.52711105670411,-4.42837540962728,-3.03289615223022,-7.30145491413279,-7.04637464390448,-5.07855046925192,-2.46257758720915,-2.60462234749795,-1.82113926445678,-4.26516942454244,-4.53404140697476,-3.43140232907712,1.1182950429224
2015-04-20,3.7144530834,1.96577916624515,2.25247764597034,1.49394862548459,-4.5984199185273,-4.97549232971851,-3.30748342293148,-7.44152815742414,-7.86701993691,-5.46214974638385,-2.51166695041458,-2.94290377958609,-1.98514291532354,-4.35240434262115,-4.91774339247988,-3.63958487562653,1.32664921741483
2015-04-21,0.42874380633,2.01252097761977,2.771817227075,1.6399588533457,-4.7160084631245,-6.1554728424337,-3.63675824315232,-7.54060072218214,-9.65506908909655,-5.89065614478505,-2.57160827361736,-3.6490858487889,-2.17878052622813,-4.45336251633442,-5.89065614478505,-3.85127257804768,2.57160067038642
2015-04-22,-0.35277877196,1.99634352592061,2.1534200210247,1.6011592777021,-4.68241797877151,-4.74691390345369,-3.54295863369478,-7.49046609248421,-7.59191279683636,-5.78761077870089,-2.55233498429518,-2.80800811196119,-2.12053192411258,-4.42743332264312,-4.72134730661765,-3.79141305493962,1.36708253060802
2015-04-23,0.048742945182,1.98436881523735,2.04627606466926,1.55805556787481,-4.65095079336646,-4.50696954023412,-3.45145766227364,-7.44152815742414,-7.30145491413279,-5.59881444537705,-2.5342802588937,-2.65903384199629,-2.06596778360605,-4.37700564145312,-4.60152219315226,-3.72863104967938,1.15553961930424
2015-04-24,14.131131567,1.96845125554475,2.01894574354248,1.51354551990407,-4.61702710078725,-4.44324885864006,-3.34807702781382,-7.44152815742414,-7.16877149682031,-5.49532694629688,-2.51515810271648,-2.62570066409381,-2.00278430968221,-4.36054136798274,-4.56290671531429,-3.65411819410529,4.78289973799292
2015-04-27,-1.4693327343,2.72167653664795,4.71820948789849,1.7168155068364,-6.38003831701207,-10.6121365598236,-3.80697864664975,-9.65506908909655,-13.60344252,-6.21840002998602,-3.48785152708766,-6.18821720417538,-2.28187614898474,-5.70891955656552,-9.65506908909655,-4.03690543941476,1.79867336883251
2015-04-28,-2.1091754833,2.70012246783949,2.86820626170065,1.74481590916272,-6.33724962316882,-6.20143816745442,-3.86591904032614,-9.65506908909655,-9.65506908909655,-6.29810646178556,-3.46083592976659,-3.74409668780193,-2.31782542263721,-5.61649063152479,-6.09328629649796,-4.08982145048061,1.83767365839731
2015-04-29,0.013975914771,2.69048838232348,2.72308105051742,1.81668214401166,-6.31789704929862,-5.98275173138177,-4.02157509898228,-9.65506908909655,-9.53676126826333,-6.52756397469024,-3.45348111965973,-3.55176785991497,-2.41051009885419,-5.59881444537705,-5.80783112500541,-4.18569443000522,2.43170329485557
2015-04-30,-1.7677061744,2.65663790056385,2.40905637709529,1.76403988762781,-6.25315094507193,-5.27608918979718,-3.90171990849616,-9.65506908909655,-8.6474946669641,-6.35287410666818,-3.40629340238942,-3.12737256065513,-2.33544768555183,-5.59881444537705,-5.18656827824459,-4.08982145048061,2.05111551263595
2015-05-01,0.25842856485,2.64192695260051,2.20086753271612,1.81112820517698,-6.22332323808409,-4.73152444367994,-4.00342945130674,-9.65506908909655,-7.59191279683636,-6.52756397469024,-3.39034827088059,-2.83415018556803,-2.39758262849452,-5.52896901954683,-4.77353416416539,-4.15749765995217,1.6872769051405
2015-05-04,0.040201480442,2.61184089474218,2.35212613066609,1.75791891996505,-6.16280120919448,-5.15181395633247,-3.88553840080981,-9.65506908909655,-8.32771099898605,-6.32521997388427,-3.34714461485963,-3.05096657746656,-2.32426858893259,-5.49532694629688,-5.09173299399936,-4.08982145048061,1.66835295904846
2015-05-05,-0.43731089263,2.58218702433987,2.3359774956921,1.70927005396917,-6.10479334525434,-5.11763881280944,-3.77085341529785,-9.53676126826333,-8.32771099898605,-6.16716320864947,-3.30659229348091,-3.02943456929844,-2.25446420228718,-5.46214974638385,-5.07855046925192,-3.9862134495767,2.55255437750855
2015-05-06,-0.49621311055,2.55492758723689,2.13993098256646,1.67193198680358,-6.05164699116301,-4.60546202503651,-3.68384153932973,-9.53676126826333,-7.44152815742414,-5.99975219966176,-3.27076603964244,-2.74857045045553,-2.19842757177091,-5.42940979377197,-4.66090115292746,-3.88497728831858,2.50532737947087
2015-05-07,1.8563588641,2.52918498148364,2.31465078625844,1.63850700782349,-6.00089438563223,-5.06704149645516,-3.60584529487627,-9.53676126826333,-8.18371159227333,-5.869524597625,-3.23719110933621,-2.9844329021756,-2.15091093792099,-5.38118055186,-4.98957132915399,-3.8237562818987,2.39997323067866
2015-05-08,1.5952961021,2.52131194885971,2.14374446432798,1.67763139613059,-5.97275118408728,-4.60048467838938,-3.70416095798133,-9.53676126826333,-7.44152815742414,-6.046008603279,-3.22136069374077,-2.75568296079211,-2.21311027296633,-5.38118055186,-4.68088325714241,-3.91977170473483,0.971866327131071
2015-05-11,-0.19368673475,2.50351574096714,2.32914215335485,1.712750648012,-5.93786860701346,-5.09812889497534,-3.77587262137012,-9.53676126826333,-8.32771099898605,-6.19262204325319,-3.20085866785194,-3.00006386302152,-2.2548857615743,-5.38118055186,-5.02704085804312,-3.9862134495767,1.99350204560463
2015-05-12,-0.42277925386,2.48426250226894,2.29596409029408,1.65948368268895,-5.88854179027992,-5.02724613459571,-3.65963996520247,-9.31005230409063,-8.05023866559787,-5.93329260257714,-3.16767709929328,-2.95251547817293,-2.18689621944159,-5.30266035872143,-4.92944515996905,-3.86779157450602,1.55051234674612
2015-05-13,-0.96283235116,2.46074035128051,2.28407493288624,1.62559343309359,-5.84179743006693,-4.99971333349356,-3.58267073211162,-9.31005230409063,-7.98699295905625,-5.82817224054091,-3.13724896561033,-2.93712170843791,-2.13727552552339,-5.2005670685449,-4.90610349052471,-3.81798970483279,1.20452330499355
2015-05-14,1.2673647714,2.44345790451792,2.28498411631321,1.6197367892894,-5.80324367347847,-4.99956547641493,-3.56945320627221,-9.31005230409063,-7.98699295905625,-5.80783112500541,-3.11330602480743,-2.93943720581166,-2.12935670834582,-5.17274358374698,-4.91774339247988,-3.80173267886302,1.01693134643585
2015-05-15,-1.4527620986,2.42776253001057,2.28115180129308,1.62591828705654,-5.76625456488833,-4.99216467398974,-3.58129118756294,-9.31005230409063,-7.92590652729388,-5.82817224054091,-3.09030600640648,-2.93413095895037,-2.13894699560912,-5.158962940176,-4.90610349052471,-3.81798970483279,1.67045409893437
2015-05-18,-0.17840375585,2.41501059605534,2.09786943448931,1.65563243917708,-5.73948080266969,-4.50053459856954,-3.65318133033754,-9.10063291738529,-7.30145491413279,-5.91178630308396,-3.07526916481417,-2.69950769502696,-2.17867428371259,-5.14525879908344,-4.63098572301122,-3.8565853489515,1.61063388341048
2015-05-19,-0.83011946199,2.39365435938525,2.07258573989874,1.61158871767282,-5.69486130970027,-4.44825635219502,-3.55165153579239,-9.10063291738529,-7.16877149682031,-5.80783112500541,-3.04684882178661,-2.66507435253081,-2.11646655246261,-5.09173299399936,-4.61131216364949,-3.78566138016847,1.48854572928226
2015-05-20,0.5098290294,2.37489700446133,2.25774887007803,1.60055979729833,-5.65731093080782,-4.94737313975726,-3.52353451804162,-9.00301365821714,-7.81004881836471,-5.76757662243186,-3.02434609737821,-2.90261093184651,-2.09887119267508,-5.0525640395519,-4.849294901848,-3.7803392027181,1.89194736952341
2015-05-21,1.8331524559,2.35389508967893,2.05769000717622,1.56548816603587,-5.61454081685682,-4.42032017748535,-3.44188779797595,-8.90904422583889,-7.04637464390448,-5.59881444537705,-2.99819905411703,-2.64445987709516,-2.04881373654095,-5.02704085804312,-4.58209341847711,-3.6930339262009,1.73367158067368
2015-05-22,-0.92671964421,2.34283774969632,2.07705817580972,1.61783449478306,-5.59334818139597,-4.46171797802204,-3.55610147422102,-8.81991844364865,-7.21181097520952,-5.80783112500541,-2.98739794389089,-2.67015973503335,-2.11811302478976,-5.0019400226321,-4.61131216364949,-3.7909901111115,0.645841379804263
2015-05-26,-0.50510955716,2.32686180469353,2.05926457723506,1.61134081498083,-5.55910731774345,-4.42263503615849,-3.53990058539403,-8.73442886032368,-7.04637464390448,-5.78761077870089,-2.96776604175355,-2.64570508708962,-2.1081319102812,-4.96521075276727,-4.5917807450745,-3.7803392027181,1.74681748708744
2015-05-27,1.3984534749,2.30886299479417,2.04484437065735,1.58080480224604,-5.51992876174138,-4.39500812856356,-3.46936611333005,-8.73442886032368,-7.00748930540294,-5.65266426609832,-2.94483266586222,-2.62669967930747,-2.06513472103546,-4.91774339247988,-4.56290671531429,-3.72309059719601,1.251786847965
2015-05-28,-1.1241945204,2.29525377316114,2.23718944008473,1.60097074979004,-5.49044888563541,-4.9086931884795,-3.51281750240851,-8.73442886032368,-7.75474272063654,-5.76757662243186,-2.92864285883446,-2.88227731889399,-2.09167698945455,-4.90610349052471,-4.80556452833408,-3.76444994220818,1.24952932328413
2015-05-29,0.62357877941,2.28203899093282,2.23514408443331,1.60853648176409,-5.46136298346396,-4.90662339403336,-3.52867427894195,-8.73442886032368,-7.75474272063654,-5.78761077870089,-2.91277505029413,-2.88170458741548,-2.10114082868638,-4.86044074020172,-4.80556452833408,-3.7803392027181,1.44216373669119
2015-06-01,0.39372830433,2.263695494277,2.02845554377437,1.57862755253066,-5.42192370679942,-4.36324999431832,-3.45865442682556,-8.73442886032368,-6.96927255112319,-5.59881444537705,-2.89052541097618,-2.60370207649426,-2.05877436057986,-4.82723743620791,-4.52525253344348,-3.7079593318772,1.92869516309236
2015-06-02,0.016244314611,2.24495735014709,2.01758704522048,1.53974781052504,-5.38149995099568,-4.34219804016881,-3.36943751432416,-8.73442886032368,-6.93180647737,-5.51208747545512,-2.86803640563633,-2.58987474923967,-2.00462632731499,-4.79487304518167,-4.4709477047277,-3.65369774395029,1.50187747673311
2015-06-03,1.2993340912,2.22809371406691,2.00773819079252,1.49645442653047,-5.34144307414492,-4.3223903864417,-3.26623079295319,-8.6474946669641,-6.93180647737,-5.41314938068722,-2.84553042353116,-2.57778956329219,-1.94492563206635,-4.78421762525414,-4.45336251633442,-3.59626794969006,1.42455723636664
2015-06-04,-1.3307679975,2.21671035634502,2.00895942789871,1.51298708696985,-5.31292934503066,-4.31518514502535,-3.30250421181419,-8.6474946669641,-6.89504377453944,-5.44568510047023,-2.82997522152769,-2.58094664080555,-1.96775851906416,-4.77353416416539,-4.46212629172617,-3.62953790559594,1.34246309107438
2015-06-05,-0.88908491562,2.21057101208614,2.01563162078645,1.53883312577472,-5.29232541304603,-4.33299759459761,-3.36691074155551,-8.6474946669641,-6.93180647737,-5.51208747545512,-2.81837642228621,-2.58970985270887,-2.00456304922076,-4.73161156385054,-4.4709477047277,-3.65772087867463,1.14317414034451
2015-06-08,-0.80805714952,2.19745199267149,2.18692180148222,1.53375735228086,-5.2620006783942,-4.79501234918036,-3.35433883281225,-8.6474946669641,-7.69897736270566,-5.49532694629688,-2.80200898739478,-2.81020613153594,-1.99683565900403,-4.72134730661765,-4.72134730661765,-3.65772087867463,1.23950008773606
2015-06-09,0.46753246752,2.18329966126755,2.17689601663774,1.52360834174393,-5.23045621957955,-4.77483934953305,-3.32782962430906,-8.6474946669641,-7.69897736270566,-5.46214974638385,-2.78527423626444,-2.79778426849136,-1.98267456527613,-4.69093274947684,-4.71112415256596,-3.64311346261637,1.74867985767953
2015-06-10,1.2433016827,2.16614432772063,2.14874615546264,1.48969850909928,-5.19215652839949,-4.70641382776316,-3.24766736987323,-8.40282937309524,-7.54060072218214,-5.38118055186,-2.76502797433152,-2.77170789945259,-1.93491344867248,-4.68088325714241,-4.69093274947684,-3.59526667634631,1.14432310490393
2015-06-11,0.51071337384,2.15935932314251,2.16117960500411,1.49877873445672,-5.16612129300148,-4.73976562286035,-3.27557001740051,-8.32771099898605,-7.59191279683636,-5.42940979377197,-2.74992210361488,-2.78224034805684,-1.95167366929358,-4.66090115292746,-4.69093274947684,-3.60946637286963,1.37592806445071
2015-06-12,-0.70443679715,2.14203971154891,2.1418446060951,1.46724149042315,-5.1286848456097,-4.69973258354238,-3.20274503623351,-8.32771099898605,-7.54060072218214,-5.38118055186,-2.73040534354262,-2.75710643945106,-1.90677698821932,-4.66090115292746,-4.68088325714241,-3.55797978018889,0.86449513718894
2015-06-15,-1.4537588389,2.12714669704781,2.13674798558755,1.45389976832644,-5.09659407165839,-4.68159914120278,-3.17157833177065,-8.25427863885682,-7.49046609248421,-5.30266035872143,-2.71410746693471,-2.75707681036299,-1.8875986030841,-4.65086941804639,-4.68088325714241,-3.52627849302071,1.11838640298817
2015-06-16,0.8473576132,2.123511556241,2.162129585164,1.49085718290821,-5.08343450209094,-4.73254171053521,-3.25738200700742,-8.25427863885682,-7.59191279683636,-5.3970815018709,-2.7067847094552,-2.79891046457891,-1.94045386220722,-4.65086941804639,-4.71112415256596,-3.59998992369943,1.01346194744803
2015-06-17,0.12872723892,2.11280212880541,2.12212498600625,1.4754359039847,-5.0516465414635,-4.63777073524494,-3.22574417631007,-8.11589103341522,-7.44152815742414,-5.38118055186,-2.68938058943417,-2.75197528818672,-1.92114021519581,-4.63098572301122,-4.66090115292746,-3.58585941577062,1.45332015544247
2015-06-18,2.7068090974,2.09941328600904,2.10685888632237,1.43115288804185,-5.01497153333317,-4.60392711207179,-3.1317401944919,-8.05023866559787,-7.44152815742414,-5.2005670685449,-2.66981108516408,-2.7158582500229,-1.86270012951259,-4.61131216364949,-4.66090115292746,-3.47400591428945,1.34928312718475
2015-06-19,-1.0173194656,2.10812118245128,2.27653647727405,1.53150291646831,-5.04146435682394,-4.96019753749313,-3.35793688875531,-8.11589103341522,-7.81004881836471,-5.49532694629688,-2.6839431376529,-2.89537302125416,-2.0001385471675,-4.62111075451675,-4.82723743620791,-3.65772087867463,1.7777521083364
2015-06-22,0.31500045989,2.09919758747196,2.16217664448582,1.54073464508216,-5.01781477045152,-4.71093893561608,-3.3728452554666,-8.05023866559787,-7.54060072218214,-5.51208747545512,-2.67130308510321,-2.750608400533,-2.01015189799322,-4.61131216364949,-4.66090115292746,-3.66261016710799,1.3285676650913
2015-06-23,2.2232918473,2.08215143244435,2.10814550174722,1.49771212941133,-4.98037373593061,-4.59312429052899,-3.27766537959281,-7.86701993691,-7.39330512517288,-5.42940979377197,-2.65247714593453,-2.67592245596062,-1.95258389001209,-4.5917807450745,-4.61131216364949,-3.61422984071178,2.32518863108409
2015-06-24,-1.1547344112,2.08194293855278,2.00286214264574,1.58227262989091,-4.98571011851261,-4.44164003199939,-3.45964848508275,-7.92590652729388,-7.16877149682031,-5.59881444537705,-2.65597180253527,-2.46432767176111,-2.0638089007925,-4.60152219315226,-4.25868229132678,-3.71732998565535,1.5189869666565
2015-06-25,-0.16786135557,2.07665636456514,2.14139861784963,1.58820664077024,-4.96680729601703,-4.65709770850849,-3.48290509646124,-7.86701993691,-7.49046609248421,-5.68993294591368,-2.64540128600568,-2.70747048266943,-2.07481451641059,-4.5917807450745,-4.65086941804639,-3.74295309105714,1.43394887674342
2015-06-26,-0.45444217221,2.05998646575238,2.08929648560813,1.54891035991349,-4.93000553492919,-4.54382302789052,-3.38418945144565,-7.75474272063654,-7.30145491413279,-5.51208747545512,-2.62731991680443,-2.64803129123535,-2.01909463771164,-4.56290671531429,-4.5917807450745,-3.67737376403522,1.38918602119324
2015-06-29,-1.8808491212,2.04500786474716,2.08504988067851,1.5184727285824,-4.89588875868305,-4.53849091935042,-3.31301156712449,-7.75474272063654,-7.30145491413279,-5.46214974638385,-2.61074961999425,-2.64380842582499,-1.97574372326516,-4.53456593618835,-4.58209341847711,-3.63826708101778,1.92367569363821
2015-06-30,0.98404131586,2.04471618213111,2.17769699903329,1.58488727757561,-4.9001684667857,-4.7505042596219,-3.46097611627837,-7.75474272063654,-7.59191279683636,-5.61649063152479,-2.61403565739917,-2.76912984682207,-2.06545512525324,-4.55340750945,-4.68088325714241,-3.73263050315031,2.35467289958258
2015-07-01,0.76021101613,2.0307148123392,1.85669130652208,1.57684310335974,-4.86936996193739,-4.05350110118804,-3.4381594974844,-7.75474272063654,-6.55828865899877,-5.59881444537705,-2.59978662763832,-2.2964122221702,-2.05317038221038,-4.50684677969522,-4.06308680456517,-3.70225962903697,0.997682224765016
2015-07-02,0.07316125193,2.01601118458513,2.09167818214619,1.55460442352622,-4.8350092787609,-4.58365140052378,-3.38783314449999,-7.75474272063654,-7.30145491413279,-5.52896901954683,-2.58385766614605,-2.68593999779389,-2.02197535433835,-4.4709477047277,-4.63098572301122,-3.67737376403522,0.898137147457948
2015-07-06,-0.38153115074,1.99153417053679,2.11140929743924,1.50350718327916,-4.81913943262308,-4.64360186730037,-3.28677332231036,-7.75474272063654,-7.44152815742414,-5.42940979377197,-2.5642702237259,-2.72251497275553,-1.9599766908999,-4.42743332264312,-4.66090115292746,-3.61900132340605,1.34425961823717
2015-07-07,0.15594899542,1.98247762574755,2.10844575818002,1.4635555981263,-4.78835602760383,-4.64642257210318,-3.21079061480284,-7.69897736270566,-7.44152815742414,-5.38118055186,-2.54825452749963,-2.72643242251222,-1.91268168381665,-4.41036342680636,-4.66090115292746,-3.56719145945615,3.06178183084035
2015-07-08,-1.6074372595,1.96818455949993,2.10002965628328,1.41914684907688,-4.75167983730156,-4.62912110856239,-3.11556300237476,-7.59191279683636,-7.44152815742414,-5.17274358374698,-2.5304173875012,-2.71402593915344,-1.85275830023601,-4.37700564145312,-4.65086941804639,-3.45717706220522,2.62276412449582
2015-07-09,1.0914591576,1.96589759671468,2.14764235299532,1.47594042706144,-4.74980402326185,-4.73551350849598,-3.23324744097346,-7.59191279683636,-7.59191279683636,-5.38118055186,-2.5291648653772,-2.76099359913715,-1.92678990718932,-4.37700564145312,-4.68088325714241,-3.59056156421841,1.71332625069339
2015-07-10,2.0994958446,1.95969254288639,2.10217211837124,1.47358896361206,-4.7266334140302,-4.6439904216641,-3.23899642132224,-7.59191279683636,-7.44152815742414,-5.38118055186,-2.51696678978729,-2.71369620756106,-1.92984981204282,-4.36874282747733,-4.65086941804639,-3.59056156421841,0.745549202437102
2015-07-13,2.7192171541,1.962217579715,2.17634022060448,1.54721142281854,-4.73590509959069,-4.79530653732684,-3.40038691406293,-7.59191279683636,-7.69897736270566,-5.58095741027317,-2.52074212316157,-2.7986696188006,-2.02914956288886,-4.37700564145312,-4.71112415256596,-3.68232902919042,1.62970793464375
2015-07-14,2.195052352,1.97801450089394,2.29118666288152,1.65071757245961,-4.7748565438794,-5.05990999022966,-3.63201800504087,-7.69897736270566,-8.11589103341522,-5.89065614478505,-2.53928508089687,-2.95431297821417,-2.17160941726744,-4.38526593376188,-4.92944515996905,-3.86180778320667,1.70232575539352
2015-07-15,-0.94078226684,1.98073051732522,2.22346449064448,1.72384382455551,-4.78554565963495,-4.91109716076484,-3.79474690354259,-7.69897736270566,-7.75474272063654,-6.19262204325319,-2.54421602203379,-2.87971372958812,-2.27200882865298,-4.40193352293032,-4.79487304518167,-4.03039341893235,1.21901401356643
2015-07-16,3.0985060388,1.97050728619352,2.12972305079541,1.71345800947688,-4.76267785405768,-4.70045749613063,-3.76721441534475,-7.69897736270566,-7.54060072218214,-6.16716320864947,-2.53289314063007,-2.75380018367375,-2.25555164313366,-4.37700564145312,-4.68088325714241,-3.9923154581277,1.50138702324908
2015-07-17,1.5836628249,1.99257073737806,2.3524198648683,1.83549476256394,-4.81944555585131,-5.20013708842154,-4.03933323390456,-7.75474272063654,-8.40282937309524,-6.55828865899877,-2.56172970253071,-3.05578538564172,-2.42231651488347,-4.42743332264312,-5.09173299399936,-4.20000267832591,1.12672444380085
2015-07-20,1.0538084098,1.98976675042711,2.17830290324436,1.85225987313354,-4.80760630091447,-4.8078368493326,-4.08409389013444,-7.75474272063654,-7.75474272063654,-6.58945425910625,-2.55486232960194,-2.81361446242069,-2.44868089107154,-4.42743332264312,-4.73161156385054,-4.23596869205909,1.63756373748545
2015-07-21,-0.020487604979,1.97845069808088,2.11453161527361,1.83259997609492,-4.78153548408781,-4.66163072285706,-4.0371117938817,-7.69897736270566,-7.49046609248421,-6.52756397469024,-2.54184703575661,-2.7278563135386,-2.42050516636847,-4.39354481332748,-4.66090115292746,-4.20672075965976,1.09233268924168
2015-07-22,0.055327868722,1.96686598127778,2.08782758698071,1.77452881333256,-4.74770330452658,-4.59991174970783,-3.91051304921524,-7.59191279683636,-7.44152815742414,-6.35287410666818,-2.52456457553604,-2.69194583622276,-2.34283507472138,-4.3852103543287,-4.63098572301122,-4.09570872826794,1.95290279352075
2015-07-23,-1.2472607368,1.95433469718345,2.08743279730013,1.71960687750484,-4.71375761486963,-4.59378767785678,-3.78922674900217,-7.54060072218214,-7.39330512517288,-6.19262204325319,-2.50761625226769,-2.67318698412064,-2.26780156461483,-4.35223256523745,-4.61131216364949,-4.0229345102044,2.04806882648503
2015-07-24,9.7971711808,1.95014063258878,2.103589268939,1.72838153007148,-4.70155280660155,-4.63753881561447,-3.81184228867522,-7.54060072218214,-7.44152815742414,-6.27133901677802,-2.50085098297286,-2.71375725831436,-2.28149908018084,-4.344119265475,-4.65086941804639,-4.04893741389888,11.5407082291263
2015-07-27,0.37588304185,2.29341868130959,5.00479194715627,1.95067745612573,-5.52661503814043,-11.1704663784676,-4.31060203210786,-8.73442886032368,-14.6315123848,-6.89504377453944,-2.94338153045654,-6.61715336718443,-2.58759204614951,-4.91774339247988,-9.76891787125714,-4.4709477047277,4.14247466738943
2015-07-28,-1.012400971,2.274282841399,2.89338850560523,1.89603201999184,-5.48516879361282,-6.38426277864588,-4.18092344377221,-8.73442886032368,-9.65506908909655,-6.75527914477067,-2.9184450124767,-3.75920847108313,-2.50872182139785,-4.88303771168198,-6.14213602613333,-4.36039128807434,3.75692126780494
2015-07-29,0.56460658125,2.25936580344776,2.3570261095373,1.88240345637122,-5.45433881181549,-5.1872537241887,-4.14453651348636,-8.73442886032368,-8.40282937309524,-6.72095235252895,-2.90168480281417,-3.04803851941981,-2.48691031844762,-4.849294901848,-5.09173299399936,-4.32806327959043,2.42150774521124
2015-07-30,1.4669187145,2.24044823178575,2.2468085410223,1.83603436056728,-5.41496810966105,-4.93900309436249,-4.03637238692416,-8.73442886032368,-7.81004881836471,-6.52756397469024,-2.87908404321157,-2.89890466333044,-2.42004317058584,-4.79487304518167,-4.849294901848,-4.20672075965976,2.92164990321452
2015-07-31,-0.11364483179,2.22860615062219,2.26410209988588,1.84758065347343,-5.38852517697776,-4.97352660187897,-4.05934516572978,-8.73442886032368,-7.86701993691,-6.55828865899877,-2.86536418229836,-2.92071287178475,-2.43469575194675,-4.78421762525414,-4.89451686827836,-4.21396483296612,1.99349355278022
2015-08-03,-0.20889676398,2.21420874069402,2.21890891800101,1.78969192948137,-5.34994408524611,-4.87591847216751,-3.93518517939357,-8.73442886032368,-7.75474272063654,-6.38087441526207,-2.84205600870383,-2.86133417069156,-2.35735349324676,-4.78421762525414,-4.78421762525414,-4.1156957874695,1.8945509699183
2015-08-04,-0.58501392441,2.19619363251995,2.20996576104385,1.74186538948012,-5.31169754567978,-4.8582181764427,-3.8228192767496,-8.6474946669641,-7.75474272063654,-6.27133901677802,-2.8206072512777,-2.84970470285213,-2.28810891652227,-4.74194749991135,-4.78421762525414,-4.06165764875655,2.81964830640094
2015-08-05,0.9607068996,2.17991688610995,2.20746617581963,1.71047368663393,-5.27700355466939,-4.8537930705743,-3.74897426770075,-8.6474946669641,-7.75474272063654,-6.11747788875979,-2.80187549913195,-2.84592506470031,-2.24273910306207,-4.72134730661765,-4.78421762525414,-3.99062197653381,1.59245854052568
2015-08-06,-1.4059328503,2.16528926122064,2.20389377766004,1.69269175149974,-5.24401948131562,-4.84624576715814,-3.70879226563469,-8.6474946669641,-7.75474272063654,-6.046008603279,-2.78421907131948,-2.84259231128735,-2.21800036751652,-4.69093274947684,-4.78421762525414,-3.95343082862254,3.41661466626233
2015-08-07,-1.2918822952,2.15711655306721,2.22504256225674,1.71804874699005,-5.22529944098978,-4.89663683379234,-3.76288812023928,-8.5620364022625,-7.75474272063654,-6.14213602613333,-2.77551990483707,-2.87119569611725,-2.25158707221883,-4.69093274947684,-4.79487304518167,-4.00325399364928,2.63486271605384
2015-08-10,0.26405418848,2.14723564513094,2.21775429770426,1.73418733779844,-5.20373054522532,-4.87897055457782,-3.7959250608175,-8.40282937309524,-7.75474272063654,-6.21840002998602,-2.76546568072621,-2.86043281726246,-2.27234568248853,-4.68088325714241,-4.78421762525414,-4.04185709199,1.80698112967343
2015-08-11,0.66030534344,2.13322108321075,2.18031487865071,1.68409475513462,-5.16675423751662,-4.79947511613669,-3.68576302710367,-8.32771099898605,-7.75474272063654,-5.99975219966176,-2.74452683968237,-2.80839424145376,-2.20400834000482,-4.66090115292746,-4.72134730661765,-3.92919449856424,2.71925045847823
2015-08-12,-0.29386114593,2.11785057833666,2.15935178416552,1.65100989107395,-5.13119025431279,-4.76610928430001,-3.61083834044832,-8.32771099898605,-7.69897736270566,-5.89065614478505,-2.72581567961428,-2.77570289977721,-2.15763479128866,-4.66090115292746,-4.69093274947684,-3.859467207506,3.59245462972634
2015-08-13,0.71304976136,2.10682852834557,2.1563028261655,1.60282855126717,-5.09994091914995,-4.76320178876391,-3.51563042484381,-8.32771099898605,-7.69897736270566,-5.76757662243186,-2.70615484517925,-2.77151697762786,-2.09875576629181,-4.65086941804639,-4.69093274947684,-3.79844816607428,1.95316786152468
2015-08-14,0.35116867421,2.09126608709176,2.148755779306,1.57691879180057,-5.0656813294567,-4.74514532903861,-3.45427989528004,-8.18371159227333,-7.59191279683636,-5.59881444537705,-2.68850453731011,-2.76137191505413,-2.06100339159809,-4.63098572301122,-4.68088325714241,-3.72439738763231,1.22908720002909
2015-08-17,0.69611679719,2.07779908715629,2.13984037986456,1.53422656525874,-5.03025852257222,-4.72679055742709,-3.36067784454399,-8.11589103341522,-7.59191279683636,-5.49532694629688,-2.66926402175252,-2.74961375712148,-2.00292745434529,-4.61131216364949,-4.66090115292746,-3.67389167825045,1.69699579724896
2015-08-18,-0.037367811365,2.06253609822524,2.04711275901358,1.50950038882011,-4.99623822024451,-4.82329103160308,-3.30269286082053,-7.98699295905625,-7.75474272063654,-5.44568510047023,-2.65205258520255,-2.74216949673183,-1.96714916584489,-4.5917807450745,-4.66090115292746,-3.64907957853353,1.21751594401166
2015-08-19,-0.39250869113,2.05196685660793,2.11930428288367,1.4627052391749,-4.96342514629398,-4.68394821519183,-3.2052635916488,-7.86701993691,-7.54060072218214,-5.38118055186,-2.63338653521271,-2.72427614659833,-1.90807754837775,-4.57248796118168,-4.66090115292746,-3.5767638548431,2.34002061168412
2015-08-20,-3.216242588,2.03891170900821,2.11274122120938,1.43065977671853,-4.93066948906254,-4.66784772635863,-3.13322622768593,-7.75474272063654,-7.49046609248421,-5.2005670685449,-2.61630846149963,-2.71413810343655,-1.86439233521344,-4.55340750945,-4.65086941804639,-3.48222187494707,3.05509032230597
2015-08-21,-4.131606499,2.07108793489935,2.46744569177919,1.56054176093583,-5.00199436793067,-5.47100557236219,-3.4260712898136,-7.98699295905625,-8.73442886032368,-5.59881444537705,-2.66436253606733,-3.20423737355954,-2.04440191388776,-4.60430176377186,-5.36526189036103,-3.70764144948207,7.81500515931168
2015-08-24,-6.2895625619,2.12707987065785,2.74479618759773,1.71663537147332,-5.13193122314381,-6.05273625917781,-3.79202394575189,-8.32771099898605,-9.53676126826333,-6.17092714278737,-2.74523798037809,-3.53156954078375,-2.25891570359549,-4.65077831590769,-5.7729558735708,-4.0008847170295,30.233248219093
2015-08-25,0.64743077874,2.26471315576292,4.72581718554812,1.91821453208312,-5.48743745205759,-10.6038985887556,-4.28122915850099,-8.67173998087692,-13.60344252,-6.81680485984595,-2.93166657865003,-6.31721756355346,-2.53285936773802,-4.89985552045145,-9.65506908909655,-4.38734212683274,9.9347623031649
2015-08-26,7.3761176747,2.24627645235795,2.9014586893865,1.87442578453001,-5.44582269002668,-6.45543524533759,-4.17783534780566,-8.67173998087692,-9.65506908909655,-6.74915129499605,-2.90888190503677,-3.84028385359895,-2.47055086496871,-4.84417988467584,-6.24852709234086,-4.28444618515649,9.88781825667647
2015-08-27,3.5145875352,2.41993678766239,4.86661436728514,2.10371116745273,-5.86003773272697,-10.9284396898203,-4.69933050851554,-9.21852231190303,-13.60344252,-7.51865268428246,-3.13236187051299,-6.46448375127809,-2.78841136971179,-5.18747180483333,-9.65506908909655,-4.6886768603601,6.38810988021738
2015-08-28,-0.069448463546,2.44366868211388,4.27295111819848,2.24733158669355,-5.92380140425339,-9.58400013225931,-5.02474861769975,-9.43201292289677,-11.8518632232571,-8.0135579134375,-3.17147896786774,-5.66850787111951,-2.99028047836736,-5.28678225083846,-8.92764001665278,-5.0058656510689,3.07569686620211
2015-08-31,-0.98839790735,2.42333208208457,2.81368058452869,2.16685994848949,-5.86460734860972,-6.26323375588017,-4.84402863834903,-9.21852231190303,-9.54288553819,-7.72709781198113,-3.13640418414558,-3.68346928055642,-2.87644093510117,-5.18747180483333,-5.98457589833077,-4.79078994416175,2.21765276189683
2015-09-01,-3.1878180506,2.4053404775092,2.39723036519549,2.13698310012194,-5.82620893795751,-5.3116907236882,-4.77278427457415,-9.21852231190303,-8.5885463643375,-7.67287708861667,-3.11525724267378,-3.12005933529654,-2.8327671301141,-5.16036977386316,-5.16036977386316,-4.76984124068649,5.70563902654329
2015-09-02,2.8215249526,2.43007360237602,2.64028202371454,2.26404065202306,-5.88338840160533,-5.87389969293508,-5.06767612891806,-9.21852231190303,-9.21852231190303,-8.14253443943913,-3.15676268273228,-3.45217602337858,-3.01601065630355,-5.2014659639906,-5.59255267255565,-5.03166881449815,4.1820273766504
2015-09-03,-1.1419057878,2.43536328293861,2.60585571530273,2.35419028710388,-5.90801956898853,-5.78719206802262,-5.27153461122999,-9.32211619278125,-9.21852231190303,-8.5885463643375,-3.16852063228693,-3.39586866507362,-3.14034083623227,-5.27220611055903,-5.54077887306693,-5.17422906473907,3.74789165001374
2015-09-04,-1.1333016326,2.41860330017925,2.36330337575514,2.32912275983873,-5.87283021060591,-5.23389600152663,-5.20834375566887,-9.21852231190303,-8.5885463643375,-8.3536836333,-3.14950244919093,-3.07564221080097,-3.10129811227632,-5.2014659639906,-5.12102779587806,-5.13421864107727,2.47879713332413
2015-09-08,3.7154308617,2.4073497885018,2.29201287960864,2.2905555177927,-5.83257931107943,-5.07473759384091,-5.12808288673684,-9.21852231190303,-8.14253443943913,-8.28138944359773,-3.12829109460219,-2.97523922476291,-3.05139459126973,-5.16077193999803,-4.94724854382308,-5.06945813691447,2.91602920591696
2015-09-09,-0.125594157,2.43482586669536,2.67921978756053,2.44199326840994,-5.90860430941946,-5.9462271854127,-5.46997075254302,-9.32211619278125,-9.43201292289677,-8.67173998087692,-3.1719575284695,-3.49627870517635,-3.2588894241207,-5.27220611055903,-5.73851470608707,-5.39433889935,3.26769201573859
2015-09-10,1.0350364682,2.41381494027032,2.33957599488646,2.35211308498131,-5.85214977356406,-5.16939445756447,-5.26956402073218,-9.21852231190303,-8.28138944359773,-8.5885463643375,-3.13886285872151,-3.03816467682903,-3.13857816703036,-5.17422906473907,-5.06945813691447,-5.17422906473907,2.73217998507939
2015-09-11,1.3786764706,2.39852288853567,2.26597231720936,2.30451433927138,-5.80454558389153,-5.00601135202825,-5.16239982677958,-9.21852231190303,-7.95235152237959,-8.28138944359773,-3.1123070987388,-2.94285220400621,-3.07256909389647,-5.14747727893987,-4.90129400594566,-5.10790050445449,1.36348600037657
2015-09-14,-1.5223632518,2.38325822547731,2.25833812451622,2.28147941726016,-5.76903746215568,-4.99123217355746,-5.10759163300433,-9.21852231190303,-7.893179647986,-8.28138944359773,-3.0928512028162,-2.93335032146247,-3.04040004987766,-5.13421864107727,-4.8900162246477,-5.06945813691447,2.22633220720157
2015-09-15,0.18988070115,2.37315625310752,2.28868552241831,2.28074191421444,-5.74728026491759,-5.04981564310278,-5.10443937886942,-9.11659984408823,-8.07703298082979,-8.28138944359773,-3.080824395865,-2.96160333781333,-3.03884320118006,-5.12102779587806,-4.93559871865,-5.06945813691447,1.72581367603518
2015-09-16,0.9610046518,2.35201011439552,2.22561368331684,2.20952893315138,-5.69619233347964,-4.91658366806536,-4.93801936157712,-9.02031662151429,-7.72709781198113,-7.78080869804808,-3.05343129596887,-2.88165647130277,-2.93867146418877,-5.06945813691447,-4.79246601241148,-4.8900162246477,1.27163952283577
2015-09-17,2.1767572387,2.33311407791515,2.21912838905559,2.16761210853802,-5.65527808915838,-4.90059614420472,-4.83877465979499,-8.92764001665278,-7.72709781198113,-7.72709781198113,-3.03112383672462,-2.87559236085106,-2.87895553339316,-5.0567443931425,-4.78207814039239,-4.78207814039239,4.43648017638145
2015-09-18,0.25794718567,2.32842619567631,2.28469464144866,2.21469128846135,-5.65025769030057,-5.04917528312519,-4.94275639805384,-8.92764001665278,-8.07703298082979,-7.78080869804808,-3.02793476603236,-2.96438306151141,-2.94270848812184,-5.0567443931425,-4.93559871865,-4.90129400594566,2.41456461088678
2015-09-21,1.5048310073,2.31136850450736,2.20872608173648,2.14341938849794,-5.60030599647834,-4.87483876928605,-4.78164894958462,-8.75333013097105,-7.72709781198113,-7.67287708861667,-3.00053026166845,-2.85699366839283,-2.84653351462538,-5.00702296942927,-4.77172226957027,-4.77172226957027,2.29483069574861
2015-09-22,-1.8216962379,2.29747142829746,2.21683706794724,2.14094691073875,-5.57388326339863,-4.8871916140479,-4.77232595791722,-8.75333013097105,-7.72709781198113,-7.67287708861667,-2.98573606941888,-2.85836758288483,-2.8410989919805,-4.97081051707545,-4.77172226957027,-4.77172226957027,2.81886592134345
2015-09-23,-0.43276374445,2.29632934930007,2.26387087756202,2.16875227020367,-5.56447965787581,-4.98523295744271,-4.84023984605929,-8.67173998087692,-7.893179647986,-7.72709781198113,-2.98089121646959,-2.91998941296581,-2.88093010912009,-4.95898600919762,-4.86765747789091,-4.78207814039239,1.63694915151564
2015-09-24,-0.43277930117,2.28267715002051,2.18514641393836,2.10565667299643,-5.51961578646902,-4.80682957373567,-4.70190012622622,-8.67173998087692,-7.72709781198113,-7.51865268428246,-2.95701526994681,-2.80549671538095,-2.79692791256314,-4.91262800333895,-4.71056113108377,-4.70060713740573,2.66929451941176
2015-09-25,-1.7798594849,2.26492183380743,1.90228991849854,2.05074697244963,-5.47786503198602,-4.41203904206813,-4.57479595828619,-8.67173998087692,-7.03524505446324,-7.28513406974194,-2.93426351636352,-2.39557838762263,-2.72004978599134,-4.8900162246477,-4.16446204476602,-4.65167082342386,2.33637492865392
2015-09-28,-3.8512160228,2.26400179634509,1.95797248339139,2.07974817589278,-5.4682863506625,-4.51095562340686,-4.64591011259083,-8.67173998087692,-7.28513406974194,-7.42200331682203,-2.9294363546137,-2.46604846116548,-2.76197051790848,-4.8900162246477,-4.26488819279504,-4.67114836827538,4.01702897358939
2015-09-29,-1.5851287546,2.30817634572502,2.6230985769007,2.23428459139921,-5.57090273069916,-6.03769348161477,-4.99919892664044,-8.67173998087692,-9.43201292289677,-7.95235152237959,-2.99365085021288,-3.34038057819623,-2.98356501169994,-4.98795783643795,-5.46224191512349,-4.9524311572071,5.7969576345359
2015-09-30,3.1890660593,2.3023211143361,2.55300586252343,2.23786799786186,-5.55298590726748,-5.80476996663221,-5.01051700273966,-8.67173998087692,-9.21852231190303,-7.95235152237959,-2.98335252167081,-3.24770044299804,-2.99184688599246,-4.9524311572071,-5.36762144626667,-4.98795783643795,3.40635217060118
2015-10-01,1.7249799759,2.32079387846357,2.75444737429373,2.3466468037959,-5.59546408954293,-6.20202077209733,-5.26138656461525,-8.75333013097105,-9.54288553819,-8.5885463643375,-3.00553536251509,-3.49521265051665,-3.14197664817133,-5.00001807884364,-5.70351675439237,-5.17893412297219,4.79019298887552
2015-10-02,2.2699339377,2.3123877903102,2.61418083744297,2.34510926460753,-5.57287534082784,-6.05268315832044,-5.25877399109134,-8.75333013097105,-9.43201292289677,-8.5885463643375,-2.99333966112828,-3.35796622842122,-3.140914839351,-4.98795783643795,-5.47842926877634,-5.17893412297219,3.4461725668869
2015-10-05,2.0918616441,2.30840540801968,2.56947679138992,2.37260905438636,-5.44941172862094,-5.90410714718176,-5.27122447850014,-8.53401910661053,-9.1742769343871,-8.45222362488462,-3.00737360946518,-3.2829791599678,-3.18581977727835,-4.9576166021184,-5.35111451237761,-5.26015185017,2.04306806180329
2015-10-06,-1.140376692,2.30497972747316,2.52529555367055,2.39909369701249,-5.43762049001644,-5.82297955473573,-5.33360989333267,-8.53401910661053,-9.07206572155625,-8.45222362488462,-3.00114915922481,-3.22486228855344,-3.22263131689823,-4.94571859637927,-5.30530384220292,-5.30530384220292,3.2901632433453
2015-10-07,0.82979831805,2.28976464625098,2.40755656823637,2.36223641642447,-5.40706527894126,-5.49123744316668,-5.25312091488519,-8.53401910661053,-8.53401910661053,-8.45222362488462,-2.9830212064862,-3.07108113947681,-3.17387101276061,-4.89914126407738,-5.0308957059051,-5.21657424665525,3.52055387712631
2015-10-08,-1.6201055468,2.27495704505661,2.26421729930354,2.29894432653196,-5.3675014091322,-5.16337393623032,-5.11442351654255,-8.53401910661053,-8.15060470500698,-8.15060470500698,-2.95897094813625,-2.88161375963142,-3.09153962571135,-4.85417499647733,-4.73752657426831,-5.06893346458247,4.13596334118544
2015-10-09,1.2454047564,2.26763451428966,2.23538369734521,2.30923632978825,-5.35182367172351,-5.12078872329957,-5.12934324219625,-8.53401910661053,-8.15060470500698,-8.15060470500698,-2.94949640736187,-2.85064018506618,-3.09787568300929,-4.84317887773642,-4.71737677129892,-5.06893346458247,2.54153021768344
2015-10-12,1.9247869583,2.25226503338431,2.13811427499979,2.27534498466165,-5.31974259770376,-4.8476259260664,-5.05771242073945,-8.45222362488462,-7.60828943907692,-7.95033514991304,-2.93034811027953,-2.71713835882628,-3.05398838154437,-4.83223509142816,-4.60063571083401,-5.0062259533912,1.80517699381293
2015-10-13,-0.23446445775,2.2476991379211,2.13006153114104,2.29151320819749,-5.3060868725314,-4.83325764908652,-5.09051393647005,-8.45222362488462,-7.60828943907692,-8.08119748792273,-2.92222422702555,-2.7087512531844,-3.07629191512733,-4.82133541139943,-4.59111100818333,-5.05616381407032,2.27446450652344
2015-10-14,-0.74148296599,2.22989809182903,2.03600629366848,2.22139571655592,-5.26560370884092,-4.70617790730252,-4.93917856621822,-8.45222362488462,-7.40460838930536,-7.66072390383333,-2.89783250592961,-2.58234364142767,-2.98219463819179,-4.76831060037222,-4.41131348141606,-4.89914126407738,3.22557766538092
2015-10-15,3.2322008701,2.21328414943934,1.97321398605009,2.17680385891954,-5.23147466461674,-4.57489581684147,-4.83004947679992,-8.45222362488462,-7.17660949378689,-7.60828943907692,-2.87734898775668,-2.49706842545817,-2.91467632557344,-4.72743728615217,-4.29069018440815,-4.78925843435056,2.4652551797179
2015-10-16,1.4792688997,2.23378990358326,2.25933567646851,2.29029962640047,-5.28004832948279,-5.25124295358544,-5.08562613413753,-8.45222362488462,-8.45222362488462,-8.08119748792273,-2.90457410791755,-2.87669897895745,-3.0703194694386,-4.77875933152346,-4.72743728615217,-5.01849005903544,2.17082148919278
2015-10-19,0.41873992577,2.22286928324838,2.18097577855702,2.27418540507062,-5.25481424791333,-5.04060732617857,-5.05042786307568,-8.45222362488462,-7.95033514991304,-7.95033514991304,-2.88956585560889,-2.76919780139062,-3.04952148740406,-4.7579687222547,-4.61958981863333,-5.0062259533912,2.28435737920812
2015-10-20,-2.1408008375,2.20687633383641,2.06965737919842,2.20478907833299,-5.21501878990027,-4.80727154483658,-4.89646723886348,-8.29483824109756,-7.60828943907692,-7.60828943907692,-2.86546348068143,-2.62358444939474,-2.95529392619944,-4.71737677129892,-4.49839636753413,-4.85417499647733,3.48380057111909
2015-10-21,-0.91106832124,2.20938173087544,2.14648661181874,2.2530965764574,-5.22360120426732,-4.98957597421263,-5.00444892378382,-8.371647136235,-7.77048671829184,-7.82833523736667,-2.8693605932212,-2.7222474833627,-3.02121800823125,-4.72743728615217,-4.60063571083401,-4.96960759733642,3.01425595824799
2015-10-22,1.4646346512,2.19425093389919,2.0606066133679,2.21474483585147,-5.19365658052104,-4.76591400230145,-4.91339411986803,-8.22150626259286,-7.55528735060943,-7.60828943907692,-2.85126510992793,-2.60897161291023,-2.96471800661876,-4.71737677129892,-4.48043759701952,-4.87645802935471,3.56228895089831
2015-10-23,6.2279441754,2.18928141970129,2.01478228742288,2.1940557751987,-5.1650371563681,-4.62851398447002,-4.8909442728389,-8.15060470500698,-7.31022521533621,-7.60828943907692,-2.83784130817237,-2.53868240582439,-2.94985322987164,-4.7072824214914,-4.34574451804425,-4.84317887773642,7.56525589630685
2015-10-26,1.5992521243,2.32402998135131,2.9995323550839,2.41283190996425,-5.47312430330637,-6.94282440029862,-5.38981380771447,-8.53401910661053,-9.9697295486875,-8.53401910661053,-3.00960792574992,-3.83815394696215,-3.25476389280623,-4.9576166021184,-6.14042045599462,-5.32041303773088,1.88135555517827
2015-10-27,0.39434120354,2.31795883182767,2.89847140662874,2.39325964557413,-5.44647871399456,-6.65306572260736,-5.36346699935952,-8.53401910661053,-9.61572471082222,-8.53401910661053,-2.99477385656858,-3.70802228108923,-3.23881604019391,-4.93391434936788,-5.93105992361373,-5.30530384220292,1.32766108248252
2015-10-28,0.99671036478,2.30326029969572,2.73388973007117,2.31304905773757,-5.40415325255751,-6.31403317670985,-5.20196881031052,-8.53401910661053,-9.50328108502857,-8.22150626259286,-2.96838837392531,-3.48324606573585,-3.14073059432131,-4.88775790962071,-5.59738997103025,-5.10764683175762,1.79428375757209
2015-10-29,1.5313563443,2.28420304537417,2.58344926896951,2.26764506787602,-5.36993794123814,-5.93839102062954,-5.08893423171714,-8.53401910661053,-9.28290891356,-8.08119748792273,-2.94557133697874,-3.28859017557382,-3.0714151703584,-4.84317887773642,-5.35111451237761,-5.0308957059051,1.33257120728305
2015-10-30,-0.10374271796,2.27412562635541,2.47143476456316,2.25358675466964,-5.34625197441127,-5.64845448766464,-5.06689724273833,-8.53401910661053,-8.78542592561429,-8.01447668913778,-2.92879341777579,-3.1371511108271,-3.05821214870406,-4.83223509142816,-5.10764683175762,-5.0062259533912,1.03086137156129
2015-11-02,0.39143633167,2.25638768572304,2.31416400939021,2.18073551988587,-5.3073912907614,-5.29199065499384,-4.90703374111535,-8.45222362488462,-8.45222362488462,-7.60828943907692,-2.90016151948484,-2.9270636014438,-2.96053755259602,-4.77875933152346,-4.83223509142816,-4.86525740848713,0.99569528192258
2015-11-03,-0.48380679564,2.23670347919823,2.1774283879874,2.11809067220556,-5.26997748245395,-4.97925638687727,-4.75546524375814,-8.45222362488462,-7.714708524088,-7.55528735060943,-2.87207031102883,-2.74442530376722,-2.86759309725785,-4.72743728615217,-4.60063571083401,-4.72743728615217,1.30557156059621
2015-11-04,2.5011594251,2.21872879908564,2.07362199968051,2.06527594672705,-5.23614560087609,-4.74503933494254,-4.62809777649231,-8.45222362488462,-7.45344787608909,-7.31022521533621,-2.84702052708846,-2.60547539531181,-2.78943480695047,-4.71737677129892,-4.47155728408578,-4.62911615938093,2.05511728981508
2015-11-05,2.2934706296,2.22046662584604,2.1646450870914,2.1362956493099,-5.24923358093747,-4.96006414495771,-4.78314247219037,-8.45222362488462,-7.66072390383333,-7.55528735060943,-2.85076177542687,-2.72159321795339,-2.88442497849673,-4.71737677129892,-4.60063571083401,-4.73752657426831,2.67345798745218
2015-11-06,0.56737588657,2.21844035529306,2.20263655140823,2.18881260045453,-5.25311072228669,-5.04148222798028,-4.89954072923904,-8.45222362488462,-7.95033514991304,-7.60828943907692,-2.8495464368234,-2.76989053176044,-2.95485229163667,-4.71737677129892,-4.61958981863333,-4.85417499647733,1.90101741468628
2015-11-09,-0.58844048108,2.20129673504572,2.08899282792491,2.13021295739471,-5.21764932736437,-4.78048898917642,-4.76776309497232,-8.29483824109756,-7.55528735060943,-7.55528735060943,-2.82451588202071,-2.61889381377722,-2.87252859668329,-4.68727395058989,-4.49839636753413,-4.72743728615217,1.62510777528517
2015-11-10,0.63921646379,2.18430521460057,2.00758654680772,2.07825098543863,-5.18604312586939,-4.60069988632419,-4.6577272724632,-8.22150626259286,-7.31022521533621,-7.35685959000877,-2.80205597194467,-2.51227748238397,-2.80433722273048,-4.65792282123979,-4.31399888532217,-4.65792282123979,1.75561216901927
2015-11-11,2.0570579676,2.16716650207014,1.93712912011339,2.0316856216445,-5.15200549248988,-4.43451668401793,-4.53851592336222,-8.15060470500698,-6.97064733976667,-7.17660949378689,-2.77878260979968,-2.41959283580517,-2.72993888280745,-4.62911615938093,-4.1664984775824,-4.60063571083401,1.81067438550391
2015-11-12,-1.1362792426,2.16341085136687,1.97284573324821,2.07239219054117,-5.14982931474074,-4.5132246003178,-4.63119242939158,-8.15060470500698,-7.17660949378689,-7.31022521533621,-2.77512921660453,-2.46448279275406,-2.78549401716523,-4.62911615938093,-4.22334308048017,-4.62911615938093,2.33463750573547
2015-11-13,-3.4930889424,2.15269021748282,1.94205379671165,2.05613284423412,-5.12898300240631,-4.43320677192309,-4.59389282571842,-8.15060470500698,-6.97064733976667,-7.26422765667966,-2.76184862459621,-2.42622842324176,-2.76211183297402,-4.61958981863333,-4.1664984775824,-4.61958981863333,2.73904350848568
2015-11-16,0.8500038919,2.18811083396102,2.39452029810964,2.18769391983752,-5.21464273973571,-5.51514948159833,-4.89564496265205,-8.22150626259286,-8.53401910661053,-7.60828943907692,-2.83218317759158,-3.02105914864117,-2.95592597111613,-4.70078940823422,-4.96054920068037,-4.84630744703179,5.43001640109176
2015-11-17,-0.69619178466,2.17204308993857,2.26037044677008,2.13823904821278,-5.18294470918961,-5.21442495389946,-4.79292710165023,-8.22150626259286,-8.22150626259286,-7.55528735060943,-2.80187641206533,-2.84544329441016,-2.88842467790763,-4.65185597812083,-4.71079457867043,-4.7510188333544,2.63073713862146
2015-11-18,3.1462770092,2.15686325032953,2.15023129249637,2.09505341177154,-5.1535195478873,-4.95586690995017,-4.69294898984245,-8.15060470500698,-7.66072390383333,-7.40460838930536,-2.76957073054942,-2.70080295695278,-2.82556350995029,-4.61384236518316,-4.56685374712388,-4.68095551139312,1.58459939346348
2015-11-19,-0.34210447011,2.17400470438627,2.37186309631815,2.20441021127999,-5.19923782474434,-5.50097866102933,-4.93040730256711,-8.22150626259286,-8.53401910661053,-7.60828943907692,-2.79072574531878,-2.99281135803026,-2.9728672260514,-4.62329037878103,-4.92523467824157,-4.87955397451941,2.04392552094982
2015-11-20,1.0857894658,2.1568592830852,2.23496233195854,2.14580389939114,-5.16541505985961,-5.18473039824448,-4.79443496531068,-8.15060470500698,-8.22150626259286,-7.55528735060943,-2.77031506265915,-2.813955141305,-2.88766681428019,-4.61384236518316,-4.66148770857539,-4.74084053564863,1.39750836750297
2015-11-23,1.576782108,2.1421637064556,2.13748752687855,2.11512003889818,-5.13767203793155,-4.95841304984888,-4.72234027784329,-8.15060470500698,-7.66072390383333,-7.45344787608909,-2.7536456704427,-2.68406225047786,-2.84280712027279,-4.61384236518316,-4.55754069357178,-4.71079457867043,1.7081868505149
2015-11-24,-1.1546561805,2.13254591396188,2.08510185427254,2.11733472659064,-5.12057665070301,-4.79996299371563,-4.72447095852411,-8.15060470500698,-7.60828943907692,-7.45344787608909,-2.74308106043916,-2.61453155073122,-2.84389190276625,-4.59504204028636,-4.49358628416029,-4.71079457867043,2.28338296002564
2015-11-25,0.62430157177,2.12462666981022,2.03314609476597,2.09847145405125,-5.10005537195629,-4.68205148980348,-4.68453981568386,-8.15060470500698,-7.35685959000877,-7.40460838930536,-2.73096294274352,-2.54509792214539,-2.81999677456463,-4.59504204028636,-4.35797491270711,-4.67118257339632,1.06157859314697
2015-11-27,-0.30799301085,2.10865337379838,1.9551863972569,2.04796882695055,-5.06720907709841,-4.48389714133282,-4.56683243458116,-8.01447668913778,-7.17660949378689,-7.17660949378689,-2.71189880263904,-2.44301977425553,-2.74741334931267,-4.5855933093603,-4.19177661919028,-4.59504204028636,0.772562487453414
2015-11-30,-1.256572498,2.09532150767487,1.89718077156564,1.99207570566764,-5.03445442915439,-4.3620358259685,-4.44165851131704,-7.95033514991304,-6.85890196212174,-7.04977820555312,-2.69315260437218,-2.3665809321627,-2.67101034794099,-4.56685374712388,-4.07662731218295,-4.54829660031675,1.94579692760168
2015-12-01,2.1450060167,2.08602334621211,2.1025977983287,1.98989494919117,-5.01891048711998,-4.59418531996128,-4.43398810540235,-7.88820524770213,-7.26422765667966,-6.97064733976667,-2.68332355033938,-2.68918948635095,-2.66554682074775,-4.55754069357178,-4.56685374712388,-4.54829660031675,1.90593676071152
2015-12-02,-0.44915029594,2.08451702337544,2.17182897469864,2.0366530461546,-5.02266209098402,-4.76094608043042,-4.54758920207916,-7.88820524770213,-7.55528735060943,-7.17660949378689,-2.68391173503563,-2.76808809898982,-2.7307031489585,-4.55754069357178,-4.61384236518316,-4.59504204028636,1.90847940565215
2015-12-03,-1.4437656247,2.07144548791962,1.88586707908154,1.98899965286784,-4.99134832402727,-4.31851148393098,-4.42730333067586,-7.77048671829184,-6.78778221621408,-6.93270941045522,-2.6663752806922,-2.35210471427666,-2.66186125967507,-4.54829660031675,-4.07662731218295,-4.53905547989706,2.78188090104779
2015-12-04,0.95909943702,2.06608752425629,2.11902683909269,1.99883502820868,-4.97927175070149,-4.63584692729682,-4.45056748316171,-7.714708524088,-7.31022521533621,-7.04977820555312,-2.65990771850832,-2.71178594277798,-2.67485219240163,-4.53905547989706,-4.5855933093603,-4.54829660031675,2.04830769655068
2015-12-07,-0.41775689815,2.05222404746006,1.85557161042134,1.96665046812022,-4.94971173668571,-4.24258372693917,-4.3781825674651,-7.66072390383333,-6.68648310778108,-6.89549561950441,-2.6438859124651,-2.31172715291196,-2.62982356905348,-4.52070475036699,-4.06349398439023,-4.51162787256232,1.77809013916348
2015-12-08,1.1196870848,2.04038104132994,1.81938537161915,1.91686732541034,-4.91723193209044,-4.17211328579127,-4.26690301831601,-7.60828943907692,-6.65373820288933,-6.71970447158356,-2.62560789434346,-2.26400633549458,-2.56241688232288,-4.5025695416851,-3.98666218218741,-4.37419222330897,3.10286593124075
2015-12-09,-1.8513870639,2.02866243124972,2.04801571733682,1.90046780492164,-4.89159987613945,-4.48595438734734,-4.22113510106359,-7.60828943907692,-7.17660949378689,-6.65373820288933,-2.61153486036927,-2.61352157653319,-2.53639474817851,-4.47575821950948,-4.49358628416029,-4.34198832608106,2.92179513955966
2015-12-10,-0.37154590163,2.02934397402536,2.14504357514644,1.94486989218826,-4.89564953577296,-4.69793248505769,-4.32129852535337,-7.60828943907692,-7.40460838930536,-6.78778221621408,-2.61471462138773,-2.74464106599017,-2.59641029508482,-4.49358628416029,-4.59504204028636,-4.4323656472125,2.6063148603994
2015-12-11,-3.3473245562,2.01510305858566,1.81654202980547,1.89479603928245,-4.86385763635195,-4.21120803918189,-4.21070826247852,-7.60828943907692,-6.65373820288933,-6.65373820288933,-2.59705936840765,-2.26199867289467,-2.52769217116896,-4.44090363304,-3.98048438446308,-4.33406276525,2.63727191209022
2015-12-14,2.7743497618,2.04838051789836,2.22548567411987,2.02608227535042,-4.94536104586507,-5.15056753072331,-4.50229907299844,-7.66072390383333,-8.15060470500698,-7.17660949378689,-2.64535194863552,-2.8150657201261,-2.70471604642731,-4.52411589821748,-4.65464310882344,-4.5794019655945,4.33031924209134
2015-12-15,0.11095742575,2.06183344781438,2.35434526066772,2.10907483063124,-4.9752778237266,-5.37264093068043,-4.69666710380382,-7.714708524088,-8.53401910661053,-7.40460838930536,-2.66225576678304,-2.98060661331224,-2.82418238952799,-4.53324215831805,-4.88174203449177,-4.67393640110263,2.78043257358241
2015-12-16,2.6008137982,2.05101391791045,2.21018923775876,2.04335938728138,-4.93985903669377,-4.9297474305174,-4.5571112733994,-7.66072390383333,-7.60828943907692,-7.17660949378689,-2.64177641888022,-2.79284140848438,-2.73792830272174,-4.5131354349913,-4.63433982069072,-4.5966181282803,3.07648549250782
2015-12-17,-0.75765423144,2.06090242777772,2.29717667275326,2.1164766398229,-4.96137567863779,-5.13443932573793,-4.7251949412,-7.66072390383333,-8.15060470500698,-7.45344787608909,-2.65408594609353,-2.90902065102369,-2.84147589612203,-4.54058521236176,-4.77335041504389,-4.71247234976075,2.88574617564772
2015-12-18,-0.97070006714,2.04977505338797,2.17686422896605,2.07797805760361,-4.93350156937743,-4.86129949656858,-4.6345377039915,-7.60828943907692,-7.60828943907692,-7.31022521533621,-2.63875439323006,-2.74907201224719,-2.78689368603865,-4.5131354349913,-4.5966181282803,-4.62489071428256,2.52685033398726
2015-12-21,0.055711145433,2.03835567220401,2.08916671735618,2.05372041602723,-4.91042781977636,-4.66127723874679,-4.57603253391094,-7.60828943907692,-7.35685959000877,-7.17660949378689,-2.62637987338238,-2.63315722075135,-2.75017384598904,-4.50406985621779,-4.5131354349913,-4.5966181282803,1.56367678408717
2015-12-22,-0.2046620818,2.02370930564991,1.98838507303627,1.99455473461061,-4.87555968481443,-4.43187189099278,-4.44001571879894,-7.60828943907692,-6.97064733976667,-7.00962868240462,-2.60811559296545,-2.49911724830261,-2.66668267612774,-4.47723720255592,-4.28861524500983,-4.54983386840936,1.46457030864422
2015-12-23,0.058810223709,2.00888381341809,1.91410411140267,1.94171309340179,-4.84259588227427,-4.25884167933221,-4.31532540135384,-7.60828943907692,-6.68648310778108,-6.78778221621408,-2.59091759664676,-2.39890501948783,-2.59026984459194,-4.41691893574083,-4.13749033897922,-4.41691893574083,1.24356460675817
2015-12-24,-0.11303011124,1.9932974233312,1.85138535716615,1.88720199031236,-4.80897676598052,-4.11984936866283,-4.18564033208508,-7.60828943907692,-6.58842096948182,-6.65373820288933,-2.57339916945604,-2.31739013562894,-2.51207883489708,-4.40022458134727,-4.07127017904792,-4.31179609519177,0.371796699773891
2015-12-28,1.8723879359,1.9798432756371,1.8068044220677,1.83249358278856,-4.7762224915572,-4.01489647629885,-4.06506371102303,-7.55528735060943,-6.40694315400602,-6.4650910689679,-2.55638899161919,-2.26267916091033,-2.43792463577297,-4.37559161982377,-3.9816028985233,-4.17895625508072,0.916014436940124
2015-12-29,2.7799170615,1.97681338267247,1.8332950079653,1.8718037298478,-4.77294881177997,-4.14457438084356,-4.14851000918726,-7.55528735060943,-6.62074747567237,-6.65373820288933,-2.55453702779234,-2.29936009274069,-2.48532790863191,-4.37559161982377,-4.05153443499963,-4.28098306889489,1.32327509153431
2015-12-30,-0.70608239539,1.98994253673564,1.99328695401548,1.96483635587505,-4.80770704520802,-4.49530671901265,-4.36296084457453,-7.60828943907692,-7.17660949378689,-6.85890196212174,-2.57282232942422,-2.51109482195445,-2.61499772043606,-4.40022458134727,-4.31179609519177,-4.49507942015455,1.10573531736252
2015-12-31,-1.9127229456,1.97859718796975,1.93585731094791,1.9305346029134,-4.78189798403719,-4.31374939545177,-4.28244975510035,-7.55528735060943,-6.78778221621408,-6.71970447158356,-2.55922241845252,-2.43237532428953,-2.56628802638882,-4.37559161982377,-4.1719914038448,-4.37559161982377,1.01423119841529
2016-01-04,-5.7553743952,1.98442816897481,1.99080957371972,1.9769965501425,-4.79142313929568,-4.42624271868427,-4.38635865273755,-7.55528735060943,-6.93270941045522,-6.89549561950441,-2.56366807352532,-2.50256903260731,-2.62859483371466,-4.37559161982377,-4.30402266893707,-4.5131354349913,4.79109395097237
2016-01-05,-0.50236267443,2.10501957556962,2.76027158601189,2.17076901008972,-5.09180801781001,-6.45487894172298,-4.85453836757387,-8.02951253030667,-9.50328108502857,-7.5733287778717,-2.74744355936421,-3.54024184669229,-2.90312322740886,-4.60244102409397,-5.68986985643826,-4.77877596189558,3.52617147604867
2016-01-06,-0.17987030396,2.09025770422044,2.63199820454126,2.11992111883638,-5.05729081373198,-6.10339106062236,-4.73530475177355,-7.90363385725957,-9.28290891356,-7.42312513535893,-2.72969780382366,-3.3741070856039,-2.83028598619073,-4.60244102409397,-5.41718186718397,-4.70805882530745,4.57736155783769
2016-01-07,-3.9057930925,2.07429632706181,2.52020589857668,2.06117390294997,-5.02024568138234,-5.859233655481,-4.59890068368547,-7.84377127160833,-9.07206572155625,-7.28387181160508,-2.71072574002236,-3.19663358059179,-2.7470990529184,-4.5930025419035,-5.26694082881986,-4.60244102409397,6.34666861138038
2016-01-08,-0.14639602605,2.12272503516488,2.78712637933137,2.20904931609747,-5.13614222596129,-6.37947196325311,-4.93464655433353,-8.09616765251136,-9.50328108502857,-7.62408256712885,-2.79475381405094,-3.5482729897969,-2.96013727255786,-4.64578961566462,-5.69302325429565,-4.85876631439195,3.72181478819806
2016-01-11,1.760975208,2.11124909541806,2.57951453746001,2.14186480172191,-5.09713125117538,-6.09803271902834,-4.78881256174045,-8.09616765251136,-9.28290891356,-7.52195562921296,-2.77499164957452,-3.31570194482456,-2.87202095371557,-4.63620098663367,-5.34520808747721,-4.72360846259305,5.54311235958328
2016-01-12,0.02428206044,2.10630238406333,2.48976089012675,2.14715777180861,-5.09222764752721,-5.56060070298751,-4.78864844134151,-7.97749683581364,-8.41394466732632,-7.46919624319811,-2.7528273269006,-3.19905894171836,-2.88295321622994,-4.58833249785431,-5.22146274374539,-4.70332692895135,3.16840996960909
2016-01-13,-5.8392270469,2.09042625202074,2.38578701973442,2.08303008435192,-5.05739854652615,-5.31167947802832,-4.64524282282731,-7.8511432218087,-8.33522801737692,-7.23155575511552,-2.73200473026902,-3.05920051256109,-2.79372666243372,-4.57906005255859,-4.95168706473765,-4.61641972278918,7.28885939536279
2016-01-14,1.9233082965,2.21105304797925,2.75656300497396,2.28613018132679,-5.34530687169025,-6.47012860824927,-5.12981545619881,-8.34792626680256,-9.5887063117,-7.99437274248636,-2.91661702133829,-3.5909963750683,-3.08090290341898,-4.75953230456464,-5.67235429637544,-5.00457859198805,12.409737112455
2016-01-15,-3.8482293424,2.20607265502992,2.69181942179918,2.30044532000835,-5.33255548663624,-6.32795810120934,-5.16559053471872,-8.272827993115,-9.47309878862222,-7.99437274248636,-2.90955660642897,-3.5085847537181,-3.10294249842969,-4.74936959425549,-5.59996593366525,-5.01669847146139,7.53717012290946
2016-01-19,0.75414781313,2.24725889359916,2.78394626558768,2.44539194817242,-5.43789486085584,-6.55776634882775,-5.49559323605433,-8.34792626680256,-9.5887063117,-8.34792626680256,-2.99152701543739,-3.63644692105724,-3.30731995729097,-4.89308546035444,-5.71158821572946,-5.3015879795489,5.66540797043622
2016-01-20,-0.47173095691,2.23007032951184,2.68563146590875,2.38205845865706,-5.39307720762267,-6.31811796675569,-5.3508101127943,-8.34792626680256,-9.47309878862222,-8.34792626680256,-2.96835809011484,-3.50698797206357,-3.21835099140258,-4.8489402420815,-5.5852454581084,-5.23026380753099,13.8699050255513
2016-01-21,0.56841037476,2.21499586303498,2.57694407481539,2.31597603192271,-5.35265212521863,-6.06837735509832,-5.20209346208626,-8.34792626680256,-9.24720911444138,-8.05999212518605,-2.94401500043332,-3.36392837989962,-3.12909248897675,-4.80624588137062,-5.34546724431418,-5.04567631976282,8.35478924610437
2016-01-22,3.7146534034,2.19717526315146,2.47053548067925,2.25356107542155,-5.31670976594563,-5.79933342337995,-5.05777211342723,-8.272827993115,-8.93209772027187,-7.80833649468298,-2.91886945091335,-3.21844344941577,-3.04105231405541,-4.77494096712667,-5.23026380753099,-4.95037049315122,2.35811427992222
2016-01-25,0.025151748923,2.2308118604642,2.65452068598962,2.38201394451231,-5.38506373677684,-6.24362987889982,-5.35680782505533,-8.34792626680256,-9.35940106623929,-8.34792626680256,-2.9628880697459,-3.47305139591861,-3.22239200938752,-4.83812321922126,-5.50070114724194,-5.23026380753099,4.85794324324036
2016-01-26,0.79124268686,2.2112827448801,2.54517292009125,2.310204465827,-5.34747393454819,-5.99530527372638,-5.18901631694576,-8.34792626680256,-9.24720911444138,-8.05999212518605,-2.93607812066106,-3.33075469641096,-3.11956761055834,-4.7957555115882,-5.3015879795489,-5.0213983594,3.99375787969573
2016-01-27,-2.9771309772,2.19350212639204,2.4472761016133,2.25754431274075,-5.31199858757746,-5.74591768401941,-5.0623952073469,-8.272827993115,-8.65949562583143,-7.80833649468298,-2.91270206971879,-3.16283251536268,-3.04248884989081,-4.75452514543187,-5.09546838976776,-4.95037049315122,7.0532228954515
2016-01-28,8.9140310278,2.21561366124104,2.57630525266874,2.35322507629244,-5.3566893171833,-6.05777268551189,-5.28699313075779,-8.34792626680256,-9.24720911444138,-8.272827993115,-2.95300661861563,-3.33731887302832,-3.18008975523032,-4.80638873178249,-5.31604142559485,-5.16095956939456,7.95773086113381
2016-01-29,-7.6099787519,2.46565660008105,3.03506810140947,2.6116170138184,-5.94742112987197,-7.12977366179734,-5.87984323323076,-9.24720911444138,-10.0853468043182,-9.03186774199355,-3.28446698024419,-3.9509943187979,-3.54391865196969,-5.27280704277842,-6.21267986898652,-5.63850799608017,9.0882544349377
2016-02-01,-2.0766609881,2.65428593622002,3.29737680442792,2.88683767683278,-6.43260687704486,-7.98634820659145,-6.55852599593685,-9.40655878731071,-11.0349786023125,-9.51542010578148,-3.54508825533568,-4.29407932057965,-3.9386535393463,-5.65535817348034,-6.65899738042133,-6.22820541213,3.60257406621596
2016-02-02,-3.9508707225,2.64634235247505,3.22338895294613,2.88915250651561,-6.41802587471523,-7.81151287495357,-6.55974438116981,-9.40655878731071,-10.8483290798765,-9.51542010578148,-3.5317579800461,-4.19253711491378,-3.94180674408851,-5.63745812403475,-6.59632132886623,-6.22820541213,5.67858856137854
2016-02-03,-3.8090925555,2.68387844288092,3.31123415311148,3.03347387960877,-6.52445111457577,-7.9943378488525,-6.89280652654877,-9.51542010578148,-11.0349786023125,-9.85688686801667,-3.59277945386238,-4.30374941533761,-4.14151268606434,-5.65861084276581,-6.69085133342568,-6.56491263150128,14.0749521966636
2016-02-04,0.97727229913,2.71903951322673,3.36301655017258,3.16229692865097,-6.59552599414521,-8.09173740401722,-7.20296199812698,-9.51542010578148,-11.0349786023125,-9.97772210638696,-3.64432281331875,-4.36201543915636,-4.32139314377039,-5.69624193210087,-6.79085369707606,-6.7235467733863,10.8754988333264
2016-02-05,-6.3644500801,2.68962724579426,3.21103813326947,3.06441599104565,-6.5383879097632,-7.74867632703783,-6.96651659903324,-9.51542010578148,-10.6790529217889,-9.85688686801667,-3.60597033798312,-4.16044616644254,-4.18423274633936,-5.67824371761293,-6.59632132886623,-6.59632132886623,10.5066360966402
2016-02-08,-2.7940971461,2.81293188003112,3.50589444920118,3.33039744361977,-6.81456167872533,-8.37322770454875,-7.5885414608259,-9.736382638128,-11.4280425101929,-10.376855371975,-3.77663292561428,-4.57182246937948,-4.59319699861803,-5.9537722023835,-7.07850009854844,-7.1587138537129,19.674781667056
2016-02-09,-1.2354025815,2.81575896748912,3.46021583556293,3.36165126958949,-6.83125890137864,-8.24723852506597,-7.65675902144327,-9.736382638128,-11.22218978368,-10.5224804572421,-3.77983848518003,-4.50913886808687,-4.63585809050804,-5.9537722023835,-7.07850009854844,-7.20071950287869,13.0917513172412
2016-02-10,1.7445599187,2.78980316450281,3.31226374944131,3.27276703048605,-6.76722805785886,-7.92563995318425,-7.44688179237092,-9.736382638128,-11.0349786023125,-10.239568314281,-3.74354923636581,-4.31110420529559,-4.51619809625421,-5.8717207648271,-6.71869411536892,-7.07850009854844,9.44323112600843
2016-02-11,2.7197847006,2.76633896789803,3.18032312640305,3.21764633285287,-6.71577447999478,-7.62238943899442,-7.29693313087897,-9.51542010578148,-10.5224804572421,-10.239568314281,-3.71606002407328,-4.13171689989746,-4.42875364588578,-5.83241215695046,-6.56237513085063,-6.85346225266571,10.6730519347194
2016-02-12,0.64705648838,2.7613559718407,3.17936293798703,3.23889132506941,-6.71413889785495,-7.61887617890501,-7.34160963142479,-9.51542010578148,-10.5224804572421,-10.239568314281,-3.71280539291253,-4.12211528582382,-4.45156007259253,-5.83241215695046,-6.5319905229525,-6.96174078121642,5.34627445297675
2016-02-16,2.7648497278,2.73345179477956,2.97575763036774,3.12947712552982,-6.63640143090481,-7.14628686729109,-7.09390087923295,-9.51542010578148,-9.97772210638696,-9.97772210638696,-3.67237587092429,-3.84341673250524,-4.30225381901752,-5.75630794081504,-6.04055376516162,-6.68649931671467,3.28174735475173
2016-02-17,2.4947227021,2.72937298737161,3.01715079655598,3.15885026691054,-6.63693731270854,-7.24334430474789,-7.1554159394671,-9.51542010578148,-10.239568314281,-9.97772210638696,-3.67028019445588,-3.899871374392,-4.33611659206511,-5.75630794081504,-6.15613242814681,-6.75153027343699,3.38268975638806
2016-02-18,-1.7038007863,2.72006565581535,3.00360268024595,3.1648191773776,-6.62405701698582,-7.21628294290202,-7.1680820404053,-9.51542010578148,-10.1032527607955,-9.97772210638696,-3.66152687383505,-3.87867785880245,-4.33712162569369,-5.73796305307281,-6.10888654603854,-6.75153027343699,4.00170536026042
2016-02-19,1.8857142857,2.70636933718214,2.91473463766114,3.12440087099559,-6.58757478542196,-7.01520587543732,-7.07907938601799,-9.51542010578148,-9.85688686801667,-9.97772210638696,-3.6411224897709,-3.7623836935258,-4.28426530741613,-5.70200234716983,-5.9121630789381,-6.65512175804868,3.68733019698487
2016-02-22,4.5989904655,2.68769455580711,2.80568221484997,3.08971975292996,-6.54864145426655,-6.72881513245846,-6.98182575193364,-9.51542010578148,-9.51542010578148,-9.85688686801667,-3.61935637080894,-3.61672695449735,-4.22537587864929,-5.70200234716983,-5.70200234716983,-6.59334862054872,4.33608856797704
2016-02-23,-1.1724754244,2.73110210050764,3.23136060492889,3.24877622780711,-6.66767026921407,-7.82258796958641,-7.34553785291232,-9.51542010578148,-10.8483290798765,-10.239568314281,-3.68173835266114,-4.19180003884596,-4.44043388582921,-5.79375485716396,-6.59334862054872,-6.96174078121642,3.14017180690814
2016-02-24,0.19893659337,2.71150733188526,3.10315132001291,3.17201353442134,-6.61243807831288,-7.52050589736096,-7.17218129338947,-9.51542010578148,-10.376855371975,-9.97772210638696,-3.65224428679009,-4.02166680660391,-4.33844160233818,-5.71983837310087,-6.36078033684419,-6.75153027343699,5.27585493669961
2016-02-25,0.20034654553,2.68104512699793,2.92461586238044,3.06440370720042,-6.53801334216317,-7.09615811448783,-6.91500192966779,-9.51542010578148,-9.97772210638696,-9.85688686801667,-3.61033127909711,-3.78504081771213,-4.179959035721,-5.70200234716983,-5.9537722023835,-6.59334862054872,3.89415123913703
2016-02-26,0.014410519725,2.65273316221417,2.73466897985394,2.96491576823269,-6.46713104461363,-6.64399977180645,-6.6751380211785,-9.40655878731071,-9.51542010578148,-9.51542010578148,-3.57341349600277,-3.53326725557065,-4.03650554898415,-5.64900009444706,-5.61441712391901,-6.36078033684419,2.6763575693684
2016-02-29,-0.4880860185,2.62431353277206,2.55017953304649,2.86936460204437,-6.40248789573482,-6.19579857059938,-6.44571428707857,-9.40655878731071,-9.20125528955667,-9.40655878731071,-3.53811935693576,-3.2854046068623,-3.9046893568028,-5.61441712391901,-5.2773046927007,-6.15613242814681,3.02659713527116
2016-03-01,4.7998262507,2.59965704777573,2.3979008554763,2.78831323216114,-6.35005853442315,-5.83516854738749,-6.25479781603377,-9.30165848706207,-8.81769282002059,-9.20125528955667,-3.50597486427161,-3.08396097554706,-3.79098998702675,-5.58031383434878,-5.00799157060061,-5.9537722023835,2.8221012929893
2016-03-02,0.20205857963,2.64928463087081,3.0322022547101,2.96081854926089,-6.47002789391799,-7.43623122584891,-6.64880407753008,-9.51542010578148,-10.239568314281,-9.51542010578148,-3.57377682898363,-3.9592137525679,-4.03003912597384,-5.64900009444706,-6.25502048023111,-6.36078033684419,6.41440052839919
2016-03-03,-0.46879578076,2.62208886883312,2.89169596535894,2.86660769374918,-6.40390140812839,-7.10590682649481,-6.4270943078796,-9.40655878731071,-9.97772210638696,-9.40655878731071,-3.53885810597378,-3.77995526734836,-3.89862462555081,-5.61441712391901,-5.9537722023835,-6.15613242814681,1.88380966765501
2016-03-04,-0.40693345345,2.5977974586809,2.75544761549504,2.78462394414853,-6.34849966054774,-6.77029714057679,-6.23847878386732,-9.30165848706207,-9.736382638128,-9.20125528955667,-3.50700500741255,-3.59361320456401,-3.78574980525918,-5.58031383434878,-5.66642320039068,-5.9537722023835,2.3945238542414
2016-03-07,-2.1455645582,2.57519942295321,2.61887090547543,2.70391030438797,-6.29688592213804,-6.43968188822774,-6.05672052451533,-9.30165848706207,-9.40655878731071,-9.10140300486452,-3.47564809051032,-3.41843889150182,-3.67600752460493,-5.51454573538583,-5.43697360650076,-5.75630794081504,2.82489121093209
2016-03-08,-0.4513148544,2.56850964440282,2.6468345094244,2.72498361576472,-6.28137094373388,-6.50442502850854,-6.0904633838917,-9.20125528955667,-9.51542010578148,-9.10140300486452,-3.46881098584039,-3.4631928456182,-3.69928252027233,-5.48288528207597,-5.46737154235462,-5.83241215695046,3.83007143264248
2016-03-09,-0.14100596154,2.54451726808858,2.51079858963991,2.64980567699195,-6.23022556597449,-6.15090039025157,-5.91311253553402,-9.20125528955667,-9.20125528955667,-9.0018378346875,-3.43869089450143,-3.2735863459255,-3.59292655911485,-5.43697360650076,-5.2773046927007,-5.64900009444706,2.78481245065512
2016-03-10,-0.096519920589,2.52148981022382,2.36638144471028,2.57053240064144,-6.17790780115726,-5.77701322646388,-5.73075657021633,-9.20125528955667,-8.81769282002059,-8.56910204692162,-3.40785907751625,-3.07076548502062,-3.47838744480625,-5.43697360650076,-4.97321350733653,-5.51454573538583,5.23039564122529
2016-03-11,1.9107938384,2.49978833343714,2.2340763797142,2.49167558220045,-6.12687913437896,-5.43001869902589,-5.55133185656332,-9.20125528955667,-8.28155007895854,-8.28155007895854,-3.37765771888573,-2.88531594103344,-3.36676236198,-5.36248367229854,-4.7110128194401,-5.36248367229854,1.31187045953923
2016-03-14,0.66010077062,2.48827226799765,2.21668208054134,2.49502934812023,-6.09814695096934,-5.39504930476948,-5.58014760791093,-9.10140300486452,-8.28155007895854,-8.349305974,-3.36240422968855,-2.85856633486489,-3.37565018441133,-5.34802175976884,-4.6920711388232,-5.36248367229854,1.42037005214461
2016-03-15,0.63658719482,2.47055160962436,2.10517373604516,2.42488057313389,-6.05080845860843,-5.10786955576893,-5.41285075680945,-9.10140300486452,-7.95058325003043,-8.28155007895854,-3.33399669561205,-2.69396680190931,-3.27466025601201,-5.30533294544823,-4.55486242212632,-5.2773046927007,2.23392005882615
2016-03-16,-0.47658660014,2.45389601252783,2.02986866433223,2.3510985763184,-6.00303685621744,-4.91645563074888,-5.24940409824847,-9.10140300486452,-7.47057960032909,-8.21160829896667,-3.29412333258821,-2.5963997773089,-3.16059063392815,-5.28850152903028,-4.42929268572422,-5.08842282750382,2.40831465725701
2016-03-17,-2.5824089712,2.43435292006735,1.97241283185711,2.2884173638005,-5.95630537588108,-4.76571209840773,-5.1072165292032,-9.10140300486452,-7.42287601372143,-7.95058325003043,-3.26691056208986,-2.50807646750965,-3.0711636675374,-5.28850152903028,-4.30360871501757,-4.99253635327758,2.52054758740771
2016-03-18,-1.3156013157,2.43949234221689,2.14514607503483,2.36612369533878,-5.96598507343396,-5.17534245716777,-5.28069344728147,-9.10140300486452,-8.01231311588889,-8.21160829896667,-3.27454394494885,-2.73601083563121,-3.17955914920756,-5.28850152903028,-4.58614445412341,-5.1648211240755,2.74607013640236
2016-03-21,0.34415302143,2.42362907844517,2.11312703015894,2.3490886219122,-5.93268539119423,-5.06387718416541,-5.23748120450891,-9.10140300486452,-7.77482130779796,-8.21160829896667,-3.25679131008362,-2.68618610274763,-3.15311897250844,-5.26037531663264,-4.55903313601202,-5.08842282750382,2.6422669946528
2016-03-22,1.1733275571,2.40291686105477,2.03071781462272,2.27864341514283,-5.88374798116448,-4.84144254197097,-5.07883385720227,-8.9079493586,-7.47057960032909,-7.88986205648298,-3.22882732368386,-2.57346013680434,-3.05360775497072,-5.24651378514138,-4.38886421299737,-4.96950777875988,2.0071064607277
2016-03-23,1.6325292605,2.39015375255404,1.98133314633943,2.23776881143424,-5.84394628486245,-4.72018741024884,-5.00140094532658,-8.9079493586,-7.33087000639655,-7.66688075646471,-3.17947689084545,-2.51021880544208,-3.00225113315577,-5.174676530878,-4.30651269139748,-4.93114090019294,2.47755532619725
2016-03-24,2.3383599881,2.38054107656002,1.97089980394446,2.23061859257744,-5.81451930820847,-4.7006013848001,-4.98875865954643,-8.81769282002059,-7.28659147435932,-7.61547454581538,-3.16297783190082,-2.49821259124134,-2.99171541109338,-5.12254365790325,-4.28407091242988,-4.91983608697251,1.53624800802605
2016-03-28,-0.52834719963,2.37737090658582,2.03815290291255,2.28176550983652,-5.80641118055373,-4.87856813352517,-5.10415612661347,-8.81769282002059,-7.47057960032909,-7.95058325003043,-3.1587935692877,-2.59106822066091,-3.06687600407123,-5.09740944752821,-4.41621000706964,-4.97723668041687,2.28435324431262
2016-03-29,2.4126097229,2.35980245351795,1.97654464196534,2.22226064776501,-5.76213382156677,-4.72355911501607,-4.97082497795264,-8.81769282002059,-7.33087000639655,-7.56577836585849,-3.13433667205637,-2.50658191975452,-2.98124754702527,-5.07269641743924,-4.29898904500711,-4.88650480225057,1.88473131447055
2016-03-30,0.81332300542,2.35680543933706,2.05185443573564,2.28095682287898,-5.7572333897467,-4.91132550086425,-5.10239562942773,-8.81769282002059,-7.47057960032909,-7.95058325003043,-3.13280107051695,-2.60635219563207,-3.06434735745747,-5.07269641743924,-4.46626814174037,-4.97723668041687,1.73931084167572
2016-03-31,-0.84350832658,2.33748014796518,1.98880908754385,2.2289192098074,-5.71236527389653,-4.76244415823173,-4.9833573810121,-8.56910204692162,-7.42287601372143,-7.61547454581538,-3.10878977294149,-2.525390178865,-2.98871704067927,-5.04838418036,-4.32937658920468,-4.90861453146686,1.31034550329431
2016-04-01,0.81867798672,2.32020298395663,1.94646738033588,2.18874548826655,-5.67267831094963,-4.67121303220084,-4.88393134893431,-8.4931772258579,-7.24319706361,-7.47057960032909,-3.08771815832894,-2.47808651489506,-2.92280638552247,-5.02430094778333,-4.24752663339797,-4.80168643515769,0.960566495393115
2016-04-04,-0.88721804505,2.30088945910604,1.89424389392698,2.14074529632348,-5.62796093048621,-4.56905713846627,-4.77383814843611,-8.4931772258579,-7.07850009854844,-7.42287601372143,-3.06443765855135,-2.42078343312672,-2.85128126162367,-4.97723668041687,-4.16416626482209,-4.7025413379901,1.46446587889915
2016-04-05,-1.1884893543,2.28371917508231,1.86735053498495,2.10783394756973,-5.58904278858958,-4.50739895512377,-4.69588888246957,-8.349305974,-7.07850009854844,-7.28659147435932,-3.04434787189682,-2.38626540503062,-2.80326185310325,-4.97723668041687,-4.11112887221767,-4.65490878004061,1.70993040769279
2016-04-06,2.719486812,2.27166946204444,1.8609437515145,2.09509468669703,-5.55787007968978,-4.48843482930043,-4.66493606479115,-8.28155007895854,-7.07850009854844,-7.24319706361,-3.02806952966926,-2.37730083282879,-2.7848754094226,-4.97723668041687,-4.08552175715556,-4.61789255162786,1.67623166483808
2016-04-07,-1.7688679246,2.27803851574101,1.98144225876842,2.17984262734648,-5.57200445734974,-4.80571752619942,-4.8575389439295,-8.349305974,-7.47057960032909,-7.47057960032909,-3.03604126415089,-2.54881782543844,-2.90256658895796,-4.97723668041687,-4.36031576939481,-4.76113523949731,1.89767711447746
2016-04-08,0.53598904342,2.27099557017582,2.00242700093193,2.20752874690054,-5.55847821246959,-4.86260296020881,-4.91550760795513,-8.28155007895854,-7.47057960032909,-7.47057960032909,-3.02916671429371,-2.58249317869125,-2.93730880621421,-4.97723668041687,-4.40806314180444,-4.81205602271989,1.40025885686653
2016-04-11,0.22367978472,2.25275088107513,1.93596205867904,2.14722564683071,-5.51080296343152,-4.69519044366451,-4.77757969244868,-8.28155007895854,-7.28659147435932,-7.42287601372143,-3.00506533028312,-2.46730591778258,-2.8531589582609,-4.93114090019294,-4.23325329052944,-4.7025413379901,1.58520211005624
2016-04-12,1.2149077911,2.23410019697055,1.88071652862409,2.08199787840575,-5.46515025371061,-4.55048373211467,-4.6309818797712,-8.28155007895854,-7.07850009854844,-7.20071950287869,-2.98036606277625,-2.39635172356753,-2.76245605880493,-4.88650480225057,-4.13073346883422,-4.60875189401386,1.57427019849756
2016-04-13,1.9314621086,2.21998151292886,1.86398560471036,2.05953190476818,-5.43210877160334,-4.49557349524658,-4.58034401253567,-8.28155007895854,-7.07850009854844,-7.07850009854844,-2.96166247493537,-2.37028308302134,-2.73108491790328,-4.85407400674633,-4.07921327823764,-4.59055442642941,1.62792360235478
2016-04-14,0.96450993788,2.21274620030578,1.87870486153912,2.09164466962747,-5.41831036650605,-4.52378270950241,-4.65153533081432,-8.28155007895854,-7.07850009854844,-7.20071950287869,-2.9536851288109,-2.39291766096971,-2.7698639254287,-4.83291247820056,-4.12416152730455,-4.60875189401386,1.09991140343496
2016-04-15,0.82803060814,2.1948190871471,1.84767476597583,2.05423984639278,-5.38163167960913,-4.44133591614394,-4.56500628160905,-8.28155007895854,-6.96174078121642,-7.07850009854844,-2.92608098383208,-2.35260482055565,-2.7160474430967,-4.81205602271989,-4.07921327823764,-4.59055442642941,0.700701372371618
2016-04-18,1.5114476986,2.1797296190099,1.81453106291101,2.00973349192183,-5.34301082885693,-4.35467684429698,-4.46785702499704,-8.21160829896667,-6.78493142461806,-6.99968709065455,-2.89463019318921,-2.30556306931894,-2.65439695278424,-4.74130623899947,-4.06639775763333,-4.53629569959,2.07680420082621
2016-04-19,-1.1725820414,2.16991029985702,1.92771022436895,2.01189255887284,-5.31802703526342,-4.38978612743557,-4.47301740666754,-8.21160829896667,-6.81893703256901,-6.99968709065455,-2.87965175392161,-2.4012199522185,-2.6565556894503,-4.71215547044921,-4.13734793512595,-4.53629569959,2.55607367383153
2016-04-20,0.81063863672,2.16115887265002,1.84373643144145,1.99959020661919,-5.29260824806019,-4.34430726169777,-4.46137322114819,-8.21160829896667,-6.75153027343699,-6.99968709065455,-2.86509138234089,-2.32254151344807,-2.64645133228462,-4.7025413379901,-4.07906198139114,-4.52737122981754,1.9187977342945
2016-04-21,-0.31438095393,2.14260357422532,1.80269610282076,1.96050765083216,-5.25473156023011,-4.27481949448447,-4.35863295613024,-8.21160829896667,-6.65512175804868,-6.78493142461806,-2.84035115640538,-2.27624965533006,-2.5827934016469,-4.7025413379901,-4.02786115132581,-4.40806314180444,1.62416793410335
2016-04-22,-1.6640253566,2.12324768997081,1.77248719664035,1.9076124166755,-5.21483774771416,-4.22527544574215,-4.23777007972244,-8.01231311588889,-6.59334862054872,-6.62403346963506,-2.81386055601408,-2.23681191517852,-2.50670115573501,-4.66431037860561,-3.97257858522431,-4.29898904500711,1.74192999680978
2016-04-25,0.91861402107,2.1232717997314,1.81173253327429,1.941574392022,-5.206793568338,-4.32893634374523,-4.31607885725837,-8.01231311588889,-6.75153027343699,-6.71869411536892,-2.81196645810974,-2.29246362979251,-2.55146508207448,-4.66074822019184,-4.05523308033504,-4.37192871298515,1.3691552596501
2016-04-26,-1.4883423827,2.11125910539684,2.15543956594359,1.90680962520039,-5.17140764245689,-4.75918421613191,-4.24577639702136,-7.95058325003043,-7.42287601372143,-6.62403346963506,-2.79132173534607,-2.79485456405303,-2.5123519445715,-4.623430121834,-4.65129972336294,-4.30987190735105,1.6968815260469
2016-04-27,-1.6713137075,2.10964957596633,2.00333061852386,1.92528073533139,-5.15837764318848,-4.45608146013485,-4.28659927979121,-7.95058325003043,-6.96174078121642,-6.65512175804868,-2.78648860158308,-2.63390977841952,-2.54242342587172,-4.623430121834,-4.51439325530613,-4.34059295921073,3.11247930072409
2016-04-28,-0.75341675329,2.10894973870788,2.01984459946896,1.95812245409437,-5.15180898711337,-4.56107842339701,-4.36748330826921,-7.95058325003043,-7.07850009854844,-6.78493142461806,-2.78406376892368,-2.65673577176767,-2.5930212513191,-4.623430121834,-4.54120439427512,-4.42850899282252,3.04630651860536
2016-04-29,9.5664451826,2.09870627907363,1.98249510337056,1.92246421772919,-5.11965152331812,-4.49624796460559,-4.28762050443662,-7.95058325003043,-7.07850009854844,-6.65512175804868,-2.76536876146878,-2.60052511908356,-2.54393541985718,-4.62192719884,-4.45994364500046,-4.35386606909697,4.85881274637365
2016-05-02,3.6780424203,2.42879922344162,4.24894324341051,2.15931640380868,-5.89740154347101,-9.82111994160683,-4.83346375482555,-8.9079493586,-12.0049440287182,-7.47057960032909,-3.20639491514431,-5.70779598685379,-2.88440192651278,-5.25530453346806,-8.56910204692162,-4.73701145995798,2.99890149403198
2016-05-03,-1.8322731592,2.45156191470126,3.85468061946414,2.29654632983709,-5.95878039422205,-8.85348018392941,-5.13796219743483,-9.10140300486452,-11.4280425101929,-7.95058325003043,-3.23627421795024,-5.17277650175505,-3.07343521996617,-5.26956370791189,-8.01231311588889,-5.03370419273602,1.8850972431198
2016-05-04,-0.062563307984,2.44300890192996,2.9037330436719,2.31957328350587,-5.94269800071962,-6.63299538611554,-5.18843829467512,-9.10140300486452,-9.51542010578148,-8.01231311588889,-3.22590008246429,-3.83344125593512,-3.10365449716377,-5.26956370791189,-6.04055376516162,-5.04585460872063,2.83423019990447
2016-05-05,-1.7603219557,2.42665320571574,2.29685906155725,2.24442816995516,-5.88819565440994,-5.24756242563471,-5.0317564876308,-8.9079493586,-8.21160829896667,-7.77482130779796,-3.17670159550286,-3.00452217940354,-2.99878810767883,-5.19409856537365,-4.9565688428982,-4.9565688428982,1.89780748221041
2016-05-06,2.2546237993,2.41597105086022,2.21447971631463,2.26578400244102,-5.87051079098283,-5.05701549875551,-5.07482222504777,-8.9079493586,-7.77482130779796,-7.83129746244375,-3.16637969576673,-2.8876827661192,-3.02661647738306,-5.16711805914733,-4.75111294094785,-4.99208041147805,1.60904495041268
2016-05-09,0.86059796722,2.40983428306508,2.19976438395813,2.30797907506182,-5.85991532702866,-5.02344071392485,-5.17019806099968,-8.9079493586,-7.719929476562,-7.95058325003043,-3.16014713826244,-2.86590773744721,-3.08474998027254,-5.11507131076623,-4.72138084986931,-5.04038663490313,1.54375512453868
2016-05-10,3.4306730417,2.38959929034242,2.12998304615631,2.25645024436961,-5.81270610758728,-4.81232587544227,-5.04599859894113,-8.81769282002059,-7.47057960032909,-7.77482130779796,-3.13451131468538,-2.76864594295975,-3.01016841144965,-5.0898150128141,-4.62523078553769,-4.96831718736807,1.49824354261199
2016-05-11,1.445090816,2.41248304341118,2.29064909598965,2.37339509493147,-5.85943757553187,-5.21220945040478,-5.33137446624696,-8.9079493586,-8.01231311588889,-8.21160829896667,-3.15090754063615,-2.99105703115186,-3.17399799051957,-5.12462324837712,-4.95264305237844,-5.20457797836054,2.08773799575931
2016-05-12,0.65897396344,2.39484622700107,2.17111626192387,2.35098321162344,-5.82311889713903,-4.93319232625539,-5.27422583356844,-8.81769282002059,-7.47057960032909,-8.21160829896667,-3.13093600931967,-2.82730753981235,-3.14127780906742,-5.09908075575935,-4.71707504484709,-5.11179717476039,2.00409826076465
2016-05-13,-1.1157076595,2.37388309928078,2.12022124747884,2.2876901959467,-5.7742652743747,-4.82205731794828,-5.12584179878711,-8.81769282002059,-7.47057960032909,-7.95058325003043,-3.10351721215244,-2.75870303782319,-3.05215787146768,-5.06151012084177,-4.6301378861904,-5.01247350508704,1.45666515214099
2016-05-16,0.104237097,2.35770205365789,2.11938161883467,2.26088534015725,-5.73973051641093,-4.82145529653233,-5.06320372160176,-8.56910204692162,-7.47057960032909,-7.77482130779796,-3.08468568177527,-2.75839970311137,-3.01441626999051,-5.0491084070956,-4.6301378861904,-4.97628501967758,1.51680854802813
2016-05-17,-2.1655925478,2.33583856742668,2.09645888827809,2.19307944528239,-5.69085160965827,-4.77422200135858,-4.89596222784898,-8.56910204692162,-7.42287601372143,-7.47057960032909,-3.05770817290747,-2.72784578365527,-2.91695988066005,-5.01247350508704,-4.6113626093325,-4.80857753909667,1.89407861907473
2016-05-18,0.31354725525,2.33388438313101,2.15665877074099,2.24823173821013,-5.69304684537897,-4.9106456150569,-5.01947466523766,-8.56910204692162,-7.47057960032909,-7.719929476562,-3.05982258323174,-2.80955219815552,-2.98995093922105,-5.01247350508704,-4.67780543286477,-4.95264305237844,3.07639596433827
2016-05-19,0.15341601538,2.31246823564689,2.09724438930802,2.18260343739257,-5.64558299578817,-4.76963484749996,-4.86690847035833,-8.4931772258579,-7.42287601372143,-7.47057960032909,-3.03411325863594,-2.72919049699742,-2.8884318473376,-5.01247350508704,-4.6113626093325,-4.76720104242826,2.04801330109636
2016-05-20,0.6127240451,2.29118584291475,2.07471349709387,2.11740076542439,-5.59888519476745,-4.65978896434762,-4.72365197070281,-8.349305974,-7.24319706361,-7.33087000639655,-3.00901973556845,-2.69033585686709,-2.80258780141616,-4.97628501967758,-4.58321084266847,-4.67780543286477,0.701904625868188
2016-05-23,-0.86084234472,2.27711202602288,2.06786693677301,2.05928375006631,-5.5531403996475,-4.67147896739871,-4.59277501799525,-8.28155007895854,-7.24319706361,-7.1587138537129,-2.98298474540883,-2.68704792221408,-2.72789674858917,-4.91794855568529,-4.58321084266847,-4.6113626093325,1.00070528463246
2016-05-24,1.0692500897,2.25969944868814,2.06940063159348,2.02949473319794,-5.51768320284109,-4.67557167178804,-4.52120025721196,-8.28155007895854,-7.24319706361,-7.07850009854844,-2.96432159464747,-2.69016731228236,-2.67600534896864,-4.88422264779769,-4.58321084266847,-4.5646751597761,1.00660205357182
2016-05-25,0.58932121556,2.24175780215444,2.06153368272649,2.00249146938412,-5.48090503585309,-4.65696014009308,-4.45883799512652,-8.28155007895854,-7.24319706361,-6.99968709065455,-2.9452288637222,-2.67903411563958,-2.6373425213307,-4.85137840299489,-4.5646751597761,-4.52804386368517,1.05409115032366
2016-05-26,0.92609585663,2.22293230667669,2.04329253428353,1.95258381096997,-5.43843857121782,-4.57330121715471,-4.34655845546789,-8.28155007895854,-7.07850009854844,-6.75153027343699,-2.9229614087222,-2.64740453519015,-2.56837574107907,-4.82981095546966,-4.54625482302609,-4.39072594883156,0.612646946829953
2016-05-27,-0.3734735842,2.210384750719,2.03956519345081,1.91582383069663,-5.39941592935997,-4.58482755444389,-4.26669168149442,-8.28155007895854,-7.07850009854844,-6.65512175804868,-2.901240893338,-2.64643314031052,-2.51657653383546,-4.78775040341429,-4.54625482302609,-4.33500340446078,0.513407643180386
2016-05-31,1.481242278,2.19191801838461,2.03008853630589,1.86671309869655,-5.35879069740752,-4.5684592946765,-4.15397282052312,-8.28155007895854,-7.07850009854844,-6.59334862054872,-2.87857285777658,-2.63476336807013,-2.44595975092864,-4.73701130337273,-4.52804386368517,-4.201621727204,1.05825905942468
2016-06-01,-0.46348178575,2.17833277476233,2.04048474737862,1.87743807396869,-5.33310101186715,-4.59275816734449,-4.17617211462506,-8.21160829896667,-7.1587138537129,-6.59334862054872,-2.85924586445103,-2.64896736797434,-2.46031558440776,-4.7270604030266,-4.54625482302609,-4.21573457122419,1.1171019379074
2016-06-02,1.2231735795,2.15980813254702,2.02142290984345,1.83365766032786,-5.29436528693373,-4.54944745604017,-4.07744512823327,-8.21160829896667,-7.07850009854844,-6.4157524258631,-2.83279883441325,-2.62342554090925,-2.39888914949068,-4.71707504484709,-4.51001768378815,-4.14645185223992,0.773389642078197
2016-06-03,-0.37075689343,2.14499493009856,2.02048137337821,1.82581454733578,-5.26323053901654,-4.51381826133797,-4.06077750179592,-8.21160829896667,-7.07850009854844,-6.38809699321059,-2.81090087978391,-2.62132456912926,-2.387074578437,-4.67780543286477,-4.51001768378815,-4.11969350719389,0.744853404792315
2016-06-06,0.16401576777,2.12614167888562,1.99900118250128,1.7798803608051,-5.22274044508377,-4.45178617102126,-3.9564244277448,-8.14224913105814,-6.96174078121642,-6.2807565143236,-2.78554546677027,-2.58407741588856,-2.32091673801671,-4.63957269924924,-4.43195663844773,-4.08698582708577,0.78314901221646
2016-06-07,-0.41143203125,2.11306069868415,1.99040411643057,1.72108735890254,-5.18157304182994,-4.43293649390403,-3.83284730893272,-8.01231311588889,-6.88860219725652,-6.06173785005102,-2.77088958042002,-2.58347106212669,-2.24562220158524,-4.6301378861904,-4.43195663844773,-3.9908505010234,0.831777267737136
2016-06-08,0.40069638271,2.09451233859273,1.98572132474982,1.67975527813186,-5.14161638171165,-4.40993218157181,-3.73993243527762,-7.95058325003043,-6.85346225266571,-5.88971328670283,-2.74433882562959,-2.57764536689976,-2.18883806249745,-4.6113626093325,-4.40705806876502,-3.88417158942567,0.87679649823839
2016-06-09,0.1389959265,2.07480595813087,1.97012077377727,1.63128764061225,-5.09579481398035,-4.38921639076177,-3.63123135019383,-7.88986205648298,-6.81893703256901,-5.77178812439107,-2.71903901732636,-2.54548585071704,-2.12250075617461,-4.6113626093325,-4.36658316763202,-3.80181783212794,0.627761139010072
2016-06-10,-1.3385556243,2.06138882712642,2.09191133807435,1.57533699672613,-5.05628586041279,-4.70063812040609,-3.51066760615259,-7.77482130779796,-7.28659147435932,-5.67513860589402,-2.69681124156416,-2.73415912557819,-2.04324630244563,-4.58666731275594,-4.61501265317337,-3.70334874454895,0.674903667339549
2016-06-13,-0.37191291394,2.05295151895023,2.12082645209881,1.60827892780407,-5.03752845389097,-4.76145548194009,-3.58214355272954,-7.77482130779796,-7.42287601372143,-5.73117548258158,-2.68426803937683,-2.77286250703376,-2.08675196995616,-4.57730253254335,-4.64342254013826,-3.76443499217539,0.979430933264479
2016-06-14,0.56764163091,2.0379307909817,2.089975546193,1.56850484919359,-4.99698260128745,-4.68920038665237,-3.49393599641032,-7.66688075646471,-7.28659147435932,-5.6566717964322,-2.66078752011188,-2.72877207920371,-2.03265825534793,-4.55871469221366,-4.61501265317337,-3.69836920661138,1.37378525487444
2016-06-15,-0.70068121795,2.01992272128218,1.72985271408824,1.52963953611055,-4.95316812617782,-4.00956454353575,-3.40765885735534,-7.51755085706667,-6.36078033684419,-5.51819945494286,-2.6340814677929,-2.15643167528129,-1.97914540637956,-4.53113540204423,-3.85046562679377,-3.64921302551017,1.06114131606553
2016-06-16,0.45501638051,2.00385466770188,2.07425376195726,1.5127814677283,-4.91598694355832,-4.65001434358014,-3.37017508636503,-7.47057960032909,-7.20071950287869,-5.43719754480611,-2.61070703001934,-2.70797576116347,-1.95543761465968,-4.49506687887406,-4.6055113128375,-3.62987681381695,1.32981658933136
2016-06-17,-1.5498041839,1.98996837917334,2.05406522013962,1.46956554329026,-4.875615428803,-4.59986805464873,-3.27696041139104,-7.47057960032909,-7.20071950287869,-5.34501595854671,-2.58972875102689,-2.67684098769659,-1.89784701386482,-4.44154617532248,-4.57628085475813,-3.57026590480083,1.28861880966843
2016-06-20,1.0787242176,1.99065425187609,2.10220539641925,1.5271718170515,-4.8731661696312,-4.70258835275721,-3.40447733969507,-7.47057960032909,-7.28659147435932,-5.51819945494286,-2.58826655676388,-2.73611126657888,-1.97636471488253,-4.45003761997558,-4.6237329678197,-3.65450873607222,0.845186717656351
2016-06-21,0.25349785028,1.98024220689627,2.05834768559701,1.5247951009985,-4.84278736014871,-4.6057687479714,-3.40025220236067,-7.47057960032909,-7.20071950287869,-5.48512337133438,-2.57107956505538,-2.66049099643325,-1.97332340435777,-4.42455296550364,-4.56690255662059,-3.6532622170769,0.902203382110921
2016-06-22,-0.7292336064,1.96456474773308,1.75652590266584,1.47650734507663,-4.79957515486158,-3.9049709423665,-3.29444016381522,-7.47057960032909,-6.17969822365376,-5.34501595854671,-2.54867920625952,-2.18562472292592,-1.90823863245211,-4.39133957447009,-3.89688431364324,-3.58562417989944,1.00742759651889
2016-06-23,1.6155361667,1.94952406027126,1.77382581871962,1.46495034059943,-4.7650845475019,-3.92316883562838,-3.26831739999612,-7.42287601372143,-6.22955268624505,-5.34501595854671,-2.53295988633475,-2.18685794217484,-1.89160274659973,-4.35890622988684,-3.89688431364324,-3.55309149147466,0.68818159336254
2016-06-24,-3.2018612896,1.94758277671221,1.800000778936,1.51173383846924,-4.75541406167675,-3.94317543525116,-3.37206055028143,-7.42287601372143,-6.22955268624505,-5.43719754480611,-2.52706702276636,-2.2103505259404,-1.95572552153423,-4.35890622988684,-3.9562578388049,-3.63857511624348,3.32056201263957
2016-06-27,-1.087329747,1.98851980416646,2.18968888821188,1.65887981181582,-4.85728657511525,-4.85227625029688,-3.69669980627139,-7.47057960032909,-7.47057960032909,-5.86806923155701,-2.59120357611921,-2.71112780088301,-2.16101055112829,-4.44431204047844,-4.6070786675195,-3.86604071858146,3.8430935626556
2016-06-28,2.3996181439,1.98302621212261,2.18316694193124,1.66408951723798,-4.83818160847298,-4.90355388858207,-3.70937502522267,-7.47057960032909,-7.47057960032909,-5.86806923155701,-2.58066925579974,-2.82368058727455,-2.16885283303216,-4.43437976464292,-4.7028225761679,-3.88065738579398,1.17926765408886
2016-06-29,1.0805847871,1.99570984658177,2.236245346045,1.75205435845162,-4.86310188644093,-5.00005359710706,-3.90761557069057,-7.47057960032909,-7.66688075646471,-6.204414583775,-2.59636098610759,-2.89781810797817,-2.28964745505844,-4.46873633205767,-4.77369081175027,-4.07188644818918,0.8255970218283
2016-06-30,0.0027948575735,1.98526045484664,2.07692691132625,1.7370399519925,-4.83359852363103,-4.64533290676297,-3.87522037080554,-7.47057960032909,-7.20071950287869,-6.15535735200745,-2.57912396476818,-2.70165961099529,-2.26958657993962,-4.43437976464292,-4.59663600722388,-4.0389958122359,0.764115535649511
2016-07-01,1.4057740142,1.95864450650774,1.86410337491107,1.67895045661458,-4.77143641878424,-4.3347306715511,-3.69388980841553,-7.16107428988,-6.54221859910972,-5.71756072595849,-2.59057417817765,-2.39513288984065,-2.19847058830421,-4.37102603397315,-4.08348157606863,-3.85976867584502,0.535504670794426
2016-07-05,0.33348032193,1.94893268035967,1.83904891442267,1.69350342985663,-4.73065647494841,-4.27722581383768,-3.72484851466135,-7.07664016747368,-6.45289710382267,-5.71756072595849,-2.5790773265651,-2.36313183461101,-2.2173446511167,-4.35462017262294,-4.04440626068008,-3.89464281298842,0.872724146572331
2016-07-06,1.3061392667,1.93444786225035,1.79273296463639,1.64363549175581,-4.68624178199761,-4.15576879462401,-3.61225404325493,-7.03598148555517,-6.39557430620519,-5.64302995656182,-2.55813197847854,-2.29873003914693,-2.14912667275666,-4.32248934927297,-4.01833806331434,-3.78228838524885,1.24832712818773
2016-07-07,-0.14099591917,1.92418804537804,1.77306642033907,1.65213632005615,-4.65876316922887,-4.11422240371497,-3.62891008047125,-6.99609920324746,-6.3384464684962,-5.64302995656182,-2.54275247366115,-2.27396595966498,-2.15984613941517,-4.29105805204027,-3.98623118484815,-3.80394272382492,0.771953795924423
2016-07-08,1.2544632551,1.91019677532034,1.73703455148098,1.60361489487555,-4.61714893007592,-4.01922533213404,-3.51848293107204,-6.95703198084333,-6.17888397816,-5.53594177641897,-2.51755744317201,-2.22320031637312,-2.09320494693952,-4.27557873997632,-3.91244859485745,-3.73987620329393,0.50632344292142
2016-07-11,1.0686367845,1.89930291691493,1.72269498455353,1.61033517361702,-4.58880121601652,-3.98652555157452,-3.53093325719407,-6.84447675368413,-6.15357407046395,-5.55343908647217,-2.50423062440308,-2.2027441181162,-2.10108966059454,-4.25267949571991,-3.87125200469412,-3.75045508816013,0.662690548037106
2016-07-12,-0.73894239713,1.88904878846035,1.70584650212009,1.6019217558416,-4.55882008583771,-3.94822602670155,-3.51208487970143,-6.84447675368413,-6.05630359581444,-5.53594177641897,-2.48978279189816,-2.17683111654515,-2.08962315521045,-4.23019968165897,-3.82600581110774,-3.73462508654554,2.36058894155253
2016-07-13,-0.74577992809,1.87893228874261,1.69207138543799,1.58527423516986,-4.52955072293641,-3.919794571549,-3.47597541848344,-6.84447675368413,-6.05630359581444,-5.46781627361417,-2.47558340444704,-2.15297234066873,-2.06733155962357,-4.18648915752458,-3.7930632951132,-3.69852015292835,3.40372731718625
2016-07-14,-0.19255887855,1.86877679829218,1.6788218798372,1.56990970690273,-4.49983429112983,-3.89039534065346,-3.44111423851547,-6.84447675368413,-5.98689914262043,-5.3877692839824,-2.46147706685131,-2.13236327533468,-2.0457648736728,-4.1652355216321,-3.76100698037023,-3.66847588673823,0.701639918399659
2016-07-15,-0.77711818667,1.85380226647252,1.65582461822104,1.52590439576392,-4.45660013525029,-3.82341116695246,-3.34003841686904,-6.73658578055303,-5.92024306869792,-5.26696744684662,-2.43964502753044,-2.10380909560919,-1.98296514962763,-4.13747744976721,-3.75045508816013,-3.61936189682433,0.785389957479462
2016-07-18,0.085663004393,1.84135269721704,1.64667533028429,1.51657847219278,-4.4246506065615,-3.793466162842,-3.31584722099226,-6.63652734582029,-5.835670486895,-5.2525566399097,-2.42164354649554,-2.08925647292236,-1.96754856809775,-4.1170619123148,-3.73462508654554,-3.60967810434572,0.760053595447291
2016-07-19,0.52712377892,1.82359527363854,1.63043930084658,1.46994626130828,-4.37577466628362,-3.75256158495722,-3.20833021667248,-6.60460797839143,-5.79515328561275,-5.16741957005071,-2.39312833591034,-2.06601961554696,-1.89969389476156,-4.08348157606863,-3.69852015292835,-3.53397351862,1.21357980244816
2016-07-20,0.77978241752,1.80836103488228,1.61786052379877,1.43434962173226,-4.33111057441186,-3.71839352358054,-3.1288821738628,-6.54221859910972,-5.71756072595849,-4.98605456962532,-2.36755146750703,-2.04716873044606,-1.84837960208777,-4.04440626068008,-3.66847588673823,-3.45401906041957,0.570044022724574
2016-07-21,-0.17298718012,1.79447472190983,1.60678365784049,1.4147097251389,-4.29123590516168,-3.71269419683339,-3.08496848369797,-6.45289710382267,-5.71756072595849,-4.93862736270759,-2.34510590879594,-2.03632508717797,-1.81992691905647,-4.04440626068008,-3.66351157938049,-3.42417539979289,0.577573350809231
2016-07-22,0.057762314827,1.78445925019319,1.59657906725822,1.37356737903704,-4.26380540999583,-3.67535229278068,-3.01521579706492,-6.45289710382267,-5.67979115850463,-4.88077815613252,-2.33386738250198,-2.0218995596618,-1.77017106895248,-4.03791967803855,-3.64868404075196,-3.36241810176911,0.429314652019122
2016-07-25,-0.70483043801,1.76578034311981,1.5882123344892,1.32984684317269,-4.21261942437251,-3.67250935873439,-2.9005997120268,-6.39557430620519,-5.67979115850463,-4.68986441989503,-2.31152432517729,-2.01232839870333,-1.70949024672976,-4.03136815007224,-3.64377110460361,-3.29956871716253,0.749701931011415
2016-07-26,-0.54352969819,1.75996428144975,1.5844681307658,1.32336658499961,-4.19566863191832,-3.65218335224018,-2.93960513512894,-6.39557430620519,-5.6613067509789,-4.75049991718114,-2.30196489977751,-2.00682309374161,-1.70380755189019,-4.01833806331434,-3.63886604053303,-3.29186208380145,0.660834522473142
2016-07-27,0.14682091933,1.74491989613625,1.59126544224626,1.30448931151437,-4.15603081122073,-3.68746828052151,-2.8586735422385,-6.39557430620519,-5.71756072595849,-4.6507968720773,-2.28445510651351,-1.99763835008668,-1.67817202630158,-4.0054067314221,-3.63397464935838,-3.24676013038965,0.710409486082032
2016-07-28,2.1637911141,1.73245575857504,1.57488368831163,1.2614917932783,-4.11728875948873,-3.64590474810386,-2.82072145369143,-6.3384464684962,-5.64302995656182,-4.61869464559734,-2.2661003882768,-1.98337732596827,-1.61216395562448,-3.96945425383934,-3.62001557724762,-3.17094433556921,0.774465233528113
2016-07-29,0.82379984306,1.74350145081023,1.63248445051034,1.36033581081868,-4.14929022767011,-3.77768742105817,-3.02082417513637,-6.39557430620519,-5.835670486895,-4.88992045787037,-2.27904206532668,-2.06636782257257,-1.74871985610521,-4.00122548199925,-3.69945388692312,-3.32266658976411,1.80906950966923
2016-08-01,1.1768426879,1.72925603641532,1.61251347793879,1.34741131847014,-4.10988417159622,-3.71695374681427,-2.96160962628854,-6.3384464684962,-5.71756072595849,-4.78985777411696,-2.25155155362606,-2.04226533545541,-1.72840054914966,-3.95083411652473,-3.66930027511902,-3.3148727814931,0.904166778228681
2016-08-02,-0.93260739313,1.71931818297108,1.60603739071971,1.36342343493607,-4.08322119424875,-3.69083133984316,-2.97811121465301,-6.23013533671687,-5.71756072595849,-4.82230009387798,-2.24195296097891,-2.0334198661514,-1.74875246234042,-3.93853497932671,-3.66431826532783,-3.32266658976411,0.695174611957276
2016-08-03,-0.78098293407,1.71041514116518,1.60381069312294,1.37553564182851,-4.06017171968786,-3.69441355122507,-3.00432267810972,-6.204360399975,-5.71756072595849,-4.86700325129695,-2.23463224468798,-2.02968704026954,-1.76406761878052,-3.92633760639176,-3.65438412465684,-3.34630862528065,0.744760187175312
2016-08-04,0.81230785545,1.70492708440792,1.59742347428428,1.37380302991491,-4.04350723489336,-3.67803957858914,-3.00137141240894,-6.204360399975,-5.69850294105327,-4.86700325129695,-2.22528037948322,-2.02050522736661,-1.76391574186836,-3.91427323300783,-3.64943846125545,-3.34630862528065,0.72617317687047
2016-08-05,0.68483247233,1.69339164082415,1.58612845243436,1.35957088859205,-4.00909017244713,-3.66824450572775,-2.97916621108394,-6.17888397816,-5.67979115850463,-4.82230009387798,-2.21094551313233,-2.00307291265065,-1.74362951231733,-3.89638548037711,-3.63467810093423,-3.32266658976411,0.50205065959805
2016-08-08,0.075719992674,1.68435782211295,1.57214326226319,1.33642318127724,-3.98313681996861,-3.62169903738113,-2.99383557712166,-6.15357407046395,-5.64302995656182,-4.85567606698303,-2.19579994151447,-1.98510268252568,-1.72156399627351,-3.86135503240103,-3.62001557724762,-3.31096940104324,0.456317812395715
2016-08-09,0.22829263198,1.66620929933595,1.55899675981433,1.29437852451923,-3.93278937766878,-3.60005345925127,-2.8754752068939,-6.05630359581444,-5.62470039885856,-4.66738499465246,-2.17695971307653,-1.96682355016974,-1.65473232830085,-3.82744594805541,-3.60545150393717,-3.21358717195012,0.378201207459826
2016-08-10,0.032538949199,1.65315914812709,1.54615787840757,1.25430566430142,-3.89333717202102,-3.56305723744972,-2.80997457347408,-6.00967352146522,-5.57107318074912,-4.60913644885503,-2.1584577623996,-1.94586120054786,-1.60894118932275,-3.80529011532233,-3.59099818166287,-3.16744618206569,0.444977747003675
2016-08-11,0.34870406998,1.63659956271262,1.5292819428168,1.2143696680723,-3.84553812815129,-3.53667060933351,-2.72009988896296,-5.92024306869792,-5.55343908647217,-4.54379011304694,-2.13662513701553,-1.92915851581816,-1.55378853330997,-3.77282548242484,-3.57663291884029,-3.11261254656926,0.557087945471463
2016-08-12,0.1711529485,1.62602348510032,1.5198228504941,1.17862927352373,-3.81743743419306,-3.52061826216222,-2.64482880463805,-5.93585762659684,-5.54549900866348,-4.47994172568713,-2.09733314361126,-1.91875823216439,-1.49930387381933,-3.74936876076019,-3.56935506650812,-3.05007232028789,0.358789530599955
2016-08-15,-0.52681992338,1.6138862436847,1.51452953214595,1.13899077488326,-3.78029009697083,-3.51593382702181,-2.55980781219497,-5.84979988506263,-5.54549900866348,-4.33005490512192,-2.07990368273415,-1.90617474243148,-1.44086546945736,-3.71853216227038,-3.53659453732792,-2.98555029503092,0.242407464224799
2016-08-16,-0.57905763242,1.60521406259301,1.50639902082848,1.12964238619402,-3.75351900424464,-3.48796360493743,-2.54094298155624,-5.80860173330891,-5.49333564961949,-4.29806506028789,-2.06688345015628,-1.89485478114016,-1.42927681561923,-3.69784389236824,-3.52272220428983,-2.96407331511208,0.339758268732075
2016-08-17,0.077221087849,1.59371786600858,1.51507551577299,1.12517383644354,-3.7228960679611,-3.49297539993497,-2.53048515905665,-5.72975787507905,-5.5104404275906,-4.29019405759286,-2.05222963949878,-1.88973795756393,-1.42240804689174,-3.67253644830464,-3.50903865328095,-2.96407331511208,0.590716254610944
2016-08-18,-0.022232975425,1.58078927757622,1.49586522811763,1.08694419951614,-3.68330617562385,-3.4727278169236,-2.44749475433656,-5.72975787507905,-5.47647977113782,-4.14899581631193,-2.03373566441332,-1.87011717564501,-1.37130794736301,-3.66252672836892,-3.47329864355096,-2.93356678796019,0.409453717163173
2016-08-19,-0.93530073518,1.56302567885142,1.48081099879029,1.05100346848578,-3.63491998205292,-3.42839805781308,-2.36627963558579,-5.65409573535321,-5.41105914191463,-4.04759466170775,-2.01439455841991,-1.84847728161323,-1.32045048005432,-3.64261822313526,-3.45145540059351,-2.8859496238226,0.337415845952829
2016-08-22,0.28654051857,1.55869431954979,1.87423091603677,1.083536574063,-3.62464517705214,-4.1823344600828,-2.43851107197526,-5.65409573535321,-6.42134686196711,-4.13504163475959,-2.00970032486174,-2.41216518821968,-1.36474211122744,-3.63767206115333,-4.11441079776008,-2.91850770555173,0.622249571611565
2016-08-23,0.39105703909,1.54532891237266,1.48229237991832,1.04995833389644,-3.58437010133706,-3.40681895418707,-2.36465144925299,-5.59906405465179,-5.41105914191463,-4.04759466170775,-1.98936881828756,-1.84367176608433,-1.3193425655143,-3.61800702967934,-3.44282222880484,-2.8859496238226,0.331159020888372
2016-08-24,-0.68201193526,1.52995852694503,1.47069607311915,1.02180382892361,-3.53982315915816,-3.36446769709454,-2.30126495254129,-5.56323363926316,-5.33208621852266,-4.0211792956542,-1.96492420553528,-1.82621964286769,-1.2795371523765,-3.59852861979822,-3.42995149008133,-2.83660607992026,0.380125456178527
2016-08-25,0.2601518654,1.52355920789361,1.47349952372786,1.03085134339681,-3.52037916728067,-3.34790462459986,-2.32406545838785,-5.54549900866348,-5.33208621852266,-4.04102063447568,-1.95472496622502,-1.82462137500526,-1.29184174843837,-3.59369617380531,-3.42995149008133,-2.85906846725944,0.339736521766127
2016-08-26,1.2881641684,1.50787437720927,1.45143975437642,0.999620410280466,-3.47549483149835,-3.35583597862656,-2.25157452476628,-5.47647977113782,-5.33208621852266,-3.95080035165568,-1.93033084655572,-1.80479611116453,-1.24671763549774,-3.57442411357901,-3.39210981156328,-2.79691817225747,0.865630927760722
2016-08-29,0.29778933676,1.51253980493279,1.46912989474738,1.04860113282627,-3.49697968477961,-3.38760762587129,-2.29313730438848,-5.54225498629035,-5.3587197259888,-4.00735676463817,-1.9338549329032,-1.82633450781675,-1.31761920863253,-3.56757939590175,-3.42330612626016,-2.88562938573712,0.488042633326457
2016-08-30,-0.48101233006,1.49805373010832,1.81104592943657,1.01643939360124,-3.45496310022979,-3.96633168258471,-2.22188498134651,-5.40692587619918,-6.12573466653837,-3.90074452419642,-1.90957060912341,-2.32473085995319,-1.27328364146143,-3.53444549656447,-4.03375591771318,-2.81637720594583,0.460078708901075
2016-08-31,0.20584173635,1.49097419328598,1.4642048631631,1.00902240786039,-3.43283126974274,-3.31246132951859,-2.20817206664518,-5.40692587619918,-5.28166662209077,-3.88878033034021,-1.89653097275033,-1.81817070821728,-1.26544864955461,-3.51594431376601,-3.41055462399655,-2.81358019315859,0.538416307524502
2016-09-01,0.18981746325,1.4765997741989,1.43925696593087,0.975242874748795,-3.39126222670467,-3.2593219863821,-2.13379316034919,-5.3587197259888,-5.22198593352687,-3.75918514879539,-1.87232181650555,-1.77985946787141,-1.21736075771873,-3.4665898003761,-3.36087639637147,-2.77758634344735,0.501562571312161
2016-09-02,0.23617347069,1.45937040832843,0.744055042141214,0.942336347663774,-3.34538909607956,-1.64655826963374,-2.05902709990121,-5.31202377318672,-3.19665303241296,-3.67057795111651,-1.84595901150755,-0.901672141880385,-1.16760864775883,-3.44045878995378,-2.42362669497454,-2.72594196742752,0.309161733739069
2016-09-06,2.1270260473,1.44386414657066,0.717605811088535,0.910835389660092,-3.30143330726495,-1.58307328662112,-1.98823751174994,-5.26657970995038,-3.12660135821305,-3.61110819926036,-1.82165739355079,-0.862722913479015,-1.12062001915092,-3.41478915703511,-2.39294264448836,-2.6729877818643,0.792495351326955
2016-09-07,-0.55649219757,1.47467683982232,1.98185333103111,1.01819856672337,-3.37950350120266,-4.40397493511125,-2.22813818153601,-5.34305538625794,-6.68012252588209,-3.90677904630827,-1.86666329737232,-2.57054374011286,-1.27597702525848,-3.4665898003761,-4.34725201552651,-2.82719260715876,0.642025108642515
2016-09-08,-0.053538649991,1.46989077311738,1.86429125027162,1.01615380289927,-3.3642425135512,-4.13374871050719,-2.22657652090223,-5.33888938192698,-6.39807219585132,-3.90683364110036,-1.85058253997261,-2.39954595896545,-1.26718925556451,-3.44356392492255,-4.09426101825444,-2.81397925655299,0.438162024749185
2016-09-09,-3.0507869295,1.45739514498168,1.82639110952401,0.999985636229538,-3.32815427979784,-4.05267602990939,-2.20545654132201,-5.29244189599147,-6.22944019476098,-3.88278536063167,-1.83435625567881,-2.34605321764996,-1.25821486304818,-3.43062358111698,-4.0409080034082,-2.80557284851986,0.732875953811793
2016-09-12,1.4931459995,1.54770909589014,2.58128778494492,1.11502102726636,-3.54186271082599,-5.77919910017498,-2.5332376153373,-5.57501483060625,-8.50200835926563,-4.27913579364215,-1.95954808853759,-3.39874533329399,-1.41861556636233,-3.58433969231183,-5.38663382776748,-2.96220440947131,1.28901213824711
2016-09-13,-1.3584103488,1.55277235862876,2.06515880456937,1.17205847239668,-3.55288870535802,-4.59120182168313,-2.66455042627428,-5.5933198980991,-6.89664828329016,-4.49192765193889,-1.96666337929994,-2.69238603430301,-1.49873242840495,-3.5939910323625,-4.51038300199745,-3.04774779971979,1.4064579581098
2016-09-14,0.010512345397,1.56407119130168,1.97109525851381,1.22815450324712,-3.57594105371366,-4.36497887587211,-2.79665100764615,-5.61171091157182,-6.61363643652174,-4.59496850383743,-1.98071045964513,-2.55902003489398,-1.57861979011814,-3.60795221987417,-4.31892585918853,-3.12339424651836,0.693709482052123
2016-09-15,1.1299583493,1.5515771019884,1.84970496187144,1.18530800245181,-3.54256354174672,-4.08487304336097,-2.70165959934988,-5.57501483060625,-6.25616117679012,-4.51038300199745,-1.96031220658345,-2.38902427443622,-1.52036222958688,-3.58847459837062,-4.06325154333399,-3.07271917240385,0.833638857659369
2016-09-16,1.1472151124,1.54970899325721,1.8602378504013,1.20424605443803,-3.53345673376775,-4.11065081329559,-2.7509871900782,-5.57501483060625,-6.36863757641169,-4.53842377821917,-1.9547148563007,-2.40478070352354,-1.54884737457779,-3.59237835472708,-4.09686823806855,-3.10477775806039,1.01924490547782
2016-09-19,-0.43929507265,1.54527250256875,1.85656918615427,1.22725616508339,-3.52541984247304,-4.09787578320148,-2.80326524921161,-5.57501483060625,-6.33953810151026,-4.60462212834785,-1.95030306494753,-2.39631613422154,-1.58053312692923,-3.59237835472708,-4.083301051028,-3.12527136799047,0.733993178877041
2016-09-20,0.66055992775,1.53608696948383,1.83580108416502,1.20399739584508,-3.50210179278189,-4.05072744553809,-2.75240507547177,-5.55686205440885,-6.22944019476098,-4.54772604618229,-1.93626608785204,-2.36539528039578,-1.5491311972122,-3.57778534846814,-4.03705539222568,-3.10477775806039,0.457555265931447
2016-09-21,1.2201686704,1.52379643666916,1.81796408594022,1.18774127462812,-3.47457839120951,-4.0003965424487,-2.71244947309812,-5.48627452066068,-6.17684752895714,-4.52902337001186,-1.91971117382926,-2.33571086527362,-1.52526707937259,-3.56812198310733,-4.03049673414961,-3.08448115803952,0.717419760423163
2016-09-22,1.8942943248,1.52437326655243,1.84355256959055,1.21367704584928,-3.47175928192666,-4.06208064392389,-2.77810215997858,-5.48627452066068,-6.22944019476098,-4.56652152148368,-1.91795955494301,-2.37333361386045,-1.56344139898868,-3.57226097615824,-4.03705539222568,-3.11368368285969,0.546172530726664
2016-09-23,0.13048340988,1.54085961701563,1.93505312638429,1.29442276585131,-3.5129900594183,-4.27428473566876,-2.96301304377966,-5.55686205440885,-6.48787815286575,-4.78808694293512,-1.94325966709323,-2.50084796350321,-1.67579544750986,-3.58685745379674,-4.24037090129474,-3.23459866905357,0.50240466145402
2016-09-26,-0.81787154813,1.52526029231452,1.82597375292098,1.254053139071,-3.47852928645398,-4.02612221116155,-2.8657509398087,-5.48627452066068,-6.20304771706145,-4.65376034861215,-1.92229279323758,-2.34933078727023,-1.61747041694326,-3.57226097615824,-4.03705539222568,-3.1693163655726,0.492286185345248
2016-09-27,2.1209770259,1.5210668439928,1.84210979010989,1.28748982770968,-3.47126407442914,-4.07137218778177,-2.95018461469898,-5.48627452066068,-6.25616117679012,-4.75596893141053,-1.9185447540437,-2.37289193041385,-1.67857610764134,-3.57226097615824,-4.03705539222568,-3.24205192349569,0.478705973395715
2016-09-28,1.5451348469,1.5451199874096,1.97891704751092,1.35848190288631,-3.52870755095891,-4.38437982405997,-3.10420031464982,-5.57501483060625,-6.64662324793971,-4.97431513491842,-1.95393153568056,-2.55792945099704,-1.75942705900134,-3.59665153087313,-4.31892585918853,-3.33516607984137,0.887702504133025
2016-09-29,0.039820446,1.55049244482081,1.90815059300654,1.40721975187711,-3.54147697923928,-4.21861822222271,-3.21689212339334,-5.57501483060625,-6.42809391933733,-5.21720083622463,-1.96265438888527,-2.46098908928035,-1.82755206462305,-3.60155069884521,-4.15227724294917,-3.43085463262264,1.77577524658933
2016-09-30,0.99632109032,1.5376338064295,1.79109103392301,1.35737154004607,-3.50942958067469,-3.97498716744115,-3.10285228576006,-5.55686205440885,-6.12573466653837,-4.97431513491842,-1.94274258121074,-2.30197607757111,-1.75868124380222,-3.58685745379674,-4.01070033924444,-3.33516607984137,0.421972160814212
2016-10-03,-0.068075145191,1.52404735025748,1.82769026497499,1.34963882581382,-3.47369308370772,-4.07560863677107,-3.10349570079773,-5.48627452066068,-6.25616117679012,-4.97431513491842,-1.92379544750037,-2.37071887515407,-1.75594531555357,-3.57226097615824,-4.03705539222568,-3.33516607984137,0.691208777446149
2016-10-04,-0.32387599504,1.51023774543992,1.81172904843809,1.30489897291232,-3.44277199631284,-4.03968541877814,-3.00062018941899,-5.41944876535041,-6.22944019476098,-4.86659292081863,-1.90611915668628,-2.34677274966104,-1.69657452074932,-3.53878945972507,-4.03705539222568,-3.26468461209515,0.636887705186793
2016-10-05,1.2385645599,1.49707106283553,1.81317960754642,1.27497609064751,-3.416049675633,-4.0410077230307,-2.92719012086407,-5.41944876535041,-6.22944019476098,-4.74540492634477,-1.8916161378182,-2.34509216491958,-1.65306921690718,-3.51088402023739,-4.03705539222568,-3.20887030289133,0.375279870912169
2016-10-06,-0.31976881892,1.49539299717973,1.83570590193517,1.3010081054985,-3.41465507567558,-4.09808915104818,-2.98506696434952,-5.41944876535041,-6.33953810151026,-4.83228688790854,-1.89141829712322,-2.37917827540086,-1.68751702733683,-3.51088402023739,-4.05007233989765,-3.25333169437807,0.585830880362491
2016-10-07,-0.26495259381,1.4823607683147,1.80794033654156,1.27166482352769,-3.38736098334165,-4.03033010316199,-2.91343525117761,-5.37055088273952,-6.20304771706145,-4.70391331100682,-1.8749012054569,-2.33529649952219,-1.64542179293996,-3.48362731185655,-4.03049673414961,-3.19797745476209,0.47819825375135
2016-10-10,0.27161288017,1.47030512878708,1.80165557919735,1.23888060706867,-3.35875562035234,-4.0204259739592,-2.83750873368373,-5.33888938192698,-6.20304771706145,-4.6437936857467,-1.85617025173425,-2.32770249244789,-1.59952078731176,-3.46140310327582,-4.03049673414961,-3.14821118710991,0.332351245645293
2016-10-11,-1.2724097373,1.4544084544912,1.79230100722241,1.20081621039631,-3.32399581028112,-3.9967185626873,-2.74755080792034,-5.29244189599147,-6.17684752895714,-4.53842377821917,-1.83379924506317,-2.30985189199091,-1.54466901388244,-3.43952190342818,-4.02387268429923,-3.10343143575952,0.659569787996291
2016-10-12,0.37184115517,1.46417917161064,1.8532981505586,1.25137213103099,-3.34851809081683,-4.13850029994207,-2.86195308407358,-5.33888938192698,-6.39807219585132,-4.65376034861215,-1.85069054151048,-2.39544562341196,-1.61463297579031,-3.45260589656311,-4.07657770383267,-3.1693163655726,0.459910135823864
2016-10-13,-0.57667637775,1.45081683339073,1.79343510730379,1.21622726975871,-3.31628234126672,-3.99734601353823,-2.78085249928824,-5.29244189599147,-6.17684752895714,-4.56652152148368,-1.82966196348346,-2.30795526218624,-1.56572125257478,-3.43085463262264,-4.02387268429923,-3.11368368285969,0.8033202337978
2016-10-14,-0.76210688794,1.44365136787387,1.04922181257979,1.20610605666607,-3.29978206701589,-2.4093794561072,-2.75779435152762,-5.27715604395846,-4.10371534787814,-4.55712339683508,-1.81966873628781,-1.33531973367165,-1.55186263899863,-3.42222868773968,-2.89644060144464,-3.11026981737121,0.463666810777954
2016-10-17,-1.216341013,1.44124047929361,1.04361176183965,1.21127299273267,-3.29332854427601,-2.40841400856522,-2.7705792959529,-5.26204297962519,-4.10371534787814,-4.55712339683508,-1.81619613231154,-1.32754601679645,-1.56002173733412,-3.41794029606524,-2.89344696357858,-3.11026981737121,1.13432012639692
2016-10-18,0.57814133706,1.45172530636219,1.09970019218865,1.25326303287373,-3.31557574086796,-2.54648974680439,-2.87040237030551,-5.29244189599147,-4.30284239483773,-4.66369100589167,-1.83094895797686,-1.40719375302754,-1.61952076313423,-3.43085463262264,-2.96635113946653,-3.1693163655726,0.523595843740482
2016-10-19,0.0048920686822,1.43879526485617,1.04883014198374,1.22899274315643,-3.28715110710968,-2.42014049323095,-2.81214889514587,-5.26204297962519,-4.1105637392,-4.60462212834785,-1.8127752742186,-1.33503293569119,-1.58486479962242,-3.40518334386127,-2.8989363627263,-3.13428179111674,0.538835205487371
2016-10-20,-0.90131957095,1.42479577774445,1.76666580564437,1.18803657357029,-3.25392558379465,-3.93122575767978,-2.71921341377332,-5.23198841205789,-6.076308477225,-4.53842377821917,-1.79109724613858,-2.27324682099804,-1.52829292799773,-3.38007880854909,-3.98467475173925,-3.08971315152451,1.57849064438467
2016-10-21,1.069947675,1.42856395819266,1.79701146213267,1.19948879796564,-3.25742295849456,-4.00002191657628,-2.75758586677771,-5.23198841205789,-6.17684752895714,-4.55712339683508,-1.79386555328797,-2.31450361630038,-1.54910071529955,-3.38423403044503,-4.02387268429923,-3.11016796069033,0.651733116916845
2016-10-24,2.3321408074,1.4278630935928,1.69345861169067,1.21026747980236,-3.25230593079086,-3.92488201257152,-2.79231887002898,-5.23198841205789,-6.076308477225,-4.57591177254392,-1.79071657322252,-2.21059907076716,-1.5677075195473,-3.38007880854909,-3.89153425358429,-3.12046496032478,0.792501136300233
2016-10-25,-0.34721807915,1.46787065093124,2.01262932058595,1.31644908015992,-3.34534749630985,-4.50415518095866,-3.03642862892736,-5.32320776912598,-6.85946319230484,-4.91368659979745,-1.84905083080373,-2.61046165130783,-1.71582269467284,-3.45260589656311,-4.41981771619466,-3.29561235485,0.887261192346593
2016-10-26,-1.5074594698,1.45551366143494,1.80938506388619,1.28635968278357,-3.31984102505255,-4.03403190735773,-2.96293467372197,-5.29244189599147,-6.20304771706145,-4.78808694293512,-1.83210725893109,-2.3306226586836,-1.67231474036271,-3.43517798790324,-4.03049673414961,-3.23459866905357,1.2785686305736
2016-10-27,-0.51422944607,1.47335990020143,1.88657868269095,1.3505171011719,-3.36192733942649,-4.21472887913633,-3.10867619715811,-5.33888938192698,-6.42809391933733,-4.98669042026159,-1.86021108049724,-2.44110724928425,-1.76128305357327,-3.47026097369696,-4.13822229936033,-3.34320205801505,1.33449444325902
2016-10-28,-5.1371034753,1.46312067591612,1.80325806127972,1.32880294047754,-3.34193007070416,-4.0222391051115,-3.05436426739727,-5.32320776912598,-6.20304771706145,-4.92562826435064,-1.84756423930391,-2.32539121520258,-1.72902681207097,-3.45260589656311,-4.03049673414961,-3.311356807916,2.28471868235116
2016-10-31,1.7389736193,1.69172657707038,4.44079689669035,1.5150387099522,-3.99856921774519,-10.2080389757446,-3.73583558360435,-6.16461524597294,-11.3021615145,-5.77937160038627,-2.15945582145531,-5.9687409848113,-1.99165431579459,-3.81501190492271,-8.67738407752667,-3.63083937418697,1.03086018496113
2016-11-01,-0.55835506828,1.69955030369498,2.86404420408258,1.57286447525349,-4.01201815866326,-6.52482149429916,-3.87419418646521,-6.19035790465952,-9.04209123196538,-6.01840538266593,-2.17063251553262,-3.7947183908496,-2.07308531530682,-3.82627032066246,-5.86183998212653,-3.71733333377188,1.52350058247128
2016-11-02,-2.5273424072,1.68852120670474,2.03977415158248,1.53361340189754,-3.97889372968208,-4.60737369741999,-3.78726620296339,-6.1392054861407,-6.94406174611167,-5.86183998212653,-2.14849642572572,-2.64930849518152,-2.02067562128661,-3.7931588316802,-4.480883707152,-3.65579565379228,1.91650521781132
2016-11-03,0.19201630184,1.73592179999566,2.32651325905683,1.66096371095637,-4.08598183201882,-5.27853744698342,-4.09589856431831,-6.24251413165,-7.92875650431,-6.32431741003924,-2.21747390688619,-3.04202140801776,-2.20088115321506,-3.89187067311388,-4.9229778465121,-3.86236589922028,1.65464933779065
2016-11-04,-1.5618685058,1.7139676589664,1.93145788135221,1.60179130702337,-4.0404886404771,-4.35506524559695,-3.95143645377592,-6.21627951139398,-6.59254310850429,-6.11437108962759,-2.18817937632329,-2.49918375264572,-2.11590164752431,-3.83935447494724,-4.23169974589609,-3.76175353184704,1.65892993926432
2016-11-07,3.9573538175,1.72374633850403,1.97914256963528,1.65304430766721,-4.06098598301505,-4.46349421956944,-4.07473651401949,-6.21627951139398,-6.75967943191231,-6.24251413165,-2.20347745479965,-2.56597615681813,-2.18717838766147,-3.87405450035739,-4.32561726163899,-3.83935447494724,1.32812836467734
2016-11-08,0.35926770543,1.83178013013231,3.05027772106015,1.83875384959745,-4.2932631739264,-6.9454409047197,-4.52808743358203,-6.46962444100676,-9.3366658264087,-6.83212414917778,-2.34683589107538,-4.02847122613612,-2.45026129213925,-4.03685776722248,-6.19035790465952,-4.14457182086736,1.04409343303103
2016-11-09,-2.0145985402,1.80720555999587,2.07285925828281,1.77195007780101,-4.24420570070769,-4.68179417445353,-4.36738522984367,-6.44018042912933,-6.98290913402881,-6.59254310850429,-2.31195288640564,-2.6915593395898,-2.35589756035279,-4.02372728221115,-4.51782548023316,-4.03685776722248,4.63581450730718
2016-11-10,-3.8218375914,1.82946244498806,2.13272068652688,1.85433589094446,-4.29015241244723,-4.82553425820259,-4.56337614441896,-6.46962444100676,-7.19040172424444,-6.83212414917778,-2.34705637089446,-2.76874228012897,-2.46965884373867,-4.03685776722248,-4.56476070434398,-4.18007032789789,14.5045735365636
2016-11-11,-0.45394541876,1.94018709528571,3.24061921265442,2.05750648897214,-4.53041508195444,-7.40968946535618,-5.04563051948247,-6.83212414917778,-9.660448188745,-7.46595956610833,-2.50203806380092,-4.30770284430077,-2.75853556036778,-4.23744552707826,-6.52980999389028,-4.56089131313073,4.6744272974189
2016-11-14,-2.6982043545,1.91782844667218,2.17033412486976,1.98468558909062,-4.48123489693414,-4.91197120300335,-4.87805783062405,-6.83212414917778,-7.19040172424444,-7.19040172424444,-2.4676626670076,-2.83426488870895,-2.65811611283124,-4.17856514833277,-4.64727330126503,-4.486726732221,4.69622916745355
2016-11-15,3.3612861056,1.96571194890314,2.4131698676006,2.11488905355119,-4.57709538540693,-5.48479063878831,-5.18604197456173,-6.83212414917778,-7.99503243213077,-7.73992562397209,-2.5383892015752,-3.16087166847179,-2.84298439915165,-4.2843352196683,-5.03868393068851,-4.65720432101319,3.23405303861269
2016-11-16,0.43727463544,2.03069353147452,2.74124055261437,2.27836926364751,-4.70550168678165,-6.2599191364912,-5.56905695092671,-7.02256400135,-8.76605820212759,-7.99503243213077,-2.63423038929267,-3.59982008498105,-3.06727372219403,-4.45089805156912,-5.64567407048165,-4.92788899722484,2.49675676744825
2016-11-17,1.3275462499,1.99937102333804,2.10231969104517,2.1886834884736,-4.64499015745955,-4.76171369477387,-5.35391983086645,-6.94406174611167,-7.1469249429,-7.99503243213077,-2.59058114381555,-2.72554046069451,-2.94106096844288,-4.3647364148729,-4.54224923980361,-4.7590188988186,1.33309342063533
2016-11-18,0.49709148607,1.98396329122086,2.04194064094286,2.16362615670658,-4.61172345393919,-4.62106384996548,-5.28937050963029,-6.94406174611167,-6.94406174611167,-7.92875650431,-2.57277525738383,-2.64171130888987,-2.90362577991352,-4.34007871732212,-4.45089805156912,-4.69707429826461,0.867610215123789
2016-11-21,2.6099768469,1.95674899710914,1.99092257800405,2.08370041020399,-4.55635708479854,-4.49674321847498,-5.09883828044886,-6.83212414917778,-6.83212414917778,-7.6250365465,-2.53393917230476,-2.57518871010899,-2.79310450614969,-4.27656022072133,-4.34007871732212,-4.57962046492842,1.44279278652987
2016-11-22,0.68333333329,1.98716494637709,2.17927806458456,2.17924727231855,-4.60881938332537,-4.93885306494027,-5.3326418782916,-6.94406174611167,-7.23297285608868,-7.92875650431,-2.57524521750819,-2.83191207596641,-2.92805428470822,-4.34007871732212,-4.64727330126503,-4.74849832749653,1.52136097244061
2016-11-23,-0.66341537959,1.96333425157822,2.01493775405411,2.10557435797409,-4.55601913758709,-4.5550042905288,-5.15999848729907,-6.83212414917778,-6.83212414917778,-7.68158047993636,-2.53900775595939,-2.60863524399836,-2.82777665862236,-4.2843352196683,-4.41567892892404,-4.64727330126503,0.945682655548544
2016-11-25,0.032046351953,1.94216572695486,1.9946017325382,2.05114376583547,-4.51315631596732,-4.50565755992104,-5.02598593988895,-6.83212414917778,-6.83212414917778,-7.41625079426939,-2.51197952863597,-2.58204165411106,-2.75101840560357,-4.24585115353275,-4.34823688461296,-4.54224923980361,0.426253236203725
2016-11-28,-1.7427630485,1.91679696959777,1.97085589468686,1.97348511436861,-4.45999968165401,-4.44935306780065,-4.839663578317,-6.75967943191231,-6.7247946580697,-7.19040172424444,-2.47535272445463,-2.55155819320654,-2.64502534804217,-4.1723711701159,-4.31593002265091,-4.46879595730842,1.67087991461409
2016-11-29,-0.55427311963,1.92398419055929,2.06558120392973,2.01677082268511,-4.47249786982823,-4.67393151871182,-4.94144542290704,-6.75967943191231,-6.98290913402881,-7.23297285608868,-2.48945951969436,-2.6782014240826,-2.7031014615854,-4.21590573974249,-4.48690221382,-4.53287742106615,1.04251099348841
2016-11-30,-1.5671720086,1.90355415000777,1.98755353021044,1.96173093910317,-4.4288569136632,-4.48944451074288,-4.80528400531136,-6.69069412885821,-6.83212414917778,-7.19040172424444,-2.46279425988021,-2.5728060546272,-2.62418680193103,-4.15821243158133,-4.34007871732212,-4.43318333150097,1.37189733614146
2016-12-01,-0.92196597234,1.90652973273973,2.04431381928,1.98887697249774,-4.43053913221079,-4.62422978107165,-4.87006726734509,-6.69069412885821,-6.94406174611167,-7.19040172424444,-2.46884284110215,-2.64881710051324,-2.66135630027429,-4.1723711701159,-4.46879595730842,-4.47782861093881,2.06487933607703
2016-12-02,-0.44510186262,1.89321765547925,2.00188996234125,1.95867804352375,-4.39968991425896,-4.52683550259969,-4.79622291774554,-6.62474614978551,-6.83212414917778,-7.1469249429,-2.4518213705612,-2.59034502443729,-2.61751553181958,-4.13732140408115,-4.3647364148729,-4.43318333150097,2.3902333210902
2016-12-05,2.5690898778,1.8724789140313,1.96795556561745,1.90311513026478,-4.35421365249111,-4.44252476666658,-4.65477994973751,-6.59254310850429,-6.7247946580697,-6.98290913402881,-2.42584934414474,-2.54499053740401,-2.53791019100526,-4.1032320880743,-4.30001844389369,-4.2843352196683,1.59614869559907
2016-12-06,0.70585756421,1.90159767483173,2.15632915240988,2.00102313898891,-4.4098294447653,-4.88265789513923,-4.8973321819794,-6.65743106925588,-7.19040172424444,-7.19040172424444,-2.46556164924208,-2.80171790990331,-2.67679329600789,-4.15821243158133,-4.60823678715668,-4.48690221382,1.59400059608692
2016-12-07,0.74537085475,1.88242027586973,1.98921241261311,1.94383134889403,-4.3632390836134,-4.4958494055678,-4.75984654387561,-6.59254310850429,-6.83212414917778,-7.1469249429,-2.43691404748773,-2.57521047082133,-2.59892712998368,-4.10997123843105,-4.34007871732212,-4.38991284984692,1.2005826446622
2016-12-08,-0.40107993045,1.86205391883246,1.96402781553899,1.89456407369321,-4.31817094591987,-4.42792992244269,-4.63421921841942,-6.52980999389028,-6.65743106925588,-6.94406174611167,-2.4116070909235,-2.53762031295702,-2.52827824086247,-4.0964952040528,-4.2843352196683,-4.27656022072133,1.23539828454263
2016-12-09,0.1733282943,1.84342128003729,1.94380938790337,1.83899358639363,-4.27345377053436,-4.37827637187575,-4.49651160266728,-6.46962444100676,-6.62474614978551,-6.83212414917778,-2.3858114544818,-2.51552892787408,-2.45049799454931,-4.05017491580428,-4.261106892363,-4.13732140408115,0.559224990900388
2016-12-12,-1.1110243801,1.82394932683014,1.92743949197187,1.77310459693267,-4.22432240128145,-4.33975470875838,-4.33679789882082,-6.41110720296842,-6.56091077441831,-6.56091077441831,-2.35571203034886,-2.49371677415168,-2.36086925468829,-4.03088209957423,-4.21590573974249,-4.03088209957423,0.912936314430477
2016-12-13,1.8707572488,1.81655684823621,1.96339448238343,1.77421593576541,-4.20689436018223,-4.41922965959997,-4.3356971457285,-6.41110720296842,-6.65743106925588,-6.56091077441831,-2.34850447242432,-2.54209120997638,-2.36003872308212,-4.03088209957423,-4.2843352196683,-4.03088209957423,1.22732094396539
2016-12-14,-0.71286514958,1.82289890081952,2.01301295632637,1.8217662637026,-4.21557748822772,-4.54030565885612,-4.45553822208088,-6.41110720296842,-6.83212414917778,-6.7247946580697,-2.35693936646235,-2.61343572417618,-2.42843574908572,-4.03088209957423,-4.43318333150097,-4.1032320880743,2.13888953781905
2016-12-15,-1.0171431545,1.80802475084584,1.94670964932112,1.78906905779122,-4.1812943772669,-4.38200660721372,-4.37028685659782,-6.41110720296842,-6.62474614978551,-6.59254310850429,-2.3393542344028,-2.52136298622661,-2.38045395224187,-4.02442248083487,-4.26882031889159,-4.05017491580428,1.06592808853615
2016-12-16,-0.42444152432,1.80113508817647,1.95401950299053,1.77847683148279,-4.16197888270146,-4.39591626128893,-4.34800893046772,-6.41110720296842,-6.62474614978551,-6.59254310850429,-2.32837433671905,-2.52848844021153,-2.36627131520199,-4.02442248083487,-4.27656022072133,-4.03088209957423,0.644265393673362
2016-12-19,1.0860815288,1.78371763728176,1.91983411679846,1.73015184864524,-4.12053281109952,-4.30968946339109,-4.22559677115511,-6.35284867767949,-6.52980999389028,-6.41110720296842,-2.30599940815995,-2.4849476289675,-2.29739495560343,-4.01789746305649,-4.20850872497607,-4.01138210861027,0.957469506631766
2016-12-20,0.68146214107,1.77361610297634,1.91940075819372,1.714155426724,-4.09150143014011,-4.29303166768847,-4.18742339706029,-6.29641626713625,-6.46962444100676,-6.41110720296842,-2.29044579433755,-2.48906411907242,-2.27711301673747,-4.00487617044508,-4.21590573974249,-3.98554125555281,0.46801392776806
2016-12-21,-0.080392106065,1.75891353317741,1.89663283899195,1.67018752973734,-4.05056206807013,-4.25673087973905,-4.0803179837652,-6.21627951139398,-6.44018042912933,-6.24251413165,-2.26756532064263,-2.46284528952789,-2.21863871208501,-3.97875021368881,-4.15821243158133,-3.91028363924803,0.509545528132895
2016-12-22,-0.55281598743,1.73916702356034,1.8896377900482,1.61578790485512,-4.004366388252,-4.23530810992606,-3.93818033660826,-6.19035790465952,-6.44018042912933,-6.06575561203483,-2.24366877414944,-2.44800155123675,-2.1400355323476,-3.9472076538381,-4.13043227156122,-3.78915452383333,0.622538229443073
2016-12-23,-0.75031970155,1.7239424825607,1.88656530128303,1.58349033518808,-3.95223334735964,-4.23206301496408,-3.85159244397805,-6.11437108962759,-6.44018042912933,-5.99496911726848,-2.22632509853712,-2.44795513932368,-2.09261478509312,-3.9224703202148,-4.13043227156122,-3.75635060746536,0.370242624006754
2016-12-27,1.4212650707,1.71397676054304,1.88751101048326,1.56552182438229,-3.90588294389276,-4.22846616729999,-3.80575114150464,-6.04187885255667,-6.41110720296842,-5.86211108737449,-2.21289935192859,-2.45081626600199,-2.06732820231919,-3.90423920232643,-4.13732140408115,-3.71365287688981,0.517649830735556
2016-12-28,0.09463313454,1.71243156165681,1.91421981121124,1.58788856094467,-3.88880218737183,-4.29359583942557,-3.86600189619683,-6.01840538266593,-6.46962444100676,-6.01840538266593,-2.20886715488983,-2.48854829147752,-2.10061207551839,-3.90423920232643,-4.21590573974249,-3.76728146931316,0.935709069040475
2016-12-29,-0.90399285091,1.69344095826025,1.86471178057531,1.53429317920447,-3.83475849073716,-4.17888751666014,-3.72530205441991,-5.94932557610532,-6.41110720296842,-5.72168137239905,-2.16892198043134,-2.41952354438584,-2.02293943781486,-3.83396399358425,-4.1032320880743,-3.66735026792601,0.639837944580103
2016-12-30,-1.9969940534,1.68575401309196,1.73787259997259,1.53240991618726,-3.81935887507077,-3.54084745615018,-3.71698331201271,-5.92693096574,-5.57240906507522,-5.72168137239905,-2.14475098635067,-2.06000509907125,-2.01885987253647,-3.79466741241639,-3.69290404225755,-3.66227299920463,0.866741224108105
2017-01-03,0.50675450402,1.71172012539819,2.10034967838976,1.62107349921287,-3.87621718984896,-4.29142420382897,-3.9441850652046,-6.01840538266593,-6.46962444100676,-6.06575561203483,-2.17507662002239,-2.52595034792713,-2.14346929458232,-3.83967912198694,-4.26882031889159,-3.79466741241639,1.27697199435444
2017-01-04,0.46572107167,1.69469328373032,1.81842828255649,1.57537312947566,-3.83852187901271,-3.6911416401029,-3.82560287470794,-5.94932557610532,-5.72168137239905,-5.94932557610532,-2.15263291197922,-2.16532025001968,-2.07873222075905,-3.8113520698402,-3.82261494600238,-3.7348120791071,0.650741687424371
2017-01-05,3.0732454636,1.67821284526608,1.8446005219762,1.52898843451858,-3.80053562426163,-4.11963487527457,-3.70831381604643,-5.86211108737449,-6.35284867767949,-5.72168137239905,-2.12451119788977,-2.39558466909242,-2.01363485120899,-3.7727537662967,-4.06979178641457,-3.65720323163846,0.963361155506795
2017-01-06,1.9911589467,1.74140118609999,2.37760628927892,1.66951059345627,-3.93622462226872,-5.34058063151072,-4.07176963834576,-6.06575561203483,-7.92875650431,-6.24251413165,-2.20756624012043,-3.13521577830601,-2.2131951587274,-3.90423920232643,-5.01343587921933,-3.90423920232643,0.8203039404052
2017-01-09,0.1168356388,1.75665183578578,2.15981741911637,1.73145031662298,-3.96263721901241,-4.8464066592228,-4.23362010727502,-6.11437108962759,-7.19040172424444,-6.44018042912933,-2.22311966888422,-2.81904016533729,-2.2960048321752,-3.91827585977148,-4.62455713955189,-4.02004811369425,0.850189077371691
2017-01-10,-0.1279927722,1.73653316619663,1.89192538579552,1.67236840065988,-3.91979142593988,-4.1867571000346,-4.0827926004718,-6.06575561203483,-6.41110720296842,-6.24251413165,-2.19692274616823,-2.44889401247376,-2.21152274637919,-3.87025069017789,-4.1334872689041,-3.90610022842832,0.631583929560457
2017-01-11,0.3920090463,1.72125262091879,1.83373658405003,1.61427473299597,-3.87868963461183,-4.06737267256714,-3.94405039741837,-6.01840538266593,-6.24251413165,-6.06575561203483,-2.17091392239896,-2.36738105895455,-2.13372544317752,-3.8412469364769,-4.03980003487985,-3.78498411814467,1.11600024379741
2017-01-12,1.8297414332,1.70436978415333,1.82497102230241,1.56245634181303,-3.83869134737182,-4.0103616738809,-3.81574693143591,-5.94932557610532,-6.19035790465952,-5.92693096574,-2.14703658827302,-2.35181758990098,-2.06208984389272,-3.80159925533468,-4.03980003487985,-3.69903991364589,1.28871511057603
2017-01-13,0.43016567524,1.71168017111546,1.93285389592511,1.6222804145409,-3.85868391720534,-4.2545645087826,-3.96345224882239,-5.99496911726848,-6.44018042912933,-6.11437108962759,-2.15951373300169,-2.50292915908733,-2.14423181602742,-3.82410846827577,-4.24202298010131,-3.79604209192148,0.707157551445422
2017-01-17,-0.90804513311,1.69393761443184,1.84172757082935,1.57298520755324,-3.81986719177874,-4.09945853959024,-3.8372974424305,-5.92693096574,-6.35284867767949,-5.94932557610532,-2.1350564194063,-2.38213315258247,-2.07420609675134,-3.79050616799365,-4.05277320485078,-3.72527524991383,1.29854584977533
2017-01-18,-0.27663883802,1.68580386435474,1.86041276401374,1.56977858876669,-3.80536671899305,-4.14205509335458,-3.82585444431509,-5.86211108737449,-6.3816959787013,-5.94932557610532,-2.12702940485861,-2.4076754396612,-2.06791720083312,-3.77403767638411,-4.09935256262369,-3.71470284480351,0.781491190321223
2017-01-19,0.19319363946,1.66963147510662,1.68651975128659,1.52441652161893,-3.77028159529817,-3.41928553120138,-3.71001823444297,-5.820561885957,-5.41831036010656,-5.72168137239905,-2.10536965255152,-2.00169078455724,-2.00356890898523,-3.76854308168746,-3.65297360655908,-3.65297360655908,0.646111672128439
2017-01-20,-0.087758330847,1.65363137940202,1.64493061362703,1.47164689731331,-3.73135780724199,-3.30552238469051,-3.57905329785117,-5.74086844422404,-5.30713608518295,-5.60872759998649,-2.0826962204034,-1.9417298449823,-1.93105232282321,-3.73594411522104,-3.5980124899503,-3.58817741294053,0.722900297630523
2017-01-23,1.181448171,1.6357412937821,1.62086740028434,1.42443066198984,-3.69485265425777,-3.23508399567536,-3.45406866731221,-5.72168137239905,-5.23134673477463,-5.41831036010656,-2.06001454539126,-1.90576149298462,-1.86325012957178,-3.69387530762776,-3.55418891653536,-3.49365912606564,0.661905194152244
2017-01-24,0.55753900324,1.62882057171147,1.70414695402347,1.43724437289394,-3.68239272810768,-3.4250918251367,-3.45674105599868,-5.72168137239905,-5.41831036010656,-5.41831036010656,-2.05100345572615,-1.9950685306767,-1.87986589169791,-3.68360074074263,-3.64284139437095,-3.51193645329463,0.552636411341309
2017-01-25,1.7119789893,1.61637782112203,1.65240165478217,1.39862788718755,-3.64856742074243,-3.30094902138141,-3.3894415466969,-5.66453726510185,-5.29173720092538,-5.3698309822824,-2.0319419189389,-1.92962847174781,-1.82892268382691,-3.67846506053219,-3.58817741294053,-3.45324949143379,0.558800777969822
2017-01-26,0.3143977432,1.62446743132059,1.83133823362284,1.45921342724475,-3.66887717767984,-3.66667988802505,-3.54078501214061,-5.70239787290283,-5.70239787290283,-5.57240906507522,-2.04257928576411,-2.15587194195707,-1.91246191261606,-3.68360074074263,-3.81843601704694,-3.56378133475802,0.545002788059993
2017-01-27,-0.40278853621,1.6071393629068,1.66592152018672,1.41275507425333,-3.63245867776022,-3.31987141792175,-3.36278555460399,-5.66453726510185,-5.30713608518295,-5.35393343276587,-2.01958206348319,-1.94900226423159,-1.84606155917508,-3.66313138954303,-3.60790268723443,-3.47106287718402,0.805339521998085
2017-01-30,-0.64491427047,1.59311275432584,1.62089816213976,1.38062221792116,-3.60373015106827,-3.24311423087311,-3.18358847054512,-5.64567407048165,-5.23134673477463,-5.15814861429209,-2.00080169191503,-1.92099174892328,-1.79822060876059,-3.65297360655908,-3.58817741294053,-3.41404500589362,1.00081804173941
2017-01-31,-0.83094486854,1.5826615425995,1.66981843938232,1.36707394209762,-3.58384871615802,-3.33953461758918,-3.15042884046825,-5.60872759998649,-5.32253621618203,-5.04993339334694,-1.98864843022213,-1.96563677359958,-1.77791004569822,-3.63279891346261,-3.61781225424307,-3.38849997466859,0.654320448512138
2017-02-01,1.0771360565,1.57905056081852,1.68634570548222,1.36466562959945,-3.56955678672406,-3.39719410751682,-3.15592424259624,-5.59571736272973,-5.38879739340976,-5.05017646623562,-1.97583772780988,-2.0019889578951,-1.77887992787129,-3.62357812265015,-3.64877153512377,-3.38423240307559,0.848887093334496
2017-02-02,0.91307743151,1.5718458230314,1.67796712135831,1.37191875879015,-3.55590542966683,-3.39306435122454,-3.17127266380694,-5.59571736272973,-5.38879739340976,-5.11705684649858,-1.96801695699533,-2.00145892719649,-1.78779388938811,-3.61858277551818,-3.64877153512377,-3.39696093538598,1.10582959756216
2017-02-03,-3.5418774927,1.56193685869256,1.77681691185541,1.36415027082743,-3.53542055163545,-3.91350927027886,-3.15230089258407,-5.57739088930268,-6.0534230559382,-5.05017646623562,-1.95496604964356,-2.28265447582425,-1.77479065574734,-3.60367883719129,-3.99652264301407,-3.3800207051288,1.71861877674561
2017-02-06,-0.31597136531,1.68481793509065,3.21066691622216,1.52882181554575,-3.80419162798411,-7.23273690442317,-3.71311463898122,-5.87084991557835,-9.54521856726191,-5.72848172452212,-2.11850890127008,-4.24098729788033,-2.00916225301118,-3.77176401336678,-6.45944712747432,-3.65048769100957,0.481110687023049
2017-02-07,0.60175325652,1.66987072113031,2.06967470014006,1.48511449185301,-3.76804169307802,-4.59435335161268,-3.60467716963852,-5.82870448327374,-6.93709382116167,-5.65151878639722,-2.09526545014966,-2.67240528402694,-1.9491725663322,-3.76625875333344,-4.49261121009848,-3.60534861048559,0.500900018487404
2017-02-08,0.88738461527,1.65765839058016,1.81902221099679,1.44368656890295,-3.73410535018958,-4.02945308530558,-3.50602676005055,-5.76767937332549,-6.20452553300964,-5.54152112469211,-2.07192011340554,-2.33514815922493,-1.89682289317051,-3.71760493052862,-4.03160821846124,-3.5420205863211,0.443261293436852
2017-02-09,0.20129070035,1.6445310014574,1.79118493863894,1.42957616717893,-3.70851045295266,-3.9641916646247,-3.46836927150001,-5.72848172452212,-6.12716093076744,-5.45523514288908,-2.0589250116761,-2.2949269225471,-1.87512875131968,-3.69145589327025,-4.01836210549846,-3.49550288874157,0.420962268195438
2017-02-10,0.74267069249,1.62622210947987,1.75420880019603,1.38126401243846,-3.67260020079001,-3.87130539057242,-3.34454693536782,-5.70894980739143,-6.02956050078889,-5.32653834508504,-2.03916858417767,-2.23979246511475,-1.8047004797755,-3.67602009130313,-3.94739581672804,-3.41126003192373,0.195798468063883
2017-02-13,1.0961254924,1.61407386624946,1.76150653043628,1.35728851629148,-3.64493966738347,-3.8927232421638,-3.28570627227507,-5.67061289606916,-6.02956050078889,-5.2652718586084,-2.02435266170773,-2.25112150862764,-1.77130651502076,-3.66576546222928,-3.96003516395576,-3.3772764574752,0.466667927482295
2017-02-14,-0.016735801546,1.60545065124323,1.76225537287622,1.36634840424162,-3.62966559171491,-3.87828273057353,-3.30600091335729,-5.67061289606916,-6.02956050078889,-5.29572083511395,-2.01721255432341,-2.24071555145158,-1.78251808869017,-3.66066157943416,-3.94739581672804,-3.39843192614524,0.559134157277968
2017-02-15,0.75443274072,1.59176586571351,1.74068595753259,1.31553920786095,-3.59327598022436,-3.82946387497479,-3.17851200952133,-5.6326719748055,-5.95937805808925,-5.11966842113759,-1.9950829258501,-2.21279836531422,-1.71483015603957,-3.64369180544154,-3.9089987889556,-3.30991566383534,0.503470158214925
2017-02-16,0.17087931647,1.57811863769082,1.74144601327829,1.29822656513096,-3.56736582468936,-3.82947827256301,-3.13307544817805,-5.59571736272973,-5.95937805808925,-5.01448189063154,-1.98194304580704,-2.21164423196458,-1.68911837324668,-3.63358270134067,-3.9089987889556,-3.27057102330318,0.635103406268294
2017-02-17,0.11017129872,1.56110598824523,1.7306878217617,1.25350057095988,-3.52962060484753,-3.80988513341675,-3.01746664364757,-5.55937749641239,-5.91426819879053,-4.89259763748994,-1.96272566919696,-2.20073922891872,-1.62628858338227,-3.61350413570181,-3.87877181763369,-3.20267294697307,0.323375748314466
2017-02-21,1.3454506729,1.54347240568917,1.70700059367319,1.21083766298769,-3.4926862780114,-3.74962409230006,-2.90586494527822,-5.50622889867845,-5.78768905180297,-4.70588523821932,-1.94368018252149,-2.16322587490938,-1.56584757193014,-3.5985715491991,-3.82630406190378,-3.13075338131924,0.414085379985187
2017-02-22,-0.096912801837,1.54469555447929,1.76404350943709,1.25094099137434,-3.49910834753866,-3.85310664149586,-3.00985381764843,-5.54152112469211,-6.0057441102978,-4.88086312336062,-1.9450682247322,-2.24521187107717,-1.6212576031499,-3.5985715491991,-3.9589183789658,-3.19898046583949,0.43021769379111
2017-02-23,-0.39971482338,1.5281233390845,1.69696440275535,1.21179967851018,-3.46432638845121,-3.69399631693967,-2.90811390326186,-5.43865900935083,-5.72848172452212,-4.70588523821932,-1.91980423462745,-2.15044296682651,-1.56569141228228,-3.58867460233065,-3.81490068451195,-3.13075338131924,0.731175446301292
2017-02-24,-0.81554582903,1.51937443719339,1.69925684035083,1.18392266668095,-3.43266635684141,-3.70724976912343,-2.84234543811384,-5.40624013667295,-5.72848172452212,-4.665376462555,-1.90279176893251,-2.15285915502783,-1.5328815269213,-3.54968366920058,-3.81490068451195,-3.10290436778769,0.583632523075438
2017-02-27,0.40225261473,1.51500218067227,1.71319477360338,1.19872578927536,-3.42864306662543,-3.7198373844994,-2.87628929451294,-5.40624013667295,-5.72848172452212,-4.6754274928581,-1.89531215994836,-2.16663730975371,-1.55203530338252,-3.54012963794913,-3.83779644988201,-3.12376170343229,0.329235115995293
2017-02-28,-0.4242081448,1.50050146826827,1.68194299425804,1.1633592831731,-3.39284626839416,-3.65552694033568,-2.78615602696897,-5.37390287808145,-5.68966717466321,-4.57712290604762,-1.86990884759734,-2.1250187323664,-1.5028113985729,-3.4935973818559,-3.775833596924,-3.0720991184347,0.563921768507481
2017-03-01,0.95143425151,1.48796185633555,1.68132705188791,1.14388949693153,-3.36965978477536,-3.63594067841415,-2.73270746515317,-5.3580504442112,-5.67061289606916,-4.54871317373646,-1.85090224215008,-2.12213013707006,-1.47424786125991,-3.4753887600125,-3.775833596924,-3.04197914674144,0.545284474927309
2017-03-02,-0.48881699249,1.48008549699676,1.70089008007756,1.15339658174696,-3.35630556927364,-3.7181888932737,-2.75593708966546,-5.34224639102857,-5.72848172452212,-4.56761952082421,-1.8388144313596,-2.15058516243928,-1.48651887810421,-3.46638487431022,-3.81490068451195,-3.05195693863149,0.428450239990716
2017-03-03,0.11426417404,1.46902398177738,1.67575311182526,1.1430725669954,-3.33552158918856,-3.59616276195974,-2.72902727078075,-5.29572083511395,-5.6326719748055,-4.54871317373646,-1.82255058167423,-2.11016073142514,-1.4696145251239,-3.45296784702849,-3.775833596924,-3.04197914674144,0.295611579895793
2017-03-06,-0.38476020136,1.4532430658256,1.66133731026048,1.10198032481841,-3.3004577225361,-3.57265124096904,-2.61999297068698,-5.28040976047231,-5.61413017133545,-4.4381977604152,-1.80020674964846,-2.09403884295105,-1.41192858434965,-3.41356048937219,-3.75923753720693,-2.97429505628077,0.353593282560587
2017-03-07,-0.069689703651,1.44078611186958,1.55291619980447,1.08467684469419,-3.27729923347678,-3.1545540764531,-2.57310082647372,-5.2652718586084,-5.03991592900068,-4.34397050462512,-1.78525811687783,-1.81958832299335,-1.38045064254671,-3.40068005076048,-3.44408037054305,-2.95220456388703,0.336285493765327
2017-03-08,0.52953830873,1.42650576874256,1.51307612638909,1.04814402446801,-3.24601039801354,-3.04899996643958,-2.47657684525132,-5.22035742687239,-4.91638075996815,-4.18136609130085,-1.76454005458002,-1.75504454454514,-1.32806720121446,-3.36274974664326,-3.35448873948428,-2.90582690759787,0.475876870512066
2017-03-09,0.29394473841,1.41425569158575,1.50322743971784,1.02499541408366,-3.21777405441051,-3.0143466601182,-2.41581119260847,-5.22035742687239,-4.88086312336062,-4.10416797126518,-1.74586569934605,-1.73616521541701,-1.30318935691575,-3.33813232552883,-3.32600425741089,-2.88153010944008,0.41337465001381
2017-03-10,-0.063305978802,1.39818703056972,1.49229504181942,0.992692334780988,-3.18574638800059,-2.99264850828071,-2.32964753813956,-5.16177093574275,-4.85766951381543,-4.03736977204981,-1.7244045681196,-1.72756722086275,-1.24787408243103,-3.32196433993864,-3.32600425741089,-2.81117147090766,0.270968188417681
2017-03-13,0.24986509616,1.38211398030851,1.48568661400499,0.95984121835012,-3.15458680230911,-2.96874212107387,-2.24036940990285,-5.03991592900068,-4.81246366451687,-3.95256806439667,-1.70347953443217,-1.72162200521588,-1.20101478215396,-3.2979513644597,-3.32196433993864,-2.77711389194893,0.209536135372695
2017-03-14,-0.24105126422,1.36529298005741,1.45428482526776,0.926366298590314,-3.12162559084199,-2.87185215072419,-2.14848251196653,-4.9894916331543,-4.6754274928581,-3.80361247336814,-1.68105255931447,-1.68088501862341,-1.15334131099504,-3.26284372846083,-3.26284372846083,-2.72181940246569,0.275405487941071
2017-03-15,0.051611086928,1.35121419550867,1.41439703863436,0.903610821249784,-3.09432202731589,-2.78964883326579,-2.08491079320725,-4.97709791877895,-4.57712290604762,-3.74285653293824,-1.66396064791217,-1.62182988924274,-1.12101826219475,-3.23997424914436,-3.19898046583949,-2.68185899286168,0.430310632765128
2017-03-16,0.052756837977,1.33449859877953,1.43610301141226,0.868257103690626,-3.06055739191189,-2.84477165801045,-1.99981699667443,-4.92833969477885,-4.665376462555,-3.65389202148885,-1.64559560992553,-1.64926996074436,-1.07098617160038,-3.2174790826104,-3.22869277555024,-2.63769492752042,0.252841507578646
2017-03-17,-0.13006491527,1.31856512005348,1.39563739956094,0.833248683648476,-3.02630241526579,-2.78144876090621,-1.9097706006563,-4.90442173491772,-4.57712290604762,-3.55929236921637,-1.62707749833157,-1.61010558072707,-1.02241039214081,-3.20267294697307,-3.1807129733903,-2.58491075768736,0.230498129764054
2017-03-20,0.54674942221,1.30268054155052,1.36098588691647,0.805172633519965,-2.99485107020728,-2.6795167625736,-1.83325755445025,-4.85766951381543,-4.49261121009848,-3.46190021440055,-1.61043826929917,-1.57648808059644,-0.982788487566623,-3.1807129733903,-3.14842470597443,-2.53877427353753,0.330284254030972
2017-03-21,-1.6068240428,1.29027082631871,1.39396865152588,0.796135727222223,-2.96079333876859,-2.75518058458765,-1.81727845929998,-4.79045772878095,-4.56761952082421,-3.4396626798663,-1.59242655797055,-1.63236797986057,-0.974946494310987,-3.16270199817123,-3.206364799977,-2.52926039888877,1.0625159686072
2017-03-22,0.57637571153,1.32420282282246,1.8224547728844,0.90207559195632,-3.04079383534912,-3.61509277901995,-2.08379814673038,-4.91638075996815,-5.67061289606916,-3.74285653293824,-1.64042518204993,-2.15281117594772,-1.12780409750935,-3.21376439383585,-3.81490068451195,-2.6879226939226,0.911311585675375
2017-03-23,-0.080183005866,1.31061383467173,1.54931261493016,0.891578246480246,-3.01433183000197,-3.07085500723892,-2.05804233415681,-4.88086312336062,-4.95247851703506,-3.68989748817089,-1.63000326090554,-1.82805972009581,-1.11159215409932,-3.206364799977,-3.45296784702849,-2.67743489523451,0.569555804743556
2017-03-24,-0.20887913324,1.29491079889991,1.41200450714196,0.860574980315637,-2.98160974945535,-2.79193935659189,-1.97548500921193,-4.83485660348598,-4.58661949559521,-3.62854374363628,-1.61019044802819,-1.65309391199749,-1.06681873035249,-3.1807129733903,-3.22869277555024,-2.63346340198583,0.504542205159641
2017-03-27,0.14309196904,1.28032108451105,1.355288324395,0.838109540756655,-2.95234419282224,-2.69517439197974,-1.91471096255623,-4.77962118921894,-4.51107353524031,-3.57877818694408,-1.59100319421741,-1.58014425557042,-1.03296559032966,-3.15915785704282,-3.14494479477088,-2.59323802470889,0.732838329944983
2017-03-28,1.0840556435,1.26271036903029,1.29736147353817,0.803257342669505,-2.9158220450461,-2.58956478983788,-1.82158782382318,-4.716147902276,-4.36891589442594,-3.44408037054305,-1.57009947817058,-1.50968532850479,-0.980846051611776,-3.13786865276427,-3.08250855631583,-2.53734709094835,0.738030976213156
2017-03-29,2.140186916,1.26345974619641,1.13214193808086,0.851915114901387,-2.92103897527788,-2.60275640363652,-1.93991139755172,-4.74750917778372,-4.41171249091643,-3.5985715491991,-1.57395652571298,-1.48647827254617,-1.04724076717222,-3.14494479477088,-3.04888871592272,-2.61323934653778,0.522048006804207
2017-03-30,0.23103669118,1.25711052757915,1.0977028785344,0.966592418827523,-2.95522888219577,-2.58974729599338,-2.24805979896452,-4.77962118921894,-4.36891589442594,-3.9589183789658,-1.5862999396041,-1.42870671766208,-1.22264811340732,-3.15202558753968,-2.97153248857677,-2.79195896572739,0.424019721906145
2017-03-31,1.1639318072,1.23470063002155,1.40797197947929,0.928173827700763,-2.922507401252,-3.2620729119165,-2.16798541504326,-4.74750917778372,-5.25013172978182,-3.83779644988201,-1.55942565526113,-1.80717114140466,-1.18094036601218,-3.12039073085311,-3.41356048937219,-2.75548209205458,0.487875149070854
2017-04-03,0.56060640254,1.23779353032616,0.996791580670037,0.974423881230785,-2.92956417745389,-2.33414818275,-2.27994365662131,-4.75816834790877,-4.03736977204981,-4.00416259799046,-1.56553499758205,-1.29677355253508,-1.2377323379558,-3.12735175333147,-2.87910209788457,-2.800457450675,0.741380361063306
2017-04-04,1.7184327713,1.2252330642599,0.961568024128154,0.957260319703043,-2.90643897775179,-2.24704232570478,-2.23798808003376,-4.70588523821932,-3.9589183789658,-3.95256806439667,-1.54659585515839,-1.22707609145101,-1.21931950760812,-3.11932292014044,-2.79901738469112,-2.79333376710126,0.827449708868104
2017-04-05,0.27017191751,1.25166101994534,1.0992016707564,1.0471325207841,-2.95813021703065,-2.58882338727534,-2.458341685595,-4.77962118921894,-4.36891589442594,-4.15274306785167,-1.58476256291442,-1.42104706657945,-1.33697889602105,-3.151016085839,-2.97343777903016,-2.90806295409942,1.57050393815428
2017-04-06,-1.2097483724,1.23397786802939,1.0203525266211,1.01091471354508,-2.93046176866758,-2.39344852673787,-2.36498368121743,-4.75816834790877,-4.07702311409801,-4.04398089768828,-1.55989605877537,-1.31129448942973,-1.28478245783512,-3.12281850752628,-2.88674495208736,-2.85681618768515,1.74856581786785
2017-04-07,-0.37850113549,1.25083193984627,1.63860938629405,1.07587618403309,-2.96144766304085,-3.59307837790608,-2.52774426847631,-4.80141165613293,-5.6326719748055,-4.28753034933153,-1.58534717119303,-2.03112447048445,-1.37619864268028,-3.15457492068273,-3.67955823955818,-2.94822586855319,0.987070783706269
2017-04-10,1.3588414089,1.23974471035396,1.04689564661044,1.05667336483155,-2.9417109904213,-2.45888661048502,-2.47840641956949,-4.76886957313118,-4.15274306785167,-4.19592792013504,-1.56952605233705,-1.34103470882815,-1.34893751001415,-3.14036313395383,-2.91725966938203,-2.91725966938203,1.0649081911158
2017-04-11,-0.51596401481,1.25191473195036,1.09575155975649,1.10978379737589,-2.95907703072454,-2.57770057621891,-2.61464402804515,-4.78538392313452,-4.3464587691729,-4.44128503070591,-1.57645287070624,-1.4047173203031,-1.42542504135271,-3.1459608689059,-2.9685682465583,-2.9717378923925,0.998027450707617
2017-04-12,-0.67932975744,1.24415998652594,1.43478003387631,1.0998482709854,-2.94470098022191,-3.11385062541527,-2.59120660185196,-4.77453458899941,-4.99734503143267,-4.37155776173886,-1.56726062288364,-1.74746058662076,-1.41152898369029,-3.13531200813086,-3.34027197618282,-2.9717378923925,0.529603161174964
2017-04-13,-1.2898474723,1.24116950021635,1.05525416286332,1.1057306390918,-2.93882285672342,-2.47735568978027,-2.6058637074831,-4.76373709177059,-4.19022921481026,-4.41462623169078,-1.56374512997798,-1.35671582792073,-1.41985957309019,-3.12827754393834,-2.91857895575784,-2.9717378923925,0.470958902786116
2017-04-17,1.9577921712,1.2622033160318,1.7544383436179,1.16879742630116,-2.97479731576832,-3.76616408565224,-2.76440604055551,-4.8291870909628,-5.84928838727245,-4.57960331683351,-1.58889595713505,-2.15061689503036,-1.50553359543044,-3.16045342854427,-3.81746946793849,-3.07639132196457,0.526656854718466
2017-04-18,0.19845009374,1.29786514180171,2.17143989263675,1.26954283539466,-3.04763222139019,-4.71525230368857,-3.0065032284068,-4.93541608982645,-7.05779416362632,-4.89908743256835,-1.63725743225605,-2.70820447078852,-1.63740177075,-3.21176239171469,-4.55070884058377,-3.21176239171469,1.04399306606719
2017-04-19,-0.50676049486,1.28009758240836,1.64546558079386,1.22334268431902,-3.01751323650606,-3.53340085374326,-2.93512861655627,-4.91108750935669,-5.57498370717143,-4.77375445029882,-1.61567749800376,-2.01397047467293,-1.61548947047314,-3.1895124068243,-3.66546750399781,-3.1895124068243,0.555332182557258
2017-04-20,0.3180604981,1.27208260723153,1.15850263455426,1.20398452235039,-3.00112547857876,-2.7359653400774,-2.84487667258274,-4.88718338368994,-4.56037181034474,-4.67913189813483,-1.60440856976628,-1.48442291039625,-1.54984828801274,-3.17439804124792,-3.05203157557816,-3.12432284636614,0.713933925089368
2017-04-21,-0.39132651918,1.25700706522236,1.10246454343499,1.15958333351503,-2.96820902481757,-2.59910560919428,-2.74475605864941,-4.8291870909628,-4.40360339498213,-4.56037181034474,-1.58196744918893,-1.40541991556905,-1.49557186967883,-3.14916333639841,-2.97070462457561,-3.062142960675,0.248747240825159
2017-04-24,0.98828085866,1.24639825426844,1.07130667863363,1.13671799343872,-2.94732752400804,-2.52010282838186,-2.68825406227884,-4.78467584547857,-4.28722531478235,-4.52210375007835,-1.56807210158491,-1.36185660378594,-1.46466628576541,-3.14179507094626,-2.92913502036931,-3.03824312849427,0.375069559401009
2017-04-25,0.023142790997,1.24450796679423,1.36231932032494,1.14952891148256,-2.94260324563246,-2.9097823391408,-2.71982585027598,-4.78467584547857,-4.72042250882012,-4.56037181034474,-1.56541113208972,-1.64496849596879,-1.48200310334049,-3.1346837003921,-3.22632762135263,-3.05165218012591,0.372655422565469
2017-04-26,0.18399770834,1.22719110177301,1.60201280308722,1.10187854919556,-2.91628292507511,-3.59617628468714,-2.61403823141383,-4.7308878468578,-5.64953484594815,-4.44806959273663,-1.54477155780166,-2.09302533403125,-1.42833901005118,-3.12054255459351,-3.76135112419203,-2.97657117474837,0.714578052557442
2017-04-27,0.99968106988,1.20909828918152,1.28299547501636,1.06203323798721,-2.88103744753589,-3.07666101956967,-2.51314774079589,-4.68937421372712,-4.97234894340921,-4.26349694935893,-1.52204586646491,-1.65643649905842,-1.37092704148965,-3.09606764605925,-3.23774038436699,-2.95110642329217,0.738546301717972
2017-04-28,0.71974563907,1.20737066796662,1.6255601878555,1.08133386925166,-2.87932448523311,-3.65845269173021,-2.56018747779532,-4.68937421372712,-5.70755465355143,-4.32768007605,-1.52146025079381,-2.12626060037607,-1.39309571190962,-3.09260776366022,-3.77807984458154,-2.963801408133,1.47929277609507
2017-05-01,2.5124595943,1.19726999444142,1.60516576616053,1.07247356104465,-2.85520107873514,-3.60686038079669,-2.53549759243922,-4.67913189813483,-5.66871539289252,-4.30326251919224,-1.50982343499392,-2.09846252223193,-1.37986136985571,-3.08913977684825,-3.77249822464415,-2.95427083366479,1.10352940904366
2017-05-02,-0.13604294318,1.26927509224385,2.07850654191109,1.20449595810323,-3.01774324336206,-4.71069662988283,-2.85936130143003,-4.91108750935669,-7.05779416362632,-4.67913189813483,-1.60466000890512,-2.75447739464549,-1.55742018491674,-3.17790971462854,-4.57960331683351,-3.12761151160697,0.703721050238429
2017-05-03,-0.62411557219,1.25348449459605,1.65659127148955,1.16422770676123,-2.9866621231051,-3.73232553039958,-2.76102254205212,-4.86366400239876,-5.76690579957157,-4.57960331683351,-1.58372918784631,-2.17075024496759,-1.50448503562818,-3.15615493510481,-3.84056058754007,-3.07879889813312,0.687523078491932
2017-05-04,-0.37193288208,1.24721467198172,1.50661459943693,1.16074838923767,-2.97650929682696,-3.27056951232293,-2.750628312053,-4.84056029789571,-5.27645485835615,-4.56037181034474,-1.57745304611109,-1.86663394979908,-1.49962649671833,-3.1525612736637,-3.49803984006856,-3.06516947503024,0.50563548233262
2017-05-05,-0.36052179657,1.23526139627276,1.1826064136032,1.13628218789684,-2.95248315706866,-2.76483241881393,-2.68875375185204,-4.79565087177305,-4.57960331683351,-4.52210375007835,-1.56221394055962,-1.54170722150316,-1.46613497829766,-3.1346837003921,-3.11702454306629,-3.03824312849427,0.413567445251736
2017-05-08,1.5939624256,1.22305199850568,1.60795399948462,1.11242381321104,-2.92188694013449,-3.61783105503643,-2.62625246431864,-4.76287819521706,-5.68815186781132,-4.45713924882488,-1.54705900906731,-2.10584285607187,-1.43294300700959,-3.1240738270157,-3.77249822464415,-2.97973345827117,0.378597390715208
2017-05-09,0.39829722664,1.24591471507197,1.69265146127773,1.1832367189731,-2.97504124854287,-3.83342153328589,-2.80450144922022,-4.8291870909628,-5.95937805808925,-4.62849492154044,-1.57621751925175,-2.22732932078563,-1.53004621023898,-3.1525612736637,-3.93105765145919,-3.10651797154634,0.628819321087036
2017-05-10,-0.40616275901,1.23147991366183,1.08421978870733,1.1438619125487,-2.93851286058481,-2.57246838619832,-2.74304562094722,-4.77375445029882,-4.3524477610446,-4.56037181034474,-1.55504823638556,-1.38927434970849,-1.50203103066742,-3.12761151160697,-2.96062106628,-3.07537414951674,0.562081014213986
2017-05-11,-0.14015490806,1.22117717029725,1.61039937773365,1.12212899692098,-2.91068409101125,-3.6423836318427,-2.66113337390366,-4.7308878468578,-5.68815186781132,-4.49399919919949,-1.54030511809121,-2.10930612837277,-1.46039352335811,-3.11634330222232,-3.77807984458154,-3.02745459473122,0.449479009192385
2017-05-12,1.4488930161,1.20467310984716,1.59329009504842,1.08645114423463,-2.87113214253688,-3.59778064725445,-2.56837243955726,-4.68937421372712,-5.66871539289252,-4.33586401048837,-1.51972135817489,-2.08217777576997,-1.40141847975425,-3.09535233665837,-3.7393939246577,-2.97567191194796,0.312930343147308
2017-05-15,-0.35158891142,1.22149704219827,1.65777977074905,1.14636682336516,-2.91334143481794,-3.74879764051429,-2.71936522459944,-4.7308878468578,-5.807451123407,-4.56037181034474,-1.54219333811888,-2.17856031311445,-1.48296390099811,-3.11986671962237,-3.84639869578881,-3.05423818990622,0.445066631145775
2017-05-16,0.84553796059,1.21082905288733,1.59645098361278,1.11966033614521,-2.88176464014134,-3.60059836976436,-2.65372717510902,-4.69964851289091,-5.66871539289252,-4.50250774402806,-1.52561407282075,-2.08476531194974,-1.45052086803136,-3.10643415900533,-3.74787290189571,-3.01143382544331,0.441545584129343
2017-05-17,-2.2058442971,1.20506314213499,1.59816134850614,1.11887390303552,-2.86623956227824,-3.60424186111485,-2.65218391836278,-4.67913189813483,-5.66871539289252,-4.49312056044213,-1.51731615801981,-2.08594586804077,-1.44930175874049,-3.09937619773407,-3.74787290189571,-3.01450686269937,1.26123484851738
2017-05-18,1.4532791396,1.27397027110149,2.03013101608868,1.24677455251586,-3.0353527801679,-4.61554954598631,-2.96705873259992,-4.93541608982645,-6.9767671189,-4.8291870909628,-1.61155092294142,-2.69257670988811,-1.63313127804666,-3.19432439353991,-4.53089017151503,-3.21679915912667,1.1504789987167
2017-05-19,0.14084653994,1.28709199182794,1.27370368443786,1.29722086105418,-3.06263808533667,-3.03856289175192,-3.08969670956323,-4.94765394151688,-4.93541608982645,-4.98481723021854,-1.62926784193879,-1.64718468702034,-1.70276514484301,-3.21302990593943,-3.23195258635481,-3.29821522816892,0.491228521664408
2017-05-22,1.1283130521,1.26836987514633,1.62018539720791,1.2478391438075,-3.02564515692025,-3.65848867643247,-2.96862929050579,-4.92318172259679,-5.70755465355143,-4.8291870909628,-1.60634166154183,-2.12053197478428,-1.6277360970918,-3.18323361497273,-3.77599769654228,-3.21302990593943,0.278996247751843
2017-05-23,0.089628813112,1.26906093010899,1.63270530784623,1.26554541579628,-3.02821665924292,-3.68777203241918,-3.01012020719297,-4.93541608982645,-5.74709337338738,-4.89908743256835,-1.60733970393565,-2.14069281400034,-1.65156890743556,-3.18691681490771,-3.79270942214136,-3.23960195114517,0.454635395653368
2017-05-24,0.90680774847,1.25285673688329,1.58935576100089,1.21749488438785,-2.9869914228026,-3.59044869937083,-2.8931139578838,-4.86366400239876,-5.63066822894954,-4.71000859576571,-1.58627586982711,-2.07945741476431,-1.58544279102278,-3.16215513983111,-3.74040286659079,-3.16215513983111,0.326929607468491
2017-05-25,1.3291171521,1.24711994345114,1.60765465254308,1.21556827174882,-2.97377028830654,-3.63066638319921,-2.8870904570289,-4.8291870909628,-5.68815186781132,-4.71000859576571,-1.57951401985172,-2.10457382677151,-1.58165651786172,-3.15491419877339,-3.77363856909933,-3.15491419877339,0.754796454592409
2017-05-26,0.24159938803,1.25558748430708,1.21272558315409,1.2546625956666,-2.99662857844774,-2.84414271539851,-2.98179660606527,-4.87537609903875,-4.67913189813483,-4.85206294802346,-1.59019732056182,-1.59512552459645,-1.63564628881599,-3.16944987459144,-3.17310437145661,-3.22155114899952,0.506050772885517
2017-05-30,0.092389885322,1.23822924367481,1.58927056337186,1.20891455345345,-2.95446425340764,-3.58820735086952,-2.86836876315529,-4.79565087177305,-5.63066822894954,-4.68937421372712,-1.57002524775433,-2.07899884376596,-1.56975901526295,-3.14767944534658,-3.74040286659079,-3.14767944534658,0.52159794886888
2017-05-31,-0.20868867268,1.22006984067493,1.12596110512359,1.16436524492444,-2.91201654455239,-2.64253713921803,-2.75373543264971,-4.7308878468578,-4.49226996469442,-4.59853174027204,-1.55003595467279,-1.47788136639272,-1.50514571533246,-3.12981461730384,-3.05667397815733,-3.08755838247824,1.05301817077066
2017-06-01,0.13371941041,1.2059723688142,1.11076925246054,1.13021307958899,-2.87541375411492,-2.60899807337166,-2.66616187850137,-4.68937421372712,-4.44602469695891,-4.52070213573969,-1.53273858546377,-1.45820138284876,-1.45763744736336,-3.11520391377159,-3.02918738946653,-3.02918738946653,0.685078940851781
2017-06-02,1.0823836539,1.18815019001038,1.54093623126782,1.08903326868709,-2.83267868378629,-3.50284680926691,-2.56354218452708,-4.66885645572682,-5.55683120640265,-4.34177746052664,-1.51283367437666,-2.00399801098722,-1.40077391969,-3.10109329657184,-3.66100891212351,-2.9802512377115,0.499840053558993
2017-06-05,0.4579182103,1.18992058276139,1.58204052632563,1.11257848219794,-2.83840263206646,-3.59708638944457,-2.61903393341613,-4.66885645572682,-5.64953484594815,-4.4643576892935,-1.51532377687952,-2.06413480987801,-1.4329243333343,-3.10109329657184,-3.7028049921299,-2.98669320697546,0.347212758610651
2017-06-06,-0.8246484862,1.17463710894397,0.974152979912749,1.08155277884315,-2.80073408719863,-2.28511754755877,-2.54225191666174,-4.64848646833039,-4.02446094836109,-4.31693996234562,-1.49788562296792,-1.24106551486583,-1.38888706130451,-3.07326799831699,-2.81131685678782,-2.96734006537088,0.845994924762537
2017-06-07,0.70488534402,1.1783900142865,1.24814993668163,1.10363328639926,-2.81056453247727,-2.73382089723086,-2.59456683043681,-4.64848646833039,-4.57889427708191,-4.41021398825971,-1.50226521243214,-1.54688536242572,-1.42074562011578,-3.08361546725044,-3.12943355799503,-2.9834905759572,0.931878591484823
2017-06-08,0.019800607879,1.16825609526139,1.18791490951,1.09046445137717,-2.78632914113933,-2.58222929377896,-2.56190283450704,-4.60840769717297,-4.37549970783762,-4.34177746052664,-1.49115361662156,-1.46611205666795,-1.40100539964939,-3.07326799831699,-3.04597228652955,-2.9802512377115,0.706035945935674
2017-06-09,-3.1635107447,1.15119700905766,1.12752690731184,1.05104500283339,-2.74274481079538,-2.47434509984745,-2.46159883588988,-4.57889427708191,-4.19948962190086,-4.17734649460298,-1.47114535630548,-1.3774033911603,-1.34552119838112,-3.05275440542194,-2.95770757710121,-2.92606172182123,5.20584823985068
2017-06-12,-1.369708988,1.28971333445256,3.11678879767191,1.20943120241207,-3.11977392689106,-7.06427075850335,-2.84991666370893,-4.98520043350729,-9.3366658264087,-4.67066474085307,-1.66608928737329,-4.09178690326102,-1.56811882603152,-3.25571474931585,-6.31264375467468,-3.14737420586515,7.92348073217792
2017-06-13,1.6457493446,1.30977108696695,3.10282246583204,1.27473914402773,-3.15837349411769,-6.98857497490524,-3.018227414882,-5.03550796201633,-9.3366658264087,-4.90002689692215,-1.69038263758192,-4.02519447153821,-1.66243633255277,-3.28312992360769,-6.20452553300964,-3.2518420257326,1.68266375824701
2017-06-14,-0.44046126095,1.32970526818669,2.30757966924288,1.34010376934858,-3.20155656047751,-5.67487353067329,-3.17707925090455,-5.20099642360815,-8.19454017217778,-5.12901261063571,-1.71004192103473,-3.19082348079329,-1.75200905274196,-3.3255372435074,-5.20099642360815,-3.36283986685013,2.04906447662212
2017-06-15,-1.259639313,1.31663398193097,2.45966734886589,1.31069557520504,-3.17497402556078,-5.506465361588,-3.10256388360457,-5.12901261063571,-7.99503243213077,-4.97283495070855,-1.6953759776478,-3.15921257833153,-1.71077352615065,-3.28909561050773,-5.03550796201633,-3.3255372435074,2.39889914455146
2017-06-16,2.4414781625,1.33152862754049,2.35915062135722,1.35840759983634,-3.20479704355664,-5.29803481370075,-3.22203877213103,-5.21591534251866,-7.92875650431,-5.23095047601128,-1.71104633562227,-3.00688684215521,-1.77860390321881,-3.3255372435074,-4.88817185591509,-3.40125816624305,4.04342108864758
2017-06-19,0.75528242087,1.38977786733402,3.47417549054299,1.48424032288755,-3.33567358345561,-8.00054195739286,-3.53566513295047,-5.30731645186172,-10.3158457874667,-5.57498370717143,-1.77765867824453,-4.45106869790905,-1.95197600919438,-3.40125816624305,-6.75110773355385,-3.61696606103171,4.140828046379
2017-06-20,-0.25925218806,1.37740581176862,1.6849382409326,1.45230019746901,-3.305352516454,-4.21830493848045,-3.45500698063297,-5.30731645186172,-6.42972936898667,-5.41941995688182,-1.76210409945187,-2.27381731169391,-1.90698818129033,-3.37946376932823,-4.01362325687992,-3.56200751235044,1.19802159646402
2017-06-21,0.97119656657,1.35972740157033,2.15586500282943,1.40571613706522,-3.26799002861629,-4.90225211005383,-3.33492523317934,-5.27645485835615,-7.23145751618113,-5.30731645186172,-1.74364007394324,-2.68221820118687,-1.84197198495343,-3.35413828046338,-4.52318935729588,-3.48157844348174,0.640112220809382
2017-06-22,-0.092793071508,1.35225059339843,1.70850125200111,1.39764522846637,-3.2539443416284,-3.79931597502979,-3.30957051650089,-5.24595424287197,-5.89230166583021,-5.30731645186172,-1.73434233809859,-2.14586165427067,-1.82909080987088,-3.34166764960928,-3.80969406959281,-3.46781021043064,0.732820197965423
2017-06-23,0.24368321192,1.33359631658195,1.46491201223415,1.34789123397974,-3.21530003847246,-3.30642230616783,-3.18387683075225,-5.21591534251866,-5.30731645186172,-5.15723629156739,-1.71390486235832,-1.78094672728705,-1.75906164107638,-3.32924067208107,-3.41410553790377,-3.37096324748294,0.495233821693989
2017-06-26,-0.97236336096,1.31627974610223,1.15925818149116,1.29759489510959,-3.17286446945809,-2.8470839610986,-3.06195066117741,-5.11514475856454,-4.67066474085307,-4.9361433402471,-1.69244234266576,-1.52350998280639,-1.68915116859965,-3.29499980334286,-3.11410833045682,-3.2909884495895,1.01382767962916
2017-06-27,-1.730417111,1.31838893409782,1.43702961487695,1.31793762125912,-3.18197571643388,-3.14758827012654,-3.10658407954504,-5.14303504050863,-5.02276404275541,-4.98520043350729,-1.6944989881164,-1.75865101989021,-1.71704145349522,-3.29499980334286,-3.37366335705895,-3.33176456711564,2.09598897026926
2017-06-28,1.3872110403,1.35353157755541,1.29969974084978,1.40481641206065,-3.25760827745587,-3.28030548760253,-3.32481084569831,-5.25950452701756,-5.2904516633062,-5.32177668361024,-1.73345720563976,-1.74564129218402,-1.83996644509298,-3.34391517984456,-3.35646853616188,-3.48481959675452,2.04948565741139
2017-06-29,-1.4540607676,1.3471315110713,1.35953440439696,1.42344466494003,-3.37379190199196,-3.48628587720081,-3.42494302433797,-5.38596712695285,-5.48624472728718,-5.43565789802417,-1.76811080216646,-1.84782469454054,-1.89217717071525,-3.38625870684202,-3.48946554667932,-3.53669642763149,2.67813475569757
2017-06-30,-0.81255827781,1.36754606655303,1.36739431262306,1.47902285836692,-3.4221259034962,-3.37165005270023,-3.56498321413308,-5.43565789802417,-5.38596712695285,-5.61193768519636,-1.79490073001031,-1.80589470342301,-1.96896147259683,-3.43268845082438,-3.43717947327198,-3.64018158394224,0.968317674045009
2017-07-03,-1.4814049586,1.36147214713355,1.38364161138726,1.4711633301521,-3.40968833011956,-3.50069983451754,-3.5406739733629,-5.43565789802417,-5.55683120640265,-5.57498370717143,-1.78807646987393,-1.85261458151739,-1.95738642137501,-3.42375499831744,-3.50160124837486,-3.62471140582492,1.28697838426207
2017-07-05,1.8602017492,1.38187728099373,1.70765057599461,1.52638667156417,-3.45987612910687,-3.95653606213599,-3.67553841105921,-5.43565789802417,-6.12716093076744,-5.72719469119904,-1.816174485536,-2.29070911848532,-2.0331377106977,-3.45981283132228,-4.04878480700198,-3.69272707606314,1.47832749101363
2017-07-06,-0.6444307186,1.40605272976868,1.47033876801268,1.58950067064762,-3.51929449056073,-3.73406525190558,-3.84594292652823,-5.56153300515625,-5.794615844418,-5.96947749626413,-1.83747891747517,-1.96590047480066,-2.12415818965197,-3.47851696412266,-3.63066816155124,-3.78754667878294,1.42299285985978
2017-07-07,1.4111942308,1.39539245962337,1.73093876986651,1.55994243532186,-3.49224659321071,-4.17700299887427,-3.77049853468943,-5.52527053166053,-6.44864152605405,-5.85773229079072,-1.82412741897058,-2.3053620059372,-2.08289032950594,-3.4692393652769,-4.0588566109952,-3.747995100729,0.721022563736989
2017-07-10,1.809432343,1.40121310840859,1.43611669888725,1.57925188307823,-3.50384986917949,-3.66271054189357,-3.82335976271154,-5.56153300515625,-5.71406739304712,-5.96947749626413,-1.82810542972117,-1.92660148606466,-2.11110735634256,-3.4692393652769,-3.59989464995335,-3.78754667878294,0.682773373487558
2017-07-11,-0.23482894612,1.423331650543,1.73701051901001,1.63438134189722,-3.55148957655969,-4.02140598459036,-3.96738202088126,-5.63548200241204,-6.21884621333902,-6.14006600352941,-1.85061575327566,-2.31509801908799,-2.18569144938864,-3.48737821819943,-4.06753397403548,-3.87028791932194,1.05695538755342
2017-07-12,1.2453099695,1.40580829496409,1.72367440098899,1.57773053067864,-3.50641380367297,-4.17496461774108,-3.8316329969912,-5.57874628119279,-6.44864152605405,-5.96947749626413,-1.82907572377544,-2.31773915738052,-2.10680194743518,-3.46872631442994,-4.06753397403548,-3.78228495904983,0.601182184519107
2017-07-13,-0.58419687839,1.40359510192805,1.67486951169111,1.58132823023603,-3.50406631663107,-3.83841381163249,-3.83605694712976,-5.57874628119279,-5.96947749626413,-5.96947749626413,-1.82641442545283,-2.22731581731199,-2.11068908649951,-3.46872631442994,-3.95197871974641,-3.78801478602158,0.72295385885945
2017-07-14,0.11792570676,1.39193810495864,1.64115943381196,1.54831509131244,-3.47587266549632,-3.76290585303519,-3.75307849360171,-5.50616994766522,-5.83637332544694,-5.83637332544694,-1.81156364816502,-2.18714435675373,-2.06327151296861,-3.44120138759889,-3.87028791932194,-3.7099266404,0.457753816102416
2017-07-17,0.82151306142,1.37331255994752,1.37540130571949,1.48738211877265,-3.42608209776009,-3.26275961629069,-3.61011110988439,-5.46050788064615,-5.29398042277717,-5.72373371126893,-1.78405118754074,-1.77364740379042,-1.98258195298063,-3.41516087542637,-3.39737835445245,-3.6428486629612,0.786241832793369
2017-07-18,1.4266761713,1.36083259888643,1.40358945112569,1.46101847023882,-3.3968764541305,-3.52030199336398,-3.54111331143483,-5.42589985078655,-5.58656727814727,-5.60549219702661,-1.76141047827302,-1.83776912103234,-1.94400875225551,-3.37555920032922,-3.47449342550997,-3.60655672917531,0.813244456531116
2017-07-19,0.23622431545,1.36652308834942,1.66208979381036,1.48926676719171,-3.41381100449,-3.84061497736935,-3.60782570287872,-5.46050788064615,-5.98322519824286,-5.70339443569423,-1.76201307966861,-2.20811573193098,-1.9705666736765,-3.37555920032922,-3.92965776055618,-3.63241048370564,0.84288687188793
2017-07-20,0.17821145811,1.34797274568744,1.35220914318734,1.4347842574503,-3.36578436282705,-3.17437328095754,-3.47012719834107,-5.39207579033967,-5.15581891721985,-5.5130798891693,-1.73726067560112,-1.73811646602558,-1.89540615008116,-3.34104262568583,-3.34104262568583,-3.55101407982448,0.766192693677835
2017-07-21,-0.29454651494,1.32923029189411,1.22691206047054,1.38253659684747,-3.31841763286046,-3.09949785841564,-3.33579455844921,-5.34246865396129,-4.99324675513919,-5.34246865396129,-1.71299880111847,-1.61895688796994,-1.82198544835365,-3.32842510062891,-3.20439020837181,-3.46497618546317,1.09026068597681
2017-07-24,1.2947634228,1.31312167627616,1.59403301992286,1.34378377599375,-3.28035317722096,-3.65057879363458,-3.23335634447966,-5.31006935586667,-5.72373371126893,-5.26237225242171,-1.69368078430275,-2.11793608854408,-1.76623089555142,-3.29117551908448,-3.78481746014467,-3.37953484116478,0.556596245051679
2017-07-25,0.088550940745,1.31809114382975,1.20415999719994,1.36650431101232,-3.28991076984616,-3.04123758071894,-3.29581823105407,-5.31006935586667,-4.94264876263618,-5.31006935586667,-1.69830324314695,-1.58672836509197,-1.80773780516794,-3.30344353642256,-3.17790037789834,-3.43288106037278,0.814832624817132
2017-07-26,1.2434246592,1.29905523437925,1.18529840516764,1.31715917561043,-3.24420148102223,-2.83867410311125,-3.16608634294914,-5.26237225242171,-4.67055922484489,-5.12704705752681,-1.67514726385165,-1.5284388205825,-1.72881612141258,-3.26697048906717,-3.11883323745594,-3.33682632852696,0.42012239616055
2017-07-27,-0.64589665662,1.30305078056629,1.32534227027261,1.33607513058388,-3.25090681118515,-3.12494005665062,-3.22155129226803,-5.278090369625,-5.00608756947279,-5.26237225242171,-1.67839765142808,-1.7046094223874,-1.76676211446115,-3.27498107847985,-3.32002988729974,-3.37953484116478,5.19606595482332
2017-07-28,-2.481835564,1.29535915179465,1.32218148228886,1.32379351255238,-3.23260340805997,-3.11971764780692,-3.1887965243281,-5.26237225242171,-5.00608756947279,-5.21556588214697,-1.66900460786968,-1.69598735925328,-1.74883725744649,-3.25901278131621,-3.29524596042321,-3.35373923364101,2.33378409541447
2017-07-31,-3.1626210736,1.37585972750181,1.51407548685083,1.46031952493752,-3.43441041583158,-3.64550401104444,-3.53354360258946,-5.46050788064615,-5.72373371126893,-5.60549219702661,-1.78888702934306,-1.98932375529281,-1.94759143792664,-3.41676860826841,-3.63919767837327,-3.61335454095913,1.98376679429937
2017-08-01,0.85140415867,1.49851186191885,1.68136336628142,1.63107244158799,-3.73343247517738,-4.30822890104074,-3.96330239043952,-5.80548634167273,-6.59975664414928,-6.15699016290238,-1.95435053320504,-2.27413388769139,-2.18748172082052,-3.6119633882821,-4.01348899339961,-3.85973498778817,1.36961327306287
2017-08-02,-0.030114737183,1.48291159898175,1.82891790192059,1.59824816417761,-3.69722525485663,-4.19917978786931,-3.87752858742968,-5.76437575343267,-6.47234296317534,-6.05581566714545,-1.93428491122237,-2.46865557775785,-2.14152438459114,-3.59158721292988,-4.19745735074672,-3.80099481890761,1.79874444165967
2017-08-03,-0.90070188462,1.46308772507886,1.79337887980272,1.53754345272258,-3.64602654198034,-4.30542141402275,-3.72988159636518,-5.72373371126893,-6.59975664414928,-5.784757251941,-1.90566450562599,-2.38977965753164,-2.05584685624645,-3.55791071507964,-4.07934749624041,-3.69218904899123,1.22327312491068
2017-08-04,0.066874721233,1.45940313037508,1.52067208907933,1.53123841703583,-3.63254670343428,-3.89760039141838,-3.72202762653988,-5.72373371126893,-6.05581566714545,-5.76437575343267,-1.89741091535437,-2.04312983712002,-2.0508236426574,-3.55297756426179,-3.68688012276181,-3.68688012276181,0.879950583425503
2017-08-07,0.4748982361,1.43705804354583,1.66910348045222,1.47485458270776,-3.58034340865334,-3.99424704216956,-3.57684705851692,-5.66361614366226,-6.21011200968171,-5.66361614366226,-1.87280049826112,-2.21451041639984,-1.97036722060353,-3.50939047612733,-3.92452776518993,-3.62904301032656,0.545793187584761
2017-08-08,-0.24489302314,1.41810692432322,1.58019449590667,1.4286893214259,-3.5332974793175,-3.77460492139602,-3.45908518549566,-5.60549219702661,-5.89165855615368,-5.46050788064615,-1.85074181179838,-2.09247330207644,-1.90491260904019,-3.48573678494699,-3.76351049017288,-3.55297756426179,0.689156176510226
2017-08-09,-0.79103693524,1.40238372130587,1.35466924008904,1.38243333841625,-3.48857556974526,-3.14472099143448,-3.34705697971555,-5.53100549783186,-5.03214694244345,-5.37531553432213,-1.82806989525218,-1.76868397438785,-1.84232564673772,-3.46705064273343,-3.38165073586371,-3.48104839205657,1.0350950001697
2017-08-10,-2.5549637987,1.39476461341191,1.38786717773238,1.3788687979677,-3.47109202124959,-3.21454403109756,-3.33766550041349,-5.5130798891693,-5.24663279346462,-5.35878206320244,-1.81808073545564,-1.80914120294033,-1.83765500739728,-3.45317831154579,-3.43044875550305,-3.47636863403675,1.84977574191913
2017-08-11,1.1568365171,1.47181416849264,2.0178409245953,1.51556915929117,-3.65361880942675,-4.655183162834,-3.68857583683753,-5.72373371126893,-7.09336656774821,-5.76437575343267,-1.92249365735666,-2.74637131940521,-2.03272213546797,-3.58995710976982,-4.57944986771568,-3.67794567461576,1.38512845140776
2017-08-14,1.5816279094,1.46655280442671,1.71091936793381,1.51479164987998,-3.63835068396164,-3.9277573796106,-3.68629290506604,-5.72373371126893,-6.10568765531744,-5.76437575343267,-1.91371012312179,-2.30951458695536,-2.03135823736402,-3.57967425085152,-4.0458185582744,-3.67794567461576,0.615784337558026
2017-08-15,-0.056951083025,1.47435523876207,1.69393633538675,1.55391627918225,-3.65522271815859,-3.87965883618253,-3.78424496967837,-5.72373371126893,-6.05581566714545,-5.89165855615368,-1.92442192116426,-2.29213498680571,-2.08595156866187,-3.59494068066147,-4.03195560811627,-3.74266114951538,0.732806861043562
2017-08-16,-0.46400879182,1.45706016827604,1.60996732632777,1.49472701599722,-3.61100790319762,-3.68464362955927,-3.63771737954855,-5.72373371126893,-5.76437575343267,-5.72373371126893,-1.89746952931694,-2.17051385348443,-2.00594760205724,-3.55475259223343,-3.83994595263085,-3.65688377321365,0.990975903801517
2017-08-17,-1.8002821565,1.44013697634336,1.60329016706819,1.45809861203113,-3.56907875877377,-3.67227160706966,-3.54577125039014,-5.64405252004019,-5.74391746590686,-5.64405252004019,-1.87398855687518,-2.16061655936166,-1.95482794382628,-3.51111906441366,-3.82815516422535,-3.61542146916006,1.06590925211848
2017-08-18,-0.21862019439,1.46733178993355,1.74694744643317,1.54124965688521,-3.63606473560219,-4.0105498274328,-3.75783425307812,-5.72373371126893,-6.23736978861235,-5.84789844616082,-1.91334474885143,-2.36317456415745,-2.07193037728441,-3.5746402171565,-4.05277016765341,-3.72067930387525,1.28171270677232
2017-08-21,-0.54044466688,1.44625255668204,1.62045526665604,1.49004780973215,-3.58659928345699,-3.70799304771359,-3.62834023261094,-5.66361614366226,-5.76437575343267,-5.72373371126893,-1.88472990166083,-2.18474131199327,-1.99976205818894,-3.53032251364441,-3.85781859410896,-3.65688377321365,1.41931010879655
2017-08-22,1.4276872726,1.43138536394163,1.55744542853523,1.45939406834511,-3.55094769723885,-3.75346910539493,-3.55005295404958,-5.64405252004019,-5.84789844616082,-5.64405252004019,-1.86491847551029,-2.06971406903634,-1.95632032073128,-3.50636952653101,-3.72067930387525,-3.61542146916006,0.501432509318608
2017-08-23,-0.92046747341,1.43558426226139,1.64165754359997,1.48758289462256,-3.56050525803141,-3.75391518738498,-3.62214516337362,-5.64405252004019,-5.84789844616082,-5.72373371126893,-1.86917486657782,-2.21609056910481,-1.99650412012527,-3.50636952653101,-3.91943644932937,-3.65163095764462,0.714112148305369
2017-08-24,-0.57933194166,1.42896558324916,1.62794161320721,1.48779378244326,-3.54901513625337,-3.72331128090205,-3.62279605313993,-5.64405252004019,-5.76437575343267,-5.72373371126893,-1.86204521671644,-2.1961894894791,-1.99732329442987,-3.50636952653101,-3.87591931933297,-3.65688377321365,1.39597831209534
2017-08-25,-0.75489527017,1.4147864201901,1.48996623146914,1.46008370510601,-3.51696545667555,-3.55169451216106,-3.55263107588611,-5.58656727814727,-5.64405252004019,-5.64405252004019,-1.84659140755326,-1.9833899954925,-1.95857062291212,-3.48744060835817,-3.63602761429404,-3.61542146916006,0.816842822615379
2017-08-28,0.080401159357,1.40650254799935,1.4545584571484,1.44713607718044,-3.49606862485424,-3.46566682337473,-3.52058828259327,-5.58656727814727,-5.49528005637913,-5.58656727814727,-1.83603011413575,-1.9406931130172,-1.94102781917817,-3.47806274905242,-3.60515025730985,-3.60515025730985,0.773571346779296
2017-08-29,0.84987632399,1.3869182899413,1.31460721581227,1.39451011349526,-3.44705108528438,-3.08541790611638,-3.38636536895816,-5.46050788064615,-4.9809606767396,-5.4089535907325,-1.81423022580123,-1.72884382678608,-1.86651471781859,-3.45025607589832,-3.33233696100703,-3.50636952653101,0.918824083570148
2017-08-30,1.418149802,1.37485755795444,1.30818457257198,1.37725478693556,-3.41955854708339,-3.11013717874462,-3.34132468951681,-5.46050788064615,-4.99363171477095,-5.35878206320244,-1.80133767944321,-1.73321296506775,-1.84118461183674,-3.43209594212493,-3.33651951936214,-3.48274734740086,0.605346159978506
2017-08-31,1.3445777653,1.37843639562582,1.61880789755532,1.41120773759438,-3.43387964650712,-3.66409309543442,-3.42597865474805,-5.46050788064615,-5.72373371126893,-5.46050788064615,-1.8069736759747,-2.18441104246535,-1.88818961542028,-3.43209594212493,-3.85781859410896,-3.5351690531469,0.42628281727996
2017-09-01,-0.23964919428,1.37938265350336,1.36342193443308,1.43539740549939,-3.44130507643591,-3.26795855846091,-3.48489577039402,-5.46050788064615,-5.31006935586667,-5.5130798891693,-1.80938427576691,-1.81553084492062,-1.92281584388307,-3.43209594212493,-3.45484863281124,-3.59494068066147,0.377366454205803
2017-09-05,-1.3268591874,1.36170863227752,1.41903083842277,1.39161617185607,-3.37831343739446,-3.40797139507173,-3.37071053831443,-5.4089535907325,-5.46050788064615,-5.4089535907325,-1.79057215769246,-1.85659810829132,-1.86057800970263,-3.41416896815096,-3.49686957858012,-3.50636952653101,1.28814646354874
2017-09-06,0.2621028314,1.37137670227174,1.4612943012434,1.4345908771096,-3.40088468735567,-3.49880190985355,-3.4775976694592,-5.44306628104407,-5.58656727814727,-5.5130798891693,-1.80300846080908,-1.9139133023087,-1.92076648386811,-3.43209594212493,-3.57967425085152,-3.59494068066147,0.986321224498534
2017-09-07,1.2058276503,1.35324466288525,1.30409217735911,1.38528878542663,-3.36022540910092,-3.12614995318275,-3.35125522481655,-5.39207579033967,-4.99363171477095,-5.39207579033967,-1.78268758769971,-1.72170649803381,-1.84992628757903,-3.41416896815096,-3.32816516874052,-3.48744060835817,0.785140396347595
2017-09-08,-1.3854431477,1.35089853521411,1.30685467985649,1.39824399432538,-3.35643632763736,-3.13179260551673,-3.38054735164423,-5.39207579033967,-5.0191921841363,-5.4089535907325,-1.78086552220238,-1.72179354576624,-1.86749790139337,-3.40970787549071,-3.32816516874052,-3.50636952653101,0.424513612454605
2017-09-11,1.2485764571,1.36332620955697,1.38556936599841,1.44568468407904,-3.38599297972592,-3.32682419632166,-3.49665572100882,-5.4089535907325,-5.34246865396129,-5.58656727814727,-1.79637170046072,-1.82739406883964,-1.93396355106014,-3.42309882518871,-3.46873515936374,-3.59494068066147,0.469888507989316
2017-09-12,0.47241195953,1.36268173952141,1.46036590421706,1.45832574333976,-3.38470055192191,-3.50507276645008,-3.52472328744761,-5.4089535907325,-5.58656727814727,-5.60549219702661,-1.79656935734705,-1.90882109730263,-1.95109621450121,-3.42309882518871,-3.56465143082643,-3.61542146916006,0.561419709755222
2017-09-13,1.7321744794,1.34777665390662,1.32433153746093,1.41485790633216,-3.34804636102571,-2.82883369846415,-3.41689439981102,-5.39207579033967,-4.67097390347216,-5.46050788064615,-1.7766498833468,-1.60779042381436,-1.8891647006271,-3.40085050372554,-3.19330900946158,-3.5351690531469,0.795486149522155
2017-09-14,-0.73929571827,1.36446298436505,1.46518690806874,1.47229267600368,-3.38790193912367,-3.5128257191837,-3.55493933425317,-5.4089535907325,-5.58656727814727,-5.64405252004019,-1.799768744689,-1.9116979357872,-1.96824130940661,-3.42758816923646,-3.56963444224217,-3.62569696916885,0.681700430677529
2017-09-15,-0.54625532903,1.35644291740626,1.4509090806938,1.45795416333493,-3.37115791940379,-3.48275745929044,-3.50296796009253,-5.4089535907325,-5.5130798891693,-5.58656727814727,-1.79034025086354,-1.9001543876847,-1.94687070781323,-3.41416896815096,-3.55475259223343,-3.61027352995401,0.723873315809577
2017-09-18,-1.2768674185,1.34709125122428,1.43002257393643,1.42916982126855,-3.34982943516436,-3.43376277347838,-3.44730401688341,-5.39017547115417,-5.45913196502586,-5.45913196502586,-1.77335059222939,-1.86722154289919,-1.91049015797117,-3.3904028126788,-3.5002249202343,-3.56343963967311,1.04799605606558
2017-09-19,-0.44447181754,1.35853760138152,1.62296681824861,1.46513492160651,-3.37099584465359,-3.64944888563806,-3.54437667633193,-5.40717913273361,-5.72474958988333,-5.64427835426132,-1.78447605069397,-2.18305807088942,-1.96266800895891,-3.40810867934753,-3.84550147990323,-3.60919571567112,1.04806639018571
2017-09-20,0.3454106778,1.34640342178106,1.56841722901497,1.43067195605256,-3.34168331487224,-3.52193441353102,-3.45571908578834,-5.35663999738771,-5.58625950920734,-5.45913196502586,-1.76927960206838,-2.105228773886,-1.91318683830916,-3.38104870137892,-3.76443933479147,-3.57323346214377,1.18202427944415
2017-09-21,-0.87956350626,1.32937015845692,1.54548266073541,1.3834520402723,-3.30403931171405,-3.47119503340216,-3.33116365333791,-5.3238006462121,-5.5121326838292,-5.34021137397236,-1.74752646596638,-2.07210185242031,-1.84524840437438,-3.34669593389471,-3.71438978470728,-3.48560423482277,0.78604134023766
2017-09-22,-0.98999637185,1.3262478785324,1.38981575557962,1.38625037140565,-3.29672709445017,-3.32186769779597,-3.33322410490173,-5.3075889979728,-5.34021137397236,-5.34021137397236,-1.74520737226337,-1.80727726631613,-1.84858041234659,-3.34669593389471,-3.43001262471755,-3.48560423482277,0.514683314705082
2017-09-25,-1.6029735107,1.3263802634202,1.40365662821246,1.39813908181594,-3.29743074074889,-3.35742283815,-3.35693753028171,-5.3238006462121,-5.39017547115417,-5.39017547115417,-1.74719387822162,-1.82507076305768,-1.86506049432221,-3.34669593389471,-3.46681312940712,-3.50462211026152,1.39943246084105
2017-09-26,-0.12662403306,1.3488720355136,1.4508223055456,1.46341378086991,-3.35038677818324,-3.47129083057859,-3.51355792647789,-5.39017547115417,-5.5121326838292,-5.58625950920734,-1.77533762029885,-1.88538783399569,-1.95133335422872,-3.39421320524496,-3.52869098167337,-3.61423374362991,1.30808829218011
2017-09-27,1.307266141,1.33240906187755,1.41606840601575,1.41375188213117,-3.31299439460487,-3.40087147223403,-3.38217836892783,-5.34021137397236,-5.44155305188547,-5.40717913273361,-1.75607094377282,-1.85416008883326,-1.87182183345487,-3.3637562094246,-3.49507722009797,-3.50462211026152,0.78048793170276
2017-09-28,0.58157266521,1.33523590743847,1.22096564073127,1.42965097352492,-3.33570883911157,-3.06431171650782,-3.46136656883944,-5.34021137397236,-4.95123129558,-5.4765157567087,-1.77415493368597,-1.64825266742712,-1.91878665911378,-3.39421320524496,-3.23663094753136,-3.59364153767015,0.971645033254614
2017-09-29,0.51756587181,1.32244919604823,1.19577860783986,1.38291095727009,-3.17007246072862,-2.87929364107586,-3.32150285865379,-5.08706100591778,-4.64403229566337,-5.28569123507869,-1.74616211793403,-1.59436826529017,-1.85711801746062,-3.32376497266101,-3.1469736904282,-3.4703778273686,0.372482216752639
2017-10-02,-0.22468403804,1.30616118482512,1.16155685086415,1.34448614343062,-3.13311455909024,-2.79335062824218,-3.22418978534954,-4.96659914216875,-4.57272613927542,-5.20656880433701,-1.72409085308634,-1.54491767741711,-1.80181678597311,-3.30298381888115,-3.10695646699515,-3.40609738534804,0.850370540226212
2017-10-03,-0.2178921799,1.29081502211644,1.12744167599408,1.30384605813194,-3.09569551863057,-2.70625260575128,-3.12363206026657,-4.92892080559592,-4.52337602011848,-4.94140898201712,-1.70226476616785,-1.49580066716313,-1.74410695303763,-3.27831860909871,-3.05373757326853,-3.32376497266101,1.14106736610019
2017-10-04,0.87242712361,1.27426151525582,1.0949084124959,1.26460011121811,-3.0586841113184,-2.62801861481476,-3.02539710749407,-4.90398004038926,-4.4371673218342,-4.87927594536093,-1.68016776577223,-1.45001318684629,-1.68746098682851,-3.25021171024177,-2.99252773153133,-3.25818931724962,1.03993211165763
2017-10-05,1.5951110881,1.26717015454629,1.0824028498275,1.25593170431096,-3.04075836937338,-2.59116903779789,-3.00443300643363,-4.89162541965,-4.34701321860443,-4.84296413656558,-1.66921839746028,-1.43018099827955,-1.67348717022366,-3.23344791169348,-2.96175823369284,-3.24131691837708,0.47834088434408
2017-10-06,0.8900443494,1.28360306634872,1.13648631278636,1.31215848916309,-3.08285850132497,-2.74040404094139,-3.13948978693532,-4.92892080559592,-4.53325925199891,-4.96659914216875,-1.69463257891185,-1.48252319816509,-1.75326979437167,-3.26525209835831,-3.04203583389157,-3.34405586313656,0.776326882013323
2017-10-09,0.14248469051,1.27618619053046,1.12034563238539,1.30159565402126,-3.06502188214889,-2.69933320253079,-3.11279362293676,-4.90398004038926,-4.50379420597312,-4.94140898201712,-1.68381084409492,-1.45935673306527,-1.73703544063104,-3.26123476724515,-3.01077248690674,-3.3145615615942,0.854034951011824
2017-10-10,-0.38244583702,1.25952467573273,1.10955033703694,1.25575304859911,-3.02402249751852,-2.52538979329992,-2.99938913547407,-4.86707274995658,-4.24719794193442,-4.84296413656558,-1.66020218095145,-1.38737292858231,-1.67010080146596,-3.23278839883434,-2.95354031707673,-3.24069988435038,1.21721237365873
2017-10-11,0.79011345224,1.24758754896258,1.26940604010039,1.22747099287675,-2.99466112774155,-2.97550951939143,-2.92902465397114,-4.83106125722968,-4.79598511127468,-4.72877329954207,-1.6454648973059,-1.64529328705632,-1.62819365965264,-3.22043003528756,-3.22043003528756,-3.20482899162291,0.546911884523308
2017-10-12,0.59597989948,1.24003669406056,1.03954136286308,1.21409301808128,-2.97399496240638,-2.48169985179194,-2.89749926259951,-4.78453460341069,-4.1694045015,-4.66474013696118,-1.6345856653318,-1.35706065643899,-1.61064133630104,-3.20871759760889,-2.91367182558916,-3.18171830028981,1.02720896701759
2017-10-13,0.20081324365,1.22630776455094,1.16308747983169,1.1866321317081,-2.94372285831004,-2.44635924337221,-2.83050161479423,-4.7397537488638,-4.11086040320901,-4.62344611838793,-1.619074606329,-1.39547713800826,-1.56978601915727,-3.18937350428951,-2.95910878012589,-3.13674383138325,0.316280839390214
2017-10-16,0.33900333001,1.21148863172733,0.966126977341212,1.1446609250424,-2.90468181527079,-2.31990522398072,-2.7377316547411,-4.67933606939702,-4.01442525786057,-4.53630256711758,-1.58640104180627,-1.24102085530834,-1.5083266312056,-3.14962229649403,-2.78036743726328,-3.0836459329611,0.327699596857781
2017-10-17,0.27724228403,1.19725903450773,1.25019033614022,1.10430665636818,-2.86789722008682,-2.94454652311349,-2.6434114844139,-4.64225169805235,-4.73906270111553,-4.44284597833684,-1.55861075839065,-1.61293787190689,-1.44848619191585,-3.11419440316268,-3.17766847349927,-2.99435302742587,0.438353453823006
2017-10-18,-1.2020255072,1.18211371024895,0.921759941383893,1.06564935434562,-2.82929420273935,-2.18370207784009,-2.54280802935181,-4.62144685124593,-3.82019378925036,-4.25826771785261,-1.53735887028137,-1.19094310816363,-1.39015909325336,-3.10122331414196,-2.73552098330092,-2.95252153277458,0.517121746393225
2017-10-19,-1.0421263791,1.2004418517474,0.962036840843949,1.11995761538299,-2.87111213111715,-2.30838258808752,-2.6891554924676,-4.64225169805235,-4.00757693904816,-4.49088194854216,-1.56059334148497,-1.23350985351409,-1.47074252839538,-3.11955353763373,-2.7670673731468,-3.03336016494174,1.01437289016349
2017-10-20,-0.37502153846,1.20961729638708,1.01202128750932,1.15624969391187,-2.89343300475956,-2.41081236446228,-2.77747168438294,-4.66318486367976,-4.06952373831864,-4.56021897087753,-1.57222352072495,-1.31777563296734,-1.52315685597775,-3.14153448018589,-2.88399615228235,-3.09718973130163,0.40197270033886
2017-10-23,-1.6898800501,1.19745988959802,0.987138024416959,1.13223105327257,-2.86607918231252,-2.34865533033086,-2.71614345458806,-4.63186567665029,-4.01451427149139,-4.53036285597017,-1.55740466240551,-1.28222941481696,-1.48857345671864,-3.11924673712335,-2.83422690172809,-3.06107432577182,0.893151895254173
2017-10-24,0.99348028562,1.23625942142749,1.10480277748516,1.22217702271707,-2.96292010090829,-2.64472655119403,-2.93220524189905,-4.77289249380696,-4.45236035865079,-4.7279509564179,-1.62012244029833,-1.44907657311069,-1.61983641347835,-3.19503905019455,-2.99565593346187,-3.18343010176069,0.753018951903069
2017-10-25,-0.30638385069,1.23178803473412,1.09298123393215,1.22608617157532,-2.95503151687065,-2.61463195939972,-2.93981931471173,-4.75023280265813,-4.41468958910829,-4.73906270111553,-1.61593675739378,-1.43193791243909,-1.62483898149674,-3.18343010176069,-2.96572108965043,-3.19894165076129,1.56006570367796
2017-10-26,-0.049336526627,1.21836595242311,1.05989292370742,1.19441416231417,-2.92359820957461,-2.53160996340852,-2.85983550457621,-4.71688862592699,-4.25013891001651,-4.63186567665029,-1.59767661332547,-1.3850669276637,-1.58030275292413,-3.15303866970145,-2.94591679442257,-3.13806991114033,1.24547014932315
2017-10-27,13.216375471,1.20180435956692,1.27813394361235,1.15353938896178,-2.88545059798512,-2.7325628400782,-2.75758090346248,-4.6526727284497,-4.53036285597017,-4.55022601413296,-1.57472336135503,-1.54591645597939,-1.52151395591207,-3.13806991114033,-3.11220727881291,-3.08666431620346,2.46563152835371
2017-10-30,0.89922339794,2.6924016645082,2.12636785035401,1.38066215131252,-6.54990915036892,-4.50901150514812,-3.28508175234557,-8.924108148484,-6.88486908049123,-5.26119828067541,-3.65405808948522,-2.61665658819689,-1.82922349094013,-5.68022246125151,-4.41468958910829,-3.45067158839448,2.12046463864977
2017-10-31,-0.50141783322,2.62888817658346,2.08263253747193,1.36741681279436,-6.40194623067622,-5.07434556873325,-3.25096953695807,-8.82961565002692,-7.50179364981818,-5.22897595738065,-3.57591943921474,-2.81600944695384,-1.80819120062195,-5.61902708462157,-4.60080231958046,-3.41350610869148,0.977530833587003
2017-11-01,-0.14475969883,2.57858451125482,2.16875148034523,1.34012984111498,-6.27102491962393,-4.6079842662221,-3.19223935866113,-8.65085784081071,-7.01217446215741,-5.18158721136378,-3.50215128048574,-2.67173712931377,-1.77600379810301,-5.54075332074906,-4.47154955707326,-3.38183983432674,1.13442558280305
2017-11-02,-0.8571325021,2.53130445265497,1.55054571860036,1.29377464351583,-6.14788161703249,-3.72026760989994,-3.09201331924148,-8.65085784081071,-5.72164332474124,-4.93076270508552,-3.43101360738849,-2.06349277877729,-1.71121796927379,-5.41306967644956,-3.66766191271262,-3.30406495841698,1.06899068838663
2017-11-03,1.5883460363,2.48397780174007,2.04289850626273,1.30107219404432,-6.03431071621449,-4.31933196363485,-3.10801895231395,-8.56309841402759,-6.54787932954394,-4.94343711937014,-3.36941574034635,-2.5067022111813,-1.72155031706031,-5.36096450250948,-4.21802686170093,-3.30827421573777,0.764397171032296
2017-11-06,0.81504138197,2.45173423611543,1.70537930554488,1.35660215439978,-5.95737036456327,-4.12307950623092,-3.24348522604148,-8.56309841402759,-6.35466545901111,-5.2131477757248,-3.32370672236518,-2.28056265114077,-1.79838914391302,-5.29386303745333,-3.98003233534377,-3.40893606916686,0.588042879437289
2017-11-07,0.2239751575,2.40180217344617,1.96689246256821,1.33800598429882,-5.84143791118841,-4.90216965836996,-3.19452540839619,-8.47444573768667,-7.24518052888163,-5.18158721136378,-3.25793530614669,-2.67233431461014,-1.77244571191995,-5.22897595738065,-4.47154955707326,-3.3729329741205,0.761657261419938
2017-11-08,0.8645173928,2.35810906221559,1.86060518929346,1.28962204340988,-5.7270001938705,-3.95953079835603,-3.08308859556465,-8.15670055979118,-6.1248078135875,-4.93076270508552,-3.19724497400773,-2.29978323868671,-1.70371919702988,-5.18158721136378,-4.00065328988008,-3.29145417885711,0.66396895246591
2017-11-09,-0.33101475883,2.31603747488799,1.91787461665503,1.27920314927757,-5.62631789396373,-4.06496743657246,-3.05594985767289,-8.08605079655429,-6.20733656669481,-4.90545754988299,-3.14334356712691,-2.35195671761932,-1.68807744543708,-4.9819770075,-4.01451427149139,-3.26263335848062,0.926992503517195
2017-11-10,-0.33477101842,2.27196886052567,1.88406441036069,1.24617998945576,-5.5217920522967,-3.99728221623788,-2.9716855566821,-8.01619700435278,-6.15197483667722,-4.78439640609618,-3.08810950839504,-2.30909309883657,-1.64265532020236,-4.93076270508552,-4.00757693904816,-3.21460097454511,0.636779335386087
2017-11-13,0.33944994884,2.22941354759951,1.85268492970716,1.21492113741623,-5.42332932288282,-3.93234241016851,-2.89187268750726,-8.01619700435278,-6.0717876800061,-4.66318486367976,-3.03573019457079,-2.27417692707787,-1.5992110501281,-4.89292599163716,-3.9732269199144,-3.15303866970145,0.612821464801169
2017-11-14,0.67925998737,2.18948822724765,1.95361014748046,1.17515215709171,-5.3270096927947,-4.2898912551604,-2.78868051002853,-7.94397533718919,-6.48185183565147,-4.56021897087753,-2.98399678626142,-2.34678996440232,-1.54180842418379,-4.80772742205806,-4.01451427149139,-3.10853577087752,1.09574625526929
2017-11-15,-0.89282572753,2.15601702167648,1.93544642147053,1.15636652707276,-5.2424998804969,-4.2465658055792,-2.73882254762688,-7.94397533718919,-6.4496702662971,-4.53036285597017,-2.93784800597387,-2.32049788860882,-1.51323708373554,-4.7279509564179,-4.02099237379465,-3.08816044792662,1.24257266955705
2017-11-16,0.94080891813,2.12680434935158,1.79805015498078,1.17641911294298,-5.1776572220123,-3.8196800916022,-2.78566825503731,-7.73984072836,-5.92150888675795,-4.56021897087753,-2.901812530937,-2.21347193433173,-1.54145735259989,-4.67375490643054,-3.88703338386312,-3.11010431632136,0.375884659064134
2017-11-17,-0.65154885724,2.09643136680617,1.91176052272401,1.17946188791719,-5.11575734103203,-4.19169397651393,-2.78801299411457,-7.61674933085952,-6.41796948022,-4.56021897087753,-2.86293912832232,-2.28440936414214,-1.54406748370974,-4.63186567665029,-3.99313515955506,-3.11010431632136,0.443680451867755
2017-11-20,-0.31596275712,2.07070782656194,2.11841061004033,1.17615770105204,-5.0536482473305,-4.8454441130293,-2.78434166550392,-7.44761969948444,-7.24518052888163,-4.56568306905706,-2.79984672387357,-2.85179524638091,-1.53231955045855,-4.60662734112081,-4.63797621831824,-3.09795321269509,0.462908096395999
2017-11-21,1.1701929308,2.04362785308497,1.87232912239895,1.14607265699967,-4.98505936691565,-4.09419754657654,-2.71562381018911,-7.3942748756413,-6.3493843290375,-4.53588538237598,-2.72840101992617,-2.23820148065125,-1.48793597393323,-4.53588538237598,-3.93156810754764,-3.04778790152705,0.306238752531488
2017-11-22,1.4629351726,2.0215107974887,1.92941670284021,1.17346543304607,-4.93566191566896,-4.7545263020547,-2.7844310414368,-7.29332737872292,-7.14839828642157,-4.5661749052892,-2.69637614584634,-2.61219038250117,-1.52797620588474,-4.4958522786612,-4.40925116635625,-3.09471863030749,0.504081800842381
2017-11-24,2.5809576529,2.00724931531593,1.8678339202624,1.22619839698549,-4.89832739665807,-4.08757313898805,-2.92015436046849,-7.24518052888163,-6.31846435162329,-4.72534566795528,-2.67481755711442,-2.23081251547431,-1.60417337954227,-4.47625715506703,-3.91177537725214,-3.15802858670024,0.533569464796583
2017-11-27,0.82883642499,2.02286885776376,1.74585511653061,1.35796593306896,-4.93239286444681,-3.72213449002464,-3.24722857625799,-7.24518052888163,-5.73458627716354,-5.23228681691301,-2.6994226496585,-2.14238378590872,-1.78679210921793,-4.50572946505769,-3.76456231469359,-3.39440980065241,2.64318060457422
2017-11-28,-0.1864813561,1.994177967081,1.72214536732944,1.33897282901826,-4.87508112877286,-3.66582191015714,-3.19490774366227,-7.24518052888163,-5.71338054673711,-5.1999150588632,-2.66074882377523,-2.11697696472056,-1.75973843358798,-4.46650904151667,-3.74168717650632,-3.34536239399313,1.31801720918336
2017-11-29,-2.7086126005,1.96338825818418,1.50959790122975,1.29506597887199,-4.81314028445825,-3.61257458202902,-3.07875043961078,-7.24518052888163,-5.69247860991531,-4.94327551574895,-2.62649026135581,-1.98929555140308,-1.68993319200863,-4.42809383417684,-3.61076255307767,-3.26484778272794,6.02877474739658
2017-11-30,1.3330233278,1.99720385235535,1.42208572045174,1.44430108692181,-4.88855125343802,-3.32760044087796,-3.44871495465694,-7.24518052888163,-5.31518111024661,-5.43787999958108,-2.70561649188621,-1.83947509952359,-1.90767196163278,-4.51572840128066,-3.46231613700885,-3.53070229461169,2.6540894411144
2017-12-01,-1.2237093691,1.97842496550315,1.50089673241871,1.46528169883186,-4.84745194811015,-3.59635736699472,-3.49514054527651,-7.24518052888163,-5.650685691461,-5.54994012955714,-2.68228378610612,-1.98010055449814,-1.93561053924239,-4.47640646770324,-3.60262072693183,-3.57145953634953,2.93280392749882
2017-12-04,-2.4433260206,1.96183868186727,1.56611392787782,1.49485210064901,-4.81414867151234,-3.75171821676226,-3.56101116523619,-7.24518052888163,-5.82135305205,-5.63008789665545,-2.66337846637751,-2.06929990386488,-1.97542612116064,-4.46675368971989,-3.68230953809392,-3.60262072693183,3.83655900283813
2017-12-05,0.67198730103,1.98454913907381,1.80370277424642,1.62747219362033,-4.86278402426834,-3.83662656586241,-3.88186288145601,-7.24518052888163,-5.96269563431512,-6.0389169906,-2.69084438541869,-2.21568232330336,-2.16152596877845,-4.48613901954076,-3.87592975320076,-3.7850258520223,3.86201566759721
2017-12-06,0.944313533,1.96023145432418,1.75013464928553,1.5835958706601,-4.80425579811011,-3.72807394882097,-3.7824567795798,-7.24518052888163,-5.75572691268526,-5.86695438161778,-2.65746911554176,-2.14751258377623,-2.10133160398378,-4.4571085257893,-3.76187370387163,-3.7279234701691,2.33383100807657
2017-12-07,0.64563717624,1.93623735357624,1.56881996947187,1.55937960689655,-4.75147978500149,-3.77524262479826,-3.71480566911674,-7.10235438977115,-5.86695438161778,-5.73458627716354,-2.62756234914758,-2.09598080789421,-2.06693218646692,-4.42852076865263,-3.7279234701691,-3.6727362284594,1.44464453461794
2017-12-08,0.1905517378,1.91187206372009,1.87862393525548,1.51825773733177,-4.68577359961145,-4.15429323016575,-3.63481926452156,-7.10940076639804,-6.44170227266765,-5.68164860401959,-2.57216957362438,-2.2395832489565,-2.02574680337623,-4.29945463366832,-3.90991077943686,-3.62534489530329,0.58417134654708
2017-12-11,0.59552495695,1.88319736979825,1.85980808869286,1.4602754923407,-4.58987116630231,-4.10792045284676,-3.45699190959052,-6.88740265011071,-6.37591148535429,-5.42601537065182,-2.52349376623694,-2.21852574310461,-1.93093768182268,-4.2248825652327,-3.87129768049349,-3.55279047785157,0.73561281153069
2017-12-12,-0.32850836669,1.85800947963584,1.84492200613987,1.41943796046764,-4.53053336666218,-4.06826694496049,-3.28989552967869,-6.88740265011071,-6.25240224204189,-5.26933619811176,-2.48811364249981,-2.1976438375225,-1.8698641312193,-4.17735020303088,-3.82175413820186,-3.47821340686607,0.885829155111063
2017-12-13,-0.081539465009,1.83578901121589,1.83281000020313,1.37946265688242,-4.47278322184067,-4.04119329856915,-3.27482438695699,-6.84510123140526,-6.22323742082,-5.26933619811176,-2.45693570516438,-2.17745114756814,-1.81605077489899,-4.10709302989602,-3.79474422436593,-3.42695870644898,1.05811544325689
2017-12-14,0.87017772912,1.81074453606237,1.49440607974475,1.3303042385682,-4.41324336636677,-3.57618061194072,-3.11977024469084,-6.72494866375333,-5.63965232287172,-4.94354441505106,-2.42480745099963,-1.9673720711934,-1.74254882875681,-4.0640437797444,-3.58541363884791,-3.31501807588424,0.798984585707081
2017-12-15,0.41558087651,1.79240642121655,1.564856519298,1.31781769924848,-4.38891696526638,-3.33542020169413,-3.1175347315701,-6.68687035165574,-5.31615818165,-4.95189806975929,-2.39593679542203,-1.91214675628082,-1.72763358787473,-4.03706683854723,-3.53325987120531,-3.30098400892432,0.554042331484857
2017-12-18,0.97019861932,1.76994871964926,1.3095035876557,1.27573459888356,-4.31514521105509,-3.01747400013602,-3.00698335848799,-6.57715510431094,-4.88681532126345,-4.87399518465753,-2.36535141139829,-1.68628998586813,-1.66940935231265,-4.0026542301175,-3.2508332064267,-3.22648818395129,0.949164479687739
2017-12-19,-0.26877656255,1.75380975908803,1.44242569889988,1.27472165460106,-4.30366503053014,-3.4603690493882,-3.0062937093446,-6.54218478295692,-5.45951538976204,-4.87284928186507,-2.34070635832887,-1.88567579004802,-1.66458426416827,-4.00612288602343,-3.49924916546227,-3.2266247284354,1.04970289891175
2017-12-20,-0.82197780002,1.73050542590571,1.45753765786045,1.23742784026284,-4.21284139942605,-3.49010843171781,-2.90296477310482,-6.44170227266765,-5.51630340224,-4.69395871851118,-2.31044499005893,-1.89634779927597,-1.61454852408146,-3.99907598992708,-3.51920727768851,-3.17122588795761,0.767003251878734
2017-12-21,-0.2428627231,1.71390267300132,1.45667128109213,1.24447231645281,-4.17658690237888,-3.10371907240641,-2.90936431355966,-6.44170227266765,-4.95141236675571,-4.69395871851118,-2.27837837000915,-1.76479694004567,-1.61465575150512,-3.96419843875224,-3.34459537952479,-3.17122588795761,0.705416781140705
2017-12-22,-0.54479212777,1.69151543515218,1.41061012163622,1.20171913674006,-4.12516736111413,-2.99818892226393,-2.72678225944135,-6.37591148535429,-4.87284928186507,-4.54403406421143,-2.24987583546908,-1.70666414466697,-1.52168207236241,-3.92353937165179,-3.28432792716836,-3.07384350953279,0.302028846429466
2017-12-26,0.71895648598,1.67355561793865,1.7344334706231,1.15253283663501,-4.08140838663901,-3.80990994499203,-2.60226118839609,-6.25240224204189,-5.92872875535698,-4.38631481727644,-2.22554826067784,-2.05210754592837,-1.47341404188379,-3.89058322238906,-3.64432354356678,-3.02345916293197,0.618259611241311
2017-12-27,0.46738502333,1.65539413058149,1.33430218519058,1.17487597847311,-4.03737851726206,-2.82276881753063,-2.67118042884562,-6.20046645404267,-4.61079760993653,-4.46603302224088,-2.19934352939564,-1.60486197971494,-1.51231187185037,-3.82625813696439,-3.14939098584158,-3.07101100487788,0.492418160531306
2017-12-28,0.324801651,1.63674406926026,1.27518513389149,1.14319811875867,-3.98906789828754,-2.67619117389399,-2.60517580783503,-6.17154231538816,-4.46603302224088,-4.37915496339895,-2.17229687110467,-1.5205573394029,-1.47750703007223,-3.78989188138296,-3.07101100487788,-3.02078286500159,0.278420677841106
2017-12-29,-1.402074024,1.61464258847027,1.20199513711613,1.10297135374305,-3.93821534882799,-2.51532951466744,-2.50518819806115,-6.08756700800633,-4.23057488494493,-4.20602862847762,-2.14473295687008,-1.42653730017513,-1.41703726022096,-3.74291273304928,-2.94586054803796,-2.94586054803796,0.388185087625226
2018-01-02,1.6708423473,1.61602674144871,1.41475319849419,1.17396892447415,-3.94097873525223,-3.38854867078236,-2.66945006964247,-6.08756700800633,-5.38320702535225,-4.46603302224088,-2.14564574267863,-1.84946711003626,-1.5123266891881,-3.75395058259601,-3.45677504709849,-3.07284401566061,0.48331467239483
2018-01-03,1.2775334102,1.61718576505327,1.82329080339524,1.24284120085578,-3.94300700192492,-4.28745776783159,-2.83022188348199,-6.08756700800633,-6.51995582609692,-4.63243912525273,-2.1458849642109,-2.42082118531384,-1.60369524230398,-3.75863270212182,-4.06884835047895,-3.14554930798614,0.61444565639918
2018-01-04,0.4476000664,1.60651066152184,1.50532756973,1.22223397895778,-3.92116034242175,-3.18879851453473,-2.77931678786636,-6.08756700800633,-5.17818085666341,-4.5683191466,-2.1340060738733,-1.8166151216557,-1.57476822569616,-3.74696880317401,-3.42601268901627,-3.12651623173301,0.587715198051821
2018-01-05,1.6162501344,1.58894397876894,1.68219197564364,1.23321928720758,-3.87583747987772,-3.68639000870432,-2.80856222786921,-6.03383251832099,-5.74469433995699,-4.61079760993653,-2.10822095131129,-1.98489817511421,-1.59115174806005,-3.72390593594448,-3.59754334247961,-3.14174047885704,0.461483519019016
2018-01-08,1.4424719722,1.59006201777588,1.44457735526745,1.29732617358596,-3.87748746225951,-3.09113944655386,-2.96621140266471,-6.0598667504125,-4.95289819087536,-4.797530115486,-2.10716721131838,-1.74169286638843,-1.67789314834984,-3.72309455017643,-3.30650886485702,-3.23891601478153,1.04160473873139
2018-01-09,0.46757079726,1.58439714597523,1.49338261680632,1.33597724743748,-3.8664372259698,-3.16380717171763,-3.05411608098865,-6.0598667504125,-5.07905756537907,-4.92601155668714,-2.10003626224339,-1.80045387548855,-1.73116594475666,-3.72309455017643,-3.40088221275673,-3.30220345486648,1.0898885830967
2018-01-10,0.13011894298,1.56654166047695,1.41133394816413,1.28857553172947,-3.8203880861635,-3.01700449447529,-2.93436601533885,-5.95443918994881,-4.89941405006761,-4.7496140145526,-2.0745810703658,-1.70493817098521,-1.66305018832461,-3.68168400710662,-3.28282918668777,-3.22035148597493,1.16005957813493
2018-01-11,1.7818277487,1.54838049661448,1.40164252564727,1.24757934023878,-3.77523608957381,-2.97525340154797,-2.8458842137014,-5.89059728321047,-4.80857419767432,-4.64548010003642,-2.0494730965266,-1.69084649426311,-1.6076716504385,-3.63854338870853,-3.24863054920027,-3.15596838815189,0.600459245398294
2018-01-12,2.2339192279,1.55590328573427,1.42900139501811,1.32314190210719,-3.7921017647478,-3.05244001219131,-3.02776989157235,-5.89059728321047,-4.9255241736223,-4.91213319330714,-2.05848715618347,-1.72944003545559,-1.71387952588221,-3.64942628561065,-3.29538155343802,-3.28677009600603,1.10033515786529
2018-01-16,-0.026049647477,1.57797644835032,1.69189364291001,1.43124857293856,-3.84450862815292,-3.70126748471899,-3.28899880127211,-5.99216215319024,-5.7726562842011,-5.29204726966696,-2.0872236377167,-1.99715550225398,-1.87865654237444,-3.69973789490816,-3.61144523396577,-3.48120131796904,3.79846150864268
2018-01-17,-0.75563661994,1.55990620596208,1.55204050689982,1.37790119277415,-3.79857526668035,-3.29234376580681,-3.1563057097107,-5.91524820092941,-5.29204726966696,-5.02162841247576,-2.06192252803745,-1.8765383562306,-1.80255851129516,-3.65490065278207,-3.48120131796904,-3.39880219405412,2.18723574806133
2018-01-18,-0.12972972972,1.54752846728076,1.52594969693771,1.36924469892276,-3.77031895970372,-3.23416500134032,-3.13080590345089,-5.89059728321047,-5.24036201470254,-4.99362022826716,-2.04595634967457,-1.8427265891383,-1.78662957236165,-3.63854338870853,-3.4515735029228,-3.38016797746047,0.97348164362195
2018-01-19,0.097423684565,1.53161442327471,1.50493124505926,1.32504533904044,-3.72848478642124,-3.18504550787282,-3.02884470809437,-5.79539439955222,-5.15727571269675,-4.91213319330714,-2.02340109473081,-1.81843539209451,-1.72799339277854,-3.62767247867898,-3.42728698787605,-3.29538155343802,1.15124259948446
2018-01-22,2.5282330949,1.51401473758842,1.62351845057069,1.27559065000337,-3.68292984558264,-3.54148081957019,-2.90701612251249,-5.7726562842011,-5.61750353722857,-4.69010009413038,-1.99814916954081,-1.91207798465322,-1.65508414933605,-3.61524486837508,-3.53531931271571,-3.20950063847258,0.731809860997686
2018-01-23,2.6542405316,1.54991132328745,1.67080153426768,1.4031967648742,-3.76922492209546,-3.65155183639943,-3.21391165642181,-5.89059728321047,-5.74899609977391,-5.23586659725254,-2.04259271190558,-1.96948407967392,-1.8220673026474,-3.64214280835086,-3.5877720061804,-3.43402568595529,1.41363761727147
2018-01-24,-0.36916347399,1.58632840918033,1.61238432356048,1.53397911544392,-3.86065827873605,-3.47084856601409,-3.52354665535523,-6.045723139955,-5.53197159500686,-5.61522852981224,-2.09331234232473,-1.95449809372512,-2.00129154020125,-3.71553081588741,-3.57706858513465,-3.61480075696047,3.92211911412352
2018-01-25,1.5056979322,1.57040083389249,1.5797467224429,1.48709960458024,-3.82051501875897,-3.3903494391961,-3.40434945506087,-5.96601366449398,-5.41522616864167,-5.47285159391429,-2.07125491056805,-1.91611041943231,-1.93750244667496,-3.6754134648814,-3.55575325515765,-3.56637534551738,1.71741904256025
2018-01-26,1.7489749265,1.56850638765492,1.64056732221218,1.5239389980161,-3.81563793520593,-3.43379142245414,-3.50326347107653,-5.97683381232195,-5.47664092133077,-5.62075911730928,-2.0628754396115,-1.90367674443541,-1.97836667320838,-3.65370303868537,-3.51927032230865,-3.5881789255806,1.1142446883146
2018-01-29,1.1147961912,1.57387113292768,1.44137777501671,1.57901682988075,-3.82650448430767,-3.46131878079306,-3.63587687687967,-6.00343870393827,-5.49621999899903,-5.75636131468791,-2.06846594746705,-1.85604735515047,-2.05629605535606,-3.67047209841056,-3.46350290227399,-3.64267496485606,2.09693438743485
2018-01-30,1.4206308901,1.56331471242587,1.58985541611006,1.5680804888182,-3.80162977880175,-3.35847062985207,-3.60515851237522,-5.92520637543333,-5.39937411494352,-5.73301444226196,-2.05491514421401,-1.92150492986638,-2.03750596315294,-3.64267496485606,-3.5507761038915,-3.63170095794124,3.55902621422771
2018-01-31,0.90901503663,1.55955750480827,1.77962855067501,1.58582657898526,-3.79150909355963,-4.1992881417362,-3.64435327388351,-5.90014829192353,-6.49563920218615,-5.75636131468791,-2.04888257798975,-2.34907414144782,-2.06143332822952,-3.64231276083218,-4.01074386603074,-3.65337360314146,1.85166186130702
2018-02-01,-4.1967344183,1.54559061670166,1.76581017692966,1.55519489604371,-3.75893325890851,-4.11646799973044,-3.56562488107941,-5.8753157965186,-6.42529250112687,-5.68728567475638,-2.03103345423017,-2.28858760562841,-2.02430043138661,-3.6367881757031,-3.9888515222141,-3.63126651614845,5.37053722808397
2018-02-02,2.8741007194,1.68686119283327,2.17394155923604,1.77388766926485,-4.11583435763205,-5.16252147200712,-4.20129537136612,-6.42432848423284,-7.750684415,-6.53055038424844,-2.22041639081094,-2.85943943456637,-2.31870708281633,-3.88391253538514,-4.64798577302687,-4.01046425939913,12.4280354746348
2018-02-05,-2.7938039791,1.72533169313917,1.54551685015083,1.91451898240099,-4.2047341412224,-3.71347261704069,-4.56429921974474,-6.55513726323492,-5.81181923105227,-7.01718778843846,-2.27160448369132,-1.99822919055948,-2.51998580394857,-3.96981744772255,-3.60989654802287,-4.22233920742673,42.1148610026103
2018-02-06,3.8014388489,1.77353425936208,2.27004696888704,2.06430819122489,-4.32007016940752,-5.38880077204997,-4.93049330089225,-6.66895238780833,-8.12039458590882,-7.4425016665,-2.33842730262299,-2.97555428330322,-2.73069466035854,-4.00463134106348,-4.83676737704615,-4.53415582503609,17.8415957156656
2018-02-07,-1.8061600731,1.85482457470795,2.50924583734923,2.27088403341163,-4.51809659689461,-5.50086297233239,-5.42975178695888,-7.01718778843846,-8.12039458590882,-8.12039458590882,-2.46004099305548,-3.14172059738945,-3.01947183371897,-4.11561481496279,-5.03076330527829,-4.91742441846423,5.22794340879266
2018-02-08,-4.6782139782,1.85900505941755,2.35596078593333,2.30371361245019,-4.53662222207531,-5.08364088226517,-5.49951619672858,-7.01718778843846,-7.62220689789268,-8.12039458590882,-2.45864757521008,-2.91642337044877,-3.06247581004208,-4.11561481496279,-4.71300656122222,-4.94527383819407,10.1876695111099
2018-02-09,-0.80710847842,2.00895888517305,2.9342490098923,2.58528897677398,-4.97912582439911,-6.44992556171072,-6.16305098262941,-7.56129639758095,-8.913080708756,-8.7215196429963,-2.67182090082678,-3.71915567745802,-3.46027511804304,-4.46807404330341,-5.79908209337978,-5.51255380494706,23.7544466765227
2018-02-12,3.4808898179,1.98741483224828,2.45765452227021,2.49614705994828,-4.93069032074649,-5.81539223893102,-5.9510907092478,-7.4425016665,-8.44432033319,-8.62810231517857,-2.63860603280799,-3.24588898569659,-3.32986204225967,-4.427687729875,-5.26701810915565,-5.35751977347,5.10896471162491
2018-02-13,2.0400655014,2.04231805557678,2.54759298854827,2.66261091927077,-5.04696861156724,-6.04442171346544,-6.32959569539402,-7.56129639758095,-8.62810231517857,-8.81505645380769,-2.71563678170147,-3.38113177408153,-3.57018934041217,-4.54135105786272,-5.4333537064,-5.68337129005638,2.98054335287985
2018-02-14,2.5832267005,2.04080901684689,4.10888819103831,2.67012695172279,-5.040410766132,-9.10515763898733,-6.41269199326922,-7.56129639758095,-10.5149129998917,-8.913080708756,-2.7320783754436,-5.11353483446224,-3.63872263957479,-4.54135105786272,-7.6853448915075,-5.75231788433846,2.10655143124606
2018-02-15,0.73808621346,2.05577540197695,2.22739385048213,2.71461557848469,-5.06591794650673,-5.34362919941399,-6.46360757572621,-7.62220689789268,-8.04106889257714,-8.913080708756,-2.73951154769489,-3.0027172774887,-3.65935688110768,-4.54135105786272,-4.89873783248201,-5.75231788433846,2.82054335104112
2018-02-16,-0.89412762691,2.02862890823328,3.27679939616081,2.60137884645711,-5.00570148616356,-7.25877992411844,-6.19708405927956,-7.56129639758095,-9.53775239241579,-8.7215196429963,-2.70406869824391,-4.02857760758883,-3.51982986578557,-4.51995137991404,-6.2273220896726,-5.61696579605361,1.60919577192385
2018-02-20,1.357088128,2.00558776691892,2.63803119103171,2.52521132302114,-4.95676157742657,-5.83245156542979,-6.00726215915706,-7.5008358509186,-8.44432033319,-8.62810231517857,-2.66921887193212,-3.21189648103252,-3.37557116102989,-4.46807404330341,-5.24933900983534,-5.4333537064,2.38656229860831
2018-02-21,0.99227023529,1.98885543237461,2.27434814032441,2.46860073382406,-4.91381263452578,-5.01037097543638,-5.87194089321874,-7.4425016665,-7.56129639758095,-8.53415113616552,-2.64449202228801,-2.75019769987706,-3.32203445178065,-4.43766480632793,-4.54135105786272,-5.35751977347,2.59010225042973
2018-02-22,0.16319154092,1.96318174237468,2.03660482541192,2.38056006989212,-4.87166659410901,-4.47195890446858,-5.69352394985128,-7.4425016665,-6.92681853260926,-8.27619196240937,-2.63763688790021,-2.44735033060635,-3.21610278921671,-4.427687729875,-4.11342202922269,-5.24933900983534,2.13559081289921
2018-02-23,0.9869794123,1.9364777358705,1.92377856404958,2.27875103982977,-4.80947169291913,-4.21423190719554,-5.44702124215045,-7.4425016665,-6.52581033690625,-8.12039458590882,-2.60366584055566,-2.30762794700167,-3.06694378808222,-4.37874863590054,-4.00921213576174,-4.95428120373259,0.909182068936491
2018-02-26,1.4633333332,1.91705770023903,1.89219332501739,2.21040252365553,-4.76438243090373,-4.13843063380276,-5.29319818508034,-7.38376115725111,-6.45447028658636,-8.04106889257714,-2.57531780498914,-2.27057113070802,-2.99211162421151,-4.3046511425715,-3.97253964367702,-4.88516126110357,0.900327439784897
2018-02-27,-0.65508065309,1.90638189541621,1.88640854175361,2.18568278629251,-4.73525222807284,-4.12828140152858,-5.24067374298689,-7.27188629104043,-6.41980067781642,-8.04106889257714,-2.55703281612108,-2.26148789428429,-2.96054312875888,-4.27808772367653,-3.95102774398151,-4.80669187501096,1.38507220848318
2018-02-28,0.031085067349,1.88500974378958,1.86943731568967,2.12252470947246,-4.6863815199227,-4.08880590883555,-5.08139568170873,-7.27188629104043,-6.35243115834203,-7.62220689789268,-2.52937815814081,-2.24052020231709,-2.87098434748217,-4.23497867349353,-3.92987325701079,-4.67440532826752,1.18380292764965
2018-03-01,-1.2562398757,1.86080622709448,1.85047184451145,2.03690317283121,-4.62789002134842,-4.04311703492826,-4.86912996533388,-7.11583724691,-6.25771733333889,-7.4425016665,-2.49650385650694,-2.21523500023883,-2.74960784426388,-4.19311923171505,-3.88184976650484,-4.54135105786272,6.12641214026256
2018-03-02,0.45532157092,1.85355012588863,1.85256412481941,2.02776030737037,-4.60358172671993,-4.04507988038082,-4.8561937256515,-7.11583724691,-6.28860010352113,-7.4425016665,-2.45971418292303,-2.21972339513898,-2.73387820584703,-4.12925286161643,-3.88786935016911,-4.54418623885952,3.53436202128171
2018-03-05,1.5570738209,1.83029701788572,1.83278312318955,1.95185503037198,-4.54764465296515,-3.99459914869799,-4.66516614195532,-6.97305620711321,-6.22646169605479,-7.16611829564286,-2.42760985853561,-2.1934159192857,-2.62367187217862,-4.08304105784703,-3.82844501706863,-4.40978626793481,2.04367231096769
2018-03-06,0.9208393225,1.8225799288175,1.76339261835188,1.95801614050402,-4.52736561976592,-4.24587855745724,-4.67898890480236,-6.97305620711321,-6.56224200509683,-7.21794963558958,-2.41652206918473,-2.30985298154105,-2.63082185008527,-4.07547728523273,-4.0089683431214,-4.42971369121285,1.24832579993382
2018-03-07,0.47865560209,1.80559956731997,1.82200422780997,1.89916723407085,-4.47450130612989,-3.97672422824875,-4.55442290006407,-6.92681853260926,-6.19608536218243,-6.97305620711321,-2.39208135029633,-2.18033125842588,-2.56125975426813,-4.05297118646771,-3.80938109906512,-4.27918027277026,1.24086763197538
2018-03-08,0.4440129449,1.78214902091709,1.807215034272,1.83000281226812,-4.42119279522992,-3.94216482267749,-4.37760031782094,-6.79604123501754,-6.16614916698667,-6.75476762106552,-2.36186877634545,-2.15780787766759,-2.46084384016701,-4.01639860856096,-3.78435634814198,-4.12925286161643,0.706416371260947
2018-03-09,1.7417808309,1.76247308157148,1.79357884980026,1.75919320766659,-4.36496322357339,-3.90437224118483,-4.20335535250682,-6.71435686918475,-6.1075821802013,-6.52581033690625,-2.33085385633914,-2.14004085378692,-2.356780070394,-4.02025608159604,-3.75602167745075,-4.02025608159604,0.345268655467838
2018-03-12,1.2350448735,1.76164694192708,1.80337862571709,1.79670928068814,-4.36098611145911,-3.92867228435698,-4.29817217338318,-6.71435686918475,-6.16614916698667,-6.56224200509683,-2.3286701012754,-2.15387394205175,-2.40990330311803,-4.02025608159604,-3.78059397604809,-4.07974543617169,0.621970226864074
2018-03-13,-0.63876776021,1.74676750124842,1.79264209331614,1.78308066055152,-4.33033608565874,-3.90177009183517,-4.25903536138543,-6.674895044505,-6.1075821802013,-6.56224200509683,-2.31125075397112,-2.14360487633482,-2.3905740130318,-4.01277630853158,-3.7621168504317,-4.04220294265268,2.31283317058522
2018-03-14,0.17756173747,1.72836709449921,1.7814500742737,1.74252242034313,-4.28962851964009,-3.88124940988073,-4.15294479409536,-6.56224200509683,-6.1075821802013,-6.48997839969692,-2.28863069565617,-2.12606561779041,-2.33215375938999,-3.99785892898826,-3.74390264562127,-4.02025608159604,1.14841601477123
2018-03-15,-0.54556882469,1.70916798311666,1.76327243343864,1.66905394072751,-4.23123909489475,-3.82777564504098,-3.97381796340531,-6.56224200509683,-6.023069277585,-6.19608536218243,-2.24468474271041,-2.10462174444013,-2.22212726749507,-3.94044208830042,-3.73772586127873,-3.89830800391481,1.05930157556354
2018-03-16,-0.67243035537,1.69061751661352,1.75600102190483,1.62804550372977,-4.1895096308038,-3.8158748335077,-3.86627351438526,-6.48997839969692,-5.99589357775556,-6.1075821802013,-2.22149345488629,-2.09399094518143,-2.16364375939156,-3.89143669764303,-3.72555648161444,-3.78690791267885,0.634237260173813
2018-03-19,-1.7020004074,1.67752489389093,1.74666369763854,1.59467391709229,-4.14655419081471,-3.79214007165848,-3.7868965097677,-6.48997839969692,-5.9431848520988,-5.9431848520988,-2.19585582621141,-2.08275415263772,-2.10566072278883,-3.83808148810876,-3.70129464980806,-3.73751034286742,2.83741885957575
2018-03-20,2.6913840757,1.68423477593805,1.81372891313732,1.66903364735024,-4.17305227635203,-4.30054632560787,-3.97139194124361,-6.48997839969692,-6.56224200509683,-6.19608536218243,-2.20853217681571,-2.43325352338688,-2.21161408186426,-3.88497182888934,-4.09792322639581,-3.88497182888934,1.5330841725931
2018-03-21,-0.29309616712,1.71426478511425,1.83143496593899,1.80089778706159,-4.25769825350808,-3.99602339963056,-4.29463363536624,-6.56224200509683,-6.22646169605479,-6.56224200509683,-2.25307138224314,-2.19330458248169,-2.396854216687,-3.94825119943064,-3.82508395370474,-4.05959999722045,2.1899967456578
2018-03-22,-2.3352256205,1.69680344005766,1.92041506729076,1.73793447413332,-4.20984091586468,-3.77557731393196,-4.14123376504109,-6.52581033690625,-5.9431848520988,-6.45447028658636,-2.22698996567128,-2.1431608891198,-2.3080407456478,-3.90568642446929,-3.76198153003878,-4.01483705920796,2.92104241210165
2018-03-23,-3.1949874426,1.72470075585543,1.76084412868735,1.85713134908817,-4.28797068149577,-4.29970717808732,-4.43215672916307,-6.56224200509683,-6.56224200509683,-6.83831329143036,-2.26977234180553,-2.32525496446615,-2.48090819013812,-3.96303189908455,-4.01492713795841,-4.16972198281893,5.38676646313361
2018-03-26,4.0319345262,1.79215480769875,2.04128997157111,2.02447267921834,-4.44677020821025,-4.4742195325288,-4.865676090511,-6.88191791125818,-6.92681853260926,-7.4425016665,-2.38559037196156,-2.4796632448371,-2.75099766290703,-4.03336976090848,-4.1650131203058,-4.55372108660964,2.98518310834612
2018-03-27,-3.7799030761,1.88330771737219,2.7287484980021,2.23762106337189,-4.67306022839603,-6.00135198403408,-5.37626126439505,-7.16611829564286,-8.62810231517857,-8.12039458590882,-2.51079107349001,-3.35912673208882,-3.03866421025733,-4.2235043199435,-5.45843624045192,-4.96472271452481,5.34320620670837
2018-03-28,-4.3839551118,1.97254439099766,3.86207011752186,2.45011945282952,-4.88650363793335,-8.56387695080945,-5.8793969870944,-7.4425016665,-10.5149129998917,-8.53415113616552,-2.63810055730689,-4.80320477188129,-3.35439168166024,-4.43366891040449,-7.4425016665,-5.44245021031524,18.12577516216
2018-03-29,1.1121823085,2.09525620443908,4.72078924077437,2.70447590792109,-5.17064269977817,-10.4380665188995,-6.47738716900818,-7.750684415,-11.87633132325,-9.01498810542917,-2.84356075972497,-5.88665490174549,-3.7187055147,-4.67096247364713,-8.53415113616552,-5.82565114641023,9.71470631525753
2018-04-02,-5.2061022288,2.0730333836449,3.71084260543234,2.6097212758193,-5.11443116598097,-8.20079539362852,-6.26453719152716,-7.6853448915075,-10.1961441780714,-8.7215196429963,-2.77542249589719,-4.58814156978234,-3.58941636667974,-4.58364901644878,-6.97305620711321,-5.74856228208132,8.49687929699307
2018-04-03,1.4621097822,2.24997454865968,4.98097196672988,2.91698718479519,-5.57971307768351,-10.9918712395438,-6.99819879240949,-8.19763944374546,-11.87633132325,-9.21598389492727,-3.03570361858084,-6.25362313106539,-4.04203397034247,-4.95993823478074,-8.7215196429963,-6.27769784635417,14.6600746379513
2018-04-04,1.3304119822,2.22544467920864,2.94914051320845,2.83505502405416,-5.5233246803281,-7.0532724620299,-6.80101217926576,-8.12039458590882,-9.21598389492727,-9.1128663830087,-3.00577254751946,-4.11931106293654,-3.92024018431393,-4.91766283316667,-6.37270583701884,-6.15743190936184,7.2420821002015
2018-04-05,2.919387198,2.20020575083864,3.42635948708113,2.75023075942544,-5.46396997581882,-7.5376645458591,-6.59687042334514,-8.12039458590882,-9.65130379419444,-9.01498810542917,-2.97371656142046,-4.25058094634386,-3.79702282499893,-4.85008388733007,-6.50786621018,-5.93795214656786,2.86440732982302
2018-04-06,-3.2044084725,2.22584007524129,2.75384030014179,2.83126967365419,-5.51624895720144,-6.00079521884956,-6.79028314037502,-8.12039458590882,-8.62810231517857,-9.1128663830087,-2.99659754618876,-3.57024913503224,-3.91773787815676,-4.90385243752878,-5.71930729370215,-6.15743190936184,4.36837163138918
2018-04-09,0.060488318741,2.27136681537147,2.89724754971612,2.96358933281775,-5.62279182626389,-6.32427795962747,-7.09816627487958,-8.19763944374546,-8.81505645380769,-9.31780806204286,-3.09490413978568,-3.76369949527928,-4.10708186042597,-4.98950086949624,-5.91256333397412,-6.37270583701884,2.25655796095245
2018-04-10,2.1435480201,2.23539671502208,2.59006655087933,2.81962333371422,-5.53467757059911,-5.07242187592629,-6.75838751675361,-8.12039458590882,-7.56468059624762,-9.01498810542917,-3.04382749934316,-2.94799400124611,-3.90012283055492,-4.94702992770515,-4.78787340191351,-6.09983930080769,2.44444815670262
2018-04-11,-0.63848156969,2.2303034061888,2.42485678189812,2.81206258280488,-5.51955968764683,-5.26852200402279,-6.73791891269159,-8.12039458590882,-8.04106889257714,-9.01498810542917,-3.03522303741319,-3.1262448882839,-3.89108085253334,-4.94702992770515,-5.0037724893553,-6.09983930080769,2.57908711103694
2018-04-12,1.5031008023,2.19609055592479,2.69844986431972,2.70242471530532,-5.445017519683,-6.45015753695242,-6.47053126167991,-8.12039458590882,-8.913080708756,-9.01498810542917,-2.99238438099405,-3.76116675504632,-3.72890621176188,-4.89171355206429,-5.91256333397412,-5.86265238456552,1.19905818274886
2018-04-13,-1.2226441147,2.17892069968417,2.64499828879888,2.61109937000129,-5.39571603506245,-6.31999847126662,-6.2752049006158,-8.12039458590882,-8.81505645380769,-8.7215196429963,-2.92752937545208,-3.67989586865628,-3.62840292624614,-4.78515219565338,-5.83837481090682,-5.79021782804222,1.61082050359576
2018-04-16,0.74853752121,2.15656123939464,2.49489678599848,2.54884572289362,-5.34704304603626,-4.88331030174636,-6.117165337917,-8.12039458590882,-7.39280390121778,-8.7215196429963,-2.9018969940713,-2.83750625912369,-3.53588852456954,-4.72412770843725,-4.66559068627405,-5.67348008574632,1.36752422912158
2018-04-17,4.3239680888,2.12385085367081,2.38797407663952,2.48418601959804,-5.2745506473048,-5.6961481535787,-5.93849526571723,-8.04106889257714,-8.27619196240937,-8.62810231517857,-2.86398198044967,-3.31799305775091,-3.41291357488171,-4.67721974983567,-5.40411253281574,-5.52352118701078,1.01801038225278
2018-04-18,1.5965900402,2.218542375363,2.29921875068451,2.70766187385645,-5.49588827268896,-5.04497095053328,-6.47971169464363,-8.12039458590882,-7.50652444016744,-9.01498810542917,-2.98191135153202,-2.98439431489116,-3.73752935650673,-4.8756895066383,-4.88919948030286,-5.88742069870581,1.56365476861453
2018-04-19,1.9026861451,2.196075542491,2.25073911621923,2.65825425204962,-5.44842253590568,-4.93395976485482,-6.35502451585866,-8.12039458590882,-7.39280390121778,-8.81505645380769,-2.95518889244551,-2.74275607960974,-3.6619901475707,-4.81035423590616,-4.5539520888494,-5.79021782804222,2.1911728736452
2018-04-20,-1.8896403774,2.18210240948422,2.21363252459647,2.64189364556825,-5.41914002894875,-4.85769706664129,-6.30902484072525,-8.12039458590882,-7.39280390121778,-8.81505645380769,-2.9379827020606,-2.69833484387794,-3.63673559881215,-4.78515219565338,-4.51099908559535,-5.79021782804222,1.84845454394363
2018-04-23,-0.63044602584,2.18005797732363,2.57047518565187,2.64963196579398,-5.40778038160087,-5.02931954855866,-6.32816946146147,-8.12039458590882,-7.50652444016744,-8.81505645380769,-2.93474807996711,-2.93369097945196,-3.64585257311048,-4.78515219565338,-4.78515219565338,-5.79021782804222,2.1729233542672
2018-04-24,-3.8060163652,2.14825209296222,2.14743406680473,2.55296678314174,-5.33694053088102,-4.70452184164376,-6.08798733392669,-8.04106889257714,-7.22884912307708,-8.62810231517857,-2.89475929006221,-2.60361466852962,-3.50304157352534,-4.71226965659221,-4.39907537192186,-5.65108707568958,6.4374138378038
2018-04-25,0.0054791142247,2.22748020957544,2.60847026586875,2.74047637823878,-5.52307487478299,-5.11651050444522,-6.56471402828938,-8.12039458590882,-7.62487555827073,-9.01498810542917,-3.03958238245888,-2.98257525691318,-3.79774348001245,-4.95044402901838,-4.86815659719155,-5.91287054914,6.85194056446479
2018-04-26,3.9577583433,2.19253760204755,2.17363644527089,2.6137577534552,-5.43468738146901,-4.78910311415405,-6.25716029491004,-8.12039458590882,-7.33642074576304,-8.7215196429963,-2.99107919267162,-2.65366961360896,-3.62057489276558,-4.89503010762571,-4.46568236253785,-5.76841341636264,2.74043725693827
2018-04-27,3.6008853987,2.26409028078671,2.64343423321063,2.80090355977564,-5.61870909663252,-5.17721566547649,-6.71039555418489,-8.19763944374546,-7.75153987506154,-9.01498810542917,-3.08458607971773,-3.02560242205444,-3.89396658336009,-4.99299198061353,-4.95044402901838,-6.09983930080769,6.99801403797219
2018-04-30,-0.41268710802,2.31154979050394,2.90305563784226,2.94694627253531,-5.71436609962952,-6.94160445405105,-7.05680131503451,-8.27619196240937,-9.21598389492727,-9.21598389492727,-3.14925458958471,-4.0610899329869,-4.10234179938338,-5.03620654977923,-6.27769784635417,-6.37270583701884,2.97267320982745
2018-05-01,1.0299272728,2.27430183952619,2.79210861357536,2.81791319053263,-5.62814894642662,-6.66836860199151,-6.74322824062636,-8.19763944374546,-9.01498810542917,-9.01498810542917,-3.10010445271985,-3.89076768196396,-3.91366857069259,-4.99299198061353,-6.09983930080769,-6.12833340740909,2.18160715765388
2018-05-02,-0.79506528637,2.24476791657681,2.53919868520394,2.71230886485453,-5.55223607879264,-4.96829079360088,-6.48927020615074,-8.12039458590882,-7.50652444016744,-9.01498810542917,-3.0574805611274,-2.89935569754105,-3.76329419307903,-4.96451556308889,-4.72940874455294,-5.88806860177907,1.55548940558578
2018-05-03,0.15257886953,2.2134838004109,2.49864820123816,2.61924797714108,-5.4813320716441,-4.8918134963692,-6.26007872746021,-8.12039458590882,-7.39280390121778,-8.7215196429963,-3.01723679323746,-2.85195071616244,-3.62534213533025,-4.93638524226569,-4.68236623726051,-5.76841341636264,2.56597413050123
2018-05-04,0.56454049591,2.17643999793752,2.41970567879866,2.50176335157506,-5.39763072558894,-4.73282949527531,-5.96950216587019,-8.12039458590882,-7.22884912307708,-8.62810231517857,-2.96962182736799,-2.75887817588874,-3.45057781955798,-4.85477415594266,-4.58052246416626,-5.50684638291553,0.828575342360505
2018-05-07,1.2138271293,2.14373218909659,2.36071507075931,2.39755850240829,-5.31909064762333,-4.60899934437337,-5.71114207739996,-8.04106889257714,-7.07839146224118,-8.27619196240937,-2.92516467706235,-2.68763593955146,-3.29777255079209,-4.79061164515135,-4.50519101504393,-5.37050410037273,1.05113563176913
2018-05-08,-0.48433262091,2.11949299538143,2.34604035405438,2.26219515584675,-5.25958089511759,-4.62853452580849,-5.40796814385569,-8.04106889257714,-7.07839146224118,-8.12039458590882,-2.89111820563326,-2.67498663225293,-3.14160900022479,-4.71751640026558,-4.48436944168571,-5.03620654977923,1.01617037610059
2018-05-09,0.98028749235,2.08855508436796,2.27158971037679,2.25030862387599,-5.18819653928134,-4.44287809438785,-5.3401712893064,-7.75153987506154,-6.85199263121429,-8.04106889257714,-2.85090338713466,-2.58587203139282,-3.08415725929281,-4.68236623726051,-4.3554493382234,-4.99299198061353,0.819655778723472
2018-05-10,0.067164179018,2.06242606386147,2.23700024030576,2.1830290288492,-5.12365772358102,-4.36819650412639,-5.16998131488242,-7.62487555827073,-6.65142807577869,-7.687069860345,-2.8146884693947,-2.54672758087279,-2.98597947251701,-4.64763795093562,-4.29126095834718,-4.89497089834357,0.548401314592757
2018-05-11,-0.38344892719,2.03426600694015,1.69710721141308,2.08039744385906,-5.04887695637988,-3.69134819415078,-4.92095380343443,-7.50652444016744,-5.81553932275281,-7.39280390121778,-2.77305859549622,-2.1730115823267,-2.840478286623,-4.59148635962424,-3.81622708713566,-4.68236623726051,0.514283460749424
2018-05-14,-0.085469552323,2.00816600400506,2.17194467168263,1.98639237876219,-4.98048192289271,-4.22585149629287,-4.69532130935713,-7.50652444016744,-6.50231917323692,-7.22884912307708,-2.70870062179725,-2.4686124971581,-2.71082764327684,-4.5475923892631,-4.17778881706039,-4.5475923892631,0.460144601708949
2018-05-15,-1.5872222986,1.97982801602715,2.14809666393269,1.89721617379115,-4.90952366961818,-4.18244118505245,-4.47778380612251,-7.39280390121778,-6.46738607088939,-6.9846586521434,-2.66874540630299,-2.43765063750275,-2.58056528929746,-4.48375563018851,-4.11355844418837,-4.34476442507979,1.33352377457384
2018-05-16,0.70806791373,1.97178193471174,1.38227988670581,1.94248664774198,-4.89481599685078,-3.23531805469241,-4.58322483629726,-7.39280390121778,-5.30299915697611,-6.9846586521434,-2.6614472650938,-1.87319474304569,-2.64100835335679,-4.47335192964286,-3.48706976715446,-4.44256314274663,0.773978087843888
2018-05-17,-0.34776472967,1.94779386074008,1.35068735068413,1.86761710586481,-4.83081006434831,-3.15302545775229,-4.40544136588158,-7.39280390121778,-5.05442399154453,-6.80682947337895,-2.62522167174812,-1.81770906682906,-2.53275375622469,-4.44081333931966,-3.43779268689783,-4.26983525149643,0.701625457221083
2018-05-18,-0.46720109258,1.92210584739739,1.60318636840909,1.79523681139635,-4.76583083961264,-3.47514257253729,-4.22838320638592,-7.33642074576304,-5.556879097583,-6.50231917323692,-2.58945989784697,-2.04398632122153,-2.42781413778776,-4.36179754238548,-3.65889648424823,-4.11120013134884,0.823561659258132
2018-05-21,0.7044087477,1.90018412439063,1.57035634470932,1.72533190197705,-4.70420147993787,-3.4006085961419,-4.0659617887574,-7.22884912307708,-5.49530489248252,-6.30145172246901,-2.5578128045296,-1.99936382242034,-2.33239570505364,-4.31498528671047,-3.63040514072544,-4.034649533084,0.632900505164205
2018-05-22,-0.25607710058,1.87807673605779,1.53831531502381,1.65906215104119,-4.65657842142378,-3.32497632581258,-3.94239289634692,-7.126917974306,-5.39684256728796,-6.17831536625733,-2.52543624296719,-1.95259816575287,-2.23838895843187,-4.26099011015482,-3.59114636946837,-3.94553449992067,0.537392821488425
2018-05-23,1.2937903122,1.85292048024038,2.07439749189038,1.59027920947439,-4.57832613215723,-4.03073192013941,-3.76548251578644,-6.9846586521434,-6.27002690056944,-5.90332620130353,-2.49155353846938,-2.35261511247409,-2.13806162044412,-4.21749807679406,-4.04223624697946,-3.76628704781629,0.637662736710611
2018-05-24,0.075537188059,1.83615487201213,1.50453829232074,1.60070428844924,-4.54078749599496,-3.24614083669809,-3.76481913070138,-6.9846586521434,-5.30299915697611,-5.90332620130353,-2.47054331308507,-1.91007984759517,-2.15130788414112,-4.18380254889029,-3.54167810788416,-3.79120629287,0.858314435865782
2018-05-25,0.44165257896,1.81129810783514,1.4615857485841,1.52418985097606,-4.47416698931412,-3.15145191378759,-3.59077805753879,-6.9382061175463,-5.05442399154453,-5.73413166979565,-2.43606396012352,-1.84702721056956,-2.04011985471133,-4.11904722168411,-3.46820262615205,-3.6531766488742,0.3980392089125
2018-05-29,0.16892836065,1.78871609816917,1.43531933731512,1.44903662607668,-4.42027184872607,-3.03110732263747,-3.46955794475301,-6.80682947337895,-4.96208148211493,-5.5751274046202,-2.38041823521316,-1.78245314322418,-1.91687727471076,-4.05860703196968,-3.39247886723444,-3.56838789212256,1.17546317037118
2018-05-30,0.74525535238,1.76207194389937,1.6871888030188,1.37794383841203,-4.34273630504738,-4.08792676819274,-3.23203648224637,-6.64741946506066,-6.33309478034286,-5.3168625717625,-2.34683332511317,-2.29140069475478,-1.81368087646591,-4.04354539292601,-4.02064192614867,-3.42680850637747,0.417414394868145
2018-05-31,0.29109662792,1.7400840355393,1.31804240037935,1.34250086578585,-4.28608034958845,-2.82217467591584,-3.14460379024561,-6.53781454717969,-4.66459645061465,-5.04972954787656,-2.31792310198773,-1.65482377553965,-1.76165685275262,-4.03591896537054,-3.21254287223154,-3.34963390624176,0.679466926864929
2018-06-01,0.73145886763,1.714239901031,1.25544361751431,1.27704956603523,-4.21946137409311,-2.68759012231378,-2.9841647833415,-6.50231917323692,-4.51833891882,-4.89164568070935,-2.28540966630023,-1.56659134330544,-1.67163747188621,-4.01301881668722,-3.1037210151299,-3.23367662034863,0.445916327935836
2018-06-04,1.4455937717,1.69416176025465,1.22752046843307,1.23664032913631,-4.18938043994884,-2.62193296160176,-2.89580683921805,-6.48643563999692,-4.43000216010226,-4.73325288105867,-2.23294583686668,-1.52753161946958,-1.61483377486193,-3.91941255604244,-3.07148745243119,-3.16167241549921,0.401028081826025
2018-06-05,1.866364013,1.68799776512375,1.36054538183511,1.3022067032782,-4.17325603306725,-2.92009793336033,-3.05347345379627,-6.48643563999692,-4.78319056863288,-4.97453763329545,-2.22359965303995,-1.71017227923358,-1.71235827047642,-3.91233809582887,-3.29264351871057,-3.29264351871057,0.762123879515086
2018-06-06,-0.03537005914,1.69386005232466,1.49702472392849,1.4105271677063,-4.19214896087746,-3.22518758922215,-3.31286169616166,-6.48643563999692,-5.31765264827478,-5.41395789138962,-2.23519207730155,-1.90000609845254,-1.87028598245957,-3.92652412916118,-3.53999865228767,-3.48668411556064,1.58950216878774
2018-06-07,-0.38036267133,1.66818564460905,1.3069848336828,1.34670208512479,-4.11957248651084,-3.04976236346633,-3.15612833893307,-6.41636367213731,-4.96007334228947,-5.06338738204683,-2.19775374868949,-1.75962879908461,-1.77224926071411,-3.84392301253534,-3.34287838785133,-3.37129170218769,1.3506005507085
2018-06-08,-0.31433138001,1.6493253778138,1.72226403943509,1.30548756150327,-4.06982409473284,-3.94517516430702,-3.05566080731036,-6.31677011737714,-6.1911417350054,-4.97453763329545,-2.16771282461133,-2.17491749967985,-1.71068360678171,-3.80821537309567,-3.81468712702727,-3.29793870871609,0.547002565397266
2018-06-11,0.30463363801,1.62631677769308,1.40591650009675,1.26238907512277,-3.99438526206253,-3.01550027375964,-2.94963334146617,-6.25298617608889,-4.94562794603284,-4.82195649048462,-2.13697783614556,-1.74970738621183,-1.645132314143,-3.77003752984577,-3.32538263832749,-3.20182420701027,0.586979751204594
2018-06-12,0.57011935205,1.60071547227953,1.36250073302109,1.20427006902436,-3.93567460982736,-2.91824889026301,-2.80694421931421,-6.1911417350054,-4.79575635282345,-4.67194404391355,-2.1019399045894,-1.69372831005519,-1.55813289916997,-3.751266448927,-3.25769859224706,-3.0966718994846,0.383253363394231
2018-06-13,0.35967623244,1.58178812317688,1.31998191976601,1.1670559747516,-3.88520654968667,-2.82679808959297,-2.71571755834842,-6.13114643081447,-4.69608223277059,-4.5791484914681,-2.07271523865628,-1.64927798116736,-1.50796373204852,-3.69613259542463,-3.21452934708638,-3.05807177061034,0.650440807823522
2018-06-14,1.1144610115,1.55926378640567,1.26697177102434,1.11148101585601,-3.81723223139247,-2.70359627259709,-2.58471055615449,-6.01831851317468,-4.54829904373171,-4.35961655010494,-2.03727433807182,-1.56633231215499,-1.43369577881901,-3.64696205267626,-3.09734430198651,-2.94508192807719,0.500634788109366
2018-06-15,-0.45769378012,1.54583259671704,1.30011118475913,1.14422522061386,-3.78644757440248,-2.77802883569383,-2.66386600710153,-5.93744075404878,-4.60516343315157,-4.49343425342071,-2.02088987322795,-1.61282652130675,-1.4803286548085,-3.63538482532679,-3.15718448711852,-3.01722540635749,0.497019378415742
2018-06-18,0.45571892279,1.52962051555387,1.27681209019523,1.12731935531295,-3.73727883569762,-2.72548763853113,-2.62100883615327,-5.91144632419398,-4.58098511455093,-4.4384289069569,-1.99463258205423,-1.58431640073062,-1.45314675301462,-3.6147221402318,-3.11741120538191,-2.98062013155248,0.597330918377336
2018-06-19,0.63754865732,1.50937230237578,1.23356500003552,1.08510537314049,-3.67352581527659,-2.62625320048952,-2.51710720237199,-5.83472649540698,-4.45560590973953,-4.26866227108272,-1.95490033034314,-1.52168064385556,-1.38801048200103,-3.58727200166272,-3.05834732977232,-2.92313436324795,1.03922113351139
2018-06-20,0.88195621356,1.48844409701456,1.19832462042412,1.06100384643487,-3.61736202608021,-2.54944846187783,-2.45743555462444,-5.80978700394483,-4.31514298729409,-4.1633120107,-1.93013319502936,-1.47310816319914,-1.35411792405549,-3.56464444163162,-3.00924535552367,-2.87836165863614,0.681387067679302
2018-06-21,-1.1348052661,1.47168716687578,1.20509481323896,1.06438874798408,-3.56477249021458,-2.56405846756109,-2.47495605079816,-5.73586047926333,-4.32465746939459,-4.1888138357385,-1.90626851829784,-1.48721928883283,-1.36482406191723,-3.53675168426486,-3.02417023652756,-2.89194822330671,3.16193173114638
2018-06-22,-0.84093352289,1.47285357642947,1.31560495912011,1.14141883603396,-3.57719834049586,-2.81356631986355,-2.66197342014395,-5.76019252491685,-4.68415382581382,-4.49879208156964,-1.9122872993926,-1.63549630466246,-1.4749960150201,-3.54226510814102,-3.18644361264715,-3.00924535552367,1.1956326237195
2018-06-25,-3.0611947519,1.4670165481417,1.57267665986545,1.17042494562576,-3.55674847465698,-3.39637186182886,-2.73476072689194,-5.75371910336292,-5.503872431681,-4.59179129491824,-1.89599421523487,-1.98552813892855,-1.51255246705053,-3.52915238960777,-3.60819963107766,-3.05562709076075,4.09455152729446
2018-06-26,1.6799446832,1.57001510797608,1.45693291915079,1.39136251337178,-3.83714548781653,-3.43789803568787,-3.26965923960343,-6.07115431188312,-5.54678145877653,-5.4012843481981,-2.04193901120988,-1.96903271838379,-1.82527477897451,-3.65263124446909,-3.59484003108491,-3.43768074872484,2.15028222181672
2018-06-27,-1.808301155,1.57315344087778,1.71496173711019,1.46844941563809,-3.85161772051816,-3.72162189499216,-3.45738830490658,-6.130392488664,-5.88050482434286,-5.54678145877653,-2.04737826543662,-2.18556640282944,-1.93459292948918,-3.65263124446909,-3.82059734038468,-3.5665238697831,2.32278972280244
2018-06-28,2.4655075851,1.59549244360802,1.65817100039647,1.58651655778985,-3.90885383702981,-3.94747056036246,-3.74641402206867,-6.19193663823562,-6.22353510183611,-5.93297075577683,-2.07522857996046,-2.27367124172059,-2.10646620807571,-3.694141535725,-3.99143648276518,-3.74360724077846,2.52155765888481
2018-06-29,-0.096976108671,1.62101092043515,1.86497244044116,1.73446393508983,-3.93671316847551,-4.06966395559984,-4.14044162732664,-6.22353510183611,-6.35476392879706,-6.4955437261875,-2.14562091089819,-2.40889925030769,-2.34248531128083,-3.77520862313255,-4.10067253912619,-4.03795923494128,0.980675888768663
2018-07-02,0.82244969981,1.59732499012631,1.70880215378392,1.6436136346567,-3.87985707764962,-4.04922694640455,-3.96340090829389,-6.16104280653649,-6.35476392879706,-6.25554445929155,-2.11379646296014,-2.34577100205064,-2.22940319448757,-3.74991778810463,-4.03795923494128,-3.91715317526368,1.21881034035178
2018-07-03,-1.1565078363,1.58133149124028,1.58144042820427,1.59284613479904,-3.83476497935692,-3.79397182922255,-3.84212666058743,-6.07115431188312,-5.95955183824198,-6.07115431188312,-2.08953479907192,-2.16140059197645,-2.15671836165585,-3.72764608014886,-3.7912597815004,-3.7912597815004,1.22730385104477
2018-07-05,0.34062197446,1.58001748452359,1.63505602669854,1.61482337287866,-3.83044361524483,-3.54623318768117,-3.9012108003348,-6.07115431188312,-5.75371910336292,-6.16104280653649,-2.08888150680214,-2.08944256168304,-2.18977973645664,-3.72764608014886,-3.72764608014886,-3.82401937673887,1.34726493763753
2018-07-06,0.64127832065,1.55668616248721,1.44815345603786,1.53789053854759,-3.77518536829528,-3.40652707242451,-3.70485408338574,-5.93297075577683,-5.54678145877653,-5.88050482434286,-2.05653498693119,-1.95743503021204,-2.07717757192195,-3.66097621620513,-3.58561699976853,-3.70292449708759,0.592231128375553
2018-07-09,1.6596224783,1.53907411237144,1.37262774165194,1.48231480861016,-3.72630006502281,-3.22100078284924,-3.56951892873675,-5.9064599920747,-5.34177905818519,-5.75371910336292,-2.0302433996568,-1.85348904319652,-1.99605069954602,-3.65382270929927,-3.47390730280098,-3.62445053820143,0.605971347702744
2018-07-10,0.23288978846,1.54335822024257,1.55986195220892,1.54677512072608,-3.74313104886501,-3.37515443398632,-3.72445571117114,-5.93297075577683,-5.48296625556832,-5.88050482434286,-2.03771434045334,-1.98869796675128,-2.0865299700584,-3.65382270929927,-3.61283678918648,-3.72648897995076,0.734119177635804
2018-07-11,0.68442460724,1.52030411939929,1.33689362084593,1.47764486489322,-3.68692230600851,-3.13600532407871,-3.49694167880551,-5.88050482434286,-5.06281380947419,-5.68141066468696,-1.99846148249432,-1.79646054521708,-1.96031354653991,-3.6303046982187,-3.39186563290528,-3.5898086432993,0.905908710798104
2018-07-12,2.3715099715,1.50479573379007,1.30481097780864,1.4285812561568,-3.64276373093389,-3.05892122311785,-3.3808911135954,-5.82912821405581,-4.97194505132615,-5.48296625556832,-1.98608739622867,-1.75219826962171,-1.90075385697009,-3.61283678918648,-3.32902851163343,-3.53886699797789,0.730757089223431
2018-07-13,0.91338179482,1.54225231373493,1.60179173349925,1.57419117191563,-3.74309491231873,-3.4757677229129,-3.79629424049805,-5.93297075577683,-5.59019258250312,-5.95955183824198,-2.03806135546636,-2.0434321264249,-2.12559467218618,-3.65382270929927,-3.65973347719634,-3.75821927690545,1.05660337239304
2018-07-16,0.52177845937,1.52772392973366,1.56415348903874,1.53947177785965,-3.70662071884335,-3.38933190120655,-3.70609823797912,-5.88050482434286,-5.48296625556832,-5.88050482434286,-2.01785374921259,-1.99014917334872,-2.07299518206241,-3.64202798114312,-3.61863364261571,-3.70174277676654,1.31988566845778
2018-07-17,1.1764124905,1.51050518742158,1.52342118471544,1.48015277609803,-3.65643858712195,-3.30135362944037,-3.51990298192365,-5.82912821405581,-5.4012843481981,-5.68141066468696,-1.99804010565809,-1.93277211040182,-1.97446900281965,-3.6303046982187,-3.56698938193045,-3.60128288305583,1.85225473650144
2018-07-18,-0.054774313594,1.49760510726802,1.67857000287713,1.47651652888471,-3.61578569783881,-3.5439191768469,-3.55027544586575,-5.82912821405581,-5.75371910336292,-5.75371910336292,-1.99881642697312,-2.00575042459519,-1.98806728167132,-3.6303046982187,-3.6303046982187,-3.61283678918648,1.57519442407711
2018-07-19,-1.6251383673,1.4764601744294,1.48395995225462,1.40657188292415,-3.56542380044866,-3.20929792637417,-3.36963414273174,-5.75371910336292,-5.32227872359633,-5.48296625556832,-1.96948637882289,-1.88377346415352,-1.88491892024864,-3.60128288305583,-3.50594691341267,-3.50594691341267,1.50404318559126
2018-07-20,0.040265420648,1.49558806521207,1.32662398626294,1.51090910380686,-3.61644307209824,-3.11853197905166,-3.62654298858149,-5.82912821405581,-5.03209799426191,-5.82912821405581,-1.99941428727509,-1.79028456761721,-2.03378315199171,-3.6303046982187,-3.38199856057747,-3.65382270929927,0.673447902078063
2018-07-23,-0.6450901471,1.47464878742552,1.56116859497498,1.43717629139279,-3.56569182407997,-3.36190173682414,-3.43881081126099,-5.75371910336292,-5.46221893681961,-5.54678145877653,-1.97000974651175,-1.94083391211884,-1.92542904245793,-3.60128288305583,-3.57835596664564,-3.56698938193045,3.36185135623794
2018-07-24,1.5116537181,1.46303742971642,1.28176641450633,1.41521665314288,-3.53667827573325,-3.00854439873758,-3.38503707029821,-5.70512120913077,-4.92814367836541,-5.48296625556832,-1.95327455651475,-1.73925081061015,-1.89287928391007,-3.5898086432993,-3.30544054596294,-3.5168023088057,1.30763546940064
2018-07-25,1.8789223939,1.46886579936792,1.53719625818899,1.46651538352939,-3.54903758920353,-3.32087693608413,-3.532924972925,-5.77583102078182,-5.43710393260777,-5.72620177400444,-1.93661206997705,-1.91294227759004,-1.97220904355701,-3.57183867216794,-3.54912719054502,-3.60055030331312,0.717186425454243
2018-07-26,-2.983993432,1.48804180256275,1.58067564308227,1.56179017400634,-3.59541217951265,-3.3841326752492,-3.77826799277251,-5.80118185531839,-5.499717214419,-5.95920656300247,-1.96365998200325,-1.97868967668675,-2.11129364383407,-3.59398489088799,-3.61139358255964,-3.76417496057137,1.34383368841773
2018-07-27,0.51272123892,1.58524578480946,1.86509917057451,1.79493901730784,-3.83757441720266,-4.05005067417338,-4.35104646714371,-6.07115431188312,-6.35476392879706,-6.7243665134069,-2.12765511542114,-2.35973236955668,-2.45094213214485,-3.76112737647539,-4.04668927464954,-4.15133809305862,3.90362798500801
2018-07-30,-2.0938000407,1.56292499258988,1.69625121626272,1.70856564400858,-3.78450237023263,-4.07767344583671,-4.13053877784304,-5.98644785658875,-6.35476392879706,-6.45917546115385,-2.09626976278029,-2.2738386132894,-2.32266995141928,-3.75469954809728,-3.99951145156081,-4.03880234536774,5.19839618644096
2018-07-31,-0.10004383948,1.60019603692297,1.89640495020025,1.84518899413049,-3.87472290587479,-4.00558058715322,-4.48012909569553,-6.16104280653649,-6.32120016962174,-7.04027894825294,-2.14955069619285,-2.29269798780912,-2.51914972759215,-3.78689722284683,-4.02301066671872,-4.26542112786789,3.79361396865483
2018-08-01,1.1100234045,1.57862469048211,1.71160991315413,1.7514068160647,-3.81881182001856,-3.70872446913546,-4.27016530058941,-6.04231691803077,-5.90547632378675,-6.56915240027097,-2.11697752123237,-2.15975947845811,-2.38518780821149,-3.76479200187059,-3.80387980986707,-4.06807402284695,1.72388920221661
2018-08-02,2.0676953209,1.56628209472283,1.62631384306784,1.72046309085395,-3.79002537564379,-3.52994569273226,-4.18729575497783,-5.98644785658875,-5.72620177400444,-6.4955437261875,-2.09966081454488,-2.08534468798561,-2.33974020002904,-3.75832474984492,-3.72015183404427,-4.05236388569116,1.25737371486718
2018-08-03,-0.60185462817,1.5851792332461,1.70471553459852,1.81514006110713,-3.84178330419516,-3.67889417174328,-4.40044872530928,-6.07115431188312,-5.90547632378675,-6.80819231081607,-2.12503914790762,-2.16129581816608,-2.47553254070139,-3.76479200187059,-3.80387980986707,-4.19217999881364,0.973616366001899
2018-08-06,1.3415309688,1.56906322442627,1.49836593897372,1.75602686975921,-3.80173032120138,-3.50653168324648,-4.25912063975121,-5.98644785658875,-5.70199901956813,-6.56915240027097,-2.10248897966869,-2.02937925976055,-2.38836392992677,-3.75832474984492,-3.64755771513248,-4.07600737762028,0.926231973288089
2018-08-07,0.79718576653,1.56461139985164,1.61348077169162,1.75342758462695,-3.78832654583195,-3.46814271119438,-4.29289732923611,-5.98644785658875,-5.60895386894526,-6.56915240027097,-2.09454449501518,-2.03465691260275,-2.38063141505666,-3.75428737417305,-3.65541206837096,-4.07250481491651,0.71820646939897
2018-08-08,1.2907521155,1.54577985856814,1.54188685106571,1.69044830636652,-3.74597121642068,-3.31860360722836,-4.10892371575881,-5.95920656300247,-5.43710393260777,-6.45917546115385,-2.07071266408704,-1.95490164868037,-2.28627895543001,-3.69758935767774,-3.5908838289371,-4.02465200956422,0.756746319508855
2018-08-09,0.63609185163,1.53833111138803,1.72764043471634,1.68707002562946,-3.7312245322726,-3.94273439495298,-4.07765845493469,-5.93205254843537,-6.22353510183611,-6.35476392879706,-2.06205856060573,-2.10066775430777,-2.2784576896305,-3.67932789529366,-3.76079368571059,-4.00880067382591,0.999076912506724
2018-08-10,-0.64365927137,1.52079731087181,1.51453243731741,1.61669304272726,-3.68530320535621,-3.25607921616416,-3.9565956941126,-5.90547632378675,-5.39487110494095,-6.25554445929155,-2.01810978163028,-1.89895667058055,-2.17385659536922,-3.64443968644725,-3.54006601034399,-3.82845413230328,0.798802586327202
2018-08-13,0.52483698237,1.50717157028064,1.29799339506133,1.57969389626696,-3.65346617476289,-3.03374003129499,-3.84913033155364,-5.85290771809765,-4.99277092564844,-6.10040332463947,-2.00005634300682,-1.73295613401613,-2.11427529619324,-3.63257097348873,-3.30439791463501,-3.76877812540949,1.42374336469723
2018-08-14,1.2366838942,1.48915319060697,1.26880480491825,1.51127088362242,-3.60754078377073,-2.96023354484256,-3.69785940714724,-5.8268093615093,-4.87516479538088,-5.90547632378675,-1.97447630886556,-1.69075829281933,-2.0123768753249,-3.603197741105,-3.24950092345616,-3.63849136109599,0.981085280803183
2018-08-15,-1.9289974736,1.48469974456882,1.2757787021432,1.51983436866949,-3.59499888002943,-2.97155817283203,-3.72246346312872,-5.80118185531839,-4.88930099190667,-5.90547632378675,-1.96741937786437,-1.69902737768693,-2.02881772731441,-3.60674997602222,-3.26485419794667,-3.65423466789188,2.41067355509159
2018-08-16,0.20715810952,1.51926316859984,1.44713630410049,1.65678457023875,-3.67791809528389,-3.3841337346062,-4.06651116929739,-5.90547632378675,-5.52100376563232,-6.35476392879706,-2.01687056651595,-1.9360171056095,-2.21599748593856,-3.65095937702066,-3.5799852920841,-3.91534693402208,0.970933296408267
2018-08-17,-0.22793291346,1.50037772722044,1.3041209670527,1.57219191691639,-3.62828498256839,-3.03766139275973,-3.84639942167158,-5.85290771809765,-4.99277092564844,-6.07115431188312,-1.99082917163095,-1.73056410927603,-2.09638050253369,-3.62700977567091,-3.30353884368482,-3.77019046819206,1.09627978220871
2018-08-20,-0.29273942473,1.48196001168309,1.27089628307802,1.50419833593712,-3.58311092116733,-2.95423657584649,-3.6667163877136,-5.80118185531839,-4.87516479538088,-5.87895434881071,-1.96482821196079,-1.67335081219948,-1.98859923127828,-3.59752047041929,-3.22631412728187,-3.62107755847283,1.21466735725546
2018-08-21,0.35754058972,1.46437905037982,1.25311022294616,1.44545614866198,-3.54104865580019,-2.91673825017977,-3.51003602942968,-5.72620177400444,-4.81954754768786,-5.70199901956813,-1.93990041854815,-1.65446268888842,-1.90197624016739,-3.58581003831348,-3.20451578067263,-3.5398833215731,0.760226045845033
2018-08-22,1.1404784911,1.44550257729163,1.23802557195696,1.37925393885393,-3.49529688824229,-2.88065850755368,-3.33253431757491,-5.67802136815326,-4.76610467588194,-5.45715055308137,-1.91303489625326,-1.63441691831737,-1.80384676703565,-3.55119148843681,-3.17878321027445,-3.40084834178449,0.676307822063304
2018-08-23,-0.10499238806,1.43987152918551,1.24477355830048,1.38653663587183,-3.51720749074788,-2.88305544865142,-3.31101354294214,-5.66388258545667,-4.74863026532746,-5.42076117153168,-1.91283194744817,-1.64550870055929,-1.80377406498606,-3.53174449679512,-3.17507460445639,-3.38265269179143,0.731719938834379
2018-08-24,0.13085290884,1.42489315547448,1.23456263814373,1.32331076076424,-3.51526650772041,-2.85681724956534,-3.20338252969067,-5.66388258545667,-4.72258914774792,-5.29906628261776,-1.89479475510564,-1.64044220394958,-1.72419320293512,-3.5149335754569,-3.1708291098241,-3.27689373126973,0.413942955307427
2018-08-27,1.1698392454,1.40990082372926,1.22492443735517,1.25801638527615,-3.54718541184129,-2.84104385413317,-3.03903798637952,-5.73724887056552,-4.72258914774792,-4.96017480624724,-1.87572640391811,-1.62655707187969,-1.63626649314676,-3.47124360229396,-3.1581718516967,-3.16660093745912,0.338333514173596
2018-08-28,0.26664176621,1.4073845359195,1.23488271637867,1.28094674979515,-3.45432695677391,-2.85312186707695,-3.09891866177811,-5.50684639304842,-4.70320986094615,-5.00159609800164,-1.85480438208831,-1.6367553061365,-1.67096134560586,-3.44176198419267,-3.15461416121828,-3.18868408456232,0.643250061065737
2018-08-29,3.3774484949,1.39294582559186,1.22287292051203,1.21758072002766,-3.41703747668661,-2.81764234146459,-2.9300174032927,-5.52042332019894,-4.68050222134375,-4.81430849354627,-1.82576690159061,-1.6001365793272,-1.56687967954392,-3.41281613822105,-3.09413903264572,-3.05851808297911,0.757964976330185
2018-08-30,0.21420349349,1.49672686190824,2.4497690076492,1.46621831851121,-3.68131626963536,-5.35014228731054,-3.56631171543856,-5.8662201797925,-8.17947072732581,-5.73430834515176,-1.96880916626192,-3.17342108869605,-1.90915041820327,-3.57667168827336,-5.15714059707946,-3.50769539007413,2.07224302090112
2018-08-31,0.51588609549,1.48002136893006,1.83639369220953,1.39401096660857,-3.63808498001284,-3.978705415982,-3.37896850375403,-5.81268579935854,-6.2583301959597,-5.47627554486146,-1.94141742311323,-2.34654904344767,-1.80330270699897,-3.55335665147266,-4.03792181523044,-3.36956023816955,0.657233215002335
2018-09-04,1.3315380756,1.46400298633988,1.27459667003416,1.33885305400331,-3.59638008991164,-2.95261307391457,-3.22884685482102,-5.76007024906905,-4.82831196752556,-5.32868930852718,-1.91664026751873,-1.67546970928922,-1.72129646775982,-3.53606375634733,-3.20002605124943,-3.26313541508263,1.38925658464333
2018-09-05,-2.1912125952,1.46120304242538,1.59081845844352,1.37754449052333,-3.56844411309173,-3.58744031021012,-3.32462254209805,-5.6788115444631,-5.70421519661205,-5.36098363592245,-1.90336653714326,-2.00047652642181,-1.77975569634175,-3.48905036111796,-3.58087184023843,-3.32679111185619,2.16666511456582
2018-09-06,-1.8302403224,1.50493256833333,1.43454688310588,1.55102484025222,-3.77474040625876,-3.36240371789785,-3.79921942291558,-5.86289313648442,-5.40305367132188,-5.89030090043684,-2.00520105000453,-1.93549651752536,-2.05515561359802,-3.57570582074015,-3.5181567346129,-3.61101014488517,3.5746063832898
2018-09-07,-0.3186420945,1.53114634753452,1.66727962755681,1.67749714576547,-3.86055064610164,-4.01624236496058,-4.2530469086064,-6.05937061851143,-6.25842684921719,-6.48094087420172,-2.03962229577863,-2.21950207294283,-2.24114839172737,-3.59627669985682,-3.85756895490982,-3.90235779838257,2.02322852232547
2018-09-10,-0.6690333852,1.51577977542278,1.45803372371214,1.60652718055422,-3.82749266703219,-3.38845862427605,-4.13171475076058,-5.99799150918056,-5.43570084514468,-6.44222551054237,-2.01594062892538,-1.95121338663387,-2.1277846619216,-3.58595764983509,-3.53348364142737,-3.70958207565225,1.89288648001431
2018-09-11,2.482710249,1.50320719378797,1.39916092170621,1.57250561819434,-3.79049578318105,-3.26283341399195,-4.03554619310733,-5.91056446897467,-5.32906988934849,-6.25842684921719,-1.99793653433862,-1.8608242586698,-2.07453356993609,-3.57417138769888,-3.42796208200239,-3.64604954129686,1.50953307355739
2018-09-12,0.14342148297,1.54479921553897,1.61980389432293,1.73726292024431,-3.89990287809641,-3.82864702721137,-4.4544005149669,-6.09121267144493,-5.99799150918056,-6.819307753002,-2.05397626461322,-2.197507338041,-2.29266628968561,-3.61343373767885,-3.80828804964826,-3.99128802198301,2.73306291095171
2018-09-13,-0.0065326633376,1.52241834311197,1.44619863205441,1.64299411211052,-3.80218683008694,-3.38324564031937,-4.20737645463181,-5.85142780087973,-5.38353980145806,-6.4141735578193,-2.01939378503759,-1.94502394272902,-2.15720704615052,-3.56406961313118,-3.50050637914343,-3.72600528169578,1.18718780822813
2018-09-14,-0.98900933226,1.50611787212305,1.33582670825422,1.5615488981813,-3.75492578236384,-3.12143301242647,-3.96267496357647,-5.823807471216,-4.95357447321293,-6.12666900534923,-1.99340492935734,-1.78422165645511,-2.04109547874914,-3.54070414003895,-3.30518063020772,-3.58176086435615,0.933787098339196
2018-09-17,-3.1550256574,1.50345360857313,1.34018065322508,1.57224419042863,-3.71332487918805,-3.11888026015893,-3.97069423191609,-5.73707306224342,-4.92511154792087,-6.09385428852969,-1.98749355302707,-1.77815120415244,-2.06116966254818,-3.51734424096479,-3.27962906427628,-3.57556751000739,3.51740635148678
2018-09-18,1.7305807562,1.59657922684569,1.72356122237549,1.81877458642773,-3.94892999142825,-4.12620444197815,-4.60879605410091,-6.06088531059077,-6.3053348764,-6.9165783802,-2.12561125383722,-2.3480180652653,-2.40430724773568,-3.66603849529877,-3.95986344905446,-4.00793452763724,1.81507748992235
2018-09-19,-0.7537157725,1.60069183171559,1.75926853083846,1.85895383461615,-3.96186063243299,-3.80123608850374,-4.71856471608448,-6.09385428852969,-5.81888830662055,-7.08088395273659,-2.13702807653142,-2.22543151475671,-2.48326194167063,-3.67876851258506,-3.82858339300685,-4.11872131497869,1.84158091189201
2018-09-20,0.92814651016,1.59016886161901,2.17013842879262,1.80969080742871,-3.89938434977621,-4.97921384827187,-4.5090630744665,-5.93708947924545,-7.31942157634286,-6.74635806240889,-2.1154377545444,-2.83623283906863,-2.40824950389075,-3.64014493573512,-4.55014735270217,-3.98565595562938,0.892597011835613
2018-09-21,-1.5064547653,1.58060817226636,1.50512790127883,1.75054145167246,-3.85385305108296,-3.53852931728987,-4.2125153588689,-5.80194272286818,-5.41366595950494,-6.19753420587407,-2.10280035770001,-2.01426483626796,-2.32236236010064,-3.59604254150496,-3.47930872813969,-3.8781761568796,1.05757437365015
2018-09-24,1.0104385878,1.5919762335357,1.58963811415776,1.81045946319872,-3.88885281137338,-3.75168078086799,-4.47095112601088,-5.83178385758769,-5.63672937031528,-6.56178621567333,-2.11606174170988,-2.13595362999486,-2.40469102358549,-3.60221211436058,-3.61451454701381,-3.93216975577423,3.98937879264111
2018-09-25,2.0776897787,1.57660020428239,1.49799838728839,1.76270621745982,-3.84207859410776,-3.54014816199175,-4.28203063864633,-5.74452448638971,-5.41366595950494,-6.19753420587407,-2.09766287844182,-2.02258982294515,-2.33639788306804,-3.59604254150496,-3.49054605011615,-3.8858909095615,1.23237284991585
2018-09-26,0.015193335093,1.59735480277645,1.63714436151084,1.85953546095824,-3.91078280640709,-3.85895564511909,-4.66518564004767,-5.86187746329219,-5.80194272286818,-6.75519873349024,-2.12118479616108,-2.23237185958305,-2.4711651848404,-3.60221211436058,-3.76628199864259,-4.02170265712459,1.25341008062596
2018-09-27,1.930779553,1.57848257934884,1.46223486699928,1.76028688377698,-3.85814295545336,-3.42348855175108,-4.37241925874773,-5.81162277573692,-5.26152593520345,-6.37183503656327,-2.09071388759691,-1.95499484039532,-2.32963662183539,-3.56507796145306,-3.42857728435242,-3.871703341232,0.845400756625681
2018-09-28,-0.49578237249,1.59004244848939,1.5830678539648,1.83628206666131,-3.88775866413585,-3.74720929541839,-4.55725893287668,-5.8420814290125,-5.64326444191972,-6.64259113104651,-2.10698197466024,-2.11838315710801,-2.43697212809609,-3.58950023136017,-3.59566825114375,-3.94953488071789,0.937557087576326
2018-10-01,0.067898152702,1.57167060740675,1.45771337184556,1.76403690749696,-3.84834729711358,-3.41159177820871,-4.37125079239989,-5.78191964311667,-5.26152593520345,-6.37183503656327,-2.08479891937242,-1.94018954772561,-2.32232243154141,-3.5531101227413,-3.41763833423542,-3.871703341232,0.89325959192524
2018-10-02,-1.6489053862,1.55216992982786,1.36441620032001,1.67139707915398,-3.79915103460367,-3.18425919296805,-4.13290727939995,-5.66988389000286,-4.9694017831451,-6.17946004165,-2.05735208634822,-1.80830879874984,-2.18882484520266,-3.50409659560118,-3.25578864492781,-3.66902241608816,2.14334656429128
2018-10-03,-0.94099862536,1.56787249630035,1.42800145497056,1.76014336342383,-3.83872087447878,-3.33236844099478,-4.35024100125162,-5.75305859385224,-5.15875434986304,-6.37183503656327,-2.07786450307868,-1.92649427795073,-2.3089216652702,-3.55060255444453,-3.40394890952125,-3.869764166833,1.79452241047912
2018-10-04,-2.2194227658,1.56801886250478,1.40935663007133,1.73475886644099,-3.80670485427786,-3.28838436781828,-4.39300841498721,-5.69689646282609,-5.1388245303129,-6.4132492016625,-2.074217216254,-1.89312735424807,-2.30786216762994,-3.53876587175783,-3.36124793432313,-3.869764166833,2.3475184564496
2018-10-05,-1.0353929464,1.61247913738422,1.61872124514264,1.89176678146932,-3.91688021052615,-3.7912721395182,-4.79902770458079,-5.90436405008548,-5.66988389000286,-7.02555178823611,-2.14619134427232,-2.20516516653216,-2.5264153226034,-3.61833301744619,-3.71567928098778,-4.09338862484335,4.16708454069317
2018-10-08,-1.3351678883,1.60438008157932,1.62404851126707,1.87061418888326,-3.90185010849433,-3.78833785379845,-4.74255556934683,-5.8420814290125,-5.66988389000286,-6.90603336787105,-2.13599785742514,-2.20583274694636,-2.48784134510335,-3.60593679627311,-3.71567928098778,-4.05744311133164,5.60316235669082
2018-10-09,0.31645230138,1.60679753007087,1.74022813936338,1.89191969007768,-3.9119644660913,-4.01356032209672,-4.79527129340178,-5.8728161645127,-6.00235348266102,-7.02555178823611,-2.14143404792015,-2.35141835812592,-2.51471429247231,-3.61211880453797,-3.88536737334949,-4.09338862484335,4.77204562367558
2018-10-10,-6.1524231147,1.58346010655367,1.82953489674943,1.77767418805508,-3.85163932573352,-4.1359872096228,-4.53506157445372,-5.81162277573692,-6.17946004165,-6.64259113104651,-2.10882014692084,-2.34308704413078,-2.37051703517854,-3.59174225687125,-3.89205383630152,-3.89205383630152,8.72007978271086
2018-10-11,-2.044722974,1.97218883253438,2.32578557601405,2.19955622489437,-4.95739802968229,-5.70873987450238,-5.68834408028972,-7.12397077155429,-7.87347917394,-7.87347917394,-2.64973097273079,-3.2239907918658,-2.94076528364094,-4.30323622702013,-5.09113800161856,-4.60989983724922,24.6759913979423
2018-10-12,4.0276614554,1.99450623799378,2.42504094564093,2.25063436136098,-4.86885540534619,-5.80310134301727,-5.77618769041229,-6.94868053571143,-7.92087075255,-7.92087075255,-2.6838632387073,-3.35096820884541,-3.05824923157496,-4.29087839063333,-5.14450321597333,-4.69271386413932,7.4440935163609
2018-10-15,-1.5464522729,2.11353901037845,2.63030925068515,2.55610089728107,-5.13553445389124,-6.25440022432947,-6.37752081611203,-7.13300576219,-8.16690576177222,-8.39689319186875,-2.84528792709277,-3.64219271603926,-3.46617559896434,-4.4257580425194,-5.42431033400811,-5.19943364557262,5.53772126360561
2018-10-16,3.3510321135,2.09565653906993,2.60831056784259,2.52445391517318,-5.08182445402794,-6.19800301118179,-6.29852421808618,-7.06731806512903,-8.16690576177222,-8.27733771470588,-2.81994125700023,-3.61608745130563,-3.41719036744005,-4.40231987276985,-5.42431033400811,-5.15905257288256,2.39042585955162
2018-10-17,0.64671751024,2.17924282805295,2.67759906607453,2.70897299344276,-5.32528551638002,-6.42390372246197,-6.74029921570487,-7.43113806085,-8.39689319186875,-8.52553252542,-2.93500278077711,-3.72468332364066,-3.6691293676551,-4.52254381713016,-5.47300477156389,-5.44841060244384,4.23086796311034
2018-10-18,-3.3307310575,2.11417306348435,2.56275638217908,2.54388439586331,-5.12762384097808,-6.13811319053791,-6.34824592746203,-7.13300576219,-8.06088035929474,-8.27733771470588,-2.84045312476366,-3.5714984344139,-3.42316052524425,-4.42552100255113,-5.388631276436,-5.16730866952471,4.19577468423305
2018-10-19,-0.37781241535,2.19991614318085,2.68529226197289,2.74136072796174,-5.37842139503884,-6.42128179977089,-6.87510232155567,-7.401167219575,-8.27418067179333,-8.66977817053333,-2.96269178047342,-3.75940635506295,-3.71175082629333,-4.48003661459919,-5.46915698426765,-5.41944968859,4.5690938888774
2018-10-22,1.4325153201,2.12258722012842,2.57472796256585,2.57344151532928,-5.19092625332767,-6.1398445466599,-6.48411055267443,-7.09341029990714,-7.93995254631111,-8.40324334916428,-2.86649402422746,-3.59853140936533,-3.47774701189576,-4.38500910125379,-5.3467472385863,-5.14704342532683,4.3133965226912
2018-10-23,-1.1512882134,2.07615115125233,2.51293814757259,2.48868161032559,-5.06623258150349,-5.94804567932128,-6.28819456111032,-6.95764147036207,-7.88596132845556,-8.1055653958375,-2.80084648577856,-3.50456277500531,-3.36179579933372,-4.33040068669701,-5.20793737301558,-5.02413231956163,7.16098518154049
2018-10-24,-5.9082942274,2.04550412942499,2.45728691469281,2.41763153179959,-5.00321989477129,-5.84796014420396,-6.11810953256379,-6.89451895084333,-7.88596132845556,-7.99067467341765,-2.74405406964307,-3.41431797016701,-3.260703680136,-4.23822296158582,-5.08502253408049,-4.93030309624444,6.83039647512549
2018-10-25,7.088691263,2.3341058597148,2.80207094929822,2.80999755202486,-5.71041168024678,-6.41990677657526,-7.17498911109714,-7.50924354490455,-8.35964526367143,-8.81451469644546,-3.15449014929369,-3.70043319824328,-3.83993228745186,-4.66516573696759,-5.40953571458985,-5.56479859440317,6.04103892753631
2018-10-26,-7.8196805018,2.69209650155744,3.01559096743055,3.32290308732153,-6.56874882625786,-6.93102391705068,-8.14909178412724,-8.65032856514167,-8.81451469644546,-10.30510760228,-3.64403368096764,-3.94764407119267,-4.53315010005193,-5.34052568213714,-5.69182752707895,-6.37057181875641,18.0928871879142
2018-10-29,-6.3263554519,3.20730730139523,3.06267188657253,3.9040116192695,-7.95388101842956,-7.30712477356367,-9.55403021654892,-10.30510760228,-9.03226683157,-10.796321599725,-4.37336937154514,-4.29415167946869,-5.3489420827207,-6.18673767181333,-6.03423237287347,-7.39643849551667,14.6818259533501
2018-10-30,-0.54975046805,3.61634363124534,3.75594813742096,4.33310426234322,-8.88170626312614,-8.9476205235491,-10.6265724604563,-10.796321599725,-10.796321599725,-11.8270402075,-5.00878535026862,-5.36650582786182,-5.98525907092055,-6.87894096829062,-7.353635173772,-7.85945011288421,23.621810182948
2018-10-31,4.4164347042,3.80300992080083,3.01606457558844,3.99681028913851,-9.22448982636257,-7.1350074194674,-9.85348770249456,-10.796321599725,-8.73161184689167,-11.1789739600667,-5.35788529736287,-4.24923887774316,-5.5384465177494,-7.353635173772,-6.040074834454,-7.353635173772,7.3887947868065
2018-11-01,4.2252551611,3.85731309819165,3.67882117469285,4.14450669814545,-9.33352622159516,-8.71654646573457,-10.2068451577433,-10.796321599725,-10.796321599725,-11.8270402075,-5.44706560266406,-5.2686142379993,-5.74230173657911,-7.353635173772,-7.27634133321538,-7.50372200958696,5.68636833538345
2018-11-02,0,3.83238303923449,3.79802992504765,4.18319077752079,-9.26658268130449,-9.11749043255597,-10.4017416599871,-10.796321599725,-10.796321599725,-11.8270402075,-5.4084480070664,-5.47454198459269,-5.86139586665344,-7.353635173772,-7.353635173772,-7.76189231861,6.73184763296189
2018-11-05,-2.2653449653,3.60321654932558,3.4543330361658,3.91395565941876,-8.75303343839067,-8.20589014498949,-9.88175163603468,-10.796321599725,-10.30510760228,-11.1789739600667,-5.07317216895145,-4.91198609577921,-5.41682240460257,-6.93748855162903,-6.82083648110303,-7.353635173772,5.10372804650313
2018-11-06,0.92210345247,3.48195885843272,3.44945314066247,3.79594308024098,-8.41781749042867,-8.14036820002088,-9.34470691075569,-10.796321599725,-10.30510760228,-10.796321599725,-4.88450091098426,-4.89313215054623,-5.25072673266212,-6.870785045025,-6.870785045025,-7.27634133321538,4.43454662300923
2018-11-07,6.8589794315,3.31760388024849,2.84397734460761,3.51973374600106,-7.99086749364712,-6.56131186262651,-8.72722989473067,-10.30510760228,-8.58643256026923,-10.796321599725,-4.63665904319461,-4.02690335816824,-4.87533099781434,-6.53123448579737,-5.84410921696909,-6.870785045025,3.78260231802487
2018-11-08,-0.033039208392,3.68161047326958,3.44452325284718,3.99331790291595,-8.8714315086995,-8.03589386671421,-9.85639942024457,-10.796321599725,-10.30510760228,-11.1789739600667,-5.18724363515619,-4.92239327937861,-5.54561956591686,-7.12878114415357,-6.870785045025,-7.353635173772,5.39464547238392
2018-11-09,-2.4206369558,3.47820690230934,3.35183036098698,3.69510847154856,-8.43273332344978,-7.97040641290226,-9.12106526025747,-10.796321599725,-10.30510760228,-10.796321599725,-4.88006782957594,-4.76226705715354,-5.11656022242853,-6.870785045025,-6.8080090967,-7.06010260384828,3.34662063387356
2018-11-12,-4.4136110674,3.38360297264583,3.324193895224,3.63774173051332,-8.20476577810888,-7.93407226744734,-8.9683836046334,-10.30510760228,-10.30510760228,-10.796321599725,-4.74196684944233,-4.74834257142813,-5.03069292485972,-6.69067725124857,-6.69067725124857,-6.93237511450645,6.4085660056218
2018-11-13,-0.3470079725,3.45838962434865,3.24103765048602,3.84109936944634,-8.35948907915204,-7.49856765871162,-9.49200780816588,-10.796321599725,-9.03226683157,-10.796321599725,-4.86588208265805,-4.64981748974178,-5.3470906605972,-6.870785045025,-6.53123448579737,-7.353635173772,8.80595968095062
2018-11-14,-1.971590944,3.2841292950397,2.98941125008679,3.57546123631363,-7.92930850309142,-6.93359818066808,-8.82276583099664,-10.30510760228,-8.73161184689167,-10.796321599725,-4.61587381980138,-4.27506938138739,-4.95648946631923,-6.53123448579737,-6.02389740709,-6.870785045025,7.61657004114549
2018-11-15,1.2776655556,3.18088864956859,2.94199774809144,3.47138345459078,-7.7197003040114,-6.79890167732331,-8.55945395024795,-9.37606418355,-8.58643256026923,-10.796321599725,-4.44193443246287,-4.20245736635078,-4.80498856789201,-6.38663600569512,-6.02389740709,-6.870785045025,11.1627024467867
2018-11-16,-1.6073457491,3.04935221830052,2.76892844736447,3.27919049900347,-7.3808572392969,-6.57255756121815,-8.07518944130681,-9.03226683157,-8.58643256026923,-10.30510760228,-4.25958358715201,-3.9320202182492,-4.51494666402718,-6.02389740709,-5.72493785811864,-6.43439636124,6.02946398951101
2018-11-19,-5.0909684262,2.95791729515117,2.75876947744712,3.15587106899983,-7.1110837765057,-6.3107844409063,-7.78211629932521,-8.73161184689167,-8.17385825025625,-9.37606418355,-4.1326091409144,-3.83613107700757,-4.34084136908833,-5.98807068181961,-5.58055762987188,-6.13334737667447,8.18609715533544
2018-11-20,-1.1128817884,3.16441893799364,3.45418334826032,3.48786140241642,-7.56425290355978,-8.80238279747204,-8.66073800562688,-9.03226683157,-10.796321599725,-10.796321599725,-4.37592661607488,-4.86908482936732,-4.85621201115162,-6.18105915026304,-6.81685120809091,-6.81685120809091,17.2565131205087
2018-11-21,1.4223048425,3.01494817904648,2.93536414052508,3.27971889740001,-7.28772945447908,-6.83846758171481,-8.12611619762258,-9.03226683157,-8.58643256026923,-10.30510760228,-4.22761183105826,-4.20025824400503,-4.54688546518944,-6.032058239026,-6.032058239026,-6.44459740116,5.78145374148048
2018-11-23,-0.96721235814,2.88683961929947,2.80586346813359,3.11667794218525,-6.9702936731052,-6.52959157541596,-7.71183652077956,-8.73161184689167,-8.58643256026923,-9.37606418355,-4.04260197592744,-4.0108228784053,-4.31079033157344,-5.85834172821455,-5.82585106424107,-6.10410464326875,2.3445689468526
2018-11-26,5.2774190113,2.76512567127437,2.67520938355997,2.95000453311105,-6.65939762991699,-6.20613606899934,-7.28951904718477,-8.58643256026923,-8.06301732741176,-9.03226683157,-3.86197651595819,-3.81007134191813,-4.06960517329265,-5.64297233134516,-5.55977796153846,-5.85834172821455,3.73285540250321
2018-11-27,0.0056914115703,3.00666884522295,3.29170121330865,3.31077017199235,-7.27925200896367,-8.3669210880219,-8.185769638006,-9.03226683157,-10.796321599725,-10.30510760228,-4.23828204832203,-4.61116185001246,-4.58438882273919,-6.032058239026,-6.54197242255526,-6.44459740116,4.74928388455167
2018-11-28,6.0913609286,2.86587622830198,2.84066673444622,3.07338737699149,-6.9240044642387,-6.61233436204991,-7.59154740717955,-8.73161184689167,-8.58643256026923,-9.03226683157,-3.97896198983545,-4.04428194889981,-4.22034431105961,-5.79385774585614,-5.85834172821455,-6.032058239026,3.57474670872658
2018-11-29,-0.24914319765,3.18407440732553,3.23092287709447,3.49552946086536,-7.66243932592617,-7.54573309490375,-8.89601273245924,-9.19029884042222,-9.03226683157,-10.796321599725,-4.46799664767937,-4.61981368279683,-4.82503039944772,-6.39658823976341,-6.54197242255526,-6.81685120809091,4.08989971756381
2018-11-30,0.991891585,3.03682901599211,3.32880203457639,3.25855945805313,-7.30887503817685,-8.45717522300783,-8.04029663993454,-9.03226683157,-10.796321599725,-10.30510760228,-4.25672316327333,-4.6253136005766,-4.48454268996073,-6.032058239026,-6.54197242255526,-6.44459740116,2.22398119275673
2018-12-03,4.8628244496,2.90259801290425,2.91456540582846,3.06478836732044,-7.00625913179784,-6.99296433074501,-7.54909459893111,-8.73161184689167,-8.73161184689167,-9.03226683157,-4.06241114215159,-4.15483920019411,-4.20417816307232,-5.85834172821455,-5.99607149744314,-6.032058239026,2.3158782892524
2018-12-04,-5.8656254937,3.05186856523162,3.18729795734097,3.35804505765737,-7.33482629108159,-7.64942398270977,-8.2875945024138,-9.03226683157,-9.19029884042222,-10.30510760228,-4.22599816576449,-4.54450378686404,-4.61802320941578,-6.06135801421837,-6.49198786645641,-6.54197242255526,6.33699034578458
2018-12-06,1.8454807001,3.33199023751318,3.40241806016416,3.76767910562512,-8.02862931274676,-8.08928711633167,-9.29690677914323,-10.30510760228,-10.30510760228,-10.796321599725,-4.63046149920197,-4.86823951533253,-5.20861923766889,-6.52463019361026,-6.78887398119706,-7.15233554647143,11.8473048234016
2018-12-07,-4.123141026,3.21226194277368,3.26242976947095,3.59791204076198,-7.71074993095615,-7.75729549885806,-8.86577388842135,-9.37606418355,-9.37606418355,-10.796321599725,-4.47432556261088,-4.67354060018659,-4.96453789789968,-6.42754570900976,-6.57390820241579,-6.84424916574545,7.0822566200019
2018-12-10,0.73045122244,3.27473890348998,3.25925135063048,3.76930199632453,-7.94054303806498,-7.66707931420565,-9.57374488404763,-10.30510760228,-9.19029884042222,-10.796321599725,-4.56567790901456,-4.66002133467346,-5.20694237365174,-6.4763288071375,-6.57390820241579,-7.15233554647143,12.4240091569175
2018-12-11,0.1346715173,3.12746890194049,3.46357323042685,3.51418447003672,-7.5861321520157,-8.80865788196278,-8.78786262907507,-9.03226683157,-10.796321599725,-10.796321599725,-4.36546247791623,-4.8266882175683,-4.84161512067715,-6.2086516772,-6.78887398119706,-6.78887398119706,5.94492002049734
2018-12-12,1.2353642802,2.98783058588636,2.77636525460478,3.24875588381497,-7.24148426691038,-6.5219508726341,-8.24590942769144,-9.03226683157,-8.58643256026923,-10.30510760228,-4.13880851225979,-3.94561037355222,-4.48547558218996,-6.02095887468039,-5.72619620818167,-6.4763288071375,3.46522863516083
2018-12-13,-0.31018190111,2.87513954323106,2.63121924368665,3.07049553284395,-6.96152781635164,-6.1815571233692,-7.7810841372749,-8.73161184689167,-8.06301732741176,-9.37606418355,-3.98259388386602,-3.74425854884054,-4.22740449742335,-5.78693601342931,-5.48076777915797,-6.057443363808,4.99856117850112
2018-12-14,-4.0081284146,2.74676727772811,2.42622775601661,2.87003370378391,-6.64204293911725,-5.6662887379257,-7.25550894873186,-8.58643256026923,-7.365407622428,-9.03226683157,-3.81599316425974,-3.44761674226632,-3.93653952931346,-5.5572418903803,-5.12063479703882,-5.72619620818167,3.80885228511232
2018-12-17,-4.4600511335,2.87816459224163,2.80574433016172,3.13805736373936,-6.97160785769288,-6.706426666213,-7.95529679728185,-8.73161184689167,-8.58643256026923,-10.30510760228,-3.98380354752236,-4.00624405232942,-4.31443380880771,-5.75678673209322,-5.7870376771931,-6.13054748158333,8.84950697937122
2018-12-18,2.0099808668,3.00951861881859,3.09190048227018,3.40638955753035,-7.50158127262017,-7.31819291780274,-8.66920473062962,-9.03226683157,-9.03226683157,-10.796321599725,-4.17703666103441,-4.42133803216998,-4.70396247373923,-5.98160099124706,-6.28816249514186,-6.62952762569444,5.87885202265482
2018-12-19,-3.6352386109,2.93219807159264,2.95439195134741,3.29666521676009,-7.25904816827825,-6.98615425426254,-8.37436476556842,-9.03226683157,-8.73161184689167,-10.796321599725,-4.06394080832899,-4.22099461457682,-4.54497004855848,-5.814177504675,-6.017298322706,-6.47656023325385,21.6500306737091
2018-12-20,-2.2908473125,2.98237522543181,3.25322951691418,3.4435402925175,-7.48407290883034,-8.26124425244276,-8.77518146422458,-9.03226683157,-10.30510760228,-10.796321599725,-4.11642860815265,-4.54842877366306,-4.74890187756972,-5.91467768600769,-6.49559712343947,-6.65456674625143,16.6380222548502
2018-12-21,-5.7077141079,2.94448827003704,3.17052591324373,3.38392042154877,-7.37539783890452,-8.04614233078503,-8.63952703424202,-9.03226683157,-10.30510760228,-10.796321599725,-4.05757964071283,-4.41214642734114,-4.6640972644008,-5.81528694282909,-6.25701023144884,-6.59966805825,16.0984836468321
2018-12-24,-2.4313042213,3.14250499343639,3.24113222966198,3.77215178872965,-7.90076722386731,-7.6188413200205,-9.61572166308598,-10.30510760228,-9.19029884042222,-10.796321599725,-4.36602073442139,-4.6568683212201,-5.22625857014898,-6.16402784343043,-6.57556119472703,-7.25145202578462,15.7058451098178
2018-12-26,9.4452215839,3.0946268998756,3.50144827151622,3.68620485210782,-7.54744386411666,-8.90428118001974,-9.12819468756488,-9.03226683157,-10.796321599725,-10.796321599725,-4.26152193272438,-4.91452320177905,-5.10715204346728,-6.01456402801837,-6.81884791905313,-7.07107210908214,13.3611398254176
2018-12-27,-0.62954653613,3.63310553399733,3.77234982826224,4.31867445511632,-8.86858288469736,-8.97057088958817,-10.6953620037684,-10.796321599725,-10.796321599725,-11.8270402075,-5.00638331121223,-5.1288700389521,-6.01634064708799,-6.87876259737419,-7.07107210908214,-8.04449497012353,11.9690743718856
2018-12-28,1.1206589857,3.51631129098427,3.6198730988719,4.01191711712695,-8.58116807087947,-8.57211776955995,-9.92448379976754,-10.796321599725,-10.796321599725,-11.8270402075,-4.83586545887032,-4.9060986882992,-5.57470298724175,-6.81884791905313,-6.81884791905313,-7.45724385259565,6.57540229119446
2018-12-31,1.6204110905,3.41265330502898,3.41579262064796,3.75067055859661,-8.32685511450181,-8.06117562229849,-9.2658594371785,-10.30510760228,-10.30510760228,-10.796321599725,-4.6891015964252,-4.61429861731713,-5.19767075889492,-6.64319187893143,-6.53627015134595,-7.142700577,6.48749934095437
2019-01-02,2.4740840363,3.32713067236714,2.80810804479684,3.5566454160259,-8.1134838752204,-6.503873449261,-8.77497623243705,-10.30510760228,-8.58643256026923,-10.796321599725,-4.56570862419182,-3.89057843350916,-4.91749807743783,-6.48512027196053,-5.60070984579839,-6.81884791905313,7.67293896047459
2019-01-03,-2.5241532556,3.2720329948875,2.86076847864501,3.48451163888263,-7.9741864726902,-6.67665895719628,-8.58864151900704,-10.30510760228,-8.58643256026923,-10.796321599725,-4.48500819245871,-4.07071862477954,-4.81184391212933,-6.48512027196053,-5.80804839089818,-6.81884791905313,7.77262642726143
2019-01-04,5.0063988057,3.23521657098135,2.89737849874076,3.4630249595719,-7.87165202785408,-6.7604295057754,-8.53532281687489,-10.30510760228,-8.58643256026923,-10.796321599725,-4.42151619154066,-4.11784332390952,-4.77792003080737,-6.29142163163571,-5.90702152531154,-6.7576458230303,4.06205349766413
2019-01-07,3.4353398207,3.31359574726997,3.04454897330784,3.74289277473296,-8.08983516554186,-7.17207445756584,-9.22104222463508,-10.30510760228,-8.73161184689167,-10.796321599725,-4.539444479341,-4.38027151877594,-5.17486579758589,-6.48512027196053,-6.16532102963778,-7.142700577,4.53234483944425
2019-01-08,1.6612355861,3.31369039468837,3.70578990593027,3.73323103276721,-7.91873811305356,-9.4409824294211,-9.27272241561248,-10.30510760228,-10.796321599725,-10.796321599725,-4.7180309399553,-5.21213067152125,-5.2186407949133,-6.64319187893143,-7.21718512885385,-7.297276728252,4.56347583045696
2019-01-09,0.17143753994,3.15868512012398,2.85733773415861,3.54070023655466,-7.52256420993513,-6.80200737922165,-8.79318437472981,-9.03226683157,-8.58643256026923,-10.796321599725,-4.48765290510064,-4.0923929726831,-4.94673762304589,-6.48512027196053,-5.87290561981698,-6.81884791905313,3.89896185582649
2019-01-10,-0.19283846159,2.98796416716138,3.21496721848186,3.28898697571298,-7.08095773463768,-8.16765677854121,-8.1636959326688,-8.73161184689167,-10.30510760228,-10.30510760228,-4.23368293603253,-4.49790942218544,-4.61192667051563,-6.01456402801837,-6.48512027196053,-6.53627015134595,2.50983541843098
2019-01-11,-0.94552656046,2.8301850238936,2.94940262792129,3.05844405447181,-6.67922926380834,-7.479696951307,-7.58894699564314,-8.58643256026923,-9.03226683157,-9.03226683157,-3.99842623497272,-4.1070562186589,-4.27558134908106,-5.71537735131034,-5.90702152531154,-6.01456402801837,1.59760748157905
2019-01-14,-1.4232944848,2.70400528131418,2.73913969509924,2.89447164337642,-6.3782026537817,-6.93385642004717,-7.17635514864628,-8.58643256026923,-8.73161184689167,-8.73161184689167,-3.80862289191212,-3.8357366867397,-4.0736384649891,-5.49178851406364,-5.54417362158281,-5.80804839089818,2.44533346767013
2019-01-15,3.5462308542,2.59046852919298,2.81479411022859,2.78194607276204,-6.22758360957897,-7.21723160897953,-7.08898615713549,-8.1627494610875,-8.86939040484545,-8.73161184689167,-3.63441880270854,-3.90864503341461,-3.91904263630332,-5.32165238925342,-5.65599340595833,-5.68547045929661,2.37898625316541
2019-01-16,0.55059239439,2.66657587650008,2.77504605946379,2.95654414136036,-6.4286269207014,-7.03023157267023,-7.55569607317044,-8.58643256026923,-8.73161184689167,-9.03226683157,-3.75614776374762,-3.90960437540378,-4.17164340554265,-5.44182296131618,-5.65599340595833,-5.978207435824,2.22310941847272
2019-01-17,0.56064331457,2.49648371072675,2.53508399772679,2.73902743879519,-5.82432246814848,-5.87763938873623,-6.80560325206447,-7.718478063005,-7.92581715108333,-8.58643256026923,-3.49256286364094,-3.59716158741679,-3.85866064041923,-5.146972950455,-5.27823787346757,-5.60706523381639,1.45027095547644
2019-01-18,0.17599603107,2.3628130346611,2.39645718308476,2.56003976039021,-5.50293540014755,-5.54864483604751,-6.3493098277597,-7.378663453625,-7.378663453625,-8.42771952597143,-3.29760479792039,-3.39260360656841,-3.59864928649438,-4.95351367233444,-5.02867620955233,-5.3012655659411,1.20756606163023
2019-01-22,-3.7749086192,2.22897219066099,2.26526663451808,2.38849238437949,-5.19933503422925,-5.23710237754305,-5.91066710522155,-7.142700577,-7.297276728252,-8.04449497012353,-3.10320755492438,-3.19711008098186,-3.34549124241006,-4.63197879920818,-4.84600025607708,-4.99068429910114,3.36006874938782
2019-01-23,0.48095480252,2.4549675953382,2.58319034077618,2.67721576263868,-5.73843996755036,-6.07352810980715,-6.63649374407455,-7.62499693596667,-8.04449497012353,-8.58643256026923,-3.44366245555628,-3.70792211729315,-3.76587345946199,-5.05221649920824,-5.37401408723571,-5.42238504169706,3.44311322169298
2019-01-24,0.90913525455,2.33079666613156,2.38438692627488,2.50048799077907,-5.43151578126194,-5.60575839273513,-6.18760766276863,-7.378663453625,-7.45724385259565,-8.1627494610875,-3.25542164458271,-3.39463468618293,-3.50613733790817,-4.9044942752914,-5.01426508782414,-5.17143798257975,1.9118558762308
2019-01-25,0.94505507786,2.2217336799786,2.26745837922829,2.36800073709517,-5.1715467527486,-5.30885500511427,-5.84799397411381,-7.142700577,-7.297276728252,-7.81738601122105,-3.09850673417479,-3.22620891190572,-3.31324212095612,-4.62425744623514,-4.88689809417553,-4.95873175552889,1.53609690573234
2019-01-28,-1.9562185362,2.11898953711679,2.16020818901435,2.24964947908365,-4.93907181614765,-4.98488370140924,-5.54400426687844,-6.87440149214194,-6.93816511217667,-7.378663453625,-2.95428697122761,-3.04550502365853,-3.1423015682588,-4.47925876437541,-4.56996718094696,-4.65192881363211,2.03509015132674
2019-01-29,-2.6869936321,2.13224695750738,2.22578290244359,2.31437623012811,-4.96165267762795,-5.26068492703796,-5.70652766066265,-6.93816511217667,-7.297276728252,-7.53784771650909,-2.97016238907585,-3.1768789254118,-3.24144107362217,-4.49175860321818,-4.75414310729118,-4.88689809417553,1.80124955500461
2019-01-30,4.8027455015,2.21907674648995,2.34781094684145,2.47026189542223,-5.20547882506265,-5.44753330247417,-6.0998153695773,-7.142700577,-7.378663453625,-8.04449497012353,-3.09934414858878,-3.32799743309781,-3.4543337069164,-4.63568942535364,-4.97661930622921,-5.05221649920824,1.76785901428106
2019-01-31,2.8914710583,2.5114219202782,2.73714995646641,2.79832712630641,-6.00113748964711,-6.34938881645449,-6.93798755420802,-8.04449497012353,-8.42771952597143,-8.73161184689167,-3.52087341594684,-3.90277803675114,-3.95286808455589,-5.17143798257975,-5.63614517161167,-5.72623156531053,2.21941760024932
2019-02-01,-5.3818808074,2.5180988183061,2.74639898162601,2.87237272626091,-6.03376968691163,-6.47309459972881,-7.1226217289235,-8.04449497012353,-8.58643256026923,-8.73161184689167,-3.53221598367782,-3.9471222435209,-4.04561091399911,-5.19256217312179,-5.6956218956069,-5.82122174715,3.90209464286194
2019-02-04,0.43536277171,2.86211345222327,3.09404592053192,3.2573208423219,-6.88194394881117,-7.36551420628582,-8.07799446654934,-8.73161184689167,-9.03226683157,-10.30510760228,-4.04254464296052,-4.42595713670107,-4.59919451636408,-5.81323373006364,-6.29821195673333,-6.54397808794324,1.91327543698525
2019-02-05,1.5612467932,2.71752462148698,2.81274783377542,3.03509120054853,-6.55521060845922,-6.72832786719751,-7.52263649537854,-8.58643256026923,-8.58643256026923,-9.03226683157,-3.82736050200433,-3.92897841605869,-4.27436899089777,-5.54862977242813,-5.69030425004407,-6.02038430667347,1.24884071668894
2019-02-06,-1.1182715321,2.6262294567934,2.74830534334477,2.90874485358657,-6.32599440084116,-6.39879587493592,-7.21113955101432,-8.2876285877,-8.58643256026923,-8.73161184689167,-3.68896796701922,-3.83630564725822,-4.09218311381373,-5.38916017625,-5.56810556919048,-5.87395779067547,1.37980756863396
2019-02-07,-1.5784083011,2.53211012146683,2.65663283004651,2.78610936125327,-6.10114521547021,-6.28233163480202,-6.89734692557342,-8.04449497012353,-8.1627494610875,-8.73161184689167,-3.55913349102407,-3.70285517436305,-3.91201906189281,-5.24993481451184,-5.38916017625,-5.68344310907119,2.20004057028245
2019-02-08,-1.6198269293,2.47617359923666,2.57873033720651,2.72387015147857,-5.95549300880297,-6.1236512890782,-6.92528625355592,-8.04449497012353,-8.04449497012353,-8.73161184689167,-3.46898656289419,-3.66388539320552,-3.82360782602419,-5.10328353763735,-5.34144213196528,-5.56810556919048,1.78485234593117
2019-02-11,0.17503872259,2.41374426405945,2.56056205667295,2.6775296485062,-5.81240663369195,-6.08181101740162,-6.62797673230325,-7.718478063005,-8.04449497012353,-8.58643256026923,-3.38686355465962,-3.63759447384307,-3.75429409804033,-5.02645159622644,-5.34144213196528,-5.43797660391765,1.53566921369573
2019-02-12,2.9547454431,2.32625685183611,2.43346157588901,2.50468388711651,-5.5880280760559,-5.64254657539561,-6.19993201483694,-7.45724385259565,-7.45724385259565,-8.1627494610875,-3.23840681279652,-3.45294891209931,-3.50640897815858,-4.91637629780761,-5.06837310382976,-5.19036588349744,0.90762344411119
2019-02-13,0.12148887981,2.36920617940863,2.56203268865519,2.62894314128212,-5.65235108999306,-5.99486462917888,-6.50967733574674,-7.45724385259565,-8.04449497012353,-8.58643256026923,-3.30149353239997,-3.64754776606829,-3.68492190144226,-4.97223974915843,-5.34969782478169,-5.39834673036956,1.09045636943538
2019-02-14,-1.0579268293,2.26064156013483,2.34582858212233,2.45223711073945,-5.43818320431896,-5.47583345457629,-6.09015116381044,-7.378663453625,-7.378663453625,-8.04449497012353,-3.16095537414123,-3.2456411141014,-3.44116123572741,-4.68720201485189,-4.91637629780761,-5.06837310382976,1.83773599312212
2019-02-15,-0.90592549232,2.20443314428997,2.27007007762742,2.36623742772234,-5.28879413883999,-5.29580628347428,-5.87867992650864,-7.22360765437308,-7.22360765437308,-7.92581715108333,-3.07537571297186,-3.13596896572545,-3.3176953811157,-4.64431903741193,-4.67288260964206,-4.99118246072045,1.1638578262597
2019-02-19,1.2208091048,2.13345150683593,2.1850885370199,2.27882060394597,-5.11974548971079,-5.08933443080165,-5.65371017315008,-7.01282413316207,-6.94876227626333,-7.45724385259565,-2.97358000976327,-3.0106717098926,-3.1878084336734,-4.50790747508571,-4.5745570151886,-4.82795811589278,1.07530103081467
2019-02-20,-0.33669619925,2.06728015471999,2.21757716241053,2.20350729075507,-4.95728301840711,-5.19503210717557,-5.45864852883916,-6.82776022074375,-7.07981415665714,-7.378663453625,-2.87800618602181,-3.14068915854916,-3.07611778634803,-4.432153538832,-4.67288260964206,-4.64431903741193,1.48956417729794
2019-02-21,-0.16398495782,1.99192803554455,2.01743779142922,2.08710978204833,-4.76683924433988,-4.74059146206007,-5.16082774038654,-6.76628805497273,-6.70710651396176,-7.07981415665714,-2.76498370888429,-2.79020453970085,-2.91275663042102,-4.33404341545113,-4.34588101925303,-4.4445258437879,1.04066266349256
2019-02-22,0.74840685684,1.89421558861096,1.95122045273493,1.95971681316751,-4.51542156716272,-4.54979874246582,-4.85129694109648,-6.53958043369189,-6.53958043369189,-6.82776022074375,-2.60780283925164,-2.69200508552233,-2.73287631587376,-4.17703075447755,-4.26443444678633,-4.31061477522815,0.550001902013347
2019-02-25,0.088259089353,1.82358636858473,1.8903314708608,1.86770783266824,-4.31445618978116,-4.42757861130996,-4.61285817576732,-6.16257776520444,-6.33584424977561,-6.59366392533056,-2.50715851631898,-2.59244070869436,-2.59782140495526,-4.0103208803378,-4.12515940663289,-4.145559433398,0.895807840973246
2019-02-26,0.20820575628,1.75273325570405,1.84406066302426,1.75502507038823,-4.1093365385462,-4.28524641442408,-4.38722393479118,-5.967467409038,-6.08344443635319,-6.24617202172093,-2.40168686481431,-2.52973952429612,-2.46412853455665,-3.84152384497174,-4.02864894267037,-3.9394489451843,0.894834863083083
2019-02-27,0.286604742,1.68034396720985,1.8013444887592,1.65265948220614,-3.90894505141383,-4.21424330058134,-4.05687518182334,-5.69944578436552,-6.08344443635319,-5.86133797424717,-2.2984235894565,-2.49450952077989,-2.28144097204062,-3.78706884679581,-3.9831759663012,-3.76388930313196,0.753185757828486
2019-02-28,-0.076778238872,1.60999575264504,1.77469014618267,1.55222238543182,-3.77738236678366,-4.15366289584296,-3.81743696292835,-5.47351837129091,-6.04413797764375,-5.55328889695873,-2.2255642055467,-2.46000599765227,-2.14281752897017,-3.67591840313301,-3.92246362618218,-3.53872639902819,0.769322110915992
2019-03-01,1.9453236006,1.5629294470456,1.75663411763808,1.46238690279348,-3.66807896550404,-4.14456760347371,-3.58960963955191,-5.37376506887571,-6.04413797764375,-5.30143094255616,-2.15917395556041,-2.41448725928502,-2.01180620957798,-3.55055949349107,-3.85038332209615,-3.40333563735863,0.733848550489594
2019-03-04,1.46195857,1.62429154798795,1.78585622600974,1.58766014338401,-3.81699800286815,-4.17570212987666,-3.90899206778777,-5.55328889695873,-6.04413797764375,-5.69944578436552,-2.24850329960821,-2.47114054363628,-2.19020983439803,-3.711966388301,-3.94973005407706,-3.58201208976438,1.91614751542933
2019-03-05,-0.22049676618,1.63025631487814,1.78216791854344,1.62217170576449,-3.83209545687902,-4.16428867319757,-3.99602035422455,-5.58121553091935,-6.04413797764375,-5.76250245556607,-2.25840128464646,-2.46802159575495,-2.24063980214139,-3.71931057224271,-3.94973005407706,-3.70466473186816,1.19197290489336
2019-03-06,-1.3873542776,1.58864644576279,1.43903894895462,1.54004231989891,-3.73854231825341,-3.596714992305,-3.7910474135927,-5.46553509494394,-5.31531463817361,-5.51828913392187,-2.1977655876701,-1.95459573166651,-2.12809588668437,-3.59804578340977,-3.35004905354047,-3.51635544142632,1.22145830058274
2019-03-07,-2.5764702358,1.61797946379049,1.76952374586867,1.61128626890104,-3.81146423445286,-4.13031922948095,-3.97328074941736,-5.57347412339194,-6.04059217849583,-5.78906059370182,-2.2423160628491,-2.43233349440736,-2.23224354484318,-3.701679031237,-3.88002872714124,-3.68001861519261,1.52681130078419
2019-03-08,-0.31673790691,1.77810903802532,1.78611325776733,1.82038639229535,-4.19804663860653,-4.48859832656663,-4.5100397981593,-6.12217573153261,-6.53958043369189,-6.53958043369189,-2.47711275664605,-2.4633445634094,-2.551892989634,-3.93958102688706,-3.9309642877848,-4.05783597209682,1.84705379521348
2019-03-11,3.0737907206,1.72129490213183,1.82795043431081,1.73370672998667,-4.06304394881679,-4.26816750990509,-4.28585188847544,-5.89132899571154,-6.12217573153261,-6.12217573153261,-2.397369207082,-2.53854023073786,-2.42077084389964,-3.83306044871202,-4.02947401809687,-3.856693233115,1.04007154189808
2019-03-12,0.14844788166,1.88539409568311,2.00581068279843,1.94981963767849,-4.46924024003795,-4.70316072286533,-4.84199725458489,-6.48528152185526,-6.70710651396176,-6.82776022074375,-2.63904784223737,-2.80283517725463,-2.74358292906533,-4.2014277030965,-4.4137305740544,-4.31553533127444,1.09702629205287
2019-03-13,1.0585141355,1.81358228472384,1.89793560253642,1.837808169241,-4.28919591915574,-4.45003945454432,-4.55622016379212,-6.12217573153261,-6.43335253753846,-6.53958043369189,-2.5287517771732,-2.64220838317201,-2.57672224027359,-4.02019132516832,-4.2014277030965,-4.09679362373987,0.710423159555706
2019-03-14,-0.27146752145,1.76939933398008,1.85297516271677,1.79060104218576,-4.18390181965925,-4.32796901131803,-4.43259888262036,-6.08120889508085,-6.16257776520444,-6.3835202041225,-2.46727780631811,-2.57574336470919,-2.50647374857541,-3.93958102688706,-4.08692139394805,-4.00185459518344,0.674848855135635
2019-03-15,1.5502129021,1.71689826020078,1.79981751977893,1.70291920342344,-4.05929861122635,-4.19781652065419,-4.21078026667587,-5.89132899571154,-6.12217573153261,-6.12217573153261,-2.38588062952349,-2.49499107071096,-2.37772251019033,-3.82090765366793,-3.97951615850606,-3.80540578941989,0.95562707437825
2019-03-18,1.7397042677,1.71603358876807,1.80114690598195,1.73373302272697,-4.0566759397404,-4.20070637231467,-4.28886423629421,-5.89132899571154,-6.12217573153261,-6.12217573153261,-2.38547924300296,-2.49923926988729,-2.42261571058239,-3.82090765366793,-3.98856775789939,-3.86047422962235,0.997171800948472
2019-03-19,1.1307866716,1.7313875609462,1.81008340919011,1.78461321428827,-4.10530099503313,-4.21481505438346,-4.42381025164165,-6.00146052232245,-6.12217573153261,-6.33584424977561,-2.40798178637264,-2.5095041002494,-2.50026248325368,-3.8445554427674,-4.00692842071975,-3.98856775789939,1.65887482866436
2019-03-20,2.0103868093,1.70209422166593,1.78018232082135,1.75093932379267,-4.03091616078889,-4.13863448820515,-4.33529730736845,-5.85637683627736,-6.08120889508085,-6.16257776520444,-2.36649482602081,-2.46677313503428,-2.44973617201715,-3.80540578941989,-3.94407621131657,-3.90978164703815,1.45450576776274
2019-03-21,1.2235223423,1.7418869865528,1.81687221916721,1.83743818332715,-4.12944996707537,-4.22199299630439,-4.55593270389907,-6.04059217849583,-6.12217573153261,-6.53958043369189,-2.42369868323389,-2.51719978458355,-2.57731236642829,-3.86047422962235,-4.00692842071975,-4.10282585245987,1.26202268680974
2019-03-22,-2.9951738619,1.71855991056268,1.78887657416962,1.80639875197335,-4.08749880718576,-4.15426103271413,-4.47979638649162,-5.92671902168039,-6.08120889508085,-6.53958043369189,-2.37539481530965,-2.46433760381726,-2.53371697921032,-3.80840553287405,-3.9394351781213,-4.03031732857484,2.23545643400018
2019-03-25,0.53774712851,1.91456370615744,1.96890555092906,2.03810575306005,-4.56340093898622,-4.91378160305559,-5.07609304610267,-6.53958043369189,-6.82776022074375,-6.94876227626333,-2.66630095870726,-2.75698166929808,-2.88189818262499,-4.24034545744389,-4.34635234163,-4.44768215172869,2.57848613779477
2019-03-26,0.53543449103,1.84154743580623,1.90338638545849,1.92759191882958,-4.38758394345665,-4.45014308720502,-4.79224296574976,-6.24617202172093,-6.43335253753846,-6.76628805497273,-2.56319729544863,-2.64316116787329,-2.71617023567198,-4.07154909402387,-4.20682385419718,-4.32220473342955,1.38381546335456
2019-03-27,-1.012468045,1.77860633883636,1.83162699636679,1.82765562732408,-4.2251778220334,-4.27370117103508,-4.53439309105225,-6.12217573153261,-6.12217573153261,-6.53958043369189,-2.4743053719493,-2.53539280173368,-2.56649012522226,-3.94256568239053,-4.03321175250755,-4.07154909402387,2.35767685107501
2019-03-28,0.43722036589,1.75380933895301,1.80517164841325,1.81030867588945,-4.15440439218454,-4.20912722247953,-4.48952943351835,-6.08120889508085,-6.12217573153261,-6.53958043369189,-2.43905923204172,-2.49613140645094,-2.54022823223247,-3.89159860289371,-3.98701117626219,-4.03321175250755,1.28842007891018
2019-03-29,0.41332566452,1.69912875296934,1.7542074240111,1.71636671790612,-4.00343525517656,-4.09391820431334,-4.2466981547466,-5.8221500136537,-5.963408882558,-6.12217573153261,-2.36148149683477,-2.42185285279359,-2.40029070996041,-3.80403331958925,-3.85904808778715,-3.83524663663462,0.795518881391667
2019-04-01,1.8778604521,1.65197928305896,1.71625700591428,1.62960392947282,-3.87937091284346,-3.98439844063279,-4.02306677243558,-5.69261799530345,-5.78906059370182,-5.85637683627736,-2.28973337529267,-2.37310496273747,-2.27078988591821,-3.76484656294031,-3.80403331958925,-3.74185135689897,0.736459578926834
2019-04-02,-0.011575413827,1.68867119773988,1.75201925122833,1.71079255778875,-4.02068696255652,-4.07752836469822,-4.24045027169165,-5.85637683627736,-5.89132899571154,-6.12217573153261,-2.34385941790152,-2.424241651671,-2.39634199108155,-3.80403331958925,-3.85904808778715,-3.83524663663462,0.678256927808239
2019-04-03,0.37045612407,1.64183753433474,1.70593186433206,1.62002683357908,-3.90505783492434,-3.96201876628532,-4.00628876734372,-5.69261799530345,-5.78906059370182,-5.8221500136537,-2.27526761716032,-2.35528948992687,-2.2610134095083,-3.74946996724508,-3.80403331958925,-3.71203179296566,0.738383323580187
2019-04-04,-0.10106003183,1.59910457332058,1.67880493173124,1.53839692683447,-3.80279026339975,-3.89229873636087,-3.79427729326173,-5.51828913392187,-5.69261799530345,-5.51828913392187,-2.21438138047273,-2.32138027630449,-2.13922615114399,-3.64084525074904,-3.7961787329631,-3.53078810569644,0.936926745703672
2019-04-05,1.0127222546,1.56430248065235,1.65655588056793,1.46138260364575,-3.71286505099781,-3.83955526305838,-3.59855555429116,-5.41447234613824,-5.60218947637541,-5.33951320599437,-2.15209422316364,-2.27952760923238,-2.02516137338396,-3.54492559755766,-3.76021753650314,-3.40779232872204,0.544393606914709
2019-04-08,0.68470782899,1.5499880156992,1.65320247987213,1.44860187519783,-3.6816452053303,-3.82805751830482,-3.56383372090048,-5.41447234613824,-5.60218947637541,-5.29141044335069,-2.13465390476629,-2.27566586429923,-2.0058096310787,-3.53241003595312,-3.7525011872401,-3.39649434755547,0.58319609322655
2019-04-09,-0.75789519206,1.52629130573622,1.63967626185543,1.38421670515599,-3.62184758820625,-3.80071936266367,-3.43173192838267,-5.36424269391571,-5.51828913392187,-5.09483591616341,-2.09944663897167,-2.25226498039614,-1.93386383508295,-3.51380249498414,-3.71479603694924,-3.34100937063969,0.664413202047007
2019-04-10,0.6258715357,1.51904277566937,1.64317176369199,1.3998850409804,-3.60632530940679,-3.81102211715636,-3.43634536108111,-5.33951320599437,-5.57347412339194,-5.09483591616341,-2.09246541235922,-2.26039965721573,-1.9330459446689,-3.49528993745783,-3.71479603694924,-3.34100937063969,0.588391845794351
2019-04-11,-0.17647090663,1.49824330933884,1.62659441557458,1.33490348425538,-3.55380302216772,-3.77222594304868,-3.30428428139477,-5.29141044335069,-5.46553509494394,-4.99497174803218,-2.06000994972454,-2.23236926036739,-1.86083496415203,-3.43618360610542,-3.67830494626188,-3.26137247239853,0.396674077167098
2019-04-12,-0.054770155202,1.47104446691336,1.61389106565248,1.27811693691729,-3.44039110700793,-3.76415701095967,-3.15469220891044,-5.09483591616341,-5.46553509494394,-4.72974333135784,-2.0269185434692,-2.2147257882166,-1.77370124816213,-3.40779232872204,-3.64313206003671,-3.14872994624373,0.256513930642749
2019-04-15,0.09820624382,1.44962594996415,1.60294287632036,1.23359700797555,-3.43607423702213,-3.73941211074759,-3.05443940894023,-5.09483591616341,-5.46553509494394,-4.66569563075755,-1.973467055083,-2.19744796758657,-1.67716404962076,-3.3743682357816,-3.59741024677089,-3.01664313772901,0.524015670001466
2019-04-16,0.98489324464,1.42760694254779,1.59203219614753,1.1737318036209,-3.38109186159532,-3.70836411419464,-2.89741547630749,-5.05451434920714,-5.41447234613824,-4.46787054709167,-1.94092601224162,-2.17796917784905,-1.588108396699,-3.34666574520588,-3.57147936017788,-2.91379711880314,0.30912476203225
2019-04-17,0.095542768941,1.42928449489625,1.59619269466978,1.1748465768967,-3.37865602379779,-3.71576851932318,-2.93914968119054,-5.05451434920714,-5.41447234613824,-4.52142144440431,-1.94593111839281,-2.18303212732171,-1.61128803742433,-3.34666574520588,-3.57147936017788,-2.94048250394636,0.651746965016939
2019-04-18,-0.16784461777,1.4064209497896,1.58035535262514,1.11803070282232,-3.25522374071187,-3.69141710470528,-2.78106365848483,-4.97481919795341,-5.41447234613824,-4.3762328176252,-1.91440215839462,-2.16241325230917,-1.52586404907048,-3.33015165712791,-3.55233268538682,-2.85122850332398,0.353185856446141
2019-04-22,1.3761689648,1.39377400469246,0.922710774231965,1.08894547510853,-3.22335503493772,-2.23204904300064,-2.63431368481164,-4.97683805367356,-3.6745656963145,-4.2165255516964,-1.88221686268388,-1.20606893757747,-1.45265043680804,-3.27621634996692,-2.52730704533562,-2.76537557805244,0.550635371862948
2019-04-23,1.9318500936,1.42864050662575,1.58957693802204,1.15885806795513,-3.31126045822404,-3.68246323802824,-2.84252428165954,-5.01715390819765,-5.42365583264328,-4.4650864445437,-1.93361970882559,-2.16772991732754,-1.57483171301987,-3.33543117008784,-3.5593672997083,-2.88968683171215,0.565417160700264
2019-04-24,-1.1446274762,1.51295547091395,1.64333799492586,1.3234567230487,-3.51282238255345,-3.8088192600991,-3.23568631888375,-5.22776752754933,-5.55750499121774,-4.97683805367356,-2.05324623606669,-2.24619957401262,-1.79770836148341,-3.42526375948996,-3.70388180194337,-3.17016872101185,0.525997648466768
2019-04-25,0.026291573522,1.5369182722039,1.6464854696618,1.38813488487569,-3.56684318727572,-3.81423434375673,-3.40566751096126,-5.29824699464306,-5.58616749016393,-5.09848600463086,-2.0857592317984,-2.25501096259283,-1.8945757210616,-3.47219632484286,-3.71133517639487,-3.30228991816513,0.920678073008047
2019-04-26,2.5433039822,1.50436874460198,1.60384502055774,1.30092400314131,-3.48235828304588,-3.71531745700578,-3.21638766890423,-5.13988951057342,-5.42365583264328,-4.97683805367356,-2.03855543027043,-2.18733475626767,-1.80204572061154,-3.40815981574215,-3.57222420083302,-3.17495853417448,2.28709129471832
2019-04-29,-0.62543896083,1.64758300295009,1.74592752815265,1.50187184432838,-3.8366787197922,-4.04777312026328,-3.73198842245799,-5.61557298847667,-5.91274370640588,-5.44937446794697,-2.24660162028452,-2.39138559530847,-2.08542099217648,-3.70388180194337,-3.8365528059067,-3.47219632484286,0.821138027888379
2019-04-30,-0.61441475837,1.61827323336689,1.68151484418882,1.49046070646578,-3.75912772258076,-3.89660593921234,-3.66725807152792,-5.47578673101538,-5.70829236802281,-5.397978988425,-2.20106007443221,-2.29525124417734,-2.04423185744849,-3.60320378234381,-3.78732324290811,-3.41731907397375,0.789355533492825
2019-05-01,-0.77860598376,1.59078317146696,1.64308314599174,1.46200589706947,-3.69837815623961,-3.8033469157999,-3.59292333375717,-5.42365583264328,-5.52970358445556,-5.32258415772113,-2.16445354628213,-2.23968123579226,-2.00176695167245,-3.55108301583624,-3.70217985736582,-3.40017014243868,0.709999137424125
2019-05-02,-0.55976395743,1.57891506977504,1.62477517104442,1.45601240149704,-3.66409098504635,-3.73673547747426,-3.58269112154755,-5.397978988425,-5.47578673101538,-5.32258415772113,-2.14452696676127,-2.21538447117723,-1.99533678996727,-3.53834851250682,-3.64434295079951,-3.38871044261306,1.26721211267695
2019-05-03,3.2428109973,1.55618788351488,1.59683359104102,1.42452966653954,-3.60646761390277,-3.66923106117003,-3.50136031833809,-5.34723226964714,-5.397978988425,-5.22776752754933,-2.11160472313312,-2.17406372167074,-1.94873750913523,-3.51946913189955,-3.57039036198046,-3.35483983170996,1.16558767213751
2019-05-06,-0.60689135062,1.79054859505523,1.9074349253877,1.68429729641614,-4.17726237864845,-4.42770840190633,-4.16274632217786,-6.10907911561956,-6.3742608872625,-6.10907911561956,-2.45259090511646,-2.61334476505806,-2.32768540287008,-3.91885855240473,-4.19396890393546,-3.8034730758,1.18967615967938
2019-05-07,-1.5149573198,1.7399755543323,1.78631749809254,1.6121772804877,-4.06133216681225,-4.18724210587566,-4.02018563517419,-5.91274370640588,-6.10907911561956,-5.8767075687,-2.3818022846061,-2.4495414019663,-2.24990641854017,-3.82745488163167,-3.91885855240473,-3.70965599281231,2.21317531787503
2019-05-08,-0.16814159299,1.76877004025521,1.80475559169126,1.70850205337089,-4.15147421516012,-4.2304647088809,-4.26697234601765,-6.10907911561956,-6.15157566444889,-6.15157566444889,-2.4340482666729,-2.48146433087039,-2.37202347571455,-3.8847198294815,-3.96320588588963,-3.81154036951044,1.88409897394369
2019-05-09,-0.93337574381,1.70774413992362,1.7011684993698,1.61731751302531,-3.99655797596,-3.96445595980558,-4.05223409111414,-5.80739173895,-5.80739173895,-5.91274370640588,-2.34146479266735,-2.31912131661772,-2.23863550273631,-3.81154036951044,-3.8034730758,-3.70217985736582,2.17660180685872
2019-05-10,-0.52056193308,1.68374623427629,1.67103021642659,1.59345583124749,-3.9400113382618,-3.87579554659949,-4.03879301443058,-5.77363681137818,-5.70829236802281,-5.8767075687,-2.30784940065973,-2.28086002549066,-2.22897824939372,-3.79538282986033,-3.7633998670617,-3.68007650593166,2.50149129510646
2019-05-13,-3.5608842422,1.64187524893647,1.62362481469833,1.54087404548458,-3.84110596049616,-3.78429509241965,-3.84880835229089,-5.61557298847667,-5.52970358445556,-5.64552796552881,-2.24895384989253,-2.20593977767254,-2.1498336394276,-3.70965599281231,-3.63733186226293,-3.54470825659041,3.21486936073946
2019-05-14,0.9568327956,1.96818833989915,2.17043382820889,1.86214827797563,-4.62390402703843,-5.1210850468343,-4.67170216209661,-6.64493493033143,-7.01282413316207,-6.70354872654706,-2.72769613688432,-3.0187354270786,-2.60443295944809,-4.32938441111308,-4.6390301802028,-4.17844189695874,1.41922415211833
2019-05-15,1.6863030673,1.89546182019508,1.97739702809821,1.77903530669917,-4.44252473326179,-4.64929566807894,-4.52122315725865,-6.47635711088684,-6.64493493033143,-6.58792492489722,-2.62191256396447,-2.74082512954816,-2.50983913812095,-4.18951056124718,-4.32938441111308,-4.01621483533082,1.40519605091639
2019-05-16,1.9463966009,1.87695432945578,1.95599505783524,1.81554017744669,-4.4014102433363,-4.59300442488711,-4.57775967192874,-6.28062424246905,-6.64493493033143,-6.58792492489722,-2.59775883482023,-2.70997116648402,-2.56332699537095,-4.15669581930069,-4.31705891626489,-4.08421805015263,0.932296179852213
2019-05-17,-2.0219441488,1.8837977001621,1.98291912891558,1.88544437889215,-4.4233905167542,-4.60744669575996,-4.73562511770764,-6.3742608872625,-6.64493493033143,-6.7649225068,-2.61018923526214,-2.74697993633627,-2.66376809294438,-4.18951056124718,-4.32938441111308,-4.24596326435547,1.5036581325133
2019-05-20,-0.53665061532,1.92677865852965,2.08895015278237,1.99915772005732,-4.53178189716901,-4.91332549625479,-5.02699205709789,-6.58792492489722,-6.82776022074375,-6.88796239266774,-2.67392464660187,-2.89679823976766,-2.8282543543744,-4.24596326435547,-4.45755142619083,-4.44418180867769,1.81035422441755
2019-05-21,-0.078000183021,1.85683149686067,1.92895814542336,1.90425239629123,-4.35743642637766,-4.51436724700392,-4.81713709815458,-6.23651565803488,-6.58792492489722,-6.82776022074375,-2.57078731111786,-2.65959719960258,-2.68947996831982,-4.10441169647133,-4.23449329892319,-4.28092064844925,1.13182699197686
2019-05-22,0.11628407774,1.78416684686344,1.79452004150061,1.79263167593088,-4.18023444489671,-4.19139779776069,-4.49401287686873,-6.10907911561956,-6.10907911561956,-6.58792492489722,-2.4662110004547,-2.46233527396711,-2.52568884754984,-3.95183514682831,-3.93412559887619,-4.02565826305063,1.1827124518854
2019-05-23,-2.3767529898,1.72010170308301,1.69228896646374,1.6884068152543,-4.02450541152935,-3.90955807968749,-4.22557073548064,-5.8767075687,-5.74047985508571,-6.15157566444889,-2.37345469468453,-2.31408363679569,-2.37174579920024,-3.81017066389672,-3.79411526992703,-3.81017066389672,1.74307280995785
2019-05-24,0.42963844262,1.83119845257128,1.89021576147238,1.8716803038711,-4.27449996521481,-4.37591601866049,-4.69353064938366,-6.15157566444889,-6.23651565803488,-6.7649225068,-2.54313893753336,-2.6194111001968,-2.64786720094505,-4.05450754500581,-4.18951056124718,-4.22311732251079,0.914513920603771
2019-05-28,0.7212276776,1.76331592601208,1.75071339024732,1.76628711022413,-4.11178996320331,-4.07314860677824,-4.41902206482052,-6.02650805923958,-5.91274370640588,-6.3742608872625,-2.44461667119193,-2.41409039539983,-2.49024244651212,-3.90817230137602,-3.85011398765112,-3.98812296799074,0.906949711414773
2019-05-29,-0.93877795507,1.71068069693037,1.67619995958859,1.68916878554838,-3.98642531239144,-3.90488445875584,-4.21834680477629,-5.80739173895,-5.70829236802281,-6.15157566444889,-2.3682938458549,-2.30712095104975,-2.37446507504281,-3.80238035045054,-3.78649504261452,-3.80238035045054,1.20696853648003
2019-05-30,-0.15776252067,1.68878681869591,1.65160288344793,1.67262496737817,-3.93778814523556,-3.81074265783536,-4.18120132183406,-5.79550833131667,-5.60272736942167,-6.14277921297333,-2.33112430975452,-2.25610738397028,-2.35027066263505,-3.79011214874293,-3.70501285800923,-3.79806234835082,0.966782536134511
2019-05-31,-2.2710755813,1.63991252385553,1.59495490636167,1.58614298544174,-3.81864272708895,-3.67461665253317,-3.95761932566495,-5.60272736942167,-5.40999994743582,-5.83031281450189,-2.25903631626321,-2.17135143502404,-2.22220074208041,-3.70501285800923,-3.5600879181625,-3.65411906494951,1.07002815203168
2019-06-03,-4.6409437376,1.75489426782438,1.76359946823732,1.76562430198959,-4.09584168263948,-4.071861938013,-4.42108093801619,-6.01622272172708,-5.93914708584,-6.41994514758461,-2.43031887357199,-2.43270867028993,-2.49088623429522,-3.86221752587829,-3.87875630062312,-3.9843686091913,6.44595761346711
2019-06-04,2.1781897452,2.23572287794266,2.72780377742875,2.13297334500299,-5.26419490637779,-6.45722942348086,-5.43365894159209,-7.22360765437308,-8.58643256026923,-7.378663453625,-3.14135531744827,-3.84441565272505,-3.05587268645058,-4.73206547684752,-5.616379138525,-4.65446991844434,2.51131421592205
2019-06-05,0.51689447027,2.2143564163514,2.622671434555,2.19270304277186,-5.21554675891978,-6.20356065315369,-5.58736760280909,-7.22360765437308,-8.1627494610875,-7.45724385259565,-3.10394207164173,-3.69107250997925,-3.14578756078753,-4.70068882531845,-5.4243777580597,-4.73206547684752,2.33140986411106
2019-06-06,0.91228070178,2.10027924196699,2.41858612760122,2.0588848061949,-4.9370049807143,-5.70084154241845,-5.24061019400168,-6.82776022074375,-7.53784771650909,-7.22360765437308,-2.93668076215707,-3.38157735185427,-2.94471373035612,-4.51116346591121,-5.04034856938333,-4.51116346591121,1.3190624830112
2019-06-07,2.8312319022,2.01293828898402,2.26121957739257,1.96778985859787,-4.73165735585186,-5.31887119011351,-5.00190963839218,-6.7649225068,-7.22360765437308,-6.88796239266774,-2.81237335071455,-3.1604139000855,-2.79040990748867,-4.43129889463033,-4.747835875042,-4.36686332545827,1.21165117778566
2019-06-10,3.1374201095,2.09049540016776,2.4956691212942,2.13757371448372,-4.91821481496705,-5.89340626633075,-5.44791455844601,-6.82776022074375,-7.92581715108333,-7.378663453625,-2.92507363526084,-3.52404040779362,-3.06228618708038,-4.51116346591121,-5.22890755588,-4.66964396764952,1.8826852820881
2019-06-11,0.16499787689,2.19342703039348,2.69460972812903,2.32683961335046,-5.16632382185491,-6.35901101859576,-5.94387415284012,-7.07981415665714,-8.42771952597143,-8.04449497012353,-3.07481196622253,-3.79146860909521,-3.34259727930581,-4.70068882531845,-5.53047134640635,-5.02043063981647,1.90426822333511
2019-06-12,-0.44964318276,2.08166862723564,2.47079493383002,2.17180250830883,-4.89136046078583,-5.80797666665595,-5.54312249498884,-6.82776022074375,-7.718478063005,-7.378663453625,-2.90883737583581,-3.46606216938495,-3.11362704400794,-4.47106346572689,-5.10032868763827,-4.71632648980098,1.17963229265927
2019-06-13,0.80740788653,1.99465881796002,2.30180081867964,2.05211424844014,-4.67193721884676,-5.40866434408407,-5.23569772282495,-6.70354872654706,-7.378663453625,-7.22360765437308,-2.7686219391706,-3.2169567243121,-2.9191139421125,-4.3762412092373,-4.9612973172125,-4.4955319917094,0.829311326998692
2019-06-14,-0.033684435675,1.92064474514352,2.13616442885022,1.95177136289591,-4.48854872882002,-5.02067919937828,-4.97347658443035,-6.58926850831111,-6.88796239266774,-6.88796239266774,-2.65811977164096,-2.97126945356493,-2.7693970079649,-4.25332143067206,-4.55056394063009,-4.3762412092373,0.828380577889125
2019-06-17,0.87502072565,1.84214511119068,1.95209121163657,1.83776564039743,-4.30527535818045,-4.57527923952578,-4.67156486288311,-6.19466340197273,-6.58926850831111,-6.70354872654706,-2.5463110125711,-2.69609207555036,-2.5979584287255,-4.07892333787434,-4.30102277433485,-4.17351421761259,0.649811820673211
2019-06-18,0.81334867409,1.78310969195157,1.83620737635797,1.78285535528144,-4.17174205884665,-4.29431820380344,-4.45468797280936,-6.11013061568261,-6.15265053118,-6.47762997938421,-2.46386610646682,-2.53336342993842,-2.47982868038784,-3.95492358990242,-4.0491503385471,-3.97311833649141,1.02856399833699
2019-06-19,0.39024492871,1.73406563039769,1.74297948572814,1.69445347524206,-4.05021038568147,-4.07290489505888,-4.29899167642215,-5.91369211822745,-5.91369211822745,-6.15265053118,-2.38933512164514,-2.40259286544211,-2.38617394159131,-3.85167147936554,-3.85997280477102,-3.84343850931798,1.36527109827766
2019-06-20,0.49245857317,1.67420893173363,1.65228564834276,1.6029880311694,-3.91529047854179,-3.84987926050852,-4.0555779281233,-5.74134358728036,-5.64634777913729,-5.91369211822745,-2.30594507043585,-2.26512377518998,-2.2484544784566,-3.80282715655191,-3.7314722343401,-3.70882524684308,0.842884153572302
2019-06-21,-0.35919278052,1.62948696727453,1.59571646532339,1.53639703662734,-3.80380676421311,-3.71252240090828,-3.82045941236097,-5.53047134640635,-5.4243777580597,-5.5869604246377,-2.23794307649262,-2.18387858763953,-2.11988301855826,-3.70135334989643,-3.57611351931121,-3.51874269484126,0.617995324699455
2019-06-24,0.13603306634,1.59230771989021,1.56042944618451,1.47640950733848,-3.71552584944754,-3.63012038772646,-3.66195431597404,-5.4243777580597,-5.37313302647391,-5.39869029729118,-2.18387102090795,-2.13190441670855,-2.03083444475806,-3.57611351931121,-3.52499288715991,-3.41093263636141,0.490509502514279
2019-06-25,-1.861643764,1.54669873928244,1.53139720052194,1.39494664686278,-3.61554541176059,-3.55636649612046,-3.44867632563625,-5.37313302647391,-5.27511009396438,-5.08032462951463,-2.12150530828091,-2.08872876341403,-1.91001286767939,-3.51874269484126,-3.48755851417149,-3.31037846257181,1.14033613074003
2019-06-26,1.0413838267,1.64154884155478,1.63296292960207,1.55667254163676,-3.83503021026797,-3.80330894911765,-3.86613076402968,-5.616379138525,-5.53047134640635,-5.70914094702105,-2.25599814475486,-2.23704822289235,-2.14864334572724,-3.71634252242526,-3.69392453434162,-3.54396855127534,0.689282868993301
2019-06-27,0.33986184208,1.6170280726744,1.59546049627176,1.53673015080096,-3.78371913554801,-3.71563437723473,-3.8137274315746,-5.53047134640635,-5.4243777580597,-5.5869604246377,-2.22395792333544,-2.18477703107155,-2.11853686638598,-3.672009228907,-3.57611351931121,-3.51874269484126,0.500332241368642
2019-06-28,-0.55926649438,1.57076997394655,1.54635236166084,1.45547238964726,-3.68294757030056,-3.59848688310708,-3.60167039921225,-5.4243777580597,-5.34792325540286,-5.34792325540286,-2.16143588256747,-2.12097434879497,-1.99802584656865,-3.55033991737752,-3.51874269484126,-3.39385775941557,0.526864576885517
2019-07-01,1.5082143818,1.55506135645815,1.51882860847638,1.42400926067171,-3.63009539140217,-3.54385659714885,-3.53054846619972,-5.37313302647391,-5.27511009396438,-5.22890755588,-2.13522352467958,-2.08618580113956,-1.96453705020743,-3.53129175622172,-3.47538017822696,-3.35445628648526,0.77677562539502
2019-07-02,0.63053080085,1.5713934976911,1.54712055974073,1.47916752825826,-3.67155977368945,-3.59150467911665,-3.6660864311777,-5.36192542529701,-5.28699867828857,-5.36192542529701,-2.15919795881608,-2.12372993143393,-2.04944260708867,-3.53047080768387,-3.49917875778694,-3.40373076720504,0.48507586748401
2019-07-03,0.24246372086,1.54259515202988,1.51259715615262,1.41998742175351,-3.59706900404961,-3.49863358932313,-3.51509599213386,-5.28699867828857,-5.17106508120533,-5.17106508120533,-2.11399450372695,-2.07789657007904,-1.96334109385456,-3.50324084802217,-3.45396236152358,-3.33937804968313,0.270599726898453
2019-07-05,0.20165033529,1.50750662271809,1.4854023544349,1.34710196853726,-3.51239316004889,-3.4371980875505,-3.32497497245944,-5.17106508120533,-5.04598373949753,-4.96712233789412,-2.06448416176484,-2.03965265130572,-1.85461302772404,-3.42442069313761,-3.39569611642845,-3.23745862128619,0.358044622562126
2019-07-08,0.48432505882,1.47631261228875,1.46746188492654,1.27833615470198,-3.43679936094975,-3.38239355563818,-3.14477967306055,-5.04598373949753,-5.00635353141325,-4.71630368085758,-2.02004606090106,-2.01056723954257,-1.75179391404873,-3.38432905070747,-3.37866900727562,-3.0925445407302,0.405529293187062
2019-07-09,1.8429355843,1.45505816525144,1.45655575366702,1.21219770789551,-3.38162801517495,-3.36626070139306,-3.01315550426093,-5.00635353141325,-5.00635353141325,-4.60768985759151,-1.98813652659022,-1.99684489273945,-1.67818544549653,-3.36171563843796,-3.37298310211564,-3.00581572411478,0.481636275924813
2019-07-10,1.4640647789,1.52720615764766,1.52948354991424,1.34594826169458,-3.56166236581912,-3.53327570190929,-3.3610933301462,-5.26281994220141,-5.19332608067703,-5.00635353141325,-2.09505705318773,-2.09981267671395,-1.8775030686336,-3.49067525035112,-3.49696127430721,-3.25299121097283,0.815141677822488
2019-07-11,-0.80994939053,1.55129696509703,1.54828378787299,1.40729907410627,-3.61967735454149,-3.59554794840824,-3.52122598177072,-5.33653297214412,-5.28699867828857,-5.17106508120533,-2.12948004975407,-2.12976189379231,-1.96943752600055,-3.50324084802217,-3.50324084802217,-3.35049687018462,0.82233579669032
2019-07-12,0.4962345145,1.54560109687445,1.53327556554024,1.40975764517398,-3.603265167145,-3.5553433640169,-3.52907085661246,-5.31148827764203,-5.23918194636806,-5.19332608067703,-2.11973176871949,-2.11029459655243,-1.97399457521157,-3.50324084802217,-3.50324084802217,-3.35610217882764,0.435640517716297
2019-07-15,0.49676777726,1.51500789328196,1.49027365270062,1.36408215817328,-3.52445522157417,-3.44978993443981,-3.36673606274447,-5.19332608067703,-5.04598373949753,-5.00635353141325,-2.07349204832206,-2.04328042822982,-1.87959849895601,-3.44204005155325,-3.40139154938235,-3.25299121097283,0.517895583519046
2019-07-16,-0.54874096359,1.48574843608715,1.46645855313379,1.30640640269334,-3.45515938661324,-3.38722200117972,-3.21568633363198,-5.04598373949753,-5.00635353141325,-4.90850533842955,-2.03338881266482,-2.00703954618403,-1.79356035086526,-3.39569611642845,-3.37866900727562,-3.15739807199472,0.649915265608335
2019-07-17,-0.88909896031,1.47348610294052,1.45963237546676,1.29017996020083,-3.42659209788753,-3.37106646585479,-3.17310126667277,-5.04598373949753,-5.00635353141325,-4.79900540879468,-2.01719452664417,-1.99782558034806,-1.76929319079518,-3.38432905070747,-3.37866900727562,-3.12419545156323,0.697855972374767
2019-07-18,-0.70932666667,1.48333038088174,1.4726659343861,1.30478525942685,-3.45215480140309,-3.40772852471202,-3.25175745409018,-5.04598373949753,-5.04598373949753,-4.92795663441149,-2.03240518431083,-2.01592736958886,-1.81598757645889,-3.39569611642845,-3.38432905070747,-3.20157007799382,1.03152098728155
2019-07-19,-0.67647504929,1.48003167754639,1.46655038881049,1.32526841337179,-3.44534782811932,-3.38776155322292,-3.26261062156077,-5.04598373949753,-5.00635353141325,-4.94735085551744,-2.02841123108625,-2.0129538222529,-1.82082462671767,-3.39000565446542,-3.37866900727562,-3.20661825272555,0.831104349476655
2019-07-22,1.0745627431,1.4772188416468,1.46152215747312,1.32154641686689,-3.43418051489203,-3.37420390480304,-3.25689805127044,-5.04598373949753,-5.00635353141325,-4.92795663441149,-2.02290070574008,-2.00514322111641,-1.817323826777,-3.39000565446542,-3.37866900727562,-3.20157007799382,0.67918149642356
2019-07-23,0.44620599001,1.48033809276407,1.46330826326923,1.33321390947063,-3.44022620038607,-3.3788281842775,-3.28588657794506,-5.04598373949753,-5.00635353141325,-4.96712233789412,-2.02642979745083,-2.00786486207082,-1.83435594529544,-3.39000565446542,-3.37866900727562,-3.22702954943889,0.653499850278445
2019-07-24,0.31687298506,1.4555446113559,1.44096719813522,1.27486047483649,-3.37765837860325,-3.30988500614877,-3.13378883735522,-5.00635353141325,-4.96712233789412,-4.71630368085758,-1.99015115070909,-1.97785639911226,-1.74760715359516,-3.36733858027992,-3.35610217882764,-3.09209400384899,0.487035759959513
2019-07-25,-1.3489536737,1.43380233276993,1.42265098573806,1.2120670572956,-3.3173893232512,-3.26906353416589,-2.9742216092591,-4.96712233789412,-4.96712233789412,-4.53456498372523,-1.95324587953453,-1.94508441497702,-1.65600218499299,-3.33512561257229,-3.3295750667876,-2.98817055282648,0.883047204050471
2019-07-26,-1.5589060806,1.49130827276287,1.4786689479922,1.32258443988661,-3.4577518524949,-3.40411264223138,-3.26130656495909,-5.04598373949753,-5.04598373949753,-4.94735085551744,-2.03634427037931,-2.02775972477312,-1.82074653812232,-3.39729536323361,-3.39157440039707,-3.20731987498168,1.27652083560035
2019-07-29,-1.5748436737,1.55850245812637,1.55635287992809,1.44791636535517,-3.62310936716373,-3.59806193910775,-3.58579417323606,-5.33653297214412,-5.31148827764203,-5.28699867828857,-2.13447592134145,-2.13805751903373,-2.00630598238081,-3.51805967528211,-3.51805967528211,-3.380177694539,1.10548591004386
2019-07-30,-0.72786216624,1.6143773038377,1.6258424144875,1.56010304456794,-3.76007682531565,-3.76940275492397,-3.8761091202775,-5.43925890309375,-5.43925890309375,-5.67069816534464,-2.21614183570029,-2.23865010314075,-2.17230125833467,-3.63087312231642,-3.68905071329637,-3.55657294079387,0.979597452465659
2019-07-31,-1.6723464997,1.59073375527624,1.56324393572463,1.5349506891243,-3.70255729925344,-3.62177379002709,-3.81107715068845,-5.38744504650152,-5.33653297214412,-5.54904415303333,-2.17373047341062,-2.14792127227132,-2.13480273678728,-3.55657294079387,-3.53079001766574,-3.51805967528211,2.41782793800634
2019-08-01,-0.61389129933,1.64899612157187,1.65317691648902,1.62704727906537,-3.84795570747614,-3.84106674623409,-4.09651901400178,-5.57831884051864,-5.57831884051864,-5.94911870124167,-2.26212091133523,-2.27145835489559,-2.29852987969035,-3.70414649443455,-3.74278372627366,-3.78311193358674,2.86041508233308
2019-08-02,-1.7290817757,1.61411000620884,1.57121074237071,1.60039033673983,-3.7653467041514,-3.64484023658959,-3.97811845636057,-5.43925890309375,-5.36192542529701,-5.76953936198679,-2.21186962708313,-2.15155550968877,-2.23087963376617,-3.63087312231642,-3.53079001766574,-3.66681000154541,2.29914151594925
2019-08-05,-3.1871832562,1.67336964265448,1.67377749995028,1.71472994877791,-3.91531448092723,-3.89330132194585,-4.27142728796451,-5.70278734848727,-5.67069816534464,-6.11380311777727,-2.30430650769569,-2.30425598013267,-2.39941113986287,-3.78311193358674,-3.78311193358674,-3.8489985244289,3.85089982965657
2019-08-06,1.2860242588,1.93055483141215,2.29284453707892,1.99471461532637,-4.54555273342255,-5.39351753788227,-4.98633383894213,-6.55290655938,-7.35765157243913,-6.85549658172667,-2.69134887736297,-3.21253181288506,-2.80980734680829,-4.27515402573053,-4.90850533842955,-4.41471686889667,2.7596881462293
2019-08-07,0.31155087454,1.87863067964792,2.12835117976183,1.94942043836629,-4.41796730286387,-4.99102672605748,-4.86972288878866,-6.33735558391026,-6.85549658172667,-6.79439968848065,-2.61407928385312,-2.97184917038737,-2.7428601265023,-4.1821029509036,-4.52253478972946,-4.32458097577323,4.05559530418271
2019-08-08,2.2019627522,1.79877436015856,1.89750656536495,1.82728013573224,-4.21967025249884,-4.42022002706302,-4.55591452802656,-6.11380311777727,-6.33735558391026,-6.55290655938,-2.49254670101582,-2.63673902739786,-2.56270179222206,-3.98655869922278,-4.20481566720073,-4.08514525193176,1.03540455436382
2019-08-09,-1.3808793763,1.84940595013902,2.04638693038719,1.93895662308421,-4.33985846459229,-4.78040031308224,-4.84498985008465,-6.15588960385814,-6.79439968848065,-6.79439968848065,-2.56553429109803,-2.8513898145544,-2.7285216730137,-4.08514525193176,-4.44154321413983,-4.32458097577323,1.43705098490823
2019-08-12,-1.2536097986,1.83735181742403,2.01921850436816,1.95638513888731,-4.31080214119647,-4.71337690317968,-4.88970909001419,-6.15588960385814,-6.73064081260937,-6.79439968848065,-2.54794403208916,-2.81021356956098,-2.75419113880862,-4.06470041133067,-4.41471686889667,-4.3497325081792,1.46903947897486
2019-08-13,2.2085023418,1.81479899894461,1.96411116257529,1.95217342186162,-4.26133038856315,-4.58328258050477,-4.87802954703005,-6.11380311777727,-6.55290655938,-6.79439968848065,-2.51846448174943,-2.72898596964636,-2.74772959352372,-4.01534524180839,-4.32458097577323,-4.32458097577323,2.2073370456006
2019-08-14,-3.3645044235,1.85883664111779,2.10899642846646,2.04695596370349,-4.37483318653794,-4.91032463862426,-5.11931390169436,-6.19896679946429,-6.79439968848065,-6.9824986836,-2.58821249037806,-2.94310752974421,-2.88713527054508,-4.12710575643333,-4.49510983481053,-4.44154321413983,2.25937395159628
2019-08-15,0.74647184265,2.1033215181079,2.69572078649777,2.32140969124837,-4.96168279920364,-6.33452867584105,-5.8227574672788,-6.85549658172667,-8.47124128020769,-7.71092760732632,-2.95094609651123,-3.81552574946513,-3.29351578752713,-4.48527848340783,-5.54904415303333,-4.94848724586628,2.10369939767905
2019-08-16,0.92617615937,2.00088654183739,2.43799296444904,2.18000656210389,-4.71148390798583,-5.7154034676952,-5.45974779622976,-6.73064081260937,-7.61314994672,-7.35765157243913,-2.80140354580696,-3.44080214951306,-3.08375268499369,-4.40603742719917,-5.04598373949753,-4.65726298961942,0.724470290215391
2019-08-19,1.313756227,1.92119985482552,2.24354338915985,2.07148463162561,-4.51528366028407,-5.25441465940168,-5.18183817482606,-6.55290655938,-7.198074491712,-7.05084665427778,-2.68216365640483,-3.15191978107106,-2.92284922711078,-4.24464397280522,-4.6877797236099,-4.47182600584741,0.562218183608213
2019-08-20,-0.8116203775,1.87047957395176,2.12107694317261,2.02031543940083,-4.39758365633994,-4.9580442008849,-5.04929037766498,-6.2432353772122,-6.79439968848065,-6.85549658172667,-2.61114520002458,-2.97009300052428,-2.84702956983599,-4.17626296142214,-4.51228673339115,-4.432492468,0.576122309210486
2019-08-21,1.2301679822,1.81451686211279,1.96176018697524,1.95068120040316,-4.26606358263501,-4.57365457445188,-4.86951798020912,-6.11380311777727,-6.55290655938,-6.79439968848065,-2.53160840976989,-2.73614645873066,-2.74364158104748,-4.03046442364286,-4.31708037770859,-4.31708037770859,0.549044234972957
2019-08-22,-0.98380073923,1.77210255416087,1.83604607601368,1.90451469534411,-4.17055672321761,-4.28568720677635,-4.74954211358233,-6.07120159112222,-6.11380311777727,-6.73064081260937,-2.47159286585762,-2.56319548903983,-2.6752522304443,-3.95474805271728,-4.0803087363047,-4.23306134902741,0.923196077378035
2019-08-23,-3.1003544529,1.73660848956384,1.77098961392522,1.83886295271768,-4.09043207430217,-4.13902268239089,-4.65234143192121,-5.91122293137551,-6.07120159112222,-6.66844606005152,-2.41719861996013,-2.4726570810569,-2.61795582939535,-3.85851151659711,-3.95474805271728,-4.17626296142214,2.60959514870694
2019-08-26,1.1002389092,1.97610235827239,2.36808187243949,2.09887929153336,-4.67400003475261,-5.6002673141118,-5.32485862143942,-6.66844606005152,-7.43884872221818,-7.198074491712,-2.77924330089213,-3.35656327902126,-3.01851385149842,-4.34452335464444,-4.9868077087,-4.58381566352315,1.2385973405747
2019-08-27,-0.39799419965,1.89986297841983,1.89291543853747,2.0152139395969,-4.49317546985544,-4.50328608434058,-5.10520367556074,-6.55290655938,-6.55290655938,-6.9824986836,-2.6698499370368,-2.68597314505846,-2.89112388156782,-4.22473262185,-4.24773902894925,-4.42139131787417,1.29476441886117
2019-08-28,0.13735717985,1.8164878444884,1.93121297440438,1.90438957356793,-4.29470331100739,-4.52690705761615,-4.81655851359099,-6.11380311777727,-6.55290655938,-6.79439968848065,-2.55026673787821,-2.70842487083551,-2.72404637617999,-4.0637173507351,-4.28328244264199,-4.30764839379535,1.10200844564604
2019-08-29,1.2554910018,1.73958309668662,1.73065997811544,1.78197397748825,-4.1044931818239,-4.04361205728766,-4.50392223739634,-5.98848551330851,-5.874727226174,-6.55290655938,-2.43394955463161,-2.41242716899349,-2.54362001639595,-3.88776453979294,-3.8541542920931,-4.04388158179739,0.799531907634183
2019-08-30,-0.56594267817,1.71137569454765,1.67280037055104,1.7565123269098,-4.03550114954457,-3.90357038493936,-4.43632656014207,-5.83872991871373,-5.67069816534464,-6.38758057096316,-2.39193277898575,-2.32904223880768,-2.50553979973572,-3.84587702251029,-3.79710368577735,-4.00537179208089,0.981613624259713
2019-09-03,0.76282588998,1.66168165320546,1.58239481991578,1.68814805802343,-3.91783558107299,-3.67967097078746,-4.25656500746356,-5.73586031310741,-5.38744504650152,-6.11380311777727,-2.32195054028142,-2.19361270883215,-2.40171805648727,-3.79710368577735,-3.57619435880758,-3.84587702251029,1.6708887241147
2019-09-04,0.60228847269,1.61798818888518,1.51941806381097,1.632582167095,-3.81035037871701,-3.52374170828165,-4.07431010417733,-5.54904415303333,-5.17106508120533,-5.874727226174,-2.25690312906155,-2.09840958340697,-2.30200546128088,-3.70281717435285,-3.49982987323991,-3.78084696279945,0.47747857937949
2019-09-05,2.2270106963,1.57493767767025,1.47274612823448,1.5542385383632,-3.70416323707227,-3.41102553926122,-3.87214491846664,-5.38744504650152,-5.04598373949753,-5.67069816534464,-2.19343051503042,-2.03043216722859,-2.18479217029583,-3.57619435880758,-3.39878346109458,-3.56319980484601,0.578812351308421
2019-09-06,-0.39169455431,1.67494904850984,1.61674587449528,1.69088249961128,-3.95241367894515,-3.75370948545403,-4.25970143905031,-5.76953936198679,-5.43925890309375,-6.11380311777727,-2.34245082901015,-2.24120042427952,-2.40461681771395,-3.80522523058444,-3.68788985579128,-3.84587702251029,0.550379338981855
2019-09-09,-0.11780682953,1.62557108440923,1.53116812557714,1.61393563763491,-3.83136012424314,-3.54260939799134,-4.05952017555093,-5.57831884051864,-5.21594866407397,-5.874727226174,-2.26960717678931,-2.11320856677825,-2.28872051476662,-3.72552941751368,-3.5060940822036,-3.76473533828757,0.827424771265314
2019-09-10,-0.58972888846,1.57746768219818,1.4726785022985,1.52522170026088,-3.71123884088528,-3.3992821449956,-3.83012246568661,-5.38744504650152,-5.00635353141325,-5.57831884051864,-2.19644609641126,-2.02645624512709,-2.15686007674979,-3.58802657789761,-3.39688754843167,-3.54241834723843,0.885312131464548
2019-09-11,0.13402543173,1.55104068205351,1.45475276213186,1.48547431637569,-3.64719281630027,-3.3533818884613,-3.72553724383193,-5.36192542529701,-4.9868077087,-5.38744504650152,-2.15844000230609,-1.99987102355243,-2.09674602956937,-3.54241834723843,-3.38549402608512,-3.50440115967613,0.644673408755023
2019-09-12,1.1278174867,1.50941290954765,1.41671409345604,1.40295951660797,-3.5452503429193,-3.3250917497969,-3.50781054692967,-5.23918194636806,-4.94848724586628,-5.17106508120533,-2.0982168395064,-1.94889655159822,-1.97243255526595,-3.50440115967613,-3.3404520298368,-3.36281622172154,0.85366322994974
2019-09-13,-0.22836375465,1.51171991060166,1.43926509386431,1.40893006727109,-3.54906139193015,-3.29035744238523,-3.52530716029001,-5.23918194636806,-4.94848724586628,-5.19332608067703,-2.10005639327648,-1.97138871101137,-1.98175042626587,-3.50440115967613,-3.35718373071862,-3.36845708558857,0.484132371021454
2019-09-16,-1.7125708135,1.48401003978669,1.41679776926076,1.35805030891832,-3.47654401684998,-3.24803706464581,-3.36533308516572,-5.08605807417089,-4.91019013201477,-5.00635353141325,-2.05720388858576,-1.94286856943208,-1.89007186689123,-3.41985758257119,-3.33490237699442,-3.28561316047692,0.891743397794236
2019-09-17,0.81367820167,1.57657546974752,1.52422609174784,1.50719673053171,-3.70447586818242,-3.50832573042705,-3.7508431720642,-5.38744504650152,-5.17106508120533,-5.43925890309375,-2.19343850916994,-2.09868894069705,-2.11376354008317,-3.58139050201905,-3.50440115967613,-3.51071439803077,0.570253768311001
2019-09-18,-0.27927903211,1.54628535221248,1.47585736823811,1.46289543565011,-3.63387975024925,-3.38149897647293,-3.6346563101866,-5.33653297214412,-5.00635353141325,-5.33653297214412,-2.15230350076224,-2.02203336293973,-2.04715964834894,-3.53602476379954,-3.39688754843167,-3.41408489591097,0.97756800520107
2019-09-19,0.22228824837,1.51476023724307,1.43610358072911,1.39967116554906,-3.5500566844754,-3.28666632182233,-3.47118377118182,-5.23918194636806,-4.94848724586628,-5.08605807417089,-2.10214365804414,-1.96346285106855,-1.95217467107096,-3.51028272001674,-3.35061376047823,-3.34501377965783,0.568501895017002
2019-09-20,-1.5009607466,1.4777291862973,1.40990597250448,1.32456874216902,-3.46200078251548,-3.20849496723443,-3.27565493790494,-5.0658085872225,-4.8911570135427,-4.94848724586628,-2.05067476585047,-1.9242962824799,-1.83886932405736,-3.41920993223093,-3.32825111059524,-3.24722678476779,1.34790112779654
2019-09-23,-0.49382440811,1.54814775821109,1.49055669745208,1.44715874953199,-3.63091789703046,-3.39983854087439,-3.59532995730042,-5.33653297214412,-5.00635353141325,-5.28699867828857,-2.15137174538756,-2.04249031714711,-2.02328251494264,-3.54218887694491,-3.41341040920042,-3.40187629832301,0.867034223402233
2019-09-24,-2.4472077523,1.52260123038372,1.44797290034552,1.40681856089797,-3.56638292024993,-3.30217633378634,-3.49007458514294,-5.26281994220141,-4.94848724586628,-5.10655258652821,-2.11294102362885,-1.98152506788442,-1.96246534024181,-3.51665138927455,-3.3732270887082,-3.35061376047823,2.19079473393542
2019-09-25,1.5342125964,1.71057656157167,1.75330920017697,1.63779744817369,-4.03067035246707,-4.03843341166379,-4.08307074057171,-5.83872991871373,-5.83872991871373,-5.874727226174,-2.39369482320622,-2.43155440325999,-2.30632310926253,-3.84566104232686,-3.87902981305439,-3.78875185943132,1.70639225111108
2019-09-26,-1.6111246204,1.70935682314661,1.72328652237479,1.67773608938118,-4.02999929730086,-3.96952975762556,-4.18588346626806,-5.83872991871373,-5.76953936198679,-6.07120159112222,-2.39205075562388,-2.38865581969484,-2.36450713200183,-3.84566104232686,-3.83739386713182,-3.80501524985056,1.30682849958549
2019-09-27,-0.82708754826,1.74176977148288,1.79649567339455,1.76886246615322,-4.11673959490496,-4.23581184395307,-4.41895558089911,-5.98848551330851,-6.11380311777727,-6.33735558391026,-2.44639537704868,-2.49794659848689,-2.49892533815186,-3.9135462516497,-3.99585931377278,-3.99585931377278,1.93097985748274
2019-09-30,0.60621866778,1.70188336118502,1.65793887405878,1.72978425788549,-4.01927542880859,-3.76942063603725,-4.31710390893217,-5.83872991871373,-5.43925890309375,-6.15588960385814,-2.38703943763416,-2.28009389629119,-2.43993306526429,-3.83739386713182,-3.75656759532151,-3.9047949407506,0.953321675608846
2019-10-01,-0.014977735099,1.6427419724612,1.51624460990986,1.64254982293972,-3.88143185922268,-3.57986842371641,-4.09203540231307,-5.67069816534464,-5.28699867828857,-5.91122293137551,-2.30586160763635,-2.15865905079297,-2.30966515293764,-3.78875185943132,-3.54354164088611,-3.78875185943132,1.28989000026013
2019-10-02,-1.2917350848,1.55717437204502,1.49373442824098,1.52903786123838,-3.67225717999657,-3.83284386860975,-3.85145245775969,-5.36192542529701,-5.57831884051864,-5.63897133728772,-2.20204116712984,-2.11277167233358,-2.18840030876994,-3.5958735157274,-3.51181227779502,-3.56943012064009,1.38510528506483
2019-10-03,0.65315223292,1.58003295447239,1.53248981970842,1.58219900827159,-3.72368980512033,-3.92718248290023,-4.00106915279779,-5.38744504650152,-5.73586031310741,-5.76953936198679,-2.23529984108806,-2.16986527779668,-2.27419876852816,-3.67296816374112,-3.55641909548271,-3.7486644449615,1.92640596067111
2019-10-04,0.88319550923,1.54066063651024,1.46299727326581,1.51323777566773,-3.62571726558897,-3.7201573458344,-3.82235067739311,-5.33653297214412,-5.38744504650152,-5.57831884051864,-2.17460537373144,-2.05535008078469,-2.17012316189359,-3.5629240601169,-3.42666877067574,-3.55641909548271,0.772266967329876
2019-10-07,-0.40180496089,1.51418165380504,1.45854710785287,1.47486356947061,-3.56656960069497,-3.47182394974409,-3.72038889569415,-5.26281994220141,-5.08605807417089,-5.38744504650152,-2.13776367768723,-2.10351237305372,-2.11140981102398,-3.52441265099589,-3.50549409403604,-3.51181227779502,0.979390726943098
2019-10-08,-1.5669548555,1.48073368793334,1.33160130099557,1.42026308007469,-3.4900096335124,-3.24997600820324,-3.57692854774587,-5.10655258652821,-4.91019013201477,-5.28699867828857,-2.08848635478024,-1.84484712578009,-2.02780638610963,-3.4805054587354,-3.25394774513571,-3.40348863282678,1.30930656784843
2019-10-09,0.96627988114,1.54914156338125,1.47621183453966,1.52577268883806,-3.64965452245027,-3.74444671878172,-3.87563365029576,-5.36192542529701,-5.43925890309375,-5.67069816534464,-2.18551294452412,-2.07106794118058,-2.17876368871829,-3.57178206275782,-3.44591042627965,-3.5652342192033,0.668866566364456
2019-10-10,-0.10046515953,1.52548974176292,1.43005875508791,1.50197902257732,-3.59814832271734,-3.596165511469,-3.79288221371619,-5.31148827764203,-5.28699867828857,-5.49286706617258,-2.15238855913402,-1.99780442434247,-2.13449912450474,-3.53929090203056,-3.39332148167,-3.52648256988211,0.877253285112189
2019-10-11,0.67780451791,1.48295303780405,1.31946025414078,1.42343040043182,-3.49728762905172,-3.21576961173666,-3.58616373024496,-5.17106508120533,-4.8911570135427,-5.28699867828857,-2.08813115846545,-1.81524939567904,-2.0153643139269,-3.48231583706844,-3.21790745610404,-3.39909019690628,0.843534980066637
2019-10-14,0.26040463763,1.45401058859801,1.29161002504436,1.36647310514805,-3.43393132190645,-3.15233628700536,-3.44637227982408,-5.04598373949753,-4.6877797236099,-5.04598373949753,-2.04631559751222,-1.77380283245888,-1.93544402164756,-3.42232221965574,-3.15793258456585,-3.34204055387068,0.454640151064594
2019-10-15,1.7823926102,1.42206981759988,1.20154707169772,1.3007994541597,-3.35169258434002,-3.07266986665048,-3.26537268586672,-4.9868077087,-4.64229271522788,-4.92915721836782,-1.99877065378779,-1.67121088756512,-1.83168960678486,-3.39332148167,-3.00834231356909,-3.24402248054232,0.525674807760914
2019-10-16,0.56863832324,1.49871452261058,1.4199538065174,1.41694878126255,-3.53590382871211,-3.38205507691572,-3.57921405103824,-5.19332608067703,-5.00635353141325,-5.28699867828857,-2.10827535571196,-2.04420000534859,-2.01034812260103,-3.5074503101457,-3.41648493471653,-3.39332148167,0.740281322170298
2019-10-17,0.56542311086,1.465230706769,1.28206339822581,1.35692350466171,-3.4544261909289,-3.28505351602551,-3.42019182362542,-5.04598373949753,-4.94848724586628,-5.04598373949753,-2.05692483911862,-1.78799158710319,-1.91955631140168,-3.42817944775641,-3.17266045298185,-3.33080261945259,0.747466524231324
2019-10-18,-1.6766621166,1.43741790158443,1.21907767570777,1.30087646702205,-3.38696043102375,-3.10394121944908,-3.27689421576085,-5.00635353141325,-4.65726298961942,-4.94848724586628,-2.01335464177852,-1.69508156530868,-1.83542397356564,-3.39332148167,-3.03838953135194,-3.24932980881804,0.931332722996015
2019-10-21,1.6016978567,1.52629147700272,1.42147177823698,1.44131889521596,-3.60337853883845,-3.38934835847659,-3.65145314980765,-5.31148827764203,-5.00635353141325,-5.36192542529701,-2.1505128756818,-2.04799334754754,-2.05431232272928,-3.53929090203056,-3.42232221965574,-3.42817944775641,0.627437871243855
2019-10-22,-1.1161139298,1.55861763705325,1.44847177929366,1.51311840460347,-3.68556114719696,-3.45604544328632,-3.83660329087818,-5.38744504650152,-5.04598373949753,-5.57831884051864,-2.20081019132881,-2.09035418117945,-2.1611176900909,-3.59839865187198,-3.48231583706844,-3.54572941440744,0.741959125134406
2019-10-23,-0.20161632883,1.56448279221165,1.45935022384264,1.55068961765712,-3.69699392029626,-3.48287182590979,-3.92823522516733,-5.38744504650152,-5.08605807417089,-5.73586031310741,-2.20966636912285,-2.1098280544379,-2.21103286025604,-3.63290230164752,-3.51380610481318,-3.63290230164752,1.21419422331431
2019-10-24,1.0560842597,1.51738386654333,1.42166704198915,1.47181011652742,-3.58322468756763,-3.39089549423946,-3.72321797384913,-5.28699867828857,-5.00635353141325,-5.38744504650152,-2.14105620377727,-2.05187876328454,-2.09312070959113,-3.53286819998525,-3.42817944775641,-3.48852695444688,0.778716350602164
2019-10-25,-1.0922180167,1.50364703535943,1.41557092231051,1.45926707045459,-3.55475030368686,-3.3776498684791,-3.68833455518875,-5.23918194636806,-5.00635353141325,-5.38744504650152,-2.12304578988061,-2.03908986235955,-2.07408632134217,-3.51380610481318,-3.41067775386709,-3.45187985893391,3.3573845466339
2019-10-28,0.89421062494,1.51365552986274,1.44651329092718,1.49542892486846,-3.58391269718312,-3.42710644506442,-3.78180247228133,-5.28699867828857,-5.04598373949753,-5.49286706617258,-2.14081427070139,-2.07110161037957,-2.12788120184789,-3.53286819998525,-3.44591042627965,-3.51380610481318,1.01992305173988
2019-10-29,-0.80862988716,1.49253687539399,1.41095291969286,1.45955673162404,-3.53172542761255,-3.35957635945654,-3.68762424980738,-5.19332608067703,-4.9868077087,-5.38744504650152,-2.10903661525453,-2.03550511423637,-2.07388657873622,-3.5074503101457,-3.41067775386709,-3.45187985893391,0.692950821306669
2019-10-30,0.98030872905,1.48221309729093,1.47786545296276,1.45446763053744,-3.51166826352808,-3.30379711460121,-3.67316248616197,-5.17106508120533,-4.94848724586628,-5.36192542529701,-2.09624635849712,-1.95722207325686,-2.06564565199158,-3.5074503101457,-3.35329712636113,-3.44591042627965,0.966385720613133
2019-10-31,-0.18707970266,1.47176754681024,1.28963524992326,1.43394124868505,-3.4835356547113,-3.19249223663771,-3.62156681238561,-5.08605807417089,-4.83602425445652,-5.33653297214412,-2.07915072351126,-1.79296590913466,-2.03532668324697,-3.46394077383728,-3.17758858301286,-3.41067775386709,0.982117430882149
2019-11-01,0.83189805573,1.43547023591567,1.22110148086411,1.36580926518486,-3.40105089590188,-3.02694546115245,-3.44145346864285,-5.02594002471829,-4.59793384417477,-5.04598373949753,-2.02765507269498,-1.69322798642297,-1.93226202044733,-3.4048765248395,-3.04255309923269,-3.336409840036,0.421237852532393
2019-11-04,0.73795382486,1.42009109873904,1.19036926484893,1.33759889445181,-3.36820882251838,-2.94758991790274,-3.36592966434935,-5.00635353141325,-4.48551486705217,-5.00635353141325,-2.00585678285267,-1.64682443127879,-1.88877036996411,-3.39332148167,-2.98297264513251,-3.28670526405251,0.473325091624043
2019-11-05,-0.16346569437,1.40360584767718,1.15125011857726,1.30164182694551,-3.32882598151456,-2.85434875314501,-3.27028581031275,-4.94848724586628,-4.43272090597563,-4.94848724586628,-1.98143975943452,-1.58818781355292,-1.83438411743006,-3.37604768418683,-2.91822709688938,-3.24932980881804,0.575597024683676
2019-11-06,-0.32968679752,1.37955086067966,1.09265372068421,1.24376010796407,-3.26868365334425,-2.70045693550808,-3.12149150253537,-4.94848724586628,-4.28044779815878,-4.67247491061471,-1.94567355210877,-1.49901871596241,-1.74907912927168,-3.34204055387068,-2.80981651173967,-3.1150713886959,0.498362524986576
2019-11-07,-0.42154618914,1.36247779063851,1.05039558931684,1.20543975873214,-3.22801075247632,-2.62091162573016,-3.02100005135814,-4.91019013201477,-4.17645713370143,-4.59793384417477,-1.92000087612424,-1.44106150295781,-1.6914094593005,-3.33080261945259,-2.75706579981984,-3.0468842044,0.601945377832125
2019-11-08,-0.12973940275,1.35269858277182,1.02310179218995,1.18025487454484,-3.20292099911541,-2.52760436341415,-2.95691491218493,-4.87241536308667,-4.03064094389675,-4.49896809874298,-1.90310147600237,-1.39775194376785,-1.6674381148486,-3.3085642514098,-2.71989819473807,-3.01221758150032,0.481239451847947
2019-11-11,-0.79680605641,1.33148955258478,1.08443434872675,1.13044148895179,-3.15591534465191,-2.70618768113741,-2.824068254017,-4.703107264272,-4.29259099732538,-4.4062620893405,-1.87351269490986,-1.5058625873548,-1.57913073140174,-3.27062929401527,-2.82783058924848,-2.90654319273626,0.357237178303018
2019-11-12,0.3584229391,1.34894935730164,1.32649592194143,1.16642197390317,-3.19661361138161,-3.17833632014839,-2.9199014218099,-4.85405762601538,-4.76727287610833,-4.45879574983846,-1.89750906298019,-1.90340748850298,-1.63382022935678,-3.31157815309921,-3.31157815309921,-2.9799500317387,0.419025081808637
2019-11-13,-1.399887514,1.33058550135181,0.968152586694494,1.11440064011419,-3.15244792347187,-2.40880289748049,-2.78355578049275,-4.6877797236099,-3.8743822385924,-4.3546941788112,-1.86697652964636,-1.3167046001833,-1.55663000517044,-3.27658599181923,-2.63937792104724,-2.87063877568657,0.598821785634013
2019-11-14,0.084991814583,1.40514666949681,1.13710205504451,1.24494645310545,-3.33419133184678,-2.86767629485536,-3.12524053801969,-4.96751967161176,-4.43272090597563,-4.67247491061471,-1.98278941195102,-1.57547658631159,-1.75122228361762,-3.38334883858257,-2.90505473037507,-3.12404694887414,0.557977647099037
2019-11-15,-0.86116493785,1.37508490675945,1.30482767869271,1.18174850551031,-3.26353074438971,-3.11217095516689,-2.95878968022532,-4.92915721836782,-4.67247491061471,-4.49896809874298,-1.93448508909307,-1.82024217465541,-1.65707387549739,-3.35401521306179,-3.23804043649176,-3.00558627415759,0.596838872807435
2019-11-18,0.74964501073,1.38962521853834,1.10088753553861,1.21377486590146,-3.29527140463867,-2.78605791607774,-3.05698316236064,-4.94848724586628,-4.3546941788112,-4.61252956978491,-1.95531443813867,-1.52275384557436,-1.71381499876456,-3.35975613570122,-2.85409886792006,-3.09473058969527,0.763458815027534
2019-11-19,0.014835694673,1.3772022901936,1.16790788944846,1.19283472862591,-3.26919566715676,-2.85647190536478,-2.9992378426203,-4.94848724586628,-4.43272090597563,-4.58319689803333,-1.93642883411542,-1.64408918015698,-1.68140791749869,-3.35401521306179,-2.99282519175392,-3.04473135466971,0.537012603496889
2019-11-20,-0.41419679474,1.35292958674628,1.02135337818908,1.13471800952989,-3.21040498861308,-2.50633030393178,-2.84682611776996,-4.8911570135427,-4.02082043742323,-4.43272090597563,-1.89545013493194,-1.42326304480991,-1.59446548914921,-3.3248552821996,-2.73459241536072,-2.92577247035254,1.00296644734256
2019-11-21,-0.61986903684,1.33958880753698,1.30195957325577,1.11526678595267,-3.18701171104649,-3.11194377289389,-2.79374738573525,-4.80094928422128,-4.67247491061471,-4.36729845387339,-1.87905043269575,-1.86941290011071,-1.56506278217899,-3.28589018121938,-3.28589018121938,-2.88663690115913,0.704028980803315
2019-11-22,0.63468821882,1.34178582902021,1.00054312139355,1.1250831114089,-3.19326701014515,-2.45052447664258,-2.8195070989114,-4.83602425445652,-3.94508790662822,-4.4062620893405,-1.88120103048494,-1.39263096405675,-1.57996138372374,-3.29687031536914,-2.7208573042179,-2.91388332437396,0.392213362301367
2019-11-25,1.6107966912,1.33004068975511,0.97898928801457,1.10485355779748,-3.16997592476944,-2.44628533248099,-2.75558694308312,-4.76727287610833,-3.93595449105305,-4.34212898464286,-1.86419092686556,-1.33334377290747,-1.54363705728033,-3.28589018121938,-2.65483016705037,-2.86385074136496,0.514782006810572
2019-11-26,1.3022595049,1.40062971330371,1.24632975135561,1.22147800900949,-3.33957067177718,-3.00855705725801,-3.06825165399408,-4.96751967161176,-4.59793384417477,-4.62730418709809,-1.9696358586028,-1.71633933498371,-1.7228335051615,-3.38251773650747,-3.09822170092542,-3.10290482165714,0.488716038144082
2019-11-27,1.200373969,1.42782151939515,1.32188559809731,1.28308472683189,-3.39889115931351,-3.15406126911585,-3.22561036253546,-5.00635353141325,-4.6877797236099,-4.91019013201477,-2.00906729127402,-1.90062528471274,-1.81186601450025,-3.41208452255678,-3.3248552821996,-3.22654099950632,0.441201386400694
2019-11-29,-0.97387421556,1.43714270552299,1.28175056366875,1.31630657085403,-3.42794743818506,-3.06815934623915,-3.30878224242297,-5.04598373949753,-4.62730418709809,-4.94848724586628,-2.0286055085586,-1.77303953802141,-1.86099075774485,-3.42399745570256,-3.17038444906893,-3.28039116030347,0.493557257508134
2019-12-02,-1.0661928032,1.45294977997721,1.38234059410198,1.34835269909802,-3.45875286135195,-3.28951322189342,-3.40159647490301,-5.04598373949753,-4.94848724586628,-5.02594002471829,-2.04739632072083,-1.95653162682914,-1.91804085931943,-3.44199356424978,-3.37086083100329,-3.34771760811822,1.41584568942977
2019-12-03,-0.65334530755,1.4679402934002,1.38934533266081,1.39497422420465,-3.49933237820334,-3.27947957409397,-3.52200454332245,-5.17106508120533,-4.94848724586628,-5.17106508120533,-2.07275549893593,-1.96650551476268,-1.98739831708607,-3.46019716214912,-3.37666810840661,-3.39428610451883,0.936046925278551
2019-12-04,-0.52374064962,1.44919949465608,1.36815601693099,1.37467546788488,-3.45934187750444,-3.22987799814158,-3.46856364838566,-5.04598373949753,-4.91019013201477,-5.08605807417089,-2.04785725591711,-1.935206114485,-1.95643725760647,-3.44199356424978,-3.35927710055673,-3.37086083100329,0.630759801989343
2019-12-05,-1.1478454469,1.42575192036909,1.25155075575285,1.34607292250513,-3.40952391645995,-3.01158354066379,-3.38859151363074,-5.04598373949753,-4.59793384417477,-5.00635353141325,-2.01554429678598,-1.72425966248246,-1.90838738619085,-3.41803127141787,-3.10290482165714,-3.3248552821996,0.52044269875318
2019-12-06,0.63890421043,1.45527643461417,1.36855047319398,1.40630261257111,-3.47766047480004,-3.22869460053259,-3.54616125444084,-5.08605807417089,-4.91019013201477,-5.23918194636806,-2.05814373544216,-1.93551860488933,-1.99930179030292,-3.45394865160044,-3.3644604440791,-3.4176910895417,0.54676441610664
2019-12-09,-0.11931947938,1.42722765730305,1.34476983307337,1.35241042184591,-3.41147670452732,-3.17196223822944,-3.40624611484823,-5.04598373949753,-4.76727287610833,-5.04598373949753,-2.01692760930477,-1.9002545092752,-1.91848153266654,-3.42368721154744,-3.329776538204,-3.35281182082967,0.650673464088665
2019-12-10,-0.58873627459,1.39307048058989,1.32571124026542,1.28593739690573,-3.33540482105023,-3.12523482964116,-3.23113141663222,-4.96751967161176,-4.67247491061471,-4.91019013201477,-1.96652803909917,-1.87337385497654,-1.81833268523425,-3.38198813673568,-3.29052578005253,-3.24141267927406,0.63026378928983
2019-12-11,0.54679998393,1.38142755702864,1.32355229021445,1.27108676154256,-3.29858733539748,-3.11917144508145,-3.18931744706539,-4.94848724586628,-4.67247491061471,-4.83602425445652,-1.95184946721324,-1.87033347366469,-1.79565034113615,-3.37029160160041,-3.29052578005253,-3.19960232809416,0.428974991240199
2019-12-12,0.66391417713,1.35975992536542,1.31495552033969,1.22287316489809,-3.24713819298205,-3.09713092013967,-3.06372429643665,-4.91019013201477,-4.64229271522788,-4.62730418709809,-1.91814471839485,-1.85775497729733,-1.72329599403091,-3.35281182082967,-3.27948182721969,-3.11078051021678,0.844990078507102
2019-12-13,0.034652593604,1.34688566582948,1.17938923783207,1.19084868455656,-3.21347756734552,-2.85949442618473,-2.97955654655434,-4.8911570135427,-4.43272090597563,-4.52623619656339,-1.89578962622691,-1.61421960504256,-1.67499527882467,-3.329776538204,-2.96812261847191,-3.0460551273585,0.960386145842963
2019-12-16,0.46963553559,1.32378870256289,1.16349755738135,1.13186494358264,-3.17649905825626,-2.82836553238175,-2.82873407656362,-4.76727287610833,-4.419446795985,-4.419446795985,-1.86051033739438,-1.58882857413748,-1.58780149567676,-3.28498747766473,-2.93532031847229,-2.93532031847229,0.335035821739011
2019-12-17,1.2124055369,1.30829258154514,1.15548070223572,1.08938259151775,-3.13710405565109,-2.81913886828604,-2.71756028613649,-4.6877797236099,-4.4062620893405,-4.31729275363906,-1.83658246153248,-1.57909352291783,-1.52462699587166,-3.27183210566154,-2.92478892122156,-2.86611198428797,0.5484678809869
2019-12-18,-0.37025454321,1.34230848501945,1.18111854968272,1.15079035705803,-3.21677129570327,-2.88356699650601,-2.89441475402656,-4.91019013201477,-4.43272090597563,-4.43272090597563,-1.88387379708801,-1.61603245572896,-1.61739325795478,-3.30920403514624,-2.97203754603571,-2.97203754603571,0.517904137746551
2019-12-19,0.4624361698,1.32802808539757,1.25248246041381,1.12457099159673,-3.18170062633115,-2.94148992224501,-2.82474879263341,-4.76727287610833,-4.48551486705217,-4.419446795985,-1.86407625504423,-1.75716922360829,-1.57826321024777,-3.29799798789059,-3.15508711997872,-2.92271826809222,0.419495345415488
2019-12-20,-0.32249425312,1.31041243804272,1.2924391395136,1.08206972220045,-3.13480022768519,-3.08576570676405,-2.71450574175471,-4.6877797236099,-4.64229271522788,-4.30486989962636,-1.83761165057725,-1.82359434772468,-1.51415352027367,-3.27570015840039,-3.2591605636874,-2.86011541897657,0.514589833149769
2019-12-23,0.36383991046,1.29683214850418,1.14585592170087,1.05701417636375,-3.09463089298674,-2.79423991698418,-2.62777519531599,-4.64229271522788,-4.39309104225492,-4.19892344166014,-1.81991231486662,-1.5609843756155,-1.47624332739013,-3.25369491986312,-2.89492237246041,-2.81133662307438,0.270824583051704
2019-12-24,-0.21137757949,1.27799862076278,1.27651424126514,1.0126567414068,-3.05451551739709,-3.04910797432201,-2.50601819330363,-4.61252956978491,-4.59793384417477,-4.02082043742323,-1.79425835796251,-1.80305128392907,-1.40909612639692,-3.21108425104649,-3.21630944398926,-2.75032880027289,0.142821186810502
2019-12-26,4.4466552277,1.2657642408809,1.1275455907849,0.982684728482047,-3.02244686059115,-2.74537325997012,-2.42543817051123,-4.59793384417477,-4.31729275363906,-3.89159594533018,-1.77605458775988,-1.53087911969298,-1.36376662894588,-3.19036558111491,-2.86782493123621,-2.70173780803376,1.03970463510235
2019-12-27,0.055116467047,1.90600140066852,2.51017220638478,1.29862937083418,-4.59839522117768,-6.030490859499,-3.25840780550587,-6.55290655938,-8.0559048607,-4.91019013201477,-2.72946579258769,-3.63461536245681,-1.83912559217474,-4.31729275363906,-5.33653297214412,-3.27570015840039,2.36649842995464
2019-12-30,-1.2252647342,1.80290779753205,1.47525818052805,1.22560731836904,-4.33804822531346,-3.53294528246244,-3.07242474142768,-6.15588960385814,-5.20831851282192,-4.64756858106408,-2.56480445417552,-2.08371579405642,-1.71947535578841,-4.08036694117838,-3.49884431465591,-3.10791302101241,2.09563591180508
2019-12-31,0.051437822549,1.77611186211855,1.47882694722181,1.31795559829997,-4.27487231211699,-3.47585233885799,-3.31142178730302,-6.11380311777727,-5.09871422212051,-4.95848264247529,-2.52613703819392,-2.09135157713909,-1.85714181061294,-4.0300923922281,-3.51178193697477,-3.28363779747813,0.970990532735893
2020-01-02,2.71506191,1.69398982685206,1.38255239675754,1.24707319046028,-4.07514847559805,-3.30046256574518,-3.12434509088714,-5.91096903621633,-4.95848264247529,-4.67815408265941,-2.40605191186308,-1.94237157208235,-1.75022041454018,-3.87306167214824,-3.3699329097917,-3.14183851016148,0.805580596335657
2020-01-03,-1.2139029825,1.83416862454427,1.58687542179213,1.48893360963537,-4.41651935515194,-3.80585004383755,-3.75950064492956,-6.33735558391026,-5.51571933719016,-5.46053478196667,-2.61204311781933,-2.2439222895513,-2.11267796753405,-4.17701525312302,-3.71566413099947,-3.53148980839256,0.906475458004613
2020-01-06,1.4885571503,1.80214089166593,1.57804661687281,1.53175011385958,-4.33212546775404,-3.78490846316498,-3.88854122582259,-6.15588960385814,-5.51571933719016,-5.69927670409455,-2.56170704287012,-2.23160832213099,-2.19134519905982,-4.08036694117838,-3.69254423643542,-3.59847691898634,1.28051621193255
2020-01-07,0.20915664682,1.77554638935548,1.56386601088398,1.58453179404488,-4.27204531725349,-3.7642533055882,-4.00685466129059,-6.11380311777727,-5.46053478196667,-5.83695050460588,-2.52529803850676,-2.22005558873328,-2.25561803159188,-4.0300923922281,-3.66995880313487,-3.73136745203048,1.14009257441945
2020-01-08,-0.78086487729,1.69610703233586,1.4362997516601,1.48381771264081,-4.05478276904389,-3.36881542879603,-3.7483194991779,-5.92547057563958,-5.01498233863333,-5.4644967116129,-2.40473772930654,-2.02400045317617,-2.1125239962999,-3.86512182912012,-3.42852162058472,-3.52362342832009,1.06822018010057
2020-01-09,0.47992304317,1.65183728490977,1.40678328827027,1.46517096409298,-3.94838835263237,-3.2964382532962,-3.70862842925971,-5.77735929288077,-4.95543011269643,-5.41027499048594,-2.33983979225109,-1.97968301636978,-2.09386697774388,-3.82251523958161,-3.39204778737787,-3.51046188461065,1.02763025301743
2020-01-10,-0.94105888847,1.58978954701829,1.35777002365547,1.39736918669477,-3.79843453926493,-3.18301613180474,-3.51929303528148,-5.520733073745,-4.76962151519574,-5.18515215633425,-2.24816142039002,-1.90954256567633,-1.98181146605674,-3.71551493138877,-3.32705171671382,-3.39807874127991,0.791910344259975
2020-01-13,0.43225217196,1.57429155994951,1.36148359870967,1.41769102171662,-3.75707760295632,-3.19274550739104,-3.57657272456725,-5.4644967116129,-4.84000508591111,-5.30553137944412,-2.22196931380944,-1.9134257679286,-2.00561340081,-3.67475067508438,-3.34737630599091,-3.41962939663174,0.591094095397063
2020-01-14,-1.1558187491,1.52213530064903,1.33837105996315,1.34592819922892,-3.62815205423322,-3.13617273153557,-3.38759195386042,-5.35712830951212,-4.68840382228889,-5.01498233863333,-2.14447105085658,-1.87856029956298,-1.89775515563715,-3.54760589248,-3.2897717486369,-3.32980199891429,1.19350411725435
2020-01-15,-0.3969103047,1.53270370675097,1.35598073740161,1.40785023021324,-3.65643856293814,-3.17838639283938,-3.54980015381761,-5.38361892026,-4.76962151519574,-5.25581894943571,-2.16186007108807,-1.90451726894543,-1.99060850959533,-3.56104164481538,-3.32980199891429,-3.4073598062625,0.983533773530205
2020-01-16,0.85498544595,1.49202832054369,1.33724251200815,1.35248228343344,-3.55795295589064,-3.14162488944961,-3.41398216524169,-5.25581894943571,-4.68840382228889,-5.05583429394051,-2.1022631397322,-1.86301095892981,-1.91656617478906,-3.52108110544953,-3.2897717486369,-3.35331561455228,0.819146575487217
2020-01-17,-0.70396285282,1.46569047917422,1.32666351742718,1.32602087574987,-3.49747256640923,-3.11074626279767,-3.34493539221381,-5.18515215633425,-4.672786672047,-4.97500480010843,-2.06432649555566,-1.86479338523821,-1.87752854020617,-3.46301867024529,-3.2897717486369,-3.2897717486369,0.647680149263608
2020-01-21,1.4629542236,1.45209001875846,1.3272982138182,1.31995195065755,-3.45994001567476,-3.11201909925764,-3.33373760109273,-5.05583429394051,-4.672786672047,-4.97500480010843,-2.042282348369,-1.86669557594583,-1.87032470288565,-3.44428340804248,-3.2897717486369,-3.2897717486369,0.695850364978765
2020-01-22,-0.23995771662,1.47919014310277,1.3459392177802,1.39481377261635,-3.53065873652436,-3.16071518325532,-3.51473929880388,-5.20822717072361,-4.70405053825714,-5.18515215633425,-2.08427121020518,-1.89530399874988,-1.97124957579466,-3.49485147478349,-3.32980199891429,-3.3891471846817,1.03509910701
2020-01-23,-0.15258601497,1.44187590607822,1.32065692819666,1.33147979369597,-3.43632757642227,-3.09897376862829,-3.34910237212672,-5.05583429394051,-4.64200655593824,-4.99485455918049,-2.02713436790696,-1.85772455481,-1.87663365433567,-3.43192201112412,-3.27851633241299,-3.2897717486369,0.694794221873356
2020-01-24,-1.2172473443,1.40616502496696,1.30454302459769,1.26180686651603,-3.34937198099361,-3.06033766543512,-3.17883298581135,-4.99485455918049,-4.61167654537692,-4.76962151519574,-1.97425529159948,-1.83406045854107,-1.78270395995386,-3.39520511733419,-3.2673411514457,-3.19193935410963,1.08784055802605
2020-01-27,-1.7887454072,1.44461001349826,1.3294415890674,1.34994490778628,-3.44182121957853,-3.12258356635021,-3.39765079065712,-5.05583429394051,-4.672786672047,-5.01498233863333,-2.03136519502783,-1.86923908271792,-1.90482175565649,-3.43809794401322,-3.2897717486369,-3.32980199891429,1.31517940234926
2020-01-28,1.3624380586,1.54274966111434,1.40848034747448,1.5049983288462,-3.68569900985281,-3.31450634275169,-3.80342578712833,-5.41027499048594,-4.95543011269643,-5.520733073745,-2.17869059171742,-1.99025404661099,-2.1370734738722,-3.58143654875659,-3.4073598062625,-3.54093856994455,0.871618955319676
2020-01-29,0.25630648852,1.5446006418683,1.40727986082941,1.53277010147868,-3.69691404145771,-3.31474425626369,-3.87500281181663,-5.41027499048594,-4.95543011269643,-5.70824673298704,-2.18376598974687,-1.99008640437673,-2.17818811859628,-3.58828849640147,-3.4073598062625,-3.58143654875659,0.827759818912635
2020-01-30,0.68245425191,1.49142895703236,1.34224430719651,1.44405182551998,-3.56872898896078,-3.15586041801997,-3.64140057456563,-5.28038322055507,-4.70405053825714,-5.38361892026,-2.10601426316325,-1.8910753237817,-2.0444145817544,-3.52108110544953,-3.31243801869637,-3.44428340804248,1.25793127580959
2020-01-31,7.3791348601,1.45818215913115,1.31849234344269,1.38068866978805,-3.48290469213554,-3.09779517441905,-3.4842737139174,-5.09720537898052,-4.64200655593824,-5.09720537898052,-2.05535898138836,-1.8565161531783,-1.96167402564111,-3.45674819821205,-3.27851633241299,-3.37713922293544,3.6659087047485
2020-02-03,-0.22501891763,2.79886101433735,2.27181381584986,1.81918023132861,-6.76832494982556,-5.40730194195356,-4.59978605386137,-8.64680721355,-7.35765157243913,-6.59225983630588,-4.04106573440312,-3.27589757541043,-2.59473802107959,-5.92547057563958,-4.95543011269643,-4.14673306030429,2.06687670339875
2020-02-04,2.2687356553,2.59466811586317,1.76009487005989,1.7069045949714,-6.26224868050637,-4.17278696686458,-4.33723802681488,-8.18280364376667,-6.09066310128636,-6.17829423385714,-3.74091135806047,-2.51168484652678,-2.44540650936218,-5.4644967116129,-4.02144843121711,-3.93496602656584,1.17921518393834
2020-02-05,-0.47812574721,2.53865571174586,1.93592975947336,1.85091942645005,-6.13231286203116,-4.60530058792352,-4.69899747600837,-8.0559048607,-6.59225983630588,-6.77953583418065,-3.65455112965129,-2.78054854859037,-2.6510619841034,-5.38361892026,-4.34978047701951,-4.21522239249627,2.21214265162924
2020-02-06,0.5078755019,2.37225846355776,1.68292921944813,1.75291231408501,-5.71459266065564,-3.98074280463056,-4.45241203744261,-7.61314994672,-5.81317279426078,-6.47425298199444,-3.40571375123356,-2.39607778821924,-2.51819369165135,-5.05583429394051,-3.87233545561726,-4.02144843121711,1.13002188429074
2020-02-07,1.4169141999,2.2227233157635,1.52982435872246,1.65128732938572,-5.3450681005909,-3.60799376148428,-4.18907774761142,-7.2753277905625,-5.33102861909403,-6.09066310128636,-3.18508053850054,-2.16513452663112,-2.36495009987834,-4.78667914015054,-3.56104164481538,-3.82927409889942,1.90639105179572
2020-02-10,2.6273517755,2.13460956878685,1.52417967801071,1.6640449020041,-5.12189584254092,-3.59338195463928,-4.22345841015524,-7.04796548136667,-5.30553137944412,-6.13470795437907,-3.05080874132548,-2.15667670064056,-2.38573114671369,-4.61167654537692,-3.56104164481538,-3.85487763272118,1.82532412054395
2020-02-11,0.79150479651,2.17327043988833,1.75109985919765,1.85714761281987,-5.22540606654822,-4.14843435938874,-4.71940819370047,-7.198074491712,-6.09066310128636,-6.77953583418065,-3.11090832467624,-2.49864716027073,-2.67530763317513,-4.672786672047,-4.01152001153203,-4.22689242526165,2.61158647778506
2020-02-12,0.42774781468,2.0566207354998,1.59581272878939,1.77228199087932,-4.93802047899761,-3.76735547708149,-4.48857038702357,-6.84704983996667,-5.4644967116129,-6.59225983630588,-2.93842368801781,-2.26338159282498,-2.53080341484352,-4.48248173480531,-3.73714418038641,-4.04139110588133,1.25966210890992
2020-02-13,-0.46898148148,1.94471515294525,1.48566590510115,1.65902533060519,-4.66264927840384,-3.4978321534683,-4.2072622840892,-6.71386952618125,-5.18515215633425,-6.13470795437907,-2.7721278400039,-2.09667239433988,-2.37519741053096,-4.34978047701951,-3.52108110544953,-3.82927409889942,1.14100242345708
2020-02-14,-0.69771660619,1.85418494162484,1.43564076184618,1.58761542737902,-4.43965155271433,-3.3784089172575,-4.02294846504649,-6.41927477169459,-5.01498233863333,-5.88696841176327,-2.63713134318132,-2.02223794008577,-2.26776168400792,-4.20358836069259,-3.43192201112412,-3.75332121145989,0.791441050045159
2020-02-18,0.97429820089,1.78660878131454,1.41504975207505,1.55706928937845,-4.26846219371366,-3.33002549808199,-3.92826249228111,-6.13470795437907,-4.95543011269643,-5.77735929288077,-2.53518604484884,-1.99175728031203,-2.20871633868375,-4.0515013786953,-3.4073598062625,-3.65236463054769,1.19211967236146
2020-02-19,0.67496416414,1.72738775137415,1.40363219182588,1.52289546864667,-4.1228173690298,-3.30272744906993,-3.8386274752,-6.00530269525217,-4.95543011269643,-5.61064978794035,-2.44612485530535,-1.97500772314332,-2.15727256932561,-3.93496602656584,-3.39520511733419,-3.56104164481538,0.811462900990098
2020-02-20,-0.78886011543,1.66077719105297,1.38689031175356,1.45065232906089,-3.96321577063012,-3.26371884001277,-3.66530125556071,-5.81317279426078,-4.93556358023529,-5.38361892026,-2.34862796819588,-1.9507467857704,-2.06256090218552,-3.82927409889942,-3.37116896794916,-3.46301867024529,1.65364400568198
2020-02-21,-2.6533834936,1.62164406225668,1.38462363013489,1.44261490926119,-3.87110218501932,-3.26211203368719,-3.6435016698256,-5.70824673298704,-4.93556358023529,-5.38361892026,-2.29261641393617,-1.94909179730612,-2.0500079056761,-3.8035163170267,-3.37116896794916,-3.45050367663822,1.87332478725025
2020-02-24,-4.1355553753,1.81148561609107,1.54473791197004,1.69119781976761,-4.33071386986636,-3.65109348425584,-4.29546501458164,-6.17829423385714,-5.38361892026,-6.13470795437907,-2.57506774712822,-2.19357496630073,-2.431982950993,-4.09338050975172,-3.59743688687537,-3.90001736350242,4.09498841093092
2020-02-25,-1.8190505103,2.22377399966406,2.25733167592969,2.06375069837103,-5.33743489798301,-5.495938368737,-5.23414260884371,-7.198074491712,-7.35765157243913,-7.198074491712,-3.19688714829767,-3.26722160667617,-2.98319128537607,-4.85045584071889,-4.94578452755059,-4.5203624838955,5.25119745314719
2020-02-26,0.34723278277,2.19025458444422,2.69099426884249,2.12622568520708,-5.25462004457457,-6.46913468517469,-5.39803304145308,-7.198074491712,-8.64680721355,-7.35765157243913,-3.14489652651854,-3.90392978042903,-3.07706848803107,-4.682875337819,-5.67965234466545,-4.63708955418447,5.05055303871278
2020-02-27,-4.8136230229,2.06023602826745,1.90779793103083,1.97909840920795,-4.93766767126065,-4.47775905044094,-5.0131179047502,-6.84704983996667,-6.59225983630588,-6.9120690451,-2.9545153210776,-2.70639239044535,-2.85520842380711,-4.49295703499115,-4.28572566937674,-4.42640313142712,8.68589018240675
2020-02-28,-0.029188558074,2.5416772108767,2.40687468619309,2.39303858679459,-6.12378474195432,-5.82995259045781,-6.08624726258809,-8.0559048607,-7.71092760732632,-8.0559048607,-3.68071481895579,-3.45397445925594,-3.50422754013495,-5.38192087559545,-5.0414825632037,-5.166203810808,17.4532982747164
2020-03-02,3.7266091573,2.36877307448744,2.09417291773279,2.21791929265889,-5.698485683395,-5.05385198472786,-5.6213288940887,-7.52241490677619,-6.9120690451,-7.43884872221818,-3.42553963229532,-2.99885897098479,-3.22350723057189,-5.0414825632037,-4.57982101581296,-4.90604700383523,6.04667607209525
2020-03-03,-2.300980066,2.5425450198991,2.76781955289718,2.49357571652665,-6.14365350877067,-6.7673426607241,-6.33136488358351,-8.0559048607,-8.64680721355,-8.47124128020769,-3.67917202474678,-4.05947159276784,-3.64563008095979,-5.38192087559545,-5.867435320578,-5.35648370470298,14.3288684916275
2020-03-04,3.5013279274,2.50508538142727,2.75738828811619,2.55874849631006,-6.06009324989488,-6.73035987232084,-6.49090687843762,-8.0559048607,-8.64680721355,-8.64680721355,-3.62990932667605,-4.04440480915104,-3.7418183006818,-5.33117127685294,-5.867435320578,-5.43356210184688,3.41684516191206
2020-03-05,-2.6216830395,2.60166064700942,2.56607325819313,2.75942433182608,-6.31768825836927,-6.21181272857662,-6.98288780777397,-8.31803514961429,-8.18280364376667,-8.81067322198182,-3.78514258847721,-3.69553226891334,-4.03917925463748,-5.48698649714355,-5.38192087559545,-5.867435320578,3.78600460633564
2020-03-06,-1.1922891015,2.59431777840555,2.63769487148509,2.83295695335033,-6.29782729701332,-6.39676617426341,-7.15898238108667,-8.31803514961429,-8.64680721355,-8.81067322198182,-3.77881491702124,-3.78865565620529,-4.14540579611406,-5.45988993490476,-5.48698649714355,-6.06228443287778,4.97761196998099
2020-03-09,-5.2853889085,2.45129272600901,2.44493304453758,2.68353529413983,-5.94749467215783,-5.92666847014281,-6.77615136363002,-8.0559048607,-8.0559048607,-8.64680721355,-3.56708280196756,-3.5194348320388,-3.91917465398964,-5.25768479741549,-5.166203810808,-5.72910854866667,12.8191242729459
2020-03-10,5.0655055788,2.94364580062271,3.15033722314674,3.12818616355054,-7.15194082376579,-7.67608763071682,-7.89278663175829,-8.81067322198182,-9.3563441053625,-10.30510760228,-4.30344525270282,-4.5511795469359,-4.5853062088847,-6.08647675488222,-6.50655128793889,-6.50655128793889,10.4007980760285
2020-03-11,-3.7508853908,3.22322911886088,3.49600910940533,3.47639492132898,-7.82649636466129,-8.55099006373218,-8.73533408465218,-10.30510760228,-10.796321599725,-10.796321599725,-4.69766509783178,-5.07916774756167,-5.12379431309604,-6.67468553912121,-6.91970432177931,-6.98501631805,6.58278229089195
2020-03-12,-7.922080775,3.26706560080743,3.58854171126513,3.6072847020296,-7.93465373397988,-8.76380924732615,-9.05537938436969,-10.30510760228,-10.796321599725,-10.796321599725,-4.75556313452631,-5.20562667226943,-5.32959108808592,-6.734703347825,-7.05345753444815,-7.198074491712,24.8104759113905
2020-03-13,6.4648308193,4.14765627649512,4.40387916793934,4.27275572052087,-10.064688535912,-10.770420985475,-10.6675035417244,-11.8270402075,-11.8270402075,-11.8270402075,-6.08869813304529,-6.43266136653484,-6.36313063712789,-8.04803285565882,-8.59105902596923,-8.43201552983571,20.0387358744454
2020-03-16,-5.3697478991,4.4607169746173,3.84378558560761,4.66064084360792,-10.8631024262473,-9.52023130501053,-11.5925466347765,-11.8270402075,-10.796321599725,-12.65683469,-6.52684894885128,-5.67694282526698,-6.99448654855564,-8.59105902596923,-7.45985881146956,-8.7366238514,26.5683491103951
2020-03-17,7.0266110173,4.52618544231835,4.4201281570948,4.84841592541429,-11.003983597044,-10.9709451763288,-12.0251245899264,-12.65683469,-11.8270402075,-12.65683469,-6.62477396631041,-6.60893193623924,-7.28056662908699,-8.59105902596923,-8.59105902596923,-9.03828123698,41.5465220007209
2020-03-18,1.2257721923,4.84045836259395,4.79013898335143,5.236703434382,-11.742388964144,-11.9187806357431,-12.9787078700283,-12.65683469,-12.65683469,NA,-7.09670047549077,-7.15866227514731,-7.86552921626383,-8.7366238514,-8.7366238514,-9.9079364644,30.4097814116746
2020-03-19,2.7830601091,4.39159386127488,3.29423247772792,4.6913032436311,-10.6380026320243,-8.14208071735122,-11.604908895571,-11.8270402075,-10.30510760228,-12.65683469,-6.43608443372024,-4.85526816476903,-7.03046118009819,-8.59105902596923,-6.78753675095758,-8.7366238514,16.7302777159689
2020-03-20,-1.8522752042,4.10115719599154,3.06141100332754,4.38182948429049,-9.95939965450754,-7.54172772368171,-10.8689336015184,-11.8270402075,-9.03828123698,-11.8270402075,-5.99777967547041,-4.50401766095266,-6.58389954040059,-8.04803285565882,-6.51388618526053,-8.59105902596923,16.6208617248745
2020-03-23,3.0735229593,3.79020854474301,3.47132331905194,4.06746918341818,-9.18092048429962,-8.5028332369503,-10.0478733300899,-10.796321599725,-10.796321599725,-11.8270402075,-5.5384862595621,-5.04875079371787,-6.08077363514595,-7.38116945587917,-6.84460062157812,-8.04803285565882,21.615133026865
2020-03-24,1.9586615725,3.61338732723036,2.89724283283926,3.91002961146961,-8.77653471612068,-7.11490394354123,-9.69308200515588,-10.796321599725,-8.7366238514,-11.1789739600667,-5.27032170281178,-4.24501371434938,-5.86178658303893,-7.09032428126429,-6.11028260944255,-7.82055148775263,6.70301874986422
2020-03-25,-2.7967630534,3.35225261139314,3.82610401716123,3.63773175323961,-8.10087049703777,-9.33096625227839,-9.00979981259788,-10.30510760228,-10.796321599725,-10.796321599725,-4.88774569799357,-5.5660836150099,-5.44463391828609,-6.78753675095758,-7.38116945587917,-7.38116945587917,6.72825922950142
2020-03-26,3.6933143852,3.24069008096332,2.86360155603207,3.58675250039814,-7.79666581396106,-7.01094494001499,-8.87065961695508,-9.3835821903125,-8.7366238514,-10.796321599725,-4.72363572620385,-4.19082241980235,-5.3596593608282,-6.67304147043143,-6.07041702212708,-7.22691137106154,4.73861779310602
2020-03-27,-2.8325381362,3.23869764543974,2.99788268002782,3.65144920857702,-7.79966957185318,-7.34253698527604,-9.01716228059566,-9.3835821903125,-9.03828123698,-10.796321599725,-4.72701690702238,-4.3906022395032,-5.45473656797605,-6.67304147043143,-6.23064990743864,-7.38116945587917,3.66004000271308
2020-03-30,3.3603494552,3.15320351345047,3.51372318789257,3.60531551607976,-7.59651349247753,-8.54949290700753,-8.89274497372983,-9.03828123698,-10.796321599725,-10.796321599725,-4.59785122648338,-5.13301078143601,-5.37458017028762,-6.51388618526053,-6.96240951931667,-7.30119790994,3.11039582088509
2020-03-31,-0.72456019743,3.11626704880477,3.51747706907495,3.59763724613503,-7.64510407798087,-8.57365878643286,-8.88829881203299,-9.1969815131,-10.796321599725,-10.796321599725,-4.55102567935675,-5.11552153470679,-5.37609839673547,-6.51388618526053,-6.96240951931667,-7.30119790994,3.72216677191932
2020-04-01,-2.1551812569,2.86631354119998,3.20958496223677,3.27864377299465,-7.01361958344958,-7.81789549583969,-8.09843352402633,-8.7366238514,-9.60961418402857,-10.30510760228,-4.17195603485401,-4.66582680721515,-4.88810029812168,-6.10799857118723,-6.61762959564722,-6.78753675095758,3.56756565169718
2020-04-02,0.58342506691,2.75967200884757,3.08168949169727,3.17879606406899,-6.74435813806211,-7.49425330094639,-8.10546083358407,-8.59105902596923,-9.03828123698,-10.30510760228,-4.00710929295511,-4.47245669924254,-4.7393734710479,-5.84614615473148,-6.46163838009744,-6.67304147043143,3.61637500633466
2020-04-03,-0.63788871339,2.53617558580709,2.56399394768136,2.88660449769254,-6.18234462602503,-6.13361398645404,-7.34802284674895,-8.16650846446875,-8.04803285565882,-9.03828123698,-3.67250591566993,-3.65537907390695,-4.29528547131354,-5.38440609960286,-5.38440609960286,-6.14954779190217,1.69230897638198
2020-04-06,4.7729191909,2.34698357907982,2.20057983202485,2.65518120184972,-5.70859258335088,-4.90027869571751,-6.73983034713737,-7.62786093854286,-6.78753675095758,-8.59105902596923,-3.3895306444911,-2.91403420774504,-3.93994748030468,-5.05560906662471,-4.50318092678067,-5.7793749106125,1.35648322693052
2020-04-07,0.7013451208,2.7666150514255,2.79985890873201,3.05443504692044,-6.75361027501338,-7.25054446690744,-7.79611939656605,-8.59105902596923,-9.03828123698,-9.3835821903125,-4.00140512325725,-4.09234666310998,-4.52511507770377,-5.81262044130545,-5.989324714922,-6.51388618526053,3.47214751674646
2020-04-08,1.5609465103,2.54885033124473,2.9346937193982,2.78999107779947,-6.21853947624692,-7.24815997958497,-7.10587318028966,-8.16650846446875,-9.03828123698,-8.7366238514,-3.68691318531542,-4.2238809138139,-4.12271128147351,-5.40914197893333,-6.14954779190217,-5.989324714922,1.16658191576459
2020-04-09,-0.011747430289,2.39968039195195,2.48452354799315,2.63353757882747,-5.73079958776605,-6.14471915319849,-6.51773533898835,-7.62786093854286,-8.04803285565882,-8.59105902596923,-3.46854594026551,-3.60853633007694,-3.89537135556909,-5.10971230937654,-5.35674787579714,-5.71747931699123,1.83005446611627
2020-04-13,6.1735103487,2.21342173947238,2.28642592454087,2.40237848407189,-5.28263475366922,-5.64270278936521,-5.93943749655359,-7.14658391104074,-7.45985881146956,-8.04803285565882,-3.19253645402249,-3.3107466547427,-3.54221620341097,-4.89429967211957,-4.99078179796552,-5.238031489032,3.7960652760839
2020-04-14,5.2769414488,3.00326231333398,3.02492433539163,2.97191320490274,-7.19843160524325,-7.47195561787957,-7.33493079175582,-8.7366238514,-9.03828123698,-9.03828123698,-4.3598496236484,-4.43697195322804,-4.40219053424724,-6.20366447185909,-6.3833173220225,-6.28988357200476,3.03315485096298
2020-04-15,1.0668675437,3.32609214325929,3.58106478910621,3.3916896184425,-7.99537938076192,-9.07324030238786,-8.38898699859609,-10.30510760228,-10.796321599725,-10.796321599725,-4.83211600163324,-5.30378442013217,-4.97185460416422,-6.82554370325937,-7.21816833421538,-6.88567437461935,5.57907571488762
2020-04-16,4.3554565626,3.05887530133643,3.0363005137281,3.10304799028929,-7.33380004898518,-7.64662428215173,-7.68493515606435,-9.03828123698,-9.1969815131,-9.1969815131,-4.44071948260362,-4.47259303507361,-4.54442644810467,-6.43314445333333,-6.48506796175,-6.53936110169189,11.4877029557806
2020-04-17,-1.3782135131,3.19520557078437,3.47004204629206,3.36425235526988,-7.69002372167808,-7.95151058784543,-8.32410266530776,-9.1969815131,-10.30510760228,-10.30510760228,-4.64464869756002,-4.69334132859875,-4.93928582063636,-6.59209491736111,-6.70544521140588,-6.82554370325937,6.0009728329495
2020-04-20,0.78357894727,2.97353262638737,3.12668516202599,3.14934136497141,-7.13443716027486,-7.14986513068679,-7.79379141849497,-8.7366238514,-8.7366238514,-9.3835821903125,-4.31431375894899,-4.21075768643125,-4.61419334709193,-6.16239742556,-6.16239742556,-6.53936110169189,4.98699630194415
2020-04-21,-2.7360346923,2.73578459628362,2.72145358886156,2.88173177097348,-6.54772846394302,-6.2012195222836,-7.12607957724874,-8.59105902596923,-8.16650846446875,-8.7366238514,-3.95989140305359,-3.64802368948136,-4.20976062196455,-5.81708907397222,-5.38169728543333,-6.16239742556,11.4444722711509
2020-04-22,1.5192515848,2.72600745549505,2.80158989809022,2.95981652130956,-6.52111107020928,-6.40335508186787,-7.32296233717708,-8.59105902596923,-8.59105902596923,-9.03828123698,-3.94213548533568,-3.75672705380549,-4.32866849764105,-5.78315783121818,-5.48384297857231,-6.16239742556,3.37812074540324
2020-04-23,1.52147883,2.55480747328504,2.56263982198683,2.7901223412996,-6.11350779319868,-5.85455803279296,-6.88984469597303,-8.04803285565882,-7.82055148775263,-8.7366238514,-3.69189796918402,-3.42687457735184,-4.07081451571573,-5.40675709219265,-5.08966824607073,-5.9230114729,3.49819426512922
2020-04-24,0.44885286206,2.40931617729368,2.37985354907565,2.64439310171486,-5.75606971656237,-5.43385581328676,-6.52548754869207,-7.72148526571,-7.45985881146956,-8.59105902596923,-3.47482182985418,-3.17130645392071,-3.85103628171764,-5.10971230937654,-4.82312015136875,-5.6544034924983,1.53520859064572
2020-04-27,-1.4197874052,2.2274798606897,2.35481738835138,2.41469753922527,-5.31342205704645,-5.82158823446527,-5.94945259817022,-7.21816833421538,-7.72148526571,-8.04803285565882,-3.20653234146836,-3.41462421173317,-3.51391983533001,-4.95139677112697,-5.08966824607073,-5.19374013364156,2.6867225990215
2020-04-28,-2.6060606062,2.14254372231715,2.25369895808683,2.34710701998491,-5.10451692215326,-5.66571881768809,-5.78795734698451,-7.01037832076552,-7.45985881146956,-7.72148526571,-3.06250237124122,-3.26497323393068,-3.40402401494227,-4.68568683472404,-5.00326940888372,-5.10414751751605,4.61620704174546
2020-04-29,2.5336202725,2.23568491072369,2.2118560025623,2.50778477954342,-5.32331979735456,-5.06669200814964,-6.19390242895309,-7.21816833421538,-6.94639799094667,-8.16650846446875,-3.19793470662567,-2.93658991493036,-3.63273812849195,-4.92404150148222,-4.53753246383333,-5.37761600067826,3.75931765595927
2020-04-30,4.2689582797,2.25070573283167,2.25582339290192,2.57033460770373,-5.3692746548605,-5.1955419982415,-6.34266061222106,-7.293135254812,-7.07728099381786,-8.43201552983571,-3.22430372584072,-2.99976893453467,-3.72586484811138,-4.98323244578506,-4.63953043134206,-5.42899455238955,3.15638288536181
2020-05-01,-7.5974130962,2.56932979195869,2.72530765679866,2.89682580995917,-6.14468811412899,-6.29602188476656,-7.16113387417192,-8.04803285565882,-8.29163819130667,-8.7366238514,-3.70048084517302,-3.64963629156126,-4.2147328025957,-5.42899455238955,-5.40323919758676,-6.16239742556,6.51462919708244
2020-05-04,1.310125807,3.67387333140717,3.96281411149627,3.55824719638671,-9.01639302304485,-9.89474728061403,-9.08242284224969,-10.796321599725,-11.8270402075,-10.796321599725,-5.33940388767502,-5.82375843028636,-5.23678578466527,-7.23221443651111,-7.71557706716191,-7.16268495336786,3.04178792079499
2020-05-05,0.078152323658,3.36972760433899,3.72489858087421,3.2710744694567,-8.24851866884341,-9.37240762354785,-8.35009696517671,-10.30510760228,-10.796321599725,-10.796321599725,-4.88593112729101,-5.4364469205938,-4.80504780716223,-6.84893368486364,-7.46559024,-6.78907160657059,1.77108609572651
2020-05-06,1.4436103202,3.08011524444967,2.7447834020507,2.96967959188957,-7.53124467913616,-6.71138983804469,-7.56915498052009,-8.90729322418182,-8.5200843167,-8.90729322418182,-4.45714790538498,-3.95955390888686,-4.34877211209935,-6.462251169405,-5.84945860164909,-6.23463666351111,1.69358982308242
2020-05-07,0.69537184299,2.86519390421631,3.10173333217619,2.78679839295631,-6.99449672490458,-7.88541857126244,-7.09692621642837,-8.64899225484615,-9.9079364644,-8.64899225484615,-4.13818606708075,-4.54854212487353,-4.07275591498272,-6.15110705669574,-6.56720457523158,-5.95521150411731,2.24650725507751
2020-05-08,0.50684023136,2.6451330833678,2.83976575363057,2.5726439428295,-6.43898117132092,-7.19633162849923,-6.51152420638854,-8.5200843167,-8.64899225484615,-8.5200843167,-3.81160195475642,-4.1493505625317,-3.73568828645599,-5.65508916112131,-6.15110705669574,-5.51335219447273,1.1003008915245
2020-05-11,1.2350763362,2.44499033390745,2.53310790386466,2.36576698627469,-5.93653828422426,-6.48450327567371,-5.98878551440403,-8.02299842457778,-8.5200843167,-8.02299842457778,-3.51522760798237,-3.71323185158381,-3.42175159972882,-5.24153968996883,-5.46088306038676,-5.13455319530488,1.2208416002667
2020-05-12,-2.1606475716,2.29746460074527,2.1417073234309,2.23985316483285,-5.56335690411848,-4.93654667200829,-5.66849537927359,-7.46559024,-6.84893368486364,-7.46559024,-3.29811943356515,-2.84465147214223,-3.27119934720248,-5.03751763257209,-4.53507707874397,-5.03751763257209,1.57625609981611
2020-05-13,0.46543202025,2.28935935440283,2.37655612951457,2.33900433616849,-5.55137456132484,-6.05680720142984,-5.92069362338123,-7.46559024,-8.02299842457778,-8.02299842457778,-3.28688932022915,-3.43845643971078,-3.38772685796146,-5.03751763257209,-5.14050982908642,-5.09860188390361,4.5063108159996
2020-05-14,0.88389810462,2.13142523098786,2.20612025232553,2.15428034716748,-5.14986155714059,-5.59091420440201,-5.44822162652155,-7.09521658355517,-7.46559024,-7.46559024,-3.04947243387585,-3.17672346593022,-3.14149403528022,-4.68272414839528,-4.86366352115368,-4.778555904878,2.61618944294989
2020-05-15,0.8761537978,2.00170945608533,2.03481791754482,2.02386759502296,-4.82999636804181,-5.20889159054639,-5.11068424795752,-6.84893368486364,-7.16268495336786,-7.02994614661333,-2.85787714539039,-2.94446217111079,-2.94302712057783,-4.53507707874397,-4.56336884310702,-4.56336884310702,1.3247971631753
2020-05-18,0.6838798563,1.88503026952029,1.92303274093896,1.89770518414114,-4.52667689990147,-4.8950200641337,-4.79023258701513,-6.61896508107568,-6.84893368486364,-6.78907160657059,-2.67807139929782,-2.78922333839224,-2.75909121315937,-4.28467374402148,-4.42371957148548,-4.4105016526224,1.40921170638167
2020-05-19,0.95084615805,1.77939454284219,1.82372066538329,1.77949921915176,-4.26877390139811,-4.62324082582761,-4.48185799582977,-6.22784958638667,-6.61896508107568,-6.61896508107568,-2.52126968781357,-2.62047671286046,-2.57845843374009,-4.05636734519038,-4.21465476509787,-4.14859499652585,1.68654048948768
2020-05-20,1.9846243667,1.70433297961156,1.89685071729554,1.70526821892332,-4.08652359348905,-4.32835010150166,-4.28785781716916,-6.018649893676,-6.22784958638667,-6.22784958638667,-2.41023815496195,-2.49796063697946,-2.46493476292009,-3.91569064695322,-4.05636734519038,-4.0074421591472,0.965620859550873
2020-05-21,-2.0496889438,1.75823843359551,1.79317355845384,1.80629463972366,-4.2172025341596,-4.53341039030571,-4.5804770602819,-6.22784958638667,-6.61896508107568,-6.61896508107568,-2.49056958844389,-2.57586316005816,-2.6356559437348,-4.04642267329745,-4.13797253192635,-4.2492179352913,2.47736017181613
2020-05-22,-0.40298519662,1.84619914823055,1.8859788547182,1.96763643850194,-4.44382034253847,-4.75805733645459,-4.96983498304589,-6.5086661773641,-6.78907160657059,-6.90791620966875,-2.62686775056751,-2.72337208589091,-2.8643248307287,-4.23755086417482,-4.37151532555391,-4.53507707874397,1.05848545920993
2020-05-26,-0.6163619054,1.75073375707567,1.79766274440449,1.84494418543258,-4.20996259248798,-4.50994578856491,-4.65000207314597,-6.22784958638667,-6.61896508107568,-6.67391011839444,-2.47345808843598,-2.56057438025506,-2.67669597735653,-4.01707543113938,-4.117062159184,-4.28467374402148,1.53474009154261
2020-05-27,-0.4736029332,1.67773823318648,1.71140662024298,1.75922896354128,-4.03559245249959,-4.31127622237646,-4.42560617062711,-5.94341917116923,-6.22784958638667,-6.40748405351219,-2.36087270277007,-2.44730776521276,-2.50913600191259,-3.87213160906193,-3.98842372153436,-4.05636734519038,3.73105539449424
2020-05-28,-0.38541480835,1.61206433962708,1.64747773556188,1.66691805015374,-3.86739287652988,-4.11431969380498,-4.18634168842549,-5.8022289472625,-6.05796466746939,-6.18369490881957,-2.26885260941333,-2.33802250495368,-2.37510535197101,-3.79367293550811,-3.87936269501086,-3.87936269501086,2.20985090845617
2020-05-29,1.718795552,1.54863524196015,1.57073189565962,1.57800310431514,-3.71435910974542,-3.91128674849897,-3.95346325705294,-5.47295495891493,-5.83670959916727,-5.87163254132778,-2.16780658754645,-2.22231449208621,-2.24008892363653,-3.61950200471106,-3.72187212614742,-3.75324960853,1.94480030026009
2020-06-01,1.1738598163,1.59216295845489,1.79199046904683,1.66195258805102,-3.82665328503943,-4.09678372624629,-4.17243838487563,-5.70316161657627,-6.05796466746939,-6.18369490881957,-2.23498494110181,-2.36110874276681,-2.35828361145027,-3.73745535692969,-3.87936269501086,-3.87936269501086,0.864164057628792
2020-06-02,0.055442242956,1.57005917560644,1.58665280576244,1.63868909296986,-3.76988657299849,-3.95635214221537,-4.11423159712308,-5.55434833727188,-5.87163254132778,-6.05796466746939,-2.20153189093414,-2.2444941705035,-2.32282776424216,-3.66744011641194,-3.76757517955479,-3.87802707901886,0.847524382749069
2020-06-03,0.24227373287,1.50589469210406,1.49720569218442,1.52926526558192,-3.60928902315726,-3.73084041515347,-3.827582716359,-5.42030219252174,-5.49942055067727,-5.70316161657627,-2.10543636925696,-2.11511246081015,-2.16515942997139,-3.55644834023963,-3.56314867754028,-3.61061610793732,0.990749557717336
2020-06-04,-0.71820529356,1.45364045554892,1.40045354570134,1.43112996889155,-3.47674019787379,-3.55779064942047,-3.57304876388585,-5.16143996297125,-5.31969464817397,-5.36910586842817,-2.02628546587769,-1.98665127271462,-2.0096484268016,-3.46991751988478,-3.43872342093234,-3.45740332871767,1.55016945108405
2020-06-05,0.91034706966,1.43503807934442,1.58833796074299,1.40071032745842,-3.3833944161724,-3.52143965697639,-3.42594311844595,-5.0656414406061,-5.215268427124,-5.10724922402125,-1.99821176927533,-2.07399130906461,-1.96827268462473,-3.43859832912641,-3.49507555355225,-3.40784339492839,1.43033578438364
2020-06-08,1.6536447845,1.41663183176483,1.54496452303964,1.38026706487294,-3.34392143505427,-3.41970120877979,-3.35869142900267,-5.02493365606429,-5.10724922402125,-5.04514581389398,-1.97304877361743,-2.01281126400305,-1.92595182659246,-3.41395510748553,-3.43859832912641,-3.37169634673554,1.14927159071654
2020-06-09,3.0427168927,1.48265601515423,1.62258340858366,1.48357755264743,-3.50517450836427,-3.59970168889023,-3.61984835252275,-5.215268427124,-5.35953539277101,-5.38528666249559,-2.07203390736332,-2.12306427708545,-2.08069746566393,-3.48869826818117,-3.5476361122215,-3.50796773531227,2.19546207244139
2020-06-10,1.7913305599,1.7821232854392,1.79163204245796,1.77760788133528,-4.23405548997186,-4.49595314661061,-4.3618004135383,-6.19208802620682,-6.58612082681944,-6.23500525034186,-2.51568735981917,-2.55946016258512,-2.51932601812613,-4.06033993111382,-4.12286087367945,-4.06033993111382,2.96991440722327
2020-06-11,-3.3802338098,1.78707887959188,1.8964411882785,1.83790694336268,-4.25407362891806,-4.26905728297026,-4.5133021309712,-6.19208802620682,-6.19208802620682,-6.58612082681944,-2.52474223077243,-2.51570893061214,-2.60852110831373,-4.07051335280596,-4.06033993111382,-4.20014629888849,4.94727944752945
2020-06-12,-0.5058718667,2.13230386831032,2.14314303547319,2.17846577629668,-5.09486212627476,-5.23767766248053,-5.37788196919453,-7.00334572979655,-7.13903038740741,-7.36477868054583,-3.0506264426557,-3.04019528079235,-3.15127192005604,-4.64101542740943,-4.64101542740943,-4.734344660633,5.9360995048174
2020-06-15,1.0868283942,1.99395178104139,1.90035041562315,2.03372131761258,-4.74541232326092,-4.52864089986482,-5.01293271835324,-6.69944682499118,-6.58612082681944,-6.87909549919677,-2.84490985483975,-2.696743210067,-2.93443154555383,-4.49696393715345,-4.28754720222652,-4.52458704990965,2.93054374021521
2020-06-16,1.6554721147,1.89399937378095,1.96825247699651,1.94263720136482,-4.50487464966163,-4.44664192843097,-4.78060412997009,-6.58612082681944,-6.47464796533947,-6.75839625421515,-2.69736519865874,-2.6291992605847,-2.79586216584271,-4.28754720222652,-4.22865928866204,-4.42760691936694,2.57160755563185
2020-06-17,0.98307249355,1.8626396435381,1.85095847056031,1.95121984352098,-4.42743594328369,-4.54715983148157,-4.80179948124669,-6.3726371989925,-6.58612082681944,-6.75839625421515,-2.64984503508914,-2.65856662098375,-2.80874814965043,-4.22865928866204,-4.24024219891985,-4.45499394827815,1.54655145379945
2020-06-18,0.49224151644,1.78033282346007,1.87619561481707,1.85672033054514,-4.21808990159098,-4.24099643927055,-4.56956603415716,-6.19208802620682,-6.19208802620682,-6.58612082681944,-2.52403946443475,-2.50428385819563,-2.66983858181668,-4.05589479306601,-4.05589479306601,-4.25192467421037,0.818740586745206
2020-06-19,0.79239481838,1.6847104717191,1.82348029531477,1.73177376581095,-3.98901098808805,-4.1074230232487,-4.25135838705669,-5.83522262259245,-6.02164396816042,-6.19208802620682,-2.38231297641391,-2.42155673564133,-2.47987447009559,-3.89481493610176,-3.93073524144518,-4.02572231811731,1.73283555123113
2020-06-22,1.4508356977,1.6167953649119,1.74206205288287,1.64645173441664,-3.8256036194023,-4.27800367053201,-4.03405606542085,-5.66698581282241,-6.19208802620682,-5.90698899346078,-2.28009174148223,-2.50617647188718,-2.35014110304402,-3.80763093615,-4.05589479306601,-3.86851884788613,0.970167193905463
2020-06-23,1.8641619561,1.61710685500115,1.73989686404489,1.65716673275896,-3.82336907738882,-4.27144582181324,-4.08011505110852,-5.66698581282241,-6.19208802620682,-5.944351482416,-2.26298402390913,-2.49640063334448,-2.37382441167908,-3.76250333168919,-4.06333626482039,-3.87400563719709,1.5307404924363
2020-06-24,-1.0855842657,1.66769408371834,1.75691398315752,1.74694669889124,-3.94735654104608,-4.31386694226897,-4.30859974146611,-5.80032721703519,-6.19208802620682,-6.19208802620682,-2.33858414625175,-2.51033931747044,-2.50999126392636,-3.87400563719709,-4.06333626482039,-4.06333626482039,3.28441718050552
2020-06-25,0.73800468108,1.64746971136584,1.74641511471315,1.75224289010895,-3.90313499413025,-4.29108935603212,-4.30538300333746,-5.76588114204364,-6.19208802620682,-6.19208802620682,-2.31062022222042,-2.49724248263969,-2.50452524005711,-3.85620151173161,-4.06333626482039,-4.06333626482039,1.76714064853494
2020-06-26,-2.2402689337,1.5846738592693,1.71749471049097,1.65697665573336,-3.74586800121772,-4.21935178853476,-4.0659934582016,-5.49105969909219,-6.19208802620682,-5.944351482416,-2.21472921579347,-2.45940138287184,-2.36193897641386,-3.69906485185026,-4.00312087855949,-3.87400563719709,3.17231700243798
2020-06-29,-0.46381741422,1.75481969330387,1.77883220184406,1.86331337463968,-4.15448142407503,-4.37575800935228,-4.59306711464796,-6.14774683492,-6.23500525034186,-6.58612082681944,-2.48014340788298,-2.55033808816285,-2.67499170138704,-4.03282510025742,-4.11529315700204,-4.26182865620896,2.91071444825023
2020-06-30,2.9264507271,1.67429626237462,1.73198929953587,1.75803375783767,-3.95612034853165,-4.25644713845659,-4.32514608959159,-5.83522262259245,-6.19208802620682,-6.19208802620682,-2.3614106777939,-2.47939050702972,-2.51560528134707,-3.87400563719709,-4.03282510025742,-4.06333626482039,1.32918941280409
2020-07-01,4.3453360493,1.89207205874379,1.84328962077111,2.00651241121375,-4.49031264783579,-4.53665563241353,-4.95175475677972,-6.58612082681944,-6.58612082681944,-6.81917041769375,-2.68720296666298,-2.64409975908225,-2.88918384297144,-4.29794992066794,-4.23824655485515,-4.51063500542087,2.00749499891258
2020-07-02,0.40295966937,2.36122495825154,2.31838064126145,2.40818100311226,-5.64811669750146,-5.73331815731733,-5.96504339908004,-7.45099163155217,-7.6181492653,-8.03603608282941,-3.38371695966457,-3.36023137536811,-3.49399241270251,-5.0656414406061,-5.02532543289286,-5.19264719899605,4.12016309345544
2020-07-06,5.7689513198,2.17620466205487,1.97987874533017,2.20855047814224,-5.18970864406838,-4.87614007888973,-5.4555327943315,-7.06999723888571,-6.81917041769375,-7.45099163155217,-3.11178424961908,-2.85022502035476,-3.19050088821379,-4.71842727585545,-4.51063500542087,-4.8888235757,3.01226447499998
2020-07-07,-1.8619318032,2.91369978937546,2.89547150977005,2.73668699752655,-7.01472296455896,-7.18582317513341,-6.78887579991443,-8.719628423225,-8.719628423225,-8.57537093842308,-4.20231012330524,-4.24770102518995,-3.98482762832162,-6.19208802620682,-6.19208802620682,-5.83522262259245,5.320192443803
2020-07-08,2.6995586843,2.76005415799821,2.66475571134407,2.69351660801073,-6.64375319415339,-6.59135173820859,-6.67718658761109,-8.57537093842308,-8.57537093842308,-8.57537093842308,-3.97472100946492,-3.89657744545752,-3.91864895568743,-5.83522262259245,-5.76588114204364,-5.80032721703519,3.20621155488064
2020-07-09,3.2949164424,2.69793714657784,2.69761299471605,2.74912729614139,-6.49482368383078,-6.6707317643527,-6.8196637678736,-8.57537093842308,-8.57537093842308,-8.57537093842308,-3.87941176427498,-3.94358618412336,-4.00295980965528,-5.76588114204364,-5.80032721703519,-5.87047244386731,4.57824391488104
2020-07-10,0.54577503524,2.73745973200406,2.86327732907777,2.89918740744502,-6.59784346026008,-7.05946109261026,-7.20258742878486,-8.57537093842308,-8.719628423225,-8.719628423225,-3.93422327647774,-4.20659207102137,-4.23019139124134,-5.80032721703519,-6.19208802620682,-6.19208802620682,3.27673054986851
2020-07-13,-3.0000000001,2.50967782544844,2.52705853929293,2.63509852419234,-6.02127142199073,-6.21543737142133,-6.54948600764724,-8.03603608282941,-8.1537618933375,-8.57537093842308,-3.58140972158372,-3.7007174840849,-3.8405744966088,-5.33435940605857,-5.43767612140909,-5.66698581282241,12.9923981822582
2020-07-14,-0.64432989684,2.58983330636023,2.76103872306022,2.80754860076947,-6.22802294057733,-6.79680281551451,-6.98461096744826,-8.1537618933375,-8.57537093842308,-8.719628423225,-3.70513461543038,-4.05999356308316,-4.0997250267204,-5.43767612140909,-5.944351482416,-6.02164396816042,18.5517364372507
2020-07-15,-2.4361219195,2.38607289647367,2.49804050355292,2.57746959137294,-5.72903417397491,-6.12487616450477,-6.4302384256868,-7.6181492653,-8.03603608282941,-8.57537093842308,-3.40704767344334,-3.66170153134451,-3.76696921922028,-5.10724922402125,-5.41140678266866,-5.51868151350952,7.60124525191228
2020-07-16,-0.29811856293,2.39940633011015,2.66683946151707,2.65814315316167,-5.77132999095392,-6.4283766744664,-6.63365544482656,-7.711288008805,-8.57537093842308,-8.57537093842308,-3.43028873636882,-3.84240537808954,-3.88819197993544,-5.10724922402125,-5.66698581282241,-5.76588114204364,7.23980982335903
2020-07-17,-1.2643754791,2.20915482961262,2.40362695738595,2.44414643301814,-5.30445009336374,-5.89720896838979,-6.05283190847693,-7.21032429044231,-7.91782820197222,-8.03603608282941,-3.14792363918303,-3.51656492266133,-3.54655536477461,-4.734344660633,-5.215268427124,-5.28522709836667,3.94985980774447
2020-07-20,7.9295198804,2.10987492488392,2.33357607309408,2.34866801348299,-5.05538767205929,-5.70673679258295,-5.82433786401345,-6.87909549919677,-7.5313113036,-7.711288008805,-2.99051486792287,-3.39690618735299,-3.37163812061106,-4.60914457747037,-5.0656414406061,-5.04533532457229,4.33401415824457
2020-07-21,-1.8314961025,3.53461339736785,3.65867337657205,3.0194493690291,-8.55457969997731,-8.95319601378818,-7.50461648457487,-10.796321599725,-10.796321599725,-9.01788672317,-5.10052784145407,-5.41675067739197,-4.36782147500134,-7.00334572979655,-7.45099163155217,-6.23500525034186,10.6111629728153
2020-07-22,-1.2229589999,3.2814584511752,3.11714486327901,2.91818705410687,-7.92473151721816,-7.62213698030087,-7.24872451504879,-10.30510760228,-9.37143442295,-9.01788672317,-4.72420826101288,-4.61199520642103,-4.21635549793913,-6.69944682499118,-6.58612082681944,-6.19208802620682,3.30007024626353
2020-07-23,-3.6568803612,3.01752517316719,2.75042840961713,2.74542524092878,-7.27207773484838,-6.68749349241898,-6.80540641952115,-9.01788672317,-8.57537093842308,-8.57537093842308,-4.33459163536035,-4.04968164967131,-3.95656916804272,-6.19208802620682,-5.944351482416,-5.83522262259245,5.88098020310918
2020-07-24,0.74868996016,3.10252384981029,2.98911823986118,3.00770722512301,-7.47891618126195,-7.29988707850861,-7.46944789424442,-9.01788672317,-9.01788672317,-9.01788672317,-4.45543400499973,-4.40170355701945,-4.34809433851777,-6.47464796533947,-6.2790778726881,-6.23500525034186,8.90494017028306
2020-07-27,1.5387632066,2.82599974887119,2.66416545509304,2.74541145707465,-6.79970817056565,-6.47914083736573,-6.8003191877505,-8.57537093842308,-8.57537093842308,-8.57537093842308,-4.04934502185371,-3.90739606707826,-3.95512202292793,-5.944351482416,-5.80032721703519,-5.83522262259245,5.20873144039309
2020-07-28,-1.7962758698,2.63217453354622,2.54085125217605,2.60162088751575,-6.32070452161141,-6.18158803169515,-6.44008042195737,-8.27804184876667,-8.1537618933375,-8.57537093842308,-3.76066449054231,-3.71385905709342,-3.74049683956806,-5.51868151350952,-5.43767612140909,-5.49105969909219,2.79181317355802
2020-07-29,1.1065449467,2.51684027807746,2.55120255905183,2.57167216349869,-6.04566995863643,-6.21325565253944,-6.36137380554543,-8.03603608282941,-8.1537618933375,-8.41744801997143,-3.59397998530618,-3.72989946765438,-3.69466755458747,-5.31073294063803,-5.46400612477538,-5.43767612140909,2.06864498558672
2020-07-30,0.60490583564,2.33496980787914,2.40772414781172,2.40157337801405,-5.60185110049578,-5.84052908204412,-5.93152867965936,-7.45099163155217,-7.80981753311579,-8.03603608282941,-3.32449739728374,-3.51102412363791,-3.43930777022677,-4.97083071652759,-5.19476332099342,-5.08934343559136,3.31500564972209
2020-07-31,3.6960824147,2.15538044025589,2.23193374570753,2.20980753544468,-5.15816752913502,-5.399538227736,-5.44827125755418,-7.06999723888571,-7.45099163155217,-7.45099163155217,-3.05508420752686,-3.24863300987715,-3.15170102103383,-4.66087800262476,-4.95139006769545,-4.73929807963,7.03482401815599
2020-08-03,-1.6680991443,2.40717881395353,2.63264437858432,2.52036643971858,-5.77460234803098,-6.39673504437511,-6.2258066090588,-7.711288008805,-8.57537093842308,-8.1537618933375,-3.43326537102006,-3.85586850806052,-3.61684780292978,-5.08934343559136,-5.73188806747321,-5.36023729581014,3.10998851677469
2020-08-04,0.86571183419,2.3185593331609,2.5551291835654,2.48355768041145,-5.55631484637253,-6.21292546320141,-6.13157927736602,-7.45099163155217,-8.1537618933375,-8.03603608282941,-3.30136481388377,-3.73726924704575,-3.5615026345457,-4.97083071652759,-5.49105969909219,-5.28656037779722,2.69128051993818
2020-08-05,2.109066117,2.15388729567401,2.33827709597599,2.30333003228032,-5.15281376990424,-5.656115074799,-5.67429461160435,-7.06999723888571,-7.45099163155217,-7.45099163155217,-3.05613684620343,-3.41254557638415,-3.29074125727799,-4.66087800262476,-5.08934343559136,-4.97083071652759,2.04728936439585
2020-08-06,0.62308309134,2.13014271344689,2.38282110954628,2.32906802559005,-5.09100770422638,-5.77482807640864,-5.73995442410036,-7.00334572979655,-7.711288008805,-7.6181492653,-3.0204404107967,-3.48007662899934,-3.33058307437177,-4.64568846419906,-5.1096339895575,-4.97083071652759,1.87347370948019
2020-08-07,-1.7841860466,1.97935376332193,2.17167065358621,2.14958822004532,-4.72762310216199,-5.27749666443604,-5.28807723015647,-6.69944682499118,-7.13903038740741,-7.21032429044231,-2.79667227986411,-3.16260851054564,-3.06042911299727,-4.43232221534545,-4.7553008313697,-4.66087800262476,2.58134470618359
2020-08-10,-0.60932103324,1.98648780789462,2.23083269009138,2.18133043908247,-4.74949021444723,-5.42654557031477,-5.41250774755556,-6.69944682499118,-7.45099163155217,-7.45099163155217,-2.81207688572733,-3.25798611793047,-3.13400674851178,-4.45978849292857,-4.95139006769545,-4.73929807963,2.73129114610543
2020-08-11,-2.1437919292,1.87539048325934,2.0737336814043,2.05493146578973,-4.47182555725235,-5.02156862398499,-5.06546553730671,-6.52909652836216,-6.87909549919677,-6.93959981967667,-2.64424293532324,-3.02054930323093,-2.93043895689774,-4.23282389313942,-4.64568846419906,-4.51563709208261,3.71031566735624
2020-08-12,2.6478006408,1.96008157623799,2.20292994958784,2.1719994856976,-4.671762451649,-5.3460027268202,-5.38685443023092,-6.64169731508286,-7.284977449288,-7.45099163155217,-2.76817480063857,-3.21628499365859,-3.12142001937215,-4.3796970637336,-4.95139006769545,-4.7233316511,2.09865795934545
2020-08-13,-0.038580246928,2.05795928448813,2.3685886353551,2.3117246935455,-4.91303939800934,-5.75724140770176,-5.7440287465451,-6.81917041769375,-7.711288008805,-7.6181492653,-2.91439526243243,-3.46753703178357,-3.33181795484394,-4.50188247864828,-5.1096339895575,-4.98990164279535,2.36869752105187
2020-08-14,-0.41125965663,1.91799474061412,2.11864520642812,2.1322815309458,-4.5657758101477,-5.13523657528864,-5.26170555409642,-6.58612082681944,-7.00334572979655,-7.13903038740741,-2.70533467739743,-3.08574446928449,-3.04873221559504,-4.31635957881769,-4.69186891516602,-4.64568846419906,1.90146953393421
2020-08-17,1.0924327038,1.80754742814606,1.97374170074804,1.98615289052025,-4.29602946146926,-4.76912179609817,-4.88978245130228,-6.19208802620682,-6.75839625421515,-6.81917041769375,-2.54183789102072,-2.86378838416952,-2.82921577993748,-4.09023998688733,-4.50188247864828,-4.47365028276695,1.25268534082147
2020-08-18,4.0874683024,1.73885776717614,1.90188838171213,1.90020405582253,-4.1269356101681,-4.5860505116716,-4.67252614977346,-6.06203764778085,-6.58612082681944,-6.64169731508286,-2.4392409096189,-2.75447404961605,-2.70017746480199,-3.97118980670247,-4.3796970637336,-4.30403494009771,3.71302269591257
2020-08-19,-1.5701179475,2.20730267567893,2.34042582027371,2.28575857188775,-5.26234145700295,-5.68450983660113,-5.63924494594256,-7.13903038740741,-7.5313113036,-7.45099163155217,-3.13161274613798,-3.41871064756882,-3.27669049154921,-4.73929807963,-5.08934343559136,-4.97083071652759,3.35922426704754
2020-08-20,1.1314285013,2.14209348484572,2.26552289836119,2.27276593828733,-5.10760691490539,-5.50282645241337,-5.60306869084178,-7.00334572979655,-7.45099163155217,-7.45099163155217,-3.03816877406536,-3.30736064640372,-3.25723940573473,-4.64568846419906,-4.97083071652759,-4.95139006769545,1.65111741407073
2020-08-21,-0.38363908216,2.02219277486914,2.09045792556593,2.15214768963152,-4.81821757688192,-5.05707200387861,-5.29748370113665,-6.81917041769375,-6.87909549919677,-7.21032429044231,-2.86335717945377,-3.03813505538309,-3.07652854384501,-4.50188247864828,-4.64568846419906,-4.69186891516602,1.62849105958617
2020-08-24,0.69229645142,1.89883961430391,1.94919999502696,2.0020160346954,-4.51067497783275,-4.70963373021116,-4.91722160163379,-6.58612082681944,-6.69944682499118,-6.81917041769375,-2.67824261509544,-2.82426087388881,-2.85130433718513,-4.25615097653185,-4.47365028276695,-4.50188247864828,4.93203555280785
2020-08-25,1.1800596229,1.79142249882899,1.82720803534906,1.87218888276038,-4.25305618371547,-4.25742622546846,-4.589439804814,-6.19208802620682,-6.19208802620682,-6.58612082681944,-2.5214821956276,-2.58192569036262,-2.65639686760789,-4.05962388334967,-4.14304531869793,-4.24443742548897,2.59838783126225
2020-08-26,2.8495528151,1.73409023713353,1.81689483641808,1.80758643759475,-4.10968591732432,-4.38030163351414,-4.45225500161665,-6.02164396816042,-6.23500525034186,-6.47464796533947,-2.43459418623074,-2.62046069138875,-2.573869741661,-3.94330603510242,-4.19836514406214,-4.13231535237671,2.94493828576873
2020-08-27,-1.2159158592,1.92095846520551,1.98798230000647,2.05058431680352,-4.57164816270842,-4.65522966175698,-5.03734557449756,-6.58612082681944,-6.64169731508286,-6.87909549919677,-2.71618384794863,-2.82352164196379,-2.92304189243427,-4.34143271921719,-4.45978849292857,-4.51563709208261,3.40529908445982
2020-08-28,0.052941176364,1.86789736878266,1.9096199337974,2.01932445083341,-4.44818848063721,-4.46144198079557,-4.9569366199865,-6.47464796533947,-6.52909652836216,-6.81917041769375,-2.64033197395867,-2.70741850519899,-2.87592278203552,-4.23282389313942,-4.31635957881769,-4.50188247864828,1.58840646327685
2020-08-31,1.4451172909,1.75326124287146,1.75931653019417,1.86555054347515,-4.17304289925659,-4.08259908715022,-4.56901907491132,-6.14774683492,-5.944351482416,-6.58612082681944,-2.47188699760667,-2.49504432772447,-2.6450993698727,-4.01949819926815,-4.04946433773052,-4.23282389313942,2.73037151558324
2020-09-01,1.395553701,1.72593002391461,1.73623785441422,1.8451935930529,-4.10562836397465,-4.0435611079786,-4.53600288108478,-6.02164396816042,-5.944351482416,-6.58612082681944,-2.42462051277326,-2.46007410247084,-2.62055434637971,-3.92520193301078,-3.99992730007673,-4.19836514406214,2.04070236414627
2020-09-02,0.92394659223,1.69718527500264,1.77260031776983,1.81999676340703,-4.03771904618556,-4.27720243711789,-4.48881057889099,-5.90698899346078,-6.19208802620682,-6.58612082681944,-2.38398885013092,-2.56046536931265,-2.59152480144981,-3.88962112204795,-4.1216902869415,-4.15388307111111,2.64631196862233
2020-09-03,-4.6284104264,1.63219680672567,1.73688096680883,1.73608681818704,-3.88393281780192,-4.18836149327115,-4.27536083687801,-5.76588114204364,-6.14774683492,-6.19208802620682,-2.2905315791949,-2.50415252413362,-2.46439105347176,-3.82014923733408,-4.05962388334967,-4.00966668307279,10.09234382819
2020-09-04,-2.1787410926,2.35869825296665,2.14782940490368,2.20104991552943,-5.73132829549759,-5.24192714491564,-5.59959782851513,-7.6181492653,-7.13903038740741,-7.45099163155217,-3.38111958305134,-3.12446179843197,-3.18675871560315,-5.04366534425357,-4.72240105085784,-4.83729723666421,18.9535437459314
2020-09-08,-4.3944369912,2.34312662714621,2.59936663126098,2.31388862881992,-5.69445524460352,-6.19239626589059,-5.87070954629084,-7.5313113036,-8.1537618933375,-7.91782820197222,-3.35848820441972,-3.74680130847734,-3.34278303808449,-5.00479799012326,-5.47778817182,-4.98574657134253,10.3739803148749
2020-09-09,3.7706677165,2.75808530684734,3.07547820955776,2.73670103523572,-6.71793140192355,-7.35815068614603,-6.95379087121124,-8.57537093842308,-9.01788672317,-8.719628423225,-3.97130953004866,-4.46305688267635,-3.98461306494166,-5.78708448027273,-6.47907847304737,-5.78708448027273,4.99224667050039
2020-09-10,-2.8605431667,2.87688008216627,3.09381961167011,2.97696638809918,-7.01920107323606,-7.40476584626012,-7.55678988336918,-8.719628423225,-9.01788672317,-9.01788672317,-4.15123699642122,-4.51254522955284,-4.34418514675036,-6.07811606359574,-6.53320973491622,-6.11901566458043,7.18609817006936
2020-09-11,-1.854738891,2.85809702261005,2.99089249217075,3.050749956603,-6.96448706956908,-7.36754243320196,-7.77199753696902,-8.719628423225,-9.01788672317,-9.60961418402857,-4.11702674562788,-4.41668001486846,-4.46892043158699,-5.961235157786,-6.33009508258781,-6.47907847304737,7.90887392813253
2020-09-14,-0.42519462677,2.71561606188007,2.92162064150085,2.95153075224125,-6.59897486216884,-6.97074569162347,-7.49817554666356,-8.57537093842308,-8.719628423225,-9.01788672317,-3.88502408952766,-4.24148665438195,-4.31075625894314,-5.72186509175439,-6.11901566458043,-6.11901566458043,3.9326168162997
2020-09-15,1.713197356,2.48393417706931,2.68980589545851,2.69440623634403,-6.02937210800644,-6.41194962125579,-6.83650970304317,-8.03603608282941,-8.57537093842308,-8.57537093842308,-3.54700687957047,-3.89274730843538,-3.91856680351149,-5.24288105148267,-5.72186509175439,-5.75429494888393,2.86723654995577
2020-09-16,-2.4723316213,2.35263016025575,2.58800090502524,2.58522076182462,-5.70988871991801,-6.15973705408467,-6.55100991709533,-7.6181492653,-8.1537618933375,-8.57537093842308,-3.35497259093236,-3.74095213695387,-3.75364741119893,-5.01635817513256,-5.46137375999242,-5.48768896567231,3.69488018039516
2020-09-17,-2.2536629739,2.38183083889974,2.71030490421598,2.67550404932576,-5.78379474301735,-6.44990635267342,-6.78415810003608,-7.711288008805,-8.57537093842308,-8.57537093842308,-3.39844586739448,-3.92605538307506,-3.8882384009002,-5.0555007717631,-5.75429494888393,-5.72186509175439,5.15216886606228
2020-09-18,-1.7887946078,2.37176063865226,2.74862492502479,2.7092986886373,-5.75620258814942,-6.54425265316662,-6.87328335669745,-7.711288008805,-8.57537093842308,-8.719628423225,-3.38214573706444,-3.98505571162243,-3.9438313954092,-5.0555007717631,-5.78708448027273,-5.75429494888393,4.63843382653408
2020-09-21,0.18816139909,2.298562459966,2.68879901237322,2.65693673493569,-5.57985088325365,-6.39757654828367,-6.73401818599878,-7.45099163155217,-8.57537093842308,-8.57537093842308,-3.27550508260841,-3.8976925379444,-3.85986283257681,-4.97823703039886,-5.72186509175439,-5.68980308958793,5.76933569064635
2020-09-22,5.692339392,2.11168261650285,2.40566987414933,2.41975912817012,-5.11945601104773,-5.70919403754717,-6.11272183325316,-7.00334572979655,-7.6181492653,-8.03603608282941,-3.00200789985812,-3.47632436020348,-3.50134875427595,-4.63955469632593,-5.09504349490488,-5.17724179247564,4.00885844395838
2020-09-23,-4.1268907858,2.88340398971518,3.22011047303309,2.93296216030972,-7.03610431883697,-7.94661990970593,-7.47750683110472,-8.719628423225,-10.30510760228,-9.01788672317,-4.15245472811843,-4.77126232545713,-4.29349482491364,-6.07811606359574,-6.75839625421515,-6.11901566458043,4.27913041867698
2020-09-24,0.66436433699,3.09517067035319,3.28655481800294,3.24126346800837,-7.56783164421984,-8.0899462549104,-8.25668069896546,-9.01788672317,-10.30510760228,-10.30510760228,-4.46634135131067,-4.85729889478009,-4.75310349089902,-6.47907847304737,-6.81917041769375,-6.69944682499118,8.02656804949681
2020-09-25,2.4948754715,2.81311820214445,2.82323530797111,2.93571747869021,-6.85735553801825,-6.94635666026679,-7.48585491938112,-8.719628423225,-8.719628423225,-9.01788672317,-4.0344171124767,-4.15400002672303,-4.2943316515062,-5.82233660870185,-6.07811606359574,-6.11901566458043,2.94732015821461
2020-09-28,2.5498121242,2.71491781740678,2.80550546879131,2.91703904833041,-6.62251315087059,-6.87247214020391,-7.41448059759951,-8.57537093842308,-8.719628423225,-9.01788672317,-3.89639866227597,-4.1355112181616,-4.25586266985752,-5.69436553475517,-6.03764604925625,-6.11901566458043,2.65439970063869
2020-09-29,-0.91901513842,2.64544191396134,2.8138773283165,2.89278669293928,-6.44334289094151,-6.8930475773562,-7.372228891848,-8.57537093842308,-8.719628423225,-9.01788672317,-3.79086623251724,-4.1512237497387,-4.2355905164159,-5.51987284155,-6.07811606359574,-6.11901566458043,1.75588969147826
2020-09-30,0.12242120519,2.45084608180123,2.62680625492484,2.68118913354616,-5.9486271312137,-6.44059236674199,-6.82403663773303,-8.03603608282941,-8.57537093842308,-8.57537093842308,-3.49605972205216,-3.86968589771983,-3.91873740906003,-5.16394621011266,-5.69436553475517,-5.72574399865439,3.0028593045412
2020-10-01,2.3034683825,2.24417888064437,2.41430993763591,2.44092355308675,-5.43779316157779,-5.91972663574656,-6.19918445868155,-7.45099163155217,-8.03603608282941,-8.1537618933375,-3.19150514909344,-3.54778421240657,-3.55316128669972,-4.87541811566915,-5.22819696903947,-5.22819696903947,2.3460183649195
2020-10-02,-2.9882716701,2.22930952319211,2.51844362338251,2.47332684383153,-5.40857222270489,-6.17744681097258,-6.28343866997068,-7.45099163155217,-8.1537618933375,-8.1537618933375,-3.17199407127694,-3.70374514351268,-3.601579826552,-4.80646191397245,-5.39183133646956,-5.29608987213425,3.18127981614767
2020-10-05,2.3743999998,2.38199327065808,2.76661353231344,2.67900733632972,-5.79024296502535,-6.80116792975843,-6.80972196034788,-7.711288008805,-8.57537093842308,-8.57537093842308,-3.3956396695231,-4.08122683308228,-3.90539477649619,-5.04457594839882,-5.85598702498491,-5.69436553475517,1.26007722366543
2020-10-06,-3.1020255062,2.34911501903913,2.73773947590763,2.68051950210624,-5.7157847611296,-6.7252310559488,-6.81220834913634,-7.6181492653,-8.57537093842308,-8.57537093842308,-3.35097650781614,-4.03532800202214,-3.90679126572558,-5.00613441203678,-5.82233660870185,-5.72574399865439,2.90079277695788
2020-10-07,3.0881043625,2.49112913353895,2.90505816553911,2.86315020024925,-6.07400952972969,-7.13110062226354,-7.28322865115329,-8.03603608282941,-8.719628423225,-9.01788672317,-3.56349605794401,-4.2851350866859,-4.18002476650484,-5.25042780539733,-6.11901566458043,-6.07811606359574,1.46364254477183
2020-10-08,-0.16084163353,2.54925724267355,2.92886479434406,2.94872062028312,-6.22001504817497,-7.18382954595858,-7.51090990156008,-8.1537618933375,-8.719628423225,-9.01788672317,-3.64999000327235,-4.32051093199344,-4.31840551644398,-5.34325173244225,-6.11901566458043,-6.11901566458043,1.63479044006027
2020-10-09,3.0120198709,2.33541275192138,2.64788499451677,2.68652447722348,-5.68675170844535,-6.48314607376529,-6.82482726769333,-7.5313113036,-8.57537093842308,-8.57537093842308,-3.33297201450229,-3.89394358951487,-3.91378874915238,-4.98728430003864,-5.69436553475517,-5.72574399865439,1.21031295282205
2020-10-12,4.7549936866,2.41640498816342,2.80331746279732,2.79211378789386,-5.88543385354457,-6.86376960489579,-7.10396452018116,-7.91782820197222,-8.719628423225,-8.719628423225,-3.4507625386784,-4.13147014178621,-4.08217251461486,-5.06412567245595,-5.99874728292449,-5.85598702498491,2.42795878897989
2020-10-13,0.020331519954,2.83835979978688,3.1840468154607,3.1721403514666,-6.9485271566242,-7.81379070740832,-8.08506101973198,-8.719628423225,-9.60961418402857,-10.30510760228,-4.07935939934666,-4.70652999406959,-4.65427732758117,-5.85598702498491,-6.69944682499118,-6.64169731508286,3.40538736101383
2020-10-14,-2.320806823,2.58356967328664,2.76050074187669,2.869924443859,-6.31511573825379,-6.74323257371222,-7.30482402985336,-8.27804184876667,-8.57537093842308,-9.01788672317,-3.70298586577472,-4.06156229325184,-4.19647151250521,-5.39183133646956,-5.85598702498491,-6.07811606359574,3.29210562448304
2020-10-15,-0.7450107174,2.54400107894343,2.79712464558849,2.87833522155742,-6.22428412386766,-6.84006453030515,-7.32147838427808,-8.1537618933375,-8.57537093842308,-9.01788672317,-3.64720219920884,-4.10999404754629,-4.16802910651142,-5.34325173244225,-5.92526762108039,-6.07811606359574,2.68727354955089
2020-10-16,-1.9750497955,2.35294495473511,2.6024910696562,2.65693495461302,-5.7484627956414,-6.34460377624963,-6.74611737557975,-7.6181492653,-8.41744801997143,-8.57537093842308,-3.36395263706695,-3.81573065691899,-3.83558685584847,-5.00613441203678,-5.5751089183629,-5.60385107126393,15.1478799618374
2020-10-19,-2.0013994518,2.30974519041941,2.65177381108212,2.64619729635879,-5.6418634451794,-6.47623413093422,-6.7175729130926,-7.45099163155217,-8.57537093842308,-8.57537093842308,-3.29929604609089,-3.89347931937707,-3.84045107795861,-4.9686713422573,-5.69436553475517,-5.60385107126393,3.99571977044108
2020-10-20,0.3055615316,2.2783740611889,2.67748714484165,2.64168389395655,-5.56494300712645,-6.56203794211956,-6.71022671636911,-7.45099163155217,-8.57537093842308,-8.57537093842308,-3.25291314775215,-3.93036800543339,-3.8441921315428,-4.94968670089111,-5.72574399865439,-5.60385107126393,4.4136982009212
2020-10-21,-0.99688841501,2.10340489262642,2.44611209499523,2.41185889759724,-5.12175053309456,-6.04449219435943,-6.13110036253566,-7.00334572979655,-8.03603608282941,-8.03603608282941,-2.99234402708452,-3.56670035918952,-3.47218825961034,-4.59192854783214,-5.25042780539733,-5.08337900443374,2.68903020993214
2020-10-22,-0.26813691957,2.00054339668935,2.34515631866458,2.28856194505251,-4.8577802685935,-5.76208188552056,-5.82180864005892,-6.81917041769375,-7.711288008805,-7.711288008805,-2.82996480623871,-3.41597689588124,-3.26924146715015,-4.45875286210496,-5.07583530733133,-4.97863094867159,2.54792204350894
2020-10-23,0.8815010704,1.8647037715114,2.16426004667261,2.10889337551611,-4.52001020633513,-5.27750108438664,-5.34865491946932,-6.53320973491622,-7.13903038740741,-7.284977449288,-2.63263399958536,-3.14489529008289,-2.99957955119951,-4.23570074990504,-4.74838672384356,-4.61098725015909,1.82007834501757
2020-10-26,0.08238671835,1.76159399463984,2.04485297134878,1.97488090305695,-4.26585432053515,-5.02630843108344,-4.98724137060996,-6.11901566458043,-6.87909549919677,-6.87909549919677,-2.4819704318756,-2.95999280058654,-2.80128402559179,-4.04437533600255,-4.52676068031638,-4.44535404595656,3.96739303729778
2020-10-27,2.4723732788,1.65987499512305,1.91106835099048,1.82824228566964,-4.00586993485977,-4.65700873090442,-4.60631708297966,-5.82077924642037,-6.64169731508286,-6.53320973491622,-2.32859304101336,-2.76023222911546,-2.57661152903244,-3.85355910975112,-4.36781637433516,-4.14698708903333,2.37580121416471
2020-10-28,-3.7595128911,1.80628710396048,2.03829073545722,1.99799334888719,-4.37756886741774,-5.02355314728469,-5.05671027240457,-6.15840162627333,-6.87909549919677,-6.87909549919677,-2.54998556491026,-2.94923170556894,-2.83663749909504,-4.115393112372,-4.51329987496581,-4.4723046514875,3.96034574968522
2020-10-29,1.5249242755,2.25248032832421,2.53946579804552,2.38137246414291,-5.48552180462462,-6.31138165250306,-6.04868254971299,-7.45099163155217,-8.27804184876667,-8.03603608282941,-3.20925716854377,-3.70807788187892,-3.42728637856284,-4.92698167671978,-5.38700940767681,-5.06016480237619,3.03290504411698
2020-10-30,-5.4456385998,2.14638261134815,2.31955669767114,2.29085267379387,-5.22107940105259,-5.74285485866314,-5.83175154626499,-7.13903038740741,-7.6181492653,-7.711288008805,-3.05296973375731,-3.38875248705647,-3.30273804146491,-4.64732388720463,-5.04066167679059,-4.96493299296854,4.89829981457229
2020-11-02,-1.0430973436,2.91650197364675,3.19320408471081,2.81071417559808,-7.23420671530986,-7.9885252582402,-7.18155438269963,-8.85631757902727,-10.30510760228,-8.719628423225,-4.18969701697311,-4.71039617213478,-4.11325326544232,-6.06493944976667,-6.66362373284286,-5.91604398605577,4.60526736323716
2020-11-03,1.4621498562,2.69359962172679,2.69962053810734,2.63529853992791,-6.67444301552773,-6.73382165760881,-6.72486292045367,-8.57537093842308,-8.57537093842308,-8.57537093842308,-3.86269839959781,-3.96271684788912,-3.84645039893176,-5.71770023513448,-5.78160624683571,-5.62603816342787,3.51760943335275
2020-11-04,6.3229683672,2.51602061583819,2.67883790106468,2.50144213514218,-6.22470128113977,-6.39423542118783,-6.37939778237534,-8.1537618933375,-8.57537093842308,-8.57537093842308,-3.59853791947824,-3.90064385422355,-3.64524737134919,-5.29361467809324,-5.71770023513448,-5.34005275717361,3.42669711834871
2020-11-05,2.4941687545,3.32298197339432,3.38173342698247,3.06913790322773,-8.24100915772612,-8.42082080223928,-7.84951936515123,-10.30510760228,-10.796321599725,-9.9079364644,-4.77374937322334,-5.00180729296497,-4.50788675642707,-6.71978573496765,-6.83429997109063,-6.50458944188684,3.37752050564114
2020-11-06,-0.31998795912,3.14575102449265,3.0357666313783,3.01896411043287,-7.79805006365899,-7.54650730900002,-7.71546516064893,-9.60961418402857,-9.01788672317,-9.60961418402857,-4.51474974412276,-4.4801026779261,-4.4306160536608,-6.50458944188684,-6.50458944188684,-6.35489587585366,2.87109113679651
2020-11-09,-5.0622551996,2.85976141694855,2.66334341689684,2.75323334532038,-7.07870504053724,-6.5977218684711,-7.02810283128921,-8.719628423225,-8.57537093842308,-8.719628423225,-4.09763251027529,-3.91369583051192,-4.02802984314391,-5.91604398605577,-5.7494880797421,-5.84739980540556,13.351166210609
2020-11-10,-3.458301259,3.28789926085948,3.22725393361409,3.21096058164611,-8.15293449345723,-8.03085581557558,-8.20460181664232,-10.30510760228,-10.30510760228,-10.30510760228,-4.72626815712488,-4.77330285867346,-4.73224893257438,-6.61914127358611,-6.67242771967143,-6.61914127358611,6.43762622055312
2020-11-11,3.3729596511,3.29250247702722,3.16607310556707,3.35446917933731,-8.15923671944424,-7.88981485038744,-8.57374134985519,-10.30510760228,-9.9079364644,-10.796321599725,-4.72827953209824,-4.68341395017577,-4.94632036589906,-6.61914127358611,-6.61914127358611,-6.72709844604706,2.78242547004999
2020-11-12,-0.86409403993,3.23981116943577,3.08705197609755,3.40494797268025,-8.03033226343581,-7.70249770818448,-8.70013538092951,-10.30510760228,-9.37143442295,-10.796321599725,-4.6511152613715,-4.55951989906421,-5.02581055334653,-6.56668377911622,-6.46760651259744,-6.78060164468182,3.13088857516525
2020-11-13,0.59576629756,2.9632255039258,2.79963108087926,3.12356287698452,-7.33627353648852,-6.97147061827522,-7.97033042123821,-9.01788672317,-8.719628423225,-10.30510760228,-4.24728644966354,-4.12530888272447,-4.5979971375946,-6.08297113271042,-5.93410387400962,-6.46760651259744,2.23689986487434
2020-11-16,0.071912324529,2.7039305362659,2.59518251628052,2.84368246191493,-6.68325501151391,-6.4568028928955,-7.24756250270191,-8.57537093842308,-8.57537093842308,-9.01788672317,-3.86490485027881,-3.81335318372427,-4.17456547026256,-5.70659099724407,-5.58845112317619,-6.04447650588571,2.71580731733415
2020-11-17,0.14691510223,2.46892441191868,2.4208929871373,2.58828430339105,-6.09475306996131,-6.01320685111996,-6.59083860579728,-8.03603608282941,-8.03603608282941,-8.57537093842308,-3.52182212901988,-3.54954993668324,-3.78635100739542,-5.16206088039012,-5.2245916712782,-5.53365430278154,1.75425955015732
2020-11-18,-0.96311462339,2.26241766376951,2.25521331953689,2.36316734361017,-5.57579815600406,-5.59429058807833,-6.00934188219351,-7.45099163155217,-7.45099163155217,-8.03603608282941,-3.21445256632686,-3.2957528742927,-3.44428017705766,-4.91831412382872,-4.95483947209348,-5.0462073385977,1.55707026333886
2020-11-19,0.3722475898,2.12437933826917,2.18259655205038,2.24304561922225,-5.23206654087133,-5.4114401757591,-5.69611022897397,-7.07855210927857,-7.36743525522917,-7.5313113036,-3.01094418030302,-3.18639759130935,-3.25929267265927,-4.63328537326786,-4.83129076920606,-4.9366159683,1.19114173850032
2020-11-20,-0.56528350788,1.96061382890486,2.03743502710548,2.0592354708686,-4.82139822334365,-5.03551661517927,-5.22371894624969,-6.72709844604706,-6.78060164468182,-7.07855210927857,-2.76734081868833,-2.97137459312289,-2.98057081476822,-4.3697439686697,-4.53666528236807,-4.54988167478475,0.832137222063565
2020-11-23,-0.032586952329,1.8395394995517,1.94986392675692,1.93154848784548,-4.51594563197798,-4.81051845929863,-4.88501714254967,-6.46760651259744,-6.67242771967143,-6.72709844604706,-2.58969996315716,-2.84263414341739,-2.786190307614,-4.16500267377467,-4.48424746683659,-4.38194445916641,1.99313466878737
2020-11-24,0.63484583934,1.71101935996634,1.86797398678512,1.77953092755854,-4.19596178065067,-4.58558339492642,-4.47903675345793,-6.04447650588571,-6.46760651259744,-6.46760651259744,-2.40141387542036,-2.72029611763302,-2.55445970674674,-3.91711330283409,-4.34548229019403,-4.12360178445,1.66422844296041
2020-11-25,2.1490927051,1.61882996897388,1.81761641380094,1.65635547705332,-3.95630842321182,-4.46097930037549,-4.1538828166082,-5.76898605302456,-6.41782189438,-6.04447650588571,-2.25702268324934,-2.64380300242106,-2.37364397446544,-3.76855813904278,-4.24117560969441,-3.87471825339613,1.695951462623
2020-11-27,0.32244189297,1.73375696126043,1.85970968938588,1.81158344710084,-4.24567658396918,-4.57918794448717,-4.56605489824789,-6.08297113271042,-6.46760651259744,-6.46760651259744,-2.43177749360901,-2.7100161645325,-2.60609329402344,-3.94301149733526,-4.33340275164444,-4.20796136297877,0.62858585054961
2020-11-30,-0.85436917516,1.63070632739111,1.79901772219647,1.67722974706484,-3.9885916022595,-4.41877934016617,-4.2117946803115,-5.76898605302456,-6.28004167873256,-6.08297113271042,-2.27915101350819,-2.61655009698619,-2.40258160819268,-3.80827840481693,-4.20796136297877,-3.91711330283409,2.14165827528421
2020-12-01,1.6426560271,1.59341896855496,1.7792120294756,1.64310684892158,-3.89370856478249,-4.37311135382999,-4.12210185829432,-5.70659099724407,-6.1199141911,-5.89993476366981,-2.2234165054901,-2.58628320253259,-2.35166599431095,-3.72270581901,-4.16500267377467,-3.87471825339613,2.15845957775089
2020-12-02,-0.51396238587,1.62553068071804,1.78227192821464,1.70257986575956,-3.97693799861288,-4.37944311015706,-4.27725745677467,-5.76898605302456,-6.1199141911,-6.08297113271042,-2.27311665051242,-2.58839793440428,-2.43980105411952,-3.80827840481693,-4.16500267377467,-3.97867644457574,1.49012373118875
2020-12-03,-0.52442149763,1.56104216209684,1.75889743045846,1.61950390066853,-3.81561132931474,-4.32186333577992,-4.05877006577914,-5.58845112317619,-6.08297113271042,-5.86635148418148,-2.17785620528755,-2.55664538582718,-2.31393405609528,-3.62318816716589,-4.13385432030458,-3.84942882679946,1.28741143886829
2020-12-04,-0.7578301268,1.50949238453737,1.73894053324551,1.54849600836208,-3.68530638457535,-4.27575706538601,-3.87244003208782,-5.38326116801549,-6.08297113271042,-5.70659099724407,-2.1010200779366,-2.52775299803058,-2.20686919298547,-3.55113693234578,-4.09338979182102,-3.69317258305588,0.799046098187554
2020-12-07,-0.14481847102,1.48537292660711,1.72951931236226,1.52072727917483,-3.626800038131,-4.24418858915828,-3.79809339930355,-5.31326070712162,-6.08297113271042,-5.53365430278154,-2.06618256600686,-2.50893830489036,-2.16427003194302,-3.50078206044421,-4.07367102502327,-3.6030619235023,0.806977778376127
2020-12-08,0.61082963894,1.42918949779747,1.71280428868481,1.42383907025505,-3.48267573316535,-4.19359904386725,-3.5446660746616,-5.08347809506706,-6.04447650588571,-5.2245916712782,-1.98120823433289,-2.48433029382444,-2.01958118726591,-3.42858184251306,-4.06380466772938,-3.45835050736292,1.0208245282877
2020-12-09,-2.3003880665,1.39214291861194,1.69918058140932,1.35010525475024,-3.3842522478438,-4.16448361752908,-3.34985326921745,-5.02752769983636,-6.04447650588571,-4.99074639798778,-1.92287305490142,-2.46208564973017,-1.9106724287717,-3.37649398203307,-4.01570246286667,-3.35942259308366,1.85714127312877
2020-12-10,-0.087301076019,1.65458270276349,1.75430251980786,1.61782278194939,-4.04591185547164,-4.30449322698402,-4.05495715686228,-5.86635148418148,-6.08297113271042,-5.86635148418148,-2.31788608422854,-2.54663323861584,-2.33960628147597,-3.85781440605574,-4.11344048658258,-3.87471825339613,1.75765994847408
2020-12-11,0.48138152961,1.56793167887656,1.71809537983031,1.509930991251,-3.82555177900396,-4.21301303842908,-3.77511300509973,-5.61694488981774,-6.08297113271042,-5.50708231449848,-2.1875902025891,-2.48936088549583,-2.17463711374259,-3.63051772543756,-4.06380466772938,-3.61703560855814,1.47093096393247
2020-12-14,1.3011724992,1.50007761740861,1.69398496380794,1.41969946710153,-3.65438956199686,-4.16076466621352,-3.54168731788789,-5.33624731117945,-6.04447650588571,-5.18253975239125,-2.08822654824723,-2.45691519476395,-2.03632157835529,-3.5265772985214,-4.0063374166247,-3.46549196836611,2.14952100122068
2020-12-15,0.25815893096,1.50685026303906,1.69334479932699,1.45537802661731,-3.67477529872389,-4.16202454050649,-3.63494126317749,-5.35957185215139,-6.04447650588571,-5.31326070712162,-2.10199600695363,-2.45200814587402,-2.09187037412214,-3.54560264532876,-3.9970406309006,-3.53287357814518,1.41109181430116
2020-12-16,2.3961176828,1.44315288271319,1.67298867225774,1.36056624801887,-3.51611565696065,-4.10812898767176,-3.38967431033817,-5.16206088039012,-5.89993476366981,-5.02752769983636,-2.00407058582154,-2.42271362296374,-1.92153917077479,-3.44759962137934,-3.93432352448448,-3.3722739588349,1.52566262020927
2020-12-17,-0.15057267001,1.64172719664809,1.71885779738767,1.59359823505232,-4.02080828468294,-4.20135761480685,-3.9968945387162,-5.83312444893636,-6.08297113271042,-5.76898605302456,-2.29704035375678,-2.48676676598291,-2.27070874979276,-3.82460230752567,-4.06380466772938,-3.78441427978281,1.11538586894483
2020-12-18,-1.0639415589,1.55802592466743,1.68330528573183,1.49339553399272,-3.81274528696301,-4.07831435918986,-3.7363843491301,-5.58845112317619,-5.86635148418148,-5.43119912547826,-2.17569463604455,-2.42791482938705,-2.11894152637701,-3.61703560855814,-3.93432352448448,-3.55198676604889,1.03312668566915
2020-12-21,0.14148954451,1.55458934028876,1.6829722731743,1.52662886604937,-3.80795515302617,-4.07370377590068,-3.81992031110001,-5.56064864555625,-5.86635148418148,-5.58845112317619,-2.17308262678509,-2.42706025024111,-2.16761088495192,-3.61703560855814,-3.93432352448448,-3.61034035865,2.23435608804829
2020-12-22,0.010604519957,1.48303872064046,1.65996006592612,1.42425922781241,-3.62658173398872,-4.01938518901834,-3.55507476407172,-5.31326070712162,-5.83312444893636,-5.2245916712782,-2.06677339350902,-2.39346392622803,-2.01344186956829,-3.4956521715812,-3.91711330283409,-3.44759962137934,1.04491939477757
2020-12-23,-0.66271222386,1.42331969387956,1.64761257700934,1.33509067807937,-3.4771195949729,-4.03851822085001,-3.32128340115264,-5.08347809506706,-5.83312444893636,-4.95483947209348,-1.97986790980992,-2.37379826172789,-1.87812442256162,-3.41815280994534,-3.87471825339613,-3.31669154774868,0.697358681843086
2020-12-24,-0.3949429718,1.40860077263563,1.64692716408697,1.32323956955517,-3.43827525211806,-4.04970119032848,-3.29399439129085,-5.0462073385977,-5.86635148418148,-4.95483947209348,-1.95678056399656,-2.36954053573768,-1.86251620608493,-3.3994903846124,-3.87471825339613,-3.32057978816288,0.52239508660735
2020-12-28,3.5071185648,1.37848766607173,1.51086465996553,1.27545310767409,-3.3588625437602,-3.57246472833921,-3.17354487453551,-4.99074639798778,-5.26824944343947,-4.79868068852475,-1.91021339523691,-2.15423574836881,-1.79017853276781,-3.35667157588054,-3.5877533055137,-3.20776979824491,1.91453494850421
2020-12-29,1.1583575928,1.86627244740526,1.76756913367807,1.63030104474932,-4.58198212729342,-4.3582495278328,-4.09816023985735,-6.46760651259744,-6.1199141911,-5.89993476366981,-2.62508875486285,-2.54966045155238,-2.32140896458738,-4.24117560969441,-4.13338025983791,-3.88075933653944,3.15093757086358
2020-12-30,-1.0881998796,1.78777818605773,1.71309415482103,1.60803340105185,-4.38989767879449,-4.20283954211863,-4.03715837861542,-6.15765243195435,-6.08297113271042,-5.83312444893636,-2.51265238483856,-2.46977084141395,-2.28729795936687,-4.08282403752278,-4.04322369644753,-3.82994048339624,1.16061601746607
2020-12-31,-0.88013755958,1.74297320247932,1.6957615820291,1.63092194223191,-4.28366662347852,-4.10304957347196,-4.08264533191509,-6.08297113271042,-5.89993476366981,-5.86635148418148,-2.45074237550689,-2.44459518090236,-2.31466179417369,-4.01444385728667,-4.00500267593133,-3.86358436935714,0.742261494551851
2021-01-04,-2.1584743917,1.68598209181666,1.67647289622602,1.61212003729699,-4.14485532444908,-4.12533035356427,-4.03055002549615,-6.04447650588571,-5.93410387400962,-5.83312444893636,-2.3694423719546,-2.41763942817337,-2.28621404013004,-3.8893936031095,-3.93269765741782,-3.82994048339624,2.62189474080713
2021-01-05,1.0004299213,1.81714163183017,1.73349293604276,1.80752773348914,-4.47027507390602,-4.27302388321819,-4.56247256027379,-6.41782189438,-6.08297113271042,-6.46760651259744,-2.56451262873297,-2.51230449364912,-2.59213482639897,-4.14376457866118,-4.08282403752278,-4.18602188749662,1.49619389888723
2021-01-06,-2.4896613651,1.74053487342407,1.68071748535871,1.73118202545272,-4.20641260982938,-4.05952885399697,-4.27063021577691,-6.05886312044043,-5.84088551766792,-6.05886312044043,-2.44450582379274,-2.43444827977378,-2.4625841165961,-3.98554179694061,-3.94893769007041,-4.01390314663889,2.40071196285153
2021-01-07,0.7577157643,1.925607526331,1.80390429847182,1.96997090619086,-4.66663201536285,-4.37376640158248,-4.87761646335557,-6.54864589216389,-6.09608520157174,-6.71228180170303,-2.72168015587402,-2.62769469708228,-2.84575867866576,-4.32389909155338,-4.22022580617535,-4.46185566156967,1.39981591534189
2021-01-08,0.64955599955,1.81192405018857,1.71074806955983,1.84603138034336,-4.38321805888028,-4.14016774658984,-4.56120123530355,-6.09608520157174,-6.02006877247917,-6.44791069162895,-2.55116988980225,-2.48496938946139,-2.65913489190386,-4.1130995529329,-4.05291019990063,-4.23133816300213,1.69296306150805
2021-01-11,-2.1519464605,1.71063517111336,1.72463652365754,1.73019597508292,-4.13400777396842,-4.23823673921435,-4.26461207952158,-5.98160931539388,-6.05886312044043,-6.05886312044043,-2.40238999352684,-2.44701670697555,-2.48326898102396,-3.90553451750805,-3.97653046903795,-4.04304214119182,1.430125246769
2021-01-12,0.2125739753,1.83542497624878,1.88719918083018,1.91368155462315,-4.44907116940873,-4.64806616853783,-4.7277823689641,-6.3489219799825,-6.54864589216389,-6.60208680399143,-2.58942750865648,-2.68956602562176,-2.75915615567469,-4.15477606963986,-4.27665673448248,-4.34801645919847,1.72567589243403
2021-01-13,1.4438466691,1.72000031194246,1.69746918204576,1.76907076830175,-4.16208728494562,-4.22460584484968,-4.3591312589318,-6.02006877247917,-6.05886312044043,-6.09608520157174,-2.41937548392766,-2.392615948696,-2.5408553234572,-3.9141271385185,-3.90553451750805,-4.09275126038831,1.6242930244278
2021-01-14,-1.2135607997,1.69616755585397,1.6566339227103,1.77085395527432,-4.1069963350415,-4.02770154403575,-4.3621729486646,-5.87462489932885,-5.80751475892778,-6.09608520157174,-2.38672724529162,-2.40500335833589,-2.54175116689239,-3.896877967168,-3.90553451750805,-4.09275126038831,1.17602981979474
2021-01-15,-0.74245316509,1.68519655011895,1.65384789021249,1.77920801373975,-4.07246883257043,-3.9980652206871,-4.39138002276414,-5.84088551766792,-5.74314566630357,-6.1341325369,-2.3681264321186,-2.40239057363862,-2.55913987744204,-3.86298921012458,-3.90553451750805,-4.12341833276225,1.4477775648411
2021-01-19,0.53185149391,1.62729929344313,1.63019095418574,1.71469749887447,-3.929168392553,-3.93509855297019,-4.22475594215394,-5.71170224623684,-5.71170224623684,-6.05886312044043,-2.28185703733825,-2.36635357437564,-2.46161122647927,-3.79639505479198,-3.86298921012458,-4.00455197006503,1.36504155223458
2021-01-20,4.570040631,1.55032562849905,1.60583205217137,1.60633947469944,-3.74077883154816,-3.87829816707826,-3.94846463370881,-5.40495135218529,-5.68056588151724,-5.71170224623684,-2.16930188523943,-2.32763630281637,-2.29726148179761,-3.60419899595117,-3.85450163462667,-3.81271187164811,1.58373283790263
2021-01-21,1.3363445261,2.25673211046705,1.90413464762206,2.04660266683419,-5.49003496561014,-4.62169146196172,-5.05759041176221,-7.46167090074091,-6.44791069162895,-6.76699395515937,-3.20880527740125,-2.77655675071679,-2.95861645370419,-4.89360731108065,-4.36014366493385,-4.50095713577143,1.96960097540927
2021-01-22,-0.44632732479,2.12887430442296,1.7974777114412,1.98612240322412,-5.17719688880122,-4.35330980092015,-4.90264759380165,-7.00676834211429,-6.09608520157174,-6.71228180170303,-3.02396904032125,-2.61092441783918,-2.86626989785136,-4.61001724411351,-4.19804733496806,-4.47508964913058,0.991040145820855
2021-01-25,0.053762951029,1.98254440973624,1.69500581412245,1.86107877172288,-4.81558217100875,-4.0995657030475,-4.58588846606048,-6.71228180170303,-5.87462489932885,-6.44791069162895,-2.81048276547523,-2.45700150882674,-2.67742008172232,-4.4227428307744,-3.99514070675183,-4.24253980677571,3.40520142239581
2021-01-26,0.97540983606,1.84709321758965,2.019300638887,1.72362323873369,-4.47750751363843,-4.42994795209005,-4.23776132408264,-6.44791069162895,-6.30236435122439,-6.05886312044043,-2.61036748164397,-2.62853324167884,-2.46989708243871,-4.19804733496806,-4.22022580617535,-4.0140484721,1.64366206958826
2021-01-27,-2.8125779811,1.75903555528238,1.62064323201623,1.66060260891823,-4.26196910375881,-3.92572244291802,-4.07778649484171,-6.05886312044043,-5.71170224623684,-5.84088551766792,-2.4814115395038,-2.34192520166289,-2.37374653031505,-4.03328460008438,-3.86298921012458,-3.86298921012458,4.41004845046719
2021-01-28,0.1559126149,1.99974021952878,1.7515569412371,1.95383215275988,-4.86490250209089,-4.25531922380691,-4.8179843185564,-6.71228180170303,-6.05886312044043,-6.71228180170303,-2.84212999901437,-2.54938440203129,-2.81513997588783,-4.46185566156967,-4.10459941194052,-4.4227428307744,2.26959628230451
2021-01-29,-0.97046595965,1.86299661097761,1.65868393912493,1.80205704652539,-4.51867665921617,-4.01732755435726,-4.44071157813622,-6.44791069162895,-5.80751475892778,-6.3489219799825,-2.63503116367356,-2.40901282792408,-2.59021432751634,-4.21707456928662,-3.90296281843793,-4.15175258559797,3.01812472116992
2021-02-01,4.2629904559,1.79646003610947,1.64138626463264,1.76766348635083,-4.348894985566,-3.96609135336605,-4.35246830535195,-6.09608520157174,-5.74314566630357,-6.09608520157174,-2.53398182612438,-2.37453848378158,-2.53813866451355,-4.07981405753677,-3.86048934622402,-4.08984557442597,2.24530564999746
2021-02-02,1.1104197578,2.3072484782083,1.9897247136304,2.18279706906743,-5.62239347961219,-4.83644701326077,-5.40144024192779,-7.46167090074091,-6.71228180170303,-7.37401732243913,-3.29086409024367,-2.9074110524099,-3.16133707947787,-4.92999102992527,-4.48521494937917,-4.74197686344706,3.18150644020114
2021-02-03,-1.996153846,2.1571201852181,1.8208597317446,2.0715030117265,-5.25227046898078,-4.42587746011517,-5.11862355777667,-7.07345967964444,-6.25775582085952,-6.94229713981034,-3.07089160908984,-2.64900222876987,-2.99235125185609,-4.66608767789065,-4.21707456928662,-4.57923343363009,4.30154768415752
2021-02-04,0.55757985592,2.15799201569353,1.90782735646359,2.16735948123189,-5.25097591820777,-4.65537555684077,-5.36491955014268,-7.07345967964444,-6.54864589216389,-7.214161084904,-3.06929170948712,-2.78086975404153,-3.13874600165175,-4.66608767789065,-4.35670154464,-4.72656957018447,1.91332973061106
2021-02-05,0.63494446094,2.00603950467542,1.75494638371863,2.00422811258016,-4.86602890176956,-4.26823678750584,-4.95384192671981,-6.71228180170303,-6.05886312044043,-6.71228180170303,-2.84114555257991,-2.54691726959467,-2.89377898514276,-4.47178790985289,-4.09994939230458,-4.48521494937917,1.43910062246524
2021-02-08,-0.87138105382,1.8778944686752,1.67873765419237,1.86792647050496,-4.5448619396528,-4.0678768392316,-4.60697596998452,-6.44791069162895,-5.84088551766792,-6.44791069162895,-2.65083707379964,-2.43144777276456,-2.68804279195943,-4.21707456928662,-3.92891566168655,-4.27339048894818,1.19185072768043
2021-02-09,-0.5398833564,1.79862081484555,1.65509969221498,1.81010716741261,-4.3509228564678,-4.01160773204924,-4.45859982629545,-6.09608520157174,-5.80751475892778,-6.3489219799825,-2.53532545202685,-2.39519168704702,-2.6001723820669,-4.08984557442597,-3.90296281843793,-4.18398207726483,0.813177205830663
2021-02-10,-0.55733736772,1.7092357394242,1.62599023898275,1.71784349134559,-4.12952837883218,-3.94574863482576,-4.22389067876323,-5.944609259066,-5.71170224623684,-6.05886312044043,-2.40294823126267,-2.35149106296657,-2.46012053146826,-3.90296281843793,-3.86048934622402,-3.99241219676281,1.76301559683494
2021-02-11,-0.7439344241,1.63651124638998,1.60769254673216,1.6389492723539,-3.94622730127899,-3.90346614764795,-4.02521989870887,-5.71170224623684,-5.68056588151724,-5.80751475892778,-2.29329303924574,-2.32408638998266,-2.34139523949303,-3.81029308441459,-3.85201565885889,-3.86048934622402,0.864956529331388
2021-02-12,0.47760205744,1.58931116210838,1.59940483378765,1.59531940946547,-3.82801100797065,-3.88505598029284,-3.91613500303199,-5.59073008949672,-5.68056588151724,-5.71170224623684,-2.21993185026923,-2.31160291910361,-2.27616661569239,-3.71586968697716,-3.83515655626648,-3.79400213694064,0.755896319697485
2021-02-16,-0.26725976359,1.51821645301137,1.58415070567363,1.49643651726585,-3.65095131698956,-3.85688279514307,-3.66501130265504,-5.31013897231528,-5.64974728973051,-5.3334243048662,-2.11443623245342,-2.28889261294581,-2.12667974166712,-3.54265995678198,-3.80212402112473,-3.54265995678198,1.59849235686218
2021-02-17,1.2141513329,1.4621993917603,1.57433502631856,1.41357367034712,-3.50856581620691,-3.82753107314227,-3.45848899634915,-5.1363860450275,-5.59073008949672,-5.03936105281882,-2.03008872310784,-2.27244419927263,-2.00377279086929,-3.4615026705034,-3.79400213694064,-3.44335989706975,1.56875623399082
2021-02-18,0.5920861744,1.46604418721368,1.57617225828741,1.43334984829761,-3.52011899346635,-3.83446134872896,-3.50798480222014,-5.1363860450275,-5.59073008949672,-5.1363860450275,-2.03641677508337,-2.27587578704309,-2.03191494334162,-3.4615026705034,-3.79400213694064,-3.4615026705034,1.41252776320499
2021-02-19,-2.3535032135,1.41958756951322,1.56553720558656,1.36175584960233,-3.40649406166908,-3.81190671321584,-3.32718339033005,-5.02097663661163,-5.56219956533387,-4.92999102992527,-1.96841293437801,-2.26015707483751,-1.92326739896899,-3.39604506410894,-3.75423989620729,-3.36161333522897,0.935714514960769
2021-02-22,-2.128065479,1.67141634920474,1.6344950541325,1.62751448612134,-4.03268272072882,-3.9868651345137,-3.99515459568104,-5.80751475892778,-5.74314566630357,-5.74314566630357,-2.34435098150207,-2.36309599069349,-2.32485363373974,-3.85211720104222,-3.86048934622402,-3.84373658457514,1.96638546220352
2021-02-23,0.43260373368,1.80295179213246,1.71730451614977,1.82468999769648,-4.3631862973914,-4.1913810557087,-4.49243090687492,-6.09608520157174,-6.02006877247917,-6.44791069162895,-2.53986965475469,-2.48984895625349,-2.62035780964866,-4.08984557442597,-4.06001703554777,-4.19493986525833,4.44220399291017
2021-02-24,-1.0946940052,1.69847161823074,1.62977299693327,1.69627241439583,-4.09913564753561,-3.97386450083166,-4.1692618893915,-5.87462489932885,-5.74314566630357,-6.02006877247917,-2.3836712338863,-2.35553466131999,-2.42849979583704,-3.88575211038125,-3.86048934622402,-3.92020861842849,2.32663818711077
2021-02-25,-3.2400388666,1.67057788908474,1.62124836678029,1.70066417806619,-4.03553629895714,-3.95046634250164,-4.18016706196385,-5.80751475892778,-5.71170224623684,-6.02006877247917,-2.34529920173439,-2.34314615051695,-2.43392834733529,-3.85211720104222,-3.85211720104222,-3.93772150205176,4.74100033960523
2021-02-26,1.1700401679,2.04310758584083,1.87756254398508,2.04445723064791,-4.95644941612239,-4.59066760721187,-5.04505927319138,-6.71228180170303,-6.44791069162895,-6.76699395515937,-2.8970894491494,-2.73376858195418,-2.95557229410259,-4.47492423795124,-4.31247121197761,-4.50078894457227,5.40701826881696
2021-03-01,1.7203751782,1.93847263289954,1.76137905716087,1.95979831617992,-4.69726399662771,-4.29697388118486,-4.83196241826553,-6.60208680399143,-6.05886312044043,-6.71228180170303,-2.74281812524553,-2.55735063076678,-2.82886112040522,-4.3243241181406,-4.11466270707566,-4.43547372421048,1.56981626555733
2021-03-02,-1.6404228673,1.90743035548989,1.75920472759813,1.97607443067406,-4.61991807262847,-4.29772636401274,-4.87382090632207,-6.44791069162895,-6.05886312044043,-6.71228180170303,-2.69658653365562,-2.55788537362393,-2.85359166537262,-4.26590243371377,-4.11466270707566,-4.46169160621967,1.9465327987108
2021-03-03,-2.8931695606,1.90908218797053,1.79809534501841,2.02498177505723,-4.6182296107008,-4.39590027658846,-5.00012089628716,-6.44791069162895,-6.17367107202955,-6.76699395515937,-2.695595912235,-2.61738052809151,-2.93104948132147,-4.26590243371377,-4.18835434112966,-4.48788109048667,4.01423072863107
2021-03-04,-0.91281197992,2.12876442792013,2.14204355066825,2.28879397771284,-5.16702108691327,-5.2602405508628,-5.65418708987235,-7.00676834211429,-7.07345967964444,-7.46167090074091,-3.03517395745852,-3.14564132940564,-3.31896451246449,-4.60983693102613,-4.71227600572692,-4.92999102992527,8.46150140927509
2021-03-05,0.76874767001,2.0104590027015,1.95882029521969,2.16903092139841,-4.87379871446065,-4.80138931862182,-5.36041701078372,-6.71228180170303,-6.65643889644412,-7.214161084904,-2.85988403299011,-2.86785048205647,-3.14352272504127,-4.44893939446667,-4.46195903567787,-4.71227600572692,8.5207941305822
2021-03-08,-1.6167520982,1.88652325272432,1.79325182896335,2.01827949424345,-4.56005192165956,-4.39155781416009,-4.98621383846546,-6.44791069162895,-6.1341325369,-6.76699395515937,-2.67314298880761,-2.61924565589059,-2.92224956892297,-4.22282609674366,-4.17948321249589,-4.48788109048667,6.83416592027493
2021-03-09,3.7568387001,1.88998128130569,1.83623688101821,2.05474435824436,-4.56163961839118,-4.49899900465372,-5.0833338416767,-6.44791069162895,-6.44791069162895,-6.88058618269,-2.67349654752752,-2.68382678501082,-2.97974244633587,-4.22282609674366,-4.23376110620426,-4.52692286463675,3.02293163043102
2021-03-10,-0.17010300871,2.25242413987969,2.36499860753154,2.39362415412568,-5.46254757725591,-5.82764809256215,-5.93577379764553,-7.46167090074091,-7.73735328772105,-8.08728535616875,-3.2109893905897,-3.491628380307,-3.48668082199183,-4.89339209868602,-5.0770133043494,-5.05809036156309,4.71372814177763
2021-03-11,1.8298426237,2.07827254975734,2.00924431624536,2.19751589520043,-5.03325070768371,-4.93061695332593,-5.43445604318191,-6.76699395515937,-6.71228180170303,-7.37401732243913,-2.95484697825145,-2.94507913166328,-3.19074986344849,-4.50078894457227,-4.48788109048667,-4.84048669148437,2.12271840854792
2021-03-12,-0.77402612433,2.03590475714014,2.02500494060078,2.19138396066035,-4.92697171193151,-4.96930205987803,-5.41979101948297,-6.71228180170303,-6.76699395515937,-7.37401732243913,-2.89083047538617,-2.96943736454975,-3.18215370142744,-4.46195903567787,-4.5137890350822,-4.774306870789,1.9459666511806
2021-03-15,-0.25279253196,1.92371850089435,1.88024931440683,2.07238773834156,-4.64792196656288,-4.6062732703704,-5.11452585112088,-6.54864589216389,-6.44791069162895,-6.94229713981034,-2.72482661858122,-2.74878684762204,-3.00145078275283,-4.30195786641185,-4.31364386024851,-4.59552002682857,1.36014811986042
2021-03-16,0.3303392954,1.80322544009364,1.73486123447084,1.92049444385079,-4.34602948383187,-4.23677938379633,-4.7329146138921,-6.05886312044043,-6.05886312044043,-6.60208680399143,-2.54470183383488,-2.52754924367688,-2.77320895888905,-4.08661590612774,-4.06690692576688,-4.33715461538182,2.02940177647493
2021-03-17,1.4188870131,1.69556999008653,1.64841570550242,1.77741610896536,-4.078653141783,-4.01771401173656,-4.37049685893936,-5.84088551766792,-5.80751475892778,-6.09608520157174,-2.38543221679631,-2.39525365247423,-2.55626614087411,-3.87654820142865,-3.89345874338295,-4.10667909173922,3.07547906834348
2021-03-18,-3.4358825536,1.67580781018399,1.64326102866215,1.77421851170105,-4.03442109366086,-4.00584940651172,-4.3623347019809,-5.80751475892778,-5.77479864357636,-6.09608520157174,-2.35766340219119,-2.38524377477408,-2.55068853314461,-3.85171713481381,-3.87654820142865,-4.09660301840779,2.11807198101045
2021-03-19,1.5511940264,2.0927063890876,1.97524564431599,2.13413178033892,-5.0703673251459,-4.83521539812875,-5.26317481963507,-6.88058618269,-6.71228180170303,-7.07345967964444,-2.98122313652234,-2.89434957010409,-3.1462561555406,-4.51767676030593,-4.46640750283361,-4.70011987761143,2.48205216927969
2021-03-22,1.1678200692,2.01838633655036,1.89839205766371,2.09234358646869,-4.88163274352782,-4.64441500252846,-5.16360664927592,-6.71228180170303,-6.54864589216389,-7.00676834211429,-2.86820370432848,-2.77546731446084,-3.08167067969149,-4.45361695045772,-4.33037813371429,-4.64171837572936,1.42450152322904
2021-03-23,0.85603062817,1.91842929712799,1.79516833792547,2.00147142020379,-4.6366756586123,-4.38584333488296,-4.93269542547313,-6.49708637447297,-6.1341325369,-6.71228180170303,-2.72212189115075,-2.61927868052931,-2.94289497825891,-4.29558966558235,-4.17442470461225,-4.47918688770248,2.01092610186117
2021-03-24,-1.6073306772,1.81248632384094,1.69644064186415,1.88458251686362,-4.3783089328592,-4.13600371183606,-4.64257390262881,-6.09608520157174,-6.02006877247917,-6.54864589216389,-2.5676024349787,-2.46694358468465,-2.76445760977937,-4.10232327006299,-3.99634828983515,-4.31874456341493,1.70671736722715
2021-03-25,-1.3219654884,1.8266659091254,1.73506112314296,1.94556059868645,-4.41625687773031,-4.23303544618114,-4.79577629643284,-6.25775582085952,-6.05886312044043,-6.65643889644412,-2.59030491891285,-2.52604709035306,-2.858164345307,-4.13263889833974,-4.05325542330943,-4.44076958123387,3.55624320229424
2021-03-26,0.18941259113,1.80100034450474,1.73194389208982,1.94613628774856,-4.35553633477538,-4.22839864185999,-4.79615827832252,-6.09608520157174,-6.05886312044043,-6.65643889644412,-2.55375406391303,-2.52840326531134,-2.8581783691496,-4.09234030573161,-4.06291310062658,-4.44076958123387,1.83625527708954
2021-03-29,0.77653234075,1.69051221472244,1.63388700482068,1.80007121920795,-4.08491554300677,-3.98022555343199,-4.42256309411374,-5.84088551766792,-5.74314566630357,-6.25775582085952,-2.3910639317556,-2.37121962045744,-2.62968604317969,-3.89087356716949,-3.84943232942253,-4.19581848151379,2.08644793062526
2021-03-30,-0.66455768238,1.61913793415327,1.5959438655648,1.70071811618656,-3.90210455501775,-3.88541256659816,-4.17594783867218,-5.68056588151724,-5.68056588151724,-6.02006877247917,-2.28194337632812,-2.31587538626188,-2.47909773639877,-3.77696855393822,-3.82489848438865,-4.01501319850368,1.46303739911193
2021-03-31,1.2696012491,1.56659677257252,1.5737310270557,1.64290282720939,-3.77427616445546,-3.83243296729124,-4.01550866008185,-5.45494384343485,-5.59073008949672,-5.80751475892778,-2.20487758280916,-2.28555047143258,-2.38462412585679,-3.67909008310588,-3.78482980065,-3.87408638216704,1.07706104537758
2021-04-01,2.1628400042,1.55305557405321,1.57239807099433,1.63103090595631,-3.74541301115694,-3.82870980345881,-4.00063700318342,-5.40495135218529,-5.59073008949672,-5.74314566630357,-2.18657409932793,-2.28425992436969,-2.36685689751449,-3.62995835623128,-3.78482980065,-3.84943232942253,0.932291706845117
2021-04-05,2.0794052516,1.67326352503027,1.61569962889819,1.78332732978895,-4.04436214933073,-3.95458973821917,-4.38583891578913,-5.84088551766792,-5.74314566630357,-6.1341325369,-2.36603138488768,-2.35196515715017,-2.60450321493648,-3.84943232942253,-3.84125785337923,-4.16382764989324,1.15473443375982
2021-04-06,-0.090184180317,1.74985403034822,1.67410362125965,1.88809535021919,-4.23935996847563,-4.11691465718546,-4.66772744928103,-6.05886312044043,-5.87462489932885,-6.54864589216389,-2.47988015817689,-2.45310345259742,-2.77260369752671,-4.01501319850368,-3.96891943720595,-4.33037813371429,1.18028945107867
2021-04-07,1.723731474,1.64813434462812,1.59532556614771,1.75101762845761,-3.9876638509694,-3.91772237308694,-4.31936640350848,-5.74314566630357,-5.71170224623684,-6.05886312044043,-2.32966430905331,-2.33229419812377,-2.56176423404753,-3.83307289559185,-3.83307289559185,-4.10232327006299,1.09400732840805
2021-04-08,0.60712510549,1.67478561170631,1.61193393949656,1.80304955407437,-4.05770989477691,-3.9618093775474,-4.45165299916652,-5.84088551766792,-5.74314566630357,-6.3489219799825,-2.37097156712962,-2.35739581421312,-2.63874342016861,-3.84943232942253,-3.84943232942253,-4.19581848151379,1.051318797303
2021-04-09,2.2095596036,1.59546704686317,1.56805233045823,1.68806195774961,-3.85518326993781,-3.85344002854427,-4.16262499327982,-5.64974728973051,-5.64974728973051,-6.02006877247917,-2.25004262115035,-2.29177353359973,-2.46412508209765,-3.73839588520357,-3.79273446989947,-3.98713003893494,1.03693688587757
2021-04-12,0.2132139256,1.714284327171,1.62811408582873,1.83642040821968,-4.149930343374,-4.00268213337239,-4.54171117818498,-6.02006877247917,-5.77479864357636,-6.44791069162895,-2.42636149419385,-2.38256305268913,-2.69202316388538,-3.90768556200286,-3.87408638216704,-4.25016848547643,1.41352395579113
2021-04-13,0.60987337947,1.61606274904517,1.56673289467042,1.70109754697974,-3.90767856784549,-3.85116808901552,-4.19581279359431,-5.71170224623684,-5.619771768615,-6.02006877247917,-2.28181416600783,-2.29001396672595,-2.48419230258769,-3.77696855393822,-3.78482980065,-4.03404612998075,1.01455809535926
2021-04-14,-1.9705882354,1.54507811957189,1.54229185026513,1.5985286513558,-3.72960345154983,-3.78734406896328,-3.93766351406414,-5.38071404807391,-5.50736690580313,-5.71170224623684,-2.17530645869074,-2.2519696623843,-2.32539446756406,-3.61635489899812,-3.73839588520357,-3.83307289559185,1.1302100509632
2021-04-15,1.3828382838,1.68034374855306,1.59760028489225,1.77306222012015,-4.07041221118766,-3.92743339448372,-4.37785992979058,-5.84088551766792,-5.71170224623684,-6.09608520157174,-2.37930545031091,-2.33718175008313,-2.59513996310486,-3.86578369893,-3.84125785337923,-4.15331000589597,1.32303789046902
2021-04-16,0.60223314558,1.65893180279097,1.58773811495178,1.76204004337665,-4.0168475459391,-3.90329908942535,-4.34990181184027,-5.80751475892778,-5.68056588151724,-6.09608520157174,-2.34726641949605,-2.32259394554821,-2.57841977890491,-3.84125785337923,-3.83307289559185,-4.12244001724013,0.930093734956906
2021-04-19,-0.80689760653,1.58048030153413,1.54823999126553,1.65278567305204,-3.82112720159318,-3.80788177152603,-4.07184654326167,-5.56219956533387,-5.53437246993968,-5.84088551766792,-2.23040594523704,-2.26545081709897,-2.41108475117982,-3.7084209939435,-3.76136543494093,-3.89087356716949,2.22010989898516
2021-04-20,-1.1067582836,1.54477320897037,1.53659125929847,1.61673304103898,-3.73664967146894,-3.78526683519894,-3.9792514033121,-5.40495135218529,-5.50736690580313,-5.74314566630357,-2.17936915007342,-2.25072094153635,-2.35375673073109,-3.62313609619811,-3.73839588520357,-3.84943232942253,1.60286223185039
2021-04-21,0.81956643626,1.54721201820885,1.54079457085441,1.63493420968915,-3.74574016658683,-3.79254783301411,-4.02378344535802,-5.40495135218529,-5.50736690580313,-5.80751475892778,-2.18420997302693,-2.25412010240395,-2.38022652047089,-3.62995835623128,-3.74600990013333,-3.87408638216704,1.28836115407056
2021-04-22,-1.5758383352,1.49926267367511,1.51908149318963,1.56215423415994,-3.62533775175051,-3.73955184300087,-3.84195525308277,-5.28719513174795,-5.40495135218529,-5.59073008949672,-2.11220231021631,-2.22480995720741,-2.26943649416015,-3.53210816964071,-3.7084209939435,-3.76136543494093,1.64790855647607
2021-04-23,0.96221260537,1.58090277615706,1.5478042861466,1.66889592746864,-3.81173863860232,-3.7650945398985,-4.10827317669748,-5.57204721573115,-5.46253539654769,-5.8925294485098,-2.22891810886738,-2.26824004926802,-2.40144030856042,-3.7021241502392,-3.75511477110677,-3.88479050282898,0.809092627143912
2021-04-26,2.0389837407,1.5364981102357,1.52796302153013,1.60957072490916,-3.70117415818859,-3.71639297142063,-3.95707608864674,-5.36281162795072,-5.36281162795072,-5.75735753494364,-2.16301876903917,-2.2380819135197,-2.31167603273562,-3.58988032661395,-3.71699849232386,-3.81059240293892,1.64406418504405
2021-04-27,0.24728659428,1.64083870642742,1.57268335131193,1.7421833762768,-3.96054770707216,-3.82841452414483,-4.29132543514857,-5.75735753494364,-5.60121737613667,-6.0827189949913,-2.31452785438074,-2.3093571431519,-2.51230044468241,-3.81059240293892,-3.81059240293892,-4.03792624321195,1.84620143338043
2021-04-28,1.2017802852,1.55294583674916,1.52432885537576,1.6174617227727,-3.7424010764845,-3.71774331055327,-3.97215335089674,-5.41157013518657,-5.36281162795072,-5.75735753494364,-2.18356571667938,-2.24125220707164,-2.32321155260613,-3.61679317299953,-3.72453282680663,-3.8269066661082,1.93343535496349
2021-04-29,0.37039178824,1.53468604733838,1.51957700202615,1.6016266423667,-3.70082280330238,-3.70414171510315,-3.93060613241146,-5.36281162795072,-5.36281162795072,-5.72509884186429,-2.15746005924561,-2.2326206485154,-2.29787786315812,-3.57669765984009,-3.7021241502392,-3.7865176697867,1.78390032072862
2021-04-30,-0.11206144063,1.46699986394921,1.4974106772691,1.4956958761237,-3.5325044279093,-3.64794595154371,-3.6630865065343,-5.15930307167692,-5.31504948050141,-5.33873761077714,-2.05609863692168,-2.19613292531404,-2.13666528785769,-3.46438905467447,-3.64435130872705,-3.53827662766188,2.99357647136545
2021-05-03,-2.3340120321,1.41149549757326,1.48291270678625,1.40274736706215,-3.3936960141239,-3.62376175596204,-3.43022320515045,-4.98483654642184,-5.29171877397917,-5.00323698152442,-1.97263127952749,-2.17620887787024,-1.99524100547962,-3.38822555592298,-3.61000990846934,-3.4054463904902,2.21931640995182
2021-05-04,-2.2034614009,1.6623434097539,1.55837180017459,1.66058831481645,-4.01525429851974,-3.82200357666326,-4.07758557786077,-5.82347743567925,-5.60121737613667,-5.85779691433269,-2.35564423312887,-2.30129991837442,-2.42334100099778,-3.84328834841878,-3.79464152844652,-3.90162919804253,2.57819753460572
2021-05-05,-1.2479354565,1.81193175982836,1.6711808768499,1.86351794447507,-4.38835464610445,-4.11335294157559,-4.58922089454768,-6.16078343794091,-5.8925294485098,-6.4880841456973,-2.57786793808526,-2.46034196172556,-2.73412982622145,-4.11688337569139,-3.97206745999277,-4.29065704909704,2.15984216364144
2021-05-06,1.0955377402,1.77802125534918,1.65204660259885,1.86444957423814,-4.30824929218069,-4.06410649127695,-4.59011249610646,-6.0827189949913,-5.85779691433269,-6.4880841456973,-2.52888819015783,-2.42834772586763,-2.73415036413193,-4.0571896624707,-3.90162919804253,-4.29065704909704,2.87157799608202
2021-05-07,-0.44641101886,1.70880846881533,1.59663774558127,1.79565908685425,-4.13682477301315,-3.90336712963283,-4.41444746100601,-6.04259166357234,-5.6931811971386,-6.28937198987805,-2.42633086993923,-2.3448574160342,-2.62892581030643,-3.90162919804253,-3.83510271580934,-4.19050129811389,1.71870145061677
2021-05-10,-3.072052886,1.62691322518065,1.54250306554801,1.69303343169582,-3.92883835082836,-3.78053011446333,-4.15787489963336,-5.72509884186429,-5.51603157270317,-6.04259166357234,-2.30238293557473,-2.26086785445914,-2.47342803109344,-3.79464152844652,-3.73253563931795,-3.99977695282454,2.0868048026863
2021-05-11,1.0474880033,1.97593003135608,1.79459001756901,2.01827884507349,-4.79830864659853,-4.39233979989137,-4.97522008360744,-6.70780089660606,-6.16078343794091,-6.76699395515937,-2.82280177876081,-2.66039288935906,-2.98057607678544,-4.38789331656063,-4.19340872445,-4.50166455687288,4.09079872656341
2021-05-12,-2.2323824176,1.8732607017007,1.67472681238747,1.91908603638466,-4.5377230730905,-4.09460817954688,-4.7327085049326,-6.4880841456973,-5.8925294485098,-6.65033956613529,-2.66592066462378,-2.47492333919981,-2.8182889605997,-4.21433352082254,-4.00173808507423,-4.38789331656063,2.88831545243742
2021-05-13,0.30235347112,1.97542022580965,1.85049851140784,2.08457031798274,-4.7919236472878,-4.54302288857791,-5.15381784469605,-6.70780089660606,-6.4880841456973,-7.00676834211429,-2.81652723916344,-2.73298854326475,-3.06919285047094,-4.38789331656063,-4.29302493470222,-4.62438406375596,2.30208943103427
2021-05-14,1.9430834391,1.83580653089588,1.66505706546497,1.92034920324076,-4.44313718251999,-4.08283694382858,-4.73302622783348,-6.38449708482564,-5.85779691433269,-6.65033956613529,-2.61108824198108,-2.44522694838994,-2.82101457546734,-4.17122330988767,-3.95585621945536,-4.38789331656063,1.07856095441113
2021-05-17,1.4735176395,1.85294308148396,1.72520535328888,1.9816342116678,-4.49220684494957,-4.239860379192,-4.88728385936224,-6.4880841456973,-6.0827189949913,-6.76699395515937,-2.63972481130955,-2.53691653440858,-2.91304890766028,-4.19272119086875,-4.06899667376923,-4.45092028967705,2.44289667279691
2021-05-18,-1.1653044437,1.80651644380431,1.70036175607888,1.95142333590098,-4.3806468547023,-4.17195534373298,-4.80966380072544,-6.12129836402667,-6.04259166357234,-6.70780089660606,-2.57234144699509,-2.49730871787009,-2.86550853752748,-4.1088521350125,-4.03993671212201,-4.43825564960325,1.40295014429311
2021-05-19,-0.014850198658,1.76566283769501,1.75253689800863,1.92349077521809,-4.27752693253843,-4.23082629188132,-4.73992430727958,-6.0827189949913,-6.0827189949913,-6.65033956613529,-2.51064990844216,-2.49145394377828,-2.8229765556964,-4.03993671212201,-4.03993671212201,-4.38789331656063,2.64223498734648
2021-05-20,0.49136704001,1.65767297267731,1.57521881624722,1.77989219149721,-4.0125609344047,-3.85749520105582,-4.37585360239779,-5.82347743567925,-5.66161374487931,-6.12129836402667,-2.35096793974001,-2.30563231243432,-2.60108824005449,-3.83685911447253,-3.80437242544355,-4.16057594455646,0.76231392747783
2021-05-21,-1.3732880087,1.57344599581382,1.52509227733979,1.66039639884537,-3.80064480945548,-3.71692409989891,-4.07336551782608,-5.51603157270317,-5.36281162795072,-5.85779691433269,-2.22406139053385,-2.22401108005882,-2.41797282844264,-3.68959584529353,-3.68959584529353,-3.88660677871932,0.835944140284966
2021-05-24,1.3084281378,1.60641224346044,1.54254141182327,1.71705123091209,-3.87985016772278,-3.76689308403701,-4.21833285532812,-5.6931811971386,-5.46253539654769,-6.0827189949913,-2.27237845716439,-2.25310088449341,-2.50660374969985,-3.76488574607277,-3.72662131223265,-4.03993671212201,0.685926209327029
2021-05-25,0.43328330758,1.58980665817042,1.5347069621219,1.70240114149652,-3.84000743112926,-3.74784671525634,-4.18259498445547,-5.60121737613667,-5.41157013518657,-6.04259166357234,-2.2479174333082,-2.24124940073124,-2.4830364442033,-3.72662131223265,-3.71909700833959,-4.02064277924037,1.30687809328706
2021-05-26,0.18747794602,1.51425781188818,1.4986938983026,1.5887358400856,-3.65275057567078,-3.65631377992508,-3.89459952797985,-5.31504948050141,-5.31504948050141,-5.6931811971386,-2.13501596291418,-2.1889708326072,-2.30757065714616,-3.52862919620756,-3.605864979723,-3.80437242544355,0.853372071419272
2021-05-27,-1.0734542871,1.44492071274517,1.47840933205425,1.4792530447213,-3.48564077148688,-3.59506087128002,-3.61948162084227,-5.05925418650843,-5.24607320406622,-5.29171877397917,-2.03215719221602,-2.1525675137835,-2.13544716754711,-3.44388399103096,-3.5536627391914,-3.52862919620756,0.676886756744864
2021-05-28,-0.21794923387,1.46748987837048,1.48513459087859,1.51284355053197,-3.53615367624822,-3.61539849272764,-3.7075357784233,-5.15930307167692,-5.29171877397917,-5.36281162795072,-2.0646046068517,-2.16603631627291,-2.19090981397931,-3.46759020493489,-3.5925527600093,-3.605864979723,0.431919609599721
2021-06-01,-0.1371363328,1.41433356837428,1.46976837601713,1.42443730699718,-3.405115093658,-3.5794205604934,-3.48648691845788,-5.00323698152442,-5.24607320406622,-5.05925418650843,-1.98485321970942,-2.1421513629903,-2.05364318008832,-3.39730682892753,-3.53482485852321,-3.46161919955297,0.721077941492973
2021-06-02,0.47659733118,1.36678434059524,1.45939012325303,1.3403615704511,-3.28964805234857,-3.55845508906957,-3.2748069005132,-4.91322608116154,-5.20185012841053,-4.91322608116154,-1.91413469551379,-2.12725124208736,-1.92271952738274,-3.34129936127899,-3.516303236237,-3.34686692541406,0.571433104072308
2021-06-03,-1.4526946589,1.3292923192076,1.36927555279823,1.26806564745704,-3.20136337913922,-3.17383346494611,-3.09450415513565,-4.84174868002526,-4.759050767414,-4.63875750058704,-1.85865214982874,-1.99126917645117,-1.80817049679922,-3.27648302281078,-3.4030287354313,-3.20001205332641,0.754497670231477
2021-06-04,0.6027593261,1.4359848826998,1.47446127852233,1.40522662857814,-3.46214097259211,-3.59659667073276,-3.44936860722898,-5.04028805474405,-5.24607320406622,-5.02167644538235,-2.01572087381202,-2.15385050050968,-2.02252201645276,-3.43211702593568,-3.5536627391914,-3.43799274625708,0.460014066553803
2021-06-07,-0.25606477402,1.39191644516761,1.4575110377153,1.33753215655169,-3.35581963381474,-3.55458806792308,-3.27679928097361,-4.9486013232809,-5.20185012841053,-4.91322608116154,-1.95146131607943,-2.12887996178789,-1.91810151621301,-3.35795844986614,-3.52244588118053,-3.34686692541406,0.553416352368736
2021-06-08,2.0669103598,1.35170800578836,1.44616638739093,1.27202645633767,-3.25859642325297,-3.52372931076443,-3.11074193110636,-4.91322608116154,-5.13859988241899,-4.68264555291619,-1.89271109297222,-2.11283049450406,-1.81686511294641,-3.30849238948897,-3.516303236237,-3.21986240457536,1.1199649264743
2021-06-09,0.52204123022,1.51380697547104,1.48976268753163,1.46716261005587,-3.66487376669354,-3.62881050918208,-3.59993179882407,-5.33873761077714,-5.29171877397917,-5.26866028463014,-2.13638499693349,-2.17869714786154,-2.11660483635658,-3.52862919620756,-3.59919617651215,-3.516303236237,0.982326987571319
2021-06-10,2.0876826722,1.45409281568713,1.46222854397581,1.38445234967833,-3.51200561676954,-3.55960757563254,-3.39295321699367,-5.13859988241899,-5.20185012841053,-4.98483654642184,-2.04470054421509,-2.13469875908818,-1.99019239181412,-3.44388399103096,-3.52862919620756,-3.4030287354313,0.84229136809365
2021-06-11,-0.084187900211,1.59251759663066,1.50950929972459,1.56500073350582,-3.85460311993287,-3.6790111106544,-3.85104845417761,-5.66161374487931,-5.36281162795072,-5.63092903772542,-2.25026747890035,-2.21167387573996,-2.26621458539162,-3.72662131223265,-3.67510359099015,-3.74940783751969,0.600716714007684
2021-06-14,1.1067188952,1.51122289783143,1.46445374709151,1.46266853877979,-3.65454239794102,-3.56155974883687,-3.58704633527525,-5.31504948050141,-5.22372967356,-5.24607320406622,-2.13002084174471,-2.14325144592296,-2.11130757793205,-3.52244588118053,-3.53482485852321,-3.516303236237,0.705990834504191
2021-06-15,-0.021868452404,1.49172629202655,1.46028175885233,1.45585122900451,-3.60771046712817,-3.55011817600603,-3.56802255333741,-5.26866028463014,-5.20185012841053,-5.22372967356,-2.10075790532125,-2.13733062616531,-2.10058220048874,-3.51013162328553,-3.52862919620756,-3.51013162328553,0.867876536305022
2021-06-16,0.94941666448,1.42670339817245,1.3753479565978,1.36343056304434,-3.44904319009767,-3.18206285950026,-3.33151417408885,-5.02167644538235,-4.759050767414,-4.93080935920222,-2.00540882898502,-1.99504170332535,-1.95012665669622,-3.42625951153182,-3.4030287354313,-3.35795844986614,1.96768297423828
2021-06-17,2.1664592636,1.41069160592006,1.3709068646041,1.34465813498298,-3.40673057972121,-3.15807014495158,-3.29121897719264,-5.00323698152442,-4.71258319029806,-4.91322608116154,-1.97916948497567,-1.98901330158812,-1.90827125412983,-3.3946984720664,-3.40044600823618,-3.32751077534324,1.12443865700856
2021-06-18,-0.067063314691,1.57388929874893,1.49039711677488,1.54387689372779,-3.8151317785487,-3.61399282174902,-3.79389362886211,-5.57204721573115,-5.29171877397917,-5.51603157270317,-2.22347168613454,-2.17574513967839,-2.20835617860236,-3.694918480925,-3.60376954485728,-3.68030178342574,1.31970805581663
2021-06-21,-0.9446786542,1.49592787423194,1.45058047514136,1.44335439544888,-3.62145331506449,-3.51012644123846,-3.53499656015467,-5.29171877397917,-5.13859988241899,-5.15930307167692,-2.10834280661415,-2.11313391965154,-2.05528641344648,-3.51403057881101,-3.5202467518,-3.46517898883191,1.56558813894802
2021-06-22,1.4904631205,1.49023208965828,1.44976123040622,1.4618003303439,-3.60697625719577,-3.51197040029223,-3.58256732618594,-5.26866028463014,-5.13859988241899,-5.24607320406622,-2.09968772274128,-2.11173062311337,-2.08335208140357,-3.51403057881101,-3.5202467518,-3.49546099302,1.15140587971361
2021-06-23,-0.046213884707,1.51952445347764,1.43034088822404,1.52225371747003,-3.68256041524941,-3.2815286140861,-3.73392259190812,-5.36281162795072,-4.91322608116154,-5.41157013518657,-2.14489551555579,-2.08493284012485,-2.17361280371734,-3.54518877324775,-3.49546099302,-3.60376954485728,0.803748228532411
2021-06-24,-1.5622948669,1.44984207034991,1.37814474419671,1.42328837086773,-3.50575689808747,-3.18761513034224,-3.48088940412101,-5.13859988241899,-4.80772092882062,-5.05925418650843,-2.04242445732906,-1.99763624987124,-2.02307129728251,-3.44732439133361,-3.42368236579959,-3.44139410201967,1.11715388860767
2021-06-25,-1.3806580304,1.54182650235592,1.44748170569981,1.55761172446464,-3.73656419816281,-3.35512004210034,-3.83975740232927,-5.41157013518657,-4.9486013232809,-5.60121737613667,-2.17764260732193,-2.10763244864954,-2.22848835043984,-3.60376954485728,-3.51403057881101,-3.694918480925,1.22842999352741
2021-06-28,1.2474055258,1.58112705158243,1.48193852119867,1.6354887264127,-3.8358940624395,-3.43622988991982,-4.03726697278979,-5.60121737613667,-5.02167644538235,-5.82347743567925,-2.23679434633803,-2.1605220533814,-2.34591290043883,-3.7096726643596,-3.57726142973594,-3.84355408903315,0.893324778437546
2021-06-29,0.12340696121,1.56183375691876,1.47272001055985,1.62443173341846,-3.78448993922698,-3.55519051897715,-4.009219174857,-5.51603157270317,-5.20185012841053,-5.82347743567925,-2.20911720151147,-2.15709258862967,-2.32837193418113,-3.68030178342574,-3.57075323231376,-3.82706299326557,0.692876756457137
2021-06-30,-0.23142911841,1.48435337368141,1.38707296401848,1.51050584392004,-3.58961424286803,-3.20568462824353,-3.71655508622842,-5.24607320406622,-4.87698768645484,-5.36281162795072,-2.09334542795335,-2.01647526097823,-2.15530056958707,-3.50780149750351,-3.43547972721458,-3.57075323231376,0.764938607984524
2021-07-01,-0.20900190693,1.42703910475391,1.3566920553792,1.42382407492891,-3.4471778084107,-3.09863333537246,-3.49625616272474,-5.02167644538235,-4.63875750058704,-5.13859988241899,-2.00790320070519,-1.96978917621938,-2.02395083595333,-3.42958395465436,-3.3776310063012,-3.44139410201967,0.702558810663798
2021-07-02,2.2723763972,1.37663459918231,1.34104668033609,1.34507456550702,-3.32994773333211,-3.09132924226693,-3.28405403524937,-4.91322608116154,-4.63875750058704,-4.91322608116154,-1.93619803827153,-1.94584716569844,-1.90452030129929,-3.35529081383228,-3.35529081383228,-3.32751077534324,0.611590480437127
2021-07-06,4.6927068795,1.57483131239242,1.48638104898565,1.56324442248947,-3.82196630648075,-3.44250586191235,-3.88856549321198,-5.60121737613667,-5.02167644538235,-5.6931811971386,-2.22643236616185,-2.16898388988845,-2.23453341262916,-3.694918480925,-3.59707371347196,-3.70226790837889,3.2086814257051
2021-07-07,0.5669606664,2.32918632342477,2.76363562609197,2.02811492864324,-5.71081120986108,-6.49152015583331,-5.04358503772235,-7.638254343095,-8.688647874175,-6.76699395515937,-3.35170961325139,-4.13536220220954,-2.93368477409209,-4.9486013232809,-6.0028617409,-4.46357168104876,2.79102176306445
2021-07-08,0.94222227035,2.13508652735203,2.29929185087284,1.87846224335139,-5.22322540842344,-5.37479604660007,-4.64878981932436,-7.07345967964444,-7.2910116343125,-6.59399312076571,-3.06478620846784,-3.41655804688495,-2.70603493156357,-4.61023963828182,-5.00323698152442,-4.26993958665182,2.85787928116054
2021-07-09,-0.32347021624,1.99110952650995,1.59139458105757,1.78670902990733,-4.8685506417702,-3.89402368678337,-4.39879439012736,-6.76699395515937,-5.6931811971386,-6.20186126228372,-2.85338188771465,-2.3270993684644,-2.56624876172665,-4.4255321618379,-3.82706299326557,-4.10849267458092,1.97776088847944
2021-07-12,-0.021240327624,1.85505374699676,1.50175752728372,1.6720225995133,-4.51683856214995,-3.57695384075647,-4.12587136108753,-6.4880841456973,-5.25839410565068,-5.96018802978775,-2.64717208023561,-2.18131544177803,-2.38874107303786,-4.19164478389301,-3.60700248613081,-3.88263837231543,1.53424319592258
2021-07-13,-1.1076898254,1.73040252000877,1.45321334828596,1.55586813618605,-4.21009510687573,-3.50886053576428,-3.82809040784376,-6.12129836402667,-5.1487531195218,-5.6224812742339,-2.46275181044468,-2.10150618161608,-2.21273196383008,-3.98926406148098,-3.51034643363584,-3.67698663116219,2.04126158268085
2021-07-14,0.11747558037,1.69713939790417,1.45855505806881,1.5844576712025,-4.11829008259291,-3.52197426944689,-3.96603606226066,-5.923447089712,-5.16316725684416,-5.8163991035434,-2.40218974420713,-2.10731979366848,-2.25605040214311,-3.89035960925723,-3.50799746424889,-3.73517465401354,1.89052746041884
2021-07-15,-1.3711131875,1.59538565935131,1.42887181409431,1.47537733738436,-3.87461197330231,-3.45365853619677,-3.62287228336687,-5.74774211459636,-5.04165043281205,-5.32311771132,-2.25294661997344,-2.06448257867709,-2.0906280903799,-3.72749842769171,-3.46497033408017,-3.49552535260352,1.99256325778612
2021-07-16,-1.5854263053,1.62347753739499,1.45088244956221,1.56854479602134,-3.92953862898664,-3.49786463612562,-3.84708915441091,-5.80716913225283,-5.17268183652763,-5.67100827075789,-2.29477662878818,-2.09846527748807,-2.20690352991582,-3.77874788462,-3.50383647435312,-3.664012294589,1.49228606110711
2021-07-19,-0.67270534446,1.67393237226105,1.4876369107716,1.67975488361959,-4.05837634612324,-3.58738729370159,-4.22318590466506,-5.91637465912,-5.28709642205493,-6.15950834500682,-2.37023545166479,-2.15756086956895,-2.3769706069922,-3.84465658625141,-3.56092387678791,-3.85299694759489,3.27873653285912
2021-07-20,0.66486551987,1.61126814605027,1.45517987745945,1.61486961255843,-3.88957421931829,-3.48830760829527,-3.98605719822999,-5.78003324118113,-5.10591083225128,-5.85264897975686,-2.26856248196831,-2.10591315547978,-2.2871059511197,-3.73851636951064,-3.49558464096771,-3.76224438188054,1.65749390759535
2021-07-21,0.33611422841,1.54201400962895,1.42770277213314,1.5286823330863,-3.71454884733706,-3.41922225980269,-3.76474192246287,-5.41329901345077,-5.02571724337561,-5.5228726937918,-2.17100338462025,-2.06438712570802,-2.15887736016426,-3.58580548612584,-3.45256114341913,-3.55913691924131,1.33296629882025
2021-07-22,1.4735579605,1.47275018992956,1.40895851545992,1.43003921646876,-3.54185339520735,-3.36671648156764,-3.51129191246183,-5.19264963697973,-4.98680293921667,-5.17039765675733,-2.06297855790431,-2.03553001754167,-2.01035414564997,-3.45256114341913,-3.42860529351752,-3.41080239079072,1.02723432904959
2021-07-23,0.51154058656,1.50133936864626,1.42357785276032,1.49323439644038,-3.62216289587537,-3.39684744837986,-3.67208450598505,-5.33579684223823,-5.00615919378795,-5.38700100454697,-2.10637718758419,-2.05867189842541,-2.10334459238861,-3.49558464096771,-3.45256114341913,-3.49558464096771,0.869652142067907
2021-07-26,1.1808654939,1.44501933656856,1.40538458364213,1.41185424067446,-3.47627343515584,-3.34223721106403,-3.45465400201689,-5.08542444336582,-4.9488753008593,-5.04534483213827,-2.02152973621253,-2.02770870881547,-1.97534052083078,-3.42020795482085,-3.42618344117137,-3.37902585723884,1.17678475196701
2021-07-27,-1.984691147,1.44484909652506,1.4080981407881,1.42636560167759,-3.48405782454106,-3.36774297130471,-3.49175712600497,-5.08542444336582,-4.98680293921667,-5.10591083225128,-2.02211556976687,-2.03331646812062,-1.99552632144864,-3.42618344117137,-3.43217570810644,-3.39064056270208,2.08445283554216
2021-07-28,0.10837223799,1.61167654609714,1.47883553810128,1.62755547961291,-3.81240637414952,-3.52466966279196,-3.99430235623602,-5.62287558186607,-5.17002454816027,-5.832816336936,-2.25696814674827,-2.1427902165463,-2.28942732051422,-3.71238563423032,-3.50951683557972,-3.7517717531847,1.96231024947363
2021-07-29,-0.83739174506,1.52900527407048,1.42360597242785,1.51486385238165,-3.60944471236813,-3.38674812003226,-3.7042581779309,-5.31328215151343,-4.98374307272683,-5.39093991802344,-2.13329547656907,-2.05235368655036,-2.12025582365643,-3.50323832182706,-3.43539963365109,-3.49075099835182,0.882924876665555
2021-07-30,-7.5648903309,1.50538724492577,1.38723378433638,1.50504859592817,-3.55517805779219,-3.15963942462198,-3.6790023501384,-5.2158698899169,-4.69777776556735,-5.39093991802344,-2.10085755424153,-2.01093414258547,-2.10507826945165,-3.48449952543303,-3.39965611405234,-3.48449952543303,2.71578746211698
2021-08-02,0.11690142127,3.33310027209949,2.42216324218055,2.05436074322252,-8.19590026823352,-5.95529485475765,-5.10800855422747,-10.30510760228,-8.1323234318,-7.02511539090357,-4.80173180727109,-3.58189852523774,-2.9456633928586,-6.7729388587125,-5.29657799795286,-4.46703603557863,1.25224623063625
2021-08-03,1.0433801193,2.98378700661471,1.72479657418345,1.88884896045673,-7.32478396945434,-4.2065158880484,-4.68154797563452,-8.88579614205455,-6.19523211793256,-6.71176239816364,-4.29766350029366,-2.51859394317642,-2.6955758065198,-6.19523211793256,-4.05019093182941,-4.2439466843563,1.7292745027236
2021-08-04,-0.34222158847,2.71589790468035,1.57890727907488,1.81030638287431,-6.6530253132098,-3.8445118615066,-4.46779948990152,-8.74869864168333,-5.68971580935714,-6.4841067315,-3.90649800646368,-2.29777097930671,-2.57115787980844,-5.82993419038846,-3.78059166038907,-4.12243013605753,1.17912663773788
2021-08-05,0.6340320504,2.47053182019096,1.50553887634772,1.69363979249271,-6.02063799445075,-3.65954711990428,-4.18228436245842,-8.1323234318,-5.39791932591212,-6.14981171566818,-3.54407943403796,-2.18459821852911,-2.4087709495943,-5.24849517381944,-3.60086239624879,-3.89042393174765,0.97376154403149
2021-08-06,-0.91973021235,2.2639599321777,1.47491416118732,1.59432732727542,-5.49715931713543,-3.58285445843141,-3.92280976765133,-7.49442586483636,-5.29657799795286,-5.82993419038846,-3.23524570513545,-2.14112105502855,-2.2565277362616,-4.91925744327386,-3.5281194662922,-3.73276925696402,0.525304982782592
2021-08-09,-0.091780420553,2.11825023552467,1.47330651315845,1.58346608639082,-5.12997490462075,-3.57909322830115,-3.90197513566669,-7.02511539090357,-5.29657799795286,-5.7936296413717,-3.01827863245414,-2.13631958608815,-2.24480644168855,-4.5906424504463,-3.52178467803288,-3.72498448705316,0.735504203823321
2021-08-10,-0.63407613115,1.95668681703993,1.45515545968186,1.48019340762919,-4.72559247743072,-3.53296182123735,-3.63863318369171,-6.71176239816364,-5.20238759927838,-5.37193366972239,-2.77755401293476,-2.10836977106388,-2.09000573195429,-4.31474336848605,-3.5028796641964,-3.49028620998482,0.710697407700203
2021-08-11,-0.86036594912,1.84028184872129,1.45113830896423,1.44547815504547,-4.43972661877811,-3.52324906700835,-3.54134834306452,-6.4308421105,-5.18000577955867,-5.20238759927838,-2.60384965052491,-2.10191381832242,-2.03289258001437,-4.16570871751127,-3.5028796641964,-3.43526845149742,0.816135786160863
2021-08-12,0.34597871891,1.7598716112841,1.45224039284943,1.44813824049928,-4.2439706157692,-3.52793932707617,-3.55482241875023,-6.19523211793256,-5.20238759927838,-5.24849517381944,-2.48483810461479,-2.10766391812107,-2.0405566998196,-4.04005762295455,-3.5028796641964,-3.43526845149742,0.868997815637399
2021-08-13,-0.28848191314,1.65263021630773,1.44004714353735,1.35715849430927,-3.97689850215703,-3.49710235872227,-3.32606817268283,-5.86677857211177,-5.18000577955867,-4.93855880622414,-2.32361334521973,-2.08911880176012,-1.9234886984316,-3.82194871814101,-3.49028620998482,-3.3365799666376,0.504183812752346
2021-08-16,0.15239968779,1.56887764649395,1.43371080003222,1.29368146059814,-3.77259309799226,-3.47572806416403,-3.1635894341507,-5.53468595953115,-5.09454607893671,-4.75897917049691,-2.19992030163709,-2.07760297821735,-1.82745823774384,-3.62857646167044,-3.47784825570575,-3.22306057226863,1.37490307772047
2021-08-17,-1.7287109084,1.48995466071725,1.42673540853816,1.21469522460074,-3.58109488366394,-3.46265996607526,-2.96344843270376,-5.29657799795286,-5.07419049192875,-4.48009801472759,-2.08081563659497,-2.06858614845582,-1.70731415623717,-3.47784825570575,-3.46555954784825,-3.07891567932558,1.90690986446351
2021-08-18,-1.2566472134,1.60260896146578,1.46435221162877,1.40855773029191,-3.85244929683646,-3.55641593784643,-3.45459770776649,-5.75786370294074,-5.24849517381944,-5.05424124213951,-2.24761349421406,-2.12030528226988,-2.00089533119712,-3.73039799277037,-3.51285580937182,-3.41433747745127,1.21756480624941
2021-08-19,-0.42077707867,1.61330636122875,1.4746234587276,1.48860287904885,-3.87421174063093,-3.57918271956444,-3.65713223673559,-5.7936296413717,-5.29657799795286,-5.39791932591212,-2.26267679653603,-2.13602299810833,-2.12184300592066,-3.738252966275,-3.52554592927844,-3.51285580937182,1.72104857967277
2021-08-20,0.3827150811,1.54430286356614,1.44770450688584,1.42267520299744,-3.70653164458289,-3.50887319067488,-3.48734215317381,-5.42438530899077,-5.18000577955867,-5.09454607893671,-2.16164145336166,-2.09489427844879,-2.02241547035227,-3.57789330874333,-3.50650431468371,-3.43238498943219,0.855825040243341
2021-08-23,2.0600321881,1.47582357262848,1.42989101122509,1.33787867416791,-3.54204993381034,-3.46651549050853,-3.27053756078749,-5.22513431306712,-5.09454607893671,-4.93855880622414,-2.06127946138902,-2.06810113594164,-1.89398065418374,-3.46276816489342,-3.46892398679692,-3.29991689563477,0.983773039218947
2021-08-24,1.22203272,1.60212213450855,1.47577044225028,1.52307344991206,-3.8503084701293,-3.59082508983827,-3.73582573549565,-5.72319738148364,-5.29657799795286,-5.47819431449683,-2.24959688561166,-2.15061945115454,-2.17086805303698,-3.73039799277037,-3.54483188492,-3.59833538748599,0.992326832870942
2021-08-25,-0.19965030951,1.58009847643711,1.46601900309114,1.52601874442839,-3.79605111149997,-3.56403788614038,-3.75053303206215,-5.59425477688305,-5.27226434187042,-5.47819431449683,-2.22132390500424,-2.13797130976405,-2.17871702440773,-3.69193921824742,-3.52554592927844,-3.59833538748599,0.762345350245622
2021-08-26,0.50982365319,1.50694690617661,1.43530027835998,1.43619962742435,-3.61984796367281,-3.50627561708772,-3.52015050354636,-5.34639403650441,-5.18000577955867,-5.18000577955867,-2.11493006738309,-2.09148790006615,-2.04273172908839,-3.51285580937182,-3.50014078191802,-3.43842981591552,0.705098404091304
2021-08-27,1.0141737033,1.45228114631629,1.42070374109956,1.35715767360716,-3.48115391832024,-3.45212027438245,-3.32471162064267,-5.11509055908974,-5.07376829982875,-4.95537836644767,-2.02479299030966,-2.06506272676778,-1.92386323569264,-3.43212769789095,-3.46263905272555,-3.33851243195927,0.562814983754705
2021-08-30,2.1476998951,1.43829263383612,1.41931627300149,1.3533942126188,-3.45275620823041,-3.45149615627034,-3.31480593077787,-5.07376829982875,-5.07376829982875,-4.95537836644767,-2.00635892180062,-2.06311203315036,-1.916905339466,-3.42004345555427,-3.46263905272555,-3.33851243195927,1.1894933936319
2021-08-31,1.438520913,1.59392340031178,1.47637597014255,1.54762844871078,-3.83359226705167,-3.59223490722284,-3.81341916947656,-5.68971580935714,-5.31933672397246,-5.65694601605965,-2.23338339008513,-2.14926808648191,-2.190463095912,-3.70044776645445,-3.54422794708075,-3.60518814503627,1.16629345217854
2021-09-01,0.23654557044,1.59455663813874,1.47659193650413,1.58561209696287,-3.84287095540035,-3.59492840424488,-3.91001655132528,-5.68971580935714,-5.31933672397246,-5.82993419038846,-2.23727728159456,-2.14840309046532,-2.24556003111936,-3.70815472194,-3.54422794708075,-3.73169474921925,1.0112111037983
2021-09-02,-0.4564530037,1.51582762156909,1.43235877595393,1.47687736495322,-3.64345456186425,-3.48424609579204,-3.63178408897358,-5.39686863589091,-5.13312776242078,-5.37057565044328,-2.12181672159851,-2.08277824305665,-2.10266301657178,-3.51197236482661,-3.48015054418565,-3.50556689961416,1.10621820426112
2021-09-03,0.43111413979,1.46847471924957,1.41716259788173,1.41699410759318,-3.52395923188273,-3.44672951664817,-3.47995918755442,-5.22260899238356,-5.09082579852785,-5.13312776242078,-2.05241920022491,-2.05950491230563,-2.01285274881133,-3.45972344159381,-3.46595139940178,-3.42288865731207,0.744198920845602
2021-09-07,0.89820445373,1.41798717227964,1.40391533529616,1.33577700267377,-3.3966168621377,-3.41487933369936,-3.2719456807664,-5.04954962672716,-5.07013900796625,-4.96983898366941,-1.97841580810397,-2.0478804362027,-1.89049180214371,-3.38098597979958,-3.44736367363202,-3.30081679269644,1.2219464413074
2021-09-08,0.46191679794,1.40435701440833,1.4023296789259,1.31526819605334,-3.35898111866231,-3.41163441994115,-3.22325490747299,-5.00913563853253,-5.07013900796625,-4.94972502881977,-1.95811852837733,-2.04007885179456,-1.85969443267288,-3.35856825539421,-3.44245079175921,-3.2736311252891,1.40067428363823
2021-09-09,-1.1725996314,1.36786392793189,1.39373360059245,1.24567859145886,-3.26803913760023,-3.38979282088531,-3.0499133891951,-4.96983898366941,-5.04954962672716,-4.62291640073905,-1.89941654017864,-2.022032013579,-1.74592273856269,-3.32043099007016,-3.43910965655833,-3.107360577709,1.04174985395594
2021-09-10,-0.43080685155,1.42468650119426,1.40890260597019,1.33987175465779,-3.40567297424066,-3.42883605290063,-3.28987752988356,-5.07013900796625,-5.07013900796625,-4.96983898366941,-1.98298683085837,-2.04645273136083,-1.89255872286895,-3.39033144273602,-3.45151457290266,-3.3087380989628,0.595891795459333
2021-09-13,-0.34532954751,1.39212552084728,1.39692838023656,1.29506852303682,-3.33091794389548,-3.39903719953274,-3.17453900149607,-4.98935217326667,-5.04954962672716,-4.80040230816596,-1.93688440483419,-2.02745601787842,-1.81895255704191,-3.35504116420455,-3.43910965655833,-3.22103056159662,1.11632461325013
2021-09-14,-0.2073950659,1.3650119371817,1.38814720409131,1.24518263259501,-3.26114606291879,-3.37727709540003,-3.05095021016391,-4.96983898366941,-5.02919211676463,-4.63803303027019,-1.89456754754612,-2.01500319292383,-1.75381995149862,-3.32014522201371,-3.43292116089127,-3.12563969693789,0.869963149224895
2021-09-15,0.74753623176,1.33352433405939,1.38084216388164,1.18709910139111,-3.18864550323701,-3.35885815636912,-2.901601225176,-4.87215391412444,-5.00913563853253,-4.47982743935478,-1.84952728952505,-2.00421901824012,-1.6660534459464,-3.25862301390077,-3.4267545408013,-3.02407618884756,1.2484029178109
2021-09-16,0.35819195055,1.32431888398324,1.378512678563,1.16636529187761,-3.1680365171287,-3.36238611024777,-2.84792380732519,-4.80040230816596,-5.00913563853253,-4.45242622438547,-1.83669201260776,-1.99708837714048,-1.63382667630495,-3.25318523028308,-3.42058417245065,-2.99776983088914,1.0861286442336
2021-09-17,-0.73733458703,1.30020569220252,1.31273875428334,1.10612400851692,-3.10710847148349,-3.01996296906656,-2.74139862746619,-4.73311901266735,-4.62291640073905,-4.3349083143381,-1.79897593154873,-1.87526918730071,-1.54271464692511,-3.18483843106007,-3.29186703502609,-2.86333138191792,1.00781843642199
2021-09-20,-3.084169911,1.32020643895279,1.37521107132594,1.14391683722234,-3.15624943604114,-3.34524928304628,-2.83917657455836,-4.76629113318646,-4.98935217326667,-4.43876013525593,-1.82909452463263,-1.99120639759591,-1.59967982787245,-3.23164160089583,-3.40232398081068,-2.93856247725902,2.1812978174681
2021-09-21,-0.36057728121,1.79289925823439,1.5775667579544,1.49551484942508,-4.31980545506372,-3.84765057407814,-3.74308477689351,-6.19523211793256,-5.68971580935714,-5.47819431449683,-2.53203880307726,-2.30739421207144,-2.12498809929339,-4.09411651884286,-3.82683533506914,-3.51983216264074,2.10235340790717
2021-09-22,1.0892353519,1.68623437684857,1.459561787344,1.42183861700768,-4.06260318443002,-3.58984555886859,-3.54891773704304,-5.94276218054694,-5.31933672397246,-5.26993558609014,-2.37812149499917,-2.12684121091252,-2.01388319438992,-3.87965097713195,-3.51983216264074,-3.42527149045584,1.58552137383726
2021-09-23,1.0635937339,1.63466472611341,1.43421575786973,1.42205617136793,-3.92659619388706,-3.51994499096377,-3.55355271851176,-5.82993419038846,-5.19965145357162,-5.26993558609014,-2.30190287799681,-2.09042085657497,-2.01593999240833,-3.81818490273182,-3.50035501460594,-3.43140485110913,0.71341502658973
2021-09-24,0.27868852449,1.59060512776444,1.41771088512363,1.41859540847705,-3.81686730979007,-3.46664866237391,-3.54366946971373,-5.65694601605965,-5.13312776242078,-5.26993558609014,-2.23658016072939,-2.06466987279123,-2.00923210279448,-3.71927217429149,-3.46860094046562,-3.42527149045584,0.745696433204261
2021-09-27,-0.57567902104,1.51152873342889,1.38667073035339,1.32835290942538,-3.62874780689853,-3.40039584852709,-3.31053079426797,-5.37057565044328,-5.04954962672716,-4.96983898366941,-2.1219827366357,-2.02001977158656,-1.87345703647158,-3.51983216264074,-3.43140485110913,-3.29104932981339,1.9493288928184
2021-09-28,-2.6378530741,1.47591334061988,1.38005625398919,1.30536278679746,-3.53896865769846,-3.3691487460939,-3.25353613347976,-5.22481236887778,-5.02876281098642,-4.96871842532262,-2.05913312819241,-2.00665499754688,-1.83505351260204,-3.46144683757623,-3.41814673221957,-3.24557063038385,2.53055743298444
2021-09-29,-0.4475325396,1.77510656332487,1.53347035240064,1.61508606600954,-4.27885867331535,-3.76803185109172,-4.04782297535684,-6.22216702824524,-5.54253129411,-5.96107043670833,-2.50606020464665,-2.24916188337217,-2.30334745289104,-4.05678195383893,-3.73013284806216,-3.80440017085284,1.62765262259747
2021-09-30,-0.48710740602,1.6754398296427,1.44463473630561,1.53535328075763,-4.03560500438343,-3.54213547108685,-3.84082834380126,-5.96107043670833,-5.24851567699296,-5.70109308071273,-2.36284150756442,-2.11292798274289,-2.18330409640414,-3.85653914890824,-3.5086001588875,-3.60250515037079,1.51621054210737
2021-10-01,-0.054185032695,1.59693852635515,1.40735284517062,1.46803616107192,-3.84586680582065,-3.44868184712684,-3.67196604305876,-5.70109308071273,-5.09117015639615,-5.42925755816875,-2.24860111432013,-2.05561153243584,-2.08605358068951,-3.73013284806216,-3.451550803504,-3.48289953094318,1.32897648668972
2021-10-04,-2.8471701907,1.52127213064869,1.38276164376951,1.37727431346054,-3.6400250083806,-3.35887237495912,-3.42988260915032,-5.41761238215938,-5.01595210478519,-5.07878183495769,-2.13698577457351,-2.01467748124312,-1.942151207161,-3.51735303856714,-3.41657131580175,-3.33956961657851,2.46952914673327
2021-10-05,0.97875088559,1.84878529874151,1.56109983791031,1.69024728073404,-4.38713452211663,-3.69581223904355,-4.16595514907451,-6.15097573740256,-5.35632536034754,-6.06021325094634,-2.63020793318293,-2.30862225843131,-2.42622345809088,-4.12498041976222,-3.75320824540977,-3.85585252212901,1.35997112266802
2021-10-06,1.2732070785,1.75310952347249,1.48488667191179,1.62935728588422,-4.15170734136629,-3.5225149451425,-4.01254647206515,-6.06021325094634,-5.10776387836197,-5.84939944883044,-2.48877299083276,-2.18541029816128,-2.35277142143109,-3.97810964001342,-3.54972240920298,-3.78678424942824,2.20024103375148
2021-10-07,1.2391133074,1.70477954297863,1.46591782489932,1.62390902100443,-4.02928550912687,-3.47192360708109,-4.01427410074111,-5.84939944883044,-5.04226845278108,-5.84939944883044,-2.41137356967851,-2.15721979290012,-2.35406395666366,-3.83833997941098,-3.50963399484155,-3.79526520230355,0.69981730866598
2021-10-08,-0.41817691808,1.66190568055855,1.45129512823481,1.61475509798355,-3.92243920131329,-3.43822776478014,-3.99437884086809,-5.7353797081551,-5.00068770898816,-5.77255697868958,-2.34604844583493,-2.13409863495637,-2.3411231843687,-3.78678424942824,-3.47129827565962,-3.78678424942824,0.96837707974697
2021-10-11,-1.2868619665,1.58263055828456,1.41346490072209,1.5322659209698,-3.73200557933958,-3.34749023747927,-3.78140634536867,-5.35632536034754,-4.92044107247,-5.4988939220625,-2.23009703215721,-2.07567688371543,-2.2140517877795,-3.6352049125545,-3.41560029340405,-3.62037168869005,1.05373055663935
2021-10-12,0.031728429349,1.60058286709081,1.43158211322066,1.59626367588889,-3.77502753697531,-3.39359286127701,-3.94338629962597,-5.46873618792281,-4.96013522518333,-5.7353797081551,-2.25666665396166,-2.10436244598467,-2.31183814899649,-3.68092392236339,-3.45256932258287,-3.75320824540977,1.48246985517489
2021-10-13,1.1378578711,1.5194168762708,1.39576602861964,1.48713499780173,-3.57897490718129,-3.30545436470691,-3.66261170539514,-5.22592820838636,-4.88187001721098,-5.32924963559677,-2.13735350137409,-2.048844781302,-2.14468562921845,-3.47129827565962,-3.39154209934159,-3.48389544999431,0.910563082570442
2021-10-14,0.47438099064,1.50333085255136,1.39558084106805,1.48374249002844,-3.54320702457206,-3.30477567913215,-3.65380845955569,-5.17709491782059,-4.88187001721098,-5.30270409155873,-2.11568831740066,-2.049674407124,-2.13855386550025,-3.4588176660214,-3.39154209934159,-3.47129827565962,0.470254832628491
2021-10-15,3.3080191281,1.44377713555685,1.37934770571165,1.39810053125063,-3.40336569638009,-3.25914672584756,-3.43471681869353,-4.98036556411299,-4.88187001721098,-4.98036556411299,-2.03022814476841,-2.01976487037141,-2.00427289087804,-3.38560897544141,-3.37373435292271,-3.36782506678043,0.821950204036484
2021-10-18,1.1064763481,1.84947730776511,1.57311284718906,1.73369111438508,-4.39571060085258,-3.73988149843385,-4.28284551050489,-6.19720044125,-5.38338782687833,-6.1068002217625,-2.63607099655909,-2.32341290869099,-2.49464788457896,-4.12498041976222,-3.76989860497326,-3.98816672295203,1.41132948398685
2021-10-19,-0.075143468894,1.76663555480518,1.4974091440552,1.68634931470462,-4.18841734528255,-3.54670836195339,-4.16740862649588,-6.06021325094634,-5.17709491782059,-6.06021325094634,-2.50868446253936,-2.19982055602817,-2.4321598515613,-3.9941702581551,-3.57964828008827,-3.87848575167233,0.90749500858269
2021-10-20,-0.84462058867,1.65550735119239,1.424658505327,1.57076181417964,-3.92311030098594,-3.37111240873909,-3.87043134719454,-5.7353797081551,-4.94013647308987,-5.698787975842,-2.34682798423156,-2.08845310749106,-2.25534227457058,-3.79081464706923,-3.44163203785622,-3.68408478430989,0.860492767243312
2021-10-21,0.58417714499,1.6100994067748,1.41398032076996,1.55274906132905,-3.80711653358177,-3.34426678978667,-3.82560455608002,-5.52967351400545,-4.90101988091111,-5.59436062496981,-2.27569460863116,-2.07140584177773,-2.22957428949223,-3.71591288775618,-3.41700279677647,-3.63802170970585,0.741701177782179
2021-10-22,-2.8954791981,1.53500920916903,1.39126241243938,1.46784651218516,-3.62919375116307,-3.27585764108181,-3.60821642042025,-5.27664994342344,-4.88187001721098,-5.25098531431692,-2.16716307021516,-2.03594108313347,-2.0996839723641,-3.5383077223896,-3.38684774503142,-3.45418291455721,1.41637805843815
2021-10-25,-0.45509736028,1.86590042145743,1.58012553728751,1.78790203003401,-4.4405849736565,-3.73212908749164,-4.41583264352366,-6.29586665622778,-5.35632536034754,-6.24540555946216,-2.66291334495311,-2.33228712359374,-2.59386113593062,-4.1456462575203,-3.7686766988686,-4.10138636834745,0.97880660551746
2021-10-26,1.6775238904,1.75187202692328,1.47205832637344,1.68653354694224,-4.16165665043242,-3.47962555494585,-4.15359326224248,-6.06021325094634,-5.04226845278108,-6.06021325094634,-2.49393212534548,-2.16862239798349,-2.42639117028802,-3.99562936995986,-3.53936955127723,-3.86184441597578,2.07612946243141
2021-10-27,0.48636432293,1.74662652693819,1.49997440036296,1.74232202218438,-4.14872896061338,-3.54084766458865,-4.30159514530658,-6.06021325094634,-5.13039263204857,-6.1068002217625,-2.48675367050279,-2.20922495856343,-2.50477355876229,-3.98859474577483,-3.62474118416243,-3.99886141276575,1.508812316741
2021-10-28,1.5941093416,1.64698783551885,1.43202068267722,1.62663136072239,-3.90404745475417,-3.38323178196126,-4.01797068141879,-5.698787975842,-4.99682036042763,-5.84939944883044,-2.33545749972062,-2.10360636055648,-2.33147617120086,-3.79479020729461,-3.45413904175258,-3.77751007260828,1.50713573492745
2021-10-29,-2.1511241611,1.65535630599839,1.45311133721192,1.67644337357452,-3.92094658365489,-3.43209276064131,-4.15030298569006,-5.77148695381875,-5.03180697768378,-6.06021325094634,-2.33987421672707,-2.13332100982199,-2.4084005947102,-3.79354055844518,-3.47062652160096,-3.84663854326562,2.78792049172188
2021-11-01,-1.6107080059,1.78709632554219,1.59116313455202,1.86570961270362,-4.2464620796666,-3.7582906024767,-4.62918131566261,-6.1068002217625,-5.43534745354483,-6.45716716001212,-2.53966423105055,-2.35047793135781,-2.69280633701487,-4.0328838948695,-3.79354055844518,-4.2025381889119,1.27775099141941
2021-11-02,-0.16153774277,1.79952473200523,1.65706836186962,1.92867872332318,-4.2777699526698,-3.91566631848541,-4.7883263907276,-6.1068002217625,-5.77148695381875,-6.63377476346667,-2.55939892000843,-2.45531070410449,-2.78639072157568,-4.06513842988333,-3.93083450982848,-4.26355980046281,1.22746968141567
2021-11-03,2.150781073,1.69039635648745,1.51261716860398,1.78833962165155,-4.00940389176353,-3.58967376659783,-4.44719148632104,-5.84939944883044,-5.27032157477656,-6.29586665622778,-2.3923376637279,-2.2200182654938,-2.5599057134489,-3.84889736359874,-3.6388078949,-4.06935487017226,1.62546197827611
2021-11-04,2.7482269505,1.76500023074848,1.6332195321525,1.90174266827016,-4.24989351962021,-3.86239217796255,-4.75114004113411,-6.1068002217625,-5.73341156889388,-6.57314059885806,-2.50986125394864,-2.41681669966307,-2.75480998507817,-4.00514405024965,-3.84889736359874,-4.25764239222562,2.52869787595634
2021-11-05,1.2076502733,1.92832812982965,1.95812036444781,2.09903506633025,-4.65358998190351,-4.6538540960793,-5.25523112262166,-6.5139241419625,-6.5139241419625,-6.948127622048,-2.74686478943188,-2.91479726300759,-3.03813735384442,-4.26839959329083,-4.44342999743271,-4.57795769940306,2.28521671264299
2021-11-08,-0.85280151407,1.83879005682166,1.80856699775151,2.00991704942461,-4.42747636736255,-4.43133769160884,-5.03124188856899,-6.24540555946216,-6.29586665622778,-6.69653861658966,-2.61249265047156,-2.68773162265597,-2.90416908887207,-4.14626296639846,-4.21827054377581,-4.44342999743271,2.88969920248188
2021-11-09,2.5007308726,1.7604581202091,1.69033081792655,1.92569133586213,-4.22903665999358,-4.05863375114323,-4.82038523808303,-6.1068002217625,-5.84939944883044,-6.69653861658966,-2.49293649570225,-2.4972559295409,-2.77806422672923,-4.01245648536127,-4.01245648536127,-4.2809787519437,2.66991249344802
2021-11-10,-2.6334995232,1.87693972667512,1.96246793364603,2.07954648726098,-4.52280866581683,-4.65596518064493,-5.20718330956053,-6.40338019725882,-6.5139241419625,-6.948127622048,-2.66933450482205,-2.91994972766455,-3.00863772946907,-4.19395363484048,-4.44342999743271,-4.57795769940306,3.21595471418218
2021-11-11,-0.27426372399,2.03678745663217,2.35808317296435,2.27753478230992,-4.93183384408537,-5.73755447376828,-5.70102547954512,-6.69653861658966,-7.41204533589474,-7.326828774495,-2.91008573344821,-3.52707756478119,-3.3043691668311,-4.44342999743271,-5.16936475405294,-4.94476183606282,1.92838322551204
2021-11-12,1.5161987041,1.88998765304622,2.02673666247037,2.09938056246568,-4.55868198782905,-4.9746022131997,-5.25463351283056,-6.40338019725882,-6.69653861658966,-6.948127622048,-2.69024070408704,-3.01361030754982,-3.03705381475377,-4.21827054377581,-4.57795769940306,-4.57795769940306,1.9316913886812
2021-11-15,0.58238656511,1.83620303556006,1.9801599580113,2.05595236037421,-4.42608170525322,-4.94416406105473,-5.14384792096581,-6.24540555946216,-6.69653861658966,-6.88112664538462,-2.61044351345548,-2.94501750599555,-2.9711982785368,-4.13471515385496,-4.45780101690189,-4.47214344130762,2.32375529217582
2021-11-16,-0.14045260705,1.72618142965278,1.74573076190926,1.90860848265683,-4.15985336813078,-4.33491294198805,-4.85457415124974,-6.06021325094634,-6.1068002217625,-6.69653861658966,-2.44432419548932,-2.58024065836501,-2.74946011341392,-3.93136312693,-4.08904768520889,-4.26839959329083,1.41162991791294
2021-11-17,0.23441692319,1.62822724507738,1.57870504966813,1.77209457429172,-3.90691223919538,-3.89890753553947,-4.48682096120191,-5.77148695381875,-5.73341156889388,-6.40338019725882,-2.29863323341272,-2.31749725743821,-2.54256937110717,-3.74058258877018,-3.77496423641078,-4.03439903089357,1.64994929737338
2021-11-18,4.1437024514,1.54570988992806,1.47598510504088,1.64514266388454,-3.70169426515592,-3.63535858304821,-4.16299251331304,-5.378893584415,-5.32367944922419,-6.06021325094634,-2.174301968655,-2.15663788180341,-2.34965822413758,-3.5476969691051,-3.5200209104205,-3.80139623783537,2.21700295729551
2021-11-19,-0.52731827936,2.11992110592393,2.02283565075863,2.03162815804753,-5.11358798445986,-4.96111527241043,-5.18262702609314,-6.81653319464074,-6.69653861658966,-6.88112664538462,-3.00212829038453,-3.00537634531528,-2.92158226547733,-4.56012329124286,-4.56012329124286,-4.45497897267619,2.66591103927372
2021-11-22,-2.8287235113,1.96638573026019,1.7395179888846,1.90737385156735,-4.7324597627379,-4.24513415611404,-4.85646782231416,-6.63377476346667,-6.14148444127949,-6.69653861658966,-2.77793416850548,-2.56471783467918,-2.73433809771138,-4.27696911712458,-4.06186928538088,-4.25158225188833,4.22710455285446
2021-11-23,0.20909317373,2.14120425819821,2.20357903751587,2.16069345819257,-5.17539312899182,-5.42274841989163,-5.5164578800663,-6.88112664538462,-7.16664422437273,-7.2485968731619,-3.05774566346288,-3.28974489794856,-3.13141545435733,-4.59203074949375,-4.94723776041948,-4.71033672341236,4.38518831611989
2021-11-24,0.010335080151,1.96931437349673,1.82862285280049,1.98766550701241,-4.75204496987057,-4.46857709693983,-4.97690484055151,-6.63377476346667,-6.39520684794412,-6.69653861658966,-2.80533699038612,-2.7047755262239,-2.8693237522019,-4.31588713746522,-4.21497521076748,-4.4118661372537,2.03941311865664
2021-11-26,-2.1184724655,1.82736491296323,1.61175170489453,1.83701186207633,-4.34866219462786,-3.91894499600243,-4.59010292117333,-6.14148444127949,-5.79313315154681,-6.45335791049091,-2.59438462947032,-2.36846782629498,-2.64044880185895,-4.10854813342348,-3.79846679535092,-4.15491607319453,2.94685454102499
2021-11-29,1.6267377359,1.90810359971929,1.78217465198574,1.99055195914563,-4.54033302711139,-4.34141461265305,-5.06503641637148,-6.45335791049091,-6.14148444127949,-6.75490588148214,-2.71523734231934,-2.62682990039504,-2.87283330348626,-4.23982308874298,-4.13154315358615,-4.4118661372537,1.7857656175221
2021-11-30,-1.5302240304,1.86366290937616,1.76952308405973,1.97891957132341,-4.42950742887286,-4.16688579092592,-4.96240004102437,-6.39473124057941,-6.13431809857179,-6.69653861658966,-2.63168894309281,-2.60859142183628,-2.84545268607644,-4.12887122621938,-4.11727747093692,-4.38268838896238,2.55375726198633
2021-12-01,-1.8063511707,1.85132345050621,1.82386684708631,2.00371389545901,-4.39329183579274,-4.29637386656906,-5.02869574315792,-6.23399233281622,-6.18530714278947,-6.69653861658966,-2.61031225813904,-2.69486759045001,-2.88379043459924,-4.11727747093692,-4.2005197845122,-4.41126468261215,3.01679751949734
2021-12-02,-0.18468400449,1.87793748423443,1.98053166108641,2.07287469164282,-4.45989164120216,-4.66310978729289,-5.20406159018664,-6.39473124057941,-6.57069215749032,-6.88112664538462,-2.65071595261563,-2.94050348599622,-2.98766520093488,-4.1523861069685,-4.45477471487596,-4.5139930629,4.01317753222138
2021-12-03,-1.3839109085,1.75426651814615,1.71479432324654,1.91804944606578,-4.16051788192226,-4.03209179710226,-4.80647622407643,-6.13431809857179,-5.90550084549318,-6.63377476346667,-2.46896533964255,-2.52424026650164,-2.75415668478339,-3.94471523237603,-3.99628761174255,-4.25047342236723,3.43393957864458
2021-12-06,1.1086232482,1.74558304195122,1.74267634952871,1.93012757866555,-4.13943941469647,-4.09844760079169,-4.83707614840926,-6.13431809857179,-5.94780464024186,-6.69653861658966,-2.45610093742064,-2.56851176565389,-2.77208039315597,-3.92470031995946,-4.04975532749412,-4.26300726735678,4.48137220755507
2021-12-07,2.7986473593,1.67969810861842,1.64277440287694,1.85418566108107,-3.98366593110921,-3.85743989501137,-4.637723290103,-5.86333701369556,-5.74102288327917,-6.51038751936875,-2.36163948428011,-2.4146426059488,-2.6572659002492,-3.7942831225821,-3.83924715472866,-4.16428295310635,1.72203018447222
2021-12-08,-0.0036897331483,1.87545476909397,1.98012769569814,2.06720026001324,-4.46777820117623,-4.67288053099407,-5.17769026663908,-6.45335791049091,-6.57069215749032,-6.88112664538462,-2.6549253587172,-2.93883395344646,-2.97703936340039,-4.16428295310635,-4.45477471487596,-4.46936625138641,1.69124860128583
2021-12-09,-1.1279646681,1.75155825829287,1.69166870343185,1.90423457080024,-4.15712281167155,-3.97940107398155,-4.76751920457234,-6.13431809857179,-5.86333701369556,-6.63377476346667,-2.46688936181574,-2.48972912505414,-2.73347875688637,-3.94471523237603,-3.98592046838944,-4.23785309961667,1.63707077190282
2021-12-10,-1.1247567047,1.71270434316093,1.65706688292526,1.8770661203301,-4.0649314741471,-3.89083737948439,-4.69564332844579,-5.90550084549318,-5.78099637087872,-6.63377476346667,-2.4109817320871,-2.43487788505259,-2.692097554343,-3.83924715472866,-3.87620214531373,-4.2005197845122,1.63591723316699
2021-12-13,-1.5356072747,1.68011473174868,1.61862778666916,1.85372260686049,-3.99042227676902,-3.808667684008,-4.63109487838888,-5.86333701369556,-5.59422065210577,-6.51038751936875,-2.36610773266413,-2.37545272050127,-2.65632678291418,-3.7942831225821,-3.7942831225821,-4.16428295310635,2.02481967498999
2021-12-14,-0.28071417,1.70780088572125,1.65725668583035,1.90153774264924,-4.05466911427992,-3.90667459221309,-4.75751852619752,-5.90550084549318,-5.82176165953913,-6.63377476346667,-2.40545260722672,-2.43421644682458,-2.72911351401858,-3.83924715472866,-3.87620214531373,-4.23785309961667,1.81099104196413
2021-12-15,2.4977600886,1.61896410247835,1.53890512809674,1.77201710394622,-3.83257786385391,-3.61783994471195,-4.42615738643662,-5.665370875252,-5.31922995111967,-6.33856195016,-2.27069786122012,-2.25048832679776,-2.53413336941427,-3.69169380965,-3.66743947703616,-4.00678007748929,3.83213151123755
2021-12-16,-2.5641173586,1.77442803204384,1.7107552967476,1.95183807805219,-4.21849254729206,-4.03261488213751,-4.88451965203036,-6.18530714278947,-5.90550084549318,-6.69653861658966,-2.50424206350331,-2.51752612970272,-2.80440575900086,-3.98592046838944,-3.98592046838944,-4.31448069319825,3.57796248167651
2021-12-17,0.67892059633,1.9498205357613,2.10829365759474,2.1582088287344,-4.65226715882346,-4.97561776614057,-5.40545681118863,-6.57069215749032,-6.69653861658966,-7.16664422437273,-2.78285794736678,-3.13500104584991,-3.11318381188265,-4.26300726735678,-4.71299712045227,-4.69517343143708,4.52695513358778
2021-12-20,-1.7283514934,1.82124605456946,1.77301271395017,2.00446354910388,-4.33705527755982,-4.17930958403885,-5.01527179234459,-6.18530714278947,-6.13431809857179,-6.69653861658966,-2.5910386761989,-2.61262128474657,-2.88171279402041,-4.08298807969023,-4.11727747093692,-4.41126468261215,3.44677903799409
2021-12-21,1.9978573011,1.84098549967488,1.90796698515665,2.06033540657708,-4.38767187071646,-4.47850169685904,-5.15499554099179,-6.23399233281622,-6.45335791049091,-6.88112664538462,-2.62175161955191,-2.82375998806478,-2.96469948326069,-4.12887122621938,-4.32777186764159,-4.46936625138641,2.01673757493991
2021-12-22,0.36381346927,1.85639903072828,2.03425621708453,2.10359714088125,-4.42650252277423,-4.78503737020339,-5.26412942671975,-6.33856195016,-6.63377476346667,-6.948127622048,-2.64527760037613,-3.02330458071044,-3.02864701500163,-4.1523861069685,-4.57718246976042,-4.57718246976042,2.2080662190236
2021-12-23,0.018417067804,1.73458769655788,1.70705796627387,1.93739431708139,-4.12991124417354,-4.01566054091419,-4.85267139321276,-6.03672116386829,-5.90550084549318,-6.69653861658966,-2.46218286529216,-2.50893160599497,-2.78281958740905,-3.92539635085068,-3.9759777893,-4.26300726735678,0.852166405773507
2021-12-27,-0.81780105629,1.6343926548433,1.55486006085902,1.79159827258581,-3.8837968182496,-3.66176309642713,-4.48396709681168,-5.78099637087872,-5.37594759400339,-6.45335791049091,-2.3096900786487,-2.26717610629637,-2.5636689490772,-3.74343094481488,-3.685250515644,-4.03891125472847,1.77739036605852
2021-12-28,0.58437138086,1.59048814089163,1.51312033299514,1.73561853192464,-3.77722300598655,-3.59162726476396,-4.34128011349298,-5.52750728427407,-5.29145553776129,-6.18530714278947,-2.24429216598844,-2.19553650843323,-2.49466901615393,-3.65332535329218,-3.56301323355497,-3.9759777893,1.80392734075145
2021-12-29,-0.85549715523,1.52506315457823,1.47700577157647,1.62824493547456,-3.60946879914244,-3.48304215122231,-4.06660804853984,-5.31922995111967,-5.13640602739559,-5.90550084549318,-2.14294986819834,-2.14672169445759,-2.31720978555493,-3.4721397198951,-3.48528290282772,-3.75931668945422,1.0624902095931
2021-12-30,-0.32889876529,1.5055468491495,1.46655868057965,1.60244611154385,-3.56505638401574,-3.45615835724347,-3.99587369915208,-5.26413574217936,-5.08857157486,-5.86333701369556,-2.1169335023571,-2.13464429334681,-2.27808492406782,-3.44632231558029,-3.46564538388341,-3.70837991069593,0.867754177365781
2021-12-31,-1.1429367693,1.45237562316469,1.45240014799965,1.51401478261749,-3.43421934206414,-3.43430334974007,-3.76180456370022,-5.06529426470141,-5.06529426470141,-5.495641854,-2.03988985646632,-2.10481636776092,-2.14402371149311,-3.37146582214227,-3.43992448384689,-3.47868330507094,0.819684194753568
2022-01-03,2.2118320267,1.48307728700235,1.45976096061162,1.55409301282553,-3.5127921424821,-3.44660960661927,-3.87166213483122,-5.18615857319848,-5.08857157486,-5.78099637087872,-2.08416528706452,-2.12114415003878,-2.20542369915109,-3.42082690626651,-3.45273704915556,-3.6053473995,2.16765215501404
2022-01-04,-1.6915633096,1.62585181795728,1.52202248766625,1.72354006899101,-3.8672539471333,-3.60421064770778,-4.30579860512353,-5.78099637087872,-5.31922995111967,-6.18530714278947,-2.29855155017527,-2.21594272176659,-2.4594198300746,-3.72510097440294,-3.62063581863169,-3.92489732605405,2.16038967565139
2022-01-05,-1.8893040915,1.6880301603829,1.57188446960879,1.82327049255943,-4.02043307873115,-3.7171917085671,-4.56310481575232,-5.90550084549318,-5.40522892448965,-6.45335791049091,-2.39082100354682,-2.29438635639281,-2.60861844557555,-3.83943286748025,-3.72510097440294,-4.11727747093692,2.67583780264941
2022-01-06,-0.67110010523,1.76385227767949,1.64590408713046,1.9392874746248,-4.20906787281188,-3.92815448396421,-4.85460525373294,-6.18530714278947,-5.82176165953913,-6.69653861658966,-2.50591399257707,-2.40482278000104,-2.78135009916264,-3.98612579868521,-3.83943286748025,-4.26300726735678,3.54337982304113
2022-01-07,-0.42877969308,1.68177866784802,1.5644970759805,1.83234235889513,-3.9993305400959,-3.63305453919367,-4.5530776426135,-5.82149976183864,-5.279480848715,-6.4142698422125,-2.3755017904774,-2.27747303368846,-2.62801494807775,-3.77017917183168,-3.68501268154561,-4.10093915692891,2.04220355453378
2022-01-10,-0.65701243893,1.59972214393367,1.5015021616259,1.72442163259236,-3.79950001967689,-3.52746627281668,-4.27530422663995,-5.51925604190962,-5.14741984208769,-6.14425663055676,-2.25444039399167,-2.18083195981432,-2.46497115333848,-3.65261774438914,-3.52539265845938,-3.90903783132808,4.16059023495907
2022-01-11,2.4002080676,1.54988540616843,1.47695067079246,1.65420568661779,-3.67542895402336,-3.48025193790605,-4.09673641244436,-5.33580572328966,-5.09808110100746,-5.9059862722619,-2.17776821810937,-2.1459304524244,-2.36259056971354,-3.51841518920622,-3.46429338445672,-3.77017917183168,3.88733332061186
2022-01-12,-0.09373374769,1.71304351680812,1.56233245418848,1.83388410014991,-4.06638275635334,-3.67227871425266,-4.56012377842241,-5.8636711885186,-5.33580572328966,-6.4142698422125,-2.41568573637416,-2.27494074421708,-2.63515981142386,-3.82366305171806,-3.69245974977412,-4.11249379971417,2.15715903679547
2022-01-13,-2.416967804,1.6131300236088,1.49320726135238,1.70395907028616,-3.8277340752451,-3.46618359095409,-4.22638753926578,-5.62376260545306,-5.09808110100746,-6.14425663055676,-2.2694468099903,-2.16894260789596,-2.43841467237103,-3.67593425931977,-3.51712944073834,-3.87006695782667,2.34529898931102
2022-01-14,0.57315121521,1.80731641667031,1.62572900509139,1.92122864707402,-4.30645668998721,-3.78145443708328,-4.77865733600047,-6.14425663055676,-5.51925604190962,-6.59686437271034,-2.57070041286019,-2.38479751452633,-2.76410883092138,-4.03352326649552,-3.79659229012152,-4.22120475564661,3.1098228342245
2022-01-18,-1.9862709543,1.69644913672668,1.52578292112146,1.79178691807205,-4.03929872231656,-3.54286627330781,-4.44812625504519,-5.8636711885186,-5.17250644129687,-6.35505109346364,-2.40818691202058,-2.23112493032413,-2.56797201989897,-3.8146457744891,-3.60580504237403,-4.02268554402815,2.80548998384786
2022-01-19,-1.64771029,1.78574433277917,1.60868209229333,1.92677655650634,-4.26009209188556,-3.74199902001609,-4.79372679956888,-6.14425663055676,-5.39404507422321,-6.59686437271034,-2.54358332282501,-2.3585516097519,-2.76923544163876,-3.9803898680223,-3.77016648065963,-4.22120475564661,2.09117488373846
2022-01-20,-2.9632307309,1.80194139516749,1.65547652097381,1.97655422262347,-4.29792349793915,-3.85654024626546,-4.91964638750011,-6.14425663055676,-5.699253666,-6.660551563775,-2.56520620456286,-2.43358103899976,-2.84881435554687,-4.02268554402815,-3.85120992789211,-4.36599708514766,2.27447463470593
2022-01-21,-5.9501870869,2.05209287793578,2.07773697239694,2.23649777109751,-4.90801723811618,-4.87606187581644,-5.5842259645778,-6.660551563775,-6.660551563775,-7.22581791205,-2.94745900756497,-3.09416587270952,-3.24304605529284,-4.40918870175577,-4.62631821401778,-4.91675879564,8.78844950426
2022-01-24,1.3326977138,3.00702835962835,3.37827303738693,2.78818624779366,-7.23385364570673,-8.13151324605541,-7.02740226764252,-8.46233729148,-9.71717583035,-8.46233729148,-4.35762559370564,-5.11389152667475,-4.06893833785304,-6.13914953730263,-6.75157063877037,-5.86563745893636,17.535041565957
2022-01-25,-3.1533650653,2.73742636369071,2.81560380980433,2.59584990195872,-6.56712883596354,-6.74628349894028,-6.54911034932057,-8.46233729148,-8.46233729148,-8.46233729148,-3.95319932148936,-4.24691711476246,-3.79202349465937,-5.82435948017333,-6.13914953730263,-5.5273868163434,9.19827331401955
2022-01-26,-0.79543668653,2.7751973170195,2.98260770254115,2.78632265346497,-6.65539774823622,-7.15212195899084,-7.02349830455523,-8.46233729148,-8.46233729148,-8.46233729148,-4.00426357699645,-4.50767329435195,-4.06923880297934,-5.82435948017333,-6.40020672841515,-5.86563745893636,11.7386863351355
2022-01-27,0.55086500215,2.52046980648155,2.6200488233663,2.57149721564285,-6.03765171776915,-6.26613631031687,-6.47877775387034,-7.83972600881429,-7.96951853913077,-8.46233729148,-3.63024212901959,-3.94105693399774,-3.74532774035429,-5.29047603294754,-5.78363146370217,-5.4038019516386,8.20780352886584
2022-01-28,3.1084056931,2.28875800701876,2.28633372258209,2.35099390852774,-5.47162946059164,-5.4512197716424,-5.92005010562829,-7.16507358704286,-7.16507358704286,-7.71375674735333,-3.28583353849433,-3.42523891862981,-3.41350307893959,-4.94849051125067,-5.06159421956,-5.06159421956,5.84489808512086
2022-01-31,3.8863576381,2.382071671143,2.63334858682952,2.5295103841274,-5.70326120835596,-6.28939314264216,-6.36832530803157,-7.23912932407,-7.96951853913077,-8.46233729148,-3.42676107195117,-3.96369994645036,-3.68242646301171,-5.06159421956,-5.82435948017333,-5.37498773468793,4.0872801000598
2022-02-01,1.0830795562,2.60431673615156,2.96507796907435,2.80227237887597,-6.25387449519191,-7.10026300849435,-7.04546280722056,-7.96951853913077,-8.46233729148,-8.46233729148,-3.75922986837728,-4.47727220219113,-4.09168270309695,-5.43331831879643,-6.40020672841515,-5.90701419818372,3.69751230702881
2022-02-02,-0.38427577902,2.3804183317319,2.64476479125986,2.5875582812909,-5.70930428182704,-6.31879203210244,-6.49624089650908,-7.31973012492105,-8.10951487056667,-8.46233729148,-3.42715225654491,-3.98349110245327,-3.76770260867649,-5.06159421956,-5.82435948017333,-5.46375114475455,4.59355014356102
2022-02-03,-7.8127645449,2.17575769465955,2.34979998755411,2.36796177830578,-5.19943395587304,-5.60197009654949,-5.94837377710084,-6.81366552967308,-7.16507358704286,-7.71375674735333,-3.11759238807841,-3.52433164128394,-3.43938658135342,-4.67078093301798,-5.1840333601,-5.0851552581971,6.32126572937184
2022-02-04,13.535908618,3.66048651901936,3.79314259598688,3.03240220119572,-8.97729878144592,-9.15374451401149,-7.8001015010741,-10.1761505696333,-10.1761505696333,-8.9176041633,-5.31475172187009,-5.76200657474714,-4.45224480742138,-6.979063087164,-7.42801381701053,-6.38513250617429,16.4512064455029
2022-02-07,0.18777019704,6.22022435437618,6.47167424471322,3.97573892522788,-15.3270252416219,-15.7396359028512,-10.232192991944,NA,NA,-10.997245725,-9.08996632966867,-9.94749323211054,-5.84639793029882,-10.1761505696333,-10.997245725,-7.51627974868333,5.88506577781894
2022-02-08,2.2021648079,5.44151727649161,4.27281178689404,3.52881893314574,-13.4020665509461,-10.3361516892414,-9.06403885342231,NA,-10.997245725,-10.1761505696333,-7.94343222603996,-6.52658310471049,-5.17750705856455,-9.71717583035,-8.40328522360909,-6.8506691969037,4.25119387165278
2022-02-09,-0.13877401834,4.85833560018111,3.3070407755754,3.33348633989781,-11.9612832503933,-7.96322665151713,-8.55384612577851,NA,-9.71717583035,-10.1761505696333,-7.09282550434443,-5.01964072143606,-4.88413615862698,-8.40328522360909,-6.67527984725,-6.67527984725,2.99425644219145
2022-02-10,-1.3561677404,4.28909334816614,2.57041300288918,2.9970523664785,-10.5463885249619,-6.1102611255606,-7.67128770978974,-10.997245725,-7.83792857788667,-8.9176041633,-6.25071360534329,-3.75008179981258,-4.37734853607768,-7.95832182525714,-5.44533578945345,-6.18206274262564,3.96750823949302
2022-02-11,-3.5911159187,3.84255245702374,2.34163038411187,2.81535704937704,-9.4269069145286,-5.61259674437956,-7.19252349696747,-10.1761505696333,-7.19451408512727,-8.40328522360909,-5.5827290580323,-3.51023764153736,-4.10334895638083,-7.19451408512727,-5.22386262047576,-5.95032670606364,5.15185509125772
2022-02-14,1.2221653233,3.71819347613126,2.8513515557138,3.04365228332475,-9.11277801898333,-6.86811590468764,-7.78564286670984,-10.1761505696333,-8.40328522360909,-8.9176041633,-5.39332778011554,-4.31422928172428,-4.44695243046602,-7.11847602054783,-6.18206274262564,-6.38513250617429,6.35556104299639
2022-02-15,0.86584131932,3.33384115189571,2.51080475579948,2.80277080272556,-8.14497964235798,-6.03515880866866,-7.16148692996559,-9.71717583035,-7.83792857788667,-8.40328522360909,-4.81610405748112,-3.77782350109469,-4.08505569793293,-6.67527984725,-5.53716670704,-5.90890694973556,2.55440640342202
2022-02-16,1.0159062811,2.98067516349115,2.26635058456853,2.56848394542051,-7.26645970108997,-5.43268763908073,-6.55067453892495,-8.51955113221,-7.11847602054783,-8.40328522360909,-4.2915631619178,-3.39515266028879,-3.73202154336255,-6.18206274262564,-5.05640924603288,-5.41630598570847,3.41743987030823
2022-02-17,-2.1808912686,2.6818247949369,2.11240718386008,2.38229749503356,-6.5241307478872,-5.06343864741365,-6.06371581922653,-8.40328522360909,-6.73090138682414,-7.83792857788667,-3.84730076835497,-3.15505586687301,-3.4507412998615,-5.67308469213726,-4.74623072706136,-5.10252948280563,3.1722810540014
2022-02-18,-1.3261990592,2.58838865834115,2.27974922947032,2.45115072725979,-6.29556461963631,-5.48277578521159,-6.2440490754582,-8.08668792243846,-7.19451408512727,-7.95832182525714,-3.71115581876135,-3.41453113917813,-3.5548693522528,-5.41630598570847,-5.07938160878889,-5.25047721597692,4.56538693960217
2022-02-22,-1.5753449344,2.40358450042312,2.2426258733103,2.36103478433627,-5.83755931752413,-5.27505666398205,-6.00624785055054,-7.42801381701053,-6.9139217726,-7.83792857788667,-3.43703281439642,-3.2609590963302,-3.41891232545482,-5.10252948280563,-4.96806063386234,-5.07938160878889,5.49977113587279
2022-02-23,-3.5756254265,2.27913820923118,2.19503252689709,2.32726911368994,-5.53674573276019,-5.3162880199554,-5.91698774900597,-7.19451408512727,-6.979063087164,-7.7199447347,-3.2566061685064,-3.27785740677392,-3.36764252356232,-4.96806063386234,-4.96806063386234,-5.03375822662432,4.15449859709323
2022-02-24,4.5095182528,2.53832088754088,2.7233803831626,2.63650098350212,-6.19623932449063,-6.59001701823661,-6.71778675082635,-7.95832182525714,-8.40328522360909,-8.40328522360909,-3.66811130781242,-4.1098603695068,-3.86153647386126,-5.38732805971,-5.95032670606364,-5.74750763130204,11.8377624706944
2022-02-25,1.6057955312,2.86332766320191,3.1380846601011,2.98766045239482,-6.9995793870006,-7.46844409300665,-7.63709628777213,-8.40328522360909,-8.51955113221,-8.9176041633,-4.14222261968047,-4.63965846990413,-4.3968160670082,-6.1324295345175,-6.49670230776364,-6.27897445565946,4.46716426701
2022-02-28,-0.14662994954,2.63928213589739,2.7738329690287,2.80751715974258,-6.44971328435668,-6.72384600360039,-7.16910633669854,-8.40328522360909,-8.40328522360909,-8.40328522360909,-3.81328520846349,-4.18927770881635,-4.12330551820339,-5.63748378635385,-6.1324295345175,-5.99281939629767,5.48973998323156
2022-03-01,-1.5765516433,2.38493394849697,2.45500203899939,2.54992458985498,-5.82099640856707,-5.94919287330613,-6.49638664530651,-7.42801381701053,-7.7199447347,-8.40328522360909,-3.43696150394598,-3.69382059918028,-3.731150740442,-5.08132248202361,-5.41630598570847,-5.41630598570847,4.06752130216763
2022-03-02,0.60241362426,2.26662462935428,2.46311119828267,2.48217782249239,-5.52864732904626,-5.94371687995545,-6.31656917312262,-7.19451408512727,-7.7199447347,-8.08668792243846,-3.26132183228907,-3.71808916049989,-3.62749817882528,-4.95020890043462,-5.41630598570847,-5.33115810572097,4.41442761602548
2022-03-03,-2.7319511354,2.0750972261808,2.23530408267845,2.27133330622518,-5.04319622561732,-5.37203858769055,-5.77517225724708,-6.67527984725,-7.04611788666667,-7.42801381701053,-2.9740078926093,-3.35469476302416,-3.31413762335603,-4.46371035305283,-4.99260840289737,-4.95020890043462,3.74049808122064
2022-03-04,-1.5263846488,2.20920111852768,2.55458879927743,2.45651735036815,-5.37847457358049,-6.15959476690079,-6.2532238367414,-7.04611788666667,-7.95832182525714,-7.95832182525714,-3.17791957290456,-3.86356759786575,-3.5943906733436,-4.76917008723678,-5.78678343682708,-5.30363522027937,4.20037924368382
2022-03-07,-5.6220432433,2.12212155160162,2.45573000480652,2.39574221849032,-5.15855028401319,-5.92080726752681,-6.09761217674533,-6.8506691969037,-7.7199447347,-7.83792857788667,-3.04632561361408,-3.70699543059973,-3.50352041218236,-4.56785950129091,-5.41630598570847,-5.17561285730294,5.34994863437994
2022-03-08,-1.0465395446,2.94683575178818,3.41098736255759,2.92685169334333,-7.19757314940962,-8.25148797185581,-7.46309020463055,-8.40328522360909,-9.71717583035,-8.51955113221,-4.27448234796487,-5.20217391963538,-4.30808745089918,-6.1680622551425,-6.80678969856071,-6.1680622551425,15.3479695007523
2022-03-09,2.4001117528,2.69125023493846,2.7954711501804,2.72249163121944,-6.55998814551521,-6.76204850687594,-6.93195911371441,-8.40328522360909,-8.40328522360909,-8.40328522360909,-3.89641360890979,-4.23296712673868,-3.99749408869655,-5.78342139206122,-6.1680622551425,-5.86236137012766,6.82093389363078
2022-03-10,5.4125173214,2.59082082524092,2.75066639092254,2.71499751194124,-6.30978795595779,-6.64827594059234,-6.91928264434997,-8.08668792243846,-8.40328522360909,-8.40328522360909,-3.74489085617158,-4.1616606087331,-3.98840488667912,-5.44833083104407,-6.11998108839024,-5.86236137012766,7.96068186761028
2022-03-11,-0.88068520454,3.1122333789693,3.3859234116986,3.16810521481041,-7.63036801875653,-8.24133858951238,-8.13208857651416,-8.9176041633,-9.71717583035,-9.71717583035,-4.50889711795681,-5.15297877551386,-4.68982118343281,-6.41833228074,-6.80678969856071,-6.58418942761562,3.84643718841599
2022-03-14,-2.5229428721,2.82464454684306,2.83161681598361,2.91197879792953,-6.89714923469512,-6.85450440276595,-7.43559384041912,-8.40328522360909,-8.40328522360909,-8.51955113221,-4.08192503125126,-4.27607827457919,-4.2889830990178,-5.90267078220435,-6.1680622551425,-6.1680622551425,5.62356646482082
2022-03-15,3.8867701071,2.74637370327765,2.85753680135251,2.93062153095894,-6.71595952915635,-6.92595209206285,-7.51564116930735,-8.40328522360909,-8.40328522360909,-8.51955113221,-3.96108984230559,-4.31668253129061,-4.32662992010303,-5.86236137012766,-6.1680622551425,-6.1680622551425,4.73809501102616
2022-03-16,3.8933543241,2.87902791086888,3.07792493819511,3.13887495999418,-7.05405447571671,-7.50360159766002,-8.06657676650965,-8.40328522360909,-8.51955113221,-9.71717583035,-4.15453682137712,-4.66396043386438,-4.64517791597061,-6.11998108839024,-6.52643259581515,-6.52643259581515,6.2440710403309
2022-03-17,2.7007785558,2.98184769288014,3.15160076542671,3.30646338701731,-7.31575138483109,-7.66412339044293,-8.5187208378518,-8.51955113221,-8.9176041633,-10.1761505696333,-4.30529094611178,-4.78390847012296,-4.90505871675122,-6.1680622551425,-6.58418942761562,-6.64130447292903,3.99689100135967
2022-03-18,2.5512118495,2.8639600083189,2.97648356994828,3.23643508086908,-7.02838666671242,-7.23929900364653,-8.33511903741488,-8.40328522360909,-8.40328522360909,-9.71717583035,-4.13057750421443,-4.51220444551557,-4.79731541163157,-6.0275903836814,-6.41833228074,-6.58418942761562,2.96517140241178
2022-03-21,0.14945690073,2.74833752215686,2.89387612450394,3.15448208261924,-6.74226473237356,-7.04144313182456,-8.1208086404653,-8.40328522360909,-8.40328522360909,-9.71717583035,-3.95831306741405,-4.38406612711977,-4.67312863622985,-5.86236137012766,-6.21380859215128,-6.52643259581515,4.30722420982002
2022-03-22,2.1038258981,2.48047554610881,2.61981199436076,2.85589420182446,-6.06802038531176,-6.37982745221274,-7.3034039474166,-7.83792857788667,-8.40328522360909,-8.51955113221,-3.56068341258652,-3.95690903749167,-4.20300152842135,-5.23102518967612,-5.86236137012766,-6.1680622551425,2.39451741641164
2022-03-23,-0.89817998787,2.38149580534378,2.65186283745753,2.77243088993395,-5.82071923902297,-6.46929013973038,-7.09092212275948,-7.42801381701053,-8.40328522360909,-8.40328522360909,-3.41157092905074,-4.00969843474303,-4.07801761085996,-5.06639384462973,-5.90267078220435,-5.90267078220435,3.00006214170577
2022-03-24,0.14778958193,2.20634908645266,2.50226575786339,2.57343512109713,-5.37907008888106,-6.10276612624873,-6.56875630096523,-6.989154900932,-7.83792857788667,-8.40328522360909,-3.15095862874284,-3.77880899779819,-3.77523659053045,-4.70841699319457,-5.53868235947321,-5.53868235947321,3.08592248727078
2022-03-25,0.68683375139,2.01888010487849,2.29906689147895,2.33885313943751,-4.9084485998012,-5.58363516400023,-5.954474563164,-6.64130447292903,-7.12614578765652,-7.83792857788667,-2.87295111346133,-3.45730352347508,-3.41830290622999,-4.40534971914732,-5.08872961573973,-5.06639384462973,2.43862484282746
2022-03-28,2.5592707565,1.87056996297537,2.1420653170134,2.15403763328689,-4.54439837861188,-5.18875622356303,-5.4724146453784,-6.41833228074,-6.80678969856071,-7.12614578765652,-2.65374163497662,-3.21599792203182,-3.1361754658831,-4.16782918339466,-4.91598294977531,-4.70841699319457,3.29935539399467
2022-03-29,0.19202262847,1.98217106050487,2.3513760401098,2.28785694493896,-4.82884776133977,-5.71079938768947,-5.82406653868014,-6.64130447292903,-7.34438184592,-7.42801381701053,-2.82223884385009,-3.53712152986999,-3.33903387677544,-4.33839522086667,-5.1820828628971,-4.97958469768846,2.76084047843871
2022-03-30,-1.7801139888,1.82959896440018,2.0908554465683,2.09029748821076,-4.45053344743793,-5.07605544938055,-5.30833265842631,-6.36393558220556,-6.69393944870667,-6.92687001624615,-2.59803870961203,-3.12961976983718,-3.03785267270584,-4.11130957912721,-4.70841699319457,-4.578401338711,2.01640854665795
2022-03-31,-1.9864582895,1.85978220590069,2.15829801832284,2.14461695938058,-4.53094739315436,-5.26083743197544,-5.4474038770068,-6.41833228074,-6.86607441966296,-7.12614578765652,-2.64489615791294,-3.23200016841135,-3.11934013530407,-4.15635610998712,-4.9372297042975,-4.69140916313978,2.12274592994974
2022-04-01,0.3450973174,1.91700277493619,2.25672263635311,2.22632575137477,-4.67028434321531,-5.52038190846944,-5.65614767022811,-6.52643259581515,-7.12614578765652,-7.19451408512727,-2.7282658970225,-3.38535208037976,-3.24298682170881,-4.2386267430984,-5.04420724840267,-4.95871313262279,2.3069309533909
2022-04-04,2.9264490096,1.77618495357207,1.99205436278593,2.04084374559109,-4.32638828349757,-4.86140779234919,-5.17213162255004,-6.1680622551425,-6.64130447292903,-6.80678969856071,-2.52386950157014,-3.00351522629223,-2.96059508822499,-4.0052550255589,-4.56283641120792,-4.46054232775741,1.9016690381139
2022-04-05,-2.5492065472,1.98300908550709,2.28119964024838,2.22656506708072,-4.8907557025328,-5.49854900902456,-5.72444895836462,-6.64130447292903,-7.12614578765652,-7.34438184592,-2.85090231503374,-3.49477758451532,-3.28327073262138,-4.39167886470088,-5.15799675184714,-4.95871313262279,1.77761528477256
2022-04-06,-3.2300143243,2.10964166351802,2.50712009924566,2.38126960511094,-5.20565289168472,-6.05788576080433,-6.1305980621068,-6.80678969856071,-7.83792857788667,-7.83792857788667,-3.03660419738585,-3.85477335773235,-3.52115973491214,-4.578401338711,-5.744998343542,-5.1820828628971,5.34606233719739
2022-04-07,-0.61194537539,2.34036574604965,2.82439234425882,2.62372380227671,-5.79164031344215,-6.84189040795739,-6.76271384432391,-7.42801381701053,-8.40328522360909,-8.40328522360909,-3.39254063564262,-4.35232402445367,-3.8885471533337,-5.04420724840267,-6.1680622551425,-5.78342139206122,4.5042662884792
2022-04-08,-2.1066708073,2.14927944947472,2.47579476407923,2.41917132805468,-5.31031739879479,-5.98016945534739,-6.2239862035314,-6.92687001624615,-7.83792857788667,-7.95832182525714,-3.09822664055437,-3.79856629016474,-3.56586884716521,-4.64305673391042,-5.57066016462545,-5.25633035554697,2.61415440900261
2022-04-11,-2.1613940133,2.15343481527022,2.55428914393721,2.46183970047682,-5.32698991856743,-6.17449550588336,-6.33222662619445,-6.92687001624615,-7.95832182525714,-8.23338229498333,-3.10617897960055,-3.92109438725402,-3.62879532710548,-4.67586240953511,-5.82253864830208,-5.33577533012698,2.9162289161846
2022-04-12,-0.2213443443,2.16994788751659,2.61562509531286,2.50352873767481,-5.36542220187799,-6.33189991190455,-6.44469057135973,-6.92687001624615,-8.23338229498333,-8.40328522360909,-3.12871725926713,-4.0209690621715,-3.69341734265648,-4.69252019030323,-5.90267078220435,-5.41973494000167,4.0642927713485
2022-04-13,3.1524496393,1.99060407712272,2.34770449822018,2.28982205409889,-4.91209425433954,-5.66835610450788,-5.8831903224169,-6.64130447292903,-7.19451408512727,-7.6133770578,-2.86014619678759,-3.59394035520525,-3.367612276321,-4.38148882487281,-5.30861034563906,-5.02231286105263,3.07826650526933
2022-04-14,-2.4652663928,2.18584929538428,2.65599951097123,2.49132171571775,-5.41192982362395,-6.43423815230566,-6.41323283608094,-7.05612465482917,-8.40328522360909,-8.40328522360909,-3.15555002293092,-4.08514842262947,-3.67412743769366,-4.7263295272033,-5.90267078220435,-5.39117584960492,2.13269610369841
2022-04-18,0.71091218906,2.24230917196846,2.72341417981264,2.58407497806499,-5.56141722364343,-6.59833944413806,-6.65172924581651,-7.12614578765652,-8.40328522360909,-8.40328522360909,-3.24266782501695,-4.19139717506052,-3.81316794819282,-4.95871313262279,-6.11998108839024,-5.63719245535283,4.38649205038128
2022-04-19,3.4888896162,2.06201504477182,2.43734154570701,2.37131720601785,-5.1003869451683,-5.89780202660606,-6.09397373845167,-6.74921431155172,-7.6133770578,-7.83792857788667,-2.97144533112142,-3.73916811001649,-3.48976214470142,-4.46301254621481,-5.44833083104407,-5.13454734608028,2.92455932055338
2022-04-20,-2.6041090216,2.30847150023075,2.78710409958203,2.61415989202565,-5.73431257696171,-6.75507819046312,-6.72768170096042,-7.34438184592,-8.40328522360909,-8.40328522360909,-3.34397221324301,-4.29161876535119,-3.85791266174952,-4.97958469768846,-6.1680622551425,-5.744998343542,3.35733990018723
2022-04-21,-3.7026454888,2.36338002388634,2.80214963826297,2.70621631331522,-5.87257620988225,-6.7978146838656,-6.96875411444646,-7.6133770578,-8.40328522360909,-8.40328522360909,-3.42294865934395,-4.31615882257179,-3.99862477249984,-5.06639384462973,-6.1680622551425,-5.86236137012766,3.93481374067586
2022-04-22,-2.6608944274,2.62602382354695,3.02110089519949,2.97233815837893,-6.54778355616096,-7.33569196473286,-7.65189710137138,-8.40328522360909,-8.51955113221,-8.9176041633,-3.81726069241283,-4.57244667674223,-4.39774277821402,-5.63719245535283,-6.41833228074,-6.26168679217632,4.91946785344146
2022-04-25,1.1943193627,2.61575267901421,2.93018318062337,3.00868999086909,-6.53273431001912,-7.10269019187556,-7.73529145905724,-8.40328522360909,-8.40328522360909,-8.9176041633,-3.80803710899543,-4.47441709042482,-4.43919498961033,-5.6033387535037,-6.41833228074,-6.36393558220556,5.83577124352595
2022-04-26,-4.575078385,2.40216131269465,2.65498264399497,2.77207285483462,-5.98427365337501,-6.42854194677708,-7.12927090221721,-7.83792857788667,-8.40328522360909,-8.40328522360909,-3.48539800983599,-4.0518637552624,-4.08569201573926,-5.11465982028472,-5.90267078220435,-5.90267078220435,5.42892549041373
2022-04-27,-0.87810547311,2.86925364645367,3.17204746203844,3.1593973637075,-7.16861126786507,-7.69302619790161,-8.13601971961758,-8.40328522360909,-8.9176041633,-9.71717583035,-4.19206234438006,-4.89343050313011,-4.68048317361092,-6.08319769069048,-6.64130447292903,-6.58418942761562,10.0777807142699
2022-04-28,4.6534266503,2.61116933604996,2.75104015105071,2.89775914884995,-6.50287478462475,-6.65785797861356,-7.45882240277903,-8.40328522360909,-8.40328522360909,-8.51955113221,-3.79843476886493,-4.22453270511733,-4.28442030078711,-5.55288191856071,-6.12920899001707,-6.12920899001707,6.20345055941856
2022-04-29,-14.04944103,2.970913566004,3.16308333553112,3.23584850859297,-7.4262580636121,-7.66713965099588,-8.33643987399506,-8.51955113221,-8.9176041633,-9.71717583035,-4.34315297442967,-4.87359486624414,-4.79850976574021,-6.12920899001707,-6.64130447292903,-6.58418942761562,12.3313283359482
2022-05-02,0.17581055909,6.2910820144226,6.35545210210696,4.26690727004633,-15.9637184448172,-15.6123256887396,-11.0003342172618,NA,NA,-14.04944103,-9.29177765959561,-9.91076941218661,-6.35040178319384,-11.144473184725,-12.5233433775,-8.68077142844615,14.6532670333927
2022-05-03,-0.19799196798,5.53147556278096,4.13143980967027,3.78963863114258,-13.9899408734142,-10.1087937024025,-9.75496387888892,-14.04944103,-12.5233433775,-11.6431760734,-8.15077824230068,-6.40023636756743,-5.62404241614027,-10.58362887028,-8.873798207475,-7.49255438707826,6.69928253844691
2022-05-04,1.348050558,4.88755015282724,2.8294580072684,3.39137234083019,-12.3251048332227,-6.85565190341968,-8.71476962622743,-14.04944103,-8.873798207475,-11.144473184725,-7.18113257996514,-4.31402492094328,-5.01801622890832,-8.873798207475,-6.31778594335,-6.8728087403375,11.2382291955999
2022-05-05,-7.56103662,4.35743952085229,2.40475929738523,3.11299885747058,-10.9748464599705,-5.81993263116558,-7.98500778867919,-12.5233433775,-7.75908517766,-10.58362887028,-6.39203751006691,-3.67300252254059,-4.58580700291531,-8.873798207475,-5.48732643327656,-6.630307523775,11.1678155648396
2022-05-06,-1.4041251816,4.94531241423357,3.84079784557584,3.81294413979235,-12.4696903416293,-9.33469051145052,-9.8093333002512,-14.04944103,-11.144473184725,-11.6431760734,-7.26348419517956,-5.90640212566142,-5.64899552840884,-8.90049908100833,-7.94936250697895,-7.49540781345,15.1987364192814
2022-05-09,-5.213356858,4.42646480356721,2.77926460828292,3.50329460374851,-11.1273965819526,-6.74353302903943,-8.99647989220071,-14.04944103,-8.7728165469,-11.144473184725,-6.48068484827365,-4.24406421566378,-5.17819334579403,-8.7728165469,-6.34669874978372,-7.07335297365667,9.46649664512862
2022-05-10,0.064344740713,4.4797529797912,3.35482594899752,3.87976952365888,-11.2590717711912,-8.16564495497649,-9.984854236407,-14.04944103,-10.58362887028,-12.5233433775,-6.55450432039245,-5.16270516551647,-5.76644231565878,-8.7728165469,-7.01335309895806,-7.74965429396191,13.0870740735258
2022-05-11,-3.2032261916,3.98748033422225,2.75609616536034,3.46356350572116,-9.98314134288799,-6.70025771602472,-8.90526586746098,-12.5233433775,-8.7728165469,-11.144473184725,-5.80837627207801,-4.21954459779566,-5.15598424069706,-7.74965429396191,-6.32094097951591,-7.01335309895806,14.1212834313739
2022-05-12,1.4790456667,3.79351246540287,2.9984588683509,3.50622575357204,-9.49372614170432,-7.29849502482051,-9.01709142108755,-11.144473184725,-8.90049908100833,-11.144473184725,-5.52071455850988,-4.59269132285494,-5.21286209744824,-7.420473230644,-6.61751221931316,-7.07359479463,21.9955248534445
2022-05-13,5.7275520081,3.42958875848182,2.79751939040894,3.22499634595243,-8.56067354985009,-6.88912042489781,-8.32288468764058,-11.144473184725,-8.7728165469,-10.58362887028,-4.97395941758781,-4.2980581558419,-4.79512854345039,-6.84424332849412,-6.32094097951591,-6.78622560547714,7.1774285268084
2022-05-16,-1.9853168812,3.81339169116511,3.38877963564965,3.68070065246417,-9.53248479633919,-8.25050067977897,-9.47546231655389,-11.144473184725,-10.58362887028,-11.144473184725,-5.54913785549435,-5.19988885462807,-5.46414600028028,-7.420473230644,-7.01335309895806,-7.420473230644,7.404763591468
2022-05-17,4.1133286106,3.5074815263325,3.09368510653661,3.47840022166637,-8.75695688125901,-7.60491932998403,-8.94618327303541,-11.144473184725,-9.34251654722222,-11.144473184725,-5.09806852257293,-4.76310308686834,-5.15823239082256,-6.95472029821875,-6.78622560547714,-7.01335309895806,7.42105565772327
2022-05-18,-7.1561994826,3.52730478547534,3.21036545111918,3.63109292128136,-8.8145694435944,-7.91241305863717,-9.35199381688272,-11.144473184725,-10.1400375210667,-11.144473184725,-5.1346100563955,-4.9481440335938,-5.38586238859954,-6.95472029821875,-6.84424332849412,-7.34451805253462,6.33672950908695
2022-05-19,0.19278795662,4.28374910491162,3.97794835435875,4.25378310053327,-10.726921710195,-9.85716941962298,-10.9627410792168,-12.5233433775,-11.6431760734,-12.5233433775,-6.28451488429354,-6.14654256120221,-6.37526583615699,-8.24606956977647,-8.12975587782778,-8.65734389945,12.7186454095523
2022-05-20,0.25344999485,3.82481652875846,3.30457120808594,3.79785256384994,-9.55320697445064,-8.14958198703445,-9.77485787175514,-11.144473184725,-10.58362887028,-11.6431760734,-5.60258469621711,-5.09164427412181,-5.68123504715704,-7.41030885571923,-6.96082572804848,-7.481839480216,8.47599348865374
2022-05-23,-0.031601156206,3.42241637967826,2.71862524306683,3.41071077057945,-8.53676966859655,-6.57769685052539,-8.80260487285918,-11.144473184725,-8.65734389945,-11.144473184725,-5.0048950525254,-4.15377796369194,-5.09282506262057,-6.85315636146857,-6.29292036955652,-6.96082572804848,10.5862514147656
2022-05-24,-3.2141097278,3.07176472787517,2.48088262993681,3.07268786739581,-7.64154475289152,-6.06761059890969,-7.92001775199565,-9.5590837716375,-8.12975587782778,-10.1400375210667,-4.47718066858791,-3.80946643120986,-4.57799523161101,-6.5799185550375,-5.81597090533276,-6.63132471324359,10.5581695807006
2022-05-25,2.5696445726,3.0726057354065,2.87640548044337,3.19166440515459,-7.63108861645921,-6.96700846907283,-8.19206768743685,-9.5590837716375,-8.65734389945,-10.58362887028,-4.47448524593346,-4.40033292329359,-4.75470931678505,-6.5799185550375,-6.43021419716977,-6.79650265761944,10.2815618685968
2022-05-26,4.0295012877,2.93740443471835,2.84213094334605,3.13154706236223,-7.29714489714962,-6.8868492202819,-8.03523852115757,-8.90049908100833,-8.65734389945,-10.58362887028,-4.27725263707911,-4.34673500035674,-4.66219239429233,-6.33950227958444,-6.33950227958444,-6.73925161222973,5.35168357640939
2022-05-27,3.6632081205,3.07531536237542,3.02031290936553,3.34085989416432,-7.65304385082044,-7.42488536174441,-8.58021854371501,-9.5590837716375,-8.90049908100833,-11.144473184725,-4.48847151240705,-4.6534342352236,-4.98103471747341,-6.5799185550375,-6.73925161222973,-6.85315636146857,3.95780941299115
2022-05-31,4.3970072908,3.11022151050431,3.09821618959316,3.44357849420482,-7.75032878604958,-7.6187520338681,-8.8525282073335,-9.5590837716375,-9.5590837716375,-11.144473184725,-4.54312743729763,-4.77695942588238,-5.13731138612285,-6.5799185550375,-6.79650265761944,-7.01781704844687,9.41540030794391
2022-06-01,1.2266085458,3.27550123298257,3.25833223646226,3.65561868298936,-8.18758685282352,-8.01036225168228,-9.39390396174069,-10.58362887028,-10.58362887028,-11.144473184725,-4.79414952437151,-5.02887443188057,-5.45713210141542,-6.79650265761944,-6.85315636146857,-7.41030885571923,9.04769814498282
2022-06-02,3.1450313927,2.98144205222352,2.93765498008817,3.33302981103203,-7.44550885379996,-7.20839202963436,-8.60769504119239,-8.90049908100833,-8.7728165469,-11.144473184725,-4.35563090047427,-4.52362717100994,-4.97811161469059,-6.33950227958444,-6.5799185550375,-6.85315636146857,7.1247778771154
2022-06-03,-2.5185043542,2.95097132899811,2.97052694209634,3.34851863337676,-7.36290052350729,-7.28889816110767,-8.60051647947674,-8.90049908100833,-8.90049908100833,-11.144473184725,-4.30700196868189,-4.57630635383413,-4.99271516995667,-6.33950227958444,-6.63132471324359,-6.85315636146857,5.20578758669876
2022-06-06,1.9942787087,2.86205655384699,2.93763106985088,3.29726104974202,-7.15025163293597,-7.20479332039168,-8.48859766716457,-8.65734389945,-8.7728165469,-11.144473184725,-4.17645751442196,-4.52032357477754,-4.91645206618706,-6.29292036955652,-6.5799185550375,-6.85315636146857,10.0964529779321
2022-06-07,-1.4344098086,2.69558860185247,2.82047605995305,3.12185680057463,-6.72621208989335,-6.89736471508087,-8.05147299177416,-8.65734389945,-8.65734389945,-10.58362887028,-3.92595330487578,-4.33987981297146,-4.65802712569133,-6.00069749988868,-6.33950227958444,-6.73925161222973,5.75664410309259
2022-06-08,-1.4796747967,2.52412006492136,2.70455867645254,2.93821813939084,-6.28512070492799,-6.61694862774082,-7.54572716299221,-8.24606956977647,-8.65734389945,-8.90049908100833,-3.66072867620905,-4.15975278497056,-4.37480669415261,-5.53909678642239,-6.29292036955652,-6.33950227958444,3.49371749465585
2022-06-09,-4.1508499752,2.38169037075711,2.62661313121191,2.79285595695038,-5.92616021916526,-6.42894074109794,-7.16435381241441,-8.01504173093684,-8.65734389945,-8.7728165469,-3.45049117987803,-4.03804787531751,-4.15131723434983,-5.23715214953671,-6.07996016386275,-6.29292036955652,5.06979437178471
2022-06-10,-5.5962117951,2.75239267975365,3.01501889968326,3.12848445880497,-6.85472135045656,-7.38900383244851,-8.02954301655307,-8.65734389945,-8.90049908100833,-10.58362887028,-4.00743719662888,-4.64926780584775,-4.65628315523272,-6.00447069333585,-6.73925161222973,-6.73925161222973,6.44267998563113
2022-06-13,-5.4537163703,3.36160186846946,3.49245385842781,3.61692748027198,-8.39790730932455,-8.48098707739228,-9.29263508442759,-11.144473184725,-11.144473184725,-11.144473184725,-4.91262228449008,-5.36899932039825,-5.40978012271437,-6.818241234625,-7.14871697833667,-7.27535288012857,11.1201530025509
2022-06-14,-1.3118549242,3.74905111133863,3.72095193640355,4.01716512391063,-9.40516313858821,-9.08470461155834,-10.3155307642724,-11.144473184725,-11.144473184725,-12.5233433775,-5.50468817078223,-5.77605960801869,-6.02505914130166,-7.3431200756963,-7.72267907526364,-8.12975587782778,7.1952144109638
2022-06-15,5.2389795717,3.41070044801379,3.18314838835056,3.68255259940257,-8.54564071794279,-7.76081054167004,-9.44591608808352,-11.144473184725,-9.5590837716375,-11.144473184725,-5.00004603788657,-4.94870158220968,-5.4824584264217,-6.78136218423784,-6.78136218423784,-7.3431200756963,13.587230002652
2022-06-16,-3.7243428996,3.69387563484962,3.49508574206575,3.99321574337851,-9.28669141463302,-8.53715140695559,-10.2512337976483,-11.144473184725,-11.144473184725,-12.5233433775,-5.42902605711203,-5.42342119299405,-5.98409198653091,-7.21253782806552,-7.21253782806552,-8.12975587782778,7.24909533593062
2022-06-17,2.4696121936,3.65256890558666,3.40172160290026,4.03272132879728,-9.19633885484434,-8.30478550285615,-10.3458022193329,-11.144473184725,-10.58362887028,-12.5233433775,-5.37089439007227,-5.27860519404136,-6.03407201659498,-7.15151592737667,-7.03751920715313,-8.12975587782778,8.64253272991439
2022-06-21,2.3159480324,3.41383563807706,3.00551434924001,3.80661379266164,-8.58969872174657,-7.27070797536453,-9.76258230946481,-11.144473184725,-8.90049908100833,-11.6431760734,-5.01365336269634,-4.60100033068612,-5.69309840794997,-6.78136218423784,-6.57735590199756,-7.5567511732875,4.92192970775193
2022-06-22,0.24843577467,3.19492309427252,2.96947140150488,3.59765025435968,-8.03296226908168,-7.21878213126276,-9.22077071018458,-10.58362887028,-8.7728165469,-11.144473184725,-4.67170072845343,-4.59169113413713,-5.37618559291625,-6.67698045686923,-6.57735590199756,-7.15151592737667,6.36161622112481
2022-06-23,3.203304268,2.87881587940982,2.70845126315124,3.24037612802463,-7.22636989413416,-6.57388434876847,-8.33745021841739,-8.7728165469,-8.65734389945,-10.58362887028,-4.19578961705395,-4.16767724046103,-4.84433872651701,-6.2609221909375,-6.2609221909375,-6.78136218423784,7.41175358823807
2022-06-24,3.5752401282,2.87965340333622,2.87542720294247,3.28208860608816,-7.24557348881837,-7.02358130347155,-8.39431371817974,-8.90049908100833,-8.65734389945,-11.144473184725,-4.21025738666302,-4.43678632075395,-4.87640476113503,-6.30484107971702,-6.4815516628,-6.78136218423784,4.10634770533876
2022-06-27,-2.7820710974,2.94562091716621,3.02103062359642,3.38369881926026,-7.43836809530902,-7.35163315329918,-8.65302827805809,-8.90049908100833,-8.90049908100833,-11.144473184725,-4.32641532061722,-4.68866993280329,-5.02792952241751,-6.30484107971702,-6.72957957472895,-6.78136218423784,6.34014183230933
2022-06-28,-5.1404345521,2.90523623876214,3.00733129876419,3.37254203026343,-7.31889096395525,-7.30228504027409,-8.64142263145746,-8.90049908100833,-8.90049908100833,-11.144473184725,-4.26236950557462,-4.67337347844627,-5.027244638104,-6.30484107971702,-6.67698045686923,-6.78136218423784,6.90385762223872
2022-06-29,1.4152700185,3.36067359149686,3.42269873129187,3.77017085595153,-8.49042552848934,-8.32641101530707,-9.66531855360016,-11.144473184725,-10.58362887028,-11.6431760734,-4.9782866954981,-5.32224939801694,-5.65019344717882,-6.73817987812895,-7.09403953936774,-7.481839480216,8.59516159703754
2022-06-30,-2.4880646346,3.0688764996012,3.03257523199297,3.45561598349046,-7.74905922562668,-7.37915750692357,-8.84884531989387,-9.5590837716375,-8.90049908100833,-11.144473184725,-4.51827845248408,-4.70408569699731,-5.16902648685453,-6.497374533,-6.68883226645641,-6.93000216810882,9.7307738270028
2022-07-01,3.1541286131,2.9571405919628,2.96991950868852,3.3837379376358,-7.47069713943606,-7.21580904974698,-8.66245357531896,-8.90049908100833,-8.7728165469,-11.144473184725,-4.35178810659634,-4.59603330789136,-5.05934600615641,-6.28058261039167,-6.54314348890476,-6.73817987812895,7.65263815843881
2022-07-05,3.5962029939,2.93903936242062,3.00839769813869,3.39381348516812,-7.41257338042788,-7.31601004239353,-8.70729759444316,-8.90049908100833,-8.90049908100833,-11.144473184725,-4.32955888257845,-4.65894655058606,-5.06316471173277,-6.28058261039167,-6.63856680925,-6.78347513971081,6.71576918937519
2022-07-06,0.73127753294,2.99899656554752,3.09044737380081,3.47927657512049,-7.58590518516891,-7.58906627081765,-8.9285024674422,-9.16800620212,-9.16800620212,-11.144473184725,-4.43054614023055,-4.80862984303817,-5.18974395600693,-6.45107172846591,-6.68883226645641,-6.93000216810882,8.87646514184315
2022-07-07,1.7493221378,2.73770955349762,2.79914227591011,3.13475676356489,-6.92133260752681,-6.81198964961358,-8.09990704740615,-8.65734389945,-8.65734389945,-10.58362887028,-4.03816251195142,-4.36554136861232,-4.68972322995792,-6.00762147363091,-6.28058261039167,-6.68883226645641,3.57562475158781
2022-07-08,-0.67910255302,2.56737491020315,2.70477428397263,2.95631067233174,-6.48863314322812,-6.58678625139172,-7.628963475058,-8.65734389945,-8.65734389945,-9.5590837716375,-3.78147351017139,-4.21166090197018,-4.41448612914449,-5.70754115816719,-6.28058261039167,-6.40613249174222,3.24266363039695
2022-07-11,-3.2802492644,2.35590217181852,2.54021059530139,2.71555812218659,-5.94436090932072,-6.17649388740822,-6.9957899855931,-8.01504173093684,-8.24606956977647,-8.65734389945,-3.45971816987259,-3.94021580583216,-4.04608017459438,-5.2330394475506,-5.93645930152281,-6.00762147363091,4.43998739667174
2022-07-12,-2.2639821029,2.54631714342655,2.83299679793472,2.91831805910193,-6.42364559207096,-6.89119946729629,-7.5121037960868,-8.65734389945,-8.65734389945,-8.90049908100833,-3.74731750430585,-4.41361565093258,-4.34995001052772,-5.59335064852794,-6.40613249174222,-6.28058261039167,5.07327162352255
2022-07-13,1.0803882073,2.50424598267459,2.81442367607156,2.90333823380214,-6.31673861622423,-6.86050760243151,-7.47161684798986,-8.36835125776875,-8.65734389945,-8.90049908100833,-3.68427171973683,-4.37757041700041,-4.32550726620733,-5.51418887122253,-6.28058261039167,-6.28058261039167,9.79871033263806
2022-07-14,0.20833333328,2.31671870937298,2.62016007548112,2.68099293580648,-5.83029839986018,-6.37300911764048,-6.89275668262522,-7.72267907526364,-8.65734389945,-8.65734389945,-3.39742199356565,-4.06683722817372,-3.98940503857234,-5.17021926845233,-6.00762147363091,-5.97191624043393,7.29431388176943
2022-07-15,2.6394287264,2.11812072714654,2.42348388290062,2.44033550737175,-5.32277100533498,-5.89651157211614,-6.25898635415992,-7.09403953936774,-7.90970435576,-8.24606956977647,-3.09773677926308,-3.74198752126057,-3.62121290668586,-4.74322131905364,-5.59335064852794,-5.43888053046892,5.24506771914596
2022-07-18,0.18494055475,2.19695470133314,2.5718304760708,2.53430455888962,-5.51732669527051,-6.26578005530712,-6.52785812006988,-7.3431200756963,-8.24606956977647,-8.65734389945,-3.21563146148277,-3.97417040864266,-3.77392793832453,-5.0109382550766,-5.97191624043393,-5.64905220936364,5.16589986857492
2022-07-19,3.9117440225,2.01681545766065,2.35772257007506,2.31304381964501,-5.05573291644594,-5.74620065548801,-5.94505646253158,-6.73817987812895,-7.63714408917391,-8.01504173093684,-2.9427806148539,-3.63217132161987,-3.43388617324801,-4.54791395820081,-5.43888053046892,-5.19101715246235,2.98726665675708
2022-07-20,3.8575416631,2.39751165315509,2.78056240106061,2.64045948637942,-6.034634661879,-6.77160362442256,-6.81324183036523,-8.12975587782778,-8.65734389945,-8.65734389945,-3.51820942083565,-4.31464592243026,-3.94044013955924,-5.2985878874575,-6.28058261039167,-5.93645930152281,4.26618782575198
2022-07-21,1.5150281013,2.64779603527567,3.03674579039447,2.90342608829719,-6.68608031350227,-7.397079577668,-7.48106089199541,-8.65734389945,-8.90049908100833,-8.90049908100833,-3.89734905259108,-4.73679664808747,-4.32985036115778,-5.90144781516034,-6.68883226645641,-6.28058261039167,5.0341613474833
2022-07-22,-1.7732488164,2.47193029958433,2.78338167872752,2.73360801555323,-6.23570671822059,-6.78059623746899,-7.03506934773697,-8.24606956977647,-8.65734389945,-8.65734389945,-3.6329516536357,-4.32858439633042,-4.06927696048619,-5.43888053046892,-6.28058261039167,-6.00762147363091,5.2496444242745
2022-07-25,-1.0455807875,2.37706807685822,2.70235559053088,2.6707109325145,-5.99446695199291,-6.57708552236095,-6.86701213371262,-8.12975587782778,-8.65734389945,-8.65734389945,-3.49103852745081,-4.18851207676979,-3.97043867562091,-5.25458750034634,-6.23805509626735,-5.97191624043393,4.07998055204951
2022-07-26,-5.2253590887,2.22408446964707,2.54923580098348,2.51212625753063,-5.59534202753428,-6.21322301141123,-6.45506177647048,-7.3431200756963,-8.24606956977647,-8.65734389945,-3.25699204168437,-3.93081919201264,-3.73198789873224,-5.06969121097033,-5.93645930152281,-5.56638291983188,5.32600954051454
2022-07-27,5.3653862904,2.94375614366975,3.2381454199901,3.01817653657759,-7.42555064046832,-7.90163313585282,-7.78170626857468,-8.90049908100833,-10.1400375210667,-9.5590837716375,-4.34837323606353,-5.0724829938302,-4.5160761361213,-6.25904743647959,-6.74247208573684,-6.46846509108409,5.02005750070805
2022-07-28,1.082913119,3.39930673343265,3.55854757203811,3.45323540951794,-8.6046921841384,-8.68916367277708,-8.90674048483921,-11.144473184725,-11.144473184725,-11.144473184725,-5.03605855381733,-5.57611366699573,-5.17255371809042,-6.69938960147692,-7.3431200756963,-6.88129808012571,4.10352942681613
2022-07-29,10.361465489,3.08778031612097,3.04380876220487,3.16045494001728,-7.79872369280913,-7.42593041885408,-8.14677674643887,-9.5590837716375,-8.90049908100833,-10.58362887028,-4.56775256660354,-4.75103045129627,-4.72469384709928,-6.46846509108409,-6.6522454370125,-6.6522454370125,7.34254751963755
2022-08-01,0.32604668395,4.98622535844977,4.75364162242643,4.04897230685788,-12.651806936087,-11.621026857893,-10.4204201455945,-14.04944103,-14.04944103,-12.5233433775,-7.42718099686551,-7.46889331825457,-6.04198681496324,-8.90049908100833,-8.90049908100833,-8.12975587782778,6.54332777387606
2022-08-02,-0.90848659438,4.45473601154718,3.68046757459302,3.63574735682481,-11.2987272998011,-8.98185874017822,-9.35934172515882,-14.04944103,-11.144473184725,-11.144473184725,-6.62380963438524,-5.74183410269961,-5.42176535053566,-8.65734389945,-7.63714408917391,-7.21253782806552,4.46964011687439
2022-08-03,3.9952295767,4.01487590015227,3.04588636204608,3.32663739447671,-10.1483376860113,-7.3940992362073,-8.55927672152408,-12.5233433775,-8.90049908100833,-11.144473184725,-5.96101673237494,-4.72143551708898,-4.96061547925518,-8.12975587782778,-6.6522454370125,-6.69938960147692,3.44182619655295
2022-08-04,2.1860665138,3.93664712793628,3.22287389471066,3.49419247581994,-9.95304236162082,-7.84687536641988,-8.99761077993059,-12.5233433775,-10.1400375210667,-11.144473184725,-5.83845011665445,-4.9989215576976,-5.21037188366768,-7.72267907526364,-6.69938960147692,-6.93056854634118,4.67392771977405
2022-08-05,-1.2414954058,3.63672465584383,2.99757756845453,3.32504900325307,-9.17954601741742,-7.29388670560796,-8.56089768029022,-11.144473184725,-8.90049908100833,-11.144473184725,-5.38839606749182,-4.63952623818641,-4.95629464309441,-7.21253782806552,-6.55735655229286,-6.69938960147692,3.98537160028963
2022-08-08,-0.98721590912,3.32320858297398,2.78008125458588,3.09719455095669,-8.36789719378539,-6.75869077015653,-7.96761245310488,-11.144473184725,-8.65734389945,-10.58362887028,-4.91551805078877,-4.29538898759869,-4.61392398164788,-6.69938960147692,-6.25904743647959,-6.51249734006279,3.3741932046204
2022-08-09,-1.1333476794,3.0334035605469,2.61152138647658,2.87200354649911,-7.62903748456892,-6.34453893632604,-7.38154719079171,-9.5590837716375,-8.50448431149333,-8.90049908100833,-4.47937161342429,-4.02988535305553,-4.27249257316835,-6.46846509108409,-5.99365250247143,-6.25904743647959,3.07480963398102
2022-08-10,3.5260828554,2.78982909853067,2.50287782655933,2.69746845294334,-7.01823132325403,-6.07811025464804,-6.92207418236671,-8.65734389945,-8.12975587782778,-8.65734389945,-4.11195894615523,-3.86610489022798,-4.00463670581528,-6.02832913576545,-5.88998868420339,-5.95881874654386,3.99894135883819
2022-08-11,-1.4366809167,2.8800373018071,2.79789074814894,2.90625044760984,-7.24073147500169,-6.81774721800392,-7.46751160165858,-8.90049908100833,-8.65734389945,-8.90049908100833,-4.25319832758777,-4.32374797748689,-4.32106716568534,-6.25904743647959,-6.25904743647959,-6.25904743647959,2.80059751520484
2022-08-12,2.0691126281,2.68358078820993,2.66598853717087,2.76921516409049,-6.74885965913024,-6.48877909612313,-7.10543600155881,-8.65734389945,-8.65734389945,-8.65734389945,-3.95653854617678,-4.11794863076142,-4.10919227613022,-5.95881874654386,-6.02832913576545,-6.02832913576545,2.57329155769196
2022-08-15,-0.25774991309,2.56008137461408,2.64441957938011,2.70576284176593,-6.44372872808937,-6.45281421193583,-6.93549933953634,-8.65734389945,-8.65734389945,-8.65734389945,-3.77052804749335,-4.08518022359322,-4.00742099438259,-5.64272843144328,-5.99365250247143,-5.95881874654386,1.88967207291027
2022-08-16,1.1174745077,2.33608303206288,2.44058949823903,2.47312035995555,-5.86957800484933,-5.9318295617353,-6.33229484882659,-7.90970435576,-8.01504173093684,-8.50448431149333,-3.42671935841967,-3.76665042735947,-3.65967533461284,-5.19141647730233,-5.64272843144328,-5.48507396399041,3.0365071981513
2022-08-17,-1.8510844038,2.17293802884935,2.32540662818276,2.31300564986037,-5.45343873286619,-5.63616395370792,-5.91544125426617,-7.27564137193214,-7.481839480216,-8.01504173093684,-3.17271323043564,-3.5858865264698,-3.4274689184444,-4.85592416236923,-5.38819286474026,-5.19141647730233,3.49812304781001
2022-08-18,0.14074595347,2.15042429162472,2.37027662706906,2.33988683014149,-5.38972869000794,-5.73939222648074,-5.98806065774668,-7.21253782806552,-7.63714408917391,-8.12975587782778,-3.14029001548902,-3.66094777532331,-3.4663758058848,-4.79306143914259,-5.48507396399041,-5.25423535080843,2.05741997839709
2022-08-19,-2.8601546031,1.97284192048512,2.19519363067809,2.14428950526467,-4.94213025208332,-5.30703172032217,-5.47297904467872,-6.69938960147692,-7.09403953936774,-7.3431200756963,-2.87097637575946,-3.38159093944886,-3.16980754690427,-4.51465187967187,-5.17085305948966,-4.85592416236923,1.81290602900115
2022-08-22,-3.6243941257,2.1844577165734,2.43229655001482,2.38033270971462,-5.46717029344898,-5.91113660770496,-6.096598533883,-7.3431200756963,-8.01504173093684,-8.12975587782778,-3.19591490140521,-3.74640886740532,-3.52112036441132,-4.94017334088283,-5.58801743751594,-5.29768382821358,2.00202865748673
2022-08-23,0.30025521701,2.50070666570238,2.80510738605809,2.69807226792388,-6.25405551244804,-6.8322021653758,-6.92512427983459,-8.24606956977647,-8.65734389945,-8.65734389945,-3.67825026950314,-4.33739566395378,-4.00707610512836,-5.51017734646528,-6.25904743647959,-5.95881874654386,2.74918696197264
2022-08-24,0.13471037255,2.28634493469156,2.48045831307844,2.46704636930088,-5.70878906579555,-6.02542345668647,-6.32347666315811,-7.63714408917391,-8.12975587782778,-8.36835125776875,-3.35392607827778,-3.81882607471014,-3.65717313167123,-5.11370387260667,-5.76020451255079,-5.48507396399041,1.90619059887011
2022-08-25,2.6008968611,2.10049703499804,2.25769253404208,2.25620706021574,-5.23608508109511,-5.47299884505522,-5.77610022585287,-7.03751920715313,-7.3431200756963,-7.72267907526364,-3.07136387080308,-3.46299950036249,-3.34030670156245,-4.70842386936228,-5.21402385130706,-5.09429311088791,2.18898218475544
2022-08-26,-4.7567016317,2.17349400137684,2.39189224332855,2.380029014194,-5.42428605370359,-5.81084341528469,-6.09749003462744,-7.21253782806552,-7.72267907526364,-8.12975587782778,-3.18516001653753,-3.67563162533082,-3.52441897001483,-4.86016581363173,-5.48507396399041,-5.27727785623171,6.39037122149999
2022-08-29,-0.73422562155,2.7733402525298,3.02323344577749,2.84185383582694,-6.95042055065573,-7.38291509979221,-7.29996753885685,-8.65734389945,-8.90049908100833,-8.90049908100833,-4.15637707139622,-4.70677526039459,-4.22897344203773,-6.18915216544118,-6.60601266127317,-6.229000520384,4.19254983760708
2022-08-30,-0.81670390628,2.54799214482468,2.65612649717838,2.63477332744074,-6.3803168948935,-6.47122812294045,-6.76044351440974,-8.65734389945,-8.65734389945,-8.65734389945,-3.80989518125491,-4.11437268910924,-3.91532509981226,-5.7445247800375,-6.00562150176429,-5.9044108628339,4.29596835639995
2022-08-31,-1.5225666122,2.3598733387644,2.43117016259575,2.46226593823809,-5.89999732723306,-5.91644513717536,-6.31094568486517,-7.90970435576,-8.01504173093684,-8.36835125776875,-3.51772272493613,-3.74516045994994,-3.6538188915176,-5.27100585352651,-5.57614149743286,-5.45098641818933,4.7166444868367
2022-09-01,0.82827167298,2.259696993056,2.3722943400044,2.4105003587719,-5.64649564099712,-5.79136358246062,-6.17468886339375,-7.481839480216,-7.72267907526364,-8.24606956977647,-3.36488938110676,-3.64999732505606,-3.57397992020974,-5.12917273047556,-5.45098641818933,-5.33559464711125,4.28855816580132
2022-09-02,-0.24252855574,2.09794125338858,2.21715865999912,2.24212237136221,-5.23500934855669,-5.41737145610505,-5.7327925990041,-7.03751920715313,-7.21253782806552,-7.63714408917391,-3.11531695451068,-3.3993994959893,-3.31523530912589,-4.76719297281892,-5.14882372958427,-5.07170006215054,5.7375869756022
2022-09-06,-1.0979531017,1.94239826295864,2.08730313407878,2.07221501653708,-4.83796877247496,-5.08450479854063,-5.2858181786346,-6.69938960147692,-6.74247208573684,-7.09403953936774,-2.87400918470826,-3.20120938247712,-3.05343595802055,-4.50966566427231,-4.92532927232475,-4.68074115173077,5.23113235162315
2022-09-07,2.6722702403,1.86594526582081,2.04394701759216,2.00875670162694,-4.63760829043667,-4.97565332699678,-5.12505855833603,-6.51548085646512,-6.69938960147692,-6.78710731977838,-2.75145026407673,-3.13316098363527,-2.95914540136976,-4.35566399000699,-4.78210664713455,-4.56028523181508,2.64807499752411
2022-09-08,0.2625888168,2.00887700855723,2.18030158715841,2.18734749349488,-5.00582953263195,-5.33567874796732,-5.5909815951816,-6.69938960147692,-7.09403953936774,-7.3431200756963,-2.97722189222045,-3.34092069953913,-3.23227089559049,-4.58593207661774,-5.09062363828804,-5.03356204116842,4.32254231874714
2022-09-09,2.6575258049,1.86251914823892,2.03576304204877,2.01538669030734,-4.63355037342515,-4.9814219571255,-5.13976922003163,-6.51548085646512,-6.69938960147692,-6.83294075990278,-2.75156931063949,-3.11049704508186,-2.96783911933236,-4.35566399000699,-4.76719297281892,-4.5730616678224,1.99501958259842
2022-09-12,2.3861334133,2.00009329829433,2.15633700017229,2.18700293746734,-4.98920632350352,-5.29231612381626,-5.58776155155892,-6.69938960147692,-7.09403953936774,-7.3431200756963,-2.96962202311987,-3.30303757869043,-3.22848201628977,-4.5730616678224,-5.07170006215054,-5.01477508578438,2.45991599470568
2022-09-13,-7.0575302309,2.05714489731445,2.2300747611778,2.27979183026034,-5.13320011161787,-5.48606084173537,-5.83124244506521,-6.78710731977838,-7.3431200756963,-7.72267907526364,-3.05787883293794,-3.41675276691969,-3.37095320683382,-4.68074115173077,-5.16866946369773,-5.12917273047556,3.21950345622866
2022-09-14,1.3641381487,3.39946227973992,3.40789714653588,2.92291115950106,-8.59863594598515,-8.48265484589057,-7.50259889560396,-11.144473184725,-11.144473184725,-8.90049908100833,-5.12960384392599,-5.28397240335252,-4.36301338294093,-6.79422371217632,-7.03812560181212,-6.24524620098235,4.39159807301813
2022-09-15,-1.7658498639,3.11659737570631,2.85415024431765,2.73975711096001,-7.88359839968268,-7.09787881604649,-7.02804098480759,-10.1400375210667,-8.65734389945,-8.55068965488,-4.69446014262203,-4.40052087247747,-4.08306917239356,-6.61676307959762,-6.32100334994082,-5.99066848277586,3.80073140912268
2022-09-16,-2.1777003484,2.92646256532728,2.63185465847502,2.68435466890127,-7.40320134722435,-6.51764295819293,-6.87790390406429,-8.90049908100833,-8.55068965488,-8.55068965488,-4.39275700216257,-4.07529315390145,-3.99515387268881,-6.282472022766,-5.99066848277586,-5.95706610873898,5.5270936263935
2022-09-19,0.91475754889,2.816833472585,2.62868016398687,2.70203013965383,-7.11357151048093,-6.51407784936267,-6.93166783747107,-8.65734389945,-8.55068965488,-8.55068965488,-4.21930511832945,-4.06349122113678,-4.00544572944503,-6.24524620098235,-5.99066848277586,-5.95706610873898,3.09900944884047
2022-09-20,-1.9813893791,2.59126751905978,2.39631720409914,2.49927567414815,-6.52651889660463,-5.92884076564129,-6.41178477624002,-8.55068965488,-7.967166155935,-8.55068965488,-3.8650759712148,-3.70085482600852,-3.71843405434125,-5.89055023328852,-5.52090541632568,-5.54581308656575,2.65313606072623
2022-09-21,-2.987151158,2.50824165404317,2.43573167083392,2.51957899724274,-6.32167810871225,-6.02999120555944,-6.46172605069844,-8.29124413854118,-8.0733229490421,-8.55068965488,-3.74327541166386,-3.73351262149836,-3.73574651976819,-5.59700612748169,-5.59700612748169,-5.59700612748169,8.75190949766393
2022-09-22,-1.0376244306,2.59919903845814,2.68260252692079,2.71205244551098,-6.55765795407524,-6.65409117908031,-6.96009963547938,-8.55068965488,-8.55068965488,-8.55068965488,-3.82946338004466,-4.1301043871857,-4.02039712460424,-5.79508247752969,-6.09313277305273,-5.99066848277586,5.21317586802772
2022-09-23,-3.009121132,2.41971648399541,2.50030049988652,2.55520937826323,-6.10386335739847,-6.19561977810986,-6.54703993730741,-8.0733229490421,-8.18003960650556,-8.55068965488,-3.55998746950741,-3.81967115285497,-3.78078061226964,-5.33495105173171,-5.76472486389692,-5.70630186677612,4.06623463453302
2022-09-26,1.2040780453,2.53232697392571,2.73704659328129,2.74627168435239,-6.39621691913023,-6.78848788420782,-7.03885495968558,-8.55068965488,-8.55068965488,-8.55068965488,-3.73469272593643,-4.19545994435186,-4.0653068544877,-5.59700612748169,-6.20585174362308,-5.99066848277586,6.27651879649536
2022-09-27,-0.64264003477,2.35924002634252,2.5471632823817,2.57122849292682,-5.95490484823448,-6.31226131688372,-6.58103985490048,-8.0733229490421,-8.29124413854118,-8.55068965488,-3.47301729510196,-3.89365237163675,-3.80038150719242,-5.25046697796977,-5.89055023328852,-5.70630186677612,5.15672417123851
2022-09-28,3.1465780963,2.18719715056472,2.3687312919332,2.3918983683137,-5.51586322468859,-5.85816251808509,-6.11236193548747,-7.33292043838214,-7.77805649271818,-8.0733229490421,-3.21266150251733,-3.6084833906897,-3.52696022897658,-4.99905344224242,-5.42488646579103,-5.29227400087619,3.98282461953601
2022-09-29,-2.7201084654,2.34147644053326,2.62287823250665,2.58450183716781,-5.91113505842003,-6.50432988398739,-6.61953635014368,-7.967166155935,-8.55068965488,-8.55068965488,-3.44830783546318,-4.0268602001244,-3.82130320038489,-5.20982455093977,-5.99066848277586,-5.76472486389692,3.96509961634761
2022-09-30,-1.5679442509,2.42113269343749,2.7671117518682,2.71706349514507,-6.11250092065732,-6.8679898893511,-6.96855375640463,-8.0733229490421,-8.55068965488,-8.55068965488,-3.56797998852507,-4.24438900304706,-4.02849760582468,-5.35685311110864,-6.24524620098235,-5.99066848277586,5.11899499392502
2022-10-03,2.5486725664,2.31579060273514,2.66219753412055,2.63328388740751,-5.84652791935006,-6.61090618672261,-6.74600739300832,-7.77805649271818,-8.55068965488,-8.55068965488,-3.4106514646824,-4.07985670687048,-3.89373739129961,-5.18989261838539,-5.99066848277586,-5.89055023328852,4.21095315444234
2022-10-04,4.4960303763,2.33422268641706,2.72569323051154,2.67707817011217,-5.89324551080907,-6.77062896535754,-6.87026781911069,-7.86912463552857,-8.55068965488,-8.55068965488,-3.43908387000155,-4.1837201289161,-3.9676030894114,-5.20982455093977,-6.20585174362308,-5.95706610873898,3.39463407261439
2022-10-05,-0.1156164837,2.7432447467676,3.09899708407356,3.03221704034484,-6.93629201723521,-7.70008181213415,-7.80734948276988,-8.55068965488,-9.5590837716375,-9.5590837716375,-4.0592607094475,-4.79758109072873,-4.51031695765622,-5.99066848277586,-6.66213043198537,-6.44405860587609,3.93706575069104
2022-10-06,-0.5374121537,2.51259059211085,2.78234433790338,2.75762676311319,-6.34311862345063,-6.92107441805085,-7.11674344359703,-8.41404968145625,-8.55068965488,-8.65734389945,-3.70864164658454,-4.30825119138209,-4.11450181931458,-5.54581308656575,-6.24524620098235,-6.02407604087193,3.79700134901529
2022-10-07,-4.7714048213,2.32195845415861,2.56928238751426,2.54496342464368,-5.84834066441754,-6.3873496171102,-6.56654981098734,-7.77805649271818,-8.55068965488,-8.55068965488,-3.41505483331527,-3.96860674529058,-3.80026441551794,-5.18989261838539,-5.95706610873898,-5.70630186677612,3.07968917331258
2022-10-10,-0.7768854749,2.86109777473338,3.1098570091705,2.98916854986115,-7.22616981615221,-7.74329878440786,-7.72381854814966,-8.7728165469,-9.5590837716375,-9.5590837716375,-4.29932751548717,-4.8254507147032,-4.46878462246407,-6.21690309752692,-6.7083431172125,-6.40847022748085,4.54554505919683
2022-10-11,-1.2844198119,2.63467024097407,2.80291626301618,2.77107672662733,-6.65293206850451,-6.98588039619412,-7.14780449146669,-8.55068965488,-8.55068965488,-8.65734389945,-3.95213024358743,-4.33569244903793,-4.13558068701511,-5.93730508728167,-6.21690309752692,-6.14123232342407,6.48028558083015
2022-10-12,0.61491845645,2.47356780914172,2.65229930707798,2.63963781043197,-6.24297397438157,-6.61084071992494,-6.79744558270553,-8.18003960650556,-8.55068965488,-8.55068965488,-3.70553170044943,-4.09493973451079,-3.93245272599234,-5.53534811000811,-6.00247826122414,-5.90474058949836,4.63381440934204
2022-10-13,-0.32772364921,2.28056677945353,2.44576688052761,2.43154602900372,-5.74884202142184,-6.088490465728,-6.2491539048698,-7.61299351174583,-8.0733229490421,-8.18003960650556,-3.40803933771936,-3.76781755120318,-3.61502800639486,-5.18524275397333,-5.63783487986571,-5.41661454624051,14.5665856294765
2022-10-14,-5.0031102817,2.11102937503937,2.26643289582207,2.24454367948732,-5.3093687873583,-5.63729626292648,-5.7651767256664,-7.09289862347813,-7.46551989370385,-7.6937595602913,-3.14423877512933,-3.48735444747145,-3.33436826930693,-4.80232737711607,-5.24496051639885,-5.10815223164574,8.26820300067533
2022-10-17,6.4452759587,2.78797060898441,3.09221704624661,2.73113969943375,-7.03045003217303,-7.70299031845757,-7.04627088686816,-8.55068965488,-9.5590837716375,-8.55068965488,-4.18186897874711,-4.7618280016458,-4.08508887751945,-6.15701492169259,-6.57957820498605,-5.9538881184,4.41621417513251
2022-10-18,2.2585464452,3.55714310853329,3.62408911577394,3.3086489171248,-8.98047825619878,-8.98919237493539,-8.55495307777232,-11.144473184725,-11.144473184725,-11.144473184725,-5.3625727143757,-5.63818956087118,-4.96489630773496,-7.09289862347813,-7.46551989370385,-6.6667520724439,6.62747789330543
2022-10-19,-1.1086283947,3.33662735597563,2.94562856766459,3.19306937469035,-8.42483073114538,-7.33686689388447,-8.25212434923755,-11.144473184725,-8.90049908100833,-10.58362887028,-5.02753529070133,-4.53252964161811,-4.78708427637639,-6.7083431172125,-6.37919189527708,-6.62262995221667,5.27376165905988
2022-10-20,0.15642652306,3.07154829743296,2.82596696877614,2.9813135726335,-7.75295785068909,-7.04245882013404,-7.69149104334605,-9.5590837716375,-8.55068965488,-9.5590837716375,-4.6211527965511,-4.34417577517473,-4.45904924982426,-6.41757728911277,-6.19400134628491,-6.34002575728163,4.93247357367536
2022-10-21,3.5314533621,2.80144768749695,2.69009006493486,2.72001009188016,-7.06230078513366,-6.67582834995652,-7.01086447299748,-8.65734389945,-8.55068965488,-8.55068965488,-4.20308754230008,-4.12774901661907,-4.05985776294954,-6.19400134628491,-6.05082136177018,-5.9538881184,6.02368150398477
2022-10-24,0.41904123373,2.88790112311997,2.9902677554813,2.91825358951897,-7.28091837371803,-7.42787179069742,-7.53711399187561,-8.90049908100833,-8.90049908100833,-8.90049908100833,-4.33798414879327,-4.60257775222766,-4.36469422909456,-6.19400134628491,-6.41757728911277,-6.19400134628491,5.67684432107707
2022-10-25,0.65097646475,2.64285634007076,2.680027543526,2.66868489653558,-6.65108952132125,-6.63379723156085,-6.88287997805744,-8.55068965488,-8.55068965488,-8.55068965488,-3.95613688786842,-4.11258549455281,-3.98297810283545,-5.92199041833771,-5.98553982089322,-5.92199041833771,3.69802228761499
2022-10-26,-4.0961857379,2.43185355829689,2.53667149533654,2.45796095358622,-6.10832991909085,-6.26916989720629,-6.33013348852363,-8.0733229490421,-8.18003960650556,-8.41404968145625,-3.62937154403901,-3.88544123408771,-3.66203666362316,-5.43406664948101,-5.8586996719619,-5.48050839398571,5.80130218040338
2022-10-27,-4.0636347917,2.77800201009694,3.03613705122268,2.82391697065775,-6.98498974047941,-7.53088400035274,-7.29199058489089,-8.55068965488,-8.90049908100833,-8.90049908100833,-4.20032298946297,-4.68899229123206,-4.22804036377886,-6.19400134628491,-6.53814919195682,-6.19400134628491,8.96473913443688
2022-10-28,-6.8042537851,3.02258171430445,3.14904251375714,3.1335548611119,-7.59699383182439,-7.84161623184747,-8.10153841461447,-9.16800620212,-10.1400375210667,-10.58362887028,-4.58207703466713,-4.87124605371769,-4.70165206403031,-6.41757728911277,-6.6667520724439,-6.53814919195682,16.7641616403447
2022-10-31,-0.93801373187,3.8709988173393,3.71551142528921,3.75650456426244,-9.73543489783761,-9.27403293252134,-9.70136348000517,-11.6431760734,-11.144473184725,-11.6431760734,-5.90657415783097,-5.79604337893262,-5.65976263777282,-7.82072141505455,-7.65669681965833,-7.44102855634815,8.36627847070772
2022-11-01,-5.5154236625,3.53399679171843,2.8653624417465,3.44732901777937,-8.88043651778643,-7.12709424882673,-8.90344872063535,-11.144473184725,-8.65734389945,-11.144473184725,-5.38646789864961,-4.44594744669012,-5.19078298571565,-7.19436712999677,-6.349310317838,-6.88397883298378,6.31961860932387
2022-11-02,-4.8248786032,3.90093355222049,3.54972988799621,3.89017552217337,-9.80366589697548,-8.76085960012747,-10.0339964873942,-11.6431760734,-11.144473184725,-12.5233433775,-5.95315637558794,-5.53984694911666,-5.85682412372781,-8.009869490845,-7.31469055378621,-7.73571724456087,14.0673053501231
2022-11-03,-3.0612244896,4.04182270449513,3.59625916873383,4.15018808852274,-10.1473829571793,-8.86006204516917,-10.7156862334855,-12.5233433775,-11.144473184725,-12.5233433775,-6.16830302237069,-5.60014870426927,-6.26074888654006,-8.10762982643158,-7.37606479516786,-8.10762982643158,9.92829516249507
2022-11-04,1.8812989922,3.87248270669808,3.33575582361235,4.06239733727525,-9.71157376134632,-8.20853120703063,-10.4853785134805,-11.6431760734,-10.58362887028,-12.5233433775,-5.90020329209807,-5.18777457235234,-6.12781631019426,-7.82072141505455,-6.84796422323421,-8.009869490845,9.13709486775674
2022-11-07,-0.49461420085,3.58065557827787,3.0363481118047,3.78022015972807,-8.98387295531727,-7.4633478082849,-9.75157295246129,-11.144473184725,-8.90049908100833,-11.6431760734,-5.4537155014009,-4.71856797346765,-5.69676334717993,-7.19661826105161,-6.48559830844468,-7.50860816057308,4.85676105042621
2022-11-08,-0.6075334145,3.26315214283584,2.77317625307743,3.44260441181198,-8.18637661423254,-6.80625941516945,-8.87386453180967,-10.58362887028,-8.55068965488,-11.144473184725,-4.96852168319782,-4.29826223314188,-5.18130621498984,-6.6431747073907,-6.1683326322125,-6.84796422323421,6.66093828903057
2022-11-09,-4.2676150255,2.98589368405326,2.6031204660439,3.15426332291775,-7.4887274270021,-6.38231674865443,-8.11985804276914,-8.90049908100833,-8.44153741301875,-10.58362887028,-4.54047673413926,-4.02628339308177,-4.73581037062348,-6.34011307890392,-5.88519482591385,-6.48559830844468,4.95028497798746
2022-11-10,12.177850011,3.21973496877525,3.16557048081451,3.45258440617398,-8.08555270137973,-7.84773884745468,-8.89375315524366,-10.58362887028,-10.1400375210667,-11.144473184725,-4.91602925227941,-4.92914125037409,-5.17813829096759,-6.6431747073907,-6.6431747073907,-6.84796422323421,12.4641993111129
2022-11-11,4.3050812377,5.55935998275099,5.20093597789732,4.43075679763784,-14.00073439543,-12.688625521587,-11.3918719977588,-14.04944103,-14.04944103,-14.04944103,-8.54342247291791,-8.11799728202906,-6.62193529608882,-11.144473184725,-10.58362887028,-8.44153741301875,9.83052228777422
2022-11-14,-2.2819724179,5.29804561307144,3.35027114716609,4.47231684355591,-13.3560641376564,-8.24269685674316,-11.4844973527984,-14.04944103,-10.58362887028,-14.04944103,-8.14491659089421,-5.20205611438232,-6.68454762664302,-10.58362887028,-6.84796422323421,-8.44153741301875,8.16283394703154
2022-11-15,0.4568991777,4.89235838665221,3.01829504286808,4.21714216251332,-12.3126638532792,-7.43268695692641,-10.8418510827038,-14.04944103,-8.90049908100833,-12.5233433775,-7.50783479326344,-4.67487605439474,-6.30767189869823,-8.90049908100833,-6.44794446823125,-8.20863356335,8.82944510358931
2022-11-16,-1.8394986861,4.4369179796406,2.8377885290452,3.81609136530854,-11.1558561761882,-6.91549000380892,-9.80157343216227,-14.04944103,-8.55068965488,-11.6431760734,-6.79844008122452,-4.39073037703279,-5.701359763323,-8.44153741301875,-6.20077585985636,-7.50860816057308,5.97826339557123
2022-11-17,-2.3373146623,4.09927783100401,2.88492482198604,3.61005760210808,-10.3050142033131,-7.01331062045174,-9.25258774571133,-12.5233433775,-8.55068965488,-11.144473184725,-6.2787749158687,-4.46372626297927,-5.38498542647215,-8.10762982643158,-6.34011307890392,-7.1419001466375,5.41068942940043
2022-11-18,-0.74855034263,3.84531580132912,2.93150115457699,3.5115574023821,-9.66863907224237,-7.14667533679503,-8.98026438552952,-11.6431760734,-8.65734389945,-11.144473184725,-5.88980361605928,-4.53416285720326,-5.2303114318349,-7.82072141505455,-6.34011307890392,-6.98793778021143,4.03441864286318
2022-11-21,-1.7845761632,3.51158308881738,2.75992409399412,3.22695924496111,-8.82630041217547,-6.72443095705306,-8.24048911792623,-11.144473184725,-8.44153741301875,-10.58362887028,-5.37118575947271,-4.26575440661242,-4.80126185832257,-7.08856622726667,-6.13498670928772,-6.56211142319778,4.53606749432476
2022-11-22,0.80034609564,3.28279151053503,2.79784008897475,3.0908302840477,-8.24447940645324,-6.83443438820967,-7.90959030065331,-10.58362887028,-8.55068965488,-10.1400375210667,-5.01452873696487,-4.32186304159787,-4.60478750744722,-6.68222386038333,-6.1683326322125,-6.375413772782,3.33296205790841
2022-11-23,0.99785407729,3.00414177402804,2.62594609660675,2.83520384913799,-7.5316514071746,-6.39423188152574,-7.25126822794767,-8.90049908100833,-8.44153741301875,-8.90049908100833,-4.57497813198724,-4.04037726977311,-4.22195887755744,-6.34011307890392,-5.86068604105909,-6.13498670928772,3.84515219724718
2022-11-25,-0.76489960684,2.75675810369876,2.52988812854854,2.63621504945514,-6.90499512804229,-6.16276924849709,-6.71813634856309,-8.55068965488,-8.10762982643158,-8.44153741301875,-4.18431983766603,-3.89932680020717,-3.91473029355865,-6.10156856633966,-5.77782711506522,-5.80535702716176,1.75140642278205
2022-11-28,0.57809656337,2.53345143165629,2.41152984551865,2.45026608350944,-6.33816604512173,-5.86945652374833,-6.240378457731,-8.3193558052,-7.82072141505455,-8.10762982643158,-3.8305124344085,-3.71172846797873,-3.64064375569346,-5.69766368431667,-5.48383780281728,-5.41938117028571,4.24075054569244
2022-11-29,-1.6285258115,2.31678478517449,2.25240552277951,2.26182967711724,-5.78390402379508,-5.46835558828158,-5.73965142796281,-7.65669681965833,-7.25471499074333,-7.58064392268,-3.48398496835208,-3.46419872609923,-3.34916780580845,-5.22219858313085,-5.20371332560632,-5.113940871061,3.14391955203751
2022-11-30,4.4579095435,2.23368356116467,2.26902346438913,2.25725170012281,-5.57701934661179,-5.53827045674924,-5.73539059489972,-7.31469055378621,-7.31469055378621,-7.58064392268,-3.35644266915907,-3.49136428906287,-3.34172079511219,-5.113940871061,-5.22219858313085,-5.09644962041881,5.84113283149855
2022-12-01,-1.0772736689,2.7017855820274,2.82147180303917,2.66935292764474,-6.76047303591671,-6.91644938074068,-6.83326215567814,-8.44153741301875,-8.55068965488,-8.55068965488,-4.0846356576465,-4.34995510924828,-3.96394752626662,-5.88833298335692,-6.1683326322125,-5.83303592723134,4.07761449096004
2022-12-02,-1.4345549739,2.51621628422239,2.49767342023368,2.52684848128713,-6.29352712161153,-6.01225473752411,-6.4624214724041,-8.20863356335,-8.009869490845,-8.44153741301875,-3.79590715474093,-3.82622046718076,-3.74536000707012,-5.64603328130811,-5.7235143141507,-5.54963683069231,2.84626459751184
2022-12-05,-3.3145649632,2.38808331262856,2.42189476882198,2.45481920798922,-5.96836635182925,-5.95034195520229,-6.27554671065791,-8.009869490845,-8.009869490845,-8.10762982643158,-3.5959321400898,-3.72017184311796,-3.63490095938605,-5.37468137671395,-5.50410741327625,-5.41667842796191,2.98212107686592
2022-12-06,-3.0326337765,2.57869347649266,2.75605615939724,2.71295273721296,-6.44747460501215,-6.79029190560246,-6.94141764129902,-8.44153741301875,-8.44153741301875,-8.55068965488,-3.89533020455214,-4.240387915041,-4.02976796746845,-5.77782711506522,-6.13498670928772,-5.86068604105909,3.86276382966126
2022-12-07,0.23796034002,2.66912356819413,2.87497211175743,2.87806323041392,-6.66797071003746,-7.09292467591176,-7.37123264961528,-8.44153741301875,-8.65734389945,-8.90049908100833,-4.03372416037842,-4.43055006769633,-4.28288790013604,-5.86068604105909,-6.30395804149231,-6.1683326322125,4.79957310655983
2022-12-08,2.1365588967,2.44949007721623,2.56195859737815,2.63333979435398,-6.11632138155168,-6.30702969682567,-6.73702705710527,-8.009869490845,-8.20863356335,-8.44153741301875,-3.69256057222181,-3.93742206333518,-3.91067785610598,-5.4818671426037,-5.80535702716176,-5.80535702716176,4.49438004781934
2022-12-09,-1.3945766465,2.38975876406985,2.62861580459118,2.6144164610551,-5.9689934500142,-6.45135834016751,-6.68534649467722,-8.009869490845,-8.44153741301875,-8.44153741301875,-3.60632507155112,-4.04077157977017,-3.88131224726096,-5.39559273028823,-5.86068604105909,-5.77782711506522,3.44666342391303
2022-12-12,1.6387922327,2.27897229355881,2.54466812570479,2.51360249892554,-5.67382963221522,-6.24509628989026,-6.44027438883459,-7.44102855634815,-8.10762982643158,-8.44153741301875,-3.42454529743807,-3.90875142695192,-3.73293016253533,-5.18109042478229,-5.80535702716176,-5.54963683069231,2.67966605813487
2022-12-13,2.1424627277,2.19006178918153,2.49906463583095,2.43332004607732,-5.45126447389513,-6.1371919547699,-6.23163873327184,-7.19661826105161,-8.009869490845,-8.10762982643158,-3.29097560036305,-3.83910133181364,-3.61026326634082,-5.07376900702843,-5.7235143141507,-5.39559273028823,8.87425333165702
2022-12-14,-0.98389015038,2.17888146080464,2.54796082508206,2.44862908801839,-5.42918959799132,-6.27281629455732,-6.2677429062315,-7.1419001466375,-8.10762982643158,-8.10762982643158,-3.28056105072223,-3.91640985187045,-3.63363445434549,-5.07376900702843,-5.80535702716176,-5.41667842796191,9.63775803878582
2022-12-15,-3.4177768071,2.06069592092147,2.40203270099495,2.32601218127497,-5.13445465847919,-5.91575830374598,-5.93480773517065,-6.7625044627575,-7.91178937637143,-7.91178937637143,-3.09879389099161,-3.68486560698268,-3.4464623601999,-4.77760697587438,-5.4818671426037,-5.19946103395263,3.60183126703827
2022-12-16,-0.66704352739,2.35220127550097,2.78553766950878,2.61878480019673,-5.87573421435222,-6.87116597642258,-6.68974512221813,-7.82072141505455,-8.55068965488,-8.44153741301875,-3.56281932667627,-4.28635895960505,-3.89189282439645,-5.33396976980227,-6.1683326322125,-5.77782711506522,3.63826299575263
2022-12-19,-3.3462326427,2.19399345335145,2.46480441666488,2.43929531536268,-5.4703658156206,-6.07729958011569,-6.22098435358378,-7.25471499074333,-8.009869490845,-8.10762982643158,-3.31520474697054,-3.78096576841126,-3.61920705395603,-5.07478088785098,-5.64603328130811,-5.39559273028823,3.34055500335412
2022-12-20,0.31794630231,2.4269216464327,2.84044449370084,2.70309928574729,-6.06068617818859,-7.0216877957345,-6.90160848960293,-8.009869490845,-8.55068965488,-8.55068965488,-3.683920584145,-4.37355271952269,-4.01437819289771,-5.4818671426037,-6.1683326322125,-5.86068604105909,4.53327098159713
2022-12-21,1.8546777792,2.24228961091992,2.51395256392888,2.48209566850313,-5.58779506552289,-6.09013943193116,-6.32887652224074,-7.31469055378621,-8.009869490845,-8.3193558052,-3.40013680905854,-3.85851280102484,-3.67923452788343,-5.14494751748776,-5.77782711506522,-5.4818671426037,3.19726234701685
2022-12-22,-3.4343667166,2.18338177816275,2.52013316189833,2.44266010200636,-5.44419770152378,-6.22223476311232,-6.22643183476606,-7.1419001466375,-8.10762982643158,-8.10762982643158,-3.31225350221216,-3.86639338108847,-3.6161988801909,-5.04123507852596,-5.77782711506522,-5.39559273028823,3.64551633767095
2022-12-23,1.7424513666,2.43261588317625,2.88458683296454,2.7190723200402,-6.07617626891876,-7.11183202494659,-6.93637542004151,-8.009869490845,-8.65734389945,-8.55068965488,-3.70855913135338,-4.4434934722809,-4.02644593577854,-5.50410741327625,-6.30395804149231,-5.86068604105909,4.71922243632655
2022-12-27,-2.3633156967,2.3326644240666,2.67736001090648,2.62680307959551,-5.83176093302014,-6.6025922550368,-6.69636118699452,-7.65669681965833,-8.44153741301875,-8.44153741301875,-3.55615918129023,-4.11572651204536,-3.88459510517393,-5.31404746050337,-5.94538127792064,-5.77782711506522,3.14315972656171
2022-12-28,-1.4691714838,2.35218367860857,2.7916734272755,2.69421071346273,-5.88961814610451,-6.88232053147464,-6.86530671713469,-7.82072141505455,-8.55068965488,-8.55068965488,-3.58983522514868,-4.29609493935692,-3.98273732506165,-5.35418062432299,-6.1683326322125,-5.83303592723134,3.15981912900333
2022-12-29,2.8843803473,2.25474121665866,2.68328813507078,2.60535658287134,-5.63852187021184,-6.61358070091635,-6.63185228025321,-7.44102855634815,-8.44153741301875,-8.44153741301875,-3.43744640679615,-4.12361901084855,-3.84501516584135,-5.19946103395263,-5.97477224972581,-5.7235143141507,1.96820828190644
2022-12-30,-0.21382751256,2.34512072041996,2.86660912789596,2.71931013293831,-5.8791170290509,-7.11543307890321,-6.93233923405664,-7.82072141505455,-8.65734389945,-8.55068965488,-3.57845093370923,-4.42151535940676,-4.02461852398736,-5.35418062432299,-6.26857781572641,-5.86068604105909,2.18661312272559
2023-01-03,2.1666666666,2.1757176636886,2.60065702302261,2.50747462085185,-5.44394576950248,-6.44405057040298,-6.38722435410915,-7.1419001466375,-8.44153741301875,-8.44153741301875,-3.31319688481183,-4.003246008597,-3.69540379882892,-5.02593157031714,-5.83303592723134,-5.4818671426037,5.24193746926487
2023-01-04,-0.7923560941,2.1697081691369,2.71512078531094,2.51034642268924,-5.39761892424355,-6.65319697428437,-6.4002434002854,-7.18893051115806,-8.44153741301875,-8.44153741301875,-3.3060789995082,-4.17858992198875,-3.6982451092315,-5.01960438496923,-6.10889505265263,-5.479340996305,7.08828576244947
2023-01-05,-2.3725628377,2.04825013791704,2.54780555773923,2.35913906494209,-5.07973774749636,-6.29180284031228,-6.02487394306218,-6.74767970225,-8.20863356335,-8.009869490845,-3.11498344784508,-3.92591885611768,-3.47887626810348,-4.76365687141818,-5.80716894030597,-5.23196129349674,3.11662153330568
2023-01-06,3.5611164581,2.12517125849568,2.72121526131278,2.46583824291145,-5.26667038673028,-6.73732291340877,-6.30437357510555,-7.02629010179118,-8.44153741301875,-8.20863356335,-3.23151197894737,-4.21276554448941,-3.64331581196624,-4.98640702045094,-6.14304077826607,-5.43514378648049,5.13128848345845
2023-01-09,1.4869888477,2.36675701465337,2.98035823652816,2.70619248318095,-5.8863900031732,-7.37696358166931,-6.91960853806331,-7.82072141505455,-8.90049908100833,-8.55068965488,-3.61414392461272,-4.63660229760368,-4.00295854827773,-5.39215980033333,-6.42621498679583,-5.83529467087879,3.47135334289597
2023-01-10,2.8731684983,2.25721977874366,2.74466646670881,2.5829421800201,-5.60902278090964,-6.81809531495276,-6.60281915577642,-7.43873538585926,-8.55068965488,-8.44153741301875,-3.44173432052293,-4.25835974223448,-3.81669658983362,-5.19430680190426,-6.14304077826607,-5.69728725421972,5.89989290923081
2023-01-11,5.8083898964,2.34352257206047,2.90919095590806,2.69173305412178,-5.82315494503953,-7.24944776035374,-6.88653767599254,-7.65669681965833,-8.90049908100833,-8.55068965488,-3.57424343395784,-4.52718356031845,-3.98216589486533,-5.32994690685172,-6.353236163552,-5.83529467087879,3.95881574808263
2023-01-12,0.18929435282,3.06232009804683,3.45483408095675,3.19480786774075,-7.64328194121907,-8.6144209635427,-8.16278825978972,-9.5590837716375,-11.144473184725,-10.58362887028,-4.68439639422292,-5.40449590774331,-4.72846193615377,-6.50302525326957,-7.18893051115806,-6.50302525326957,6.39460024365051
2023-01-13,2.9914978482,2.81350237393267,2.79477590005513,2.92703286519128,-7.01063549563548,-6.94499405813473,-7.47297885982805,-8.55068965488,-8.55068965488,-8.90049908100833,-4.30145477457004,-4.35245190256194,-4.32349700138269,-6.17713942831636,-6.17713942831636,-6.17713942831636,3.44932967214219
2023-01-17,-2.1096616388,2.81544866450307,2.97262773172384,3.00405936411686,-7.03326193765887,-7.40408204904128,-7.66594017179831,-8.55068965488,-8.90049908100833,-9.5590837716375,-4.30292381842188,-4.63388032331456,-4.43764715750412,-6.17713942831636,-6.42621498679583,-6.31611488845294,3.27477974436589
2023-01-18,-0.61426340453,2.72768971258565,2.90725598153696,2.96647325457309,-6.80897724864074,-7.2385063012606,-7.57030302672758,-8.55068965488,-8.7728165469,-9.16800620212,-4.16384691300946,-4.53398198241414,-4.38096455133393,-6.10889505265263,-6.353236163552,-6.17713942831636,5.23306432453775
2023-01-19,-1.8646553529,2.52913357936428,2.75191141921868,2.75335292837819,-6.31193550867828,-6.88106122833585,-7.01712837235911,-8.20863356335,-8.55068965488,-8.55068965488,-3.8575776869609,-4.2845661707852,-4.05856476861201,-5.77920753077941,-6.17713942831636,-5.86340492097538,3.49916514067922
2023-01-20,3.8108454311,2.45781247380941,2.80808556565918,2.70972107066223,-6.12383126963517,-7.02349295140839,-6.92309119827839,-8.009869490845,-8.55068965488,-8.55068965488,-3.74078131105869,-4.38630414987734,-4.00492400403555,-5.54789238892857,-6.21034654528889,-5.83529467087879,3.00937973372793
2023-01-23,0.27763496146,2.6739857876227,3.07052542961756,2.95359894813717,-6.67633728755385,-7.68957427906268,-7.54456005397018,-8.44153741301875,-9.5590837716375,-8.90049908100833,-4.07771172810302,-4.80508878621535,-4.36754039780436,-5.89152632924531,-6.58206943630455,-6.17713942831636,4.09777689598025
2023-01-24,-1.2305168171,2.46930902767323,2.73414651265629,2.71127215220213,-6.15330756208701,-6.83671584110149,-6.92549391877505,-8.10762982643158,-8.55068965488,-8.55068965488,-3.75643550309186,-4.26295867720037,-4.00549640728584,-5.57153721785132,-6.14304077826607,-5.83529467087879,3.32196331705169
2023-01-25,0.89285714294,2.34143463565142,2.70898050378347,2.58873168504856,-5.82391400272121,-6.77074615599685,-6.61123884535168,-7.65669681965833,-8.44153741301875,-8.44153741301875,-3.55567988831472,-4.21833992808499,-3.82276229829454,-5.30984392202614,-6.14304077826607,-5.72407939226,5.07712904911946
2023-01-26,2.0991973657,2.19176392024615,2.57806941818239,2.41595566336592,-5.44608136928202,-6.43901997777991,-6.16861880730823,-7.24704024153667,-8.44153741301875,-8.10762982643158,-3.32213157691086,-4.01311307181432,-3.56472105908397,-5.03615816576311,-5.86340492097538,-5.32994690685172,5.38441254223555
2023-01-27,3.0437411813,2.17276847320557,2.65152341340125,2.42619642858002,-5.40351780284685,-6.62335197970602,-6.19260588886545,-7.18893051115806,-8.44153741301875,-8.10762982643158,-3.29396195650042,-4.12960859620755,-3.57806102684734,-5.01960438496923,-6.01041716417833,-5.35034599383256,4.1981136382607
2023-01-30,-1.6529733959,2.30680220731398,2.7654407588237,2.59121705528386,-5.74736094759394,-6.81160543502532,-6.61435032629717,-7.58064392268,-8.55068965488,-8.44153741301875,-3.50280640472854,-4.31111560582955,-3.8230086278792,-5.27056994411,-6.17713942831636,-5.72407939226,3.19149486504451
2023-01-31,2.565887618,2.2435370245324,2.73948926573138,2.54352113880334,-5.58277550584013,-6.85020723633314,-6.49857648407728,-7.37293097190357,-8.55068965488,-8.44153741301875,-3.40027302582031,-4.27036673882091,-3.75670034971796,-5.12199249575408,-6.17713942831636,-5.57153721785132,4.05476801813542
2023-02-01,1.9586929118,2.2820114193917,2.83699299675028,2.60956382269378,-5.68630126834717,-7.09810665006362,-6.66626009936764,-7.50860816057308,-8.65734389945,-8.44153741301875,-3.46157622282046,-4.4228652668365,-3.85360968008109,-5.21297352817204,-6.27982048821154,-5.77920753077941,6.59618902156827
2023-02-02,7.3799334285,2.23224298207624,2.78108355999201,2.56564185687953,-5.55948223433817,-6.95481810549152,-6.55485144456813,-7.37293097190357,-8.55068965488,-8.44153741301875,-3.38324728685211,-4.33713264013851,-3.78883024961008,-5.12199249575408,-6.17713942831636,-5.64551375301781,10.8192661657339
2023-02-03,-8.4314941104,3.45315605287935,3.73171754357892,3.19393779474462,-8.64820747818442,-9.2773139294751,-8.16249965592171,-11.144473184725,-11.144473184725,-10.58362887028,-5.27580576896196,-5.86667300943468,-4.72849070303489,-7.02629010179118,-7.82072141505455,-6.50302525326957,13.3577733394143
2023-02-06,-1.1703259503,4.58540848612156,4.2309045874587,3.94483837060047,-11.4872602586881,-10.5898148905823,-10.1658467010316,-14.04944103,-12.5233433775,-12.5233433775,-7.06785693485046,-6.61587615266127,-5.85186154016099,-8.64228724684667,-8.44094663051176,-7.76470794730417,6.32625175740021
2023-02-07,-0.068506557091,4.20807151331975,2.86119953646635,3.64427792782036,-10.5221280650237,-7.15527592347538,-9.39257768389584,-12.5233433775,-8.64228724684667,-11.144473184725,-6.46708110971767,-4.46596840482707,-5.41265561406237,-8.44094663051176,-6.39398631937255,-7.22776062363438,8.52080416121884
2023-02-08,-2.0174321809,3.83329501802424,2.75626016305405,3.32318138770084,-9.58515018103091,-6.82082087004171,-8.55414276968014,-11.144473184725,-8.54323993335,-11.144473184725,-5.88495766437965,-4.30091330164184,-4.9241955315564,-7.84727674963478,-6.217395761925,-6.7070708763186,4.73559951907232
2023-02-09,-1.8090954523,3.59818996459442,2.84932283653804,3.22439543526823,-8.98693824863971,-6.89143694563969,-8.29431650388379,-11.144473184725,-8.54323993335,-10.2249397436333,-5.52064329010047,-4.44981541362066,-4.77080405405786,-7.4094331490931,-6.35679525810577,-6.58291204628478,3.41267742961459
2023-02-10,-0.64128664499,3.37527197220458,2.81993778643905,3.11203887682012,-8.42475646871662,-6.81845518013165,-7.99545473398413,-10.60187736986,-8.54323993335,-10.2249397436333,-5.1763708595083,-4.39868705231661,-4.59553191298137,-6.92026778281053,-6.28510686231111,-6.43036447806,5.12587837252528
2023-02-13,1.9772564287,3.1086250177553,2.67214370416404,2.8833650909045,-7.75484624522077,-6.45515161298605,-7.39395604719834,-9.4337960315,-8.44094663051176,-8.86442177557692,-4.76276543461031,-4.15387210179324,-4.25010840152679,-6.58291204628478,-6.1489398639931,-6.1831890823386,3.4513378465879
2023-02-14,0.16073940114,2.94547281605961,2.72473629195358,2.80450472034342,-7.3490915852293,-6.59177143180592,-7.19152920347618,-8.86442177557692,-8.44094663051176,-8.74843637286429,-4.50944210573269,-4.23422951194218,-4.13251468381134,-6.39398631937255,-6.1831890823386,-6.08208195770167,5.03895528003119
2023-02-15,1.4643931796,2.70749943158154,2.51617852722139,2.57848961159939,-6.7525792584146,-6.08777248924074,-6.59656281526256,-8.44094663051176,-8.02994685368095,-8.44094663051176,-4.13711630589728,-3.904984917546,-3.79485331232549,-6.11507393367458,-5.81764646671594,-5.68316213622568,2.52808645486478
2023-02-16,-2.9754843812,2.54384313379654,2.4861532078445,2.47078876314782,-6.35146407727212,-6.03438095214712,-6.31194537095319,-8.32558571104444,-8.02994685368095,-8.22036306582632,-3.88364558313562,-3.85456496622728,-3.63290122215842,-5.81764646671594,-5.81764646671594,-5.44938718110357,2.62501452189005
2023-02-17,-0.96790626603,2.63255099625175,2.78775167253749,2.6620527561588,-6.56669246132601,-6.77927703715782,-6.82503032098577,-8.44094663051176,-8.44094663051176,-8.54323993335,-4.00205126937523,-4.32766070871718,-3.91348941542396,-5.87404391624478,-6.217395761925,-5.84576195751324,3.12905362356148
2023-02-21,-2.6954732511,2.46317477517519,2.53836398420673,2.50801263271685,-6.13802476302749,-6.17726338564887,-6.4367572911622,-8.02994685368095,-8.12382304063,-8.44094663051176,-3.73863150856151,-3.93188644479514,-3.69500749772059,-5.58486164176795,-5.84576195751324,-5.51578733104691,1.88877298968519
2023-02-22,1.2793402411,2.52024888795098,2.77679164010389,2.64882242853272,-6.27353602408277,-6.76165155408435,-6.80746332719154,-8.12382304063,-8.44094663051176,-8.54323993335,-3.82290965877199,-4.30994893302669,-3.90590542639377,-5.76221199392394,-6.217395761925,-5.84576195751324,3.88016425371641
2023-02-23,0.031318509173,2.37179000412631,2.57654883642856,2.51525436186843,-5.90362681219306,-6.2742982903701,-6.44756019057035,-7.84727674963478,-8.12382304063,-8.44094663051176,-3.59405018108268,-3.99192367971579,-3.69363883588121,-5.40662946117791,-5.87404391624478,-5.51578733104691,2.56896869496406
2023-02-24,-2.4212064287,2.19305781901363,2.39043208536169,2.3135993262988,-5.45860052352475,-5.82314132577979,-5.92763386852717,-7.34629949954,-7.687688711288,-7.93541231882727,-3.32020096655241,-3.69469572869277,-3.40018229784983,-5.08498433064466,-5.51578733104691,-5.17330979149694,2.51924632272758
2023-02-27,0.2780748664,2.25788051599201,2.6039541297854,2.44088841062453,-5.61429450438704,-6.36161123367065,-6.26223943907772,-7.47419105459286,-8.32558571104444,-8.12382304063,-3.4177615204157,-4.03393507739777,-3.59029094232773,-5.17330979149694,-5.90231536323939,-5.38576148942529,2.17174845072438
2023-02-28,0.50127986342,2.09619736568847,2.3274581743184,2.25822110088881,-5.20522725095634,-5.67942748800971,-5.7732043254728,-6.92026778281053,-7.54278912167778,-7.687688711288,-3.16636361245786,-3.59339517257307,-3.30840006963317,-4.8615132810547,-5.40662946117791,-5.06796106749615,1.89515995404544
2023-03-01,-2.186140295,1.95410863849292,2.16694729683822,2.09634879072567,-4.85275208406392,-5.28787637288042,-5.34946277472295,-6.7070708763186,-7.11882260772941,-7.11882260772941,-2.94806043777062,-3.33836270604761,-3.06557039107908,-4.54145462705493,-5.10218289214608,-4.73697362255635,2.622087508798
2023-03-02,-0.043398068829,2.02834073110337,2.31318935667541,2.22056270548646,-5.02989670443729,-5.66631507742858,-5.67103697486917,-6.74764136666667,-7.54278912167778,-7.54278912167778,-3.06048560768062,-3.56194193728118,-3.25032581982389,-4.71078981002812,-5.3651917614375,-5.0509352408,2.81399176087907
2023-03-03,3.0066210789,1.89262859599581,2.088558630667,2.05427890992979,-4.68622544023378,-5.10506532523918,-5.23677370146846,-6.54405650554894,-6.831192844355,-7.06643878775143,-2.84958032478299,-3.21195702514529,-3.00409636266283,-4.48514289458503,-4.98393216321743,-4.65969682714015,1.96858723559267
2023-03-06,-1.2118018967,2.09109382033932,2.36420778126699,2.2694610377896,-5.18129382235242,-5.81112427904474,-5.80699677493085,-6.92026778281053,-7.687688711288,-7.687688711288,-3.15994866862697,-3.63485331709419,-3.32996797247518,-4.83296794707311,-5.44938718110357,-5.08498433064466,2.52128821496522
2023-03-07,-0.21333333325,2.01317333540446,2.21477029833633,2.19434982651741,-4.98267595654888,-5.44735219921178,-5.65105162973574,-6.7070708763186,-7.28524843085484,-7.54278912167778,-3.0370926184513,-3.39807938541586,-3.23551733398559,-4.69792157064419,-5.17330979149694,-5.03385131274151,3.59661715220134
2023-03-08,0.39551042228,1.88373164957136,2.04683975333943,2.05004841804494,-4.65858145267931,-5.02660890571777,-5.23430753238319,-6.50518478622917,-6.74764136666667,-7.06643878775143,-2.83711204204557,-3.13273699033649,-3.00110179458727,-4.47407551145068,-4.80521963987107,-4.65969682714015,2.57424154400616
2023-03-09,-1.778109029,1.76944468718293,1.94062995523217,1.90440011319442,-4.37148700279975,-4.76250123602016,-4.85579072161198,-6.217395761925,-6.58291204628478,-6.7070708763186,-2.65695254514089,-2.96244887381195,-2.78344561230426,-4.28766472740723,-4.55272844388298,-4.39900501157355,3.74905128862811
2023-03-10,-1.647696477,1.81098124970495,1.99343652522685,1.9893607368515,-4.47532580439653,-4.83133245437902,-5.07517356225704,-6.39398631937255,-6.7070708763186,-6.78874834635122,-2.72547172253456,-3.04181774994491,-2.90913163624506,-4.35765605932453,-4.69792157064419,-4.53011649633217,6.27085622745832
2023-03-13,1.8736911717,1.82611574380282,1.99027604354649,2.03722146550566,-4.5114501317145,-4.90757173196484,-5.20021230581771,-6.39398631937255,-6.7070708763186,-6.92026778281053,-2.74991206820263,-3.03454831351345,-2.98098205515173,-4.37833966627325,-4.69792157064419,-4.58709322100145,9.69475948888013
2023-03-14,2.6506545493,1.84136626671808,2.00378651940035,2.07021273743229,-4.54987253138843,-4.95442401018579,-5.28589405832782,-6.39398631937255,-6.7070708763186,-7.11882260772941,-2.77471534474312,-3.05394254725067,-3.02977587347655,-4.38864005058526,-4.71078981002812,-4.68511166453538,3.80244207848625
2023-03-15,1.3912310285,1.97661315758206,2.14806736249542,2.23334224989175,-4.8936379864835,-5.31518226496794,-5.70024675353976,-6.7070708763186,-7.11882260772941,-7.54278912167778,-2.98670922999113,-3.27668576780363,-3.25897131913102,-4.61066601376912,-5.0509352408,-5.0509352408,7.03945687874956
2023-03-16,3.9916839918,1.91163918593424,2.04438538497491,2.16408825186454,-4.73109550447387,-5.05227870818896,-5.51893487676273,-6.54405650554894,-6.74764136666667,-7.4094331490931,-2.88607236058144,-3.11235670605303,-3.15421362888389,-4.50755384644276,-4.80521963987107,-4.81898509465917,4.23917458902188
2023-03-17,-1.0895641744,2.31375839122877,2.52535485965505,2.5027337296,-5.74321158799678,-6.26192822255945,-6.39944301956786,-7.6133689299,-8.12382304063,-8.44094663051176,-3.50914242867245,-3.86375257609616,-3.66848021278336,-5.30530537450879,-5.81764646671594,-5.49337078342195,4.12475120225854
2023-03-20,-1.2531581607,2.19486061089889,2.24049846694534,2.39392015788983,-5.44337706556232,-5.54291425181426,-6.11231130909112,-7.22776062363438,-7.4094331490931,-8.02994685368095,-3.31435169429662,-3.41691036448674,-3.49661229844984,-5.06796106749615,-5.17330979149694,-5.30530537450879,4.17282253347923
2023-03-21,2.9679664312,2.10630698819275,2.18142675498853,2.32010507368748,-5.21766053635185,-5.39411623415022,-5.92325940668777,-7.015297685,-7.22776062363438,-7.93541231882727,-3.17591379199874,-3.32381017609467,-3.39269109421702,-4.8615132810547,-5.08498433064466,-5.17330979149694,2.24850259872804
2023-03-22,-1.8984196402,2.24152122669069,2.44840634671233,2.49250936086639,-5.56330180644819,-6.07922872637883,-6.3686907688561,-7.4094331490931,-8.02994685368095,-8.44094663051176,-3.38590133091629,-3.7514818551296,-3.64857456360598,-5.17330979149694,-5.60867951515714,-5.47124439279277,6.09997115971857
2023-03-23,0.010131712224,2.21718031228138,2.42892436647955,2.50408495740518,-5.50231281047912,-6.02477214302914,-6.39975327624198,-7.34629949954,-8.02994685368095,-8.44094663051176,-3.3479281187599,-3.71534747709759,-3.66524532239958,-5.137290978,-5.538451604075,-5.49337078342195,4.39417579131264
2023-03-24,-0.58757977913,2.06552009028175,2.18876278281311,2.30683564075399,-5.11028396954759,-5.42360275200483,-5.90242327620358,-6.831192844355,-7.22776062363438,-7.84727674963478,-3.10782713842228,-3.33823263807215,-3.37206322079277,-4.80521963987107,-5.10218289214608,-5.15519791289394,3.0707917256916
2023-03-27,-0.091715071812,1.94432093437779,2.06349273818272,2.16759322392051,-4.81130484417717,-5.09594073846853,-5.53543461385714,-6.62316776239556,-6.831192844355,-7.4094331490931,-2.92353213513888,-3.14630447505956,-3.16223170389154,-4.55249832516454,-4.80521963987107,-4.83296794707311,2.37413420222999
2023-03-28,-0.81599347213,1.8209279409321,1.94099071337655,2.01225661191481,-4.50349038532279,-4.79605733818352,-5.12695283226297,-6.39398631937255,-6.62316776239556,-6.831192844355,-2.7343041589983,-2.95419922091952,-2.92911476109856,-4.37675840193376,-4.56393155281357,-4.55249832516454,1.63132775552009
2023-03-29,3.0954339778,1.7462103884468,1.88566901774538,1.93128952657458,-4.31268384958373,-4.64269888463375,-4.91455836630067,-6.217395761925,-6.50518478622917,-6.7070708763186,-2.61843494137503,-2.86830450922073,-2.80851673738015,-4.25629864311479,-4.51813204542083,-4.4402438372298,2.40858586544873
2023-03-30,1.7456359103,1.99355806727376,2.07535139091777,2.17949791585774,-4.94320154493525,-5.1243612829591,-5.55651137903393,-6.7070708763186,-6.831192844355,-7.4094331490931,-3.00431453792081,-3.15946743175787,-3.17503799331428,-4.65969682714015,-4.83296794707311,-4.8615132810547,2.39868377009303
2023-03-31,1.2647058824,1.96437363217829,2.01186251747485,2.17085745985596,-4.86691336146484,-4.98210861779808,-5.53566597347102,-6.7070708763186,-6.7070708763186,-7.4094331490931,-2.95817222155899,-3.07382854007374,-3.16065381245398,-4.56393155281357,-4.76385585721371,-4.83296794707311,1.36538262769213
2023-04-03,-0.85197018107,1.88682446795485,1.94382199125133,2.08023147487338,-4.62540618725846,-4.65074041867775,-5.28888210697345,-6.41382852582449,-6.48953709790213,-7.11513159167273,-2.79194431477516,-2.95451636194067,-3.03826728782066,-4.38967880694575,-4.54467475723957,-4.67805669121484,2.09070955984758
2023-04-04,1.5037593985,1.80700791352308,1.90431493142128,1.99454743873059,-4.42289763329003,-4.56190397189453,-5.06955230744763,-6.30272179538077,-6.377053523008,-6.77745140157,-2.67017941010737,-2.89204977447716,-2.91060125252387,-4.28752473000613,-4.4990936251958,-4.52185630953404,2.48151067568843
2023-04-05,-2.7417027417,1.77883215477472,1.86402176854292,1.97286492382476,-4.35109923668516,-4.45964339359027,-5.01371394183776,-6.19879157327636,-6.33946524086078,-6.73561734786341,-2.62164712039011,-2.83451378259611,-2.87821669704994,-4.23853478898095,-4.46533052303767,-4.4990936251958,1.74832198634664
2023-04-06,0.94955489621,1.98855341883705,2.03208387584719,2.195186452896,-4.87322334434313,-4.86571838522309,-5.59131098268532,-6.69436717962143,-6.69436717962143,-7.41546197093214,-2.9861430412197,-3.09978001541551,-3.21370115238496,-4.59118482766667,-4.75732237906475,-4.96303684863982,1.89437367957661
2023-04-10,0.10777973748,1.88841022614588,1.90007534327383,2.07658769726689,-4.62024950622439,-4.54514047800199,-5.28564556684735,-6.41382852582449,-6.377053523008,-7.11513159167273,-2.82900014307897,-2.89508697945767,-3.03630754073446,-4.45422309183469,-4.51040294959437,-4.67805669121484,1.68946790097547
2023-04-11,-2.2022119996,1.77434645878462,1.82149491109369,1.92624900542433,-4.32960890537631,-4.35437746934888,-4.89983275613951,-6.19879157327636,-6.19879157327636,-6.69436717962143,-2.64913933568116,-2.7705753610009,-2.81753926645574,-4.25856934731145,-4.3688671501529,-4.43237325706711,1.74718575103892
2023-04-12,-2.0916733388,1.88207674369715,1.89696659903939,2.07230705364681,-4.60066587878324,-4.53419101220125,-5.27792832653386,-6.41382852582449,-6.377053523008,-7.06131563040294,-2.81494023383598,-2.88784670294527,-3.03706097338514,-4.43237325706711,-4.4990936251958,-4.67805669121484,3.15701117443478
2023-04-13,4.6713687008,1.94805866019046,1.95268124019642,2.1776649636706,-4.7678995916759,-4.66606647818394,-5.54948459389372,-6.56829617758889,-6.48953709790213,-7.41546197093214,-2.91816471507108,-2.97314690441568,-3.19043131347613,-4.52185630953404,-4.55613449656087,-4.90011127722679,2.16514992852737
2023-04-14,0.10742187496,2.50772482233637,2.58187326957558,2.57552119165835,-6.16448109242025,-6.19534753284806,-6.59800886143433,-8.17030708815789,-8.17030708815789,-8.51596666131875,-3.7830260328451,-3.95892000606805,-3.79694369752438,-5.66182701291918,-5.85333812501212,-5.66182701291918,2.70095946616203
2023-04-17,0.22436835425,2.32035079105139,2.09507384057745,2.38742397230145,-5.69967624868953,-5.00076215308547,-6.08141652168202,-7.55441077491154,-6.69436717962143,-8.069412889485,-3.49220380769012,-3.19066158946002,-3.50101790927249,-5.24490551059239,-4.90011127722679,-5.28380181047444,1.48703737260753
2023-04-18,-0.42826552453,2.15813311137332,1.95685254564276,2.2089476261871,-5.29348121344781,-4.66244303477094,-5.6197345428618,-7.11513159167273,-6.48953709790213,-7.48284160707407,-3.23909786647212,-2.97077503444712,-3.23188079767169,-5.01283440964762,-4.55613449656087,-5.01283440964762,1.74434842735378
2023-04-19,1.9550342131,2.02269281958661,1.8723512903259,2.06956864166561,-4.95628238719359,-4.45634264186893,-5.25786715231769,-6.69436717962143,-6.33946524086078,-7.06131563040294,-3.03135294583622,-2.83337287908879,-3.01995588612901,-4.6653014748217,-4.46533052303767,-4.6653014748217,2.42476690301415
2023-04-20,-0.46979865774,2.01531092130574,1.90549830702467,2.10893961599456,-4.93796590788378,-4.53473320446067,-5.35988932670846,-6.69436717962143,-6.377053523008,-7.11513159167273,-3.01957574531961,-2.87304772417453,-3.0796735926246,-4.6653014748217,-4.4990936251958,-4.74371951347073,2.14225802748673
2023-04-21,3.0343897504,1.89797593977997,1.8250924827896,1.98309616916239,-4.64407667927807,-4.33915381753278,-5.0338338187958,-6.48953709790213,-6.19879157327636,-6.73561734786341,-2.83947846482225,-2.7474866363779,-2.88965674149262,-4.46533052303767,-4.3688671501529,-4.4990936251958,2.86823111000562
2023-04-24,-0.70119670909,2.0903090043307,1.98769764406694,2.21001591916518,-5.12781081332911,-4.73176850323452,-5.60877782987743,-6.82069455478462,-6.52891368746087,-7.48284160707407,-3.13572285895052,-2.99830660003981,-3.22568873264176,-4.78492458572333,-4.62757087155303,-4.99601535223868,2.99443417304279
2023-04-25,-3.4271725826,1.97842177195223,1.86799371301858,2.09005945917561,-4.84361512064809,-4.44012796332975,-5.31085086089548,-6.69436717962143,-6.33946524086078,-7.11513159167273,-2.9593964494129,-2.81133629514946,-3.05198097319887,-4.54467475723957,-4.421574621894,-4.69086983894488,2.53982198004755
2023-04-26,2.3496148971,2.27487632240517,2.17362410470112,2.3919660491082,-5.5842528374734,-5.17762821617321,-6.0870607787789,-7.41546197093214,-6.9116094488973,-8.069412889485,-3.42783597907035,-3.30232347213574,-3.50497868560483,-5.17006204814583,-5.03129324485192,-5.28380181047444,3.42994737934648
2023-04-27,4.6104019813,2.27842297859552,2.2689285593702,2.45014450920277,-5.5967888020114,-5.42275789528423,-6.22526566130144,-7.48284160707407,-7.22734560705484,-8.17030708815789,-3.43829220080261,-3.45564929014154,-3.5868696600043,-5.20697561012553,-5.20697561012553,-5.36419329584186,3.2960058937664
2023-04-28,-3.9792387543,2.72313986625247,2.9017712834562,2.83080301024619,-6.70065871656204,-6.96456304293393,-7.20982163774059,-8.51596666131875,-8.63008085306667,-8.86442177557692,-4.12453422579275,-4.45159547122356,-4.16666625557717,-5.99906210834918,-6.33946524086078,-6.12978747322807,8.40874720247414
2023-05-01,-3.2242769084,2.96144562163352,3.09888588273543,3.12391976580619,-7.29587056248724,-7.45167784906419,-7.97035080028118,-8.86442177557692,-8.86442177557692,-10.2249397436333,-4.48954588464509,-4.76825256670081,-4.61358252137809,-6.377053523008,-6.56829617758889,-6.41382852582449,2.56962415998979
2023-05-02,1.5482606565,3.01159319158787,3.03159719933019,3.25376294970363,-7.4244263159312,-7.29141155416242,-8.30100724036677,-8.86442177557692,-8.86442177557692,-10.2249397436333,-4.56649428337711,-4.66149914660765,-4.80869662687244,-6.377053523008,-6.48953709790213,-6.60913461750455,3.02100069488657
2023-05-03,0.019299430642,2.8281538033468,2.79645726705243,3.06270634778821,-6.96019943809537,-6.71702582633923,-7.81382468693237,-8.63008085306667,-8.51596666131875,-9.636424967325,-4.27995476394225,-4.2861097036603,-4.52391879549231,-6.19879157327636,-6.19879157327636,-6.377053523008,4.34953207261878
2023-05-04,0.3376748673,2.60648126764149,2.66364044441496,2.81092676543214,-6.40990915260994,-6.39150948593955,-7.16484816085563,-8.51596666131875,-8.51596666131875,-8.86442177557692,-3.94195096689878,-4.07840562062462,-4.14245336958638,-5.79780037834706,-5.91013364132031,-6.0956678611931,2.36026525609369
2023-05-05,1.5913461539,2.41144157736847,2.54038996301732,2.58931924061477,-5.92445428111368,-6.09072006053044,-6.59231985019351,-7.96849737507619,-8.069412889485,-8.51596666131875,-3.6441026673269,-3.88260280131988,-3.80733096695516,-5.43195056889759,-5.7703799829,-5.6641999223589,1.75340089766919
2023-05-08,0.16563342942,2.30589113512593,2.53833185732328,2.49786375175718,-5.66394797970837,-6.08770207168424,-6.35568970805975,-7.55441077491154,-8.069412889485,-8.38940686242353,-3.48219993116642,-3.87592553153108,-3.66937857321626,-5.23129619063226,-5.7703799829,-5.45359776655244,1.45092358377388
2023-05-09,0.74648020418,2.14147388502423,2.32177660262163,2.30577375173594,-5.25024377692861,-5.56063270668206,-5.86050648331264,-7.06131563040294,-7.41546197093214,-7.78749411294348,-3.22778647838306,-3.53627827381738,-3.37785416696873,-4.97207443216852,-5.26946595271429,-5.105303785758,1.36148056743054
2023-05-10,3.3483398987,2.00669759661395,2.17274650765235,2.16039844800736,-4.91214311444273,-5.19595104142735,-5.47267110944436,-6.69436717962143,-6.9116094488973,-7.34994340857241,-3.01922275464595,-3.30267019876466,-3.1517900699131,-4.63980741285833,-5.02127367827524,-4.75464746774065,3.08096607613268
2023-05-11,1.8059715039,2.24129027840354,2.59593880756868,2.4140172409024,-5.51028211681553,-6.23488403222293,-6.11982053368164,-7.34994340857241,-8.17030708815789,-8.069412889485,-3.38538764499081,-3.96740109906299,-3.53158412022408,-5.1227287350101,-5.82536649261343,-5.26946595271429,3.33282522721745
2023-05-12,-1.7115350331,2.17883320436929,2.45433176340682,2.37967499699487,-5.35518362605115,-5.88803286670691,-6.02853618028143,-7.11513159167273,-7.87485177745455,-8.069412889485,-3.28857760494887,-3.74810031850817,-3.47960943624944,-5.02127367827524,-5.54304898300769,-5.23129619063226,2.16933701128982
2023-05-15,0.85253038269,2.14454520105046,2.46230980392774,2.37483609505162,-5.2689056652544,-5.93271023833459,-6.02535598368159,-7.06131563040294,-7.96849737507619,-8.069412889485,-3.23430698479093,-3.78748384399628,-3.47701697626637,-4.98835536775607,-5.63908933374865,-5.23129619063226,2.4169699056071
2023-05-16,1.9784172662,2.01806572312203,2.26712999440727,2.22671880271495,-4.9478337040038,-5.4302159674448,-5.64463790639212,-6.69436717962143,-7.22734560705484,-7.55441077491154,-3.03699198406908,-3.44852923805422,-3.25517239976707,-4.65207591389924,-5.19405206427474,-5.00484891965377,2.7050570264044
2023-05-17,1.8518518518,2.0159030506517,2.335949741235,2.24616193328762,-4.94184036948414,-5.59944476952361,-5.69648829658083,-6.69436717962143,-7.48284160707407,-7.55441077491154,-3.03040112459024,-3.55676411392073,-3.28484108765943,-4.63980741285833,-5.30827384118427,-5.02127367827524,2.60324248198972
2023-05-18,2.2943722945,1.99585291299671,2.34889132681629,2.23971773440161,-4.89215564415658,-5.65953771534646,-5.68650427525603,-6.69436717962143,-7.55441077491154,-7.55441077491154,-2.99808489213771,-3.60463419137122,-3.27833458602266,-4.60348180215037,-5.38954741123647,-5.00484891965377,2.4525342633662
2023-05-19,-1.6081252646,2.04203246516744,2.44504832767756,2.30890457711918,-5.0085735702019,-5.86915657567504,-5.86601635003411,-6.73561734786341,-7.87485177745455,-7.87485177745455,-3.06849949045789,-3.73276434227428,-3.3829807029522,-4.70220662431654,-5.54304898300769,-5.1227287350101,1.92133254930423
2023-05-22,-1.0666666667,2.01406186761264,2.43617204722706,2.30120004160462,-4.93904240762171,-5.87542244612294,-5.84440462241624,-6.69436717962143,-7.87485177745455,-7.78749411294348,-3.02538742947322,-3.74193818797831,-3.37063084452779,-4.63980741285833,-5.54304898300769,-5.105303785758,2.30638835286128
2023-05-23,-0.017389792174,1.9342985829352,2.28107533617327,2.2149224625306,-4.73661889741336,-5.46826513067259,-5.6227366332865,-6.52891368746087,-7.34994340857241,-7.55441077491154,-2.90102676967493,-3.46699068421284,-3.24170126669507,-4.50147519367778,-5.23129619063226,-5.00484891965377,2.35957628660829
2023-05-24,1.5305678755,1.81159012633401,2.07683621907364,2.05500045930489,-4.42556876047093,-4.96185484814625,-5.20604737441707,-6.30272179538077,-6.69436717962143,-6.9116094488973,-2.70979974429361,-3.14418035679941,-2.99896665734642,-4.30337201312761,-4.75464746774065,-4.60348180215037,2.56591246649849
2023-05-25,-1.4989293362,1.78630293316029,2.11864511368975,2.02659997411267,-4.36167616898606,-5.08628477143908,-5.13948402806189,-6.19879157327636,-6.77745140157,-6.86499958319211,-2.66921757206302,-3.22840441772234,-2.95927659188109,-4.26490372441916,-4.97207443216852,-4.52352450353239,2.56667945155138
2023-05-26,4.4434782609,1.78882841930476,2.13107520381518,2.04142307146475,-4.36626629946617,-5.11602563470932,-5.18259763141592,-6.19879157327636,-6.82069455478462,-6.9116094488973,-2.67113517695036,-3.24884647344172,-2.98444572050494,-4.26490372441916,-5.00484891965377,-4.56841043463985,3.69080984076993
2023-05-30,1.2904837233,2.35284465178844,2.73740289948233,2.43994544756096,-5.77774065608299,-6.59033705557161,-6.19863485035555,-7.706316318525,-8.51596666131875,-8.17030708815789,-3.54452919249739,-4.17708104479602,-3.57861635608282,-5.30827384118427,-6.12978747322807,-5.34827427812299,3.72459177153758
2023-05-31,-0.88771987512,2.22921104472684,2.32668337262989,2.32674330713212,-5.46917616731738,-5.5854693731808,-5.91491238303678,-7.34994340857241,-7.41546197093214,-7.96849737507619,-3.35361420844804,-3.52989910021253,-3.41081526018231,-5.08806814850792,-5.26946595271429,-5.1227287350101,3.0573454490143
2023-06-01,1.8162215956,2.10771696057405,2.19201555979942,2.21806721381653,-5.16759180858215,-5.25242424556583,-5.6277993193284,-6.9116094488973,-7.06131563040294,-7.55441077491154,-3.16774079476951,-3.31501840252093,-3.24332086367961,-4.80829509236218,-5.03768433899712,-5.00484891965377,2.99224500839179
2023-06-02,1.2055062312,2.07172327227471,2.21709494259623,2.21065040889754,-5.07452516264667,-5.31367634666417,-5.61469692590428,-6.77745140157,-7.11513159167273,-7.48284160707407,-3.10857503661804,-3.35373918039084,-3.23747833724101,-4.75464746774065,-5.08806814850792,-4.98835536775607,2.70287045359648
2023-06-05,0.84507042266,1.97729977633755,2.09469908500673,2.11934161511924,-4.84203484363248,-5.01191046410334,-5.37803537151225,-6.69436717962143,-6.73561734786341,-7.16967483206562,-2.96321798655327,-3.16323950752714,-3.09745221951387,-4.52352450353239,-4.79458855613167,-4.7281921479296,2.38129078562237
2023-06-06,1.0454908219,1.87059844549005,1.96606018566525,1.99812398004021,-4.57748507334125,-4.69470917043027,-5.06802135295935,-6.41382852582449,-6.52891368746087,-6.77745140157,-2.79918168835475,-2.95962979961887,-2.91645207518849,-4.40435870280654,-4.52352450353239,-4.50147519367778,1.98260415560022
2023-06-07,-4.2492694101,1.79235190207808,1.89335275099976,1.91234305432116,-4.37993177836452,-4.51494401990783,-4.84857569566532,-6.19879157327636,-6.377053523008,-6.69436717962143,-2.67649092568079,-2.84666151556181,-2.78899196566889,-4.26490372441916,-4.44677144032752,-4.37340734428205,3.56053245512776
2023-06-08,2.491132558,2.35140054210304,2.61165779802638,2.32258352012247,-5.78199785484782,-6.28701690372303,-5.89846126651372,-7.706316318525,-8.17030708815789,-7.87485177745455,-3.5497358899351,-4.02219694972625,-3.39995415938303,-5.29650712528333,-5.85699177645909,-5.113994141761,2.93585268860641
2023-06-09,-0.65995975847,2.36289295812109,2.46420355439568,2.41259742384068,-5.81538642844955,-5.92841461581213,-6.12847338489892,-7.706316318525,-7.96849737507619,-8.069412889485,-3.56788515464808,-3.75471087375664,-3.53418662105388,-5.31600850599213,-5.54943852171667,-5.25837685985978,1.90267986133275
2023-06-12,2.5439520376,2.21362141691587,2.35372653299716,2.26815852639648,-5.44338577224562,-5.65218123805307,-5.75732933639595,-7.22734560705484,-7.55441077491154,-7.706316318525,-3.33895045811503,-3.61960623749298,-3.31748495457041,-5.04651643854135,-5.37628836471163,-5.03017562538857,1.59613766107561
2023-06-13,0.071106897485,2.25770256012446,2.43958300128253,2.37402998348838,-5.55349995540805,-5.8704386723982,-6.03119064202521,-7.41546197093214,-7.87485177745455,-8.069412889485,-3.4048825051374,-3.71627098621014,-3.47764536765006,-5.113994141761,-5.48227173275062,-5.22084909722234,2.36230752456925
2023-06-14,-0.18948365705,2.10083389974637,2.24480279149485,2.19703546253287,-5.16135252130134,-5.38598809519082,-5.57295215894035,-6.9116094488973,-7.22734560705484,-7.41546197093214,-3.16362630660116,-3.44663992510921,-3.2102947538003,-4.80363654501,-5.18421057829375,-4.91864229739732,3.398449818998
2023-06-15,0.54579971511,1.96370262330067,2.04443825692279,2.04405760098111,-4.81690388977363,-4.88410183988256,-5.17635856217056,-6.6508907011,-6.69436717962143,-6.9116094488973,-2.95149074296746,-3.1257455437781,-2.98098874151753,-4.510705523375,-4.75057183824355,-4.55481359158857,2.06779968144835
2023-06-16,-1.2744866651,1.84871697357096,1.91654226933209,1.90794364347461,-4.52269246897355,-4.57248480286557,-4.83031493734013,-6.377053523008,-6.377053523008,-6.69436717962143,-2.77010370611199,-2.92290891835132,-2.77873345410316,-4.35254318194403,-4.510705523375,-4.36254991275633,2.35651195461336
2023-06-20,0.23109411104,1.81572345444455,1.85786816304916,1.90247286961164,-4.43417531104483,-4.43247164345848,-4.82410659793217,-6.33946524086078,-6.33946524086078,-6.6508907011,-2.71488254426118,-2.80466059890901,-2.77670380393331,-4.31278627585215,-4.40335162947727,-4.36254991275633,2.35227620498758
2023-06-21,-0.75528700909,1.70777452074284,1.78203048754219,1.77031982820665,-4.16508166531622,-4.24438245571594,-4.48093829773494,-6.09736474800172,-6.13070913975088,-6.377053523008,-2.54822533011862,-2.68439479305685,-2.57672133823518,-4.14545004193039,-4.2648106630244,-4.1812525403904,2.5526895844427
2023-06-22,4.2617960426,1.64351490644149,1.75382393017435,1.71192486497273,-4.00631681183972,-4.17506048394142,-4.32778587823141,-5.82939680090896,-6.09736474800172,-6.19879157327636,-2.44981655881387,-2.63933242625684,-2.48792076864495,-4.06745557924368,-4.24589687828882,-4.09303276191551,3.53803746055415
2023-06-23,-0.63004225876,2.20429253151773,2.06631805357817,2.10485601082955,-5.41154061138801,-4.93846596103253,-5.3324385882337,-7.22734560705484,-6.69436717962143,-7.11513159167273,-3.32190423874287,-3.12927126741599,-3.07119267887212,-5.03017562538857,-4.75057183824355,-4.69866805233047,4.12038764989426
2023-06-26,-1.5464316091,2.07434224949329,1.85947563801506,1.99170228093601,-5.08515282227622,-4.43269567089773,-5.04341682715441,-6.77745140157,-6.33946524086078,-6.73561734786341,-3.11985164508443,-2.8039712728196,-2.90309824607565,-4.75057183824355,-4.40335162947727,-4.49973584344621,3.30544574957803
2023-06-27,1.4529176156,2.03521595955634,1.87364730979354,2.02168026240511,-4.98949218346724,-4.46735021109212,-5.12126413232428,-6.69436717962143,-6.377053523008,-6.82069455478462,-3.06061560493044,-2.82632713203477,-2.94845940637789,-4.66122463512519,-4.42420707675263,-4.510705523375,2.63068039216951
2023-06-28,-0.10837590953,1.96950041174277,1.84621450102942,1.99135015912827,-4.82613386050974,-4.39987804224861,-5.0387489705431,-6.69436717962143,-6.26707819673962,-6.73561734786341,-2.95878796513372,-2.78231683216406,-2.90060503158889,-4.52160663574615,-4.37261665680319,-4.49973584344621,3.08356988669005
2023-06-29,-0.88344699316,1.84737581014278,1.78911710904754,1.85540556894064,-4.51896079133552,-4.24106126367065,-4.68736779455339,-6.377053523008,-6.13070913975088,-6.52891368746087,-2.7689586898738,-2.7144899229526,-2.69591098836631,-4.35254318194403,-4.30304211920671,-4.28376942472831,2.11636521188076
2023-06-30,1.9233776389,1.77535096716983,1.75766374790553,1.80400194925996,-4.33751219191968,-4.1831793978582,-4.55321633690816,-6.19879157327636,-6.09736474800172,-6.377053523008,-2.65677903921751,-2.64275336426039,-2.61665466628234,-4.25532003441124,-4.24589687828882,-4.21789309217283,1.42983451294776
2023-07-03,-0.10739490653,1.80644270959616,1.79195035364136,1.88066791448915,-4.41450573033255,-4.32334112654475,-4.75032976629315,-6.30272179538077,-6.19879157327636,-6.52891368746087,-2.70443842507941,-2.70345734230445,-2.73235840500037,-4.29337891000242,-4.29337891000242,-4.33249753641677,1.04367572104443
2023-07-05,0.12286899091,1.70487957803436,1.73878875145048,1.75235983705976,-4.15624177415837,-4.13757601237514,-4.42583159692211,-6.09736474800172,-6.06437297219153,-6.30272179538077,-2.54361343558626,-2.6124194626514,-2.54308697970237,-4.14545004193039,-4.21789309217283,-4.14545004193039,1.83836581414743
2023-07-06,-1.5493173798,1.61200329946153,1.71440592846167,1.63146785278984,-3.91915168636323,-4.07873036260948,-4.11720748883397,-5.77535790054638,-5.88458188391692,-5.94151109595873,-2.39577450704713,-2.57479979434907,-2.36301719354811,-3.99348811908844,-4.17223690946573,-3.95389023647892,1.24269517116376
2023-07-07,1.1062636335,1.65242979552647,1.72341197784698,1.71605710257884,-4.01966082059343,-4.09089629535296,-4.33779329672161,-5.85699177645909,-5.91267788723906,-6.19879157327636,-2.45849364174975,-2.6078509879941,-2.49189966103506,-4.06745557924368,-4.21789309217283,-4.11037513772162,1.3881007441407
2023-07-10,-2.0419170904,1.60877067889952,1.71086832055269,1.6744636887195,-3.91189295083714,-4.06133368198412,-4.23238202028831,-5.77535790054638,-5.85699177645909,-6.13070913975088,-2.39146046156828,-2.58709414416759,-2.42938301323435,-3.99348811908844,-4.1903368788517,-4.01757818627602,2.70404973987182
2023-07-11,1.2978840557,1.72775756333223,1.75998409479907,1.83372927336644,-4.20786134676626,-4.18867081469538,-4.64251379879124,-6.13070913975088,-6.09736474800172,-6.48953709790213,-2.57646947645212,-2.64480729250928,-2.6707610712609,-4.17223690946573,-4.24589687828882,-4.2648106630244,2.01397194352078
2023-07-12,1.5685665476,1.69127656314979,1.738437189321,1.80386500465599,-4.11882576993896,-4.12477023777396,-4.56804314139013,-5.94151109595873,-5.97083964547419,-6.377053523008,-2.52096660681373,-2.62665086171991,-2.62642617906437,-4.1190266093712,-4.22717338317674,-4.22717338317674,2.24150811404375
2023-07-13,2.6758409786,1.69083588216989,1.74064394041592,1.82079501684797,-4.11822005757305,-4.14279306015344,-4.61060536341779,-5.94151109595873,-6.06437297219153,-6.41382852582449,-2.51971802617102,-2.61792329656534,-2.65141268145314,-4.1190266093712,-4.21789309217283,-4.24589687828882,3.11906310231144
2023-07-14,0.28294862241,1.86529880223703,1.83683772985238,2.01516821333616,-4.55456187232223,-4.374262240291,-5.11058391087374,-6.377053523008,-6.19879157327636,-6.82069455478462,-2.79135726861339,-2.76410257679217,-2.94256035406713,-4.37261665680319,-4.35254318194403,-4.510705523375,1.73879212682468
2023-07-17,-0.8316008315,1.75536861809304,1.74593880994471,1.87251012159238,-4.28061222338556,-4.15269888836018,-4.74426582913707,-6.19879157327636,-6.09736474800172,-6.52891368746087,-2.62029768009594,-2.62188492146764,-2.72784964346431,-4.21789309217283,-4.22717338317674,-4.32261762036111,1.90287149788319
2023-07-18,-0.54657082956,1.69318660109115,1.72388068729843,1.81263508755867,-4.12788008953524,-4.09821064090762,-4.58775157512403,-6.00106831530492,-5.94151109595873,-6.41382852582449,-2.52548681063755,-2.58832020971443,-2.6354296764431,-4.13655934064066,-4.1903368788517,-4.23649311335205,2.05840772478196
2023-07-19,1.9046902056,1.62015819081611,1.69776009408151,1.72702095843967,-3.94804068352137,-4.03470886879043,-4.36414172627157,-5.77535790054638,-5.85699177645909,-6.19879157327636,-2.4135741110412,-2.54628312650067,-2.50441884346603,-3.99348811908844,-4.14545004193039,-4.11037513772162,2.20527637857084
2023-07-20,-3.9893617022,1.67566245632609,1.72291995639972,1.81086856174526,-4.08897401817931,-4.09555065665309,-4.57895635521223,-5.91267788723906,-5.91267788723906,-6.41382852582449,-2.50118551582409,-2.58620417256329,-2.62873643889531,-4.11037513772162,-4.1903368788517,-4.22717338317674,2.19725389723654
2023-07-21,0.030778701148,2.20352233093407,2.03753005714301,2.19645749716665,-5.39959763959712,-4.86274301623196,-5.57098995505324,-7.22734560705484,-6.69436717962143,-7.41546197093214,-3.33034376079362,-3.07684269632322,-3.21696570267065,-5.02035662611321,-4.70583452745703,-4.94096348373784,3.4049156358741
2023-07-24,-0.92307692303,2.05432065782341,1.80937239390448,2.03643906328156,-5.02995249114875,-4.30667495174192,-5.15853119054753,-6.73561734786341,-6.19879157327636,-6.9116094488973,-3.0928346696129,-2.72028252314677,-2.97717475120259,-4.71860354018504,-4.32057310552577,-4.55080329450071,2.60642991379852
2023-07-25,0.25621118002,1.96315436849215,1.77554171357559,1.96596261665918,-4.80015407740618,-4.22411901749662,-4.98088277133329,-6.60913461750455,-6.13070913975088,-6.69436717962143,-2.94713070490193,-2.66853106160672,-2.87304808443288,-4.50711004874621,-4.26318078751657,-4.47459262000405,1.15124828598053
2023-07-26,-0.75892511422,1.8436197417246,1.72091544833842,1.83000846674534,-4.50456483399827,-4.09018285903033,-4.62866962522833,-6.377053523008,-5.91267788723906,-6.45102473622917,-2.7626321022907,-2.58620926009301,-2.66758964332165,-4.35027329769563,-4.18920142587627,-4.26318078751657,2.72475376579988
2023-07-27,0.078033554564,1.76576111950095,1.70137845208746,1.76724305073742,-4.31284919219248,-4.04283892308819,-4.46431412743819,-6.19879157327636,-5.85699177645909,-6.377053523008,-2.64340970518909,-2.55738797766632,-2.5712757365868,-4.2443966725807,-4.16228693858722,-4.17121526026313,2.42975747416564
2023-07-28,3.0877192981,1.66751009876107,1.67598185509206,1.64976341775251,-4.06833931225312,-3.98144151010614,-4.15865409586206,-5.88458188391692,-5.80233746122206,-6.09736474800172,-2.49138050481551,-2.51963686370036,-2.39156076205654,-4.10972452785323,-4.11832571798108,-3.993467487004,1.75429490819073
2023-07-31,1.1118674835,1.92528107171357,1.78807426391592,1.9189478415731,-4.71315516937126,-4.25365901643819,-4.85194829312069,-6.52891368746087,-6.16430627778036,-6.69436717962143,-2.89159008696189,-2.68701366865272,-2.80000433240726,-4.47459262000405,-4.27256285391786,-4.40068072672064,1.70434393536718
2023-08-01,-1.4886295631,1.84850801836718,1.72980847912212,1.85249267170927,-4.51930629609709,-4.11300397558854,-4.68235482067294,-6.377053523008,-5.94151109595873,-6.52891368746087,-2.77014125036661,-2.59839143713165,-2.70083821889143,-4.35027329769563,-4.19826725156761,-4.29154748103976,1.22756234867298
2023-08-02,-2.6425696712,1.83805540065674,1.74464871362113,1.89571514665319,-4.49534654345483,-4.14827390836331,-4.79152774695776,-6.377053523008,-6.06437297219153,-6.60913461750455,-2.75667269119514,-2.61881459906423,-2.76429572561892,-4.35027329769563,-4.21657969337989,-4.35027329769563,2.28894253535563
2023-08-03,0.54597925282,2.00938761123958,1.8827276910384,2.1153382918387,-4.91986040932516,-4.48651524722554,-5.35774050894092,-6.69436717962143,-6.377053523008,-7.11513159167273,-3.02187074452187,-2.84486926002064,-3.09545677708427,-4.63203887768358,-4.44243427629868,-4.71860354018504,3.05335639405275
2023-08-04,8.2693351953,1.89339299936958,1.76314028700745,1.97362319000942,-4.62859802405218,-4.19290876393343,-4.99673569039661,-6.45102473622917,-6.09736474800172,-6.69436717962143,-2.83891429769431,-2.6601897942477,-2.88466804833722,-4.44243427629868,-4.25375557363353,-4.47459262000405,5.06131044371402
2023-08-07,1.8986888299,3.52077606536158,2.88534598004412,2.57478648641293,-8.67118667939451,-6.9317292981997,-6.52468331101917,-11.144473184725,-8.63008085306667,-8.51596666131875,-5.35505377936633,-4.39369679538543,-3.78098692256778,-7.11513159167273,-6.2323996558963,-5.59909528696974,2.93238187158084
2023-08-08,-1.6031500492,3.30893606640523,2.2039387924328,2.53132130600171,-8.14703401754842,-5.27289408551844,-6.41168900894286,-10.2249397436333,-7.06131563040294,-8.51596666131875,-5.02633804842915,-3.32885803891675,-3.71522181967594,-6.73561734786341,-5.02035662611321,-5.46406551286585,2.13052143613393
2023-08-09,-1.493497213,3.11998891554685,2.19540996621549,2.49201169436267,-7.67906341628808,-5.25259242718901,-6.31018301735958,-9.4337960315,-7.06131563040294,-8.27479289517222,-4.73321926932262,-3.31353000221412,-3.65580771087884,-6.52891368746087,-5.00441464795514,-5.40106503918588,1.62451837495736
2023-08-10,0.51505259344,2.9533975138294,2.16906201036033,2.43880369532246,-7.24963951687931,-5.19005239043988,-6.18271939820086,-8.86442177557692,-6.9116094488973,-8.17030708815789,-4.46705998718782,-3.27131957417385,-3.57782180384644,-6.377053523008,-4.98845015366296,-5.32065722819101,2.67609748826656
2023-08-11,-0.10825635117,2.74070001978426,1.99340492379328,2.26049213954428,-6.71625720792219,-4.75829055341453,-5.72677124849381,-8.51596666131875,-6.56829617758889,-7.628278641592,-4.13086205333625,-3.0034711234627,-3.31185280956516,-6.00106831530492,-4.60815201766544,-5.00441464795514,1.87066302578561
2023-08-14,1.5605808831,2.54570657515107,1.88145741091095,2.09929720423494,-6.23692111384273,-4.48325588135101,-5.30896763904709,-8.17030708815789,-6.377053523008,-7.11513159167273,-3.82806972511833,-2.83038337632206,-3.06917521173194,-5.67252459311781,-4.43184285432434,-4.69316955349225,1.68494263344495
2023-08-15,-2.0630290959,2.42961323485963,1.87752081101514,2.07398935619364,-5.95480105075251,-4.47428136090038,-5.24210665150282,-8.069412889485,-6.377053523008,-7.06131563040294,-3.64954674765705,-2.82230678078561,-3.03127935741323,-5.40106503918588,-4.41099308221169,-4.63203887768358,1.94933502383187
2023-08-16,-1.8885741264,2.40348291162681,1.95137244574837,2.1777930976171,-5.89492587245803,-4.65544877236903,-5.50811137794343,-7.87485177745455,-6.48953709790213,-7.34994340857241,-3.60856074653697,-2.93747076981161,-3.18838468777742,-5.36034667893563,-4.50711004874621,-4.85198104621367,2.40256946010866
2023-08-17,-0.80698896872,2.35891041147243,1.99291323082752,2.23783104578369,-5.79376754033665,-4.75922928629649,-5.65842902178926,-7.706316318525,-6.56829617758889,-7.55441077491154,-3.54198384554578,-2.99626319127074,-3.27810990659354,-5.2632408186587,-4.5964136817708,-4.98845015366296,2.72813692965907
2023-08-18,-0.56724884316,2.22927997873366,1.89531346470428,2.13224051733097,-5.47349301908687,-4.52281870609627,-5.38392598785003,-7.34994340857241,-6.377053523008,-7.22734560705484,-3.34347744308478,-2.83418676769382,-3.11777727947804,-5.03644829819524,-4.44243427629868,-4.7444821571552,2.22740436949136
2023-08-21,1.0959315417,2.10085500388663,1.8301235600096,2.01482942443609,-5.15332353381723,-4.36541978445635,-5.07926206016216,-6.9116094488973,-6.19879157327636,-6.77745140157,-3.14744376698886,-2.72774611362538,-2.93876401770719,-4.7444821571552,-4.32057310552577,-4.50711004874621,1.54284039062097
2023-08-22,-0.31927531927,2.0016968059216,1.80057097423637,1.93779466899245,-4.90661713351786,-4.2932950503714,-4.87905878205487,-6.69436717962143,-6.19879157327636,-6.69436717962143,-2.99705419092467,-2.67840811412047,-2.82050284399914,-4.5964136817708,-4.26318078751657,-4.41099308221169,1.85519966940552
2023-08-23,0.94599627555,1.88471345157144,1.75592894047266,1.82062896588821,-4.61098782149967,-4.17963499179998,-4.57564856545596,-6.41382852582449,-6.09736474800172,-6.41382852582449,-2.81860886880797,-2.62144406935455,-2.64071122891892,-4.41099308221169,-4.207585350396,-4.23508372489826,1.4361255150168
2023-08-24,-2.7154663518,1.80155619652974,1.73746965231964,1.74555019342157,-4.39499175262747,-4.13021269814007,-4.38735708118098,-6.26707819673962,-6.00106831530492,-6.2323996558963,-2.68845166195008,-2.60543417169364,-2.52816948282192,-4.27256285391786,-4.1984857779858,-4.13638463914098,1.93580774069273
2023-08-25,1.0770631068,1.99520172274766,1.83817585350557,1.99140842576079,-4.88175744090641,-4.37780353762601,-5.02357764180961,-6.69436717962143,-6.19879157327636,-6.73561734786341,-3.00008379527714,-2.76999704549784,-2.91618249633884,-4.60815201766544,-4.35027329769563,-4.49624013015,3.28078362022377
2023-08-28,-0.090049527353,1.90918456088474,1.78012340631985,1.915102233997,-4.67157406475766,-4.23592880763474,-4.82486310530564,-6.48953709790213,-6.13070913975088,-6.6508907011,-2.86800941879371,-2.67806567744475,-2.79915367575444,-4.47459262000405,-4.25407658495353,-4.40068072672064,1.90081903884666
2023-08-29,1.3294276701,1.80146543289014,1.74101291484989,1.78800217801305,-4.40021019635849,-4.13923649038262,-4.49714738750129,-6.26707819673962,-6.06437297219153,-6.377053523008,-2.70187416349347,-2.61453054705983,-2.60607805352164,-4.28210986948743,-4.19910740154034,-4.19910740154034,1.47011467355138
2023-08-30,0.1185975836,1.76101003499234,1.73874872764117,1.77051208313613,-4.29921856399807,-4.1330102402307,-4.45375289722015,-6.19879157327636,-6.03222601224333,-6.33946524086078,-2.6380169368742,-2.61075471178978,-2.57966299079165,-4.22629980944682,-4.19910740154034,-4.16349498541278,1.45633116514405
2023-08-31,2.1766491449,1.6658376113019,1.71325795373313,1.65311206429963,-4.06193729888339,-4.07061123474216,-4.14922203282749,-5.85699177645909,-5.88458188391692,-6.06437297219153,-2.49373124130013,-2.55881562807039,-2.40027157767908,-4.09450424576436,-4.1459872800478,-3.98045313576139,2.32027220516374
2023-09-01,0.079704369273,1.75163113202532,1.75004114391196,1.79497576136051,-4.28501270764585,-4.15821832174103,-4.50935263831664,-6.19879157327636,-6.09736474800172,-6.377053523008,-2.6228544401321,-2.62421983155122,-2.61301801470208,-4.20812125503771,-4.20812125503771,-4.19910740154034,1.74641603931204
2023-09-05,-0.61540689267,1.65989663629742,1.71405915308628,1.67451335350685,-4.05278568270189,-4.0691119800932,-4.20176698976137,-5.85699177645909,-5.88458188391692,-6.13070913975088,-2.48120259704122,-2.56481835125184,-2.43155714927615,-4.06924795689738,-4.15472689287348,-4.01192635360606,1.36649544652208
2023-09-06,-1.3914183725,1.59735970712673,1.7018315964811,1.61341108922495,-3.89818423519408,-4.03835514534671,-4.04220514630189,-5.72387112580845,-5.85699177645909,-5.85699177645909,-2.37232651346823,-2.54379918109475,-2.32735797479516,-3.94940626344757,-4.12866225714457,-3.91137943836635,1.63880255811579
2023-09-07,1.8395390071,1.61538170614325,1.70972266409903,1.67668345569482,-3.94594855087762,-4.05918821681648,-4.2030150026929,-5.74984366914143,-5.85699177645909,-6.13070913975088,-2.40102347155136,-2.56677047920146,-2.4223426854237,-3.98045313576139,-4.15472689287348,-4.0039835288206,2.0190727538955
2023-09-08,0.27566195131,1.66165203405237,1.72821305630689,1.75855863240448,-4.05962512599489,-4.09763292729249,-4.41378840155478,-5.85699177645909,-5.94151109595873,-6.30272179538077,-2.47019317242932,-2.58115520274711,-2.55665315738705,-4.06093068431615,-4.16349498541278,-4.1459872800478,1.39625083241651
2023-09-11,3.5231136513,1.5787355974561,1.69575245126267,1.64432986087782,-3.85469447612799,-4.0183628522449,-4.11753483060194,-5.72387112580845,-5.85699177645909,-5.94151109595873,-2.34499205233999,-2.5528446218467,-2.37384332495621,-3.93410821721346,-4.13729316266339,-3.95709818259756,1.88969629684519
2023-09-12,-1.3067784766,1.94415523342404,1.84812041436362,1.96150371189523,-4.76727562064856,-4.38466735349549,-4.93147736633956,-6.56829617758889,-6.2323996558963,-6.69436717962143,-2.90540895807744,-2.79849577046244,-2.86141946605627,-4.49624013015,-4.40068072672064,-4.47459262000405,1.37979890517418
2023-09-13,2.5631947887,1.90200319235469,1.79626606526578,1.96121901822784,-4.66233809006054,-4.2585680093606,-4.92743833661349,-6.48953709790213,-6.16430627778036,-6.69436717962143,-2.841957091461,-2.68228341754275,-2.85919686113768,-4.44243427629868,-4.25407658495353,-4.45306937020267,2.40309810170377
2023-09-14,-0.089748015307,2.0012803369859,1.90595193912478,2.1168730173927,-4.90681310631397,-4.52134956178295,-5.33107225675017,-6.69436717962143,-6.377053523008,-7.11513159167273,-2.99451198513328,-2.85011109267228,-3.08606726864115,-4.58481049467029,-4.45306937020267,-4.71860354018504,2.29508903060201
2023-09-15,-2.9919845219,1.88535389517901,1.78111946483952,1.96899280726155,-4.61517539161897,-4.2146969938459,-4.95400690549407,-6.41382852582449,-6.13070913975088,-6.69436717962143,-2.81081647628015,-2.65640290087185,-2.86656407975616,-4.41091828149156,-4.25311656810294,-4.47459262000405,2.00986501679962
2023-09-18,-0.2920435928,2.10299223856722,2.00466625197552,2.22941639427979,-5.15456915140778,-4.75447568483106,-5.62086756636239,-6.9116094488973,-6.52891368746087,-7.48284160707407,-3.16627629019417,-3.06258686720949,-3.2679889726992,-4.79690700085455,-4.68067207432385,-4.98845015366296,1.76224331008524
2023-09-19,-1.6788112588,1.9811329299626,1.82508954670433,2.07942053158407,-4.84815226083841,-4.31486996783492,-5.23719771588833,-6.69436717962143,-6.19879157327636,-7.06131563040294,-2.96818239521086,-2.77692331944238,-3.04298282138922,-4.51811016947847,-4.36125871162013,-4.64406447994812,1.79229656318976
2023-09-20,-1.7002107098,1.97456300685615,1.85961138973817,2.11994706243678,-4.83008592352699,-4.40055037841275,-5.34004453484303,-6.69436717962143,-6.26707819673962,-7.11513159167273,-2.95788117056679,-2.8255056204272,-3.10403286291,-4.50738686300552,-4.41208325902922,-4.7444821571552,2.0355809938689
2023-09-21,-4.4053514672,1.96917340790144,1.88307839972474,2.15920698489393,-4.82008155808446,-4.45718011430491,-5.43704939667108,-6.6508907011,-6.33946524086078,-7.22734560705484,-2.95739918781861,-2.85746444395956,-3.16078282333617,-4.50738686300552,-4.44339331160464,-4.77034047903821,2.43855737742101
2023-09-22,-0.16237531891,2.47223854948769,2.53045101415315,2.57090846753494,-6.07105241671306,-6.02881315245802,-6.48029285005417,-8.069412889485,-8.069412889485,-8.51596666131875,-3.75045105194351,-3.89993685293345,-3.77832880059549,-5.49384942289012,-5.70555835277222,-5.56046790196154,2.58333727798306
2023-09-25,1.6651177199,2.30655436645236,2.05504425145871,2.38030180644475,-5.65945355164506,-4.87379637577628,-5.9898680103609,-7.55441077491154,-6.69436717962143,-8.069412889485,-3.49348735703676,-3.15248282954606,-3.48981935955776,-5.21748883543053,-4.74179064374286,-5.19952633654479,2.31510336987022
2023-09-26,-4.0298621163,2.23051708210707,2.0391715300358,2.33475857051273,-5.47416068151383,-4.82620883630267,-5.87218457538861,-7.34994340857241,-6.69436717962143,-7.87485177745455,-3.37636105278184,-3.10386253273257,-3.41884704824513,-5.07936272966311,-4.74179064374286,-5.11263713404356,2.19200561101091
2023-09-27,0,2.56751168120848,2.71112973333368,2.68314133865288,-6.31477372290546,-6.46053902164941,-6.78556063939338,-8.27479289517222,-8.51596666131875,-8.51596666131875,-3.90298472422522,-4.18342152499182,-3.98617271437392,-5.68260360980685,-6.06868655680169,-5.75705944209429,3.03217885678689
2023-09-28,0,2.39307397615495,2.19241468094067,2.47632382397093,-5.88159112622412,-5.2002713219179,-6.25562395651871,-7.87485177745455,-6.9116094488973,-8.17030708815789,-3.63357758827719,-3.37936949110608,-3.67201591259431,-5.35410205142273,-5.06927137761154,-5.39382397154767,3.36420430540024
2023-09-29,0.90490554048,2.23717266682082,2.00152687896747,2.29046754485587,-5.4889542460462,-4.73429130186743,-5.7807575472905,-7.34994340857241,-6.52891368746087,-7.706316318525,-3.39037840035332,-3.07251464476299,-3.39142085088413,-5.0856698006,-4.69832333152308,-5.0856698006,3.36899360623411
2023-10-02,1.8407803649,2.11757544301539,1.90401193604055,2.16030843678816,-5.18860440168034,-4.5446188173734,-5.44759258245618,-6.9116094488973,-6.377053523008,-7.28673584063,-3.20347339812991,-2.9187664155449,-3.19435411083112,-4.88376656091983,-4.48240441011611,-4.84131929403781,3.24367653114239
2023-10-03,-3.661362583,2.08417589482168,1.91660366251908,2.17021249278098,-5.10510817985822,-4.65692412778387,-5.47291722028429,-6.82069455478462,-6.48953709790213,-7.34994340857241,-3.15293695824954,-2.96181586171729,-3.20875688444621,-4.7361849073063,-4.50344427700204,-4.89836967473217,2.65697013705758
2023-10-04,1.8280949327,2.38699969905603,2.40321355062921,2.4838178518799,-5.87848741301212,-5.82430113659807,-6.3023275464466,-7.87485177745455,-7.706316318525,-8.27479289517222,-3.62334321348171,-3.74444966055613,-3.70337260874392,-5.31607485815444,-5.47599591915122,-5.43438792426786,2.63440392264538
2023-10-05,-0.81889763778,2.31755467442628,2.30546675422556,2.44202473069398,-5.70533863314938,-5.59006923593825,-6.19800649399301,-7.55441077491154,-7.41546197093214,-8.17030708815789,-3.51474794973199,-3.58771498513415,-3.64008240571322,-5.20683967683125,-5.2786420595163,-5.35439891474205,1.89316003288152
2023-10-06,1.5878056525,2.19229680674384,2.10261366923676,2.31183422841915,-5.3923401518944,-5.08321852054627,-5.86359612344316,-7.22734560705484,-6.77745140157,-7.78749411294348,-3.31959757498849,-3.25914548095232,-3.442159367044,-4.99315943609633,-4.9626053401991,-5.137701533849,2.40958693822
2023-10-09,0.23444826511,2.12304883388438,2.0717748693664,2.26143148157653,-5.22397926101242,-5.01060033794482,-5.73116228753679,-7.00885972921143,-6.73561734786341,-7.628278641592,-3.21431881014002,-3.20956447447427,-3.36275195556487,-4.90225882999478,-4.8877058204931,-5.03990651205755,2.11819094728431
2023-10-10,0.95119288944,1.99188909562124,1.89922132917752,2.09933453750174,-4.89524134030799,-4.60988074729452,-5.312131454296,-6.69436717962143,-6.41382852582449,-7.11513159167273,-3.01095525471551,-2.95161124211031,-3.11323389717141,-4.61890354581095,-4.48737931380268,-4.72778785789766,1.62641691785501
2023-10-11,1.8149521162,1.89912676140683,1.83071509952324,1.99478109216419,-4.66093244259655,-4.40929440198724,-5.04353016388398,-6.48953709790213,-6.26707819673962,-6.73561734786341,-2.86579310842048,-2.82240872068799,-2.95242058552379,-4.45610702926974,-4.40482419144586,-4.49775453582635,1.64062385527051
2023-10-12,0.37927634075,1.89308726216545,1.86370572467019,2.02450572535118,-4.65080785043387,-4.4088533908329,-5.11607471776589,-6.48953709790213,-6.26707819673962,-6.82069455478462,-2.8592957479861,-2.87674105431425,-2.99569356671375,-4.43538289752468,-4.45610702926974,-4.58432321835071,3.19976367197059
2023-10-13,-1.9194438148,1.78382854864584,1.77153345337954,1.88768018026903,-4.37505148011973,-4.18895193962473,-4.7608891157662,-6.16676585709643,-6.06868655680169,-6.56829617758889,-2.69397257307479,-2.73124772366871,-2.78495607815989,-4.26029354189767,-4.31637276865723,-4.36493565351988,2.87400539104926
2023-10-16,2.126512058,1.83860969796068,1.82028436896981,1.9966808524803,-4.5147869620092,-4.30689525678865,-5.03802778898956,-6.377053523008,-6.16676585709643,-6.73561734786341,-2.78204899591783,-2.8087413662919,-2.94992827932015,-4.35516488465494,-4.39474668378544,-4.48737931380268,1.93296466415041
2023-10-17,-0.81478687298,1.88684372847761,1.8777721568119,2.0715551851214,-4.63982684974576,-4.45477838425103,-5.24174169033878,-6.45102473622917,-6.33946524086078,-7.06131563040294,-2.8478165700745,-2.87651468455374,-3.06773184596309,-4.44121446980327,-4.46215308682185,-4.67455146583106,2.74391583974505
2023-10-18,-2.540503537,1.81099833619076,1.78222614729343,1.98515696016233,-4.44612818327692,-4.2292568960902,-5.02198415816302,-6.33946524086078,-6.10096159367241,-6.73561734786341,-2.72815079369022,-2.73909747108353,-2.93804909870412,-4.32105895308,-4.34053215601534,-4.49375922579527,2.30587096029227
2023-10-19,0.21072348391,1.96141304341135,1.96064143932145,2.17604131788337,-4.82388151369996,-4.66560685901952,-5.5106569169628,-6.6508907011,-6.48953709790213,-7.34994340857241,-2.96300778883593,-3.01035019192115,-3.23001835908393,-4.50424842832245,-4.62681348115588,-4.9598745881964,4.39075951253061
2023-10-20,-2.5155763239,1.84717770450541,1.78369106299662,2.02076363440097,-4.53490495317639,-4.26380164490691,-5.11215137306412,-6.377053523008,-6.13344742145439,-6.82069455478462,-2.78411701527115,-2.7372085715523,-2.99254686408948,-4.37007179923625,-4.34053215601534,-4.58040908637214,4.28602725788153
2023-10-23,1.1104897339,1.9861876663076,1.9504973463024,2.20116082651975,-4.88109416755114,-4.67433465359258,-5.57611880443853,-6.69436717962143,-6.48953709790213,-7.41546197093214,-2.99903533172343,-2.9824850650165,-3.26940787086917,-4.59181365633237,-4.53617133940347,-4.97550945839273,2.7142531316437
2023-10-24,1.580278129,1.90711971325869,1.85259379548668,2.09736504474205,-4.67703382401051,-4.45201219205665,-5.32158690073375,-6.48953709790213,-6.33946524086078,-7.11513159167273,-2.87109488478,-2.83253984176294,-3.11936223083536,-4.46215308682185,-4.43086353292597,-4.73711569662992,2.89190525266464
2023-10-25,-5.5771624145,1.87569053241784,1.81770715326768,2.07475739218199,-4.60074543592825,-4.3981550134123,-5.26154032558468,-6.41382852582449,-6.23260177582222,-7.06131563040294,-2.82362506286189,-2.79188625366342,-3.08323651786481,-4.41034772896218,-4.37007179923625,-4.69923264109308,3.79604395350966
2023-10-26,-1.4992997776,2.72257876626392,2.74872833058087,2.57467671807046,-6.73438289501574,-6.68236138016265,-6.61735998299224,-8.51596666131875,-8.51596666131875,-8.51596666131875,-4.13728984516714,-4.27768627718156,-3.84382652978645,-6.02918884001639,-6.15642193705088,-5.63298251704737,6.25500154885822
2023-10-27,6.8328175965,2.59782599911125,2.41604746161178,2.51364361216755,-6.42729854790994,-5.86486715873843,-6.45478918236786,-8.51596666131875,-7.78749411294348,-8.51596666131875,-3.94485643479253,-3.7440949117473,-3.74912860131747,-5.70549907997123,-5.47721479258916,-5.47721479258916,7.23190833776608
2023-10-30,3.8907155158,3.4858689692258,3.6693454452139,3.10033800709182,-8.60057583520558,-9.01479688757406,-7.96703691698515,-11.144473184725,-11.144473184725,-10.2249397436333,-5.35070909506233,-5.78627562180635,-4.64070817938151,-7.06989720410882,-7.706316318525,-6.43319081129592,4.97058193291781
2023-10-31,0.28633863312,3.52909612524037,3.48010054660406,3.30042067351273,-8.70113808715302,-8.55270686348944,-8.48606861301406,-11.144473184725,-11.144473184725,-11.144473184725,-5.43396614210537,-5.49976651010276,-4.95076952229078,-7.1757773822875,-7.29085070877,-6.66838567345581,2.26290307229289
2023-11-01,2.9378615973,3.25010460880929,2.9040327208732,3.02291125130385,-8.00632125779875,-7.12313655239474,-7.76909766926607,-10.2249397436333,-8.74240589750714,-9.4337960315,-4.98359198212473,-4.56038947698342,-4.52748545237697,-6.66838567345581,-6.36136938362549,-6.36136938362549,3.26670533429891
2023-11-02,0.78102189782,3.1879518289153,2.92200693391638,3.07714191522342,-7.85130118079672,-7.17388087380866,-7.90703332927765,-9.89595989097143,-8.86442177557692,-9.89595989097143,-4.89359068637284,-4.5940703766117,-4.61025503403927,-6.66838567345581,-6.397095203598,-6.397095203598,2.33769063004605
2023-11-03,0.38386325778,2.95812100981582,2.64734850607317,2.84574280049456,-7.27420573373723,-6.48977008700614,-7.30484699353287,-8.86442177557692,-8.51596666131875,-8.86442177557692,-4.52689729277409,-4.15158099247065,-4.25592657696352,-6.36136938362549,-6.06049448776333,-6.12385630064483,1.48364894626341
2023-11-06,0.8225108224,2.74350568539337,2.44348319223498,2.62312508992734,-6.73204127407707,-5.97955469238778,-6.72488662419964,-8.51596666131875,-8.069412889485,-8.51596666131875,-4.18671472690731,-3.82650768249735,-3.91568696504765,-6.06049448776333,-5.63298251704737,-5.70549907997123,1.69455549426032
2023-11-07,2.1253756977,2.56318939994704,2.31338220421234,2.44527468817921,-6.27415025983499,-5.65687323532361,-6.26388618606802,-8.17030708815789,-7.55441077491154,-8.17030708815789,-3.90155180271726,-3.62028692833636,-3.64659622098131,-5.68117872878919,-5.31894395218022,-5.35690187541348,1.98512030300932
2023-11-08,-0.44145469828,2.49853389673421,2.41846635368806,2.45744717263389,-6.11815303071227,-5.92062925160458,-6.29642576369314,-8.069412889485,-7.96849737507619,-8.27479289517222,-3.8031316444575,-3.78185018041081,-3.66365152455344,-5.56384326338861,-5.56384326338861,-5.39593130997241,1.39435682277622
2023-11-09,-1.0416666667,2.33595000296674,2.23591635130452,2.28717522626486,-5.70157222934814,-5.46594467346706,-5.86177013305912,-7.55441077491154,-7.29085070877,-7.78749411294348,-3.54898685932336,-3.49304899162514,-3.40873852232174,-5.24577622693368,-5.19265064370612,-5.09153232808077,1.57113070136118
2023-11-10,2.1052631579,2.21916520592904,2.16605140326353,2.20220478669789,-5.41452442971867,-5.29446379483985,-5.63644084490418,-7.1757773822875,-7.06989720410882,-7.55441077491154,-3.36800568283315,-3.38187839970609,-3.27643312011526,-5.07523424695429,-5.09153232808077,-4.98092975529459,1.29550059053751
2023-11-13,-0.67567567567,2.2045456382865,2.27039935074156,2.24832908723123,-5.38910284019242,-5.56017213898037,-5.75885466947072,-7.1757773822875,-7.35207233105517,-7.706316318525,-3.34177160267918,-3.55491864225673,-3.34546343373545,-5.02738571807963,-5.24577622693368,-5.02738571807963,1.28949606870528
2023-11-14,2.2512097623,2.07956182002814,2.11319793315451,2.12625065485139,-5.07615380024822,-5.16558260168492,-5.43662555765893,-6.74817606042195,-6.87649242167632,-7.1757773822875,-3.15094816533694,-3.30058184243771,-3.15716849639645,-4.74367856161328,-4.99639048703,-4.76890845368095,1.63287057257558
2023-11-15,-1.7832647462,2.10687867021201,2.24844806337984,2.20779281412803,-5.15455025960632,-5.51070117839844,-5.65171952166826,-6.87649242167632,-7.29085070877,-7.55441077491154,-3.1889460861014,-3.52199280076617,-3.28059503926196,-4.84843640540917,-5.22802728178542,-4.99639048703,1.95224504941023
2023-11-16,-0.25837988815,2.09399344127974,2.29471002952313,2.24497700144128,-5.12770701743535,-5.63270171933119,-5.74466527676981,-6.7896062512775,-7.55441077491154,-7.628278641592,-3.16714128015866,-3.59081288528929,-3.3362598076681,-4.79480913988306,-5.28185195580645,-5.02738571807963,2.16171838602886
2023-11-17,1.6453126093,1.9671450356184,2.0806434359901,2.09020472033888,-4.80373281639711,-5.09047128814747,-5.34514043698797,-6.58620190188222,-6.74817606042195,-7.06989720410882,-2.97153395454142,-3.24597133279799,-3.10134101548471,-4.5220302765102,-4.98092975529459,-4.73095256893566,1.39802678978313
2023-11-20,0.65436010464,1.93401393517549,2.08305068794351,2.07927483233659,-4.72479568406462,-5.09783694745493,-5.31647175791202,-6.5086636603766,-6.7896062512775,-7.06989720410882,-2.920992251835,-3.25040126663159,-3.08283949990074,-4.50103038813557,-4.98092975529459,-4.70593439508855,1.58051488027669
2023-11-21,-1.5260384589,1.82785489562938,1.93910657134325,1.9506621179054,-4.45386966239311,-4.73163209917249,-4.97831933429297,-6.32480557112308,-6.5086636603766,-6.66838567345581,-2.76114930138617,-3.01316856780735,-2.88511542162335,-4.35792761413067,-4.63375033468394,-4.46948867450395,1.87442347913373
2023-11-22,1.9527449618,1.82781248591049,1.96431835733008,1.98458419881466,-4.45811020136613,-4.79380978416673,-5.06429208719537,-6.32480557112308,-6.58620190188222,-6.74817606042195,-2.75826082909122,-3.05498037669027,-2.93716919433702,-4.35792761413067,-4.65733611219037,-4.50103038813557,2.04604077782251
2023-11-24,0.020448503892,1.85443319591038,2.01737207724454,2.03875442759209,-4.52912364487852,-4.92926908614252,-5.20558524884958,-6.36136938362549,-6.66838567345581,-6.87649242167632,-2.7994134241111,-3.13197510319824,-3.01817419497526,-4.40762016527658,-4.74367856161328,-4.63375033468394,1.54942717561055
2023-11-27,0.67466266864,1.74935978009642,1.86164106941972,1.89413615335076,-4.25778274908646,-4.53437737832185,-4.83057669170532,-6.12385630064483,-6.36136938362549,-6.66838567345581,-2.63578522474732,-2.88474294637277,-2.80073362342379,-4.22647566994576,-4.46948867450395,-4.40762016527658,1.82495890894062
2023-11-28,-0.47383740603,1.66549967995324,1.78741832698507,1.78643908354079,-4.04600990061931,-4.34428694715929,-4.54812516454254,-5.83152898717647,-6.15642193705088,-6.36136938362549,-2.50969145941297,-2.75945827570022,-2.6344277142763,-4.08871166599275,-4.35792761413067,-4.22647566994576,0.986032190287797
2023-11-29,-0.4828946473,1.59367682755606,1.73922729181105,1.69416065588277,-3.86294238784089,-4.22464524993698,-4.30703441417079,-5.68117872878919,-6.09208364148305,-6.15642193705088,-2.39877205994732,-2.68932085446382,-2.49574004849482,-3.97780718239952,-4.27211918187209,-4.08871166599275,1.02867932194722
2023-11-30,-0.15718972118,1.52889660169141,1.70939130883268,1.61457329040222,-3.70222969143027,-4.15016266843354,-4.09649046082133,-5.41591155281163,-6.02918884001639,-5.91227250657077,-2.30189432065519,-2.64138513406886,-2.3728505186176,-3.89578339860046,-4.23550193469489,-3.95504609888286,2.73073556495456
2023-12-01,0.64343897593,1.45898037487323,1.68491955954182,1.51585552023337,-3.52919214857687,-4.09213635462098,-3.83841895894914,-5.22802728178542,-5.88475604037879,-5.63298251704737,-2.19402828003661,-2.6040262921038,-2.22184823292815,-3.76388909993207,-4.19089251807127,-3.80432698523117,1.52896253092624
2023-12-04,-1.4894919404,1.40976711398774,1.67326250028068,1.44251057982072,-3.40946720082852,-4.06325373951281,-3.64585930608119,-5.09153232808077,-5.83152898717647,-5.35690187541348,-2.11531330453779,-2.58258818966559,-2.11004065792503,-3.64462370584805,-4.18211627403901,-3.64462370584805,1.87467414100776
2023-12-05,1.408450704,1.48262468003398,1.68977663705128,1.54721167893379,-3.58411918184548,-4.10266071531101,-3.92168047189889,-5.28185195580645,-5.91227250657077,-5.70549907997123,-2.22912951022741,-2.60295558589986,-2.27157987298351,-3.80432698523117,-4.19089251807127,-3.8598130064417,2.60488439702839
2023-12-06,-1.6067538126,1.50047419170212,1.69217051873777,1.57669608535833,-3.62964231242398,-4.11330439051766,-4.00155323811267,-5.33777228358556,-5.91227250657077,-5.77974230941286,-2.25377029892972,-2.60390293961321,-2.31636785776844,-3.82488254062807,-4.19089251807127,-3.90311715046636,1.70880546967613
2023-12-07,1.6329919734,1.56946540171403,1.70883488151539,1.68009617056179,-3.80175737074792,-4.14808833525381,-4.26959470953264,-5.56384326338861,-6.02918884001639,-6.15642193705088,-2.35670473859619,-2.63047728414127,-2.47543968236514,-3.94007339292358,-4.21752636575056,-4.06418833214439,1.73882173520168
2023-12-08,0.36764705892,1.59824395864884,1.7142250370946,1.72794752327252,-3.88169692080725,-4.16553694738829,-4.39476188067987,-5.68117872878919,-6.06049448776333,-6.22068469652545,-2.39958979053829,-2.6416736273077,-2.54607117070635,-3.97780718239952,-4.23550193469489,-4.13888945875187,1.39135537092366
2023-12-11,-1.0378510378,1.52345744717148,1.67589860657341,1.61852630098003,-3.70295343237072,-4.07513420155435,-4.11049006976823,-5.43606762415294,-5.85791546770597,-5.91227250657077,-2.27929977475461,-2.58369357137383,-2.37725082696068,-3.8598130064417,-4.18211627403901,-3.96259774055311,2.28131716559038
2023-12-12,1.0898622249,1.51395808241508,1.67256992898381,1.62254850288347,-3.68569921335792,-4.06944653623684,-4.12021311988595,-5.41591155281163,-5.85791546770597,-5.91227250657077,-2.26250637971985,-2.57448691340761,-2.38261303897452,-3.82488254062807,-4.1646958754462,-3.96259774055311,1.74891957914089
2023-12-13,0.92215893692,1.49138287808184,1.66355678572451,1.5931303497676,-3.63414560830852,-4.05286681332947,-4.04337171102947,-5.33777228358556,-5.83152898717647,-5.83152898717647,-2.22530556302234,-2.56180850659795,-2.33689164246202,-3.80432698523117,-4.15604409967946,-3.92516998680187,2.43672304069345
2023-12-14,-0.95404461181,1.45786030789458,1.65077942103862,1.54518455457293,-3.55474288657311,-4.03307093558485,-3.91800412134383,-5.24577622693368,-5.83152898717647,-5.70549907997123,-2.17168348170795,-2.54528824844733,-2.26256930507023,-3.73122480282521,-4.13888945875187,-3.82488254062807,2.24376605457518
2023-12-15,1.7297517297,1.44893105952688,1.64781248846509,1.54676477146094,-3.53841480698192,-4.02566790314005,-3.92009825491385,-5.22802728178542,-5.8054178731058,-5.70549907997123,-2.15896963319328,-2.54116436505905,-2.2637102070732,-3.71201647516898,-4.13888945875187,-3.83176283104009,1.66837034782499
2023-12-18,2.7338801094,1.51071912212406,1.66707190550876,1.6298226471709,-3.69873203354934,-4.05767195535172,-4.1363284140273,-5.41591155281163,-5.83152898717647,-6.02918884001639,-2.25610109985296,-2.5663488135048,-2.38826513437105,-3.82488254062807,-4.1646958754462,-3.97017656233029,1.24520974096853
2023-12-19,-0.18173557473,1.73490203645704,1.76083170453401,1.85511288227852,-4.25811740372767,-4.2797996522304,-4.72277148741285,-6.12385630064483,-6.15642193705088,-6.5086636603766,-2.60346713764664,-2.70073955665701,-2.73099280856692,-4.19089251807127,-4.29065189221412,-4.32862584140181,1.27267209114562
2023-12-20,-1.0858963521,1.64581767588779,1.68812708361269,1.73764921194169,-4.04456208959104,-4.10282633072435,-4.41711927457809,-5.83152898717647,-5.91227250657077,-6.28903199574151,-2.46405444270621,-2.59114357711021,-2.55203934253446,-4.04807328845657,-4.18211627403901,-4.14743614107204,1.80801224853953
2023-12-21,1.1306863003,1.62144459638407,1.6783919879785,1.73338859070096,-3.98757561434245,-4.07569791989507,-4.40395698493074,-5.75452568114225,-5.85791546770597,-6.22068469652545,-2.4287981256364,-2.57532018386811,-2.54405617988476,-4.0007219390598,-4.1646958754462,-4.13888945875187,1.50284487400366
2023-12-22,-0.2730109205,1.5855580932176,1.6659513411402,1.69621912180514,-3.90092338526633,-4.03864835990878,-4.30619875143501,-5.68117872878919,-5.83152898717647,-6.15642193705088,-2.37562344283705,-2.55381825641632,-2.48560162110755,-3.95504609888286,-4.14743614107204,-4.07230296172462,0.71379040752032
2023-12-26,-0.0065180550337,1.51641510840748,1.6428776748884,1.60121019180538,-3.72872871136678,-3.97875629017304,-4.05675149653868,-5.45644529944524,-5.72986891826944,-5.83152898717647,-2.26928659480392,-2.51916471356493,-2.33965398827426,-3.84569260256844,-4.10516895737435,-3.93262470663521,0.430079487316542
2023-12-27,-0.045629359101,1.45076794476233,1.62647111722062,1.50186138014525,-3.56259439357999,-3.93675374263731,-3.79667778559816,-5.26370060975,-5.70549907997123,-5.56384326338861,-2.16493871073121,-2.49687105412016,-2.1879571934824,-3.72478187173457,-4.08871166599275,-3.7572812154584,0.690930691107254
2023-12-28,0.026085822174,1.39094216459945,1.61564755700617,1.41216157594313,-3.4131735658598,-3.90948514663702,-3.56131183316776,-5.09153232808077,-5.70549907997123,-5.26370060975,-2.0746958069589,-2.48240904384518,-2.05041176264692,-3.60337840732281,-4.07230296172462,-3.58594629323571,0.498136460505871
2023-12-29,-0.93884469943,1.33718682829523,1.60406146351512,1.32772957037037,-3.27265005550994,-3.88967143330525,-3.33983568110041,-4.98092975529459,-5.68117872878919,-5.02738571807963,-1.98550921836436,-2.47072785928368,-1.92089476311971,-3.51803961959712,-4.0561078412264,-3.47471628195804,0.81623536736796
2024-01-02,-1.3228906148,1.34748919621157,1.60340557431273,1.3572252465822,-3.30231558897863,-3.88167450088858,-3.41978242048991,-4.99639048703,-5.68117872878919,-5.10778238168252,-2.00105321773148,-2.4197864937653,-1.96330419555512,-3.54773867672426,-3.9898566911761,-3.4869793051894,2.05404913580353
2024-01-03,-0.97378776763,1.39806455196556,1.6143242077764,1.44531333838571,-3.43079465824007,-3.91331810997956,-3.64467385873768,-5.1242589483402,-5.70549907997123,-5.35690187541348,-2.08221246368138,-2.44418809254597,-2.09724806548377,-3.61717751055538,-4.04493546265202,-3.6289948812593,1.99264250221135
2024-01-04,-2.6267932915,1.40029443539534,1.60939714807085,1.46406852938833,-3.43944789301969,-3.90805032215508,-3.6902494547367,-5.158041634605,-5.70549907997123,-5.41591155281163,-2.08709951189558,-2.44384181610895,-2.12615049713115,-3.61717751055538,-4.04493546265202,-3.65290038964567,2.0354811100766
2024-01-05,0.46344331458,1.67012201289846,1.69828248625554,1.72445045662381,-4.1235242726822,-4.14489681261974,-4.36358723448127,-5.94022768595469,-6.02918884001639,-6.15642193705088,-2.5110224096919,-2.61793785985031,-2.54313906083285,-4.09419808053281,-4.20614341996089,-4.14482262748548,1.68225864935746
2024-01-08,2.6576700635,1.58417191267304,1.62640995876315,1.61236753474256,-3.90403747376354,-3.97556736962182,-4.09759482740567,-5.68117872878919,-5.72986891826944,-5.91227250657077,-2.36069286987049,-2.51168122229514,-2.38202912462618,-3.9443613233436,-4.09419808053281,-3.96705580625625,1.49848513689403
2024-01-09,1.5224681421,1.73743992785192,1.71223733349638,1.81282156995634,-4.30109817877279,-4.22080863009165,-4.574286823378,-6.06997865512321,-6.00751188142241,-6.268651856798,-2.61049756927176,-2.65506489752628,-2.70343094996319,-4.16799115982022,-4.22143397880756,-4.25800642077262,1.37681538154977
2024-01-10,1.5590936116,1.72551893726557,1.69675148619874,1.81606879783943,-4.26627495008916,-4.09242850170035,-4.59369517182575,-6.03835824056842,-5.80610235292308,-6.30321458071225,-2.58534322355743,-2.62366097000301,-2.6989685436236,-4.15428235187933,-4.18059481999489,-4.26256900359521,1.51102817131621
2024-01-11,0.94321212509,1.71758167612751,1.69278101214152,1.82921252942501,-4.25218759110191,-4.08294085251475,-4.62601892620336,-6.03835824056842,-5.78004682744394,-6.30321458071225,-2.57333470473096,-2.6153144908901,-2.71742042015716,-4.13688077454917,-4.17178740880565,-4.29091585403719,2.59226606739219
2024-01-12,-0.36087124618,1.66043214966235,1.64527795352786,1.75760361102417,-4.1109699532969,-4.00896003455258,-4.43902182460482,-5.83281980003281,-5.72906746351912,-6.23318909751765,-2.48380706811191,-2.54290204034763,-2.60527036070473,-4.04463779503958,-4.11110710814076,-4.16299119081348,1.41212772088288
2024-01-16,-0.94425042053,1.59324883388577,1.60659553525493,1.66303687379857,-3.93514167316968,-3.96544551512588,-4.19725759518339,-5.63200259879028,-5.65568051254084,-6.00751188142241,-2.38030565671925,-2.4804947206763,-2.46271100914441,-3.93521508197524,-4.03654037415337,-4.02046097551641,1.78372033406787
2024-01-17,-0.94672238183,1.56667188214884,1.59632373529942,1.64500188829388,-3.86605878302608,-3.85227427465521,-4.15161758042045,-5.60835589322466,-5.60835589322466,-5.97682073797966,-2.33827095438164,-2.46450377166375,-2.43680539187201,-3.90533543630762,-4.02046097551641,-3.99656215019747,1.18614833514015
2024-01-18,1.1798826708,1.54190891550234,1.58869409561229,1.63088575468965,-3.80828083334025,-3.83573625604513,-4.11266040667717,-5.51610851581169,-5.561459007608,-5.83281980003281,-2.2984267575236,-2.4452469746652,-2.4134835465688,-3.85416372414147,-4.01243417335714,-3.95037973464706,1.24027276151308
2024-01-19,1.1986970685,1.52161370103992,1.58207668224515,1.61316782970377,-3.76232791860147,-3.83307372169634,-4.06436241301374,-5.451264797225,-5.561459007608,-5.78004682744394,-2.26408715969191,-2.44113034927832,-2.38353685692363,-3.8117379356704,-4.0044691573533,-3.93521508197524,1.02504079632615
2024-01-22,-0.36049954942,1.50720380508878,1.57659988558976,1.5949700717171,-3.72214701647371,-3.83184110883381,-4.02612093032841,-5.36986312295238,-5.561459007608,-5.72906746351912,-2.22679535754234,-2.39621656523723,-2.3499154591317,-3.77887583075507,-3.9527653534468,-3.90743704548469,1.72426013736232
2024-01-23,0.80113709773,1.45612192348914,1.5577833560676,1.51545436241561,-3.58863199768606,-3.78215369244946,-3.82411482728569,-5.21972811048913,-5.49418425747051,-5.561459007608,-2.14573580074385,-2.3684822128148,-2.23146434284941,-3.6553701358561,-3.92240349563333,-3.77887583075507,0.709468788175774
2024-01-24,0.54480194849,1.41914167882393,1.54960910576962,1.46223707576849,-3.49778354001614,-3.76322916011884,-3.68412542767776,-5.16729866659368,-5.451264797225,-5.35024879784471,-2.09003538757845,-2.35542513763316,-2.14817912900599,-3.58964953307004,-3.91490788121538,-3.6553701358561,1.30741768562534
2024-01-25,0.56097405486,1.37452567268263,1.53941498076029,1.38946206535434,-3.3850485192529,-3.74364979067482,-3.49476513860402,-5.0649501206703,-5.4098973421939,-5.16729866659368,-2.02087748138934,-2.33224252129888,-2.03595576638464,-3.53768897425075,-3.8851929001,-3.54340876604491,1.9920497299744
2024-01-26,0.86846275753,1.33594411390415,1.52995845079675,1.32246486557503,-3.2854503149422,-3.71752852652672,-3.32328356393259,-4.96863134243551,-5.36986312295238,-4.98423574223962,-1.95954181005107,-2.3204947602685,-1.93478930969901,-3.46031757365429,-3.87784836452676,-3.45496490804057,1.7257391730308
2024-01-29,1.344896933,1.31800974039494,1.52610014310798,1.29778385848036,-3.2412859184929,-3.70734232828405,-3.2578433496829,-4.9529981750463,-5.36986312295238,-4.9529981750463,-1.93255386647795,-2.31684824510525,-1.89597014786379,-3.45496490804057,-3.87784836452676,-3.42276702116411,0.737462011216577
2024-01-30,-1.4014634751,1.34622599711436,1.5326708531486,1.34676608567258,-3.311977990791,-3.72771575372995,-3.38516627502397,-4.96863134243551,-5.38968866781205,-5.0649501206703,-1.97552968492444,-2.31601032199353,-1.97050008611854,-3.47643209981336,-3.87784836452676,-3.46031757365429,1.14696967309438
2024-01-31,-2.3899371069,1.40384181459954,1.54808806837211,1.44368301288945,-3.45517883199919,-3.77539621479438,-3.63858929711634,-5.13242024255464,-5.47248449568101,-5.29280705894091,-2.06362823807056,-2.3374797807246,-2.12119389731169,-3.57796834408842,-3.90743704548469,-3.62514133954024,3.33124658950555
2024-02-01,2.6288659794,1.60814035344362,1.63192818984912,1.66814026313344,-3.96588381572625,-3.98166788121524,-4.2245825313161,-5.65568051254084,-5.67962968051571,-6.00751188142241,-2.3902442117231,-2.47539607392204,-2.47786744223618,-3.94510786743971,-4.03951142236094,-4.03951142236094,3.00373050535307
2024-02-02,7.8666499247,1.76933733306128,1.77533975792266,1.86588902091308,-4.3765424480432,-4.33444826443764,-4.73461975555944,-6.06997865512321,-6.06997865512321,-6.41108578940652,-2.63758035358513,-2.70990996981942,-2.78088119129964,-4.20264911205838,-4.27681401140364,-4.34520774807215,5.73440189426015
2024-02-05,-0.87305744719,3.22842048442883,3.29396565295568,2.43297972478175,-8.06000172952749,-8.09432971630683,-6.18437881522062,-10.07047854736,-10.07047854736,-8.01325494166667,-4.87485650892359,-5.0956142036725,-3.63843687300556,-6.56531757699048,-6.68171805964359,-5.29280705894091,2.14946820908933
2024-02-06,-0.6811109155,2.9996049510622,2.50748601766681,2.3054468594447,-7.47114308575247,-6.13063974238166,-5.84968764835044,-8.68668644645833,-7.91531642445789,-7.64159631239545,-4.52862591806647,-3.87251399060813,-3.44312465304133,-6.268651856798,-5.60835589322466,-5.13242024255464,1.58339864962044
2024-02-07,0.81584392556,2.79789817524101,2.05705312308552,2.1768459994805,-6.95046256065062,-5.00935618912653,-5.51524013339797,-8.46099764792857,-6.60342019394878,-7.16304398407241,-4.23757660810493,-3.15738461968823,-3.24583560099547,-6.00751188142241,-4.73921191244797,-4.9529981750463,1.29872316867283
2024-02-08,-0.40462088782,2.6225962054318,1.83263089494668,2.05340084573043,-6.49590516662283,-4.46755870039214,-5.18640914298167,-8.35054805707333,-6.268651856798,-6.76512071077568,-3.93101038618834,-2.7822892322166,-3.05216812186612,-5.63200259879028,-4.35516403247134,-4.63902654924733,1.12082789998577
2024-02-09,2.7143193593,2.47378828765376,1.71177281922592,1.93172649198927,-6.10921341920366,-4.15926973034974,-4.87708236049498,-7.91531642445789,-5.97682073797966,-6.56531757699048,-3.7117991262054,-2.59596084049849,-2.86809461273665,-5.36986312295238,-4.15814854982079,-4.44820527925878,1.0799996885486
2024-02-12,-1.2095156205,2.48770988600934,1.8710381128916,2.1060086878084,-6.14780748207901,-4.54912717559476,-5.34052379294652,-7.91531642445789,-6.268651856798,-6.9508866428697,-3.71897905534829,-2.85842496073896,-3.14165943806475,-5.36986312295238,-4.42703386066733,-4.7138516476304,1.47721670350623
2024-02-13,-2.1469188814,2.38138558273739,1.81541929860864,2.06866363178455,-5.88397047396514,-4.40659582888139,-5.23977519212517,-7.72616635138095,-6.1648124739,-6.90190141538824,-3.5504295700567,-2.7695316359252,-3.06881803034267,-5.18459038120957,-4.33531008747799,-4.66348882720853,2.66548066655239
2024-02-14,1.3875711575,2.36945460165301,1.95096159638021,2.18020404112703,-5.85678153930262,-4.73981072974493,-5.52375074335147,-7.64159631239545,-6.41108578940652,-7.22188756698571,-3.53594184456659,-2.97200821960502,-3.23801774285343,-5.16729866659368,-4.50147240176713,-4.93728295203303,1.32246060841732
2024-02-15,-0.69013919756,2.27749915417412,1.87771917905783,2.12135428105087,-5.62817241921126,-4.55481396718163,-5.36323350677164,-7.416697376908,-6.268651856798,-6.9508866428697,-3.39841502377551,-2.86298240603172,-3.14415283620497,-5.0649501206703,-4.44820527925878,-4.7138516476304,1.3798183391108
2024-02-16,-0.17078916371,2.17207081995671,1.77012190763992,2.01947058554105,-5.36609122917303,-4.28679550945719,-5.10194436688735,-6.9508866428697,-6.06997865512321,-6.68171805964359,-3.23106729082104,-2.69602871979009,-2.98728887928587,-4.93728295203303,-4.25797083135689,-4.54522873024676,1.72804862438169
2024-02-20,-1.4335437437,2.06280764715371,1.68161349668289,1.89292606108142,-5.09485346981658,-4.06665805720341,-4.77317343414127,-6.68171805964359,-5.78004682744394,-6.48595090590227,-3.06000763289953,-2.54690582865043,-2.79095472443886,-4.63902654924733,-4.11463174196503,-4.35516403247134,1.84779154963304
2024-02-21,0.9037586784,2.02348390981111,1.69825167154374,1.92076430000233,-4.99952819264931,-4.10749150112683,-4.83175339234928,-6.56531757699048,-5.83281980003281,-6.56531757699048,-3.00087056515838,-2.5299337818032,-2.82963733668579,-4.59119528481704,-4.10607669737283,-4.4061499172829,1.65529662358281
2024-02-22,3.5529983985,1.94049011298373,1.65634432198137,1.83797681422706,-4.79497808751514,-4.00236985351264,-4.61614395653945,-6.48595090590227,-5.70412631788261,-6.30321458071225,-2.87645881701058,-2.46441640973724,-2.70147443618293,-4.44820527925878,-4.02331851086289,-4.26736701495241,1.7046372331689
2024-02-23,0.23484935264,2.15807793071514,1.92252646482218,2.1282225744947,-5.341049290944,-4.6576453806954,-5.36045968302239,-6.9508866428697,-6.37421617640213,-6.9508866428697,-3.21031393017813,-2.87411901610391,-3.143864306675,-4.87653526831947,-4.44820527925878,-4.7138516476304,1.76444843027723
2024-02-26,-0.14857991882,2.05115552972447,1.7384689726481,1.9879100377927,-5.07156684108851,-4.19977038007557,-4.99333789553737,-6.6419493188075,-6.00751188142241,-6.56531757699048,-3.0449584044732,-2.58810962191777,-2.92577028797791,-4.62699443091591,-4.15814854982079,-4.48017676302,1.31607902853749
2024-02-27,-0.68105076398,1.9534282375817,1.65893217366446,1.86296876242718,-4.8267685734964,-4.00280725016731,-4.67732851298773,-6.56531757699048,-5.70412631788261,-6.37421617640213,-2.89655519118126,-2.48520871457672,-2.73683337656457,-4.46949131898356,-4.04766679334712,-4.32535004156687,0.810926250337911
2024-02-28,-0.21896969001,1.88001330191578,1.63039109126676,1.79028421088829,-4.63996417233199,-3.93125712275551,-4.49307064552196,-6.33810633392708,-5.63200259879028,-6.268651856798,-2.78295901070446,-2.47064387890673,-2.62697636984694,-4.35516403247134,-4.03139131976477,-4.19363101097299,0.746295987294527
2024-02-29,2.079002079,1.79726088559431,1.60320152131538,1.68592220157801,-4.42899015987334,-3.8664045158359,-4.22822212651502,-6.23318909751765,-5.60835589322466,-6.00751188142241,-2.65464692159018,-2.39465207560326,-2.46929778001812,-4.23014405968941,-3.96029427698069,-4.03139131976477,1.4200251344826
2024-03-01,0.82597872824,1.8305950069631,1.65101066120899,1.79847995951937,-4.51579217941353,-3.96582310674313,-4.51367220010995,-6.268651856798,-5.65568051254084,-6.268651856798,-2.70728404151006,-2.48056124791292,-2.63881075981794,-4.26736701495241,-4.03951142236094,-4.21174676344186,0.852104158160818
2024-03-04,-0.35910672195,1.76255697445952,1.61094087291412,1.71980687415738,-4.34148072782547,-3.89026906190428,-4.30918060649756,-6.06997865512321,-5.60835589322466,-6.06997865512321,-2.59837143175936,-2.43368079343374,-2.51516449481429,-4.1636426038017,-3.99544988601574,-4.06883473688511,1.28343130055965
2024-03-05,-1.9484176146,1.69130617483904,1.59079064930492,1.62965780623708,-4.16201229344956,-3.84009916147653,-4.08560995454462,-5.97682073797966,-5.561459007608,-5.78004682744394,-2.49041388259772,-2.40114634613968,-2.38049641594886,-4.06883473688511,-3.9641479749,-3.94098294647402,1.33097128102815
2024-03-06,-0.35033310369,1.75289111464438,1.62969230298714,1.77484696007418,-4.32108524161548,-3.93614049555788,-4.44698225987053,-6.06997865512321,-5.63200259879028,-6.23318909751765,-2.5858011350147,-2.41276261618641,-2.59779063195174,-4.1636426038017,-3.9641479749,-4.1636426038017,1.63393067919358
2024-03-07,1.9076710276,1.68089043185028,1.60881761793653,1.68269082984573,-4.1429625497262,-3.86708100084303,-4.20745867002748,-5.94638789193333,-5.60835589322466,-6.00751188142241,-2.47891539750077,-2.40983106755806,-2.45579364982874,-4.04398163402147,-3.9641479749,-4.02765849799067,1.02002791568806
2024-03-08,-0.83135391924,1.71273436285383,1.63322751392813,1.76893110679472,-4.22284382009696,-3.92787400330898,-4.42808009775094,-6.00751188142241,-5.63200259879028,-6.198489424025,-2.52606529893277,-2.41689223386676,-2.58671462479317,-4.10249866156848,-3.9641479749,-4.1636426038017,1.79450895146299
2024-03-11,-1.9332763046,1.66484512574878,1.61433634186358,1.72644067363949,-4.10720145310969,-3.88166255947113,-4.31690011196985,-5.83281980003281,-5.60835589322466,-6.06997865512321,-2.45602867620353,-2.39384989256971,-2.5206525413067,-4.02765849799067,-3.9641479749,-4.08552069815215,1.54031366160199
2024-03-12,1.9946499186,1.72935896119507,1.65643636547756,1.85063142511186,-4.26778967077287,-3.98857445842302,-4.64162263874808,-6.06997865512321,-5.67962968051571,-6.37421617640213,-2.55285271499277,-2.45976878014232,-2.71316595710409,-4.12841271401768,-4.02765849799067,-4.28346713955122,1.39330246499907
2024-03-13,0.66423399276,1.76337902858423,1.68669219988086,1.92414304241615,-4.35051910303576,-4.07140605185397,-4.83600739092013,-6.06997865512321,-5.78004682744394,-6.56531757699048,-2.59410094526254,-2.49352679306507,-2.78847745904363,-4.16921294590057,-4.07357041786096,-4.37026961102194,1.07413082295862
2024-03-14,1.2432386509,1.69680124333432,1.62630044349112,1.82304872670725,-4.1817710244375,-3.94966820925402,-4.56533841126645,-5.97682073797966,-5.63200259879028,-6.268651856798,-2.49052580706888,-2.405253363008,-2.63266839266222,-4.07357041786096,-3.97573667748744,-4.20536530534709,1.84530192355277
2024-03-15,-2.4223776224,1.66785730194088,1.61355476324381,1.78656605185513,-4.10529462184163,-3.90666917615694,-4.48296013282624,-5.83281980003281,-5.63200259879028,-6.268651856798,-2.45105725833382,-2.38651632703669,-2.58211501085845,-4.03205639436354,-3.95996106534776,-4.16024795169322,1.57722366465595
2024-03-18,0.034399724791,1.79303246270787,1.71530471964121,1.97571969479239,-4.42261330868367,-4.14153147905133,-4.9668301958041,-6.198489424025,-5.94638789193333,-6.56531757699048,-2.64126313443809,-2.55230618048842,-2.86494099893064,-4.22383223483765,-4.13366354912667,-4.46551656123767,1.11980582531012
2024-03-19,0.81384685927,1.71772615734273,1.62964454446669,1.84787981314573,-4.22797083904565,-3.94181862757811,-4.63904343104064,-6.03520847450175,-5.64894902869014,-6.33810633392708,-2.51720093371882,-2.41188338892943,-2.67014906867898,-4.08007181481189,-3.96565412244472,-4.25099895333916,0.866648524903509
2024-03-20,1.2791358726,1.6622119965759,1.59929218042542,1.760291259835,-4.08611002635838,-3.86912157455782,-4.4219837136402,-5.80083514669846,-5.62473852957639,-6.23318909751765,-2.43088764274352,-2.36768993446025,-2.54142652786362,-3.99735375156718,-3.92686894274412,-4.12322132952278,1.29545520919029
2024-03-21,0,1.63718695861648,1.5938559213739,1.74031053901534,-4.02465328483889,-3.86355947560793,-4.36895282392485,-5.74847434990149,-5.62473852957639,-6.09981815656364,-2.39379122168188,-2.36431024951615,-2.51036471132027,-3.96565412244472,-3.92686894274412,-4.07166054873172,1.38436556329718
2024-03-22,0.40415380317,1.57027802106,1.5710178161463,1.63706011657026,-3.86032384758425,-3.79683700025093,-4.09347086329217,-5.62473852957639,-5.50802033775065,-5.82762260725156,-2.29506634063854,-2.33321107137844,-2.34982353401165,-3.85930126640423,-3.88901739495167,-3.91164118072816,0.643485241524395
2024-03-25,0.46961480402,1.51453889099878,1.5572268104487,1.54328932007895,-3.71700653097759,-3.76799615930807,-3.85225784093059,-5.38120115966386,-5.46420731268481,-5.62473852957639,-2.20833489767521,-2.31289609357244,-2.20848957491555,-3.78082553774018,-3.88154972556143,-3.78082553774018,0.782092506918435
2024-03-26,-0.78459740689,1.45928185195642,1.54883610246822,1.460468050805,-3.5822406092676,-3.74599159404923,-3.63764301733465,-5.22841956141868,-5.42200958004938,-5.30273810472299,-2.12863252158608,-2.29835917185917,-2.08169595597335,-3.63080977220081,-3.85930126640423,-3.58884855506693,0.93447590422244
2024-03-27,0.85810431865,1.4380078739384,1.5472693580315,1.44877293906493,-3.52914001796305,-3.74580088716595,-3.60627867048138,-5.17515497075,-5.42200958004938,-5.26514435783708,-2.09705221250915,-2.29868679217788,-2.06397526314791,-3.60072245875992,-3.85930126640423,-3.57703673479258,1.16417970502727
2024-03-28,0.30584440847,1.40486866241382,1.54183122560332,1.40988155323895,-3.44991089518703,-3.73278318732069,-3.50520244120462,-5.13974955679063,-5.42200958004938,-5.17515497075,-2.05064672221567,-2.2791557761098,-2.00330749913232,-3.55943859838494,-3.83744130163519,-3.52484868248981,1.05041315917757
