"Date","Return","Vol_HAR","VaR_HAR_1","ES_HAR_1","VaR_HAR_5","ES_HAR_5","RV_AMZN"
2012-12-06,-0.23232005042,1.50760677409963,-4.03089046841038,-6.33174395614753,-2.41961034382235,-4.20077541662195,2.19956799889636
2012-12-07,-0.040217863261,1.55723723980193,-4.16851343989383,-6.5253337455914,-2.50445588200477,-4.33741812251917,1.49643964635931
2012-12-10,-2.1708616284,1.522659324396,-4.07364064495265,-6.42556706741649,-2.4464804798495,-4.21936230486725,1.82358939317116
2012-12-11,1.1785123299,1.4680237402262,-3.92296814055932,-6.17918219961759,-2.35417896681625,-4.11113241565464,2.70640283727327
2012-12-12,0.42682197127,1.50309745377507,-4.02054828425822,-6.33174395614753,-2.41414631182041,-4.1884422010218,1.92775545610662
2012-12-13,-0.20257387978,1.60178774831208,-4.29394825192203,-6.6819350705977,-2.58136235719184,-4.45992569828675,1.72684045526326
2012-12-14,-0.81990049757,1.51384079832311,-4.05066890386581,-6.354672750252,-2.43239556106543,-4.20686417271399,1.12988578576508
2012-12-17,1.8740719934,1.47835093979173,-3.95250244836286,-6.20000545427757,-2.37218065920619,-4.11661992808439,1.44294565514507
2012-12-18,2.5762231151,1.4077582478863,-3.75803958145344,-5.98087843556017,-2.24262842439617,-3.99183302479876,2.70020951875972
2012-12-19,-0.92549923183,1.4202121213756,-3.79242858504597,-6.01900921511293,-2.26377101405987,-4.02473162541293,1.72543364300204
2012-12-20,1.3605178494,1.52849835823285,-4.09174373087943,-6.44993318527396,-2.4465061239038,-4.22558128412721,1.5613693071154
2012-12-21,-1.7514340344,1.4313034772279,-3.82170734196237,-6.07779157003628,-2.28123689821725,-4.05282790937628,1.91905050616802
2012-12-24,0.66168457106,1.40910437855566,-3.75998553410286,-5.98087843556017,-2.24357088376752,-3.99183302479876,1.07181461383669
2012-12-26,-3.8622689661,1.46938250504516,-3.92638396405158,-6.17918219961759,-2.3449697634546,-4.11076130514669,2.17106074306164
2012-12-27,-0.12926766285,1.37714764212294,-3.7502728217696,-5.92650074910413,-2.19988479987633,-3.92312522482136,3.64522102759125
2012-12-28,-1.2605211228,1.45798092000183,-3.97871369388245,-6.24245197306857,-2.33745584418841,-4.10413521292434,2.00043141718135
2012-12-31,2.3207439433,1.64809342818475,-4.51547651097958,-7.15373979143889,-2.66041432102513,-4.58323543555598,3.75279254671509
2013-01-02,2.5670666082,1.5284518659201,-4.177759461102,-6.5253337455914,-2.45712563432342,-4.23687416395993,2.38724905442002
2013-01-03,0.45470444202,1.72936111977757,-4.74462349819669,-7.42584068125077,-2.79782682651922,-4.6828340920518,1.34809943074255
2013-01-04,0.25920767548,1.66831293425471,-4.57288506631479,-7.19032662278028,-2.6946618024165,-4.59961416046422,1.2785375330089
2013-01-07,3.5922052864,1.55824404980089,-4.26183430813255,-6.62816694695955,-2.50764663012476,-4.33563853766367,2.27442834106344
2013-01-08,-0.77449385235,1.46694623557293,-4.00347983080997,-6.33174395614753,-2.35205199943325,-4.11577770635596,1.99892590858623
2013-01-09,-0.011262106636,1.56134068823676,-4.27052220478762,-6.62816694695955,-2.51279396654287,-4.34250800132368,1.73013666862283
2013-01-10,-0.37920030045,1.47447836008372,-4.02507863281194,-6.33174395614753,-2.36519078700927,-4.11577770635596,2.35656608265773
2013-01-11,0.97987487752,1.42542241052299,-3.88650361573109,-6.13781982824182,-2.28192555972248,-4.05221909486102,1.31207517991635
2013-01-14,1.7877136674,1.51880660738266,-4.14986785737967,-6.5253337455914,-2.44021791936045,-4.21184503117552,2.73249581529826
2013-01-15,-0.30433029015,1.42836442998891,-3.89379528722356,-6.15842683318991,-2.28590675542049,-4.0557758670407,1.42063389544053
2013-01-16,-1.0923133504,1.56620125901525,-4.28334211979393,-6.62816694695955,-2.52019671173528,-4.36877137438092,1.02776545452691
2013-01-17,0.57635816011,1.43189496353555,-3.90413994612247,-6.15842683318991,-2.29192898719927,-4.07674696287435,1.17285099177659
2013-01-18,0.60632948826,1.36631845308196,-3.72000412648609,-5.8908903934252,-2.1808953183934,-3.91366238963343,1.79773799920314
2013-01-22,-0.70924592092,1.33274936275369,-3.62393175365229,-5.74473590869313,-2.12293265833966,-3.83994679822251,0.778920224845221
2013-01-23,-0.7698286392,1.41112395624073,-3.84528684546663,-6.06715776477699,-2.25598692095161,-4.01678428956814,1.0591375492912
2013-01-24,2.0551266272,1.22764374683175,-3.32819302707404,-5.42916353714934,-1.94558360444263,-3.68067545535844,2.98288827476818
2013-01-25,3.7899276369,1.23941800738141,-3.36086801250912,-5.45703493161867,-1.96504065742161,-3.69878691775039,1.79425819311801
2013-01-28,-2.7993943449,1.49960047910627,-4.09555313532203,-6.48976032817128,-2.39487087669278,-4.16223439574212,3.6714357442969
2013-01-29,-5.6839588465,1.41881140316256,-3.86746140316925,-6.10684760279189,-2.26985774644369,-4.0352416623121,3.7139808700605
2013-01-30,4.7681966584,1.64685629842603,-4.61668452013045,-7.31401681576471,-2.67474806761583,-4.59251870667039,13.6817268366374
2013-01-31,-2.6631080347,1.74837512714692,-4.90692381445625,-7.61058100396721,-2.84590076819754,-4.75426271383411,4.32468313602159
2013-02-01,-0.18832391715,2.65128952440995,-7.5140748406595,-11.1412669064238,-4.38832926008177,-6.83297191132683,2.40982339940852
2013-02-04,-1.8943396227,2.19002590312624,-6.18350062180875,-9.87508992707333,-3.57911788204972,-5.69670538782,2.56472477642784
2013-02-05,2.6578967614,2.08893077740609,-5.89278299500751,-9.32495015854571,-3.40842504187432,-5.55907178253889,3.15762900598015
2013-02-06,-1.7497845554,2.06967748386085,-5.83709185381917,-9.32495015854571,-3.3757932439527,-5.472483058974,1.78206247574258
2013-02-07,-0.75890473654,2.09351352963422,-5.90714390027199,-9.42558051250882,-3.41732341510401,-5.55907178253889,3.69612273970065
2013-02-08,0.66095377169,1.65677538523267,-4.64577082011976,-7.31401681576471,-2.67555009916971,-4.59251870667039,1.93156716394822
2013-02-11,-1.8095056309,1.78174766281926,-5.00669635980186,-7.79604354041404,-2.88777366379996,-4.80845411679904,2.2294056466979
2013-02-12,0.57929318464,1.63437097137011,-4.58142937694131,-7.19906000145775,-2.63785601554608,-4.54379832820837,1.67317399026925
2013-02-13,4.1631233089,1.64653713450678,-4.51248216244424,-7.16235187319028,-2.64625361378063,-4.5598370518903,3.25211111575321
2013-02-14,-0.085352729366,1.55038552697458,-4.24051102886004,-6.60875835239667,-2.48290671428216,-4.28938516198613,2.51000625563636
2013-02-15,-1.5413757244,1.72575181226497,-4.73602377763169,-7.43538021796,-2.77979476223719,-4.65931580362667,2.0481269536453
2013-02-19,1.7578935456,1.63057876942592,-4.46776508390804,-6.9889427697987,-2.61992674114532,-4.52788532867593,1.31819503484801
2013-02-20,-1.2381835032,1.59883223453889,-4.37829802309446,-6.83297191132683,-2.56624868159604,-4.42148669987176,3.47713541631351
2013-02-21,-0.17641980412,1.50746280064915,-4.12156929279896,-6.50662288468617,-2.41358488416962,-4.19413684656021,2.44449431980959
2013-02-22,-0.195532827,1.74202220093448,-4.78295723122231,-7.56523580632742,-2.80961157093123,-4.70167973102136,1.9461987310228
2013-02-25,-2.0910255443,1.63840111619821,-4.49149343737959,-7.09062098984865,-2.63491719173438,-4.54379832820837,2.75530138829878
2013-02-26,-0.19625197228,1.58207568465647,-4.33294007673784,-6.77405806401548,-2.54076166379795,-4.38543441292308,3.87976478089069
2013-02-27,1.4998457744,1.67228058716846,-4.58771066942484,-7.19906000145775,-2.69338974848231,-4.60904870979134,2.76673119964123
2013-02-28,0.3874643875,1.83488961243647,-5.04601570866491,-7.93042887882222,-2.96671563743293,-4.91797364479641,2.25299585343368
2013-03-01,0.55624929064,1.734794095578,-4.76405211060354,-7.58947495315902,-2.79814114291816,-4.68673766963636,2.12340347977149
2013-03-04,2.7733875215,1.68817737658001,-4.63222071396731,-7.33233575555821,-2.71971123953755,-4.63612667419115,2.43320833207989
2013-03-05,0.90805902382,1.68131531679858,-4.6125892605865,-7.33233575555821,-2.70765989053649,-4.61929416448684,3.35824735008363
2013-03-06,-0.65314416333,1.67568407997244,-4.59602228175429,-7.29210095407353,-2.69751709301776,-4.60262436570522,1.55376335214231
2013-03-07,0.032871909207,1.72708938587133,-4.74065783070741,-7.45645416121562,-2.78365151158821,-4.65483568239058,1.54385053379753
2013-03-08,0.11318825763,1.54393840051551,-4.2237139732484,-6.56218032509011,-2.47401800917577,-4.26981423349161,1.02064943247762
2013-03-11,-1.0758962761,1.51570859707896,-4.14484197539727,-6.53592230997391,-2.42706259644146,-4.19982666136211,0.778922276878229
2013-03-12,1.0654770682,1.42508182608792,-3.88960321776594,-6.16169029953519,-2.27450075930391,-4.03458544331629,3.46347598860388
2013-03-13,0.35384671519,1.3359367202654,-3.63734656338698,-5.75328203263385,-2.12332661931963,-3.83625496683248,1.85533582481118
2013-03-14,-3.4023991276,1.57575426615775,-4.31418587042793,-6.75304623933452,-2.52859655757077,-4.36523350290462,2.00100451466479
2013-03-15,-1.4751260633,1.450471646855,-3.96080929936828,-6.22574242715143,-2.3280831188619,-4.09565900984323,1.57651699609482
2013-03-18,-1.5010312427,1.47945022722387,-4.04222817232898,-6.39447797514227,-2.37674149444399,-4.10839878235117,2.25654647474049
2013-03-19,-0.57388809182,1.4624956383911,-3.99524602168999,-6.34651979849293,-2.34865874406887,-4.10262386631133,2.83229348541759
2013-03-20,0.3385203383,1.57113799084329,-4.30159244861695,-6.71007635881059,-2.53294254529533,-4.36419816842355,2.4377517983996
2013-03-21,-1.5112057774,1.59673565765267,-4.37335430843632,-6.858897077495,-2.57589236391167,-4.44381260254476,1.14768452771263
2013-03-22,1.7206677454,1.58516565099577,-4.34135707293657,-6.79791398595244,-2.55675106038809,-4.41404792344286,1.64720032771836
2013-03-25,-0.67119301648,1.44540062923192,-3.94612476797112,-6.21094062973619,-2.30795207681584,-4.08744505937748,2.46174638110462
2013-03-26,1.6756503399,1.48802555911836,-4.06692922484468,-6.44363138983158,-2.38059440770662,-4.12864351525797,1.44625755027571
2013-03-27,1.9169451807,1.56336600662793,-4.2798657302709,-6.65442526018736,-2.50780347139753,-4.33359259226388,2.6479982415375
2013-03-28,0.44854881271,1.42499562860737,-3.88934103832274,-6.16782495018878,-2.27404181830731,-4.03543225029357,1.08633137214637
2013-04-01,-1.8312131788,1.5365090752787,-4.20379767938009,-6.57392363226222,-2.46210875739329,-4.23991614317401,1.67606577809911
2013-04-02,0.65440923518,1.39103879836336,-3.79441740200035,-6.02512654809474,-2.2169448610685,-3.93739123715471,1.59912886011244
2013-04-03,-1.6299435673,1.44355435958055,-3.94448688710696,-6.21094062973619,-2.30858333279297,-4.08744505937748,1.24675563634429
2013-04-04,0.019302783585,1.4024313391135,-3.82880718471156,-6.08513337787207,-2.23962731595644,-3.98544905682906,2.45949615377671
2013-04-05,-1.3895321909,1.36018329848096,-3.70942968598673,-5.91147172462417,-2.16817253161004,-3.8909073344926,1.92983134628435
2013-04-08,1.3582276501,1.46329385445332,-4.00025888682391,-6.34651979849293,-2.34222345106307,-4.099254889794,1.64944085755574
2013-04-09,0.84572311243,1.44508650838148,-3.94878710985895,-6.21094062973619,-2.31123499114437,-4.08744505937748,1.84788787858494
2013-04-10,1.3900589722,1.41911508840922,-3.87583742839742,-6.12588129755872,-2.26780424677433,-4.02977383425513,1.41185970856566
2013-04-11,1.9186463724,1.44678770945814,-3.95403429466776,-6.23266992472404,-2.31458179500897,-4.08744505937748,1.6447648589269
2013-04-12,1.1191402631,1.41316109415555,-3.80518776718065,-6.04485979828053,-2.2527101224662,-4.00188253129369,1.77021522695916
2013-04-15,-1.8873456223,1.40360850811853,-3.77911068289994,-6.02512654809474,-2.23897944961634,-3.98544905682906,3.21693888806977
2013-04-16,1.7256835499,1.40584589844569,-3.785196561475,-6.02512654809474,-2.24196554762555,-3.98544905682906,1.55429645254921
2013-04-17,-1.8139090843,1.58874984733932,-4.29374543135517,-6.71007635881059,-2.54969482607496,-4.41232732084881,2.33666155263991
2013-04-18,-2.9842931936,1.4378631430901,-3.87398544807596,-6.12588129755872,-2.29522367100922,-4.07569182963125,3.28578490486118
2013-04-19,0.34692776189,1.54040786143654,-4.1593860606462,-6.57392363226222,-2.47441931602636,-4.26779333059927,2.84529346629799
2013-04-22,1.2407805778,1.6732878860121,-4.52804655113827,-7.20139149057857,-2.69784306857793,-4.60329400261316,3.28692984071477
2013-04-23,2.0299753367,1.67483130520629,-4.53262941898824,-7.20139149057857,-2.70041175302435,-4.60329400261316,3.30765731238233
2013-04-24,-0.044626255112,1.71129048378431,-4.6345618377246,-7.36001837792121,-2.76194390137479,-4.64540487002152,2.1153928283793
2013-04-25,2.2025448323,1.77130214435493,-4.8010414842964,-7.67209340191186,-2.8623600943378,-4.74162621242417,1.50822991158138
2013-04-26,-7.2406261376,1.67724130716291,-4.53920521950524,-7.20139149057857,-2.70327913704612,-4.62061412377244,9.26102623149265
2013-04-29,-1.989717829,1.56964899292776,-4.39957380789973,-6.8930509024925,-2.53050479757516,-4.38116664515659,4.53746354918104
2013-04-30,1.6296948826,2.27474577960245,-6.4307691169087,-9.7901072241871,-3.72198937735678,-5.93424094128917,2.31602386632236
2013-05-01,-2.1984949372,2.03072022714796,-5.7283788990144,-9.16289403506216,-3.30999457976664,-5.43859960462318,3.97485804576205
2013-05-02,1.7403214761,1.86004050698171,-5.2372561387736,-8.38084696572128,-3.02227499844292,-5.01896989456865,2.87673187324328
2013-05-03,2.177786577,2.02383484547785,-5.70894917285501,-9.16289403506216,-3.29881799267159,-5.42456461466974,1.62132440866327
2013-05-06,-0.90292578952,1.99337845966731,-5.62158927747016,-9.07134310904737,-3.24776577254257,-5.3427095244943,2.50174710959622
2013-05-07,0.78601595487,1.68009459671208,-4.71976561942848,-7.48356890274687,-2.71902952107033,-4.64072361073511,2.65333432780577
2013-05-08,0.36860280143,1.6805162108264,-4.72063019536476,-7.48356890274687,-2.71943827793541,-4.64072361073511,1.37666610214878
2013-05-09,0.57213545679,1.70385009299275,-4.7879384678711,-7.61792320656885,-2.75886605293782,-4.65765736329417,1.93642218781937
2013-05-10,1.3337945878,1.51479389350288,-4.24348146319857,-6.65827985438977,-2.43961951925246,-4.21351109653286,1.87899022585415
2013-05-13,0.33380116074,1.52711550095145,-4.27924242754564,-6.68583107627701,-2.4604482023292,-4.238833246019,1.68893725315697
2013-05-14,1.4441798043,1.53259654879636,-4.29415648576565,-6.74975662807738,-2.46900688362168,-4.26447718771868,1.16878421295732
2013-05-15,-0.65963552343,1.48716615863106,-4.16334244689057,-6.60984486700225,-2.38411359158051,-4.13324271452551,2.04578230168511
2013-05-16,-0.91536614646,1.38295418159189,-3.86381429306367,-6.13037249758991,-2.20913058257004,-3.93619780084225,1.92687502409823
2013-05-17,2.1883992124,1.48372443837124,-4.15457187749365,-6.60984486700225,-2.37942041153838,-4.12140810761419,1.19484341399777
2013-05-20,-0.8410522415,1.47365320672042,-4.12568748373779,-6.58247373441778,-2.36240442667487,-4.10970331873121,2.35671956343923
2013-05-21,0.45958973205,1.38021680585862,-3.85604305917792,-6.10975337457636,-2.20452212586048,-3.93365084512584,1.86673559673632
2013-05-22,-2.1944506434,1.50571246761554,-4.21842244682346,-6.60984486700225,-2.41687349936005,-4.19206644645915,3.33795318272426
2013-05-23,-0.44113173117,1.48775415751905,-4.16718050231852,-6.60984486700225,-2.38712394435276,-4.14296202144315,3.39441087970992
2013-05-24,-0.022918258128,1.65172600776206,-4.63959706646043,-7.37716059606364,-2.66333286807891,-4.59867623154693,2.00575986108115
2013-05-28,2.1204248491,1.70334003125369,-4.78911418694737,-7.64306793100833,-2.75032951852518,-4.64130514762377,2.62028537645495
2013-05-29,-0.6584608479,1.62337289340003,-4.55933018462469,-7.25612631843043,-2.61526353596911,-4.53246477266695,2.40602512936042
2013-05-30,0.48958686402,1.68105409113939,-4.72587916706503,-7.50538365135873,-2.71282522833537,-4.63270999772813,0.967717994092413
2013-05-31,0.88820597393,1.67079796293583,-4.69595380838444,-7.46183760393437,-2.69530949375776,-4.61562643407212,1.50914197463421
2013-06-03,-0.86181277866,1.46597382639862,-4.10483773108474,-6.58247373441778,-2.34990832639273,-4.11329651254815,2.74670799409002
2013-06-04,-0.44214628297,1.44059336203065,-4.03249793311636,-6.40130200406289,-2.30813218558203,-4.08961210176113,1.78798683219965
2013-06-05,0.55325555131,1.56950716716802,-4.40320266297528,-6.93503411324872,-2.52489066841265,-4.36528993476705,3.16761300388012
2013-06-06,0.24703372383,1.45761495872587,-4.08031580584387,-6.50215226196344,-2.33621845147782,-4.10147592520502,3.03638352525861
2013-06-07,3.3752753614,1.60194085103672,-4.4961302034993,-7.17939561942535,-2.57278871111295,-4.45384503792398,2.78896407525003
2013-06-10,1.5169574166,1.66206962309272,-4.66908547540712,-7.41908513048,-2.67377015900783,-4.59867623154693,2.42532169495927
2013-06-11,-2.2378766856,1.68542176468115,-4.73616228763416,-7.50538365135873,-2.71307038634526,-4.63270999772813,2.23707042955837
2013-06-12,-1.1318145425,1.64892981576072,-4.63189570314417,-7.37716059606364,-2.65195690798319,-4.57347777389957,1.76867042276177
2013-06-13,1.5165458093,1.64978715502083,-4.63509590225062,-7.37716059606364,-2.65354741313096,-4.58182666605739,1.92801413147842
2013-06-14,-0.65267051004,1.56528141538854,-4.39142441313389,-6.90297256277468,-2.5114469547159,-4.34402806612797,1.99769594334953
2013-06-17,1.4854556735,1.53978423423437,-4.31720947225222,-6.82491496455062,-2.46839927446766,-4.26422211046716,1.72992950977295
2013-06-18,1.3306480614,1.51875345683122,-4.25626422899339,-6.67748641733256,-2.43307277052864,-4.19983652567295,1.25010371866994
2013-06-19,-1.2776831345,1.47015020251329,-4.11665652881573,-6.59401214092247,-2.35139679797723,-4.10842401578142,2.57246744821735
2013-06-20,-1.6968651137,1.38895784315116,-3.88246180936912,-6.17839419112547,-2.21461575732274,-3.92880753918323,3.12313777314391
2013-06-21,-0.029256875314,1.53637508730454,-4.30666999287503,-6.82491496455062,-2.46157945271839,-4.238058366552,3.08435712590199
2013-06-24,-1.0059994147,1.62290354695807,-4.55559680731578,-7.2416410896,-2.60730075650571,-4.51577220294534,5.69106053676656
2013-06-25,0.54617345995,1.65868448595014,-4.65780881943944,-7.44820278008906,-2.66661062391358,-4.60285913527867,2.23076815777865
2013-06-26,2.0147893327,1.96383078818525,-5.53701512464453,-8.80516808195366,-3.17948248176021,-5.29046066475723,1.34775129757059
2013-06-27,-0.0072053896474,1.75531959270671,-4.93651303542405,-7.77710894417895,-2.82976395555828,-4.74349189476364,1.51021631834938
2013-06-28,0.050441361964,1.64885536501323,-4.63202298312437,-7.40518528899538,-2.6513584727506,-4.57727408077105,1.80840670793894
2013-07-01,1.5881018402,1.60542914532001,-4.50725723131758,-7.20259333462429,-2.57828626265015,-4.46369045203223,1.55693415926548
2013-07-02,0.57780928746,1.58426433453706,-4.44627910388601,-7.05515483523919,-2.54285894549304,-4.38809283390278,2.98502934314506
2013-07-03,0.10573432482,1.41384837514849,-3.95543599565217,-6.26730571446471,-2.25653573886154,-4.00658181988045,1.14112619173587
2013-07-05,0.65133964727,1.56538495460455,-4.39163067904241,-6.92024713979103,-2.51102281732208,-4.34471492211008,1.07546487763829
2013-07-08,1.6475444241,1.39734773679869,-3.90732644760662,-6.22243388543654,-2.2287637939297,-3.95710207480717,1.52149375689781
2013-07-09,0.32347981687,1.37250458369909,-3.8361032000562,-6.11483775823761,-2.18738016372544,-3.88902422090509,1.26048225134201
2013-07-10,0.27441429702,1.39851478030187,-3.91035942385888,-6.22243388543654,-2.23083899292336,-3.95738528584156,1.15633633013248
2013-07-11,2.5074402216,1.35892853946896,-3.79631567908994,-6.09336539423636,-2.16454617295888,-3.86874392158546,1.56441985518825
2013-07-12,2.6329840484,1.26920048606598,-3.53706846273796,-5.75550211570391,-2.01356200036628,-3.71790656686196,1.87939119425315
2013-07-15,-0.31864737439,1.3248617805204,-3.69717501063965,-5.95365506936068,-2.10709527931133,-3.81305210513305,0.980583354634716
2013-07-16,0.09785693328,1.38562684535585,-3.87259901222932,-6.15690254334579,-2.20967975629541,-3.93522053016914,1.2378044186971
2013-07-17,0.59308501968,1.27613827052246,-3.5572380332148,-5.75550211570391,-2.02573418850918,-3.73187852230521,1.22928679209528
2013-07-18,-1.483689138,1.2987540055408,-3.62234522411689,-5.8074595179952,-2.06387093308466,-3.75531898327778,1.51909661351599
2013-07-19,0.36828779066,1.29926186965691,-3.62451541359746,-5.8074595179952,-2.06507043556542,-3.76476426895028,1.61887753470709
2013-07-22,-0.57333813847,1.32515656858779,-3.69891107864269,-5.95365506936068,-2.10828638286166,-3.81305210513305,1.57771252305679
2013-07-23,-0.79741663376,1.32494230869508,-3.69818718868027,-5.95365506936068,-2.10774067647794,-3.81305210513305,1.27394826562463
2013-07-24,-0.70417856905,1.34295448463545,-3.75051872617249,-6.0318942397,-2.13851871842605,-3.84767730031701,1.65086979384897
2013-07-25,1.4919381814,1.31168267026363,-3.66167117949565,-5.86055969752705,-2.08633727663536,-3.7886947003915,1.87774394039908
2013-07-26,2.8378378378,1.36191098502804,-3.80594214044422,-6.09336539423636,-2.17020382831723,-3.87799808773134,6.20011235620323
2013-07-29,-1.8941700586,1.39000777384404,-3.88572985369923,-6.20023600356476,-2.21613624942485,-3.93522053016914,2.48707591544404
2013-07-30,-1.2054884025,1.8837297293265,-5.30802046994222,-8.64422787509535,-3.04477045448149,-5.08870408314857,2.89168253089264
2013-07-31,-0.39350550578,1.64740618268565,-4.62816114301546,-7.40518528899538,-2.64898548091969,-4.57193576113026,1.54959386890577
2013-08-01,1.4441272158,1.73205229153228,-4.87242601399914,-7.72809209577069,-2.79146539836905,-4.66720957428802,1.67111679706793
2013-08-02,-0.44506986942,1.62660313640635,-4.56960639941494,-7.28113471200294,-2.61577609144244,-4.53853593297672,1.26229692003625
2013-08-05,-1.0584793399,1.62921809314007,-4.57724021627764,-7.28113471200294,-2.62013504707252,-4.53853593297672,1.06253534339907
2013-08-06,-0.079736868429,1.41448121115841,-3.95939245891531,-6.26730571446471,-2.26016828401236,-4.01765495754725,1.3585947688979
2013-08-07,-1.27680798,1.33930351508585,-3.74321696441497,-5.97285704493621,-2.1342409060707,-3.84767730031701,1.18938423240276
2013-08-08,-0.3940588057,1.30474930630601,-3.64445894798446,-5.82494167193306,-2.07669988601528,-3.77909527884817,1.30594294150952
2013-08-09,0.5139649691,1.2719730374649,-3.54987481585989,-5.75550211570391,-2.02172421773352,-3.73082015210493,1.42730021092873
2013-08-12,-0.19175132875,1.26832942351462,-3.53939809848638,-5.75550211570391,-2.0153710931069,-3.72613919332732,0.970725203946241
2013-08-13,-0.91678182607,1.28785874859297,-3.59545303355443,-5.7900070539754,-2.04815950113267,-3.7496580415313,1.59730748410032
2013-08-14,-0.89464911398,1.2369546165528,-3.44923100914407,-5.62194905679338,-1.96282119833954,-3.6799785501984,1.43632485918476
2013-08-15,-1.6715864625,1.3087515863688,-3.65590098657272,-5.86055969752705,-2.08329146134457,-3.78296667702203,1.66827587588595
2013-08-16,-0.57597654213,1.30461948392236,-3.64401276700236,-5.82494167193306,-2.07625318968829,-3.78296667702203,0.926235769927699
2013-08-19,0.26332420475,1.34266046725312,-3.75322194448373,-6.0318942397,-2.13994522931492,-3.85669872141652,1.61865709809712
2013-08-20,0.53226879572,1.24852275987802,-3.48229795966451,-5.68725729680379,-1.9820126121687,-3.70230495087089,1.21878844971319
2013-08-21,-0.87777352055,1.34368704898452,-3.75600997497072,-6.0318942397,-2.1414787624653,-3.85669872141652,1.91934488956742
2013-08-22,1.8132621148,1.28877027625607,-3.59830660822847,-5.7900070539754,-2.04947667278168,-3.75388355686167,0.878812806346596
2013-08-23,0.096641700839,1.37567719766874,-3.84821294332362,-6.13565593614907,-2.19523917576325,-3.91860458658777,1.55194816529459
2013-08-26,-1.3102996447,1.24127935444813,-3.46203531929676,-5.63796352446222,-1.97016501455058,-3.69305912846247,1.01658109431638
2013-08-27,-1.8447992733,1.33354211233763,-3.72779982589287,-5.97285704493621,-2.1250804752423,-3.83657792854781,2.36258641744399
2013-08-28,0.23137436383,1.25357018862306,-3.32807752468725,-5.46847911410342,-1.98883370118961,-3.70230495087089,1.68566431771466
2013-08-29,0.85233326226,1.41946368348971,-3.78335355687568,-6.07266182561351,-2.2673270680963,-4.03437931513431,1.47519211617419
2013-08-30,-1.0564124233,1.34635780603504,-3.58344737309519,-5.77270836530709,-2.14487200111916,-3.85669872141652,1.70943304802716
2013-09-03,2.7831162359,1.34808333707619,-3.58772635378089,-5.77270836530709,-2.14786362695992,-3.86176045333373,2.42173139269779
2013-09-04,1.675900277,1.37691570858951,-3.66558502241537,-5.87870489553802,-2.19497497044206,-3.92149287373344,1.62590831114084
2013-09-05,0.15665440678,1.49448697190766,-3.98835853122047,-6.38528835829794,-2.39194193938234,-4.16470173145317,1.06937563980927
2013-09-06,0.59843590607,1.39752916338068,-3.72284740082451,-5.95365506936068,-2.22941109151428,-3.97353794603671,1.9109579810226
2013-09-09,1.3012911513,1.32129279733041,-3.51317282678868,-5.7382017203907,-2.10175132667927,-3.82691856475581,1.40272267375342
2013-09-10,0.21687631379,1.41744803149961,-3.77713760065398,-6.07266182561351,-2.26283398628743,-4.03586800232393,1.05121612390012
2013-09-11,-0.23971234514,1.35952850081183,-3.61851129718813,-5.8074595179952,-2.16670169350193,-3.89319399721964,1.07248255674817
2013-09-12,-0.26031237494,1.26826965418972,-3.36829253731205,-5.5129621888951,-2.01444350788141,-3.73469261369917,1.263383129935
2013-09-13,-0.31452854182,1.24520060318666,-3.30581787062204,-5.46847911410342,-1.96813156829354,-3.6972129419248,1.19344812239441
2013-09-16,-0.62432867871,1.27348047021152,-3.38338602790811,-5.52796647937113,-2.01553945924132,-3.73469261369917,1.40321977272256
2013-09-17,2.7393095994,1.23419027891021,-3.27619014094614,-5.43919308383176,-1.9455319576936,-3.67411979581755,1.70685005885294
2013-09-18,2.5853963245,1.25499721684672,-3.33377988177414,-5.46847911410342,-1.97957335824092,-3.70186726455405,2.14085882123351
2013-09-19,0.0083324253865,1.31287550216847,-3.49224429272864,-5.72106461877538,-2.07515834467442,-3.79229822701083,1.27334914912097
2013-09-20,1.3715311157,1.39904323300999,-3.72836557466302,-5.97285704493621,-2.21876558961407,-3.95708922935204,2.15068128910276
2013-09-23,-1.5331605234,1.31793698104667,-3.50598690419258,-5.72106461877538,-2.07894989754247,-3.79659975486371,2.45424168606053
2013-09-24,0.84753924675,1.43828278099628,-3.83607142434651,-6.13565593614907,-2.27711537851314,-4.065246793926,2.37402824262658
2013-09-25,-0.47114252056,1.50445456842824,-4.0173608078492,-6.41011186290208,-2.38243999119821,-4.15058748698846,3.00973665818707
2013-09-26,1.7495602111,1.52416629021943,-4.07251070000963,-6.51244135659891,-2.41534315494125,-4.20761314331841,1.90463346034959
2013-09-27,-0.66327172153,1.60810303478104,-4.30332870425758,-6.79417312615732,-2.55389122692752,-4.43997552149426,1.18415530743444
2013-09-30,-1.0664219485,1.54311210591349,-4.12494266889779,-6.56708302637955,-2.44453845955007,-4.21628579446985,1.94119183974177
2013-10-01,2.6580092117,1.44473466623773,-3.85466102438476,-6.10922492414393,-2.28211371900474,-4.05480397811779,2.20124580949757
2013-10-02,-0.1370930052,1.49135754044747,-3.98235294960909,-6.30998883998776,-2.35868812469582,-4.11541194300556,2.83586980385395
2013-10-03,-1.7940157873,1.5085828366632,-4.02906416290777,-6.38323120650421,-2.38726236285095,-4.14605825307491,4.66933259196584
2013-10-04,1.3597661711,1.55756549354427,-4.16141991778186,-6.59490647571264,-2.46897565775517,-4.26953766354621,2.01524949594391
2013-10-07,-2.824097292,1.78991047814619,-4.79919007406042,-7.706413462,-2.85298733905508,-4.76375278266946,1.87013428477693
2013-10-08,-2.1933361286,1.62056340263034,-4.33481483107664,-6.82952763710759,-2.57865090539321,-4.45339700609582,4.20302884836147
2013-10-09,-1.6489133662,1.60839267805339,-4.30103632074694,-6.73731984124756,-2.55295574875347,-4.41481291113074,3.84359182892815
2013-10-10,2.3284042518,1.8462972927412,-4.95261419938114,-7.7559184928125,-2.94715112703799,-4.9122838701883,2.55045028018683
2013-10-11,1.8727021305,1.85500666542934,-4.97772928963213,-7.80672623102545,-2.96142185230184,-4.93327490963226,1.52552843858967
2013-10-14,-0.060793402008,1.69992080661656,-4.55385858577705,-7.21631560237794,-2.70492535429005,-4.62853651009725,1.75083492586301
2013-10-15,-1.3839716769,1.60591913716762,-4.29685051707978,-6.73731984124756,-2.54904967360455,-4.4126270300918,2.04632675489329
2013-10-16,1.3348563969,1.62010925209792,-4.33653787871946,-6.82952763710759,-2.57264527323495,-4.45127847330418,1.45961093216644
2013-10-17,0.090180038023,1.57098751498747,-4.2020750005625,-6.62170555136628,-2.49022834899899,-4.31715572909375,1.31292366983803
2013-10-18,5.8438716736,1.43487480287686,-3.82874423058857,-6.12638566899906,-2.26515389025998,-4.03449691679667,3.20335430091964
2013-10-21,-0.75730168328,1.37266591846448,-3.6578465263949,-5.84778602423417,-2.16176543802454,-3.87440827577173,1.95130650354843
2013-10-22,1.8686435486,1.59730726102073,-4.27470309998831,-6.70781383313494,-2.5338795649681,-4.37543838619355,5.21423253063094
2013-10-23,-1.7393396283,1.50392526443943,-4.01742222874415,-6.42826298366129,-2.37018664605826,-4.11885934802526,2.99268768613019
2013-10-24,1.6691353792,1.85784946159136,-4.98838953271808,-7.85904380922778,-2.95376246129476,-4.93403189760707,2.67298776857084
2013-10-25,9.3856295718,1.74981085707844,-4.69101347513605,-7.46835930444516,-2.77519939539274,-4.67361353013095,9.37410708264533
2013-10-28,-1.439225075,1.77059000550125,-4.74534662709704,-7.51344000425246,-2.80800035191542,-4.71942598212781,2.8942112041035
2013-10-29,1.2675899039,2.35285978290102,-6.34543411093701,-9.81765165763667,-3.77089329729898,-6.07696728391018,2.48347929718041
2013-10-30,-0.4466501241,2.0026998069167,-5.3839170556839,-8.801202928485,-3.19247311293501,-5.33593290124503,3.61023590551037
2013-10-31,0.8169934641,1.90145580216915,-5.10513093546932,-8.21063580869375,-3.02455443648888,-5.06573980078256,2.49021551629452
2013-11-01,-1.3812048459,1.99397607645742,-5.3600029063457,-8.801202928485,-3.17778873697514,-5.30781918267778,2.19106923234909
2013-11-04,-0.072980094683,1.91702616888891,-5.1481555651805,-8.21063580869375,-3.050262213189,-5.10188481910296,2.25008883523755
2013-11-05,0.042370518895,1.67606758401927,-4.48684047835177,-7.13864367932286,-2.65260856088102,-4.58375627081364,1.68862750705935
2013-11-06,-0.75565908392,1.6550132018024,-4.42969780402833,-6.95992803808267,-2.61824460461224,-4.54050977847822,2.25657659370672
2013-11-07,-3.5431523389,1.58370390348885,-4.23434057391176,-6.70748856063253,-2.5008022341526,-4.33557780421434,3.41408805203014
2013-11-08,1.9647223195,1.58311872837437,-4.23197918705616,-6.73456405101098,-2.50783182209297,-4.3391339305108,2.8401632303204
2013-11-11,1.1612571721,1.70133652535722,-4.55699519646721,-7.25602068948507,-2.70329569978865,-4.6419526163784,2.26811204281818
2013-11-12,-1.3680307467,1.67787006915698,-4.49242558418369,-7.17706897395652,-2.65596716338389,-4.58826027849635,2.06306738886587
2013-11-13,1.9139987986,1.63408430402567,-4.37318094153808,-6.92537110965,-2.58424548499068,-4.46992990223991,1.49747557303642
2013-11-14,3.1373870079,1.63158215373752,-4.36688467556033,-6.89219139731818,-2.58047269493823,-4.4663966147824,1.83611156742938
2013-11-15,0.48285773391,1.5600668840635,-4.17121915882357,-6.67489354642857,-2.4627713308186,-4.25733719115019,2.26922754482665
2013-11-18,-0.80992496678,1.53145972426083,-4.09256084147441,-6.61553929498256,-2.41546072382048,-4.19686155157259,1.78420707826969
2013-11-19,-0.33863127428,1.54784709545459,-4.13851049592501,-6.64514706864,-2.4431227108354,-4.22344845316504,2.14508916425935
2013-11-20,-0.6494218228,1.4913282248691,-3.98232089533137,-6.39711014311915,-2.34910519022345,-4.12002195755922,2.14954872139465
2013-11-21,1.7513859393,1.52267520265661,-4.06803107493603,-6.55812528522045,-2.40068456980864,-4.17715703487473,1.36274945707795
2013-11-22,0.91889840623,1.54669216504447,-4.13393563227907,-6.64514706864,-2.4403337785596,-4.21804073712406,1.55670467554508
2013-11-25,1.1630093202,1.45578375849226,-3.88444098828004,-6.22668769478218,-2.29020849568613,-4.07086608614429,1.65584196651044
2013-11-26,1.2558411214,1.44302635960753,-3.8491072319821,-6.20350711901078,-2.26893346696819,-4.04042805249456,1.40177255320353
2013-11-27,1.4002150143,1.44488183834081,-3.85403853930381,-6.20350711901078,-2.27190585925759,-4.04647044705495,1.10585744667859
2013-11-29,1.786868713,1.37693654509033,-3.66792675787734,-5.94505938534123,-2.15999920665721,-3.86660109499262,1.00192331841652
2013-12-02,-0.33534881359,1.30155176983305,-3.36617168350447,-5.53482146980219,-2.00482458700433,-3.69749286834986,4.20517420912988
2013-12-03,-1.9474891664,1.27264578270746,-3.28922415530584,-5.47199138308369,-1.93959008312007,-3.65063906814309,2.2521052313843
2013-12-04,0.33796079661,1.64907136606058,-4.29717489570845,-6.76509788435432,-2.54819631257001,-4.41315304931297,2.55770343356049
2013-12-05,-0.38086848372,1.51394541283656,-3.93522136479273,-6.29797907898061,-2.32671596370524,-4.10833795605124,1.75348216705234
2013-12-06,0.63980857758,1.5797420873179,-4.06800781102215,-6.55812528522045,-2.43224668195268,-4.21137295700786,1.20578233342454
2013-12-09,-0.532368523,1.53658214854827,-3.95350108391146,-6.32217377102165,-2.36249871535977,-4.12088044182562,1.39099585131403
2013-12-10,0.75086388315,1.49765051544781,-3.85055749544824,-6.20350711901078,-2.29972090908968,-4.08949995322343,0.834160876358227
2013-12-11,-1.441539017,1.40572977668556,-3.60700769559134,-5.84835601991345,-2.15139654448282,-3.86135510331166,1.86082220622
2013-12-12,-0.24595096675,1.29077386459587,-3.30219348238333,-5.487524574275,-1.96568444210582,-3.67816419522755,2.31699604521361
2013-12-13,0.78426229502,1.35789636543998,-3.47903971851959,-5.71963962766508,-2.07325753391867,-3.78134578529062,1.74186398091169
2013-12-16,1.2310014574,1.42164793245042,-3.64798066255615,-5.88637816144017,-2.17613271469729,-3.88457774415576,1.55330715034323
2013-12-17,-0.33935779111,1.39059099976515,-3.56567030096629,-5.81089048247025,-2.12596339778779,-3.8321553206429,1.84974356905341
2013-12-18,2.143686315,1.37977266226945,-3.53781833825871,-5.7923024649,-2.10903120122577,-3.8167731179021,4.43457895248495
2013-12-19,-0.19446408733,1.44600875104883,-3.71269599885043,-6.00616692027207,-2.21537123211923,-3.94454539922129,1.61791575259728
2013-12-20,1.7738303095,1.74247109220329,-4.49750907587593,-7.17706897395652,-2.6932125682569,-4.63989044408019,1.25935699025596
2013-12-23,0.17901541523,1.49966674110707,-3.85489547818244,-6.20350711901078,-2.30211796392167,-4.09262641420281,0.955226978971552
2013-12-24,-0.9232602004,1.44934534761058,-3.72178548781843,-6.00616692027207,-2.22107638501519,-3.95013343837346,0.91950832546842
2013-12-26,1.3001002004,1.39658422344547,-3.58261945899907,-5.82956199969,-2.13645122258794,-3.84771011439177,1.33486520935735
2013-12-27,-1.5603748856,1.3549687693851,-3.47295399550246,-5.70195763039213,-2.06548700396711,-3.77137113843848,1.09220821931074
2013-12-30,-1.1831792604,1.26456417568124,-3.2336849811326,-5.39635427286849,-1.92008168294255,-3.63289099204167,1.77611545948151
2013-12-31,1.3778376591,1.21563455297278,-3.10401320120633,-5.17583361038889,-1.84123011568869,-3.4939876332047,0.923080722227089
2014-01-02,-0.20562200662,1.30717029652685,-3.34588049743139,-5.53482146980219,-1.98820536690856,-3.69773841069385,1.8341461289261
2014-01-03,-0.38445108921,1.22070049044823,-3.1156162566718,-5.1787369522925,-1.84812079959255,-3.50123287661704,1.31497683057008
2014-01-06,-0.70880839485,1.35072867766061,-3.45951273188603,-5.64442913296406,-2.05726901458686,-3.7379087597487,2.13981049570068
2014-01-07,1.1178009807,1.29410691928363,-3.31007301499554,-5.49557216536204,-1.96640419414633,-3.67035767213287,0.979660265466477
2014-01-08,0.97731326787,1.41304226129295,-3.62457413498121,-5.87882568895478,-2.15775220736734,-3.85907489632656,1.98637149788183
2014-01-09,-0.22641321666,1.26795817741555,-3.23912476658444,-5.38512722470986,-1.92326870144494,-3.61306218998338,2.13590981050506
2014-01-10,-0.83539063844,1.40676338641257,-3.60755935797004,-5.85021485599739,-2.14756106743644,-3.83373123873137,1.92680965068516
2014-01-13,-1.6798269879,1.43353150052844,-3.67881838640213,-5.97136453447523,-2.19090672312841,-3.88706594904583,2.04083692544302
2014-01-14,1.6778351834,1.43955673920586,-3.69517143102448,-6.01406420766542,-2.20085192952407,-3.90348962586764,1.91024435854579
2014-01-15,-0.42008351356,1.44796570940056,-3.71740902816237,-6.01406420766542,-2.21448749597806,-3.92579491292787,1.42060560545219
2014-01-16,-0.017682572616,1.47188173819521,-3.78067030646988,-6.14844247275347,-2.25296723207211,-3.99506173950921,2.1632928238287
2014-01-17,0.96260737755,1.40556648500746,-3.60531975110152,-5.85021485599739,-2.14623622157278,-3.83373123873137,1.6314476783597
2014-01-21,1.8618152699,1.47229036262894,-3.78231249233211,-6.14844247275347,-2.25401019900696,-4.00102704012226,1.98968355683741
2014-01-22,-0.61663186343,1.4151176311373,-3.62994476257997,-5.86987946831754,-2.16123829079296,-3.85485662778962,1.51831803450194
2014-01-23,-1.1543975874,1.44498486433212,-3.70900613072564,-6.01406420766542,-2.20937726883446,-3.92579491292787,2.38874670873075
2014-01-24,-3.0684972616,1.38214752792565,-3.54197973136554,-5.79221392193051,-2.10761868642581,-3.79744862025441,2.26503735638678
2014-01-27,-0.34055727556,1.49657877410482,-3.84592902590156,-6.22018436948061,-2.29263234556812,-4.04621291106386,5.70239966735774
2014-01-28,2.1098684892,1.49170588589794,-3.83348522999496,-6.22018436948061,-2.28502541413699,-4.03397467179094,2.89605866500309
2014-01-29,-2.5936161042,1.88772758542337,-4.88393801224652,-7.78355740518889,-2.92469492798904,-4.89685786043722,3.85317921037775
2014-01-30,4.8958875585,1.72327919606348,-4.44691054931751,-7.0967669244,-2.65852302835028,-4.58684814514313,3.9025226330256
2014-01-31,-10.997245725,1.86562138947414,-4.82490344561837,-7.78355740518889,-2.88900938601276,-4.83858076019135,10.4860128979534
2014-02-03,-3.4960550894,1.91867222045386,-5.01518876808231,-8.128478828304,-2.97682979982503,-5.01742194438728,6.09492295165002
2014-02-04,0.52000577798,2.50828586825823,-6.5934319818272,-10.1921182841357,-3.92819975439305,-6.36862671089579,4.46091731337222
2014-02-05,-0.43109642193,2.2932239084286,-6.01774140790502,-9.93174832028333,-3.58109616560899,-5.89322981189052,4.52633817926409
2014-02-06,2.3495453888,2.24385455470209,-5.88531199958948,-9.68035266535938,-3.50136600457698,-5.81468540470833,2.29118469245941
2014-02-07,1.8302828619,2.26744446823096,-5.94923025183721,-9.93174832028333,-3.54016639030073,-5.85362812656186,1.76395268264475
2014-02-10,-0.0581588567,2.09763076453203,-5.49514449136508,-8.95808160396667,-3.2662474866645,-5.45333681046099,2.13878284314002
2014-02-11,0.25493945177,1.82057443233149,-4.75342288051877,-7.68306772341552,-2.81899214224223,-4.74308586773317,2.14910947900726
2014-02-12,-3.4660991183,1.72494711299657,-4.49735961698886,-7.27256026080896,-2.66481921047657,-4.62101486511745,2.91490063371565
2014-02-13,2.2763063707,1.65069397246617,-4.29870474629661,-6.83565451777089,-2.54615681737168,-4.40388704330294,2.31456135517149
2014-02-14,0.041993281229,1.65735253944671,-4.31579961860405,-6.90143919259091,-2.55657871013724,-4.4348815406141,2.47391492916035
2014-02-18,-1.0353994685,1.61226141891823,-4.19499858788016,-6.77171167524691,-2.48269291895151,-4.29781601106071,2.05912789705908
2014-02-19,-1.7729393468,1.64911724286509,-4.29460197511061,-6.83565451777089,-2.54277162078081,-4.3953812527046,2.50814368510776
2014-02-20,0.69664344519,1.6153263113137,-4.20413678897257,-6.77171167524691,-2.48846569944081,-4.33161822951862,2.26470816816005
2014-02-21,-0.86906803881,1.66249969089624,-4.33068474092094,-6.93538372701447,-2.55965415847195,-4.44016204493476,1.30254269915487
2014-02-24,1.4476871611,1.62313827253465,-4.22569340157169,-6.77171167524691,-2.49629137133107,-4.33908393834593,1.87987070344616
2014-02-25,1.8591164933,1.50832150775935,-3.91877217955474,-6.36862671089579,-2.30909060241522,-4.10037455445374,2.15871710492367
2014-02-26,0.41303862472,1.53530455530919,-3.99080670439736,-6.50178865380222,-2.35242622195394,-4.12592444548087,1.79702110442929
2014-02-27,0.091717621035,1.56074117628085,-4.05863747805041,-6.61057519429767,-2.3932407697462,-4.16307349656704,2.1070589855781
2014-02-28,0.54702468551,1.50448132866161,-3.90790096865084,-6.36189800029368,-2.29093010680882,-4.07337285695317,1.59686124807309
2014-03-03,-0.64070698718,1.51793711131915,-3.94325092847972,-6.38790917839255,-2.31227424688053,-4.0987470536975,2.31752646209876
2014-03-04,1.1451442548,1.48339135686102,-3.85180088061407,-6.28591060375408,-2.25736519694337,-4.02409453663973,1.35375807125014
2014-03-05,2.3275625173,1.55597919243145,-4.04599841464456,-6.58119319096552,-2.37377660239163,-4.12436592982609,1.81735571634568
2014-03-06,-0.056395520642,1.4405180084866,-3.73672564381343,-6.11875662569429,-2.18856895765847,-3.90302528261597,1.38612880286506
2014-03-07,-0.026870163401,1.46412913794234,-3.80081302479519,-6.236385914298,-2.22172943631994,-3.96499831134338,1.30058399466183
2014-03-10,-0.41122399625,1.38865567358469,-3.59858707409795,-5.92513605105263,-2.10105124728653,-3.82275057384512,1.53372871697116
2014-03-11,-0.46150109292,1.36264389355127,-3.529346857723,-5.86471832622308,-2.05948245335508,-3.75629545284692,1.40410898637613
2014-03-12,0.49346564738,1.34642963951797,-3.48640346336624,-5.76788353791393,-2.03362346551575,-3.74634230911487,1.67913245272016
2014-03-13,0.23472911707,1.33431931758375,-3.45432458491755,-5.67728345897323,-2.0144839540874,-3.72650034789049,3.37893448193917
2014-03-14,0.60025302155,1.35417695837349,-3.50741332702485,-5.8252619646958,-2.04625342995684,-3.75133107880994,4.44044794287536
2014-03-17,0.34783539359,1.57726159681959,-4.1047739347138,-6.76665449213827,-2.40303578386006,-4.18962876712632,1.39116903455725
2014-03-18,0.99456058015,1.764494024053,-4.60669988485166,-7.49059754572903,-2.702417171848,-4.65978850991884,1.19036491050371
2014-03-19,-1.4626290361,1.52284960452526,-3.95982780376359,-6.41411149266559,-2.31664634596472,-4.10514088606595,1.74840935827342
2014-03-20,-1.1413873483,1.49589135429555,-3.88771429007929,-6.3361663158,-2.27379990619293,-4.05259942729826,1.96665599857604
2014-03-21,-2.2630566171,1.54320170181188,-4.01486389587927,-6.55230309272386,-2.34971111461352,-4.12890035927455,3.15689015487071
2014-03-24,-2.4319227996,1.51065934190426,-3.92773419765828,-6.38790917839255,-2.2973515178243,-4.09670421881929,4.11669492217285
2014-03-25,0.81284638327,1.56438013251269,-4.07065002680175,-6.67114926343095,-2.38830924839543,-4.15853511189593,3.30649473380581
2014-03-26,-3.1857009952,1.73177807857756,-4.51924049498667,-7.35687945333385,-2.65664484974707,-4.63760518149522,3.26175940627999
2014-03-27,-1.43851373,1.74320984715949,-4.54956356295879,-7.35687945333385,-2.68865802714267,-4.66194722473884,9.33428966671451
2014-03-28,-0.053180488612,1.79031074409926,-4.67450366153814,-7.53713085206885,-2.76368782507318,-4.70025432319901,3.06481383569162
2014-03-31,-0.56903839895,2.36277117937864,-6.20765305082353,-10.0636763842897,-3.68506459730314,-6.07023546480093,3.07131479262116
2014-04-01,1.9695866098,2.00010462802751,-5.23710744519706,-8.78183145911463,-3.10189138744237,-5.20804080035321,2.12579375448041
2014-04-02,-0.30030030048,1.97275902476352,-5.16426924686886,-8.46431935041111,-3.05800595586969,-5.14179216086087,3.41219073951143
2014-04-03,-2.4388817405,1.87804373369321,-4.91094970237355,-7.88980406083704,-2.90567966454161,-4.89144159192637,3.43895209038692
2014-04-04,-3.1832623944,1.96814641116876,-5.15224142252729,-8.46431935041111,-3.05069147653778,-5.14179216086087,12.3569638523203
2014-04-07,-1.6222910218,1.80277889636958,-4.70801909398051,-7.62410387842034,-2.78438971451246,-4.68997380871584,9.20546622447917
2014-04-08,2.9298841893,2.56577781644716,-6.74781062374151,-10.3198638064444,-4.01101481742944,-6.60801330157059,6.80518595253222
2014-04-09,1.4477023269,2.55043841856799,-6.7062417294966,-10.1921182841357,-3.98586884587083,-6.57771351802093,4.83353582311629
2014-04-10,-4.4288060759,2.53794275817362,-6.67338871117528,-10.1921182841357,-3.96688384433554,-6.49018330163708,5.39842955345776
2014-04-11,-1.6965721674,2.47323406390358,-6.50043054627081,-10.1921182841357,-3.86934634687901,-6.33330773422632,8.60720469824522
2014-04-14,1.3409039875,2.54943187018978,-6.7033294292406,-10.1921182841357,-3.99130855306741,-6.55301343247931,4.42008869105445
2014-04-15,0.053812794795,2.63380733681066,-6.92980810684326,-10.601130157284,-4.12074174299739,-6.77075774146625,8.37957049559824
2014-04-16,2.4044545684,2.31588878442691,-6.07830904226662,-9.93174832028333,-3.60853607757736,-5.95823716502883,6.33829220019664
2014-04-17,0.38000494333,2.56079820485494,-6.73336202159312,-10.1921182841357,-4.00200572696579,-6.55301343247931,5.5262030010603
2014-04-21,1.8343541287,2.49709636906207,-6.56316756733804,-10.1921182841357,-3.89968097704683,-6.38588789868387,2.45528899736985
2014-04-22,-0.46846193381,2.46330141545483,-6.47343059247234,-10.1921182841357,-3.84596959609663,-6.30756774705833,2.98236626138348
2014-04-23,-1.4393295274,2.14993087271567,-5.63509083500898,-9.34157398852,-3.34205837093375,-5.56250836038333,3.97651653308936
2014-04-24,3.8726970237,2.14564849519409,-5.62352536978488,-9.34157398852,-3.3351581162744,-5.52931881697388,4.39533768578175
2014-04-25,-9.8828414652,2.09229265556139,-5.48042358175376,-9.04626074349737,-3.24973035901229,-5.41736373082624,11.4951601196615
2014-04-28,-2.3862028109,2.06791852177196,-5.5722924820538,-9.15972198528421,-3.2140972244729,-5.43326527247203,10.915114358926
2014-04-29,1.2812731809,2.60323581740973,-7.0437743970655,-10.5735036691269,-4.07503299780636,-6.71215458389881,5.34054545029856
2014-04-30,1.2484186696,2.75582944581036,-7.46566748812373,-11.0163802245565,-4.32211578856917,-7.013033805416,3.99526088734226
2014-05-01,1.2363134187,2.5330452643718,-6.8538090319892,-10.5735036691269,-3.9638141504971,-6.4772008134,3.20345356647367
2014-05-02,0.038974958443,2.46578339395021,-6.67035001788108,-10.1814535662414,-3.85588221917688,-6.34442623899794,3.91111279394307
2014-05-05,0.66231615856,2.3975503640236,-6.48335209493844,-10.1814535662414,-3.74612197624725,-6.17172645877692,2.82165352083658
2014-05-06,-4.0864376713,2.26065538855696,-6.10648564770639,-10.0576485536533,-3.52522507019731,-5.91001853606034,2.19488689604243
2014-05-07,-1.5703813303,1.98670997999317,-5.3535350709674,-9.06771153123333,-3.08457228172255,-5.19698797372063,4.97416201236225
2014-05-08,-1.4997779374,1.85449431840224,-4.98808683503342,-8.14603499633137,-2.87120012166118,-4.84561570181526,4.65749175729762
2014-05-09,1.3596004441,2.05171552944766,-5.52931975259909,-9.06771153123333,-3.18759207019542,-5.40850995612552,7.51927042378722
2014-05-12,3.6339994524,2.06464429651332,-5.5640471072359,-9.06771153123333,-3.20814772893077,-5.42391230301944,2.13441460542928
2014-05-13,0.58773030451,2.32035857114948,-6.26920145458262,-10.0576485536533,-3.62029794246356,-5.97640357924513,1.90829291033919
2014-05-14,-2.3043592437,1.98131482437154,-5.33876597148381,-8.88611358505122,-3.07609595226733,-5.19698797372063,2.5581686969643
2014-05-15,-0.81647738743,1.95343258829565,-5.2627710109078,-8.88611358505122,-3.03150803410029,-5.13235072931515,4.16620490263246
2014-05-16,0.8502998071,1.91913813789714,-5.16829800321796,-8.55933195404222,-2.97635072855696,-5.03246915678324,2.74320064764612
2014-05-19,-0.31743365817,2.00903222706905,-5.41574497701364,-9.06771153123333,-3.12093250044052,-5.23598588405032,1.92015607132654
2014-05-20,1.494498829,1.76671855247545,-4.74984246724741,-7.80058892634211,-2.73159472900362,-4.70354593536961,3.19851104225603
2014-05-21,1.2683024004,1.69212004689132,-4.54502909529675,-7.45645008297031,-2.60662715361473,-4.57170328349954,1.57703311621362
2014-05-22,-0.032785810163,1.82029910106769,-4.89933157688596,-7.96898123052963,-2.81307372549391,-4.78178285694898,2.18781332080619
2014-05-23,2.403988062,1.67020850309772,-4.4867170325754,-7.41109390079077,-2.57229193526922,-4.50166806368142,1.03710404860299
2014-05-27,-0.45477837575,1.6500606961197,-4.43298378362087,-7.2001521265,-2.53885682671858,-4.42717179813277,1.77433941934709
2014-05-28,-0.21234154801,1.49182519236451,-3.99945070437627,-6.56271289620449,-2.28561826468884,-4.06306153137143,2.82769525944652
2014-05-29,1.1671395408,1.54273323875189,-4.01833050029565,-6.59180927097614,-2.35585645313453,-4.13297592161739,2.22136741291328
2014-05-30,-0.39199439107,1.59804859740059,-4.16794538579836,-6.84246272310125,-2.44442301262684,-4.26083830165603,1.84719567831099
2014-06-02,-1.1870100784,1.55601978830586,-4.05469692651045,-6.62115346322069,-2.37740553232941,-4.13936520144,1.43847444489683
2014-06-03,-0.53425722053,1.50628777482355,-3.92217856949833,-6.42489368569255,-2.29828345726119,-4.09445140453546,1.31940000195424
2014-06-04,-0.13346788637,1.48164936464852,-3.8562289264748,-6.32138553932755,-2.25907013944516,-4.02033802140816,1.82179903408565
2014-06-05,5.4729773779,1.45101421997993,-3.77391644045302,-6.22239644263725,-2.20987451191882,-3.95593318109902,3.67570266947727
2014-06-06,1.8852180365,1.45287071551708,-3.7776932823308,-6.24663766725842,-2.21200671050098,-3.95593318109902,2.89799564936209
2014-06-09,-0.65823399163,1.65575917027733,-4.31957337995945,-6.97762092082368,-2.53577846144541,-4.43163683598248,2.38554671935239
2014-06-10,1.4992366414,1.63226257233381,-4.25719403315949,-6.87552408363544,-2.49861748977843,-4.37591523447718,2.15476483017945
2014-06-11,0.83932492998,1.62000257315333,-4.22378340926217,-6.84246272310125,-2.47238796708441,-4.32961242798583,2.03088415072542
2014-06-12,-2.7714797136,1.62501552194765,-4.23819968444984,-6.87552408363544,-2.48170222532027,-4.34473063460041,2.33943639501621
2014-06-13,0.11045994288,1.61273224603888,-4.20532955575619,-6.84246272310125,-2.46836192534689,-4.32892539658097,1.89402411519487
2014-06-16,0.41376773843,1.59175527494285,-4.14842397532947,-6.84246272310125,-2.43444957807135,-4.24896638168023,1.68331418662899
2014-06-17,-0.61046334185,1.52012521327284,-3.95704891616551,-6.45149368283978,-2.32010616271606,-4.13414791178764,2.07832523590756
2014-06-18,2.6902524416,1.47491207521928,-3.83645266042197,-6.32138553932755,-2.24801775146725,-4.0204063637529,3.61573019376723
2014-06-19,-2.2070698008,1.50209520482581,-3.90791699435771,-6.39849319699053,-2.29067123419036,-4.08870812878901,2.54024086441359
2014-06-20,-0.85626911305,1.67987987644164,-4.38393473336115,-7.08575828435206,-2.57521283387175,-4.50588858974978,2.06859563697921
2014-06-23,0.93769278228,1.60535033343142,-4.18396849325586,-6.84246272310125,-2.4556613378838,-4.29618219185498,1.59410820332734
2014-06-24,-0.94120523172,1.57182513784849,-4.09388708947842,-6.77612608922683,-2.40196540649261,-4.21788749189618,1.83361401424688
2014-06-25,1.0118460019,1.52960418082407,-3.9820552263047,-6.53407122409111,-2.33546588141133,-4.13746302660511,2.33241008731221
2014-06-26,-0.53444905925,1.54008491259279,-4.00863216741926,-6.61302902613103,-2.35151103598515,-4.14843889781476,1.94691525411225
2014-06-27,-0.34388528975,1.5377804509201,-4.00274443355944,-6.61302902613103,-2.34768204834111,-4.14843889781476,0.956430833201412
2014-06-30,0.064700988878,1.4842842411632,-3.85751450969549,-6.27088089906875,-2.26104805248792,-4.01470769577308,1.72454269321534
2014-07-01,2.3431245769,1.34953968762285,-3.49572730845717,-5.78548776297373,-2.04438633781679,-3.74087346759612,1.49831343772838
2014-07-02,0.1383916484,1.42354990423712,-3.69370418820639,-6.07866344945385,-2.16284302124717,-3.86729651388971,1.39961218372799
2014-07-03,1.3946222021,1.38962703893938,-3.60213486524589,-5.90581104430982,-2.10791210270127,-3.81620223555375,0.999882983593438
2014-07-07,-1.1680276865,1.34302239725533,-3.47725096495541,-5.747225989735,-2.02883337733203,-3.72812535143116,1.5414362643575
2014-07-08,-2.9201019337,1.26386856272152,-3.26549386229557,-5.45372614242628,-1.9022241420538,-3.60157664978843,2.21902596508271
2014-07-09,1.9023501438,1.34012831491992,-3.47021715808741,-5.70993452263934,-2.02893491411535,-3.72573474960355,2.7794279738083
2014-07-10,-0.62126860039,1.41900249419342,-3.68064688546094,-6.0335364413283,-2.15480658267332,-3.85639531747764,2.56535563773065
2014-07-11,5.5745303735,1.51445567656858,-3.93666203568034,-6.37444336860435,-2.30846257528592,-4.09453970471722,2.97070086140887
2014-07-14,2.6343154244,1.53920751266293,-4.00124277744726,-6.54095748008953,-2.3473152788049,-4.11436650131747,2.42277508285618
2014-07-15,-0.24766407741,1.64071907887216,-4.27312831095109,-6.8607087172829,-2.51039836756244,-4.38175263869914,2.71958111480326
2014-07-16,0.41191739092,1.62866436992054,-4.24083951307453,-6.82695046835974,-2.49108762125114,-4.34988447194576,1.92684674539179
2014-07-17,-0.96824950833,1.6687843078945,-4.34891907624931,-7.0019398815875,-2.55561799899272,-4.45628381497489,2.11394187187782
2014-07-18,1.7607971538,1.57852751125479,-4.10677603813501,-6.76015499036709,-2.41048354438431,-4.20203646687227,1.3713801129696
2014-07-21,0.30669715034,1.57806371482506,-4.10569978589177,-6.76015499036709,-2.41016310424902,-4.20203646687227,2.14471223812978
2014-07-22,0.30020013346,1.45717207373226,-3.7813973960061,-6.21787040733265,-2.21577366975846,-3.94588697733716,1.62163963142442
2014-07-23,-0.74825407373,1.50973428917699,-3.92319120641887,-6.39979013165495,-2.30069414365651,-4.08157377651861,0.982358457021132
2014-07-24,0.13123359568,1.42171410630879,-3.68751953584768,-6.09818554186602,-2.1594902168483,-3.86118147470257,2.89469371744125
2014-07-25,-9.6483645187,1.32290280035667,-3.4231926134003,-5.66880998791371,-2.00111482518394,-3.69476769634023,6.80352122601982
2014-07-28,-1.1110768184,1.52585459787664,-4.09610600577622,-6.7629566332321,-2.33860001855115,-4.12825784126089,2.59619769830053
2014-07-29,-0.12796104993,1.98422339660592,-5.36303323056003,-8.98829713502051,-3.0624987182765,-5.16987864489686,1.42345362997767
2014-07-30,0.78437499997,1.71055663769559,-4.60811569042616,-7.59316394423,-2.62401838339934,-4.60530629928429,2.074765819321
2014-07-31,-2.9518464543,1.61422515389121,-4.34170967389773,-7.00182004569459,-2.46932722745066,-4.32556284854156,1.59849939641831
2014-08-01,-1.8946292214,1.7018175735714,-4.58345779003221,-7.45031671881429,-2.62326057666037,-4.59746999670142,2.26988216303243
2014-08-04,2.1461603596,1.62245536994891,-4.36497924547068,-7.03819227387671,-2.49575475306222,-4.37416832276034,1.493717465003
2014-08-05,-0.42403953457,1.51946566911144,-4.0809630220949,-6.66743536540476,-2.3296940685921,-4.12393279939706,2.37775473134697
2014-08-06,0.50268954928,1.41164656370657,-3.78283602488953,-6.27566022480918,-2.15548823014725,-3.87092362621885,1.61899687208216
2014-08-07,-0.77734238112,1.52590844156932,-4.09862810472766,-6.7629566332321,-2.33950814750592,-4.12444560527675,1.86466411705552
2014-08-08,1.7177717129,1.44480829118042,-3.87440516838126,-6.38018948432128,-2.20890142360333,-3.96160873353131,1.51384094171964
2014-08-11,0.48295454562,1.47545335105411,-3.95875589589078,-6.48992455713667,-2.25828913245124,-4.02803339831329,0.960713123031894
2014-08-12,0.3109980209,1.41373317556626,-3.78778811573004,-6.27566022480918,-2.15853539843311,-3.87641886922917,1.17827761061098
2014-08-13,2.1796317173,1.33796370480444,-3.57943685325215,-5.95213772087054,-2.03652328468895,-3.74936131473839,1.66497963905039
2014-08-14,2.1239426262,1.30507889742583,-3.48833384936878,-5.82860293931864,-1.98297234172637,-3.69913952306821,0.73314033204321
2014-08-15,0.12604663716,1.35121348053767,-3.61663882783298,-5.99489001902636,-2.05731544128265,-3.7544633393394,1.57369032183175
2014-08-18,0.2697599135,1.20666999640196,-3.21609867300408,-5.47294567075217,-1.82409899785374,-3.48786680831658,0.83037220360411
2014-08-19,0.17935611177,1.29320911302083,-3.45589551510581,-5.71448258559677,-1.96428923377471,-3.67940171588714,0.555827783840821
2014-08-20,0.19395458476,1.20935200463964,-3.22492672598963,-5.47294567075217,-1.8302998037469,-3.48786680831658,1.01565950118002
2014-08-21,-0.8547263089,1.14900983023269,-3.05806500054991,-5.17737811476329,-1.73284916140599,-3.37023677634394,0.733393391680715
2014-08-22,-0.39650355957,1.16502369125341,-3.10340671608099,-5.24608868685686,-1.75922806679583,-3.40168566928814,0.783844494479455
2014-08-25,0.73283271504,1.13169826360272,-3.01154022226931,-5.11137373656135,-1.70580465430694,-3.3280937536669,0.63365297380866
2014-08-26,2.3381833424,1.09801732697204,-2.91845230568581,-4.96405638961086,-1.65153763621269,-3.25877289340222,1.35675173617636
2014-08-27,0.3949331538,1.06472115377392,-2.82582438395363,-4.81966187847819,-1.59735902959302,-3.20288394910128,1.03982772764493
2014-08-28,-0.9207995804,1.17062977777944,-3.01800492917329,-5.12869636945155,-1.75913374949846,-3.39921711945388,0.792285439396783
2014-08-29,-0.28821834003,1.13339718414407,-2.91840505222852,-4.96719045966034,-1.69962134522169,-3.31434427489378,0.75481476046307
2014-09-02,0.9851344972,1.10698455307807,-2.84700524316149,-4.86531171444044,-1.6567693371547,-3.25870865734722,1.07108424900835
2014-09-03,-0.98720719652,1.09798580612053,-2.82198556583797,-4.811179799175,-1.64163434875075,-3.2426679964532,0.994571135143924
2014-09-04,2.0501474926,1.15367551829484,-2.97106233313515,-5.05190675316287,-1.73084630064627,-3.37286189031292,2.53124248417251
2014-09-05,0.12429541839,1.12540140339679,-2.89515943913684,-4.90966301553296,-1.68519612140558,-3.30047654933432,1.21719262038939
2014-09-08,-1.1663490965,1.35022944185208,-3.49792797697374,-5.88146336454087,-2.04626739554335,-3.76124037948404,1.44711108846222
2014-09-09,-3.6776304258,1.23738090891833,-3.19559404111363,-5.48064068877956,-1.86525914885415,-3.53051980829632,1.90610976932556
2014-09-10,0.47915087198,1.28984151746003,-3.44823382892594,-5.70850599063548,-1.95993029663229,-3.68027262958309,1.95887051931101
2014-09-11,-0.24446926027,1.36788881191526,-3.66426448053591,-6.05376306230467,-2.0857267323217,-3.80267616539723,1.53087101347646
2014-09-12,0.20271087978,1.41133605565182,-3.78526967100964,-6.29480385392062,-2.15617713456862,-3.87304798819487,1.49204121846564
2014-09-15,-2.2041728313,1.33343829329064,-3.56923612997436,-5.92450119803894,-2.03030648011381,-3.7506863835597,2.55207954816661
2014-09-16,1.1948501033,1.34144751083654,-3.59204611048931,-5.94552077644911,-2.04814823173744,-3.7592160827018,1.86002951037346
2014-09-17,-1.1471808641,1.48098261973773,-3.97809944449941,-6.54215873290114,-2.27358456144145,-4.06698762606452,2.16202549191249
2014-09-18,0.30864197543,1.42131207393629,-3.81298026838058,-6.3742697052266,-2.17719950517224,-3.89333325393019,1.11697349313431
2014-09-19,1.9446153845,1.45667866414061,-3.9108462569227,-6.45651014451978,-2.23432394072739,-4.00427582767059,2.28403233519182
2014-09-22,-2.0584329348,1.34711304415862,-3.60732657689384,-5.96671399431712,-2.05688419713664,-3.7639092017756,2.62362808754202
2014-09-23,-0.26810477675,1.48555245455506,-3.98977025800205,-6.60176720471395,-2.280391311807,-4.07990634199061,2.70542026986482
2014-09-24,1.4151963664,1.51976830108284,-4.08440573475532,-6.69452822280723,-2.33573499260575,-4.13279547447658,2.04181714728681
2014-09-25,-1.9134090978,1.56016031221117,-4.19648740849918,-6.86071073874744,-2.40108128581028,-4.20753898948333,2.19860949565377
2014-09-26,0.39760196305,1.50356972503113,-4.0398107170914,-6.66322479932619,-2.30400636358655,-4.1123897139364,2.55641601894344
2014-09-29,-0.43006095102,1.55824770233781,-4.1909006892498,-6.86071073874744,-2.3924129892868,-4.19360978266192,1.75468042377456
2014-09-30,0.19265427873,1.59818237497287,-4.30266853135185,-6.89193525740676,-2.45588154466849,-4.26147085132653,2.10909192578911
2014-10-01,-1.5444733904,1.50349721196365,-4.04048692155279,-6.59484817130602,-2.3027886235871,-4.08203511906162,2.14336438517284
2014-10-02,0.29925029939,1.51433069860861,-4.06947330459514,-6.62569948253659,-2.32011440442449,-4.10857607851161,2.22608547446172
2014-10-03,1.3598819132,1.52300297404785,-4.09492941266968,-6.72205410336456,-2.33447393783359,-4.10857607851161,1.59375633469693
2014-10-06,-0.16731734522,1.53306669242171,-4.12265352767885,-6.75568455938077,-2.3505274268587,-4.1218776435966,1.83922616732534
2014-10-07,-1.620111732,1.44526421850012,-3.8790107963789,-6.33674563478478,-2.20856442161897,-3.94492439519249,2.03012691375756
2014-10-08,1.8045302544,1.46845299992102,-3.94303992976391,-6.41895607828427,-2.24649970253351,-3.99924369073979,3.10991654966204
2014-10-09,-2.2714595601,1.48340007751729,-3.98457973526473,-6.53427640800471,-2.2708386019436,-4.04316742960433,3.31351860232865
2014-10-10,-1.2620097028,1.60933618814503,-4.33217740860458,-6.96357597576944,-2.47386309945521,-4.29130464662905,3.03800247266074
2014-10-13,-1.5864350171,1.66396099697866,-4.48320369380475,-7.32602804129524,-2.55046982288935,-4.43517126388475,4.16449791791491
2014-10-14,0.60695056272,1.69247860385139,-4.56134574045743,-7.37147529613387,-2.596049098341,-4.50436472976791,3.62694603586248
2014-10-15,-0.75897635488,1.84907263906714,-4.99465911144257,-8.06159960475306,-2.84751117576379,-4.81798464067432,6.65174147229204
2014-10-16,-1.0164395203,1.86356630858732,-5.03230603372971,-8.19092991777234,-2.87003442654837,-4.82870850112692,7.38930153602958
2014-10-17,0.25754474009,2.15663550199124,-5.84101354962764,-9.50682751185625,-3.33983258929903,-5.53234187146462,2.59847375366498
2014-10-20,0.8463970491,2.30538408975548,-6.25198340153348,-9.87220035283793,-3.57814924285557,-5.88792650484054,2.05192613089808
2014-10-21,2.9783481925,2.01423037145266,-5.44744387332466,-8.90013429844211,-3.1113995907869,-5.20838635325033,1.33941391410543
2014-10-22,-0.74842228769,1.92126854225981,-5.19174987920003,-8.47817563414419,-2.96274509618821,-4.98794256871071,2.64578409521994
2014-10-23,0.067099083026,1.80426573165193,-4.86772954825953,-7.82810075606226,-2.77486706247562,-4.70440447363299,2.14136755718277
2014-10-24,-8.3402516125,1.77383674378034,-4.78472968233266,-7.77200960780741,-2.72044337610081,-4.67477750253401,8.40399249636352
2014-10-27,1.0137253537,1.56333399879337,-4.4254058167337,-7.09426242276571,-2.38850695049838,-4.17138432480115,2.50252835445038
2014-10-28,1.9381315307,2.16757422271569,-6.18157867358281,-9.82113539482667,-3.356523153492,-5.57902866724806,1.42191059916479
2014-10-29,-0.49731046374,1.80484955451482,-5.12772061246435,-8.40165651482445,-2.77530202077806,-4.72415681059794,2.40419607989697
2014-10-30,1.6829865359,1.72744705247735,-4.90471524777034,-7.83758503118148,-2.65231473412431,-4.63473203588325,1.79908885555745
2014-10-31,2.1366235331,1.79147916268519,-5.09135253608977,-8.3298093547913,-2.75518667773292,-4.71414308189538,1.44976172044289
2014-11-03,0.085117527669,1.73676053339249,-4.93268382696598,-7.83758503118148,-2.66762150239477,-4.65439931677612,1.20556383999828
2014-11-04,-0.95185136734,1.47070030267993,-4.15865467293295,-6.83933644244805,-2.24076795984214,-4.00046487603741,0.896472145787909
2014-11-05,-2.0772101318,1.39767719633087,-3.94630181023539,-6.46201173414045,-2.12384789941893,-3.83929059640414,2.22377970613024
2014-11-06,0.040469445594,1.34679976642252,-3.79859380838641,-6.29783339999368,-2.05223622189663,-3.73911333728468,2.14578488376365
2014-11-07,1.0854908305,1.45998476593465,-3.91879369116049,-6.46201173414045,-2.22421174579003,-3.97011533598213,1.00281710590617
2014-11-10,1.750817048,1.46610925668914,-3.9364885969503,-6.46201173414045,-2.23416824198169,-3.98821860227951,1.13173164462599
2014-11-11,2.2614794665,1.34098903820381,-3.59121149368816,-5.92244860728378,-2.03345486863435,-3.73402671972814,1.36199726922009
2014-11-12,-0.16025127406,1.345144657118,-3.60318427338699,-5.94362474377636,-2.03971295648235,-3.73543025406757,1.0932551740176
2014-11-13,1.5954543996,1.38152769317001,-3.70429413948609,-6.14704211059505,-2.09840589605403,-3.81933098197319,1.93042909479563
2014-11-14,3.5831648129,1.30344362981519,-3.48839441379922,-5.79938049154359,-1.97326969902037,-3.68013280723488,2.69024673233892
2014-11-17,-1.4550668049,1.37003722216801,-3.67293925428966,-6.05315357499619,-2.07966479025604,-3.78720154531734,2.00390598296584
2014-11-18,0.58195325819,1.49303431889025,-4.015082070496,-6.610038287325,-2.27789940123063,-4.06634861499745,1.58796688471593
2014-11-19,0.49549133655,1.45636462707259,-3.91309698091999,-6.43373212886111,-2.21907261554898,-3.96055400560548,1.43547682286593
2014-11-20,1.2249647822,1.42648142495811,-3.83023724602861,-6.35134215846774,-2.17112755181298,-3.88541027913213,1.42769282625128
2014-11-21,0.63229866264,1.42474144649717,-3.8256307015205,-6.35134215846774,-2.16808148693466,-3.88493089702557,1.86155242817487
2014-11-24,0.90490935891,1.40492485021332,-3.77038429524326,-6.24601520651959,-2.13606620725003,-3.85705383960484,1.37398600273256
2014-11-25,-0.17876296024,1.41009482735898,-3.7845297121298,-6.27176502371354,-2.14397071678094,-3.86096230618706,1.29979080590235
2014-11-26,-0.43875358178,1.33797740128064,-3.58596295054859,-5.92244860728378,-2.02865231141892,-3.73270921326667,0.83196979853814
2014-11-28,1.5199208563,1.30335416368022,-3.49028493130038,-5.79938049154359,-1.97318442255807,-3.68713238260877,1.48156262367539
2014-12-01,-3.7325773685,1.22632944697578,-3.27720039580328,-5.5110897874203,-1.84920240116263,-3.50435506123596,4.57999080604379
2014-12-02,0.09509202464,1.29483349905591,-3.65047231968752,-5.96590071286881,-1.96929568062759,-3.68726487527901,2.27931661179583
2014-12-03,-3.0063436609,1.66457927932056,-4.72664356676183,-7.67610831643333,-2.56564873217302,-4.47122554836833,3.13848710452518
2014-12-04,0.13586097957,1.51395484967233,-4.28767863577656,-6.908492897032,-2.32814502464197,-4.12601011203296,1.92401705688603
2014-12-05,-1.3567664784,1.64957468573349,-4.68144604712851,-7.57524639800508,-2.5465942502718,-4.43908459591867,1.21432344793129
2014-12-08,-1.9160029427,1.5918763141741,-4.51649619126315,-7.38685269798095,-2.45522807334696,-4.28047038989878,2.68566491768187
2014-12-09,1.9110357422,1.52544371528634,-4.10613897431408,-6.80481216670385,-2.34260594423576,-4.12601011203296,2.67265308400622
2014-12-10,-2.1312000001,1.5798153725165,-4.25563954879343,-6.894031718372,-2.42899014414501,-4.22496831171793,3.13163503156823
2014-12-11,0.4969918913,1.59381607767272,-4.29252823207174,-6.92960885577973,-2.45128333422359,-4.26866574602531,2.4802080742045
2014-12-12,-0.013014055184,1.63350847363002,-4.40161767839946,-7.11806276852754,-2.51489898386632,-4.39346359270087,3.4757159865994
2014-12-15,-0.40674215807,1.60417679013431,-4.31922862775681,-7.00257175351806,-2.46772607167457,-4.30630581182542,4.27990706082173
2014-12-16,-3.5972163229,1.75655285696941,-4.74038138778121,-7.71771896583929,-2.71294952260927,-4.6847181759665,4.723691678506
2014-12-17,1.2946519351,1.86603236393805,-5.04284429617495,-8.2546392723,-2.89505310901475,-4.86513530150167,3.72459613418335
2014-12-18,-0.38476980726,1.95844046281173,-5.2978510765543,-8.797233756815,-3.04387688797198,-5.14328245070446,2.96248244718487
2014-12-19,0.72884828551,1.91138427928239,-5.16813518238715,-8.47110525494091,-2.96815296309986,-5.00335179921488,2.11356161948076
2014-12-22,2.214071357,1.87584235228687,-5.06953094324112,-8.32400173724565,-2.91063949923863,-4.89841817433107,1.79832498064039
2014-12-23,-0.083186533539,1.77685395171783,-4.79664514047572,-7.8274603423037,-2.75142115867609,-4.67922574236515,1.47478422208289
2014-12-24,-1.0627356874,1.6755503427375,-4.51669490402587,-7.41977109714677,-2.58811045056178,-4.50013774651751,0.984735383957203
2014-12-26,1.9998019998,1.53900397324213,-4.14064918129036,-6.82375892276883,-2.36848799461237,-4.13471247896515,1.04672940659437
2014-12-29,0.95441457179,1.39190150559823,-3.73543455457312,-6.17958702341212,-2.13168773357419,-3.84508642582894,1.59369602509546
2014-12-30,-0.55762081793,1.31900309436168,-3.53464142606649,-5.86592447323451,-2.01432511691016,-3.71333620310357,1.66326657085753
2014-12-31,0.016113438687,1.35017953997893,-3.62079169376148,-5.97164134956481,-2.06468927708835,-3.75931934949817,1.50326634211069
2015-01-02,-0.58965683902,1.35300365058391,-3.62853340589343,-5.97164134956481,-2.06925764922434,-3.77499608374012,1.65824515035913
2015-01-05,-2.0517308441,1.33950674261177,-3.59046912039881,-5.90753157405856,-2.04725798283989,-3.73879327032568,2.64027556416868
2015-01-06,-2.2833316787,1.3753564660897,-3.68879416176508,-6.1310685008802,-2.10482058752867,-3.82321234501397,3.26630621848364
2015-01-07,1.0599749399,1.52238263191105,-4.09430520494256,-6.78882455881154,-2.34166818811362,-4.12612630440226,2.58330767106173
2015-01-08,0.68360029491,1.63112237239175,-4.39438475375786,-7.11806276852754,-2.51672290450371,-4.40842569361366,1.65652900261555
2015-01-09,-1.1748652066,1.61037214573815,-4.33663538149727,-7.04033115037887,-2.48306307459049,-4.33559262496525,1.74165595875785
2015-01-12,-1.8590240124,1.54236966253414,-4.14863160470021,-6.75527914477067,-2.37302133431992,-4.09959608777137,2.17632220615755
2015-01-13,1.1427198793,1.55026614593135,-4.17130322877731,-6.75527914477067,-2.38619713031109,-4.12625526904845,2.57145821362922
2015-01-14,-0.49874465631,1.56810037246021,-4.22101612071417,-6.75527914477067,-2.41516248233314,-4.17446980959562,4.13574375769734
2015-01-15,-2.155010741,1.57461461776592,-4.23875317162922,-6.7893962245527,-2.42559752196875,-4.18857297463333,2.88811880488462
2015-01-16,1.3207875936,1.7476629546706,-4.71742019028845,-7.54060072218214,-2.7050941910546,-4.64295951337385,2.4911156208828
2015-01-20,-0.44713489724,1.69437078747151,-4.57053108650084,-7.30145491413279,-2.6192658508881,-4.54635887773024,1.83717813176264
2015-01-21,2.6983139856,1.68580738803735,-4.5476285512236,-7.30145491413279,-2.60582787370178,-4.51844092514279,11.3888394334836
2015-01-22,4.3969722456,1.62127056532962,-4.36417197334239,-6.96927255112319,-2.4991430603522,-4.32300992694762,4.19572758758171
2015-01-23,0.6670533643,2.45900121741221,-6.68177832029757,-9.76891787125714,-3.85314641539616,-6.27133901677802,2.56976332869513
2015-01-26,-0.87390761546,2.06110101267484,-5.58252394344465,-8.81991844364865,-3.21092930816584,-5.38118055186,1.82176555135071
2015-01-27,-0.93974036045,1.95068960605117,-5.27747594944905,-8.6474946669641,-3.03264330711263,-5.07855046925192,2.88236692431994
2015-01-28,-0.92583537071,1.88219462171636,-5.08843913490533,-8.25427863885682,-2.92215385218618,-4.8836568712,3.42840431644255
2015-01-29,2.5895824419,1.98303379571321,-5.36797834043011,-8.73442886032368,-3.08543706153389,-5.14525879908344,4.34594561605528
2015-01-30,13.711591506,1.79180614851148,-4.8377718019604,-7.75474272063654,-2.77576736432064,-4.67239794267448,7.93977611749884
2015-02-02,2.8037119569,1.86526150729493,-5.04046682475738,-8.11589103341522,-2.89432811500522,-4.81712148078427,6.23739689708096
2015-02-03,-0.25242132415,2.23897476241675,-6.07550826459562,-9.53676126826333,-3.49966692387153,-5.74777663899298,4.46801104512343
2015-02-04,0.33007839374,2.25710285775405,-6.12511283549191,-9.65506908909655,-3.52872080265443,-5.78761077870089,2.68768951072609
2015-02-05,2.5058259082,2.19943170472212,-5.96698041771098,-9.53676126826333,-3.43608997051002,-5.59881444537705,2.74391078932554
2015-02-06,0.10430875372,2.07644284336557,-5.62734123773661,-9.00301365821714,-3.23741663125441,-5.38118055186,1.65145585290407
2015-02-09,-0.99390830392,2.03711313156377,-5.51869103151125,-8.73442886032368,-3.17379951552924,-5.31797701260719,2.20129232289189
2015-02-10,0.65711355801,1.78182042325431,-4.81087876173927,-7.75474272063654,-2.75984421656194,-4.66254862542539,1.78018098734738
2015-02-11,0.57507473284,1.69388087619262,-4.56699385290384,-7.30145491413279,-2.61724106110587,-4.54635887773024,1.81882402006509
2015-02-12,0.54113131082,1.57130998130712,-4.22707668429084,-6.75527914477067,-2.4184479394916,-4.1814947270656,1.22455349352873
2015-02-13,1.235517141,1.54370438521724,-4.15144125546773,-6.75527914477067,-2.37405193144703,-4.09959608777137,1.52757288004922
2015-02-17,-1.6761385957,1.43544562494915,-3.85136809927883,-6.27133901677802,-2.19842482987217,-3.88254763727778,2.05666222378644
2015-02-18,-0.54870415252,1.45529750004148,-3.90612936109836,-6.35287410666818,-2.23053408508618,-3.94078693653449,1.08120888324606
2015-02-19,1.5065484638,1.49103920486893,-4.00578938981287,-6.52756397469024,-2.28876318905343,-4.04015281672288,1.41649603298165
2015-02-20,1.2308869511,1.37430188141012,-3.68264391836209,-5.99975219966176,-2.09188965927869,-3.76301381067116,1.40185721258902
2015-02-23,-0.91747901788,1.38637565989085,-3.71699868205527,-6.046008603279,-2.11140288114508,-3.77883915455095,1.2075399782568
2015-02-24,-0.40774451527,1.39093407651083,-3.73016844620784,-6.06944075177071,-2.11908959819283,-3.78411239442254,1.27117901610059
2015-02-25,1.790855543,1.33853601171891,-3.58509310318624,-5.82817224054091,-2.03453798299752,-3.6869274567485,1.75713328275839
2015-02-26,-0.14790980103,1.30533319866978,-3.49350322967764,-5.72819645160522,-1.98051374238626,-3.63815717461977,1.92597390444995
2015-02-27,-1.2058212057,1.37726209656552,-3.6927336320883,-6.046008603279,-2.09658494368267,-3.7735384428735,1.20078491656195
2015-03-02,1.4454440234,1.41285557171935,-3.79142213333604,-6.19262204325319,-2.15437877103018,-3.82161217361071,1.3879755232494
2015-03-03,-0.27096757467,1.33439264153933,-3.57394643578365,-5.82817224054091,-2.02712767335293,-3.67706569882113,1.14243807118524
2015-03-04,-0.49140687961,1.35472976240474,-3.63112377534237,-5.89065614478505,-2.06048437979357,-3.70674225505909,1.58718871849411
2015-03-05,1.3351797659,1.3194739275509,-3.53300093884661,-5.78761077870089,-2.00343401312209,-3.65267905256598,1.35620632302202
2015-03-06,-1.9957197742,1.34084897507884,-3.59283257836474,-5.82817224054091,-2.03833412734928,-3.6869274567485,1.22724690857896
2015-03-09,-0.40253624138,1.28405911191888,-3.43532026494504,-5.59881444537705,-1.9545415875357,-3.60956618177714,1.37878842368175
2015-03-10,-2.390638208,1.26550030209869,-3.38307111294227,-5.51208747545512,-1.92401470918919,-3.58143374223904,2.74935594619974
2015-03-11,-0.84977402494,1.27776800682888,-3.41635374888893,-5.59881444537705,-1.94748381992587,-3.5967084151847,1.77500163018769
2015-03-12,2.148101646,1.46817905075916,-3.94448595982309,-6.38087441526207,-2.25695783498927,-3.97760698067295,1.07129649920135
2015-03-13,-0.97798204379,1.38940081909984,-3.72614412671147,-6.046008603279,-2.12888545296825,-3.79027070318344,1.75305742962774
2015-03-16,0.74747692797,1.30984564153959,-3.50480812520187,-5.74777663899298,-1.99936221066302,-3.64898887465789,1.48935678681335
2015-03-17,-0.38301861523,1.39477159942397,-3.7404262219048,-6.09328629649796,-2.13732471196308,-3.80626034328521,1.4420648707632
2015-03-18,0.86443321143,1.37428098246787,-3.68391086659608,-5.99975219966176,-2.10419254528001,-3.77445997175426,1.72231290758711
2015-03-19,-0.50515147868,1.31699992486222,-3.52483062889706,-5.78761077870089,-2.01096738114533,-3.65864314404618,1.13279117388551
2015-03-20,1.4066016505,1.34167637983359,-3.59369130691571,-5.84867773271927,-2.05124617749177,-3.68797672361856,0.687926091932564
2015-03-23,-0.89302227288,1.28536934760203,-3.43763631820586,-5.59881444537705,-1.9596485914783,-3.61080078995486,1.62523306962644
2015-03-24,-0.27192023681,1.1920904818267,-3.17812998445948,-5.31797701260719,-1.80752037762407,-3.39562131182732,1.0702445718495
2015-03-25,-0.83669705145,1.29368007734135,-3.46047832573161,-5.61649063152479,-1.97296548532958,-3.62743050404162,2.1107239080384
2015-03-26,-0.9731507439,1.22122376058294,-3.25878938205327,-5.3970815018709,-1.85484606115511,-3.45683810557578,2.06559504613736
2015-03-27,0.87382605143,1.34268213629587,-3.59545965307427,-5.84867773271927,-2.05233670809022,-3.6955900892241,1.33174466270884
2015-03-30,1.0875431779,1.37781407688763,-3.69292748321654,-6.046008603279,-2.10949093299001,-3.77755451210127,0.929068983594819
2015-03-31,-0.66472676799,1.33460901575679,-3.57297691227227,-5.82817224054091,-2.03905690877837,-3.68571204652665,1.46439055686058
2015-04-01,-0.49583445307,1.26410116350698,-3.37689813259773,-5.51208747545512,-1.92433815557918,-3.58029344163764,1.63321217488508
2015-04-02,0.5388178417,1.33336063460339,-3.5690659313244,-5.80783112500541,-2.03684140383059,-3.68943619342222,1.47057997446122
2015-04-06,1.286769644,1.33033647730176,-3.56023367987662,-5.80783112500541,-2.03152142219501,-3.6914326959,1.09097379876287
2015-04-07,-0.69753872267,1.29026211793849,-3.44942637319647,-5.59881444537705,-1.96659276926995,-3.62778461922725,1.07639820337767
2015-04-08,1.8135199382,1.24040347726792,-3.31176837837097,-5.46214974638385,-1.88584033997342,-3.52105873940217,1.25786993003412
2015-04-09,0.61385099689,1.24477500549267,-3.32396222215839,-5.46214974638385,-1.89300762346014,-3.52998060389699,1.30353056538471
2015-04-10,-0.23204880863,1.25412973541381,-3.34988716888956,-5.49532694629688,-1.90463037780608,-3.55262074680942,0.916199308873143
2015-04-13,-0.075787272908,1.24404802137795,-3.32211930800991,-5.46214974638385,-1.88851477404917,-3.5255102737812,0.962742879625595
2015-04-14,0.71921749131,1.17390841396037,-3.12766920306683,-5.18656827824459,-1.77474468535378,-3.37868459068856,1.30349169565848
2015-04-15,-0.4310456753,1.17108433812908,-3.11967619738701,-5.17274358374698,-1.770144161245,-3.37470011117519,1.11940044006005
2015-04-16,0.67544660324,1.21786746225438,-3.24999506887032,-5.38118055186,-1.84637908260658,-3.45217250612188,1.16601572377685
2015-04-17,-2.714744586,1.1907331529909,-3.17453596694526,-5.31797701260719,-1.80212899804828,-3.40280210365379,1.1182950429224
2015-04-20,3.7144530834,1.18855148499777,-3.16861010733827,-5.30266035872143,-1.80213132422289,-3.40106896129194,1.32664921741483
2015-04-21,0.42874380633,1.19225995216065,-3.17824865432899,-5.31797701260719,-1.80758043149066,-3.40106896129194,2.57160067038642
2015-04-22,-0.35277877196,1.22969334170464,-3.28194362168181,-5.42940979377197,-1.86835320087798,-3.47550354084723,1.36708253060802
2015-04-23,0.048742945182,1.40498388136073,-3.7687750551194,-6.16716320864947,-2.15377315288457,-3.8237562818987,1.15553961930424
2015-04-24,14.131131567,1.30414134978731,-3.48890823024339,-5.70891955656552,-1.98979246759303,-3.64440904827749,4.78289973799292
2015-04-27,-1.4693327343,1.28283633527577,-3.42751390220206,-5.59881444537705,-1.95327807945714,-3.61084467820287,1.79867336883251
2015-04-28,-2.1091754833,1.72741493583337,-4.66342925197685,-7.49046609248421,-2.67804191676482,-4.61131216364949,1.83767365839731
2015-04-29,0.013975914771,1.51014205711616,-4.06000563551992,-6.55828865899877,-2.32428570975386,-4.08982145048061,2.43170329485557
2015-04-30,-1.7677061744,1.48619101131094,-3.99323239870149,-6.49713828723976,-2.28517689237764,-4.04340015704704,2.05111551263595
2015-05-01,0.25842856485,1.57534078206931,-4.24099205456204,-6.7893962245527,-2.43046190481245,-4.20000267832591,1.6872769051405
2015-05-04,0.040201480442,1.57781399038999,-4.24866164531463,-6.7893962245527,-2.43486044629838,-4.2071899949061,1.66835295904846
2015-05-05,-0.43731089263,1.4347887300182,-3.85165340381204,-6.27133901677802,-2.20211929651625,-3.89069417764441,2.55255437750855
2015-05-06,-0.49621311055,1.42835744774066,-3.83341826049395,-6.27133901677802,-2.19148452527591,-3.87362773192718,2.50532737947087
2015-05-07,1.8563588641,1.53238694688777,-4.12228547707036,-6.72095235252895,-2.36084405973236,-4.10318315734444,2.39997323067866
2015-05-08,1.5952961021,1.53394056953659,-4.1261556016194,-6.72095235252895,-2.36318100672003,-4.10318315734444,0.971866327131071
2015-05-11,-0.19368673475,1.54007173663358,-4.14358283634885,-6.72095235252895,-2.37331326908125,-4.10318315734444,1.99350204560463
2015-05-12,-0.42277925386,1.3897184972469,-3.72576249069246,-6.046008603279,-2.12829476895446,-3.80173267886302,1.55051234674612
2015-05-13,-0.96283235116,1.49265347683376,-4.01245278390445,-6.52756397469024,-2.29634674980826,-4.06308680456517,1.20452330499355
2015-05-14,1.2673647714,1.41763661952187,-3.80411502842592,-6.21840002998602,-2.17418018358171,-3.8565853489515,1.01693134643585
2015-05-15,-1.4527620986,1.33456119207658,-3.57305306477263,-5.82817224054091,-2.03858558588581,-3.68807041012643,1.67045409893437
2015-05-18,-0.17840375585,1.25717439766355,-3.35790488369781,-5.49532694629688,-1.91261200984124,-3.56363341938078,1.61063388341048
2015-05-19,-0.83011946199,1.3513122014926,-3.61884385924417,-5.89065614478505,-2.06562911269742,-3.72819119413262,1.48854572928226
2015-05-20,0.5098290294,1.33101592732216,-3.56234526965585,-5.80783112500541,-2.0325593575871,-3.68807041012643,1.89194736952341
2015-05-21,1.8331524559,1.31775826478732,-3.52521387058637,-5.78761077870089,-2.01082652711711,-3.66343700232485,1.73367158067368
2015-05-22,-0.92671964421,1.38466416712708,-3.71077813383143,-6.046008603279,-2.11959539418793,-3.7909901111115,0.645841379804263
2015-05-26,-0.50510955716,1.39660494059692,-3.74463147811776,-6.09328629649796,-2.13946332215921,-3.81798970483279,1.74681748708744
2015-05-27,1.3984534749,1.24841041385659,-3.33358364443779,-5.46214974638385,-1.89839657625303,-3.54991127384392,1.251786847965
2015-05-28,-1.1241945204,1.36126213829724,-3.64835570944601,-5.89065614478505,-2.08283264526081,-3.74361347907143,1.24952932328413
2015-05-29,0.62357877941,1.2967831226032,-3.46938598204552,-5.65266426609832,-1.97790896654709,-3.63434727866715,1.44216373669119
2015-06-01,0.39372830433,1.26774900472847,-3.38873445570613,-5.52896901954683,-1.93055781424867,-3.58688725209463,1.92869516309236
2015-06-02,0.016244314611,1.27350635324264,-3.40449336062349,-5.59881444537705,-1.93982895366881,-3.59626794969006,1.50187747673311
2015-06-03,1.2993340912,1.37138612930392,-3.67800643634629,-5.97721458355922,-2.10001418155016,-3.7803392027181,1.42455723636664
2015-06-04,-1.3307679975,1.31999236564613,-3.5353449069154,-5.78761077870089,-2.01624511596291,-3.66833132125727,1.34246309107438
2015-06-05,-0.88908491562,1.31953708106505,-3.53351118508973,-5.78761077870089,-2.01507701037608,-3.67243392914077,1.14317414034451
2015-06-08,-0.80805714952,1.31510166782496,-3.52066960367001,-5.76757662243186,-2.00758290848912,-3.66261016710799,1.23950008773606
2015-06-09,0.46753246752,1.27988874835882,-3.42286692896275,-5.59881444537705,-1.95021890211883,-3.60946637286963,1.74867985767953
2015-06-10,1.2433016827,1.25725182610789,-3.35894194192895,-5.49532694629688,-1.91273955440213,-3.56719145945615,1.14432310490393
2015-06-11,0.51071337384,1.31638857901428,-3.52313151003549,-5.76757662243186,-2.0092152085315,-3.66261016710799,1.37592806445071
2015-06-12,-0.70443679715,1.24523430880266,-3.32536718384987,-5.46214974638385,-1.89320375760979,-3.53075092209617,0.86449513718894
2015-06-15,-1.4537588389,1.26854604271896,-3.3901287470851,-5.52896901954683,-1.9312192770576,-3.59056156421841,1.11838640298817
2015-06-16,0.8473576132,1.20247700458629,-3.20656928023883,-5.38118055186,-1.82384309912355,-3.43627553321108,1.01346194744803
2015-06-17,0.12872723892,1.22291638403739,-3.26393060229855,-5.41314938068722,-1.8540382138045,-3.46552361845092,1.45332015544247
2015-06-18,2.7068090974,1.17826395922312,-3.13993305687184,-5.2005670685449,-1.78159733421727,-3.39141936245439,1.34928312718475
2015-06-19,-1.0173194656,1.23785329059172,-3.30507456651167,-5.44568510047023,-1.87045218040006,-3.48253108074191,1.7777521083364
2015-06-22,0.31500045989,1.22555172915579,-3.27084500455939,-5.42940979377197,-1.85094657763282,-3.45710080206057,1.3285676650913
2015-06-23,2.2232918473,1.30841895964711,-3.50106150432051,-5.74777663899298,-1.98509426265708,-3.64311346261637,2.32518863108409
2015-06-24,-1.1547344112,1.27260418990499,-3.40077582476764,-5.58095741027317,-1.92658598307407,-3.59056156421841,1.5189869666565
2015-06-25,-0.16786135557,1.42066556505746,-3.81211555138548,-6.27133901677802,-2.16690978285023,-3.85619002189502,1.43394887674342
2015-06-26,-0.45444217221,1.35189234364609,-3.62087891982865,-5.89065614478505,-2.05551414095702,-3.70225962903697,1.38918602119324
2015-06-29,-1.8808491212,1.34641297731511,-3.60639381513758,-5.869524597625,-2.04680107994444,-3.69727313723958,1.92367569363821
2015-06-30,0.98404131586,1.32654181780454,-3.55121410064862,-5.80783112500541,-2.01489007883249,-3.67243392914077,2.35467289958258
2015-07-01,0.76021101613,1.40128083014623,-3.75883134009139,-6.14213602613333,-2.12643182413018,-3.8066097034,0.997682224765016
2015-07-02,0.07316125193,1.44236794876457,-3.87309419832739,-6.29810646178556,-2.19260337649375,-3.88445635306047,0.898137147457948
2015-07-06,-0.38153115074,1.2945624510627,-3.46329744730401,-5.63444288986667,-1.95616053191412,-3.61422984071178,1.34425961823717
2015-07-07,0.15594899542,1.26014681775156,-3.36849609968896,-5.51208747545512,-1.90154641014811,-3.55340173423573,3.06178183084035
2015-07-08,-1.6074372595,1.30233144817939,-3.48460785599567,-5.68993294591368,-1.96899666145592,-3.63343233243663,2.62276412449582
2015-07-09,1.0914591576,1.50472715559345,-4.04541579957716,-6.55828865899877,-2.29455411037626,-4.06308680456517,1.71332625069339
2015-07-10,2.0994958446,1.48010527167275,-3.97782868388399,-6.43788784389176,-2.2553611121217,-3.9923154581277,0.745549202437102
2015-07-13,2.7192171541,1.42903786868605,-3.83684107034023,-6.27133901677802,-2.17315455187116,-3.86180778320667,1.62970793464375
2015-07-14,2.195052352,1.33259325918374,-3.56918788579935,-5.80783112500541,-2.01752062061033,-3.67243392914077,1.70232575539352
2015-07-15,-0.94078226684,1.4257788905237,-3.82758735332876,-6.27133901677802,-2.16723404513707,-3.85619002189502,1.21901401356643
2015-07-16,3.0985060388,1.37974425470993,-3.69984023828059,-6.046008603279,-2.09328586686748,-3.76910166104038,1.50138702324908
2015-07-17,1.5836628249,1.27670196296972,-3.41359928312178,-5.59881444537705,-1.92702560892711,-3.59056156421841,1.12672444380085
2015-07-20,1.0538084098,1.29566707267311,-3.466968944741,-5.65266426609832,-1.95735613441609,-3.61730440892651,1.63756373748545
2015-07-21,-0.020487604979,1.27562943761984,-3.41108379872922,-5.59881444537705,-1.92499666121939,-3.58880135555977,1.09233268924168
2015-07-22,0.055327868722,1.32559545953101,-3.55024547544132,-5.80783112500541,-2.00540780135293,-3.67018113925565,1.95290279352075
2015-07-23,-1.2472607368,1.24565511839246,-3.32806626550877,-5.46214974638385,-1.8767234136089,-3.51018218172486,2.04806882648503
2015-07-24,9.7971711808,1.36041643646254,-3.64629900730581,-5.89065614478505,-2.06146658323524,-3.72039077123497,11.5407082291263
2015-07-27,0.37588304185,1.39419661460181,-3.73598036442644,-6.09328629649796,-2.1136851965703,-3.79944194407685,4.14247466738943
2015-07-28,-1.012400971,2.35186208405675,-6.39562825366277,-9.65506908909655,-3.65818777469021,-5.93329260257714,3.75692126780494
2015-07-29,0.56460658125,1.98944846034677,-5.38948319749878,-8.73442886032368,-3.07373830532407,-5.14525879908344,2.42150774521124
2015-07-30,1.4669187145,2.04054620484741,-5.53453936546824,-8.73442886032368,-3.15709824468914,-5.22891861334552,2.92164990321452
2015-07-31,-0.11364483179,1.97088596573761,-5.34128544177929,-8.6474946669641,-3.0448137305756,-5.09173299399936,1.99349355278022
2015-08-03,-0.20889676398,2.02745491653427,-5.49966520785904,-8.73442886032368,-3.13644990876825,-5.2005670685449,1.8945509699183
2015-08-04,-0.58501392441,1.68106211683156,-4.53710487015154,-7.30145491413279,-2.57737167456694,-4.45336251633442,2.81964830640094
2015-08-05,0.9607068996,1.59999723553739,-4.31121352634027,-6.89504377453944,-2.44638143826848,-4.23596869205909,1.59245854052568
2015-08-06,-1.4059328503,1.64335803613591,-4.43257932076106,-7.08603477372273,-2.5166454096635,-4.37687402460804,3.41661466626233
2015-08-07,-1.2918822952,1.51733181253647,-4.08148629525295,-6.58945425910625,-2.31301347842107,-4.09531417628626,2.63486271605384
2015-08-10,0.26405418848,1.67889796993923,-4.53048521982801,-7.30145491413279,-2.57386954797726,-4.45336251633442,1.80698112967343
2015-08-11,0.66030534344,1.64072728072334,-4.42454113956346,-7.04637464390448,-2.51217059370047,-4.36039128807434,2.71925045847823
2015-08-12,-0.29386114593,1.57271142399656,-4.23619027721005,-6.7893962245527,-2.40251542319649,-4.18506886140442,3.59245462972634
2015-08-13,0.71304976136,1.64414102824034,-4.43512613555003,-7.08603477372273,-2.51826458640277,-4.3852103543287,1.95316786152468
2015-08-14,0.35116867421,1.77590842630955,-4.80181015632933,-7.75474272063654,-2.73100694793866,-4.66090115292746,1.22908720002909
2015-08-17,0.69611679719,1.60653034116825,-4.33144876718122,-6.93180647737,-2.45769191609081,-4.25083818892042,1.69699579724896
2015-08-18,-0.037367811365,1.49795883002365,-4.02975607698027,-6.52756397469024,-2.28243810004285,-4.05502210409216,1.21751594401166
2015-08-19,-0.39250869113,1.53317756545922,-4.12795663094763,-6.72095235252895,-2.33967211067556,-4.10213580982414,2.34002061168412
2015-08-20,-3.216242588,1.43711743071155,-3.86094098438074,-6.27133901677802,-2.18458621715391,-3.88806851379729,3.05509032230597
2015-08-21,-4.131606499,1.48834067099656,-4.00318300456039,-6.52756397469024,-2.27683397196068,-4.04533646282481,7.81500515931168
2015-08-24,-6.2895625619,1.5908493465865,-4.28537571940958,-6.82402735707808,-2.45210951900968,-4.23869460340988,30.233248219093
2015-08-25,0.64743077874,2.12498063180844,-6.05848356320835,-9.43201292289677,-3.31727687765074,-5.45833815220303,9.9347623031649
2015-08-26,7.3761176747,3.67037428472178,-10.5602585753981,-13.60344252,-5.82783154452306,-9.21852231190303,9.88781825667647
2015-08-27,3.5145875352,3.04432449130246,-8.73870933760038,-11.5134957146063,-4.8142707258454,-7.72709781198113,6.38810988021738
2015-08-28,-0.069448463546,3.17863131115142,-9.13389895771322,-11.67223022294,-5.03536121234476,-8.07703298082979,3.07569686620211
2015-08-31,-0.98839790735,3.09250963931202,-8.88863183457809,-11.5134957146063,-4.89703999417027,-7.72709781198113,2.21765276189683
2015-09-01,-3.1878180506,2.85983804750688,-8.21246649259775,-11.1546107737778,-4.51925335287203,-7.28513406974194,5.70563902654329
2015-09-02,2.8215249526,2.22221707831764,-6.03165490287933,-9.43201292289677,-3.47451960262436,-5.68187667002353,4.1820273766504
2015-09-03,-1.1419057878,2.32418727315363,-6.31501572633864,-9.65506908909655,-3.64044037450023,-5.87817776654037,3.74789165001374
2015-09-04,-1.1333016326,2.09992917351579,-5.69282013782727,-9.02031662151429,-3.27620316507895,-5.42614374506567,2.47879713332413
2015-09-08,3.7154308617,2.00482116706545,-5.42858883070365,-8.67173998087692,-3.12146115062425,-5.14747727893987,2.91602920591696
2015-09-09,-0.125594157,1.90632454892972,-5.1557265112351,-8.28138944359773,-2.96180886827786,-4.93559871865,3.26769201573859
2015-09-10,1.0350364682,1.95422432042962,-5.28791495354437,-8.5885463643375,-3.0391910416775,-5.06945813691447,2.73217998507939
2015-09-11,1.3786764706,1.91042028407776,-5.16801081875553,-8.28138944359773,-2.96889078016893,-4.94724854382308,1.36348600037657
2015-09-14,-1.5223632518,1.83325882060066,-4.9546632773368,-7.78080869804808,-2.8439223042176,-4.77172226957027,2.22633220720157
2015-09-15,0.18988070115,1.65643664786273,-4.46401460460562,-7.19740084375156,-2.55674214436272,-4.42344907223288,1.72581367603518
2015-09-16,0.9610046518,1.7115591390312,-4.61779700627133,-7.42200331682203,-2.64662062004226,-4.58422244467843,1.27163952283577
2015-09-17,2.1767572387,1.63421050797093,-4.40335307841891,-7.03524505446324,-2.52103206254656,-4.38205787980088,4.43648017638145
2015-09-18,0.25794718567,1.52977458195757,-4.11281416164533,-6.68222497247564,-2.35102758145058,-4.11707391123232,2.41456461088678
2015-09-21,1.5048310073,1.83134442848762,-4.95045795882628,-7.78080869804808,-2.84133994869739,-4.77172226957027,2.29483069574861
2015-09-22,-1.8216962379,1.71890281142694,-4.63761554129463,-7.42200331682203,-2.65823294608809,-4.5937347100335,2.81886592134345
2015-09-23,-0.43276374445,1.71200425383816,-4.61815087667831,-7.42200331682203,-2.64689979959998,-4.58422244467843,1.63694915151564
2015-09-24,-0.43277930117,1.78362134629238,-4.81726101702999,-7.72709781198113,-2.76338401132709,-4.67114836827538,2.66929451941176
2015-09-25,-1.7798594849,1.69704351894141,-4.57695048104178,-7.28513406974194,-2.62273691934408,-4.54673250782356,2.33637492865392
2015-09-28,-3.8512160228,1.67024152238542,-4.50319324247376,-7.28513406974194,-2.57954907999516,-4.45743236756376,4.01702897358939
2015-09-29,-1.5851287546,1.62841019975467,-4.38570407281707,-6.99708456998986,-2.51584653021493,-4.3715992455655,5.7969576345359
2015-09-30,3.1890660593,1.79885787289562,-4.85669053895804,-7.72709781198113,-2.79207546950353,-4.68640156727732,3.40635217060118
2015-10-01,1.7249799759,2.00276477011874,-5.42164014742948,-8.67173998087692,-3.12326850757141,-5.13905999805584,4.79019298887552
2015-10-02,2.2699339377,1.89466332066922,-5.12136411503713,-8.28138944359773,-2.94737249212754,-4.89525907500805,3.4461725668869
2015-10-05,2.0918616441,2.04647474781475,-5.54650603662748,-8.53401910661053,-3.19652527506324,-5.29016571717246,2.04306806180329
2015-10-06,-1.140376692,1.98673239098958,-5.38276930621812,-8.53401910661053,-3.10037753410012,-5.06893346458247,3.2901632433453
2015-10-07,0.82979831805,1.8331851815434,-4.95641058868634,-7.66072390383333,-2.85018931696627,-4.71737677129892,3.52055387712631
2015-10-08,-1.6201055468,1.84634537088691,-4.99208955145848,-7.77048671829184,-2.87116803364899,-4.72743728615217,4.13596334118544
2015-10-09,1.2454047564,1.86743710834707,-5.04974843787625,-7.95033514991304,-2.90507776792834,-4.77875933152346,2.54153021768344
2015-10-12,1.9247869583,1.89267280827923,-5.11990850993667,-8.15060470500698,-2.94625327116031,-4.84317887773642,1.80517699381293
2015-10-13,-0.23446445775,1.75219154680819,-4.73015289168129,-7.45344787608909,-2.71755665429286,-4.60063571083401,2.27446450652344
2015-10-14,-0.74148296599,1.68811383880123,-4.55219225079609,-7.17660949378689,-2.61313162862356,-4.48937689557368,3.22557766538092
2015-10-15,3.2322008701,1.69310558776708,-4.56568619339314,-7.17660949378689,-2.62111365294692,-4.49839636753413,2.4652551797179
2015-10-16,1.4792688997,1.75645496792437,-4.74190854051164,-7.45344787608909,-2.72444861972824,-4.60063571083401,2.17082148919278
2015-10-19,0.41873992577,1.64749450528421,-4.43911682258122,-7.00962868240462,-2.5467608458511,-4.36183601078884,2.28435737920812
2015-10-20,-2.1408008375,1.61348973132636,-4.34522168418789,-6.82301261106857,-2.49162371403234,-4.28301652489359,3.48380057111909
2015-10-21,-0.91106832124,1.63454984940641,-4.40318760970661,-6.93270941045522,-2.52577015709583,-4.33776749574714,3.01425595824799
2015-10-22,1.4646346512,1.76546367632828,-4.76669513422022,-7.55528735060943,-2.73901983675453,-4.60063571083401,3.56228895089831
2015-10-23,6.2279441754,1.72585358384172,-4.65550158448566,-7.35685959000877,-2.67395836256082,-4.55352040060347,7.56525589630685
2015-10-26,1.5992521243,1.80104087028786,-4.86281577485759,-7.60828943907692,-2.79563857303242,-4.64824298542552,1.88135555517827
2015-10-27,0.39434120354,2.21073247032571,-6.00109389596462,-9.28290891356,-3.46353634725842,-5.54508523495656,1.32766108248252
2015-10-28,0.99671036478,1.83800717114468,-4.96712214556716,-7.714708524088,-2.85682358733754,-4.71737677129892,1.79428375757209
2015-10-29,1.5313563443,1.73124792381301,-4.67108760284071,-7.35685959000877,-2.68309994083832,-4.56283647342836,1.33257120728305
2015-10-30,-0.10374271796,1.72404054185548,-4.65113820859455,-7.31022521533621,-2.67137235957161,-4.55352040060347,1.03086137156129
2015-11-02,0.39143633167,1.60813538112477,-4.32996387511297,-6.82301261106857,-2.48285651436295,-4.25277846591345,0.99569528192258
2015-11-03,-0.48380679564,1.33814731993742,-3.57990181087172,-5.72737677089464,-2.04286141396224,-3.68913629098278,1.30557156059621
2015-11-04,2.5011594251,1.28986822645682,-3.44567224070691,-5.51147269529597,-1.96420708449587,-3.62065444104522,2.05511728981508
2015-11-05,2.2934706296,1.3147287941476,-3.51445450876947,-5.67046443665652,-2.00446490753426,-3.65461547407574,2.67345798745218
2015-11-06,0.56737588657,1.39605830658783,-3.74071793443222,-5.975093089375,-2.13703239631114,-3.80849401765357,1.90101741468628
2015-11-09,-0.58844048108,1.49931730510731,-4.02829515645204,-6.40694315400602,-2.30572129092582,-4.06564645624679,1.62510777528517
2015-11-10,0.63921646379,1.46058942911706,-3.92075358212473,-6.26877397711023,-2.24264118718515,-3.96376123200996,1.75561216901927
2015-11-11,2.0570579676,1.45410547109781,-3.90340096270145,-6.24234783421011,-2.23234872084223,-3.94551013673063,1.81067438550391
2015-11-12,-1.1362792426,1.48050049444461,-3.97668150386703,-6.32251747196163,-2.27528179822732,-4.01364619617472,2.33463750573547
2015-11-13,-3.4930889424,1.47645549588471,-3.96527659439932,-6.32251747196163,-2.26429263785526,-3.98844403503863,2.73904350848568
2015-11-16,0.8500038919,1.50953229115846,-4.05706233816253,-6.43582216142439,-2.32257363668015,-4.07009257367887,5.43001640109176
2015-11-17,-0.69619178466,1.57216863808953,-4.22959427773365,-6.65373820288933,-2.42391121835597,-4.16381557106773,2.63073713862146
2015-11-18,3.1462770092,1.89481493245901,-5.126682456424,-8.15060470500698,-2.95014096736256,-4.83541974017701,1.58459939346348
2015-11-19,-0.34210447011,1.72266912641986,-4.64849137895794,-7.31022521533621,-2.66958581484948,-4.54829660031675,2.04392552094982
2015-11-20,1.0857894658,1.63378514246497,-4.40217990227741,-6.93270941045522,-2.52500918720249,-4.33406276525,1.39750836750297
2015-11-23,1.576782108,1.65747326472563,-4.46832152519176,-7.09092890154127,-2.56374221253048,-4.37419222330897,1.7081868505149
2015-11-24,-1.1546561805,1.55729836906845,-4.19137659405271,-6.65373820288933,-2.40104704315592,-4.13626655300745,2.28338296002564
2015-11-25,0.62430157177,1.44695409311298,-3.88425577605925,-6.19061118042418,-2.2208571724038,-3.92601194788056,1.06157859314697
2015-11-27,-0.30799301085,1.47378641985051,-3.95947786495238,-6.29541397741034,-2.26489362464243,-3.99287856645487,0.772562487453414
2015-11-30,-1.256572498,1.33943359592324,-3.58759716334399,-5.72737677089464,-2.04667336528459,-3.68854578692078,1.94579692760168
2015-12-01,2.1450060167,1.2571315371895,-3.35807505495536,-5.39894801487863,-1.91210680528875,-3.5682962421535,1.90593676071152
2015-12-02,-0.44915029594,1.39392659725636,-3.73803776701156,-5.975093089375,-2.13491011139688,-3.80747328925469,1.90847940565215
2015-12-03,-1.4437656247,1.39934489539571,-3.75247395384015,-6.02053377948469,-2.14340526409853,-3.8128845634487,2.78188090104779
2015-12-04,0.95909943702,1.38706658260989,-3.71814345483167,-5.93105992361373,-2.12329904589197,-3.79136948851795,2.04830769655068
2015-12-07,-0.41775689815,1.53106399477485,-4.11914281554557,-6.58842096948182,-2.35847374454147,-4.07662731218295,1.77809013916348
2015-12-08,1.1196870848,1.51530484424186,-4.07616271473003,-6.4650910689679,-2.33314738589964,-4.07009257367887,3.10286593124075
2015-12-09,-1.8513870639,1.485340608626,-3.8626741944508,-6.19061118042418,-2.28024358347156,-4.02449635866728,2.92179513955966
2015-12-10,-0.37154590163,1.63703588280439,-4.27036009122846,-6.71970447158356,-2.52692057227016,-4.33406276525,2.6063148603994
2015-12-11,-3.3473245562,1.65791134240092,-4.32643431309892,-6.82301261106857,-2.56083120795941,-4.37419222330897,2.63727191209022
2015-12-14,2.7743497618,1.62920554261047,-4.24910899922548,-6.68648310778108,-2.51883728110877,-4.3297538647738,4.33031924209134
2015-12-15,0.11095742575,1.65294882356216,-4.31208336665007,-6.78778221621408,-2.55694788099157,-4.36960799265223,2.78043257358241
2015-12-16,2.6008137982,1.85946001334371,-4.86884032947244,-7.60828943907692,-2.89424209067478,-4.75273347853462,3.07648549250782
2015-12-17,-0.75765423144,1.73977993696756,-4.54641772621817,-7.17660949378689,-2.69885404374981,-4.56840631141642,2.88574617564772
2015-12-18,-0.97070006714,1.76682378876231,-4.61935865448184,-7.31022521533621,-2.7430619989119,-4.5966181282803,2.52685033398726
2015-12-21,0.055711145433,1.75701882731131,-4.59318736265201,-7.26422765667966,-2.72719873265634,-4.5966181282803,1.56367678408717
2015-12-22,-0.2046620818,1.72672242633804,-4.51208140961365,-7.17660949378689,-2.67803766829763,-4.54983386840936,1.46457030864422
2015-12-23,0.058810223709,1.56074132460911,-4.06424605682653,-6.43582216142439,-2.4066893555012,-4.15813009858532,1.24356460675817
2015-12-24,-0.11303011124,1.5048310144444,-3.91411187131425,-6.24234783421011,-2.3156688130071,-4.07127017904792,0.371796699773891
2015-12-28,1.8723879359,1.4173110862617,-3.67855054587805,-5.88790361775192,-2.17284511582515,-3.85239824555116,0.916014436940124
2015-12-29,2.7799170615,1.22698782011523,-3.16522136216877,-5.16429695215714,-1.86160510149327,-3.47560582690952,1.32327509153431
2015-12-30,-0.70608239539,1.2101589102809,-3.1193638611737,-5.06032593545936,-1.83372478469651,-3.44189734392098,1.10573531736252
2015-12-31,-1.9127229456,1.24299635800343,-3.20793867266193,-5.26345201763143,-1.88740526447084,-3.53258662705068,1.01423119841529
2016-01-04,-5.7553743952,1.20479084168154,-3.10581881734293,-5.06032593545936,-1.82762497609578,-3.43380492494304,4.79109395097237
2016-01-05,-0.50236267443,1.18296569702335,-3.15073804352902,-5.11552828518553,-1.79622424024202,-3.39901754489424,3.52617147604867
2016-01-06,-0.17987030396,1.69238150203912,-4.56897934032511,-7.15368634703548,-2.63057855389354,-4.51910773768462,4.57736155783769
2016-01-07,-3.9057930925,1.68222869739115,-4.53989761272102,-7.15368634703548,-2.61372890812659,-4.50108082479762,6.34666861138038
2016-01-08,-0.14639602605,1.86080200595356,-5.03577989596413,-7.90363385725957,-2.92284251584028,-4.81573044296517,3.72181478819806
2016-01-11,1.760975208,2.12333364340465,-5.76586934942128,-9.07206572155625,-3.35507343635852,-5.39040118373534,5.54311235958328
2016-01-12,0.02428206044,2.03378476870143,-5.51746653570684,-8.41394466732632,-3.20865813373331,-5.22146274374539,3.16840996960909
2016-01-13,-5.8392270469,2.16795122416218,-5.89207130873854,-9.03186774199355,-3.43068725469708,-5.44649736157778,7.28885939536279
2016-01-14,1.9233082965,2.01339498459721,-5.74286406316472,-8.65949562583143,-3.17983368161488,-5.15641307630544,12.409737112455
2016-01-15,-3.8482293424,2.33239598711752,-6.67261779788485,-9.5887063117,-3.70374748418098,-5.86682984283846,7.53717012290946
2016-01-19,0.75414781313,2.73334420838426,-7.84457655161545,-10.8483290798765,-4.36464270676676,-6.77915191057857,5.66540797043622
2016-01-20,-0.47173095691,2.57766396584132,-7.38966955295189,-10.3710477924,-4.1075206086584,-6.52031811543846,13.8699050255513
2016-01-21,0.56841037476,2.48998553516186,-7.12994934524462,-10.0853468043182,-3.96053728978415,-6.23837970896364,8.35478924610437
2016-01-22,3.7146534034,3.08696043732003,-8.87394999041672,-11.4280425101929,-4.94389712061849,-7.53794841249231,2.35811427992222
2016-01-25,0.025151748923,2.8719989168327,-8.24971475186444,-11.22218978368,-4.59215181298261,-7.12226893168689,4.85794324324036
2016-01-26,0.79124268686,2.370447990769,-6.78435128740823,-9.82498280005417,-3.76559898504862,-5.952781774914,3.99375787969573
2016-01-27,-2.9771309772,2.44799994927915,-7.01193301048822,-9.95457852523913,-3.89452791473105,-6.16210053506923,7.0532228954515
2016-01-28,8.9140310278,2.36777172223163,-6.77675191658782,-9.82498280005417,-3.76133504472196,-5.93111615028218,7.95773086113381
2016-01-29,-7.6099787519,2.38681331519325,-6.8320732414847,-9.82498280005417,-3.79414164443102,-5.97478934076263,9.0882544349377
2016-02-01,-2.0766609881,2.43626118501003,-7.00540143292125,-9.85688686801667,-3.90128738482156,-6.17783834177391,3.60257406621596
2016-02-02,-3.9508707225,2.64527816263356,-7.62006417527045,-10.5224804572421,-4.24885919166171,-6.62744904055,5.67858856137854
2016-02-03,-3.8090925555,2.33702009825823,-6.71544848762465,-9.51542010578148,-3.74900624786911,-5.90724882070961,14.0749521966636
2016-02-04,0.97727229913,2.4917600235303,-7.16669592230408,-9.97772210638696,-4.00626132912783,-6.36073716339412,10.8754988333264
2016-02-05,-6.3644500801,3.03461071089525,-8.75703416342904,-11.4280425101929,-4.90932327309819,-7.49106348033333,10.5066360966402
2016-02-08,-2.7940971461,2.95552803792871,-8.52369027847121,-11.4280425101929,-4.8174705489024,-7.47057960032909,19.674781667056
2016-02-09,-1.2354025815,2.97346904394851,-8.57014813760233,-11.4280425101929,-4.84560968518455,-7.47057960032909,13.0917513172412
2016-02-10,1.7445599187,3.60996949675715,-10.4350761147322,-13.5531607395,-5.91255519770239,-9.0018378346875,9.44323112600843
2016-02-11,2.7197847006,3.487624424392,-10.0780244805416,-12.4710292156667,-5.70895975760007,-8.56910204692162,10.6730519347194
2016-02-12,0.64705648838,3.27957540393656,-9.46950298389465,-11.8085624028833,-5.31584412474622,-8.21160829896667,5.34627445297675
2016-02-16,2.7648497278,3.32790973770533,-9.61323074140705,-11.8085624028833,-5.39771216308181,-8.28155007895854,3.28174735475173
2016-02-17,2.4947227021,3.023648583155,-8.72343595900381,-11.4280425101929,-4.89228816301189,-7.47057960032909,3.38268975638806
2016-02-18,-1.7038007863,2.61249210082644,-7.51827053524752,-10.376855371975,-4.20755563293932,-6.59334862054872,4.00170536026042
2016-02-19,1.8857142857,2.39974193638365,-6.8945403807915,-9.85688686801667,-3.85379113367291,-6.08572554005979,3.68733019698487
2016-02-22,4.5989904655,2.3057643614634,-6.61951046495575,-9.51542010578148,-3.68098947691974,-5.79375485716396,4.33608856797704
2016-02-23,-1.1724754244,2.11568667807535,-6.06237016878413,-9.10140300486452,-3.36696901218216,-5.36248367229854,3.14017180690814
2016-02-24,0.19893659337,2.11626333113316,-6.06484234943059,-9.10140300486452,-3.3689661072661,-5.36248367229854,5.27585493669961
2016-02-25,0.20034654553,2.0300786888115,-5.81198037667078,-8.81769282002059,-3.22582492637795,-5.23583460807808,3.89415123913703
2016-02-26,0.014410519725,2.21297560368235,-6.34846867514066,-9.30165848706207,-3.52943623184378,-5.61441712391901,2.6763575693684
2016-02-29,-0.4880860185,2.12560990755365,-6.09269688090698,-9.10140300486452,-3.38498752678134,-5.36248367229854,3.02659713527116
2016-03-01,4.7998262507,2.02093941643122,-5.78548201117304,-8.81769282002059,-3.21114925329283,-5.22209588685306,2.8221012929893
2016-03-02,0.20205857963,2.00249336938316,-5.73203292575275,-8.56910204692162,-3.18221627806744,-5.1681817802053,6.41440052839919
2016-03-03,-0.46879578076,1.97345960221562,-5.64588669297142,-8.4931772258579,-3.13301832278529,-5.05537436245625,1.88380966765501
2016-03-04,-0.40693345345,2.22133483782419,-6.37406593397335,-9.40655878731071,-3.54512878010509,-5.63167766379417,2.3945238542414
2016-03-07,-2.1455645582,1.87802057992296,-5.36724434026682,-8.28155007895854,-2.97546152975286,-4.86216288478192,2.82489121093209
2016-03-08,-0.4513148544,1.90005108858665,-5.43172993547731,-8.28155007895854,-3.01139528645873,-4.92784487373977,3.83007143264248
2016-03-09,-0.14100596154,1.90645427852995,-5.45024660399999,-8.28155007895854,-3.02167717016886,-4.93909645901588,2.78481245065512
2016-03-10,-0.096519920589,1.99064048045641,-5.69717735199637,-8.56910204692162,-3.1614402420367,-5.07955530286076,5.23039564122529
2016-03-11,1.9107938384,1.80481310458868,-5.15121685452809,-7.95058325003043,-2.85179495166071,-4.6920711388232,1.31187045953923
2016-03-14,0.66010077062,2.04106923449079,-5.84519609384984,-8.9079493586,-3.2448502515243,-5.23583460807808,1.42037005214461
2016-03-15,0.63658719482,1.71909222970742,-4.90321597733594,-7.47057960032909,-2.7134441637189,-4.57276189186087,2.23392005882615
2016-03-16,-0.47658660014,1.66906571522838,-4.7548027223992,-7.37607622298947,-2.62950354805832,-4.50583298476168,2.40831465725701
2016-03-17,-2.5824089712,1.6665266923714,-4.74750922215131,-7.33087000639655,-2.62561490549151,-4.49709652925163,2.52054758740771
2016-03-18,-1.3156013157,1.66279560656604,-4.73684949406138,-7.33087000639655,-2.61960785196912,-4.4884297338338,2.74607013640236
2016-03-21,0.34415302143,1.58117311585132,-4.49710351390551,-7.07850009854844,-2.48355572685339,-4.25241913863902,2.6422669946528
2016-03-22,1.1733275571,1.64589422969481,-4.68702072311056,-7.28659147435932,-2.59088456827184,-4.412966896388,2.0071064607277
2016-03-23,1.6325292605,1.67429187878539,-4.77089401411172,-7.42287601372143,-2.62151930194944,-4.4921595925786,2.47755532619725
2016-03-24,2.3383599881,1.61303432509121,-4.59194219465925,-7.11798148674444,-2.52097698073927,-4.32937658920468,1.53624800802605
2016-03-28,-0.52834719963,1.64903797957143,-4.69893659732707,-7.28659147435932,-2.58157527479818,-4.39998502600531,2.28435324431262
2016-03-29,2.4126097229,1.53549679045344,-4.36619027087005,-6.78493142461806,-2.39436192377615,-4.12416152730455,1.88473131447055
2016-03-30,0.81332300542,1.57657892479014,-4.48657486110886,-7.07850009854844,-2.46247985509813,-4.2191172096188,1.73931084167572
2016-03-31,-0.84350832658,1.51187766462173,-4.29792579374693,-6.65512175804868,-2.35664156742959,-4.07921327823764,1.31034550329431
2016-04-01,0.81867798672,1.48794167267201,-4.22689143489544,-6.59334862054872,-2.31705794844098,-4.07283720592279,0.960566495393115
2016-04-04,-0.88721804505,1.40275784587996,-3.97582469787017,-6.2807565143236,-2.17561102630361,-3.86384524515928,1.46446587889915
2016-04-05,-1.1884893543,1.34345091896566,-3.801142063806,-5.97493399576863,-2.0695291039171,-3.7374198030006,1.70993040769279
2016-04-06,2.719486812,1.34870935961177,-3.81657535994192,-6.04055376516162,-2.0782121848616,-3.7526193376753,1.67623166483808
2016-04-07,-1.7688679246,1.3651461482346,-3.86407549691229,-6.10888654603854,-2.10495237512738,-3.78885498863769,1.89767711447746
2016-04-08,0.53598904342,1.35784067870731,-3.84280234277427,-6.04055376516162,-2.09298892159425,-3.77318112382315,1.40025885686653
2016-04-11,0.22367978472,1.39963732250305,-3.96546465797463,-6.2807565143236,-2.1533714263132,-3.83656843024487,1.58520211005624
2016-04-12,1.2149077911,1.36416686969082,-3.86196041676439,-6.08572554005979,-2.09561364623797,-3.78360548107298,1.57427019849756
2016-04-13,1.9314621086,1.38382542094895,-3.91984171348208,-6.20493269450326,-2.12801646308512,-3.79935275470721,1.62792360235478
2016-04-14,0.96450993788,1.36888597719168,-3.87672802879769,-6.10888654603854,-2.10418118063797,-3.78885498863769,1.09991140343496
2016-04-15,0.82803060814,1.37266039961179,-3.88788801798349,-6.13229583720737,-2.11047612330262,-3.79410398709188,0.700701372371618
2016-04-18,1.5114476986,1.28822676855541,-3.63875690769886,-5.73735445819386,-1.97094516947701,-3.64460088531686,2.07680420082621
2016-04-19,-1.1725820414,1.21279947832416,-3.41646102969058,-5.46389732323462,-1.8464489462412,-3.47769749370284,2.55607367383153
2016-04-20,0.81063863672,1.37130698443864,-3.88292519769035,-6.10888654603854,-2.10775193863607,-3.79323915093344,1.9187977342945
2016-04-21,-0.31438095393,1.45330097445769,-4.12355124760299,-6.5319905229525,-2.24248403168317,-3.97862284271429,1.62416793410335
2016-04-22,-1.6640253566,1.40449130171697,-3.9797094987479,-6.33367058488391,-2.16183185290632,-3.8576335853526,1.74192999680978
2016-04-25,0.91861402107,1.39532154529956,-3.95203706995725,-6.25502048023111,-2.14620436837396,-3.83145137100513,1.3691552596501
2016-04-26,-1.4883423827,1.44497016549568,-4.09834655443642,-6.50195210333704,-2.22810299831877,-3.95617574672517,1.6968815260469
2016-04-27,-1.6713137075,1.38147205713009,-3.91210385792397,-6.1803296253043,-2.1237151234095,-3.8047231141552,3.11247930072409
2016-04-28,-0.75341675329,1.37959876752154,-3.90677862911605,-6.1803296253043,-2.12061521959091,-3.8047231141552,3.04630651860536
2016-04-29,9.5664451826,1.55109278969948,-4.4103538656128,-6.85346225266571,-2.40239699746434,-4.1505841433,4.85881274637365
2016-05-02,3.6780424203,1.59680988672905,-4.54337111768217,-7.07850009854844,-2.47679051455816,-4.24091208629472,2.99890149403198
2016-05-03,-1.8322731592,1.83696454266299,-5.24993802692639,-8.21160829896667,-2.87268586102677,-4.72719180969841,1.8850972431198
2016-05-04,-0.062563307984,1.75331775085847,-5.00425094186704,-7.66688075646471,-2.73495433727815,-4.60341910974653,2.83423019990447
2016-05-05,-1.7603219557,1.67606674966722,-4.77703447592351,-7.42287601372143,-2.60797341123569,-4.48828414515234,1.89780748221041
2016-05-06,2.2546237993,1.74200544360858,-4.97108223467462,-7.56577836585849,-2.71655553150326,-4.60659774488955,1.60904495041268
2016-05-09,0.86059796722,1.63365768631738,-4.65191452793225,-7.20071950287869,-2.5377133267337,-4.34771247505498,1.54375512453868
2016-05-10,3.4306730417,1.49826784717208,-4.25341446089275,-6.62403346963506,-2.30542218885889,-4.07878702048736,1.49824354261199
2016-05-11,1.445090816,1.43851843081729,-4.07698493838765,-6.4157524258631,-2.20706008146232,-3.93632485116254,2.08773799575931
2016-05-12,0.65897396344,1.41983522447785,-4.02214088531891,-6.36078033684419,-2.17649677774096,-3.87289399365828,2.00409826076465
2016-05-13,-1.1157076595,1.44664985435889,-4.10094397150889,-6.5319905229525,-2.22048138142199,-3.94825474251315,1.45666515214099
2016-05-16,0.104237097,1.44386243550297,-4.09288883186076,-6.50195210333704,-2.21600834670749,-3.94228779961207,1.51680854802813
2016-05-17,-2.1655925478,1.38708042113937,-3.92615007138616,-6.22955268624505,-2.12018167508585,-3.80702874067675,1.89407861907473
2016-05-18,0.31354725525,1.39239352169993,-3.94225104233523,-6.22955268624505,-2.13201555133201,-3.80713827108344,3.07639596433827
2016-05-19,0.15341601538,1.44450393068419,-4.09560565032048,-6.50195210333704,-2.21764646718823,-3.94228779961207,2.04801330109636
2016-05-20,0.6127240451,1.5829576840284,-4.5037628341394,-7.07850009854844,-2.44566047620267,-4.201621727204,0.701904625868188
2016-05-23,-0.86084234472,1.49610582739082,-4.24903837355481,-6.62403346963506,-2.3035389968366,-4.06722165542259,1.00070528463246
2016-05-24,1.0692500897,1.34034215567499,-3.79220073111584,-5.97327473921078,-2.04891880876115,-3.70389262221497,1.00660205357182
2016-05-25,0.58932121556,1.34725832952348,-3.81240744060841,-6.06173785005102,-2.06020985728331,-3.71382521699066,1.05409115032366
2016-05-26,0.92609585663,1.31044378940061,-3.70396251604728,-5.84970751538519,-1.99961666896364,-3.66937259161906,0.612646946829953
2016-05-27,-0.3734735842,1.22900041122448,-3.46467826690476,-5.5380473572464,-1.86610023660899,-3.50216698537321,0.513407643180386
2016-05-31,1.481242278,1.11156713198602,-3.1184526393923,-5.07396784741975,-1.6726623301129,-3.26715396713211,1.05825905942468
2016-06-01,-0.46348178575,1.08233930084597,-3.01973603522547,-4.98824361506098,-1.62313579617903,-3.21694597917356,1.1171019379074
2016-06-02,1.2231735795,1.14422522773875,-3.20089425673941,-5.27567404589507,-1.72438767308008,-3.33864894189904,0.773389642078197
2016-06-03,-0.37075689343,1.14663722269722,-3.20729052120174,-5.27567404589507,-1.72787759066665,-3.34252502844591,0.744853404792315
2016-06-06,0.16401576777,1.08724514905879,-3.03305229177837,-5.01247350508704,-1.63029949086113,-3.22048050570334,0.78314901221646
2016-06-07,-0.41143203125,1.08745982714122,-3.03433869523085,-5.01247350508704,-1.63113593002901,-3.22048050570334,0.831777267737136
2016-06-08,0.40069638271,1.09987358884156,-3.07069472796658,-5.02454789169255,-1.65162686745354,-3.24184042438307,0.87679649823839
2016-06-09,0.1389959265,1.09137189926945,-3.04591580828874,-5.01247350508704,-1.63768316587675,-3.22401936600603,0.627761139010072
2016-06-10,-1.3385556243,1.0827636469756,-3.0200518417987,-4.99501195696319,-1.62312324817536,-3.21545809965056,0.674903667339549
2016-06-13,-0.37191291394,1.04222578251278,-2.90130756086057,-4.79273795323978,-1.55665701622321,-3.13308222773594,0.979430933264479
2016-06-14,0.56764163091,1.04226882108312,-2.9010904274842,-4.79273795323978,-1.55646333112219,-3.13574765618453,1.37378525487444
2016-06-15,-0.70068121795,1.08644773911548,-3.03035253919125,-5.01947642198199,-1.62879994425859,-3.21845019362299,1.06114131606553
2016-06-16,0.45501638051,1.15638958177212,-3.23568712699422,-5.30031762888643,-1.74387276878467,-3.35254699254126,1.32981658933136
2016-06-17,-1.5498041839,1.12859668635927,-3.15331317336849,-5.13277863892566,-1.69755048567802,-3.30342568277925,1.28861880966843
2016-06-20,1.0787242176,1.19080066158285,-3.33558629989087,-5.37529304128074,-1.79964577896692,-3.42828015129107,0.845186717656351
2016-06-21,0.25349785028,1.21190735874454,-3.39719406763387,-5.4689574946155,-1.83420152887175,-3.47758566063895,0.902203382110921
2016-06-22,-0.7292336064,1.15143667754617,-3.21988051189255,-5.30031762888643,-1.73479654794174,-3.349979785509,1.00742759651889
2016-06-23,1.6155361667,1.1320901324545,-3.16382497403301,-5.15905468412933,-1.70358413296877,-3.32259918344426,0.68818159336254
2016-06-24,-3.2018612896,1.14216262594874,-3.19384738884209,-5.28553695483759,-1.7205377257175,-3.34210477721162,3.32056201263957
2016-06-27,-1.087329747,1.07347066082914,-3.00555017055499,-4.96030258621867,-1.60966959576642,-3.20107566603739,3.8430935626556
2016-06-28,2.3996181439,1.43986352893837,-4.08396042294946,-6.4157524258631,-2.21184674783834,-3.95732577806538,1.17926765408886
2016-06-29,1.0805847871,1.59595947751123,-4.54392984633899,-7.07850009854844,-2.46877933079048,-4.25966543000373,0.8255970218283
2016-06-30,0.0027948575735,1.37232782358366,-3.88502350987297,-6.15535735200745,-2.10081988899986,-3.80298163054505,0.764115535649511
2016-07-01,1.4057740142,1.33166092234975,-3.76213470959348,-5.79515328561275,-2.03203933593587,-3.65881928618419,0.535504670794426
2016-07-05,0.33348032193,1.32790589103522,-3.7510917281659,-5.79515328561275,-2.02590285828395,-3.64897839699245,0.872724146572331
2016-07-06,1.3061392667,1.18411830129648,-3.32705064529576,-5.2525566399097,-1.7886138670849,-3.37564821072143,1.24832712818773
2016-07-07,-0.14099591917,1.08274118613976,-3.02773612070149,-4.90382356772484,-1.62108042790961,-3.18014461241284,0.771953795924423
2016-07-08,1.2544632551,1.13183550448477,-3.17217402827984,-5.07307139365442,-1.70185252330926,-3.27702152633573,0.50632344292142
2016-07-11,1.0686367845,1.07259835377988,-2.99704484086663,-4.84690527907711,-1.60376456642667,-3.1512609178927,0.662690548037106
2016-07-12,-0.73894239713,1.02530187795551,-2.8577741813975,-4.6507968720773,-1.52586949938806,-3.08082562720994,2.36058894155253
2016-07-13,-0.74577992809,1.05103903673366,-2.93425258861103,-4.74020707708409,-1.56660163123515,-3.11396180862419,3.40372731718625
2016-07-14,-0.19255887855,1.31134346050509,-3.70154478630144,-5.71756072595849,-1.99281061832346,-3.62908433629821,0.701639918399659
2016-07-15,-0.77711818667,1.49616794309488,-4.24711205675913,-6.42406060969605,-2.29754850924671,-4.01833806331434,0.785389957479462
2016-07-18,0.085663004393,1.23310736391211,-3.47187300120583,-5.45133866783223,-1.86492135632969,-3.47135453624038,0.760053595447291
2016-07-19,0.52712377892,1.2525788406298,-3.5293100559954,-5.55343908647217,-1.89700980151345,-3.52937542366854,1.21357980244816
2016-07-20,0.77978241752,1.25316993351373,-3.5309469611655,-5.55343908647217,-1.89797279092046,-3.53397351862,0.570044022724574
2016-07-21,-0.17298718012,1.25130975301524,-3.52549738194073,-5.55343908647217,-1.89492573863621,-3.52480188133193,0.577573350809231
2016-07-22,0.057762314827,1.04343658792509,-2.91321295362986,-4.69975300540389,-1.55324116205902,-3.1132326604527,0.429314652019122
2016-07-25,-0.70483043801,1.0372950369262,-2.89512658365192,-4.6800189435456,-1.54315855903905,-3.10314719832232,0.749701931011415
2016-07-26,-0.54352969819,0.997196596100131,-2.77842651106293,-4.56549426452268,-1.47838795738682,-3.04076150090845,0.660834522473142
2016-07-27,0.14682091933,1.03641311167046,-2.89490686573549,-4.6800189435456,-1.54352663430196,-3.10314719832232,0.710409486082032
2016-07-28,2.1637911141,0.995162025646475,-2.77299864827963,-4.57153451835648,-1.47326985683712,-3.03358495633724,0.774465233528113
2016-07-29,0.82379984306,1.00152558448262,-2.79138913450719,-4.57153451835648,-1.4833877477851,-3.04001984021901,1.80906950966923
2016-08-01,1.1768426879,1.01172307029361,-2.82083657955265,-4.61869464559734,-1.49968550908393,-3.05296146142958,0.904166778228681
2016-08-02,-0.93260739313,1.20255206137798,-3.38362978823346,-5.32597815713178,-1.81339831958298,-3.40744059205091,0.695174611957276
2016-08-03,-0.78098293407,1.10763788498068,-3.10359488664465,-4.9603446179359,-1.65735473951763,-3.21358717195012,0.744760187175312
2016-08-04,0.81230785545,1.08432605092864,-3.03541233573527,-4.91322418205687,-1.61979232798863,-3.17445088792928,0.72617317687047
2016-08-05,0.68483247233,1.09250385603245,-3.05979527123458,-4.91322418205687,-1.63352947454352,-3.19212684399431,0.50205065959805
2016-08-08,0.075719992674,1.08733365345837,-3.04525022034719,-4.91322418205687,-1.61641283048744,-3.17445088792928,0.456317812395715
2016-08-09,0.22829263198,0.989358642850463,-2.75636851235063,-4.56225588534227,-1.45624617353841,-3.00814718907287,0.378201207459826
2016-08-10,0.032538949199,0.957204584272221,-2.66233038605404,-4.48877156475,-1.40429832697287,-2.9618490180668,0.444977747003675
2016-08-11,0.34870406998,0.927349340603526,-2.57495912559917,-4.35085039880596,-1.3560151874462,-2.91060684918916,0.557087945471463
2016-08-12,0.1711529485,0.919199376589378,-2.54946524670392,-4.31813094634344,-1.34159491059864,-2.90179422681404,0.358789530599955
2016-08-15,-0.52681992338,0.919497826484195,-2.54951784967685,-4.32196778712682,-1.34140118758403,-2.90070633375856,0.242407464224799
2016-08-16,-0.57905763242,0.8718499630669,-2.40963460446284,-4.11441079776008,-1.26398110483494,-2.81427478668579,0.339758268732075
2016-08-17,0.077221087849,0.839070793841805,-2.31324951902833,-4.03438158520038,-1.21060894772528,-2.77571003122175,0.590716254610944
2016-08-18,-0.022232975425,0.850327719388319,-2.3470222352825,-4.04759466170775,-1.2294823208102,-2.78393561613263,0.409453717163173
2016-08-19,-0.93530073518,0.896453010394958,-2.48290469397937,-4.20634690320681,-1.30476027838719,-2.86548859334238,0.337415845952829
2016-08-22,0.28654051857,0.858086125780771,-2.36973749303232,-4.04759466170775,-1.2419715980054,-2.79216246423777,0.622249571611565
2016-08-23,0.39105703909,0.844642460079627,-2.33077353750067,-4.04102063447568,-1.2205803588247,-2.77845484177821,0.331159020888372
2016-08-24,-0.68201193526,0.910048826570947,-2.52346127636372,-4.29019405759286,-1.32734447866812,-2.89180483300945,0.380125456178527
2016-08-25,0.2601518654,0.866383462187968,-2.39447346152196,-4.08721107373254,-1.25578960845163,-2.80800452436057,0.339736521766127
2016-08-26,1.2881641684,0.859379947677512,-2.37416119977938,-4.04759466170775,-1.24462009016171,-2.79691817225747,0.865630927760722
2016-08-29,0.29778933676,0.847997395134498,-2.33877877153411,-4.03375591771318,-1.2245109410786,-2.78033736886106,0.488042633326457
2016-08-30,-0.48101233006,0.954813293818251,-2.65508466364396,-4.48696307777889,-1.40032432083333,-2.95484424376871,0.460078708901075
2016-08-31,0.20584173635,0.891826977937868,-2.47058892910995,-4.18445537682119,-1.29819557436347,-2.86505781053757,0.538416307524502
2016-09-01,0.18981746325,0.890899255280352,-2.46835366661928,-4.18445537682119,-1.29708197987349,-2.86505781053757,0.501562571312161
2016-09-02,0.23617347069,0.910886597057748,-2.52690331269917,-4.2829065082583,-1.32946285431191,-2.88859741102751,0.309161733739069
2016-09-06,2.1270260473,0.914713359934874,-2.53769978653155,-4.29078013912162,-1.33529652538426,-2.89417989989886,0.792495351326955
2016-09-07,-0.55649219757,0.851307991365174,-2.35017869601375,-4.04032725743735,-1.23117577804111,-2.78534447530995,0.642025108642515
2016-09-08,-0.053538649991,0.940486212728086,-2.61239090063399,-4.43538989415392,-1.37633901054206,-2.93132230585714,0.438162024749185
2016-09-09,-3.0507869295,0.930260858540397,-2.58288227680512,-4.36607171460189,-1.3601347058301,-2.90718757735318,0.732875953811793
2016-09-12,1.4931459995,0.895276980478273,-2.5016047308535,-4.24037090129474,-1.3120321998979,-2.8718647024735,1.28901213824711
2016-09-13,-1.3584103488,0.951792377427498,-2.66924125071021,-4.49192765193889,-1.40491003045937,-2.95603145550933,1.4064579581098
2016-09-14,0.010512345397,1.07770078529858,-3.04314408333145,-4.91368659979745,-1.61163544738988,-3.16147909300884,0.693709482052123
2016-09-15,1.1299583493,1.12367135704828,-3.18028061509535,-5.130502638395,-1.68775262633685,-3.24837009586403,0.833638857659369
2016-09-16,1.1472151124,1.04149073186869,-2.93544903019128,-4.74540492634477,-1.55188716921322,-3.10818778782829,1.01924490547782
2016-09-19,-0.43929507265,1.08056248259288,-3.05121162534865,-4.92562826435064,-1.61599545927382,-3.16701920835216,0.733993178877041
2016-09-20,0.66055992775,1.1184117703128,-3.16385355512481,-5.06290005461379,-1.67869965856312,-3.23947152354893,0.457555265931447
2016-09-21,1.2201686704,1.05679963102219,-2.9812704228081,-4.82108692612485,-1.5772514164622,-3.12527136799047,0.717419760423163
2016-09-22,1.8942943248,0.971016632014028,-2.7259941272981,-4.53842377821917,-1.43547458773691,-2.97290500799115,0.546172530726664
2016-09-23,0.13048340988,1.00761587733701,-2.83460912953278,-4.6437936857467,-1.49513436905477,-3.05307553327966,0.50240466145402
2016-09-26,-0.81787154813,0.969417009455095,-2.72061939684925,-4.53842377821917,-1.43209425785878,-2.96981495153333,0.492286185345248
2016-09-27,2.1209770259,0.934623210943774,-2.6175764732085,-4.43753430690735,-1.37526956018673,-2.93581126142161,0.478705973395715
2016-09-28,1.5451348469,0.919552932788617,-2.57245939237704,-4.34334099525023,-1.34998413092066,-2.90253454738423,0.887702504133025
2016-09-29,0.039820446,0.919653546777629,-2.57228921366493,-4.34334099525023,-1.34993247438679,-2.90253454738423,1.77577524658933
2016-09-30,0.99632109032,0.985815512737421,-2.76868654195786,-4.55712339683508,-1.45917511944617,-3.01071770785299,0.421972160814212
2016-10-03,-0.068075145191,1.15804095091677,-3.28314977798282,-5.26204297962519,-1.7340558088291,-3.311356807916,0.691208777446149
2016-10-04,-0.32387599504,0.989488682826936,-2.78268068574328,-4.56652152148368,-1.45904389246214,-3.01071770785299,0.636887705186793
2016-10-05,1.2385645599,1.03466458051775,-2.91759358439722,-4.72445138132989,-1.53313209362643,-3.08985954318048,0.375279870912169
2016-10-06,-0.31976881892,1.03610149832947,-2.92212772400701,-4.73488114692312,-1.5354471855474,-3.09324367148435,0.585830880362491
2016-10-07,-0.26495259381,0.974978559780255,-2.7405270560216,-4.53842377821917,-1.43562930928855,-2.97290500799115,0.47819825375135
2016-10-10,0.27161288017,0.936333264581154,-2.62528906303931,-4.44646270881823,-1.37222122310009,-2.938851359725,0.332351245645293
2016-10-11,-1.2724097373,0.924085622642629,-2.58864815566451,-4.36827747689953,-1.35205146962779,-2.9084484979166,0.659569787996291
2016-10-12,0.37184115517,0.881331213638746,-2.46176763444159,-4.15935327833096,-1.28242032144948,-2.84334676043574,0.459910135823864
2016-10-13,-0.57667637775,0.92953689576253,-2.60525161578664,-4.41105865267681,-1.36144559657328,-2.91445958351473,0.8033202337978
2016-10-14,-0.76210688794,0.903146908030039,-2.52745147767725,-4.27913579364215,-1.31883158666943,-2.89044702673531,0.463666810777954
2016-10-17,-1.216341013,0.961776232592199,-2.70197641762698,-4.519657623,-1.41497276168561,-2.9667295799513,1.13432012639692
2016-10-18,0.57814133706,0.913165862288514,-2.55733439159028,-4.31892585918853,-1.33548027113452,-2.8989363627263,0.523595843740482
2016-10-19,0.0048920686822,1.04683720546701,-2.95496957604434,-4.76658141657,-1.55396455085671,-3.11360488530881,0.538835205487371
2016-10-20,-0.90131957095,0.95901443976709,-2.69396340040589,-4.51038300199745,-1.41074797955657,-2.96948174984337,1.57849064438467
2016-10-21,1.069947675,0.965192640606899,-2.71257410898438,-4.52902337001186,-1.4213798032502,-2.96948174984337,0.651733116916845
2016-10-24,2.3321408074,1.13685759553534,-3.22228499167401,-5.21720083622463,-1.70143462345718,-3.27617068134792,0.792501136300233
2016-10-25,-0.34721807915,1.03469308177826,-2.91894792093426,-4.72445138132989,-1.5347085150627,-3.0965053157061,0.887261192346593
2016-10-26,-1.5074594698,1.03540799867133,-2.92099171579399,-4.73488114692312,-1.53581040753402,-3.0965053157061,1.2785686305736
2016-10-27,-0.51422944607,1.06697578270579,-3.01461605641995,-4.87821947869312,-1.58733012544414,-3.14471939056742,1.33449444325902
2016-10-28,-5.1371034753,1.15111556676456,-3.26401202585625,-5.24692731200303,-1.7243769283039,-3.30740379078504,2.28471868235116
2016-10-31,1.7389736193,1.14864590957631,-3.27480117820584,-5.26109646822879,-1.73255232747605,-3.31590979212394,1.03086018496113
2016-11-01,-0.55835506828,1.32322060004471,-3.79479208890584,-5.86183998212653,-2.01820410823614,-3.65586513713785,1.52350058247128
2016-11-02,-2.5273424072,1.20233326921739,-3.43381076581561,-5.43150434993058,-1.81962015990069,-3.42613948059276,1.91650521781132
2016-11-03,0.19201630184,1.28426353277705,-3.67817877934307,-5.7399491010625,-1.95561557474526,-3.59781050888065,1.65464933779065
2016-11-04,-1.5618685058,1.35152910457602,-3.87918198065426,-6.01840538266593,-2.06593013160787,-3.70322439948254,1.65892993926432
2016-11-07,3.9573538175,1.34089124683284,-3.84800410921276,-5.94932557610532,-2.04878670824208,-3.67253062838131,1.32812836467734
2016-11-08,0.35926770543,1.31879172718106,-3.78161106719028,-5.86183998212653,-2.01145736372874,-3.65143790587631,1.04409343303103
2016-11-09,-2.0145985402,1.29939829012033,-3.72420573825475,-5.7399491010625,-1.97962522409365,-3.62142319179909,4.63581450730718
2016-11-10,-3.8218375914,1.25216734058476,-3.58248096774571,-5.62497205461,-1.90437052640604,-3.53455733619398,14.5045735365636
2016-11-11,-0.45394541876,1.68226712470801,-4.86086249699296,-7.19040172424444,-2.61126738755223,-4.42397590754444,4.6744272974189
2016-11-14,-2.6982043545,2.61960739930691,-7.65510610773931,-9.89473099236667,-4.15207966238523,-6.41110720296842,4.69622916745355
2016-11-15,3.3612861056,2.15624532480326,-6.27336488111501,-8.76605820212759,-3.39005656974522,-5.3698309822824,3.23405303861269
2016-11-16,0.43727463544,2.24463105668307,-6.53813757406051,-9.04209123196538,-3.53607387989886,-5.57240906507522,2.49675676744825
2016-11-17,1.3275462499,2.21494031389521,-6.45111505050226,-8.94672871184074,-3.48787398314371,-5.5015999669453,1.33309342063533
2016-11-18,0.49709148607,2.1184702225886,-6.16607147690656,-8.76605820212759,-3.33045587577316,-5.29235052237308,0.867610215123789
2016-11-21,2.6099768469,1.66627113093982,-4.81824783941306,-7.19040172424444,-2.5874248705022,-4.3647364148729,1.44279278652987
2016-11-22,0.68333333329,1.49949092431044,-4.32115010451416,-6.52980999389028,-2.31342645386092,-4.01789746305649,1.52136097244061
2016-11-23,-0.66341537959,1.43161896341531,-4.11855462007606,-6.35284867767949,-2.20172596943791,-3.86359332772578,0.945682655548544
2016-11-25,0.032046351953,1.37530216734105,-3.95082810509943,-6.06575561203483,-2.10930437822686,-3.76323839856328,0.426253236203725
2016-11-28,-1.7427630485,1.25493270314935,-3.59229427562092,-5.60872759998649,-1.9117419957772,-3.55144647641383,1.67087991461409
2016-11-29,-0.55427311963,1.15724902866051,-3.30100423345533,-5.27718205374198,-1.75124166917776,-3.33077267184925,1.04251099348841
2016-11-30,-1.5671720086,1.32410004416095,-3.79874772493641,-5.86211108737449,-2.0256214433432,-3.65906909819692,1.37189733614146
2016-12-01,-0.92196597234,1.24284731816909,-3.55615427676856,-5.59052742870179,-1.89194962917394,-3.51423161216197,2.06487933607703
2016-12-02,-0.44510186262,1.26854048663403,-3.63319029314061,-5.66453726510185,-1.93445994496428,-3.58505450576059,2.3902333210902
2016-12-05,2.5690898778,1.38431277279523,-3.97861674287596,-6.1392054861407,-2.12479376133422,-3.76323839856328,1.59614869559907
2016-12-06,0.70585756421,1.48842595852053,-4.28981252215267,-6.46962444100676,-2.29313180244069,-4.00487617044508,1.59400059608692
2016-12-07,0.74537085475,1.41373742596575,-4.06625192430617,-6.24251413165,-2.16993366161687,-3.82367621258673,1.2005826446622
2016-12-08,-0.40107993045,1.43416009427477,-4.12709619928718,-6.35284867767949,-2.20346334553063,-3.8752495297607,1.23539828454263
2016-12-09,0.1733282943,1.39036451520809,-3.99604732104414,-6.16461524597294,-2.13132957224511,-3.76860694592664,0.559224990900388
2016-12-12,-1.1110243801,1.36109372522144,-3.9085247810149,-6.04187885255667,-2.08313735815878,-3.73044266396656,0.912936314430477
2016-12-13,1.8707572488,1.21522443953398,-3.47326190045041,-5.48453120544831,-1.84350565100722,-3.46344851302596,1.22732094396539
2016-12-14,-0.71286514958,1.21395202406097,-3.46909498721528,-5.46760965766975,-1.84109705293169,-3.46344851302596,2.13888953781905
2016-12-15,-1.0171431545,1.19926808261209,-3.42504522451264,-5.41831036010656,-1.81683883880035,-3.43706101467204,1.06592808853615
2016-12-16,-0.42444152432,1.32736582016663,-3.80774524224069,-5.86211108737449,-2.02767902098108,-3.66336438429167,0.644265393673362
2016-12-19,1.0860815288,1.20059894988882,-3.42976813338435,-5.41831036010656,-1.81962908605781,-3.44142406268598,0.957469506631766
2016-12-20,0.68146214107,1.15115530664389,-3.28166897287239,-5.26218328527652,-1.73794446795114,-3.32800232086683,0.46801392776806
2016-12-21,-0.080392106065,1.18371012111582,-3.37918322903143,-5.35407845797778,-1.79157792305048,-3.40489102162005,0.509545528132895
2016-12-22,-0.55281598743,1.08931245003844,-3.09742111894407,-4.97631675707974,-1.63637218594324,-3.2111488665986,0.622538229443073
2016-12-23,-0.75031970155,1.0100740674009,-2.86112501491251,-4.65720432101319,-1.50626755037459,-3.08073369819677,0.370242624006754
2016-12-27,1.4212650707,0.998791794357133,-2.82724147828236,-4.64727330126503,-1.48755310514362,-3.05394321852199,0.517649830735556
2016-12-28,0.09463313454,0.946348752972068,-2.67071533042934,-4.48690221382,-1.40139808492122,-2.97350014429137,0.935709069040475
2016-12-29,-0.90399285091,0.939692117378783,-2.63756770288002,-4.45089805156912,-1.38879843580288,-2.96092567965876,0.639837944580103
2016-12-30,-1.9969940534,1.02162287204395,-2.88213474832977,-4.67702137125111,-1.52394961785752,-3.09776002486783,0.866741224108105
2017-01-03,0.50675450402,0.985886259031867,-2.77767028109921,-4.57025996024869,-1.46854531629227,-3.03525421911127,1.27697199435444
2017-01-04,0.46572107167,1.02818256033595,-2.90275499814157,-4.69707429826461,-1.53762160023009,-3.10563472069323,0.650741687424371
2017-01-05,3.0732454636,1.12278694168998,-3.18432960683578,-5.14548335933214,-1.693513206676,-3.27200355700607,0.963361155506795
2017-01-06,1.9911589467,1.05029599450125,-2.96862339461943,-4.80185947306131,-1.57415243488568,-3.14730066210359,0.8203039404052
2017-01-09,0.1168356388,1.08641421219801,-3.07450058723208,-4.9743861996634,-1.63248406407432,-3.20423955041445,0.850189077371691
2017-01-10,-0.1279927722,1.07623875149262,-3.04365609450659,-4.92576016926051,-1.61546643473021,-3.18601676694677,0.631583929560457
2017-01-11,0.3920090463,1.0768673326063,-3.04601899635061,-4.92576016926051,-1.61700076579277,-3.18601676694677,1.11600024379741
2017-01-12,1.8297414332,1.01515692811188,-2.86234335664056,-4.66423300278729,-1.51551057521833,-3.08793458220563,1.28871511057603
2017-01-13,0.43016567524,1.09824083346236,-3.1091075519201,-4.99924373420662,-1.65197822740756,-3.22637902616714,0.707157551445422
2017-01-17,-0.90804513311,1.13569520058286,-3.22078318010916,-5.23134673477463,-1.71363601607721,-3.31088690538928,1.29854584977533
2017-01-18,-0.27663883802,1.0604022229468,-2.99727680847408,-4.86675943516667,-1.58998730920658,-3.16093160439138,0.781491190321223
2017-01-19,0.19319363946,1.15231064689545,-3.27021768179393,-5.27651283005038,-1.74121381422099,-3.33091323545404,0.646111672128439
2017-01-20,-0.087758330847,1.09598865304228,-3.10282122074153,-4.98678586127171,-1.64874575516763,-3.22265858828986,0.722900297630523
2017-01-23,1.181448171,1.05521695187123,-2.98123737994798,-4.83257511040182,-1.58151948024486,-3.14676647725461,0.661905194152244
2017-01-24,0.55753900324,1.03571839667882,-2.92360531585178,-4.74583808568439,-1.54952145869671,-3.11882157033687,0.552636411341309
2017-01-25,1.7119789893,1.02471538514816,-2.89129064745884,-4.69433820166011,-1.53181839647167,-3.10159137484934,0.558800777969822
2017-01-26,0.3143977432,0.970551102683397,-2.73005607478677,-4.54824528291192,-1.44237913077619,-2.99900736997362,0.545002788059993
2017-01-27,-0.40278853621,0.959154942374316,-2.69604892290963,-4.51080620889188,-1.4234721313463,-2.973861408733,0.805339521998085
2017-01-30,-0.64491427047,0.951552873156319,-2.6731927642376,-4.49243934595025,-1.41084237253693,-2.973861408733,1.00081804173941
2017-01-31,-0.83094486854,0.992383931537135,-2.79461607742064,-4.60510513702299,-1.47813448678582,-3.04770213635527,0.654320448512138
2017-02-01,1.0771360565,1.03680022842771,-2.92617582923453,-4.75491668412515,-1.55059469019977,-3.11809738897361,0.848887093334496
2017-02-02,0.91307743151,0.996760782147187,-2.80731293076308,-4.61265308933405,-1.48474050744809,-3.04684889564153,1.10582959756216
2017-02-03,-3.5418774927,1.03781256711592,-2.92889841619834,-4.75491668412515,-1.55194446618813,-3.11809738897361,1.71861877674561
2017-02-06,-0.31597136531,1.09845529459168,-3.12448474919279,-4.9894916331543,-1.65381618895836,-3.22345952091019,0.481110687023049
2017-02-07,0.60175325652,1.21115459626917,-3.46098726599675,-5.42232479960826,-1.83942653911923,-3.46386284696006,0.500900018487404
2017-02-08,0.88738461527,1.04289084314558,-2.95885095000631,-4.77962118921894,-1.56256321724165,-3.12945904106228,0.443261293436852
2017-02-09,0.20129070035,1.0361076004894,-2.93837482743228,-4.75816834790877,-1.55117977210707,-3.12248865286067,0.420962268195438
2017-02-10,0.74267069249,1.00624441942078,-2.8491214779206,-4.665376462555,-1.50188326078975,-3.07097823634387,0.195798468063883
2017-02-13,1.0961254924,0.964351894531764,-2.72449497591326,-4.54871317373646,-1.43322117559775,-2.97656362796923,0.466667927482295
2017-02-14,-0.016735801546,0.839606068422048,-2.3517541639837,-4.03817120137899,-1.22750009667585,-2.79661271922635,0.559134157277968
2017-02-15,0.75443274072,0.877685415102037,-2.46492703503995,-4.16695329369916,-1.28973514140127,-2.86651979142495,0.503470158214925
2017-02-16,0.17087931647,0.891915977082764,-2.50774844563476,-4.24851966190485,-1.31337714098864,-2.89057785030154,0.635103406268294
2017-02-17,0.11017129872,0.886779382410754,-2.49215925447055,-4.22570315325783,-1.30469517156753,-2.88153010944008,0.323375748314466
2017-02-21,1.3454506729,0.91642289816336,-2.5807024375804,-4.35222310239206,-1.35356575219276,-2.92115507688787,0.414085379985187
2017-02-22,-0.096912801837,0.877120543014363,-2.46336958936943,-4.16695329369916,-1.28883622429403,-2.86057882626874,0.43021769379111
2017-02-23,-0.39971482338,0.886632979357715,-2.49181619939212,-4.22570315325783,-1.30456613375106,-2.88153010944008,0.731175446301292
2017-02-24,-0.81554582903,0.880186419412057,-2.47327780608196,-4.18136609130085,-1.29461203765169,-2.8755007322865,0.583632523075438
2017-02-27,0.40225261473,0.937005475245134,-2.64304726391197,-4.46516412094925,-1.38827771411175,-2.95849561119158,0.329235115995293
2017-02-28,-0.4242081448,0.909745605454463,-2.5639150611598,-4.31954670559037,-1.34463086176131,-2.9180868079793,0.563921768507481
2017-03-01,0.95143425151,0.871552725714453,-2.45008922747684,-4.14569340450249,-1.28201173768784,-2.85761223084643,0.545284474927309
2017-03-02,-0.48881699249,0.913496201287814,-2.5767060159045,-4.34397050462512,-1.35194211423512,-2.92115507688787,0.428450239990716
2017-03-03,0.11426417404,0.917396606118613,-2.58772480859767,-4.36891589442594,-1.3580472333066,-2.92422250551235,0.295611579895793
2017-03-06,-0.38476020136,0.880667274125122,-2.47774571519204,-4.18861752407234,-1.29752239173703,-2.88153010944008,0.353593282560587
2017-03-07,-0.069689703651,0.842178342933211,-2.36163860072025,-4.04398089768828,-1.23369342030386,-2.79978458570888,0.336285493765327
2017-03-08,0.52953830873,0.851265966131671,-2.38868422849739,-4.06369343256956,-1.24883593824888,-2.81117147090766,0.475876870512066
2017-03-09,0.29394473841,0.831560405580688,-2.32983658534778,-4.03736977204981,-1.21650349843689,-2.79409819844025,0.41337465001381
2017-03-10,-0.063305978802,0.844354657382075,-2.36812043951488,-4.04398089768828,-1.23609599692719,-2.80262375450054,0.270968188417681
2017-03-13,0.24986509616,0.833016053397279,-2.33463777520945,-4.03736977204981,-1.21768910375049,-2.79409819844025,0.209536135372695
2017-03-14,-0.24105126422,0.808166677759243,-2.26027730926277,-3.97167987084307,-1.1766588037826,-2.7575079439933,0.275405487941071
2017-03-15,0.051611086928,0.787581586762038,-2.19892852013089,-3.87877181763369,-1.14213602225821,-2.71103669073408,0.430310632765128
2017-03-16,0.052756837977,0.793876102930032,-2.217515706416,-3.9089987889556,-1.15227998201572,-2.72181940246569,0.252841507578646
2017-03-17,-0.13006491527,0.816615797916259,-2.28574585203497,-4.01075581990345,-1.18986753709039,-2.77149358426548,0.230498129764054
2017-03-20,0.54674942221,0.775656193951557,-2.16370296593796,-3.82630406190378,-1.12281250485651,-2.68185899286168,0.330284254030972
2017-03-21,-1.6068240428,0.767559329308382,-2.14100342257004,-3.79801096014122,-1.11053194790963,-2.6739864709209,1.0625159686072
2017-03-22,0.57637571153,0.791609419180046,-2.21322688541497,-3.9089987889556,-1.15158163416425,-2.7199003054611,0.911311585675375
2017-03-23,-0.080183005866,0.95148318346212,-2.68996686372732,-4.51107353524031,-1.41404127731072,-2.97153248857677,0.569555804743556
2017-03-24,-0.20887913324,0.95861049139373,-2.712383254663,-4.53921074582073,-1.42633973537268,-2.97153248857677,0.504542205159641
2017-03-27,0.14309196904,0.93017998341776,-2.62764684389113,-4.45613752156238,-1.37969930651428,-2.94952452300837,0.732838329944983
2017-03-28,1.0840556435,0.936202443377439,-2.64639030600077,-4.474266801059,-1.39004189575342,-2.95893106580461,0.738030976213156
2017-03-29,2.140186916,0.988696646426934,-2.80377135125944,-4.61565868126378,-1.47700364751085,-3.04225757798774,0.522048006804207
2017-03-30,0.23103669118,0.972600944072823,-2.75959592801715,-4.56761952082421,-1.45393929285231,-3.00956614881677,0.424019721906145
2017-03-31,1.1639318072,0.921563020682361,-2.60908125346399,-4.42047472840631,-1.37195834152108,-2.94640100401252,0.487875149070854
2017-04-03,0.56060640254,0.898875629740439,-2.54074941317416,-4.29546052984163,-1.33436610445374,-2.90636189993372,0.741380361063306
2017-04-04,1.7184327713,0.907424436220742,-2.56510562195952,-4.31954670559037,-1.34765733118085,-2.91725966938203,0.827449708868104
2017-04-05,0.27017191751,0.944697014424192,-2.67550556365092,-4.49261121009848,-1.40824595187023,-2.97343777903016,1.57050393815428
2017-04-06,-1.2097483724,0.963022722368499,-2.73014853925727,-4.54871317373646,-1.43828132626085,-2.98600480401449,1.74856581786785
2017-04-07,-0.37850113549,1.11330646586611,-3.17894301876148,-5.11966842113759,-1.68528563893398,-3.27361085668235,0.987070783706269
2017-04-10,1.3588414089,1.19877588631081,-3.43395998308317,-5.40624013667295,-1.82554538338331,-3.45687622296923,1.0649081911158
2017-04-11,-0.51596401481,1.13781941334122,-3.25270901681579,-5.24595424287197,-1.72576398340026,-3.32400019725812,0.998027450707617
2017-04-12,-0.67932975744,1.16338057158467,-3.32931717076012,-5.30731645186172,-1.76797859166108,-3.36922165831305,0.529603161174964
2017-04-13,-1.2898474723,1.16615616578872,-3.33716682670485,-5.32283926394488,-1.77242686438526,-3.38185314044947,0.470958902786116
2017-04-17,1.9577921712,1.06198932582668,-3.02639985057882,-4.92318172259679,-1.60152985992095,-3.1640536393554,0.526656854718466
2017-04-18,0.19845009374,0.987118880991485,-2.80370310871294,-4.62849492154044,-1.47901677529636,-3.04605046895757,1.04399306606719
2017-04-19,-0.50676049486,0.970078802750423,-2.75219121704109,-4.56037181034474,-1.45062614260478,-3.00334930792427,0.555332182557258
2017-04-20,0.3180604981,1.03810046635708,-2.95466071585109,-4.79565087177305,-1.56189071574079,-3.13136429299077,0.713933925089368
2017-04-21,-0.39132651918,0.951700127113086,-2.69756358097331,-4.52210375007835,-1.42074271856314,-2.97389153246619,0.248747240825159
2017-04-24,0.98828085866,0.984401892888354,-2.79475947090056,-4.61855415753696,-1.47409793947404,-3.04493444399296,0.375069559401009
2017-04-25,0.023142790997,0.905025329935953,-2.5586130389629,-4.32768007605,-1.34435009130561,-2.91983969194764,0.372655422565469
2017-04-26,0.18399770834,0.912047223629526,-2.58121990980077,-4.36081820056604,-1.35736293122843,-2.92603082141364,0.714578052557442
2017-04-27,0.99968106988,0.870156579061884,-2.45667679107591,-4.15872290290966,-1.28900739243125,-2.86182894848406,0.738546301717972
2017-04-28,0.71974563907,0.929644347877261,-2.63369726254406,-4.4662874698185,-1.38620670372855,-2.96062106628,1.47929277609507
2017-05-01,2.5124595943,0.934644212175395,-2.64838515708836,-4.4847023980803,-1.39424803207037,-2.963801408133,1.10352940904366
2017-05-02,-0.13604294318,1.09703190104683,-3.13121973169082,-5.02261026900473,-1.65934782263534,-3.23774038436699,0.703721050238429
2017-05-03,-0.62411557219,1.09006069544333,-3.11073785125878,-4.99734503143267,-1.6481788678647,-3.23392108865024,0.687523078491932
2017-05-04,-0.37193288208,1.05945902342647,-3.01955192911361,-4.91108750935669,-1.59810023216437,-3.17064025703764,0.50563548233262
2017-05-05,-0.36052179657,1.05677703171421,-3.01132885363591,-4.89908743256835,-1.59353266471587,-3.16700827885484,0.413567445251736
2017-05-08,1.5939624256,1.02144298572777,-2.90590777669924,-4.72042250882012,-1.5355567062768,-3.11001432143111,0.378597390715208
2017-05-09,0.39829722664,0.94953211213179,-2.69203542504176,-4.52210375007835,-1.41810341592464,-2.97657117474837,0.628819321087036
2017-05-10,-0.40616275901,0.898643963637436,-2.54118025811329,-4.30326251919224,-1.3354817562495,-2.910555839818,0.562081014213986
2017-05-11,-0.14015490806,0.924221730494266,-2.61826337596297,-4.44806959273663,-1.377926934669,-2.95332882731791,0.449479009192385
2017-05-12,1.4488930161,0.906182761309382,-2.56445100980091,-4.32768007605,-1.34824891419474,-2.9219565914929,0.312930343147308
2017-05-15,-0.35158891142,0.884207690994844,-2.49921193564616,-4.24023958590044,-1.31243368787324,-2.89105591132089,0.445066631145775
2017-05-16,0.84553796059,0.854897888569447,-2.41165827267548,-4.11483966843361,-1.26414768826666,-2.83127135750448,0.441545584129343
2017-05-17,-2.2058442971,0.87790708321954,-2.48022700480074,-4.20839187665325,-1.30165818958148,-2.88766229029207,1.26123484851738
2017-05-18,1.4532791396,0.866763485740794,-2.44678357247993,-4.15001248793766,-1.28517586387071,-2.8590987197611,1.1504789987167
2017-05-19,0.14084653994,1.02213524017671,-2.90908039267296,-4.72042250882012,-1.53951946770322,-3.11846918171275,0.491228521664408
2017-05-22,1.1283130521,1.04532973250535,-2.97806655260847,-4.85206294802346,-1.5775258444596,-3.15412994536957,0.278996247751843
2017-05-23,0.089628813112,0.969839474180628,-2.7529444215539,-4.58897913984973,-1.45356680396539,-3.01608565137547,0.454635395653368
2017-05-24,0.90680774847,0.929859304361191,-2.6334764902614,-4.48292411156364,-1.38763605521052,-2.96480200316016,0.326929607468491
2017-05-25,1.3291171521,0.954817389389162,-2.7079198416647,-4.56903105120317,-1.4285233086804,-2.98089329234682,0.754796454592409
2017-05-26,0.24159938803,0.881277261079795,-2.48882608578014,-4.24509256629779,-1.30630649302329,-2.88648946405571,0.506050772885517
2017-05-30,0.092389885322,0.915165477992579,-2.59328442397324,-4.40143815307101,-1.36486087860572,-2.9393265352662,0.52159794886888
2017-05-31,-0.20868867268,0.879372268621477,-2.48644468722383,-4.24509256629779,-1.30608814197884,-2.88648946405571,1.05301817077066
2017-06-01,0.13371941041,0.895544823324825,-2.53472085193518,-4.30876574442936,-1.33250795251078,-2.91666780756509,0.685078940851781
2017-06-02,1.0823836539,1.00087093423143,-2.84911545481755,-4.67913189813483,-1.50568411623284,-3.09057367966938,0.499840053558993
2017-06-05,0.4579182103,0.970825399648305,-2.75987194518623,-4.59853174027204,-1.45567989158498,-3.02586304681459,0.347212758610651
2017-06-06,-0.8246484862,0.929807286111446,-2.63826883516418,-4.48292411156364,-1.3884285320304,-2.96734006537088,0.845994924762537
2017-06-07,0.70488534402,0.89781243222835,-2.54305837720841,-4.32515249354954,-1.33622958823654,-2.91666780756509,0.931878591484823
2017-06-08,0.019800607879,0.986475524739998,-2.80683449342578,-4.64848646833039,-1.48140309512541,-3.05956395768315,0.706035945935674
2017-06-09,-3.1635107447,0.992517630514948,-2.82478829912137,-4.65862196375444,-1.49123517251823,-3.07326799831699,5.20584823985068
2017-06-12,-1.369708988,0.966700903528865,-2.76515967416428,-4.59085783120481,-1.44839782712128,-3.01626482102809,7.92348073217792
2017-06-13,1.6457493446,1.6246002757988,-4.73615980655337,-7.09956840554464,-2.52647900048785,-4.29546266107955,1.68266375824701
2017-06-14,-0.44046126095,2.05013437473018,-6.01699550665039,-8.67738407752667,-3.22441385432462,-5.23095047601128,2.04906447662212
2017-06-15,-1.259639313,1.63859119843704,-4.78590488331322,-7.18641531681296,-2.55194850297535,-4.33629715022047,2.39889914455146
2017-06-16,2.4414781625,1.70619427495157,-4.98587658103178,-7.367800934438,-2.66146985321027,-4.50430016894337,4.04342108864758
2017-06-19,0.75528242087,1.78814870196733,-5.23084919214411,-7.92875650431,-2.79534895641721,-4.63026751834645,4.140828046379
2017-06-20,-0.25925218806,1.87607280371662,-5.49478629090143,-7.99503243213077,-2.93964183174997,-4.77508315257456,1.19802159646402
2017-06-21,0.97119656657,1.77454389719034,-5.19481010943626,-7.73992562397209,-2.77505595354583,-4.60063943398763,0.640112220809382
2017-06-22,-0.092793071508,1.52726920084952,-4.45172487485054,-6.75110773355385,-2.36903910845545,-4.06118354836746,0.732820197965423
2017-06-23,0.24368321192,1.42691750297049,-4.15022994711245,-6.42972936898667,-2.20437030278468,-3.90423659182391,0.495233821693989
2017-06-26,-0.97236336096,1.37175780896821,-3.98580738738009,-6.17830775185833,-2.11409598439593,-3.78638562887196,1.01382767962916
2017-06-27,-1.730417111,1.19918045938827,-3.46600901051211,-5.45233276664454,-1.83051568006933,-3.47094677077095,2.09598897026926
2017-06-28,1.3872110403,1.11378973369425,-3.20841192532862,-5.22903600659925,-1.69046761678267,-3.29063777349624,2.04948565741139
2017-06-29,-1.4540607676,1.27588384507614,-3.69458381785259,-5.74709337338738,-1.95761954844453,-3.62131619444785,2.67813475569757
2017-06-30,-0.81255827781,1.33353454127909,-3.86615838319295,-6.02956050078889,-2.05137700663309,-3.69804072237396,0.968317674045009
2017-07-03,-1.4814049586,1.47115189411422,-4.27879070589734,-6.48955840935479,-2.27649529809611,-4.02810454065078,1.28697838426207
2017-07-05,1.8602017492,1.33062878872183,-3.85759265607775,-6.0057441102978,-2.04668372519083,-3.69804072237396,1.47832749101363
2017-07-06,-0.6444307186,1.3733772059175,-3.98624600920508,-6.19214001698916,-2.11623402261811,-3.78754667878294,1.42299285985978
2017-07-07,1.4111942308,1.36960051933265,-3.97438565764414,-6.14006600352941,-2.10976466152921,-3.78754667878294,0.721022563736989
2017-07-10,1.809432343,1.34145221437296,-3.89092678124024,-6.04078893623596,-2.06413489261336,-3.70973423885179,0.682773373487558
2017-07-11,-0.23482894612,1.18467844429285,-3.42221775371983,-5.45421914111695,-1.80753088027018,-3.43218850596657,1.05695538755342
2017-07-12,1.2453099695,1.16674489869416,-3.36846611635327,-5.40324683887686,-1.77848681422174,-3.40537583496549,0.601182184519107
2017-07-13,-0.58419687839,1.19796097132047,-3.4628610743066,-5.48858313017069,-1.8297289942209,-3.46872631442994,0.72295385885945
2017-07-14,0.11792570676,1.09284116047933,-3.1474603801287,-5.04287670480621,-1.65746707560292,-3.2474483869798,0.457753816102416
2017-07-17,0.82151306142,1.05254531225233,-3.02581020813175,-4.9301272334817,-1.59064091969093,-3.17487134818582,0.786241832793369
2017-07-18,1.4266761713,1.00150583900396,-2.87268544188515,-4.6914503093523,-1.50703942151762,-3.09447464608742,0.813244456531116
2017-07-19,0.23622431545,1.04533479663282,-3.00359426056419,-4.89330305130962,-1.57847901449951,-3.15997851317166,0.84288687188793
2017-07-20,0.17821145811,1.03175503678217,-2.96217454716875,-4.82250974802407,-1.5557499534898,-3.14077177809583,0.766192693677835
2017-07-21,-0.29454651494,1.03902321657325,-2.98350591628792,-4.85740450048679,-1.5673055538717,-3.15180417887506,1.09026068597681
2017-07-24,1.2947634228,1.02117446988606,-2.9310919908379,-4.77745554275964,-1.53852569009049,-3.12976795732437,0.556596245051679
2017-07-25,0.088550940745,1.09285665290767,-3.14683458265041,-5.04512976097708,-1.65641264954582,-3.24715095962401,0.814832624817132
2017-07-26,1.2434246592,1.01529614305348,-2.91332958185453,-4.73374538531765,-1.52899590687078,-3.1224720722778,0.42012239616055
2017-07-27,-0.64589665662,1.04826811973416,-3.01232894030422,-4.90547698286065,-1.58334858986776,-3.16666370139035,5.19606595482332
2017-07-28,-2.481835564,0.975804201286538,-2.79319703374301,-4.61909822046133,-1.46437515640194,-3.04797949540917,2.33378409541447
2017-07-31,-3.1626210736,1.64223702060039,-4.79215741194645,-7.22709806343208,-2.55585239075104,-4.33854736753697,1.98376679429937
2017-08-01,0.85140415867,1.44508688401209,-4.20051520627044,-6.47234296317534,-2.23617301515692,-3.96008238873802,1.36961327306287
2017-08-02,-0.030114737183,1.46660081222173,-4.26492221369883,-6.53505771155915,-2.27128241004307,-4.00668419092578,1.79874444165967
2017-08-03,-0.90070188462,1.42941950154333,-4.15355627979035,-6.47234296317534,-2.21017509251937,-3.92452776518993,1.22327312491068
2017-08-04,0.066874721233,1.51934903205759,-4.42284965064518,-6.73757233224,-2.35773542628724,-4.05880970946371,0.879950583425503
2017-08-07,0.4748982361,1.31508256392745,-3.81120655945081,-5.95973185469022,-2.02326273804988,-3.67625764068199,0.545793187584761
2017-08-08,-0.24489302314,1.21654473679482,-3.51557436531079,-5.58656727814727,-1.86185966164062,-3.50464594864551,0.689156176510226
2017-08-09,-0.79103693524,1.11037968246928,-3.19738861802851,-5.23102385068702,-1.68840534616306,-3.28525887672051,1.0350950001697
2017-08-10,-2.5549637987,1.09389873879314,-3.14819654551273,-5.03214694244345,-1.66172653405659,-3.25330761703921,1.84977574191913
2017-08-11,1.1568365171,1.098336919051,-3.16181778734264,-5.05839412784196,-1.67612853421537,-3.26341897241621,1.38512845140776
2017-08-14,1.5816279094,1.22070111386838,-3.52853977162167,-5.60549219702661,-1.87677214335652,-3.51588742372536,0.615784337558026
2017-08-15,-0.056951083025,1.19525988837278,-3.45206668328106,-5.46050788064615,-1.83459603226298,-3.47806274905242,0.732806861043562
2017-08-16,-0.46400879182,1.1089569685206,-3.17873580007892,-5.15581891721985,-1.68849665253119,-3.28676428019013,0.990975903801517
2017-08-17,-1.8002821565,1.12544097355119,-3.22812949179932,-5.26237225242171,-1.71566466805879,-3.32796023899844,1.06590925211848
2017-08-18,-0.21862019439,1.15356089831564,-3.3119231478898,-5.34246865396129,-1.76860878043871,-3.37900533583995,1.28171270677232
2017-08-21,-0.54044466688,1.12578137787949,-3.2291321013572,-5.26237225242171,-1.72303947842572,-3.32816516874052,1.41931010879655
2017-08-22,1.4276872726,1.14666689414662,-3.29153720362404,-5.31006935586667,-1.75736013328556,-3.36610884350612,0.501432509318608
2017-08-23,-0.92046747341,1.20090680791961,-3.45218824981409,-5.46050788064615,-1.84622800887889,-3.48744060835817,0.714112148305369
2017-08-24,-0.57933194166,1.08388272251451,-3.10361159499952,-4.9809606767396,-1.65421191869507,-3.2433466089101,1.39597831209534
2017-08-25,-0.75489527017,1.09620892501618,-3.14027572059183,-5.0191921841363,-1.67448653935685,-3.26301985203791,0.816842822615379
2017-08-28,0.080401159357,1.18982354900157,-3.421077405401,-5.46050788064615,-1.8293025715765,-3.46873515936374,0.773571346779296
2017-08-29,0.84987632399,1.10047740067807,-3.14605298427927,-5.03214694244345,-1.67849763553979,-3.27097048542832,0.918824083570148
2017-08-30,1.418149802,1.05083562608842,-2.99851376475089,-4.89377089386346,-1.59679227116162,-3.17458418632665,0.605346159978506
2017-08-31,1.3445777653,1.0859260576366,-3.10193380276501,-4.9809606767396,-1.6537374023132,-3.2433466089101,0.42628281727996
2017-09-01,-0.23964919428,1.03886079309872,-2.96059910158257,-4.81153812563988,-1.5760360303242,-3.15972883141168,0.377366454205803
2017-09-05,-1.3268591874,0.96083857908723,-2.72777718353531,-4.57944986771568,-1.44801771562844,-3.01820239430641,1.28814646354874
2017-09-06,0.2621028314,0.924682276153439,-2.62021587177232,-4.46313522484619,-1.38897833436211,-2.97197461511411,0.986321224498534
2017-09-07,1.2058276503,1.07064529915638,-3.05343055025194,-4.95566098297748,-1.62763718606179,-3.21619638218862,0.785140396347595
2017-09-08,-1.3854431477,1.03627365494962,-2.95288321926829,-4.8002426647689,-1.57194896489856,-3.15972883141168,0.424513612454605
2017-09-11,1.2485764571,1.02100103649173,-2.9079569899997,-4.72350653784035,-1.54726177148854,-3.13405275367977,0.469888507989316
2017-09-12,0.47241195953,0.973417373431559,-2.76669635383278,-4.59941532856066,-1.46938452024284,-3.05570552017155,0.561419709755222
2017-09-13,1.7321744794,0.982513551304644,-2.79446229396413,-4.6398969080933,-1.48480766627334,-3.06962393489603,0.795486149522155
2017-09-14,-0.73929571827,0.947979036564836,-2.69428255127861,-4.53976565649259,-1.4294195534333,-2.98514713716506,0.681700430677529
2017-09-15,-0.54625532903,0.966633705293842,-2.74993585921362,-4.57944986771568,-1.45901745575946,-3.03168765522715,0.723873315809577
2017-09-18,-1.2768674185,0.944986653431248,-2.68572614207032,-4.53401912225798,-1.42325743931796,-2.97962309742621,1.04799605606558
2017-09-19,-0.44447181754,0.968260899036,-2.75471217824974,-4.59380709359341,-1.46160081428289,-3.03630524406739,1.04806639018571
2017-09-20,0.3454106778,1.04153519120611,-2.97171005145866,-4.82957918913313,-1.58117578615283,-3.15669445307676,1.18202427944415
2017-09-21,-0.87956350626,1.06618651781238,-3.04605762798392,-4.93864557130132,-1.62179060563261,-3.2094643059034,0.78604134023766
2017-09-22,-0.98999637185,1.10111525909916,-3.15035582268362,-5.04120129126084,-1.6793669467371,-3.26827486360806,0.514683314705082
2017-09-25,-1.6029735107,1.05737620272641,-3.02009126276786,-4.91363873406797,-1.60763314965596,-3.19037019695659,1.39943246084105
2017-09-26,-0.12662403306,1.0119182866352,-2.88634889074252,-4.69700073030349,-1.53567614085606,-3.11653945370389,1.30808829218011
2017-09-27,1.307266141,1.13810331338933,-3.26152013261357,-5.29139206031825,-1.74244177781067,-3.34246392100449,0.78048793170276
2017-09-28,0.58157266521,1.14046994007325,-3.26764655199554,-5.3075889979728,-1.74585408526141,-3.34669593389471,0.971645033254614
2017-09-29,0.51756587181,1.0582441321098,-3.02290425368459,-4.86707274995658,-1.61116464792075,-3.1729685203347,0.372482216752639
2017-10-02,-0.22468403804,1.09109228243527,-3.12055407115991,-4.94140898201712,-1.66503492046294,-3.23052522421175,0.850370540226212
2017-10-03,-0.2178921799,1.00879598553429,-2.87538836575618,-4.64403229566337,-1.52965151279241,-3.09260694158581,1.14106736610019
2017-10-04,0.87242712361,1.0407462054233,-2.97017538518976,-4.78453460341069,-1.58179289589864,-3.13230784554554,1.03993211165763
2017-10-05,1.5951110881,1.06967926830958,-3.05595915855297,-4.90398004038926,-1.62916472018382,-3.19467227817213,0.47834088434408
2017-10-06,0.8900443494,1.0724521705263,-3.06412821382657,-4.90398004038926,-1.63357425225309,-3.19850739756152,0.776326882013323
2017-10-09,0.14248469051,0.973135550766974,-2.76814444931559,-4.55293493212707,-1.47010961111099,-3.03467923768234,0.854034951011824
2017-10-10,-0.38244583702,1.03279924650414,-2.94530479624039,-4.7397537488638,-1.5677438932698,-3.13009552823333,1.21721237365873
2017-10-11,0.79011345224,1.0430963614471,-2.97535718408249,-4.79598511127468,-1.58404945632329,-3.14787707098812,0.546911884523308
2017-10-12,0.59597989948,1.09316927155229,-3.1243372435686,-4.94140898201712,-1.66587095745885,-3.24415486260657,1.02720896701759
2017-10-13,0.20081324365,0.984541550873214,-2.80078763905967,-4.60301346472841,-1.48720522246371,-3.05372277577987,0.316280839390214
2017-10-16,0.33900333001,1.07313445532232,-3.06726024109181,-4.91022736565946,-1.63694096301909,-3.21071012417146,0.327699596857781
2017-10-17,0.27724228403,0.956530859302065,-2.71931323492383,-4.53036285597017,-1.44442336845845,-2.99435302742587,0.438353453823006
2017-10-18,-1.2020255072,0.92673601611358,-2.62994308797337,-4.43341637135497,-1.39489198505864,-2.95252153277458,0.517121746393225
2017-10-19,-1.0421263791,0.895565061967678,-2.53708582562418,-4.25826771785261,-1.34343697407015,-2.9006270153627,1.01437289016349
2017-10-20,-0.37502153846,0.903321873107334,-2.56019741241807,-4.29132333039565,-1.3527149916674,-2.90630725061584,0.40197270033886
2017-10-23,-1.6898800501,0.970868055884261,-2.76182976196762,-4.55022601413296,-1.46378179939328,-3.02938341844098,0.893151895254173
2017-10-24,0.99348028562,0.888234671507467,-2.51585447797727,-4.24205066352441,-1.33175596869373,-2.89108121361039,0.753018951903069
2017-10-25,-0.30638385069,0.989378341438632,-2.81667357008053,-4.60080231958046,-1.4977661722154,-3.0579650417,1.56006570367796
2017-10-26,-0.049336526627,0.989557934516001,-2.81661658672818,-4.60080231958046,-1.49746486477161,-3.0579650417,1.24547014932315
2017-10-27,13.216375471,1.14160101782844,-3.26842541385101,-5.26119828067541,-1.74676633190206,-3.32946275201617,2.46563152835371
2017-10-30,0.89922339794,1.11683491122751,-3.19309604291534,-5.18158721136378,-1.70530854176832,-3.29564323794037,2.12046463864977
2017-10-31,-0.50141783322,1.34087686530167,-3.8600703370894,-5.99495881268353,-2.07393196851774,-3.68920740288418,0.977530833587003
2017-11-01,-0.14475969883,1.35942152007037,-3.91615714768693,-6.04582454240361,-2.1047574014433,-3.73357283627924,1.13442558280305
2017-11-02,-0.8571325021,1.25706602585358,-3.61146011556321,-5.68022246125151,-1.93593127419853,-3.5735316279605,1.06899068838663
2017-11-03,1.5883460363,1.25466300513048,-3.60635008740411,-5.659504727154,-1.93398473335648,-3.56840922317063,0.764397171032296
2017-11-06,0.81504138197,1.23965028221387,-3.56238363077188,-5.59913661211165,-1.90994651245819,-3.53795789970399,0.588042879437289
2017-11-07,0.2239751575,1.12689593350675,-3.22754455230965,-5.2131477757248,-1.7206944421915,-3.30406495841698,0.761657261419938
2017-11-08,0.8645173928,1.02692218696775,-2.93242643558923,-4.7279509564179,-1.55845336516182,-3.11588352138918,0.66396895246591
2017-11-09,-0.33101475883,1.03657541828064,-2.9612696082649,-4.77289249380696,-1.57532946839784,-3.13806991114033,0.926992503517195
2017-11-10,-0.33477101842,0.997176271071838,-2.84612499561875,-4.63186567665029,-1.51278958198881,-3.08666431620346,0.636779335386087
2017-11-13,0.33944994884,1.02180219511808,-2.91997418132011,-4.70593260951098,-1.55372470340477,-3.11588352138918,0.612821464801169
2017-11-14,0.67925998737,0.978191473035114,-2.78863723447767,-4.56021897087753,-1.48166730652597,-3.04384423498764,1.09574625526929
2017-11-15,-0.89282572753,0.975044622319262,-2.77921133320565,-4.56021897087753,-1.47680500770679,-3.03818231875987,1.24257266955705
2017-11-16,0.94080891813,1.05662113753536,-3.02145555862934,-4.86802861205467,-1.61031367551331,-3.17755029158211,0.375884659064134
2017-11-17,-0.65154885724,1.10521334828611,-3.16796526386872,-5.09144713995263,-1.69167117268412,-3.26885427083143,0.443680451867755
2017-11-20,-0.31596275712,0.968486042534632,-2.76001287053777,-4.55560327492528,-1.46713203713524,-3.02645005786875,0.462908096395999
2017-11-21,1.1701929308,0.966182450241011,-2.75262188559958,-4.54590502874157,-1.46352325820505,-3.02320023721029,0.306238752531488
2017-11-22,1.4629351726,0.95643178501455,-2.72797190321186,-4.53588538237598,-1.44875158730212,-2.99231040474101,0.504081800842381
2017-11-24,2.5809576529,0.888601345886242,-2.52516791535865,-4.24400283339052,-1.33632511173504,-2.89043227410082,0.533569464796583
2017-11-27,0.82883642499,0.868887768714609,-2.46578848737637,-4.13484801669244,-1.30329151019715,-2.85877915029799,2.64318060457422
2017-11-28,-0.1864813561,0.882490997916177,-2.50452833574927,-4.21972714318738,-1.32580665871416,-2.88404528562781,1.31801720918336
2017-11-29,-2.7086126005,1.24573304183028,-3.58590583698643,-5.650685691461,-1.92707950294563,-3.56901710573344,6.02877474739658
2017-11-30,1.3330233278,1.14873818593162,-3.29350400687448,-5.2816166396425,-1.76656261805134,-3.35234241129036,2.6540894411144
2017-12-01,-1.2237093691,1.77264750064974,-5.15665061980284,-7.67722849806829,-2.79762726060973,-4.59691794489364,2.93280392749882
2017-12-04,-2.4433260206,1.59460554450585,-4.62562372644724,-7.01217446215741,-2.5023330533277,-4.20478065491667,3.83655900283813
2017-12-05,0.67198730103,1.69988325927583,-4.93945226361029,-7.29332737872292,-2.67577143955815,-4.46675368971989,3.86201566759721
2017-12-06,0.944313533,1.80661207007528,-5.25426635209733,-7.94397533718919,-2.85143745946847,-4.63891619657929,2.33383100807657
2017-12-07,0.64563717624,1.88984157070221,-5.49810959776084,-8.01619700435278,-2.99045524705266,-4.84206314702053,1.44464453461794
2017-12-08,0.1905517378,1.67259227833727,-4.84842547994061,-7.2556428486125,-2.63353922474875,-4.4162749040328,0.58417134654708
2017-12-11,0.59552495695,1.56475495565188,-4.53017068462792,-6.88740265011071,-2.45672495752642,-4.10233427118282,0.73561281153069
2017-12-12,-0.32850836669,1.40416052784837,-4.05307622161924,-6.22323742082,-2.19072818902454,-3.80974040571328,0.885829155111063
2017-12-13,-0.081539465009,1.28939183660184,-3.71095862212995,-5.72397150974632,-2.00047686960384,-3.6115205617049,1.05811544325689
2017-12-14,0.87017772912,1.16941961260994,-3.35303419957222,-5.35459157339649,-1.80135618513461,-3.40375677625948,0.798984585707081
2017-12-15,0.41558087651,1.12658191029122,-3.22481882982449,-5.2318533598562,-1.73044549989473,-3.30524028778049,0.554042331484857
2017-12-18,0.97019861932,1.06563567595805,-3.04347435253066,-4.89974882874514,-1.62938203038588,-3.18681572959749,0.949164479687739
2017-12-19,-0.26877656255,1.03456931541413,-2.95026538304637,-4.76257663990968,-1.5769404927166,-3.12556131337094,1.04970289891175
2017-12-20,-0.82197780002,1.09008052931584,-3.11599701494059,-4.96469125394029,-1.6692039229827,-3.2266247284354,0.767003251878734
2017-12-21,-0.2428627231,1.11137337070762,-3.17977982834572,-5.12030944314141,-1.70451542293049,-3.28432792716836,0.705416781140705
2017-12-22,-0.54479212777,1.06556734588536,-3.04314786741823,-4.91181948161329,-1.62607241505884,-3.18684890405844,0.302028846429466
2017-12-26,0.71895648598,1.05377156227956,-3.00784241382518,-4.88572173442345,-1.60735954401799,-3.15963817151287,0.618259611241311
2017-12-27,0.46738502333,0.992003729396356,-2.82246056820088,-4.61079760993653,-1.50438265682151,-3.05643785279907,0.492418160531306
2017-12-28,0.324801651,1.0116210262117,-2.88232375509582,-4.66521782938519,-1.538588336487,-3.08938137630024,0.278420677841106
2017-12-29,-1.402074024,0.96458168367828,-2.74192202317967,-4.53712226541954,-1.46048578406707,-2.99637802486861,0.388185087625226
2018-01-02,1.6708423473,0.899688885648562,-2.54800801300492,-4.26393942688916,-1.35384053595186,-2.88817920941192,0.48331467239483
2018-01-03,1.2775334102,0.891909281171048,-2.52390099245866,-4.23057488494493,-1.33913647613207,-2.88584413343431,0.61444565639918
2018-01-04,0.4476000664,0.897017426313711,-2.5393929888885,-4.24715462595024,-1.34794021425186,-2.88584413343431,0.587715198051821
2018-01-05,1.6162501344,0.906656509611617,-2.56980519709489,-4.29818616408995,-1.36561827666504,-2.9085186414535,0.461483519019016
2018-01-08,1.4424719722,0.901374749973935,-2.55294841310403,-4.27402989598259,-1.3558044366017,-2.88683235385483,1.04160473873139
2018-01-09,0.46757079726,0.884581105761049,-2.50164097477609,-4.19913008689857,-1.32726135963814,-2.8707456142738,1.0898885830967
2018-01-10,0.13011894298,0.989851697404236,-2.81693474088781,-4.61477172836386,-1.50210262640936,-3.05513794438192,1.16005957813493
2018-01-11,1.7818277487,1.0257181128713,-2.92295700627808,-4.73617916574545,-1.56085417594464,-3.10249124812749,0.600459245398294
2018-01-12,2.2339192279,1.06218931125113,-3.03215229410826,-4.91213319330714,-1.62175609997963,-3.17559788774898,1.10033515786529
2018-01-16,-0.026049647477,0.996545328062297,-2.83565196989317,-4.63440247799386,-1.51254317816558,-3.06895102426595,3.79846150864268
2018-01-17,-0.75563661994,1.09056779524989,-3.11754998134644,-4.96618048154412,-1.66925137966187,-3.21978172170367,2.18723574806133
2018-01-18,-0.12972972972,1.47339636943893,-4.26421725990498,-6.5438026702125,-2.30692113928128,-4.00044731097915,0.97348164362195
2018-01-19,0.097423684565,1.37956700296756,-3.98420279888852,-6.18724610889067,-2.15170047909592,-3.76986721950556,1.15124259948446
2018-01-22,2.5282330949,1.26050375356075,-3.62762911879936,-5.72746605404624,-1.95356811790438,-3.57762658928586,0.731809860997686
2018-01-23,2.6542405316,1.30288236485071,-3.75307265369891,-5.86616000049655,-2.02356500329338,-3.63117312473993,1.41363761727147
2018-01-24,-0.36916347399,1.24647986425478,-3.58337211965317,-5.70333304844255,-1.92914250501018,-3.55575325515765,3.92211911412352
2018-01-25,1.5056979322,1.20723284721,-3.46341107900745,-5.5119145806699,-1.86327511285197,-3.47849050268012,1.71741904256025
2018-01-26,1.7489749265,1.50898542222342,-4.3646146632292,-6.71949861545424,-2.36482333990782,-4.01074386603074,1.1142446883146
2018-01-29,1.1147961912,1.35410812073382,-3.90113016321378,-6.08611308573974,-2.10655658286731,-3.72236031294873,2.09693438743485
2018-01-30,1.4206308901,1.29959700947573,-3.73785495210529,-5.85089028967241,-2.01563904561077,-3.62074156726416,3.55902621422771
2018-01-31,0.90901503663,1.44534945241484,-4.17264752388814,-6.49563920218615,-2.25748589968672,-3.93893177328299,1.85166186130702
2018-02-01,-4.1967344183,1.64329621098228,-4.76470613670203,-7.33153976270435,-2.5870980777709,-4.33117702565969,5.37053722808397
2018-02-02,2.8741007194,1.43763452631872,-4.16981030813219,-6.49464552323385,-2.24755604693531,-3.93168777691405,12.4280354746348
2018-02-05,-2.7938039791,1.83346097002886,-5.35523702614716,-8.12039458590882,-2.90566445191068,-4.69138184092194,42.1148610026103
2018-02-06,3.8014388489,2.54887671869746,-7.48294438002066,-9.53775239241579,-4.08969377147003,-6.37705199922647,17.8415957156656
2018-02-07,-1.8061600731,4.31219317059403,-12.7634563156929,-12.781954887,-7.02326732256063,-9.21598389492727,5.22794340879266
2018-02-08,-4.6782139782,3.76466780179315,-11.1302062191299,-12.7193947885,-6.108680721866,-8.7215196429963,10.1876695111099
2018-02-09,-0.80710847842,3.37883585649245,-9.97374706389349,-11.2036605424286,-5.4639392709,-8.12039458590882,23.7544466765227
2018-02-12,3.4808898179,3.6513840146946,-10.7720670968675,-11.87633132325,-5.91313075106789,-8.62810231517857,5.10896471162491
2018-02-13,2.0400655014,4.23912972252938,-12.5432173812522,-12.7193947885,-6.88993938778531,-9.21598389492727,2.98054335287985
2018-02-14,2.5832267005,3.04806773026926,-8.98048373780988,-10.5149129998917,-4.91058976113247,-7.4425016665,2.10655143124606
2018-02-15,0.73808621346,2.67065582516708,-7.85689452498569,-10.0405303475933,-4.28728993412177,-6.56224200509683,2.82054335104112
2018-02-16,-0.89412762691,2.56343017691823,-7.53757038464961,-9.65130379419444,-4.10919223818197,-6.41980067781642,1.60919577192385
2018-02-20,1.357088128,2.4355792259334,-7.15716236040288,-9.31780806204286,-3.8978579271055,-6.08139575033205,2.38656229860831
2018-02-21,0.99227023529,1.79046959334891,-5.22190637815751,-7.88889345282973,-2.8256447680715,-4.64008971365063,2.59010225042973
2018-02-22,0.16319154092,1.76233785413429,-5.13937415631054,-7.750684415,-2.78008174815777,-4.5735640280988,2.13559081289921
2018-02-23,0.9869794123,1.76706374629777,-5.15377338255514,-7.750684415,-2.78787025121706,-4.5735640280988,0.909182068936491
2018-02-26,1.4633333332,1.73739856373544,-5.06472823280533,-7.62220689789268,-2.7388300706452,-4.54135105786272,0.900327439784897
2018-02-27,-0.65508065309,1.57980648840726,-4.59351466649504,-7.06643591372745,-2.47773414443423,-4.15263663104408,1.38507220848318
2018-02-28,0.031085067349,1.54738659060822,-4.49808851051967,-6.97305620711321,-2.4253673988845,-4.08295923781318,1.18380292764965
2018-03-01,-1.2562398757,1.54982233839866,-4.50581444078995,-6.97305620711321,-2.43015435722241,-4.08295923781318,6.12641214026256
2018-03-02,0.45532157092,1.48509004137535,-4.30904351066146,-6.63631733191311,-2.31982872861432,-4.01639860856096,3.53436202128171
2018-03-05,1.5570738209,1.97530829278503,-5.78034185712585,-8.44432033319,-3.13508308149191,-5.03302459153333,2.04367231096769
2018-03-06,0.9208393225,1.88146409206405,-5.49868235720945,-8.12039458590882,-2.97945697252365,-4.86405360026738,1.24832579993382
2018-03-07,0.47865560209,1.81453557948975,-5.29694956979622,-8.04106889257714,-2.86778332227712,-4.6783115121,1.24086763197538
2018-03-08,0.4440129449,1.74640281549929,-5.09500996390172,-7.62220689789268,-2.75666262426421,-4.56577149233494,0.706416371260947
2018-03-09,1.7417808309,1.7278578017555,-5.0401630008749,-7.56129639758095,-2.72696525490432,-4.55259003532216,0.345268655467838
2018-03-12,1.2350448735,1.41674577196469,-4.10635314633902,-6.41980067781642,-2.2096227692745,-3.88411767972846,0.621970226864074
2018-03-13,-0.63876776021,1.2088913050542,-3.48214010993307,-5.547493483359,-1.86372352345563,-3.48197199609302,2.31283317058522
2018-03-14,0.17756173747,1.16035193900444,-3.33689593963763,-5.3882056955,-1.78326057191447,-3.38292235814418,1.14841601477123
2018-03-15,-0.54556882469,1.35626464923104,-3.92505617945107,-6.16614916698667,-2.10937025581185,-3.74382530089663,1.05930157556354
2018-03-16,-0.67243035537,1.18415682984645,-3.40795155234043,-5.52387019493663,-1.82263008893146,-3.44044301144224,0.634237260173813
2018-03-19,-1.7020004074,1.18088068418172,-3.39782345201324,-5.49919882960294,-1.8169772602564,-3.42931098094954,2.83741885957575
2018-03-20,2.6913840757,1.14313698981233,-3.28364178130499,-5.36059575426697,-1.75350890693907,-3.32908261278285,1.5330841725931
2018-03-21,-0.29309616712,1.45068490314898,-4.20877571624319,-6.52581033690625,-2.26678996267965,-3.97004830545776,2.1899967456578
2018-03-22,-2.3352256205,1.29825091818447,-3.7500940871665,-5.917079040775,-2.01219879985206,-3.62642675955699,2.92104241210165
2018-03-23,-3.1949874426,1.40229691338214,-4.06406526149174,-6.28860010352113,-2.18988907807775,-3.81921836971575,5.38676646313361
2018-03-26,4.0319345262,1.53594342883054,-4.46284803772836,-6.92681853260926,-2.41604776269141,-4.07843768348624,2.98518310834612
2018-03-27,-3.7799030761,1.87469680052866,-5.48041605449815,-8.12039458590882,-2.9829701918025,-4.88004294882374,5.34320620670837
2018-03-28,-4.3839551118,1.71321028847061,-4.99421540355578,-7.56129639758095,-2.72559064330015,-4.54908744582814,18.12577516216
2018-03-29,1.1121823085,1.99500936551119,-5.82751331897884,-8.44432033319,-3.20125595685516,-5.24710500865345,9.71470631525753
2018-04-02,-5.2061022288,3.00760197759305,-8.86085734035686,-10.5149129998917,-4.90170404637954,-7.4425016665,8.49687929699307
2018-04-03,1.4621097822,2.77973567093532,-8.17391237608224,-10.1961441780714,-4.53717460469118,-6.94033483714444,14.6600746379513
2018-04-04,1.3304119822,2.79588496285644,-8.21454317038125,-10.1961441780714,-4.56063572566956,-6.94033483714444,7.2420821002015
2018-04-05,2.919387198,3.26988789996793,-9.63234907403734,-10.78891096906,-5.35895042764132,-8.12039458590882,2.86440732982302
2018-04-06,-3.2044084725,3.00685043955846,-8.8545338556855,-10.5149129998917,-4.92107291271718,-7.39280390121778,4.36837163138918
2018-04-09,0.060488318741,2.5039555119381,-7.3508147751833,-9.53775239241579,-4.07333963079291,-6.27769784635417,2.25655796095245
2018-04-10,2.1435480201,2.46556494081851,-7.23966285997253,-9.422896079675,-4.01106326705943,-6.24702889703014,2.44444815670262
2018-04-11,-0.63848156969,2.20642980064912,-6.46779241863444,-9.01498810542917,-3.57699773517837,-5.74266597715435,2.57908711103694
2018-04-12,1.5031008023,1.89578222904037,-5.53753451244355,-8.12039458590882,-3.03692675878952,-4.94702992770515,1.19905818274886
2018-04-13,-1.2226441147,1.76955063346934,-5.16172195843576,-7.687069860345,-2.82707089158156,-4.66559068627405,1.61082050359576
2018-04-16,0.74853752121,1.61344492090387,-4.69452056307144,-7.22884912307708,-2.56542112846878,-4.30510012403264,1.36752422912158
2018-04-17,4.3239680888,1.5497385850375,-4.5036981649303,-6.94033483714444,-2.45867070096742,-4.15154042783128,1.01801038225278
2018-04-18,1.5965900402,1.49772327157888,-4.34885185600909,-6.65142807577869,-2.37208102422056,-4.03620820132743,1.56365476861453
2018-04-19,1.9026861451,1.41353519843076,-4.09695452885613,-6.34022258983429,-2.23097334080312,-3.91951150121694,2.1911728736452
2018-04-20,-1.8896403774,1.42520479639725,-4.13149754441753,-6.37270583701884,-2.25037853295568,-3.94777091265756,1.84845454394363
2018-04-23,-0.63044602584,1.51471790798501,-4.39947930773537,-6.72851905509492,-2.40057650644562,-4.08117728195455,2.1729233542672
2018-04-24,-3.8060163652,1.49518600935673,-4.34077247868422,-6.61425419372419,-2.36765309081687,-4.03620820132743,6.4374138378038
2018-04-25,0.0054791142247,1.55152913194072,-4.50908300505755,-6.94033483714444,-2.47432380037389,-4.17412189288612,6.85194056446479
2018-04-26,3.9577583433,2.02513800031632,-5.92751584409982,-8.62810231517857,-3.2722663104628,-5.3518269879036,2.74043725693827
2018-04-27,3.6008853987,2.18856217148401,-6.4196512823102,-8.913080708756,-3.55008546652317,-5.6989531348883,6.99801403797219
2018-04-30,-0.41268710802,1.95170735275529,-5.70740761645963,-8.27619196240937,-3.14928061163486,-5.03620654977923,2.97267320982745
2018-05-01,1.0299272728,2.33578604988188,-6.86161421992657,-9.21598389492727,-3.79938906554256,-5.91287054914,2.18160715765388
2018-05-02,-0.79506528637,2.10506253480531,-6.17254866898093,-8.7215196429963,-3.39285787775587,-5.46674131093619,1.55548940558578
2018-05-03,0.15257886953,1.92874159016358,-5.6466136283518,-8.19763944374546,-3.09822123358367,-4.99299198061353,2.56597413050123
2018-05-04,0.56454049591,1.71547696642224,-5.00572762305947,-7.50652444016744,-2.7392543676031,-4.55876160388333,0.828575342360505
2018-05-07,1.2138271293,1.76163591983236,-5.14842110306937,-7.687069860345,-2.81886056780034,-4.64763795093562,1.05113563176913
2018-05-08,-0.48433262091,1.39759229796675,-4.05414589408712,-6.27769784635417,-2.20616327640021,-3.8883731422587,1.01617037610059
2018-05-09,0.98028749235,1.33737169658646,-3.87441640443158,-6.09983930080769,-2.10535647440926,-3.74796740384275,0.819655778723472
2018-05-10,0.067164179018,1.27743052090405,-3.69516483317007,-5.81553932275281,-2.00487762163947,-3.63133705221626,0.548401314592757
2018-05-11,-0.38344892719,1.22149953165132,-3.52854952115849,-5.65402733865729,-1.91148128167722,-3.54851417023158,0.514283460749424
2018-05-14,-0.085469552323,1.09195798212226,-3.13842846487597,-5.03965642503178,-1.68569604723789,-3.25136997104533,0.460144601708949
2018-05-15,-1.5872222986,1.06501297559616,-3.06110905279727,-4.96730170428955,-1.64330835262816,-3.2007589057766,1.33352377457384
2018-05-16,0.70806791373,1.0257149240376,-2.94305618183482,-4.8046602108226,-1.58251360325022,-3.12433197247494,0.773978087843888
2018-05-17,-0.34776472967,1.14264586356063,-3.29559263591548,-5.35874202741,-1.77975686859857,-3.37911078731761,0.701625457221083
2018-05-18,-0.46720109258,1.07487765366176,-3.09332575587764,-4.99603606651061,-1.66550561536207,-3.22660932227236,0.823561659258132
2018-05-21,0.7044087477,1.07298333575329,-3.08778336245534,-4.99603606651061,-1.66280988361583,-3.22238612236514,0.632900505164205
2018-05-22,-0.25607710058,1.10023796794925,-3.16963876772766,-5.14740699043361,-1.70917028688896,-3.29618725935212,0.537392821488425
2018-05-23,1.2937903122,1.08221800928453,-3.11487326394764,-5.01046651703282,-1.67895369814883,-3.24362247333479,0.637662736710611
2018-05-24,0.075537188059,1.02598882231487,-2.94462379250721,-4.8046602108226,-1.58386748449523,-3.12480245956218,0.858314435865782
2018-05-25,0.44165257896,1.026595222748,-2.94631837745199,-4.8046602108226,-1.58491910881737,-3.12480245956218,0.3980392089125
2018-05-29,0.16892836065,1.04459477824466,-3.001575514074,-4.91945056850365,-1.61601251562705,-3.16708469734058,1.17546317037118
2018-05-30,0.74525535238,0.942301657467661,-2.69414030500439,-4.51833891882,-1.44425436683526,-2.98427631076535,0.417414394868145
2018-05-31,0.29109662792,1.06480827548372,-3.06347304958601,-4.97645211784887,-1.6510219512295,-3.21254287223154,0.679466926864929
2018-06-01,0.73145886763,0.943421969617066,-2.69663473490046,-4.51833891882,-1.4454518734966,-2.98427631076535,0.445916327935836
2018-06-04,1.4455937717,0.972738373604858,-2.78501592957195,-4.60301649599938,-1.49483475861658,-3.03378159698623,0.401028081826025
2018-06-05,1.866364013,0.912220436616032,-2.60141775534464,-4.38968453391602,-1.39168356114341,-2.93177788486448,0.762123879515086
2018-06-06,-0.03537005914,0.90246417532726,-2.57108829037763,-4.34126454654624,-1.37441440572951,-2.91700215781413,1.58950216878774
2018-06-07,-0.38036267133,0.921906010123185,-2.62959457244545,-4.45061610610857,-1.40726091693946,-2.94842206247689,1.3506005507085
2018-06-08,-0.31433138001,1.09093688491018,-3.14055189860204,-5.04831667755354,-1.69430996669442,-3.25769859224706,0.547002565397266
2018-06-11,0.30463363801,1.09796301447975,-3.16140022488167,-5.06338738204683,-1.70544466625592,-3.288854195684,0.586979751204594
2018-06-12,0.57011935205,1.00532303714928,-2.88128497921824,-4.732756095384,-1.54822004737539,-3.0927755072539,0.383253363394231
2018-06-13,0.35967623244,1.01952684481758,-2.92443291135468,-4.80878173073403,-1.57220448467783,-3.12021248300846,0.650440807823522
2018-06-14,1.1144610115,0.972491094935399,-2.7817195384941,-4.60516343315157,-1.49282466376257,-3.03217095582976,0.500634788109366
2018-06-15,-0.45769378012,0.953672903713047,-2.72739544711161,-4.57097337028086,-1.46398178970969,-3.00612311050408,0.497019378415742
2018-06-18,0.45571892279,0.882769567986396,-2.51281550845107,-4.25453510364767,-1.34350927813129,-2.87591314361347,0.597330918377336
2018-06-19,0.63754865732,0.876046758626097,-2.49236323325808,-4.22364313055459,-1.33249026470927,-2.86485006610593,1.03922113351139
2018-06-20,0.88195621356,0.890948072515003,-2.53665870210624,-4.28704862916931,-1.35699921067852,-2.88174298125889,0.681387067679302
2018-06-21,-1.1348052661,0.989585870730139,-2.83532899801838,-4.70893757554,-1.52425765785548,-3.06992214663568,3.16193173114638
2018-06-22,-0.84093352289,0.945141188534897,-2.6991901371935,-4.54310457696402,-1.44699175602728,-2.97625941638061,1.1956326237195
2018-06-25,-3.0611947519,1.35104399815547,-3.92494005146214,-6.22353510183611,-2.1352765790311,-3.76524753727578,4.09455152729446
2018-06-26,1.6799446832,1.18761726689727,-3.42989305855562,-5.54678145877653,-1.86453107867243,-3.47929977286732,2.15028222181672
2018-06-27,-1.808301155,1.59525239135975,-4.66075502919864,-7.19194201067917,-2.5580757832774,-4.3187912630027,2.32278972280244
2018-06-28,2.4655075851,1.47757055039305,-4.30438867683093,-6.64469266237333,-2.35688939134039,-4.03795923494128,2.52155765888481
2018-06-29,-0.096976108671,1.55485550050665,-4.53677935177168,-7.04027894825294,-2.48731450247653,-4.21810615003163,0.980675888768663
2018-07-02,0.82244969981,1.55103405206369,-4.52511176351025,-7.04027894825294,-2.48031390023657,-4.19195745788844,1.21881034035178
2018-07-03,-1.1565078363,1.41289193600474,-4.10894613073874,-6.45917546115385,-2.24643777668205,-3.95059468370655,1.22730385104477
2018-07-05,0.34062197446,1.3214485191254,-3.8330289423914,-6.07115431188312,-2.09043448744129,-3.72764608014886,1.34726493763753
2018-07-06,0.64127832065,1.28560935065499,-3.72461367512262,-5.88050482434286,-2.02905845740383,-3.64336379053188,0.592231128375553
2018-07-09,1.6596224783,1.2574917612696,-3.64119043897654,-5.82912821405581,-1.98314894674605,-3.61283678918648,0.605971347702744
2018-07-10,0.23288978846,1.08563613199757,-3.12319068947718,-5.03209799426191,-1.69165094987053,-3.24701176251388,0.734119177635804
2018-07-11,0.68442460724,1.06538957601409,-3.06224385817387,-4.98675706915116,-1.65733971521627,-3.2036612262146,0.905908710798104
2018-07-12,2.3715099715,1.05343860261236,-3.02742139180592,-4.95727972215191,-1.63796681660731,-3.18248476381766,0.730757089223431
2018-07-13,0.91338179482,1.05712494106662,-3.04026028520001,-4.95727972215191,-1.64545981055778,-3.19090631510656,1.05660337239304
2018-07-16,0.52177845937,1.00377487190465,-2.87846496128816,-4.7385983948449,-1.55416797974342,-3.0854051707426,1.31988566845778
2018-07-17,1.1764124905,1.06940403606891,-3.07810768716478,-5.01692908917402,-1.66669304437181,-3.21651156315444,1.85225473650144
2018-07-18,-0.054774313594,1.13606908216457,-3.28124822045811,-5.4012843481981,-1.78121102302503,-3.38199856057747,1.57519442407711
2018-07-19,-1.6251383673,1.2469355788096,-3.61607716252503,-5.82912821405581,-1.96960282381441,-3.60128288305583,1.50404318559126
2018-07-20,0.040265420648,1.25069596272222,-3.6278229790337,-5.82912821405581,-1.97615592769093,-3.60704944090674,0.673447902078063
2018-07-23,-0.6450901471,1.2782677856098,-3.71346675510356,-5.88050482434286,-2.02410519845592,-3.64791784579382,3.36185135623794
2018-07-24,1.5116537181,1.17456087183298,-3.40163717783349,-5.52512103118889,-1.84341808531282,-3.46335006816331,1.30763546940064
2018-07-25,1.8789223939,1.51156199601844,-4.42332283931897,-6.85193814145273,-2.41910547170183,-4.11564733044638,0.717186425454243
2018-07-26,-2.983993432,1.30251675932264,-3.79259917949582,-5.98644785658875,-2.06121008965301,-3.6765774582777,1.34383368841773
2018-07-27,0.51272123892,1.20450031083199,-3.5034869930922,-5.70199901956813,-1.90420687387031,-3.54065922054096,3.90362798500801
2018-07-30,-2.0938000407,1.2557053553211,-3.65519422777831,-5.85290771809765,-1.99099394360311,-3.62080169944588,5.19839618644096
2018-07-31,-0.10004383948,1.60580140285657,-4.71048563918938,-7.30113208054348,-2.58655961429079,-4.37044304736369,3.79361396865483
2018-08-01,1.1100234045,1.7652061680079,-5.18713315679966,-7.86965872769459,-2.85864249584395,-4.72038060231081,1.72388920221661
2018-08-02,2.0676953209,1.74841294292391,-5.13507325319438,-7.73044142785641,-2.831197489552,-4.70775944194027,1.25737371486718
2018-08-03,-0.60185462817,1.63056281622894,-4.75756587146189,-7.41687891141818,-2.63824089580072,-4.47352422510355,0.973616366001899
2018-08-06,1.3415309688,1.58268326937594,-4.62691016707579,-7.14010780350204,-2.56216312389285,-4.32978417735191,0.926231973288089
2018-08-07,0.79718576653,1.45367043471315,-4.23518947700202,-6.56915240027097,-2.34270366362712,-4.05667985663318,0.71820646939897
2018-08-08,1.2907521155,1.27653740660007,-3.70530278243868,-5.90547632378675,-2.03820868064233,-3.65541206837096,0.756746319508855
2018-08-09,0.63609185163,1.11579325046086,-3.22323187654228,-5.3561146533972,-1.76075663259387,-3.34718591611945,0.999076912506724
2018-08-10,-0.64365927137,1.07745733227547,-3.11446111579722,-5.07085676551301,-1.69230580146684,-3.24950092345616,0.798802586327202
2018-08-13,0.52483698237,1.09812956481747,-3.17504816604738,-5.20397102055478,-1.71372933132497,-3.29047086908,1.42374336469723
2018-08-14,1.2366838942,1.08453832702686,-3.11359401303362,-5.07085676551301,-1.67315071630135,-3.22735009232881,0.981085280803183
2018-08-15,-1.9289974736,1.16945174120564,-3.36775738804716,-5.52100376563232,-1.81614191130212,-3.44004535438252,2.41067355509159
2018-08-16,0.20715810952,1.18957873092461,-3.44689047568369,-5.56470837721237,-1.84113506680694,-3.46332594356908,0.970933296408267
2018-08-17,-0.22793291346,1.39314972963165,-4.07473045332059,-6.35476392879706,-2.23246604134552,-3.94517104511982,1.09627978220871
2018-08-20,-0.29273942473,1.18458275221614,-3.46080626905975,-5.58663246529271,-1.84499444396235,-3.46866761574818,1.21466735725546
2018-08-21,0.35754058972,1.20153994868174,-3.51942389388483,-5.70199901956813,-1.89555111425068,-3.5342378521378,0.760226045845033
2018-08-22,1.1404784911,1.2414209785961,-3.60699430132366,-5.8268093615093,-1.93050884130821,-3.57419084420775,0.676307822063304
2018-08-23,-0.10499238806,1.11166509358315,-3.23310447654159,-5.3388518207581,-1.74262320849048,-3.2954220011021,0.731719938834379
2018-08-24,0.13085290884,1.04261556572093,-3.02766825601196,-4.96017480624724,-1.63627818678233,-3.16660093745912,0.413942955307427
2018-08-27,1.1698392454,1.04443349905511,-3.03741258060082,-4.96017480624724,-1.64291681660228,-3.17507460445639,0.338333514173596
2018-08-28,0.26664176621,0.948717835195219,-2.74190436556189,-4.57825367592876,-1.47462867413818,-2.97770668357783,0.643250061065737
2018-08-29,3.3774484949,0.941211994335563,-2.69820074278384,-4.52081715494522,-1.43035708925266,-2.91312795430498,0.757964976330185
2018-08-30,0.21420349349,1.02534240849092,-2.93359464129262,-4.81430849354627,-1.56905392844348,-3.06781081721658,2.07224302090112
2018-08-31,0.51588609549,1.01775832396011,-2.93727615729918,-4.81430849354627,-1.56535200189616,-3.05995828423272,0.657233215002335
2018-09-04,1.3315380756,1.32813893326866,-3.88372860268018,-6.12760911539155,-2.0920077049489,-3.71715631690558,1.38925658464333
2018-09-05,-2.1912125952,1.01928131903535,-2.92389955916529,-4.75855290760149,-1.55925904522606,-3.03590504964555,2.16666511456582
2018-09-06,-1.8302403224,1.19595997058712,-3.49344290523797,-5.58096597472955,-1.89137784528212,-3.46249725180381,3.5746063832898
2018-09-07,-0.3186420945,1.37216572750965,-4.04742984337693,-6.29365799689206,-2.20593636139882,-3.8430104292115,2.02322852232547
2018-09-10,-0.6690333852,1.64176742816347,-4.87327939126352,-7.3630287124775,-2.68022874824352,-4.4690881740532,1.89288648001431
2018-09-11,2.482710249,1.38913024848727,-4.09865610928244,-6.36593098614918,-2.24287413867605,-3.90563791725346,1.50953307355739
2018-09-12,0.14342148297,1.38848173629216,-4.09640328791866,-6.36593098614918,-2.23761171289759,-3.90377656075945,2.73306291095171
2018-09-13,-0.0065326633376,1.32695743386125,-3.90490285981174,-6.02951465326029,-2.12511352227059,-3.6869100394321,1.18718780822813
2018-09-14,-0.98900933226,1.54658068878329,-4.58146643856171,-6.84564262978511,-2.49904250421867,-4.17407688254389,0.933787098339196
2018-09-17,-3.1550256574,1.22922056276026,-3.60664187321548,-5.65783067020253,-1.95244755954605,-3.49453593327122,3.51740635148678
2018-09-18,1.7305807562,1.15460256791199,-3.37789737649805,-5.35263468101957,-1.82511479125113,-3.3482851481214,1.81507748992235
2018-09-19,-0.7537157725,1.64459107549025,-4.8829968940527,-7.26335946603421,-2.66641272744719,-4.39883414206387,1.84158091189201
2018-09-20,0.92814651016,1.38747351924711,-4.09075741727919,-6.16895334632881,-2.22026518586571,-3.786237908225,0.892597011835613
2018-09-21,-1.5064547653,1.37839100138528,-4.06041975904018,-6.02157169860508,-2.1955743670464,-3.69089671140969,1.05757437365015
2018-09-24,1.0104385878,1.19096649844151,-3.48624722821836,-5.30231861173605,-1.87641150740404,-3.3395931570566,3.98937879264111
2018-09-25,2.0776897787,1.23374330512881,-3.61126480488475,-5.53481498812895,-1.94556740099196,-3.42954803669225,1.23237284991585
2018-09-26,0.015193335093,1.73101970947419,-5.14524385896232,-7.35806592811613,-2.80924822409932,-4.47798896433261,1.25341008062596
2018-09-27,1.930779553,1.27443556300732,-3.68369498016566,-5.59082984448493,-1.99151107880694,-3.45609562910189,0.845400756625681
2018-09-28,-0.49578237249,1.28838600776947,-3.69764120886717,-5.59082984448493,-2.01158673928883,-3.47282048845287,0.937557087576326
2018-10-01,0.067898152702,1.20592526429058,-3.45206642019214,-5.26152593520345,-1.87375703564566,-3.32814465891111,0.89325959192524
2018-10-02,-1.6489053862,1.22215643223158,-3.50544272061563,-5.39330808091111,-1.90296143520786,-3.38242050153863,2.14334656429128
2018-10-03,-0.94099862536,1.14978976301188,-3.30525635694836,-5.1388245303129,-1.78115797844762,-3.23208375890684,1.79452241047912
2018-10-04,-2.2194227658,1.37240331654261,-4.02404342387553,-6.00235348266102,-2.17050033459884,-3.6496557651671,2.3475184564496
2018-10-05,-1.0353929464,1.34831672060172,-3.9223193627973,-5.90436405008548,-2.14011910139358,-3.60593679627311,4.16708454069317
2018-10-08,-1.3351678883,1.47684475461071,-4.2987428822563,-6.2168699590717,-2.35619284266192,-3.88536737334949,5.60316235669082
2018-10-09,0.31645230138,1.80192085926927,-5.22018358484852,-7.58951096830357,-2.90790934003182,-4.54651795006947,4.77204562367558
2018-10-10,-6.1524231147,2.04795155698079,-5.9541367341974,-8.25413316121429,-3.32743262806077,-5.15875434986304,8.72007978271086
2018-10-11,-2.044722974,1.98694803672438,-5.79009444489605,-8.05775854552609,-3.23332177705865,-5.09113800161856,24.6759913979423
2018-10-12,4.0276614554,2.5080184025993,-7.36893943869047,-9.26344882049091,-4.11215669039962,-6.05282876130545,7.4440935163609
2018-10-15,-1.5464522729,3.87825784192406,-11.500577264193,-12.65683469,-6.45308974535455,-8.39689319186875,5.53772126360561
2018-10-16,3.3510321135,2.67380899530195,-7.86455586053116,-10.2938531674,-4.39937729484426,-6.25024950180851,2.39042585955162
2018-10-17,0.64671751024,2.50461483377075,-7.41085171008625,-9.27405688069,-4.0942752528308,-5.96085622158909,4.23086796311034
2018-10-18,-3.3307310575,2.14455866736415,-6.29916190400009,-8.27733771470588,-3.49358159753617,-5.27278112737625,4.19577468423305
2018-10-19,-0.37781241535,2.28499854162426,-6.74384511238992,-8.40324334916428,-3.72112657810614,-5.41944968859,4.5690938888774
2018-10-22,1.4325153201,2.03305818507681,-5.97298250783955,-7.84342001566842,-3.29850538742108,-4.97222320802747,4.3133965226912
2018-10-23,-1.1512882134,2.04488156371119,-6.02339411251223,-7.88596132845556,-3.31326322217001,-4.96729611700337,7.16098518154049
2018-10-24,-5.9082942274,2.00378144539726,-5.90194276491573,-7.88596132845556,-3.24195680340875,-4.89388897317065,6.83039647512549
2018-10-25,7.088691263,2.38381721733702,-7.07152358640614,-8.81451469644546,-3.89454115633592,-5.65034328526833,6.04103892753631
2018-10-26,-7.8196805018,2.38188929667407,-7.07710776433051,-8.81451469644546,-3.89986027966608,-5.63147134567797,18.0928871879142
2018-10-29,-6.3263554519,2.33214798160122,-7.01092211438919,-8.73161184689167,-3.83414544437007,-5.58155879727143,14.6818259533501
2018-10-30,-0.54975046805,3.46769704841743,-10.5002753200741,-11.8270402075,-5.79114191989314,-7.67033682948095,23.621810182948
2018-10-31,4.4164347042,3.32483276172793,-10.0510069158898,-11.8270402075,-5.53909207722441,-7.353635173772,7.3887947868065
2018-11-01,4.2252551611,4.02030186952808,-12.2147239039174,-12.65683469,-6.72753406796243,-8.58643256026923,5.68636833538345
2018-11-02,0,2.90368895707473,-8.78943506979549,-10.796321599725,-4.80533561935307,-6.82083648110303,6.73184763296189
2018-11-05,-2.2653449653,2.75758291810965,-8.3469556566791,-10.796321599725,-4.55023215448228,-6.40483748500488,5.10372804650313
2018-11-06,0.92210345247,2.76442371381275,-8.37484548214886,-10.796321599725,-4.55504016334058,-6.43439636124,4.43454662300923
2018-11-07,6.8589794315,2.54049945546997,-7.66055058813953,-9.19029884042222,-4.18350044938272,-6.019559874108,3.78260231802487
2018-11-08,-0.033039208392,2.30678307145312,-6.94797708893743,-8.73161184689167,-3.77864091822572,-5.49192428108358,5.39464547238392
2018-11-09,-2.4206369558,2.205122152682,-6.64060003627798,-8.58643256026923,-3.60173939866745,-5.36623333776667,3.34662063387356
2018-11-12,-4.4136110674,2.37214135687572,-7.15226353081541,-8.73161184689167,-3.88777265979199,-5.686339381885,6.4085660056218
2018-11-13,-0.3470079725,2.10647449404901,-6.32817032910962,-8.29702510348,-3.43701691959015,-5.11254189150476,8.80595968095062
2018-11-14,-1.971590944,2.41401367258747,-7.27725825937006,-9.03226683157,-3.95344709957307,-5.75552522252586,7.61657004114549
2018-11-15,1.2776655556,2.67679257779077,-8.07896857260502,-10.30510760228,-4.40558668137633,-6.25305801312955,11.1627024467867
2018-11-16,-1.6073457491,2.60424198671001,-7.86034893674458,-9.89791245538333,-4.27031149837743,-6.02389740709,6.02946398951101
2018-11-19,-5.0909684262,2.96180365288534,-8.95873626072087,-10.796321599725,-4.86734634860649,-6.870785045025,8.18609715533544
2018-11-20,-1.1128817884,2.53063227996378,-7.63055240464891,-9.19029884042222,-4.15058113979613,-5.99607149744314,17.2565131205087
2018-11-21,1.4223048425,2.75249725249257,-8.30661628511896,-10.30510760228,-4.51922454643506,-6.44459740116,5.78145374148048
2018-11-23,-0.96721235814,3.51576514422719,-10.6639171288368,-11.8270402075,-5.80225349563042,-7.67033682948095,2.3445689468526
2018-11-26,5.2774190113,2.59722116660722,-7.84873478121938,-9.89791245538333,-4.23523230349661,-6.032058239026,3.73285540250321
2018-11-27,0.0056914115703,2.15875561722205,-6.50974008228037,-8.58643256026923,-3.49028120992477,-5.17837011522346,4.74928388455167
2018-11-28,6.0913609286,2.28372885003753,-6.89012803438666,-8.73161184689167,-3.7026861884102,-5.43199118239857,3.57474670872658
2018-11-29,-0.24914319765,2.35724340270901,-7.11945716663888,-8.73161184689167,-3.82744514991428,-5.58693327982188,4.08989971756381
2018-11-30,0.991891585,2.08185819819252,-6.27136782823884,-8.06301732741176,-3.35915502556409,-5.05782713142989,2.22398119275673
2018-12-03,4.8628244496,2.10201734611582,-6.33716252919195,-8.29702510348,-3.39239397430595,-5.07749093826977,2.3158782892524
2018-12-04,-5.8656254937,1.8204118463647,-5.4688977310812,-7.353635173772,-2.91666305895937,-4.46782092645,6.33699034578458
2018-12-06,1.8454807001,1.80755705919784,-5.45971777549701,-7.29640403223077,-2.91872171505179,-4.49160260498226,11.8473048234016
2018-12-07,-4.123141026,2.30477152273531,-6.99921347483185,-8.73161184689167,-3.76413367554284,-5.50073287846912,7.0822566200019
2018-12-10,0.73045122244,2.88837396329928,-8.8127377680737,-10.796321599725,-4.75765958296842,-6.73202554602857,12.4240091569175
2018-12-11,0.1346715173,2.48195437339662,-7.54608386775318,-9.03226683157,-4.06455625466715,-5.85002129137321,5.94492002049734
2018-12-12,1.2353642802,3.03255321339554,-9.25932624074183,-10.796321599725,-5.00121359029986,-6.84424916574545,3.46522863516083
2018-12-13,-0.31018190111,2.48832717563452,-7.57020223534025,-9.03226683157,-4.07562293834899,-5.85002129137321,4.99856117850112
2018-12-14,-4.0081284146,2.20431916995167,-6.68923705227572,-8.58643256026923,-3.56214313444159,-5.31250493404605,3.80885228511232
2018-12-17,-4.4600511335,2.31702742189711,-7.03930241783376,-8.73161184689167,-3.78349692282716,-5.48407539275942,8.84950697937122
2018-12-18,2.0099808668,2.15460916831206,-6.53636809302921,-8.58643256026923,-3.51175264537572,-5.20450040373625,5.87885202265482
2018-12-19,-3.6352386109,2.64182026835086,-8.04643117431499,-10.30510760228,-4.35052294106425,-6.1650157629587,21.6500306737091
2018-12-20,-2.2908473125,2.35346227507545,-7.14231359369429,-8.73161184689167,-3.860414072864,-5.57943491685397,16.6380222548502
2018-12-21,-5.7077141079,3.74757680111984,-11.4570843888891,-12.65683469,-6.23514296915897,-8.1627494610875,16.0984836468321
2018-12-24,-2.4313042213,3.48251274600109,-10.6235738553896,-11.8270402075,-5.78745438651344,-7.64168551067619,15.7058451098178
2018-12-26,9.4452215839,3.52010028056204,-10.7383586710554,-11.8270402075,-5.85153391104761,-7.81738601122105,13.3611398254176
2018-12-27,-0.62954653613,3.52742321853657,-10.7592645001966,-11.8270402075,-5.87196975545162,-7.92581715108333,11.9690743718856
2018-12-28,1.1206589857,3.40910008214846,-10.392691608298,-11.8270402075,-5.67115483956055,-7.45724385259565,6.57540229119446
2018-12-31,1.6204110905,3.25676830432805,-9.92739578559664,-11.8270402075,-5.39801983632839,-7.378663453625,6.48749934095437
2019-01-02,2.4740840363,2.75321398751311,-8.36849896925371,-10.796321599725,-4.53995971447455,-6.48512027196053,7.67293896047459
2019-01-03,-2.5241532556,2.68249868223899,-8.15418363645398,-10.30510760228,-4.41480719817924,-6.29142163163571,7.77262642726143
2019-01-04,5.0063988057,2.74618561667959,-8.35162942469556,-10.796321599725,-4.51911189098175,-6.48512027196053,4.06205349766413
2019-01-07,3.4353398207,2.72080427657358,-8.27840881689257,-10.30510760228,-4.47209936197275,-6.43361005431795,4.53234483944425
2019-01-08,1.6612355861,2.29959144764974,-6.97227788729665,-8.73161184689167,-3.748024968475,-5.42061701969565,4.56347583045696
2019-01-09,0.17143753994,2.33680889677678,-7.08864220169857,-8.73161184689167,-3.8083890831116,-5.46920380474179,3.89896185582649
2019-01-10,-0.19283846159,2.31729236613948,-7.0313621943362,-8.73161184689167,-3.7730991464832,-5.42061701969565,2.50983541843098
2019-01-11,-0.94552656046,2.19195691826801,-6.64363229262807,-8.58643256026923,-3.56212434556387,-5.25337629218421,1.59760748157905
2019-01-14,-1.4232944848,1.97257875637813,-5.96326340692211,-8.04449497012353,-3.18946279331595,-4.83171121611531,2.44533346767013
2019-01-15,3.5462308542,1.79646865492729,-5.41285599232774,-7.378663453625,-2.89323378246008,-4.42836828615984,2.37898625316541
2019-01-16,0.55059239439,1.8851048391866,-5.68788754527433,-7.53784771650909,-3.04210131080633,-4.58146090733043,2.22310941847272
2019-01-17,0.56064331457,1.85446396376657,-5.59448719267573,-7.45724385259565,-2.98882071795001,-4.53660226296923,1.45027095547644
2019-01-18,0.17599603107,1.80841337318421,-5.45092559864141,-7.378663453625,-2.9117030052457,-4.4352647797176,1.20756606163023
2019-01-22,-3.7749086192,1.67569209526651,-5.03771090357306,-6.93816511217667,-2.68707158550257,-4.2476906276539,3.36006874938782
2019-01-23,0.48095480252,1.60979209596576,-4.83165691629987,-6.87440149214194,-2.59018981831308,-4.10885033456645,3.44311322169298
2019-01-24,0.90913525455,1.92548838459379,-5.81051140269679,-7.718478063005,-3.12984490263855,-4.65192881363211,1.9118558762308
2019-01-25,0.94505507786,1.91228162222611,-5.77241051027842,-7.718478063005,-3.10862685606221,-4.63806299530909,1.53609690573234
2019-01-28,-1.9562185362,1.66167406147582,-4.99682993471419,-6.93816511217667,-2.68181264569446,-4.23346086746853,2.03509015132674
2019-01-29,-2.6869936321,1.56880249792458,-4.70903438504307,-6.68867731203824,-2.52316699553544,-4.00571403468916,1.80124955500461
2019-01-30,4.8027455015,1.62153597041435,-4.87079298887908,-6.87440149214194,-2.62155648291187,-4.16509852469866,1.76785901428106
2019-01-31,2.8914710583,1.53715624747131,-4.60749875094291,-6.57625856795833,-2.47681392924548,-3.94043502429595,2.21941760024932
2019-02-01,-5.3818808074,1.4870300670841,-4.45280628676404,-6.41728605381026,-2.39126401782025,-3.83300884731935,3.90209464286194
2019-02-04,0.43536277171,1.55516782450853,-4.69273172731461,-6.65134026904857,-2.53914183709277,-4.04406816426012,1.91327543698525
2019-02-05,1.5612467932,1.82535770358019,-5.53364749075163,-7.378663453625,-3.00651770129654,-4.5739348469819,1.24884071668894
2019-02-06,-1.1182715321,1.50989701944398,-4.5514772231565,-6.49262536812105,-2.46162419796871,-3.93564858684483,1.37980756863396
2019-02-07,-1.5784083011,1.36933412479823,-4.11443719163411,-5.94369918419412,-2.21795830086954,-3.65432680009242,2.20004057028245
2019-02-08,-1.6198269293,1.38102827407132,-4.15033816913183,-6.01783491569184,-2.23864949850758,-3.70324552059461,1.78485234593117
2019-02-11,0.17503872259,1.51745992255953,-4.57509161244619,-6.49262536812105,-2.47464944669235,-3.95275806903081,1.53566921369573
2019-02-12,2.9547454431,1.41318413730661,-4.24983299946498,-6.08344443635319,-2.29453013415591,-3.77986638621667,0.90762344411119
2019-02-13,0.12148887981,1.35625491032923,-4.07178162519423,-5.86133797424717,-2.19607711705754,-3.59610474974771,1.09045636943538
2019-02-14,-1.0579268293,1.22391572475641,-3.66007240743855,-5.34969782478169,-1.96622775548638,-3.36206155246589,1.83773599312212
2019-02-15,-0.90592549232,1.25544333870144,-3.75930672338701,-5.44816598693134,-2.02126524582533,-3.4059406492636,1.1638578262597
2019-02-19,1.2208091048,1.39123097163566,-4.18239008404875,-6.04413797764375,-2.2560957793733,-3.71249746781144,1.07530103081467
2019-02-20,-0.33669619925,1.25040539978419,-3.74477341599703,-5.44816598693134,-2.01401813997175,-3.40039745360996,1.48956417729794
2019-02-21,-0.16398495782,1.22220452631514,-3.65634457189602,-5.34969782478169,-1.96500201760537,-3.3603611775969,1.04066266349256
2019-02-22,0.74840685684,1.31274818311101,-3.93956335263617,-5.73071944270526,-2.12206211557174,-3.52041667931087,0.550001902013347
2019-02-25,0.088259089353,1.22192896546965,-3.65694235877395,-5.34969782478169,-1.96545357191075,-3.3603611775969,0.895807840973246
2019-02-26,0.20820575628,1.08546113085107,-3.23185042238902,-4.91637629780761,-1.7295204814804,-3.08353533406032,0.894834863083083
2019-02-27,0.286604742,1.15049287183487,-3.43469947217201,-5.06837310382976,-1.84211839149723,-3.24062280484875,0.753185757828486
2019-02-28,-0.076778238872,1.14395392295426,-3.41580117183372,-5.06837310382976,-1.83166875274129,-3.23069164186855,0.769322110915992
2019-03-01,1.9453236006,1.09812368823725,-3.27546909135932,-4.98709485155568,-1.75211260544052,-3.11218679695049,0.733848550489594
2019-03-04,1.46195857,1.09260866936786,-3.25671103652342,-4.94879083788556,-1.74207602298747,-3.09465329697203,1.91614751542933
2019-03-05,-0.22049676618,1.08335890231123,-3.22699573968147,-4.93012778747363,-1.72603739036915,-3.07738043310857,1.19197290489336
2019-03-06,-1.3873542776,1.34530259812708,-4.04260708509592,-5.89132899571154,-2.17870629557201,-3.56600614571545,1.22145830058274
2019-03-07,-2.5764702358,1.20241382810489,-3.59823296653816,-5.33951320599437,-1.93165891686413,-3.33377640337269,1.52681130078419
2019-03-08,-0.31673790691,1.20677508295045,-3.61198182652448,-5.36424269391571,-1.94404652417023,-3.34164697359884,1.84705379521348
2019-03-11,3.0737907206,1.27884118121808,-3.83679824617929,-5.60218947637541,-2.0691674878274,-3.44697281788625,1.04007154189808
2019-03-12,0.14844788166,1.35681023213,-4.0799203892078,-5.89132899571154,-2.20447176207748,-3.61956828690991,1.09702629205287
2019-03-13,1.0585141355,1.18253664370427,-3.53799372290557,-5.24477322928267,-1.90293794814108,-3.30428480907218,0.710423159555706
2019-03-14,-0.27146752145,1.18975577470073,-3.5607907478092,-5.29141044335069,-1.91563981711088,-3.32016477387452,0.674848855135635
2019-03-15,1.5502129021,1.09286442284514,-3.25969554898381,-4.9560603432764,-1.74794158165384,-3.0931688764699,0.95562707437825
2019-03-18,1.7397042677,1.06741886119884,-3.18018234137938,-4.8114856189165,-1.70393074056339,-3.05869807258864,0.997171800948472
2019-03-19,1.1307866716,1.1182509755291,-3.33897552280338,-5.03442976340706,-1.79221393970012,-3.15620033699356,1.65887482866436
2019-03-20,2.0103868093,1.12686776431791,-3.36551855515287,-5.05451434920714,-1.80185342028613,-3.17017814186644,1.45450576776274
2019-03-21,1.2235223423,1.27414551051376,-3.82376300877953,-5.60218947637541,-2.05621691903901,-3.4304349318876,1.26202268680974
2019-03-22,-2.9951738619,1.24410939007307,-3.72933154526318,-5.43967005425075,-2.00413465124308,-3.39719192596154,2.23545643400018
2019-03-25,0.53774712851,1.21360950745336,-3.63513010455868,-5.36424269391571,-1.95697715228171,-3.35674044778353,2.57848613779477
2019-03-26,0.53543449103,1.42023925177676,-4.27885028414417,-6.12217573153261,-2.31489482800112,-3.7961787329631,1.38381546335456
2019-03-27,-1.012468045,1.50277320365166,-4.53708277070254,-6.53958043369189,-2.45849699829169,-3.9167626241186,2.35767685107501
2019-03-28,0.43722036589,1.28444892538863,-3.8568356654403,-5.66159513040169,-2.0798169326209,-3.46992604247787,1.28842007891018
2019-03-29,0.41332566452,1.47818855908039,-4.4603785247278,-6.48528152185526,-2.41576431741541,-3.84314505940552,0.795518881391667
2019-04-01,1.8778604521,1.28341476973287,-3.85476533646618,-5.66159513040169,-2.07868545448863,-3.46992604247787,0.736459578926834
2019-04-02,-0.011575413827,1.1600686027533,-3.47043385421732,-5.13563062607,-1.86522442966384,-3.25619779224818,0.678256927808239
2019-04-03,0.37045612407,1.11842294795738,-3.3413196488365,-5.03442976340706,-1.79318498982512,-3.16331797253379,0.738383323580187
2019-04-04,-0.10106003183,1.09329553283238,-3.26225298492622,-4.97533314695795,-1.74963809885766,-3.09530855004156,0.936926745703672
2019-04-05,1.0127222546,1.07748276987263,-3.21323626564467,-4.93672903488444,-1.72206960318624,-3.07329481347436,0.544393606914709
2019-04-08,0.68470782899,1.11693767820543,-3.33677689129091,-5.03442976340706,-1.7907083759352,-3.15862619204266,0.58319609322655
2019-04-09,-0.75789519206,1.01665695647197,-3.02313609405728,-4.63814634186574,-1.61667190690223,-2.93787935759681,0.664413202047007
2019-04-10,0.6258715357,1.02016779248608,-3.03446967168879,-4.63814634186574,-1.62305385291584,-2.95725289788765,0.588391845794351
2019-04-11,-0.17647090663,1.03595402362714,-3.08469889579038,-4.69871303504519,-1.65077121099952,-2.99305606919003,0.396674077167098
2019-04-12,-0.054770155202,1.01237272502185,-3.01079091076874,-4.62325578255321,-1.61009587754489,-2.93404377527139,0.256513930642749
2019-04-15,0.09820624382,0.949934191868664,-2.81510535168352,-4.44105238237787,-1.50156570117526,-2.82304760915973,0.524015670001466
2019-04-16,0.98489324464,0.904359535055968,-2.67305929926585,-4.2550019104,-1.42228977677216,-2.73400295293516,0.30912476203225
2019-04-17,0.095542768941,0.974773970601585,-2.89266835039583,-4.46787054709167,-1.54468481036487,-2.8656853373438,0.651746965016939
2019-04-18,-0.16784461777,0.907482526610438,-2.68253910418377,-4.26657552913235,-1.4277372760034,-2.7372797241055,0.353185856446141
2019-04-22,1.3761689648,0.998464995710669,-2.96540500249279,-4.53275317847632,-1.58535378931356,-2.90086458731197,0.550635371862948
2019-04-23,1.9318500936,0.913101814741182,-2.69906350077636,-4.29836574466288,-1.43703130479636,-2.7452577266281,0.565417160700264
2019-04-24,-1.1446274762,0.968873604119738,-2.87344342288252,-4.4650864445437,-1.53373489798718,-2.85180806779423,0.525997648466768
2019-04-25,0.026291573522,0.970374315771031,-2.87830966142737,-4.4650864445437,-1.53688092373978,-2.85180806779423,0.920678073008047
2019-04-26,2.5433039822,0.957317938096264,-2.83790621062256,-4.45154262173167,-1.51449560980369,-2.84457284276585,2.28709129471832
2019-04-29,-0.62543896083,1.056339461883,-3.14615649484385,-4.743293599165,-1.6791511280934,-3.01839630753645,0.821138027888379
2019-04-30,-0.61441475837,1.37333790394163,-4.13583644826952,-6.10907911561956,-2.22828005267383,-3.672819206227,0.789355533492825
2019-05-01,-0.77860598376,1.06646070873258,-3.17841155466419,-4.84424672236702,-1.69677235240219,-3.0408977525019,0.709999137424125
2019-05-02,-0.55976395743,1.06052659124749,-3.16059521512802,-4.75933670968788,-1.68711856401751,-3.02819121625755,1.26721211267695
2019-05-03,3.2428109973,1.04418516314418,-3.10943127900775,-4.72728761103564,-1.65864012784225,-2.99488098552975,1.16558767213751
2019-05-06,-0.60689135062,1.17884489055236,-3.52896243697082,-5.25079477629595,-1.89171144778743,-3.29430635015229,1.18967615967938
2019-05-07,-1.5149573198,1.14110545628009,-3.41132599738351,-5.09848600463086,-1.826486475571,-3.22154049528116,2.21317531787503
2019-05-08,-0.16814159299,1.15369017404031,-3.45158548835477,-5.09848600463086,-1.84880106068475,-3.24711511969299,1.88409897394369
2019-05-09,-0.93337574381,1.38288266465831,-4.16750976767085,-6.10907911561956,-2.24518021826919,-3.70965599281231,2.17660180685872
2019-05-10,-0.52056193308,1.33991692238119,-4.03315661019454,-5.8767075687,-2.17071723755351,-3.56391106228796,2.50149129510646
2019-05-13,-3.5608842422,1.41007634250745,-4.25195599514392,-6.15157566444889,-2.29177881541534,-3.78732324290811,3.21486936073946
2019-05-14,0.9568327956,1.48832146891631,-4.49697007183874,-6.58792492489722,-2.43646775974844,-3.88285870541667,1.41922415211833
2019-05-15,1.6863030673,1.63321137163964,-4.9486400796342,-6.82776022074375,-2.68811216030743,-4.28092064844925,1.40519605091639
2019-05-16,1.9463966009,1.31562959266584,-3.95853097815525,-5.80739173895,-2.13760529008842,-3.53215476500541,0.932296179852213
2019-05-17,-2.0219441488,1.30948851028279,-3.9395095925493,-5.77363681137818,-2.12720866386713,-3.51965402078482,1.5036581325133
2019-05-20,-0.53665061532,1.19708125120245,-3.58865538078003,-5.32258415772113,-1.93655603104903,-3.34486265872677,1.81035422441755
2019-05-21,-0.078000183021,1.30327502004632,-3.91911862284534,-5.77363681137818,-2.12059226789293,-3.51965402078482,1.13182699197686
2019-05-22,0.11628407774,1.34680964520978,-4.05484374916192,-5.91274370640588,-2.19622291037745,-3.59637817675283,1.1827124518854
2019-05-23,-2.3767529898,1.20967133767212,-3.62691778030641,-5.37243202643188,-1.95760566257573,-3.35591828418254,1.74307280995785
2019-05-24,0.42963844262,1.21913819719349,-3.65673383121893,-5.397978988425,-1.97902755993991,-3.3686566488972,0.914513920603771
2019-05-28,0.7212276776,1.34470956731788,-4.04843316867462,-5.91274370640588,-2.19838661513967,-3.59065223690798,0.906949711414773
2019-05-29,-0.93877795507,1.16948479015692,-3.50211627555831,-5.20583485274211,-1.89308344745776,-3.28704847215359,1.20696853648003
2019-05-30,-0.15776252067,1.15407887941215,-3.45379182674408,-5.08574908497037,-1.86655884037752,-3.25609180009777,0.966782536134511
2019-05-31,-2.2710755813,1.21613530822361,-3.62590457287463,-5.38390051601618,-1.96896595316118,-3.3581727137344,1.07002815203168
2019-06-03,-4.6409437376,1.161874756152,-3.45791144716617,-5.08574908497037,-1.88101220513928,-3.26787764781648,6.44595761346711
2019-06-04,2.1781897452,1.17659555700434,-3.52553181724189,-5.22890755588,-1.92296623819443,-3.32618090100543,2.51131421592205
2019-06-05,0.51689447027,2.08700407567463,-6.36496320834896,-8.58643256026923,-3.52095401207938,-5.20647128699079,2.33140986411106
2019-06-06,0.91228070178,1.55503497660709,-4.70553835027121,-6.7649225068,-2.58677936875416,-4.12534624504459,1.3190624830112
2019-06-07,2.8312319022,1.54070662443923,-4.66103003710313,-6.70354872654706,-2.56183081802915,-4.08453626727697,1.21165117778566
2019-06-10,3.1374201095,1.36773300634797,-4.12145645002648,-6.0275157468,-2.2587296993084,-3.70881213792551,1.8826852820881
2019-06-11,0.16499787689,1.3467504260377,-4.05469393777098,-5.91369211822745,-2.22136779323394,-3.65521829787143,1.90426822333511
2019-06-12,-0.44964318276,1.41282095322343,-4.26051489051689,-6.15265053118,-2.33740454699758,-3.81554883649121,1.17963229265927
2019-06-13,0.80740788653,1.40824432397151,-4.24634934128679,-6.15265053118,-2.32990610589863,-3.81100275728626,0.829311326998692
2019-06-14,-0.033684435675,1.25037395482478,-3.75422261268559,-5.47653086952154,-2.05247911771396,-3.4281433969395,0.828380577889125
2019-06-17,0.87502072565,1.16213111978367,-3.4784916870246,-5.120756557255,-1.89699974566044,-3.30494259046923,0.649811820673211
2019-06-18,0.81334867409,1.15419676250896,-3.45343406295283,-5.08032462951463,-1.88288959822257,-3.27828376763925,1.02856399833699
2019-06-19,0.39024492871,1.09192480165253,-3.25994719639628,-4.9612973172125,-1.77381828117855,-3.15278077521655,1.36527109827766
2019-06-20,0.49245857317,1.1642457017994,-3.48561257504345,-5.120756557255,-1.9010315356432,-3.31037846257181,0.842884153572302
2019-06-21,-0.35919278052,1.23781604087533,-3.71566527447993,-5.4243777580597,-2.03069582705403,-3.41093263636141,0.617995324699455
2019-06-24,0.13603306634,1.12205920201432,-3.35498500081808,-5.04034856938333,-1.81139187260521,-3.20124955444107,0.490509502514279
2019-06-25,-1.861643764,1.06445116611701,-3.17515644718582,-4.83124679102737,-1.71092868592298,-3.07518908737883,1.14033613074003
2019-06-26,1.0413838267,1.02826274074257,-3.06328198759861,-4.68413465930192,-1.66313404437714,-3.0030736355787,0.689282868993301
2019-06-27,0.33986184208,1.17816993564258,-3.53054001677381,-5.22890755588,-1.92633392618084,-3.33229645168314,0.500332241368642
2019-06-28,-0.55926649438,1.0640770740494,-3.174782039859,-4.83124679102737,-1.72606481979595,-3.07564595890391,0.526864576885517
2019-07-01,1.5082143818,1.01042211168551,-3.0085965694074,-4.6381033796785,-1.63242630851845,-2.97042295582199,0.77677562539502
2019-07-02,0.63053080085,1.01285305562564,-3.01443250437914,-4.60768985759151,-1.63582658482661,-2.95964670764212,0.48507586748401
2019-07-03,0.24246372086,1.07768497933077,-3.2167706931273,-4.92795663441149,-1.7496590535114,-3.083598305758,0.270599726898453
2019-07-05,0.20165033529,0.992642083164998,-2.95152759034518,-4.49360011657018,-1.60008162151181,-2.90208719635872,0.358044622562126
2019-07-08,0.48432505882,0.903396555984822,-2.67302117692695,-4.23825872996866,-1.4429628309657,-2.75099290435026,0.405529293187062
2019-07-09,1.8429355843,0.916319274629938,-2.71380678233149,-4.31065953617031,-1.46601867611202,-2.78195012487958,0.481636275924813
2019-07-10,1.4640647789,0.919068326726578,-2.72267770814166,-4.32322579562047,-1.47084762666819,-2.78544112857793,0.815141677822488
2019-07-11,-0.80994939053,0.931080355164996,-2.76033616365561,-4.348355645144,-1.4920987556112,-2.80657284294486,0.82233579669032
2019-07-12,0.4962345145,1.02257793398565,-3.04586493343279,-4.62285761455143,-1.65296051993496,-2.98445117521362,0.435640517716297
2019-07-15,0.49676777726,1.02953335094829,-3.06812875653995,-4.65328221210194,-1.66525341578783,-3.00073028355423,0.517895583519046
2019-07-16,-0.54874096359,0.924532598592977,-2.73997000804676,-4.32322579562047,-1.48023754932928,-2.79768198830914,0.649915265608335
2019-07-17,-0.88909896031,0.946374382730403,-2.80850283255501,-4.41328263656833,-1.51893481346079,-2.84467597696852,0.697855972374767
2019-07-18,-0.70932666667,0.983603173315365,-2.9247683101496,-4.47995829891652,-1.58442979557055,-2.89693131315159,1.03152098728155
2019-07-19,-0.67647504929,0.993432801075727,-2.95540922520277,-4.50724395428938,-1.60169012383488,-2.90842841218421,0.831104349476655
2019-07-22,1.0745627431,1.08047847163427,-3.22730784451647,-4.92795663441149,-1.75508948755781,-3.11033255938639,0.67918149642356
2019-07-23,0.44620599001,1.03778383140441,-3.09422586539293,-4.68461782426832,-1.6798598088947,-3.01756855460381,0.653499850278445
2019-07-24,0.31687298506,0.9996385328308,-2.97552453157166,-4.52099811223482,-1.61268149966217,-2.93563887832687,0.487035759959513
2019-07-25,-1.3489536737,0.991825003426312,-2.95159449143352,-4.50668440630265,-1.59869355870158,-2.90811566448739,0.883047204050471
2019-07-26,-1.5589060806,0.94389418605735,-2.80169021499831,-4.42503227740672,-1.5145332460905,-2.84401236438771,1.27652083560035
2019-07-29,-1.5748436737,1.04450309199466,-3.11608937934939,-4.70040753203,-1.69203847728239,-3.02611049004615,1.10548591004386
2019-07-30,-0.72786216624,1.14331771423128,-3.42637740133978,-5.04598373949753,-1.86668596587695,-3.25389240731439,0.979597452465659
2019-07-31,-1.6723464997,1.11250503144668,-3.33032113673684,-4.96712233789412,-1.81265189509404,-3.19219532960399,2.41782793800634
2019-08-01,-0.61389129933,1.0905625148598,-3.26116507873812,-4.94735085551744,-1.77418433249111,-3.1387248356892,2.86041508233308
2019-08-02,-1.7290817757,1.4163328751263,-4.27771676785371,-6.11380311777727,-2.34733833105772,-3.80780228815787,2.29914151594925
2019-08-05,-3.1871832562,1.52205240885185,-4.6073006915349,-6.55290655938,-2.53308984763498,-4.04039364185066,3.85089982965657
2019-08-06,1.2860242588,1.44228685320236,-4.3574162548175,-6.19896679946429,-2.39421423623429,-3.8451949884046,2.7596881462293
2019-08-07,0.31155087454,1.7304782257857,-5.25728211661456,-7.198074491712,-2.90121998050631,-4.45473599610427,4.05559530418271
2019-08-08,2.2019627522,1.58694563749947,-4.8081011565989,-6.79439968848065,-2.64887265242734,-4.21628763461397,1.03540455436382
2019-08-09,-1.3808793763,1.80599137102912,-5.49446525762993,-7.35765157243913,-3.03438475334676,-4.60931351683113,1.43705098490823
2019-08-12,-1.2536097986,1.2881213807988,-3.87734626176039,-5.67069816534464,-2.12247081331745,-3.50858194260364,1.46903947897486
2019-08-13,2.2085023418,1.35587238979697,-4.08927255019391,-5.91122293137551,-2.24191767868627,-3.69260965286477,2.2073370456006
2019-08-14,-3.3645044235,1.3328703227311,-4.01711847463961,-5.83872991871373,-2.20128241480639,-3.59284640218068,2.25937395159628
2019-08-15,0.74647184265,1.46541587811042,-4.43062547257554,-6.38758057096316,-2.44275027488884,-3.9098382761994,2.10369939767905
2019-08-16,0.92617615937,1.45745232508896,-4.40535218491542,-6.2892619709975,-2.42853847446701,-3.87533827095205,0.724470290215391
2019-08-19,1.313756227,1.44644472233383,-4.37145129313543,-6.19896679946429,-2.40933504428825,-3.85851151659711,0.562218183608213
2019-08-20,-0.8116203775,1.16742092137685,-3.50102574986937,-5.17106508120533,-1.91707055243566,-3.32137749417352,0.576122309210486
2019-08-21,1.2301679822,1.11565516360863,-3.33960915466451,-4.96751967161176,-1.82573924441338,-3.22543359538487,0.549044234972957
2019-08-22,-0.98380073923,1.09208068459455,-3.26614074196246,-4.92915721836782,-1.78403863693151,-3.16535207007491,0.923196077378035
2019-08-23,-3.1003544529,1.05714869125079,-3.15821183424363,-4.703107264272,-1.72368639302831,-3.07666992841887,2.60959514870694
2019-08-26,1.1002389092,1.12720384867072,-3.37626471631571,-5.00635353141325,-1.86089230934778,-3.25618015711353,1.2385973405747
2019-08-27,-0.39799419965,1.48738278690266,-4.50020047874395,-6.55290655938,-2.5008230931154,-3.99585931377278,1.29476441886117
2019-08-28,0.13735717985,1.24014744848651,-3.72939126406586,-5.4130022641,-2.06233043778572,-3.42745149374681,1.10200844564604
2019-08-29,1.2554910018,1.26132305771867,-3.79638177713176,-5.49286706617258,-2.10061189424508,-3.49982987323991,0.799531907634183
2019-08-30,-0.56594267817,1.22880691672267,-3.69697549832388,-5.38744504650152,-2.04479561030228,-3.4101811958626,0.981613624259713
2019-09-03,0.76282588998,1.16213903058281,-3.48924496630092,-5.10655258652821,-1.92653437132054,-3.32050732471969,1.6708887241147
2019-09-04,0.60228847269,1.17264947155841,-3.52203922270902,-5.17106508120533,-1.94505897802453,-3.33152976551587,0.47747857937949
2019-09-05,2.2270106963,1.31555940614372,-3.96978979944134,-5.76953936198679,-2.19960356478552,-3.58939743601818,0.578812351308421
2019-09-06,-0.39169455431,1.04050367795527,-3.11016047457881,-4.67247491061471,-1.71084349160659,-3.0767322115604,0.550379338981855
2019-09-09,-0.11780682953,1.04462328574436,-3.1238566820327,-4.67247491061471,-1.71842719105568,-3.0767322115604,0.827424771265314
2019-09-10,-0.58972888846,1.02557129502842,-3.0649864851367,-4.61264254697264,-1.68441843009903,-3.03452071367788,0.885312131464548
2019-09-11,0.13402543173,1.07831022431767,-3.22918101607351,-4.91019013201477,-1.77864768200343,-3.15778908400386,0.644673408755023
2019-09-12,1.1278174867,1.0784419638825,-3.22988227389807,-4.91019013201477,-1.77913419174562,-3.15778908400386,0.85366322994974
2019-09-13,-0.22836375465,1.02013555181914,-3.04792822581264,-4.58381566352315,-1.67545954586379,-3.02161617342857,0.484132371021454
2019-09-16,-1.7125708135,1.0731008886368,-3.2139590034459,-4.8911570135427,-1.77011593806236,-3.14814701071533,0.891743397794236
2019-09-17,0.81367820167,0.974065748496164,-2.90462011750888,-4.43419302874454,-1.59948470434787,-2.9122411363345,0.570253768311001
2019-09-18,-0.27927903211,1.07128445008636,-3.20854573443202,-4.8911570135427,-1.77330102807803,-3.15295542912063,0.97756800520107
2019-09-19,0.22228824837,0.980789526338345,-2.92557333149843,-4.47333948314483,-1.61171998950284,-2.94173173525299,0.568501895017002
2019-09-20,-1.5009607466,1.08719549618887,-3.25844839685854,-4.91019013201477,-1.80212823790525,-3.1857287730724,1.34790112779654
2019-09-23,-0.49382440811,0.982159984963323,-2.930446489006,-4.47333948314483,-1.61456305472375,-2.94173173525299,0.867034223402233
2019-09-24,-2.4472077523,1.1816009402286,-3.55360394745631,-5.23918194636806,-1.97068500173858,-3.36186912667927,2.19079473393542
2019-09-25,1.5342125964,1.07438941128944,-3.21823576216119,-4.91019013201477,-1.79818269865191,-3.17817016938078,1.70639225111108
2019-09-26,-1.6111246204,1.37577384437271,-4.15947234557745,-6.07120159112222,-2.34062951197826,-3.80501524985056,1.30682849958549
2019-09-27,-0.82708754826,1.29043098720902,-3.89315272759069,-5.67069816534464,-2.18709081385798,-3.56943012064009,1.93097985748274
2019-09-30,0.60621866778,1.22021854167092,-3.67350781957273,-5.36192542529701,-2.06045340733478,-3.42668335310596,0.953321675608846
2019-10-01,-0.014977735099,1.3528359561416,-4.08825706289706,-5.91122293137551,-2.29922228245728,-3.78064042437268,1.28989000026013
2019-10-02,-1.2917350848,1.15572149800518,-3.47422329514212,-5.08605807417089,-1.94859064185661,-3.3414225555484,1.38510528506483
2019-10-03,0.65315223292,1.21607641927213,-3.66246400901949,-5.36192542529701,-2.05810528963539,-3.42088568184195,1.92640596067111
2019-10-04,0.88319550923,1.23259027701562,-3.71365535415976,-5.38744504650152,-2.08735508693737,-3.47437036130308,0.772266967329876
2019-10-07,-0.40180496089,1.34787956923097,-4.07356528607186,-5.874727226174,-2.29411956355414,-3.78064042437268,0.979390726943098
2019-10-08,-1.5669548555,1.09204879296337,-3.27663152920052,-4.94848724586628,-1.8350793255551,-3.24867003550337,1.30930656784843
2019-10-09,0.96627988114,1.14097169437076,-3.42883693898114,-5.04598373949753,-1.92263460957782,-3.33080261945259,0.668866566364456
2019-10-10,-0.10046515953,1.21448515581663,-3.65858947456336,-5.36192542529701,-2.05453709122832,-3.42817944775641,0.877253285112189
2019-10-11,0.67780451791,1.05905551417973,-3.17591796026155,-4.76727287610833,-1.77559062056346,-3.16281798667597,0.843534980066637
2019-10-14,0.26040463763,1.09119604947336,-3.2760890642378,-4.94848724586628,-1.83308552738359,-3.24932980881804,0.454640151064594
2019-10-15,1.7823926102,1.0849660509017,-3.25717402012328,-4.91019013201477,-1.82236182466407,-3.23351470559851,0.525674807760914
2019-10-16,0.56863832324,0.97847623763696,-2.92635551447844,-4.48551486705217,-1.63208486039391,-2.97492508037292,0.740281322170298
2019-10-17,0.56542311086,0.983117386906447,-2.94082795219535,-4.48551486705217,-1.64033632888552,-2.98320541584334,0.747466524231324
2019-10-18,-1.6766621166,1.03774035303499,-3.11098927550565,-4.67247491061471,-1.73844240749529,-3.0966046263101,0.931332722996015
2019-10-21,1.6016978567,1.03786588622411,-3.11176637359485,-4.67247491061471,-1.73905879836918,-3.0966046263101,0.627437871243855
2019-10-22,-1.1161139298,1.0829816602544,-3.25262011675438,-4.91019013201477,-1.81980752703195,-3.22828574831074,0.741959125134406
2019-10-23,-0.20161632883,1.01233989371143,-3.03269388322242,-4.59793384417477,-1.69353375167265,-3.03838953135194,1.21419422331431
2019-10-24,1.0560842597,1.04213166440942,-3.125390040422,-4.67247491061471,-1.7468201339827,-3.11043457123844,0.778716350602164
2019-10-25,-1.0922180167,1.15964942219563,-3.49180412199584,-5.10655258652821,-1.95738401401127,-3.35329712636113,3.3573845466339
2019-10-28,0.89421062494,1.05634946736254,-3.16835283249718,-4.76727287610833,-1.77209890284012,-3.15307295917018,1.01992305173988
2019-10-29,-0.80862988716,1.58767542440545,-4.82540419730375,-6.79439968848065,-2.7248869827708,-4.31729275363906,0.692950821306669
2019-10-30,0.98030872905,1.15994704244488,-3.49226224079726,-5.12751980678182,-1.95757693435795,-3.35329712636113,0.966385720613133
2019-10-31,-0.18707970266,1.08097181582742,-3.24604907262732,-4.91019013201477,-1.81609903638093,-3.22308310791661,0.982117430882149
2019-11-01,0.83189805573,1.13941445539123,-3.42866045866519,-5.04598373949753,-1.92107952712703,-3.33080261945259,0.421237852532393
2019-11-04,0.73795382486,1.14477590574653,-3.44572257898796,-5.04598373949753,-1.93077024066104,-3.336409840036,0.473325091624043
2019-11-05,-0.16346569437,0.957058844178156,-2.86040147891387,-4.43272090597563,-1.59349840825152,-2.91822709688938,0.575597024683676
2019-11-06,-0.32968679752,0.955272707241769,-2.85505985094142,-4.43272090597563,-1.59090596366663,-2.91822709688938,0.498362524986576
2019-11-07,-0.42154618914,0.978920799222813,-2.9294320853177,-4.48551486705217,-1.63383509811021,-2.97860152306759,0.601945377832125
2019-11-08,-0.12973940275,0.947997410455577,-2.8336813224971,-4.419446795985,-1.57902741958019,-2.90654319273626,0.481239451847947
2019-11-11,-0.79680605641,0.96549434473545,-2.88842921756277,-4.43272090597563,-1.61023922649096,-2.94188066363664,0.357237178303018
2019-11-12,0.3584229391,0.933021815960094,-2.78759980045171,-4.3546941788112,-1.55161930386882,-2.86943890435043,0.419025081808637
2019-11-13,-1.399887514,0.893988321534526,-2.66570496553917,-4.23326271287259,-1.48101206126588,-2.80074090959485,0.598821785634013
2019-11-14,0.084991814583,0.906523605540593,-2.70500447209513,-4.29259099732538,-1.50375330044734,-2.82600766491685,0.557977647099037
2019-11-15,-0.86116493785,0.957686213404967,-2.86470826073896,-4.43272090597563,-1.5951579034229,-2.92321020935982,0.596838872807435
2019-11-18,0.74964501073,0.945736823474257,-2.82854152673403,-4.419446795985,-1.57471696892557,-2.90355034718475,0.763458815027534
2019-11-19,0.014835694673,0.957554317566535,-2.86532484053689,-4.43272090597563,-1.59557700804588,-2.92321020935982,0.537012603496889
2019-11-20,-0.41419679474,1.00757448656219,-3.02161472061581,-4.59793384417477,-1.68495645879577,-3.05240985812426,1.00296644734256
2019-11-21,-0.61986903684,0.949274110141185,-2.83986654263272,-4.43272090597563,-1.58039214045134,-2.91388332437396,0.704028980803315
2019-11-22,0.63468821882,1.07430214739776,-3.23046466385666,-4.91019013201477,-1.80465350248757,-3.20067626650511,0.392213362301367
2019-11-25,1.6107966912,1.00317285740535,-3.00892000338167,-4.59793384417477,-1.67685363839827,-3.04347719900554,0.514782006810572
2019-11-26,1.3022595049,0.913216554708889,-2.72856498125786,-4.31729275363906,-1.50360904426612,-2.83017245439306,0.488716038144082
2019-11-27,1.200373969,0.940472965236437,-2.81520703214655,-4.4062620893405,-1.55320296848313,-2.8752036792296,0.441201386400694
2019-11-29,-0.97387421556,0.920392296333521,-2.75237414149451,-4.31729275363906,-1.51760029336814,-2.85256641163475,0.493557257508134
2019-12-02,-1.0661928032,0.89317243397591,-2.67073259087067,-4.23326271287259,-1.47134867071621,-2.7974888635122,1.41584568942977
2019-12-03,-0.65334530755,0.903194567737812,-2.70149488674751,-4.28044779815878,-1.48939824272579,-2.8155694177,0.936046925278551
2019-12-04,-0.52374064962,1.15107208784248,-3.4799784931467,-5.08605807417089,-1.93332109083041,-3.35348476313659,0.630759801989343
2019-12-05,-1.1478454469,1.04533591079503,-3.15078363711352,-4.6877797236099,-1.72910178398935,-3.10759363751365,0.52044269875318
2019-12-06,0.63890421043,0.970770618449682,-2.91744419188257,-4.45879574983846,-1.59828360236599,-2.92826118648802,0.54676441610664
2019-12-09,-0.11931947938,0.942707259896023,-2.82939595954191,-4.419446795985,-1.54872521389409,-2.87363834274339,0.650673464088665
2019-12-10,-0.58873627459,0.950453748580806,-2.85366379265125,-4.43272090597563,-1.56261034577124,-2.88893950470581,0.63026378928983
2019-12-11,0.54679998393,0.965779098470339,-2.90236779326068,-4.44572711937966,-1.589655338871,-2.92826118648802,0.428974991240199
2019-12-12,0.66391417713,0.954892033986472,-2.86814462040679,-4.43272090597563,-1.57061005943149,-2.90770009467729,0.844990078507102
2019-12-13,0.034652593604,0.895268608208751,-2.68104518157906,-4.24484683936567,-1.46482292829605,-2.80145856004087,0.960386145842963
2019-12-16,0.46963553559,1.01363072140684,-3.05207012829671,-4.61252956978491,-1.6750357118731,-3.0460551273585,0.335035821739011
2019-12-17,1.2124055369,1.05021125144996,-3.1667927320166,-4.76727287610833,-1.74020316093987,-3.12758138317083,0.5484678809869
2019-12-18,-0.37025454321,0.878210048113611,-2.62757509845138,-4.19892344166014,-1.43476865133301,-2.7608418519756,0.517904137746551
2019-12-19,0.4624361698,0.936140066261487,-2.8097335679162,-4.4062620893405,-1.53781156739474,-2.87167122635965,0.419495345415488
2019-12-20,-0.32249425312,0.928738004023301,-2.78657348144609,-4.3546941788112,-1.52471204074695,-2.86782493123621,0.514589833149769
2019-12-23,0.36383991046,0.891515208149871,-2.67036977250192,-4.23326271287259,-1.45851431910322,-2.79668566845668,0.270824583051704
2019-12-24,-0.21137757949,0.909916589572591,-2.72844387409801,-4.31729275363906,-1.49132743525805,-2.82613982631226,0.142821186810502
2019-12-26,4.4466552277,0.833568075092013,-2.48922683607747,-4.00143071259873,-1.35571172463612,-2.69159135996751,1.03970463510235
2019-12-27,0.055116467047,0.782446617801339,-2.32806495084419,-3.82354040104915,-1.26425837258124,-2.60330691984764,2.36649842995464
2019-12-30,-1.2252647342,1.04526180787349,-3.15179100285152,-4.693668735505,-1.73045244476673,-3.12234805923728,2.09563591180508
2019-12-31,0.051437822549,1.35924869282334,-4.13688599953003,-6.07120159112222,-2.28876079492952,-3.78815579393944,0.970990532735893
2020-01-02,2.71506191,1.33133152935105,-4.05007241716504,-5.91096903621633,-2.23929972196297,-3.71566413099947,0.805580596335657
2020-01-03,-1.2139029825,1.10692306481609,-3.34598507481603,-4.97786063753452,-1.84041395744346,-3.27250954454109,0.906475458004613
2020-01-06,1.4885571503,1.07912132436616,-3.25919625346645,-4.91951555268046,-1.79116047130903,-3.19739615195257,1.28051621193255
2020-01-07,0.20915664682,1.09868577738776,-3.3204237387026,-4.95848264247529,-1.82561369287269,-3.25594325345594,1.14009257441945
2020-01-08,-0.78086487729,1.16875389964199,-3.54009576927749,-5.20822717072361,-1.95018772852976,-3.36816504999791,1.06822018010057
2020-01-09,0.47992304317,1.12604847040032,-3.40616812295588,-5.05583429394051,-1.87433883420909,-3.28725578353399,1.02763025301743
2020-01-10,-0.94105888847,1.1131773797568,-3.36553926878555,-5.01498233863333,-1.85109277334916,-3.27049909404063,0.791910344259975
2020-01-13,0.43225217196,1.10873753479397,-3.35166281675993,-4.99485455918049,-1.84331265313564,-3.2673411514457,0.591094095397063
2020-01-14,-1.1558187491,1.05176436520123,-3.17306597278121,-4.76962151519574,-1.7421052841699,-3.12637709631837,1.19350411725435
2020-01-15,-0.3969103047,0.99086991160514,-2.98164374686892,-4.52386073033727,-1.63349326851288,-2.99253720687244,0.983533773530205
2020-01-16,0.85498544595,1.1389188892319,-3.44680194024596,-5.05583429394051,-1.89709724153263,-3.32980199891429,0.819146575487217
2020-01-17,-0.70396285282,1.09007686369238,-3.29349020158555,-4.95543011269643,-1.81030203748212,-3.22890624627034,0.647680149263608
2020-01-21,1.4629542236,1.0471678872652,-3.1589960003378,-4.70405053825714,-1.73396981977828,-3.1166518079986,0.695850364978765
2020-01-22,-0.23995771662,1.00352600546882,-3.02182433411122,-4.59681092998762,-1.65628089544061,-3.01449619936384,1.03509910701
2020-01-23,-0.15258601497,1.01798069118719,-3.06701190565243,-4.62672976667282,-1.68189444099487,-3.05938570032997,0.694794221873356
2020-01-24,-1.2172473443,1.09934741825597,-3.32259433057129,-4.95543011269643,-1.82679563863205,-3.25070680088996,1.08784055802605
2020-01-27,-1.7887454072,1.01390658142605,-3.05455956169958,-4.61167654537692,-1.67484991966901,-3.045567268994,1.31517940234926
2020-01-28,1.3624380586,1.1145550775783,-3.37048580615891,-5.01498233863333,-1.85372742855611,-3.27851633241299,0.871618955319676
2020-01-29,0.25630648852,1.17807221914509,-3.57019907101512,-5.28038322055507,-1.96703345500165,-3.3891471846817,0.827759818912635
2020-01-30,0.68245425191,1.08245075530452,-3.27112966045991,-4.95543011269643,-1.79806931816173,-3.20237621558955,1.25793127580959
2020-01-31,7.3791348601,1.06818295828153,-3.22636195073975,-4.91608090627093,-1.77263485766213,-3.17131581618942,3.6659087047485
2020-02-03,-0.22501891763,1.17093604441043,-3.54687871281217,-5.25581894943571,-1.95423719415734,-3.37116896794916,2.06687670339875
2020-02-04,2.2687356553,1.64147517696704,-5.02580269484922,-6.9120690451,-2.79303875265766,-4.36255110329754,1.17921518393834
2020-02-05,-0.47812574721,1.38265945038138,-4.21249879233646,-6.13470795437907,-2.33159961552619,-3.82068761339138,2.21214265162924
2020-02-06,0.5078755019,1.21334022437967,-3.68040360302703,-5.41027499048594,-2.01269170987757,-3.41962939663174,1.13002188429074
2020-02-07,1.4169141999,1.4330507030873,-4.37105604066787,-6.22296854716098,-2.40098528328557,-3.87233545561726,1.90639105179572
2020-02-10,2.6273517755,1.22323466430086,-3.71205777084549,-5.41027499048594,-2.03044155207642,-3.43809794401322,1.82532412054395
2020-02-11,0.79150479651,1.3576590453456,-4.13377427529902,-6.09066310128636,-2.2675475509043,-3.75332121145989,2.61158647778506
2020-02-12,0.42774781468,1.34182378033681,-4.08421687942579,-5.92547057563958,-2.23964675461301,-3.71332830501283,1.25966210890992
2020-02-13,-0.46898148148,1.5033936379273,-4.59231571297983,-6.59225983630588,-2.52529449200886,-4.03136429330729,1.14100242345708
2020-02-14,-0.69771660619,1.24253795989732,-3.77289080291143,-5.4644967116129,-2.06446168535718,-3.46301867024529,0.791441050045159
2020-02-18,0.97429820089,1.21997914689773,-3.7021184592283,-5.41027499048594,-2.02480970807522,-3.43192201112412,1.19211967236146
2020-02-19,0.67496416414,1.12716106686204,-3.41098339689414,-5.05583429394051,-1.86086582867019,-3.28412697399407,0.811462900990098
2020-02-20,-0.78886011543,1.20659917758252,-3.66128383868823,-5.38361892026,-2.00144808904385,-3.41962939663174,1.65364400568198
2020-02-21,-2.6533834936,1.09743329383186,-3.3182691093011,-4.95543011269643,-1.8086672745117,-3.21819653733359,1.87332478725025
2020-02-24,-4.1355553753,1.28649531382379,-3.91254570452922,-5.74225529224151,-2.16171251829975,-3.55669878284785,4.09498841093092
2020-02-25,-1.8190505103,1.34237811902986,-4.13956176059256,-6.09066310128636,-2.28804414224629,-3.78216030031389,5.25119745314719
2020-02-26,0.34723278277,1.75164960861038,-5.44003121349342,-7.35765157243913,-3.02489712195615,-4.59245946249057,5.05055303871278
2020-02-27,-4.8136230229,1.95611468937806,-6.08968844512887,-8.0559048607,-3.39281875108077,-5.00425761956829,8.68589018240675
2020-02-28,-0.029188558074,1.9728145227943,-6.1411999358642,-8.0559048607,-3.42018192320274,-5.0414825632037,17.4532982747164
2020-03-02,3.7266091573,2.46583076196232,-7.69531311727694,-9.3563441053625,-4.3023415116775,-6.10468329684545,6.04667607209525
2020-03-03,-2.300980066,3.34165927854186,-10.4783357162417,-11.8270402075,-5.8029338866588,-7.71092760732632,14.3288684916275
2020-03-04,3.5013279274,2.34101007230472,-7.30175482147016,-9.16230351053333,-4.02895796208147,-5.83158099165882,3.41684516191206
2020-03-05,-2.6216830395,3.16997574548589,-9.93457187401376,-11.8270402075,-5.49499266682496,-7.35765157243913,3.78600460633564
2020-03-06,-1.1922891015,2.11202729891216,-6.5756208743602,-8.64680721355,-3.61731933036471,-5.33117127685294,4.97761196998099
2020-03-09,-5.2853889085,2.12261309666449,-6.60911492101181,-8.64680721355,-3.6359648169095,-5.35648370470298,12.8191242729459
2020-03-10,5.0655055788,2.17740077473128,-6.78375749682354,-8.64680721355,-3.73426062045823,-5.43128251425692,10.4007980760285
2020-03-11,-3.7508853908,3.00461451735306,-9.41021095724513,-10.796321599725,-5.20434265321363,-7.05345753444815,6.58278229089195
2020-03-12,-7.922080775,2.77141347506455,-8.68593120344,-10.796321599725,-4.79083737688591,-6.734703347825,24.8104759113905
2020-03-13,6.4648308193,2.44087348608025,-7.66492139381299,-9.1969815131,-4.22828908344564,-6.12638119010217,20.0387358744454
2020-03-16,-5.3697478991,4.03746172531051,-12.7648379905128,NA,-7.09583660392884,-8.7366238514,26.5683491103951
2020-03-17,7.0266110173,3.84407980807082,-12.1251044846755,-12.65683469,-6.76754661269639,-8.59105902596923,41.5465220007209
2020-03-18,1.2257721923,4.42860192395364,-14.0396133782926,NA,-7.78990430761389,-9.3835821903125,30.4097814116746
2020-03-19,2.7830601091,5.42082990504641,-17.2163068566355,NA,-9.58791057594009,-10.796321599725,16.7302777159689
2020-03-20,-1.8522752042,4.91746862508751,-15.5750863456783,NA,-8.66703077230984,-10.796321599725,16.6208617248745
2020-03-23,3.0735229593,4.07356956195919,-12.8785117644702,NA,-7.15913666343444,-8.7366238514,21.615133026865
2020-03-24,1.9586615725,4.094056419434,-12.9762993894562,NA,-7.18444942113091,-8.7366238514,6.70301874986422
2020-03-25,-2.7967630534,4.34443760079338,-13.7134694140545,NA,-7.68047611889336,-9.1969815131,6.72825922950142
2020-03-26,3.6933143852,3.0718390716245,-9.64750071671846,-10.796321599725,-5.40693320273484,-7.38116945587917,4.73861779310602
2020-03-27,-2.8325381362,2.90754276364804,-9.11448297541625,-10.796321599725,-5.11195536927747,-6.96240951931667,3.66004000271308
2020-03-30,3.3603494552,2.62249957355081,-8.20213189895463,-10.30510760228,-4.60035914740459,-6.51388618526053,3.11039582088509
2020-03-31,-0.72456019743,2.38436813602087,-7.44096837519338,-9.03828123698,-4.16975650861849,-6.10799857118723,3.72216677191932
2020-04-01,-2.1551812569,2.15749639863525,-6.72057760226327,-8.59105902596923,-3.76127192176311,-5.4851683012803,3.56756565169718
2020-04-02,0.58342506691,2.18942379767658,-6.82250530254775,-8.59105902596923,-3.81996770190333,-5.59437398820161,3.61637500633466
2020-04-03,-0.63788871339,2.13186799005489,-6.63931331337919,-8.59105902596923,-3.71707822517212,-5.40914197893333,1.69230897638198
2020-04-06,4.7729191909,2.10196066869836,-6.54219819537269,-8.59105902596923,-3.66274742522802,-5.38440609960286,1.35648322693052
2020-04-07,0.7013451208,1.80207427851548,-5.59165556702161,-7.45985881146956,-3.12446375639585,-4.7332533357767,3.47214751674646
2020-04-08,1.5609465103,1.73169760204167,-5.36875190437545,-7.22691137106154,-2.9975206202525,-4.64144878614587,1.16658191576459
2020-04-09,-0.011747430289,2.01821590868091,-6.27793818143067,-8.16650846446875,-3.51014671516057,-5.19374013364156,1.83005446611627
2020-04-13,6.1735103487,1.62350233356401,-5.02426602674611,-6.88567437461935,-2.80025371881412,-4.44987514062562,3.7960652760839
2020-04-14,5.2769414488,1.69039526944385,-5.23726417503762,-7.14658391104074,-2.92400839807626,-4.5182787864,3.03315485096298
2020-04-15,1.0668675437,2.00118334593391,-6.22567733677738,-8.16650846446875,-3.48746622121915,-5.10971230937654,5.57907571488762
2020-04-16,4.3554565626,1.89484491974412,-5.88739213919646,-7.92915848742222,-3.29182811783576,-4.99078179796552,11.4877029557806
2020-04-17,-1.3782135131,2.25526645060657,-7.03488127083776,-8.7366238514,-3.93821568786611,-5.78315783121818,6.0009728329495
2020-04-20,0.78357894727,2.93923869105025,-9.20776623805783,-10.796321599725,-5.17337326685396,-7.07728099381786,4.98699630194415
2020-04-21,-2.7360346923,2.3719085020993,-7.40525934226614,-9.03828123698,-4.14969954752537,-6.11966562105435,11.4444722711509
2020-04-22,1.5192515848,2.23829475621329,-6.98009529064321,-8.7366238514,-3.90253931818205,-5.71747931699123,3.37812074540324
2020-04-23,1.52147883,2.97239816533483,-9.31520549010033,-10.796321599725,-5.22546835088447,-7.14658391104074,3.49819426512922
2020-04-24,0.44885286206,2.06987526323271,-6.44589379808876,-8.59105902596923,-3.59761242010193,-5.33212394869437,1.53520859064572
2020-04-27,-1.4197874052,1.98450330291402,-6.17567575694787,-8.16650846446875,-3.44697388167398,-5.08966824607073,2.6867225990215
2020-04-28,-2.6060606062,1.63205777494946,-5.05528664297642,-6.88567437461935,-2.81171980600707,-4.46739543724706,4.61620704174546
2020-04-29,2.5336202725,1.78396285944073,-5.53788266407407,-7.45985881146956,-3.08515501695907,-4.70138770436602,3.75931765595927
2020-04-30,4.2689582797,1.99026546691626,-6.19459510218986,-8.16650846446875,-3.45817813790517,-5.10414751751605,3.15638288536181
2020-05-01,-7.5974130962,1.87319667844064,-5.82275119914656,-7.72148526571,-3.24740771611549,-4.98323244578506,6.51462919708244
2020-05-04,1.310125807,1.7803774140819,-5.61561975034886,-7.46559024,-3.08177809973231,-4.72923410236442,3.04178792079499
2020-05-05,0.078152323658,2.28226668734845,-7.12364664988713,-8.64899225484615,-3.9876028376327,-5.84945860164909,1.77108609572651
2020-05-06,1.4436103202,1.82294015666975,-5.6629051702179,-7.46559024,-3.15896128128578,-4.793526306894,1.69358982308242
2020-05-07,0.69537184299,1.58264023396541,-4.89947580916666,-6.84893368486364,-2.72580493736561,-4.3736901358907,2.24650725507751
2020-05-08,0.50684023136,1.54307188682731,-4.77313927568859,-6.78907160657059,-2.65402595354143,-4.27551919223796,1.1003008915245
2020-05-11,1.2350763362,1.62799600075015,-5.04385707581306,-6.90791620966875,-2.80847014281281,-4.49347891773833,1.2208416002667
2020-05-12,-2.1606475716,1.34059265606836,-4.12957842619327,-6.09827349333333,-2.28859640026688,-3.81384636642951,1.57625609981611
2020-05-13,0.46543202025,1.33783336461736,-4.12104057877829,-6.05796466746939,-2.2844489107959,-3.81384636642951,4.5063108159996
2020-05-14,0.88389810462,1.40712312481732,-4.34027374751496,-6.22784958638667,-2.40802037268492,-3.91569064695322,2.61618944294989
2020-05-15,0.8761537978,1.92275722085019,-5.98280524558898,-8.02299842457778,-3.34224508733982,-5.05759747463176,1.3247971631753
2020-05-18,0.6838798563,1.63518442052497,-5.06737260338792,-6.9673984782129,-2.82181133056419,-4.49214625436639,1.40921170638167
2020-05-19,0.95084615805,1.39853673236998,-4.31411130596908,-6.22784958638667,-2.39354230467131,-3.91569064695322,1.68654048948768
2020-05-20,1.9846243667,1.40072871690897,-4.32125356999109,-6.22784958638667,-2.39771900657557,-3.91569064695322,0.965620859550873
2020-05-21,-2.0496889438,1.44818812881798,-4.47294668970462,-6.56257709957105,-2.48424819725227,-4.04642267329745,2.47736017181613
2020-05-22,-0.40298519662,1.24239244409767,-3.81737553289946,-5.67180621615667,-2.11138588979451,-3.55420075383394,1.05848545920993
2020-05-26,-0.6163619054,1.52382945676272,-4.7144955477222,-6.73093000811429,-2.62107622383235,-4.21465476509787,1.53474009154261
2020-05-27,-0.4736029332,1.23462019425009,-3.79365710952429,-5.61166906274355,-2.09742509424728,-3.5476024649274,3.73105539449424
2020-05-28,-0.38541480835,1.33457115200702,-4.11118888453617,-6.05796466746939,-2.27807284882413,-3.81031124550601,2.20985090845617
2020-05-29,1.718795552,1.75142502571307,-5.44159634587205,-7.46559024,-3.03366994923691,-4.68272414839528,1.94480030026009
2020-06-01,1.1738598163,1.51234026236069,-4.6788522262471,-6.73093000811429,-2.60335193703734,-4.20332663721831,0.864164057628792
2020-06-02,0.055442242956,1.4519641238545,-4.4873035063406,-6.61896508107568,-2.49221580451626,-4.06524328852,0.847524382749069
2020-06-03,0.24227373287,1.2224947444872,-3.75615961318711,-5.55434833727188,-2.07538543259514,-3.51050338938348,0.990749557717336
2020-06-04,-0.71820529356,1.20292110281401,-3.69390269902391,-5.47295495891493,-2.03974165061067,-3.4762054337476,1.55016945108405
2020-06-05,0.91034706966,1.17967663652123,-3.61936183642658,-5.38528666249559,-1.99597386469444,-3.4323845175931,1.43033578438364
2020-06-08,1.6536447845,1.29062560449871,-3.97321746222197,-5.83522262259245,-2.19715510929645,-3.6445398600135,1.14927159071654
2020-06-09,3.0427168927,1.25608526279016,-3.86324250553679,-5.76588114204364,-2.13442009593815,-3.56099049618302,2.19546207244139
2020-06-10,1.7913305599,1.196936221974,-3.67400942532291,-5.41140678266866,-2.02642917314281,-3.45100293161223,2.96991440722327
2020-06-11,-3.3802338098,1.43558663601721,-4.43474725598149,-6.42247902266154,-2.45948543656715,-4.00023832967721,4.94727944752945
2020-06-12,-0.5058718667,1.60452466998524,-4.97163462376894,-6.87909549919677,-2.77328655760258,-4.38806534225565,5.9360995048174
2020-06-15,1.0868283942,1.95313223517253,-6.08030321055133,-8.03603608282941,-3.40541232081343,-5.10724922402125,2.93054374021521
2020-06-16,1.6554721147,2.13407010070423,-6.65831128187513,-8.57537093842308,-3.73429620364716,-5.49105969909219,2.57160755563185
2020-06-17,0.98307249355,1.7222833685858,-5.34600357755538,-7.284977449288,-2.98227389870974,-4.56673124318739,1.54655145379945
2020-06-18,0.49224151644,1.66807527192413,-5.17422055120577,-7.06999723888571,-2.88506928471099,-4.49696393715345,0.818740586745206
2020-06-19,0.79239481838,1.47050426297398,-4.54526894557978,-6.58612082681944,-2.5276491585237,-4.0761616402404,1.73283555123113
2020-06-22,1.4508356977,1.26379985038591,-3.88593634027236,-5.76588114204364,-2.15213051713623,-3.5735727659,0.970167193905463
2020-06-23,1.8641619561,1.39095852964986,-4.2915628779215,-6.19208802620682,-2.38238438409722,-3.90055472219467,1.5307404924363
2020-06-24,-1.0855842657,1.19915686278354,-3.68005820426291,-5.43767612140909,-2.03392861812819,-3.45923302112851,3.28441718050552
2020-06-25,0.73800468108,1.3046097730087,-4.01530393129979,-5.90698899346078,-2.22595192467532,-3.72242391087632,1.76714064853494
2020-06-26,-2.2402689337,1.65667799325626,-5.13869671135919,-7.06999723888571,-2.86491318613179,-4.51063500542087,3.17231700243798
2020-06-29,-0.46381741422,1.39608742677133,-4.30684360354317,-6.19208802620682,-2.39196407709015,-3.91866411396407,2.91071444825023
2020-06-30,2.9264507271,1.66597114018704,-5.16747403476776,-7.06999723888571,-2.88203217561301,-4.51063500542087,1.32918941280409
2020-07-01,4.3453360493,1.64634273122354,-5.10630324672411,-7.00334572979655,-2.8461551314633,-4.51063500542087,2.00749499891258
2020-07-02,0.40295966937,1.35291796798381,-4.17022493981612,-6.14774683492,-2.31204577730922,-3.85620151173161,4.12016309345544
2020-07-06,5.7689513198,1.46919323987433,-4.54104291276942,-6.58612082681944,-2.5232840757499,-4.06333626482039,3.01226447499998
2020-07-07,-1.8619318032,1.85155771369857,-5.7614992367968,-7.711288008805,-3.21799400869511,-4.9662694896092,5.320192443803
2020-07-08,2.6995586843,1.68008590938931,-5.21298661276094,-7.13903038740741,-2.90699923572437,-4.51063500542087,3.20621155488064
2020-07-09,3.2949164424,2.05045951932341,-6.39494947522472,-8.57537093842308,-3.58007858662315,-5.33435940605857,4.57824391488104
2020-07-10,0.54577503524,1.76770509029969,-5.49147722113378,-7.45099163155217,-3.06462819689659,-4.67149666946154,3.27673054986851
2020-07-13,-3.0000000001,1.99894924773269,-6.22916647851021,-8.1537618933375,-3.48558248740819,-5.1280232759924,12.9923981822582
2020-07-14,-0.64432989684,1.8049285108505,-5.60450091113332,-7.45099163155217,-3.12726290686645,-4.734344660633,18.5517364372507
2020-07-15,-2.4361219195,3.01767715487096,-9.45869241858775,-10.796321599725,-5.3364042538344,-7.21032429044231,7.60124525191228
2020-07-16,-0.29811856293,3.56357193502225,-11.1986606578363,-12.65683469,-6.32440864749316,-8.27804184876667,7.23980982335903
2020-07-17,-1.2643754791,2.6165618947869,-8.18366032262784,-10.30510760228,-4.6037191564352,-6.58612082681944,3.94985980774447
2020-07-20,7.9295198804,2.59912964453846,-8.12797286297513,-10.30510760228,-4.57303183889977,-6.58612082681944,4.33401415824457
2020-07-21,-1.8314961025,2.22845750305008,-6.9499213314808,-8.719628423225,-3.9023777286267,-5.76588114204364,10.6111629728153
2020-07-22,-1.2229589999,2.20993665823933,-6.89025697775512,-8.719628423225,-3.86024331931355,-5.73188806747321,3.30007024626353
2020-07-23,-3.6568803612,2.83692150287359,-8.8886621097032,-10.796321599725,-4.99507333076454,-6.87909549919677,5.88098020310918
2020-07-24,0.74868996016,1.97090938284978,-6.12847728985997,-8.03603608282941,-3.4298515341964,-5.08934343559136,8.90494017028306
2020-07-27,1.5387632066,2.29528455103266,-7.16038013685749,-8.719628423225,-4.01684284308575,-5.90698899346078,5.20873144039309
2020-07-28,-1.7962758698,2.67414036721671,-8.36929080953428,-10.796321599725,-4.70659396228473,-6.69944682499118,2.79181317355802
2020-07-29,1.1065449467,2.2739439574731,-7.09448165446217,-8.719628423225,-3.98070398876703,-5.83522262259245,2.06864498558672
2020-07-30,0.60490583564,1.88085453806873,-5.84365758865469,-7.80981753311579,-3.26907630685302,-4.97083071652759,3.31500564972209
2020-07-31,3.6960824147,1.75730148035232,-5.45033461280028,-7.45099163155217,-3.0448749940325,-4.64568846419906,7.03482401815599
2020-08-03,-1.6680991443,1.91688360595255,-5.95841838426491,-8.03603608282941,-3.33253599356576,-4.98990164279535,3.10998851677469
2020-08-04,0.86571183419,2.37691601218635,-7.4355438245538,-9.01788672317,-4.17598051594265,-6.14774683492,2.69128051993818
2020-08-05,2.109066117,1.85025249995594,-5.74903593276264,-7.6181492653,-3.2230341846848,-4.95139006769545,2.04728936439585
2020-08-06,0.62308309134,1.78260110915145,-5.53506074090768,-7.45099163155217,-3.10291259439832,-4.70747199812941,1.87347370948019
2020-08-07,-1.7841860466,1.67688937578323,-5.1978010867586,-7.06999723888571,-2.90956927143313,-4.50188247864828,2.58134470618359
2020-08-10,-0.60932103324,1.62605378866343,-5.03475605162542,-6.87909549919677,-2.81643544937955,-4.45978849292857,2.73129114610543
2020-08-11,-2.1437919292,1.69169710879697,-5.24312263658501,-7.13903038740741,-2.93317926278116,-4.51563709208261,3.71031566735624
2020-08-12,2.6478006408,1.70990713010966,-5.30074956880977,-7.21032429044231,-2.96454822982011,-4.52935455381754,2.09865795934545
2020-08-13,-0.038580246928,1.8723474486093,-5.81955420662197,-7.711288008805,-3.25938659726482,-4.95139006769545,2.36869752105187
2020-08-14,-0.41125965663,1.60101667184977,-4.95470407965347,-6.81917041769375,-2.76619335010338,-4.3796970637336,1.90146953393421
2020-08-17,1.0924327038,1.63094243160086,-5.04988062935038,-6.87909549919677,-2.82082633014895,-4.45978849292857,1.25268534082147
2020-08-18,4.0874683024,1.53197015402694,-4.73541956321854,-6.69944682499118,-2.64095186253556,-4.23282389313942,3.71302269591257
2020-08-19,-1.5701179475,1.37984014807929,-4.25002273109198,-6.19208802620682,-2.36397792810578,-3.86356570929425,3.35922426704754
2020-08-20,1.1314285013,1.80850068503482,-5.61508503175086,-7.45099163155217,-3.14371406404067,-4.73929807963,1.65111741407073
2020-08-21,-0.38363908216,1.76541353611363,-5.47948271837299,-7.45099163155217,-3.06532676751475,-4.67625957234327,1.62849105958617
2020-08-24,0.69229645142,1.44913977990548,-4.47155645969592,-6.52909652836216,-2.49064073123318,-4.04946433773052,4.93203555280785
2020-08-25,1.1800596229,1.43879427621514,-4.43795931556335,-6.42247902266154,-2.46742933966012,-4.01949819926815,2.59838783126225
2020-08-26,2.8495528151,2.01095034068096,-6.2607812080155,-8.1537618933375,-3.50629838750021,-5.19476332099342,2.94493828576873
2020-08-27,-1.2159158592,1.63583088978622,-5.06661952887221,-6.93959981967667,-2.82612931087969,-4.47365028276695,3.40529908445982
2020-08-28,0.052941176364,1.68543915610852,-5.22580178558575,-7.13903038740741,-2.91728429118124,-4.50188247864828,1.58840646327685
2020-08-31,1.4451172909,1.78004502413074,-5.52666080392517,-7.45099163155217,-3.08924646471623,-4.69186891516602,2.73037151558324
2020-09-01,1.395553701,1.46804989739206,-4.53213649512718,-6.58612082681944,-2.52161543098319,-4.05962388334967,2.04070236414627
2020-09-02,0.92394659223,1.64378392817435,-5.09195628048793,-7.00334572979655,-2.84066503672036,-4.50188247864828,2.64631196862233
2020-09-03,-4.6284104264,1.5083150602669,-4.66031452203773,-6.64169731508286,-2.59459660249733,-4.17587239062817,10.09234382819
2020-09-04,-2.1787410926,1.61287396437924,-4.98794464426632,-6.87909549919677,-2.78785146666,-4.394552509436,18.9535437459314
2020-09-08,-4.3944369912,2.66376189198328,-8.31675895027951,-10.30510760228,-4.68683581520484,-6.69944682499118,10.3739803148749
2020-09-09,3.7706677165,3.57499798648985,-11.21061469468,-12.65683469,-6.33879954489511,-8.41744801997143,4.99224667050039
2020-09-10,-2.8605431667,2.87733848382772,-8.99916991663931,-10.796321599725,-5.07692497082269,-6.93959981967667,7.18609817006936
2020-09-11,-1.854738891,2.32248543225302,-7.23408750389893,-8.85631757902727,-4.06960421087141,-5.88923887573846,7.90887392813253
2020-09-14,-0.42519462677,2.61190206562647,-8.15302437427436,-10.30510760228,-4.59482393950143,-6.53320973491622,3.9326168162997
2020-09-15,1.713197356,2.67316934763513,-8.34677844529613,-10.796321599725,-4.70389746695705,-6.69944682499118,2.86723654995577
2020-09-16,-2.4723316213,2.08731912652957,-6.48761444532313,-8.57537093842308,-3.64298380730512,-5.36062831739429,3.69488018039516
2020-09-17,-2.2536629739,1.86568134608333,-5.78371198900807,-7.711288008805,-3.24111807316212,-4.95893159881348,5.15216886606228
2020-09-18,-1.7887946078,1.97635046763792,-6.13349953635199,-8.03603608282941,-3.44011650035771,-5.07541765904217,4.63843382653408
2020-09-21,0.18816139909,2.15957239005302,-6.7156478045071,-8.57537093842308,-3.76709988757366,-5.48768896567231,5.76933569064635
2020-09-22,5.692339392,2.06339700219629,-6.41135798705934,-8.57537093842308,-3.58647249799464,-5.28883405757397,4.00885844395838
2020-09-23,-4.1268907858,2.22934888788743,-6.93854527306126,-8.719628423225,-3.886441662261,-5.72186509175439,4.27913041867698
2020-09-24,0.66436433699,2.00948031737899,-6.23920996329533,-8.1537618933375,-3.49525203684464,-5.14309757110375,8.02656804949681
2020-09-25,2.4948754715,2.05632928618768,-6.38706279866381,-8.57537093842308,-3.57753945420125,-5.27313212146892,2.94732015821461
2020-09-28,2.5498121242,2.53816753001833,-7.91740489595893,-9.9079364644,-4.45080644573528,-6.4273085412641,2.65439970063869
2020-09-29,-0.91901513842,1.88117177172538,-5.83288316868382,-7.711288008805,-3.26377041181401,-4.9686713422573,1.75588969147826
2020-09-30,0.12242120519,1.80375724640855,-5.58692059093144,-7.45099163155217,-3.12452423534457,-4.72627159110777,3.0028593045412
2020-10-01,2.3034683825,1.63066643409974,-5.03708328794529,-6.87909549919677,-2.81110554972396,-4.46557952403471,2.3460183649195
2020-10-02,-2.9882716701,1.82028164882629,-5.63922159170707,-7.45099163155217,-3.15481610022535,-4.74195377535294,3.18127981614767
2020-10-05,2.3743999998,1.65217308621504,-5.10638753904173,-7.00334572979655,-2.85393620839321,-4.4943439575042,1.26007722366543
2020-10-06,-3.1020255062,1.79079752401941,-5.54693365498337,-7.45099163155217,-3.10591290034443,-4.72627159110777,2.90079277695788
2020-10-07,3.0881043625,1.44061341456217,-4.43437644085068,-6.377627307755,-2.4732632597255,-4.01721618764658,1.46364254477183
2020-10-08,-0.16084163353,1.73250574225924,-5.36189070833275,-7.284977449288,-3.00262322708293,-4.62091657722909,1.63479044006027
2020-10-09,3.0120198709,1.43577088703516,-4.41953766485966,-6.33009508258781,-2.46441812948827,-3.99822243234847,1.21031295282205
2020-10-12,4.7549936866,1.44578576680391,-4.45203259968007,-6.4273085412641,-2.48282515560024,-4.03655336982201,2.42795878897989
2020-10-13,0.020331519954,1.32732303379101,-4.07564716430501,-5.85598702498491,-2.26785574370531,-3.77452050479683,3.40538736101383
2020-10-14,-2.320806823,1.57069426256997,-4.84799170677483,-6.81917041769375,-2.7091851511106,-4.31675730505113,3.29210562448304
2020-10-15,-0.7450107174,1.73594314470674,-5.37192117339465,-7.36477868054583,-3.00848043308672,-4.63572917279174,2.68727354955089
2020-10-16,-1.9750497955,1.73685982457421,-5.37472447628101,-7.36477868054583,-3.01006887727706,-4.63572917279174,15.1478799618374
2020-10-19,-2.0013994518,1.65041553138233,-5.09294486268185,-7.00334572979655,-2.84939017839076,-4.48274130374333,3.99571977044108
2020-10-20,0.3055615316,3.19363046488874,-9.99093384366764,-11.8270402075,-5.63739377362582,-7.45099163155217,4.4136982009212
2020-10-21,-0.99688841501,2.02329003083521,-6.28041567243431,-8.1537618933375,-3.52229879042432,-5.16394621011266,2.68903020993214
2020-10-22,-0.26813691957,2.0882201520478,-6.48683611643538,-8.57537093842308,-3.64045621613486,-5.36112352893714,2.54792204350894
2020-10-23,0.8815010704,1.83528654654887,-5.68423513349474,-7.5313113036,-3.18272455739459,-4.81382517104639,1.82007834501757
2020-10-26,0.08238671835,1.80957837030638,-5.60368713595489,-7.45099163155217,-3.13709259612296,-4.74838672384356,3.96739303729778
2020-10-27,2.4723732788,1.53255849127548,-4.72300260971563,-6.69944682499118,-2.63401179336106,-4.23570074990504,2.37580121416471
2020-10-28,-3.7595128911,1.8755020611994,-5.81093812561689,-7.711288008805,-3.25467243899222,-4.9593210910382,3.96034574968522
2020-10-29,1.5249242755,1.59890128327337,-4.93195950439936,-6.81917041769375,-2.757210284204,-4.36310084345736,3.03290504411698
2020-10-30,-5.4456385998,1.86759946483808,-5.78408888385156,-7.711288008805,-3.24391282377466,-4.94598988881667,4.89829981457229
2020-11-02,-1.0430973436,1.73217710412184,-5.44219416615506,-7.36743525522917,-3.00645399082471,-4.64006732134,4.60526736323716
2020-11-03,1.4621498562,2.03960407693801,-6.43081559799841,-8.57537093842308,-3.56314157012356,-5.24861856470921,3.51760943335275
2020-11-04,6.3229683672,2.008104410461,-6.32956620469275,-8.41744801997143,-3.50612029212323,-5.1633084514,3.42669711834871
2020-11-05,2.4941687545,1.86454336113152,-5.86839985406295,-7.91782820197222,-3.24705104588138,-4.95148053399231,3.37752050564114
2020-11-06,-0.31998795912,1.84806914912465,-5.8161584457832,-7.711288008805,-3.21776572843762,-4.95148053399231,2.87109113679651
2020-11-09,-5.0622551996,1.8448149698408,-5.80585132917974,-7.711288008805,-3.21192940081274,-4.93261925197065,13.351166210609
2020-11-10,-3.458301259,1.74854180361329,-5.48830696823628,-7.45099163155217,-3.04173297659959,-4.64387081573874,6.43762622055312
2020-11-11,3.3729596511,3.03577397816002,-9.62282484915927,-10.796321599725,-5.37300078581519,-7.288013077316,2.78242547004999
2020-11-12,-0.86409403993,2.35562654304814,-7.43959539065007,-9.01788672317,-4.1410159146177,-6.04447650588571,3.13088857516525
2020-11-13,0.59576629756,1.87497060527581,-5.89400268408253,-7.91782820197222,-3.26909909294196,-4.95483947209348,2.23689986487434
2020-11-16,0.071912324529,1.92192408268272,-6.04659629847923,-8.03603608282941,-3.35615814964622,-4.99074639798778,2.71580731733415
2020-11-17,0.14691510223,1.78089256158268,-5.59258796705595,-7.45099163155217,-3.10064218771686,-4.69117711490833,1.75425955015732
2020-11-18,-0.96311462339,1.73838264911261,-5.45654744189251,-7.45099163155217,-3.02338013098302,-4.63328537326786,1.55707026333886
2020-11-19,0.3722475898,1.49982561192561,-4.68939785911738,-6.61914127358611,-2.58998057779306,-4.16500267377467,1.19114173850032
2020-11-20,-0.56528350788,1.44280651935955,-4.50624911213027,-6.46760651259744,-2.48640557698312,-4.06380466772938,0.832137222063565
2020-11-23,-0.032586952329,1.33766449270152,-4.168820316744,-6.04447650588571,-2.28800477727567,-3.81638982357287,1.99313466878737
2020-11-24,0.63484583934,1.23646175128645,-3.84350487198231,-5.61694488981774,-2.09914946629935,-3.55113693234578,1.66422844296041
2020-11-25,2.1490927051,1.46189397103157,-4.56865800351081,-6.46760651259744,-2.50609053907154,-4.07367102502327,1.695951462623
2020-11-27,0.32244189297,1.39686662613137,-4.36064585492571,-6.1199141911,-2.38954769774194,-3.90848914975593,0.62858585054961
2020-11-30,-0.85436917516,1.40094746954595,-4.374378242677,-6.1199141911,-2.3970644889519,-3.91711330283409,2.14165827528421
2020-12-01,1.6426560271,1.16015784771125,-3.59906367891165,-5.29052988504667,-1.96187961155494,-3.39944961666,2.15845957775089
2020-12-02,-0.51396238587,1.49042127872047,-4.66285050750347,-6.56668377911622,-2.55944815310447,-4.13385432030458,1.49012373118875
2020-12-03,-0.52442149763,1.49396611470723,-4.60108761989402,-6.46760651259744,-2.56126259958109,-4.13385432030458,1.28741143886829
2020-12-04,-0.7578301268,1.3570719938265,-4.16642696758953,-6.04447650588571,-2.31444237410723,-3.84942882679946,0.799046098187554
2020-12-07,-0.14481847102,1.30336275346837,-3.99595546815119,-5.76898605302456,-2.21770126964506,-3.70049328641675,0.806977778376127
2020-12-08,0.61082963894,1.19332384156143,-3.64735275219808,-5.33624731117945,-2.01932118387414,-3.45835050736292,1.0208245282877
2020-12-09,-2.3003880665,1.1681221496981,-3.56741590868971,-5.24619826126623,-1.97384429728084,-3.41683565095344,1.85714127312877
2020-12-10,-0.087301076019,1.19475869222952,-3.65165765211965,-5.33624731117945,-2.02503246014768,-3.45951069035333,1.75765994847408
2020-12-11,0.48138152961,1.37758199310253,-4.23036964606451,-6.08297113271042,-2.35493251398861,-3.87471825339613,1.47093096393247
2020-12-14,1.3011724992,1.34499432329042,-4.12736807698822,-5.96953942475882,-2.29622767922388,-3.82460230752567,2.14952100122068
2020-12-15,0.25815893096,1.286573691583,-3.94214194260341,-5.73763923698103,-2.19061890875335,-3.63051772543756,1.41109181430116
2020-12-16,2.3961176828,1.44144177187254,-4.43348383300542,-6.32411871689524,-2.47082970246406,-4.02515114471098,1.52566262020927
2020-12-17,-0.15057267001,1.29581498732799,-3.97178617782553,-5.76898605302456,-2.20759792058033,-3.6936300255348,1.11538586894483
2020-12-18,-1.0639415589,1.31375076303435,-4.02870723921077,-5.83312444893636,-2.24009980663246,-3.7380754161298,1.03312668566915
2020-12-21,0.14148954451,1.21143483059946,-3.70479952680268,-5.38326116801549,-2.0553849986037,-3.4835018545661,2.23435608804829
2020-12-22,0.010604519957,1.18432654324697,-3.61829547937996,-5.31326070712162,-2.00598933356066,-3.44759962137934,1.04491939477757
2020-12-23,-0.66271222386,1.43864540457348,-4.42417275206609,-6.28004167873256,-2.46549247233948,-4.01570246286667,0.697358681843086
2020-12-24,-0.3949429718,1.18321430280763,-3.61532901456926,-5.31326070712162,-2.00435355349509,-3.45240212570705,0.52239508660735
2020-12-28,3.5071185648,1.08393675161193,-3.30140770864686,-4.95483947209348,-1.82217091794,-3.26392916715255,1.91453494850421
2020-12-29,1.1583575928,1.02429455262877,-3.11159530802472,-4.72112694203585,-1.71397692219176,-3.11925595949274,3.15093757086358
2020-12-30,-1.0881998796,1.36040438081684,-4.17746977546337,-6.04447650588571,-2.32137709815468,-3.88075933653944,1.16061601746607
2020-12-31,-0.88013755958,1.60415049276304,-4.95049526706222,-6.72709844604706,-2.7617294298481,-4.3697439686697,0.742261494551851
2021-01-04,-2.1584743917,1.21851856480212,-3.72801287065901,-5.40693310037857,-2.06519944983096,-3.50273818860474,2.62189474080713
2021-01-05,1.0004299213,1.11834037383019,-3.41023193668272,-5.0462073385977,-1.88727070553142,-3.32743565052443,1.49619389888723
2021-01-06,-2.4896613651,1.53867067448031,-4.74453963880058,-6.60208680399143,-2.6487567096719,-4.22022580617535,2.40071196285153
2021-01-07,0.7577157643,1.31652120114213,-4.03829377372686,-5.80751475892778,-2.2511152636362,-3.74878341286995,1.39981591534189
2021-01-08,0.64955599955,1.48536831363695,-4.57405696661958,-6.44791069162895,-2.55739776060648,-4.12341833276225,1.69296306150805
2021-01-11,-2.1519464605,1.29121591075155,-3.95881450101318,-5.74314566630357,-2.20575720851029,-3.67376506392217,1.430125246769
2021-01-12,0.2125739753,1.36739395599596,-4.20034019570135,-6.05886312044043,-2.34386045246934,-3.86298921012458,1.72567589243403
2021-01-13,1.4438466691,1.29583642176013,-3.97469020493356,-5.74314566630357,-2.21519293423658,-3.68836514367313,1.6242930244278
2021-01-14,-1.2135607997,1.36010794590133,-4.17899520722797,-6.02006877247917,-2.33192802175464,-3.85450163462667,1.17602981979474
2021-01-15,-0.74245316509,1.32787294337091,-4.07662287835356,-5.84088551766792,-2.27340898005932,-3.79639505479198,1.4477775648411
2021-01-19,0.53185149391,1.22742721956708,-3.75808548010166,-5.42963890384776,-2.09123367241041,-3.51394918651322,1.36504155223458
2021-01-20,4.570040631,1.28174618225914,-3.93081445580443,-5.71170224623684,-2.19018877379087,-3.62457687708286,1.58373283790263
2021-01-21,1.3363445261,1.26239452803901,-3.87042385897694,-5.68056588151724,-2.15600374498407,-3.57762588064055,1.96960097540927
2021-01-22,-0.44632732479,1.30738398734089,-4.01253347017507,-5.80751475892778,-2.2373829107746,-3.72570243749235,0.991040145820855
2021-01-25,0.053762951029,1.39234499507093,-4.28258747186907,-6.05886312044043,-2.39180552212719,-3.90553451750805,3.40520142239581
2021-01-26,0.97540983606,1.18061313076951,-3.60941946409899,-5.28719513174795,-2.00645889169536,-3.42942073815436,1.64366206958826
2021-01-27,-2.8125779811,1.67448740796793,-5.17601505469136,-7.00676834211429,-2.90171314403953,-4.47508964913058,4.41004845046719
2021-01-28,0.1559126149,1.36012325935631,-4.17726859798547,-6.02006877247917,-2.33407003465133,-3.84874515035304,2.26959628230451
2021-01-29,-0.97046595965,1.87018911714539,-5.79589234557461,-7.73735328772105,-3.25897859460389,-4.92999102992527,3.01812472116992
2021-02-01,4.2629904559,1.53011709643976,-4.71646744715405,-6.60208680399143,-2.64156737036988,-4.21707456928662,2.24530564999746
2021-02-02,1.1104197578,1.68428987747051,-5.20625003979259,-7.07345967964444,-2.92100177388746,-4.49836715959496,3.18150644020114
2021-02-03,-1.996153846,1.5371784153094,-4.73906094370141,-6.60208680399143,-2.65338308480782,-4.21707456928662,4.30154768415752
2021-02-04,0.55757985592,1.71693618908113,-5.30818414521013,-7.14223163238077,-2.97939178493377,-4.53801669220603,1.91332973061106
2021-02-05,0.63494446094,1.89058419804101,-5.86055446258648,-7.84280474554444,-3.29480549907098,-4.92999102992527,1.43910062246524
2021-02-08,-0.87138105382,1.49813921815791,-4.61542828951167,-6.44791069162895,-2.58233684945212,-4.14122007811879,1.19185072768043
2021-02-09,-0.5398833564,1.38612301333123,-4.26010852519635,-6.05886312044043,-2.37937312084682,-3.87724279563051,0.813177205830663
2021-02-10,-0.55733736772,1.31836875502004,-4.04561398826966,-5.84088551766792,-2.25659493992204,-3.75423989620729,1.76301559683494
2021-02-11,-0.7439344241,1.19772583194136,-3.66282391767594,-5.3334243048662,-2.03732303954846,-3.4615026705034,0.864956529331388
2021-02-12,0.47760205744,1.36276629533668,-4.18726376550373,-6.02006877247917,-2.33745823479996,-3.86048934622402,0.755896319697485
2021-02-16,-0.26725976359,1.14885898651604,-3.5081968282299,-5.1363860450275,-1.94883179443071,-3.37877795880522,1.59849235686218
2021-02-17,1.2141513329,1.10854543200936,-3.38004965326451,-4.98393890552273,-1.87545005699876,-3.30580137835191,1.56875623399082
2021-02-18,0.5920861744,1.30687751092401,-4.00962957596182,-5.80751475892778,-2.23583328537077,-3.71586968697716,1.41252776320499
2021-02-19,-2.3535032135,1.31252686520361,-4.02781639442261,-5.80751475892778,-2.24623553988729,-3.74646488624715,0.935714514960769
2021-02-22,-2.128065479,1.27400077837799,-3.90535153771845,-5.68056588151724,-2.18235982633804,-3.62285945311095,1.96638546220352
2021-02-23,0.43260373368,1.16715990198121,-3.5657898222775,-5.22027918958026,-1.98945143946241,-3.40400493530408,4.44220399291017
2021-02-24,-1.0946940052,1.40672208210682,-4.32505949669564,-6.05886312044043,-2.42580456109762,-3.92020861842849,2.32663818711077
2021-02-25,-3.2400388666,1.8607028476347,-5.76561095562191,-7.73735328772105,-3.25343945921052,-4.92999102992527,4.74100033960523
2021-02-26,1.1700401679,1.52847116035045,-4.70938780648418,-6.60208680399143,-2.64899474897813,-4.21024215178532,5.40701826881696
2021-03-01,1.7203751782,1.9496839584879,-6.04346617753308,-8.08728535616875,-3.41680837048429,-5.02097663661163,1.56981626555733
2021-03-02,-1.6404228673,2.08733050004127,-6.48168738408728,-8.688647874175,-3.66778743402857,-5.3334243048662,1.9465327987108
2021-03-03,-2.8931695606,1.48981745792325,-4.58710489712902,-6.44791069162895,-2.57898614211777,-4.13521220337533,4.01423072863107
2021-03-04,-0.91281197992,1.52562616576034,-4.70263782186379,-6.60208680399143,-2.64999905317401,-4.20109581434653,8.46150140927509
2021-03-05,0.76874767001,1.88079642881354,-5.82425061159249,-7.73735328772105,-3.29545564210134,-4.92999102992527,8.5207941305822
2021-03-08,-1.6167520982,2.48266667701489,-7.72717249714855,-9.60961418402857,-4.39104389138594,-6.1341325369,6.83416592027493
2021-03-09,3.7568387001,2.51856446141022,-7.83957468145054,-9.9079364644,-4.4552727558726,-6.3489219799825,3.02293163043102
2021-03-10,-0.17010300871,2.37195772875607,-7.37854595067371,-9.01788672317,-4.1912415282558,-6.02006877247917,4.71372814177763
2021-03-11,1.8298426237,1.89100435437869,-5.85533203152664,-7.84280474554444,-3.31374080156172,-4.92999102992527,2.12271840854792
2021-03-12,-0.77402612433,2.13162177557581,-6.61877046317957,-8.688647874175,-3.75444281361693,-5.42963890384776,1.9459666511806
2021-03-15,-0.25279253196,1.69488767484808,-5.23529014101947,-7.07345967964444,-2.95809016755463,-4.50078894457227,1.36014811986042
2021-03-16,0.3303392954,1.58894161257239,-4.9003538025211,-6.71228180170303,-2.76555235976614,-4.3253826236391,2.02940177647493
2021-03-17,1.4188870131,1.41015609927218,-4.33350271704053,-6.05886312044043,-2.43897606668496,-3.95404211047278,3.07547906834348
2021-03-18,-3.4358825536,1.52477540605167,-4.69614636611517,-6.60208680399143,-2.6478270123575,-4.20109581434653,2.11807198101045
2021-03-19,1.5511940264,1.68769994930016,-5.21242863667982,-7.07345967964444,-2.95839574840181,-4.4919147246475,2.48205216927969
2021-03-22,1.1678200692,1.52407861362029,-4.69426086498821,-6.60208680399143,-2.65832188794987,-4.20652983559653,1.42450152322904
2021-03-23,0.85603062817,1.59601144878288,-4.89725088269915,-6.71228180170303,-2.77857609118936,-4.33037813371429,2.01092610186117
2021-03-24,-1.6073306772,1.40229692024703,-4.28687663497689,-6.05886312044043,-2.42543116185674,-3.90768556200286,1.70671736722715
2021-03-25,-1.3219654884,1.51460798018304,-4.64045631423929,-6.49708637447297,-2.63003731568443,-4.19581848151379,3.55624320229424
2021-03-26,0.18941259113,1.43992707278977,-4.40474446545938,-6.21486873356977,-2.49318069296012,-4.04369853476125,1.83625527708954
2021-03-29,0.77653234075,1.77310630094038,-5.45500418322339,-7.46167090074091,-3.10074043616924,-4.6559902639037,2.08644793062526
2021-03-30,-0.66455768238,1.47239337847378,-4.50775920311094,-6.44791069162895,-2.552838486416,-4.09234030573161,1.46303739911193
2021-03-31,1.2696012491,1.52299666656833,-4.66713269975905,-6.54864589216389,-2.64493412723288,-4.19581848151379,1.07706104537758
2021-04-01,2.1628400042,1.39157034428213,-4.25287325301422,-6.05886312044043,-2.40545308899526,-3.89087356716949,0.932291706845117
2021-04-05,2.0794052516,1.30247573830996,-3.97178544127902,-5.74314566630357,-2.24323530742476,-3.73081181190457,1.15473443375982
2021-04-06,-0.090184180317,1.22905964367547,-3.74090992056225,-5.40495135218529,-2.10910729100292,-3.52583974370969,1.18028945107867
2021-04-07,1.723731474,1.26236352924448,-3.84584298949402,-5.59073008949672,-2.16997322943372,-3.60960025754673,1.09400732840805
2021-04-08,0.60712510549,1.24069510519896,-3.77748868585669,-5.48079053919231,-2.13058384343964,-3.53834835937689,1.051318797303
2021-04-09,2.2095596036,1.20126963352498,-3.65387194698693,-5.31013897231528,-2.05914134660198,-3.47674250129702,1.03693688587757
2021-04-12,0.2132139256,1.17991290035782,-3.58620980188677,-5.24227879989333,-2.02024548348582,-3.4410414642971,1.41352395579113
2021-04-13,0.60987337947,1.17441314548236,-3.5690509962347,-5.22027918958026,-2.01030773980572,-3.43514707204876,1.01455809535926
2021-04-14,-1.9705882354,1.25776703311668,-3.83159184754791,-5.59073008949672,-2.16250962542625,-3.59623038478287,1.1302100509632
2021-04-15,1.3828382838,1.16194837062608,-3.53006062286402,-5.15679914534051,-1.98796327449737,-3.40601447931255,1.32303789046902
2021-04-16,0.60223314558,1.18800994028561,-3.61245204879729,-5.28719513174795,-2.03575355947429,-3.45288311088494,0.930093734956906
2021-04-19,-0.80689760653,1.2360847166688,-3.76418076867363,-5.45494384343485,-2.12363790924334,-3.53210816964071,2.22010989898516
2021-04-20,-1.1067582836,1.14132591215026,-3.46539550509588,-5.03936105281882,-1.95038411467514,-3.36642612563425,1.60286223185039
2021-04-21,0.81956643626,1.42885880294593,-4.37166873967311,-6.09608520157174,-2.47467399812346,-4.00564107439939,1.28836115407056
2021-04-22,-1.5758383352,1.3119181976922,-4.00331709301304,-5.77479864357636,-2.26212853622337,-3.74600990013333,1.64790855647607
2021-04-23,0.96221260537,1.24413071535551,-3.78969934629508,-5.51603157270317,-2.1388078570488,-3.53827662766188,0.809092627143912
2021-04-26,2.0389837407,1.32649763765458,-4.04942828858693,-5.85779691433269,-2.28945047704982,-3.7786040700127,1.64406418504405
2021-04-27,0.24728659428,1.13466943338445,-3.44403194947816,-5.02167644538235,-1.93856232059332,-3.3545599692378,1.84620143338043
2021-04-28,1.2017802852,1.31360286137626,-4.00815780679106,-5.82347743567925,-2.26512311160782,-3.74739575656891,1.93343535496349
2021-04-29,0.37039178824,1.35607161245014,-4.14184691318251,-6.04259166357234,-2.34257772748614,-3.83510271580934,1.78390032072862
2021-04-30,-0.11206144063,1.38279999570456,-4.22625966685048,-6.0827189949913,-2.39186155455862,-3.88479050282898,2.99357647136545
2021-05-03,-2.3340120321,1.35448378594583,-4.13611694134697,-6.04259166357234,-2.33939386418757,-3.83510271580934,2.21931640995182
2021-05-04,-2.2034614009,1.61040795755317,-4.94349162822954,-6.76699395515937,-2.80703559892326,-4.38585020707323,2.57819753460572
2021-05-05,-1.2479354565,1.48133618626415,-4.53636504219052,-6.4880841456973,-2.57057194223761,-4.10674907871842,2.15984216364144
2021-05-06,1.0955377402,1.5581013791733,-4.77873781341972,-6.70780089660606,-2.71112974726473,-4.27906945745662,2.87157799608202
2021-05-07,-0.44641101886,1.48685937396521,-4.55377218420468,-6.4880841456973,-2.58060202435353,-4.11688337569139,1.71870145061677
2021-05-10,-3.072052886,1.62881490032615,-5.00133482008942,-6.76699395515937,-2.84004265980486,-4.43653605838943,2.0868048026863
2021-05-11,1.0474880033,1.40372692306183,-4.29202149104482,-6.0827189949913,-2.43905932515371,-3.93987976010824,4.09079872656341
2021-05-12,-2.2323824176,1.4744938005393,-4.51400669829233,-6.4880841456973,-2.56804193879504,-4.0987970931719,2.88831545243742
2021-05-13,0.30235347112,1.83083554709102,-5.63717297576186,-7.46167090074091,-3.22081881705026,-4.89503926361196,2.30208943103427
2021-05-14,1.9430834391,1.65030014022668,-5.06843337357612,-6.88058618269,-2.89022378804795,-4.43825564960325,1.07856095441113
2021-05-17,1.4735176395,1.54370059203029,-4.73299268868047,-6.65033956613529,-2.68443186006854,-4.22520829924823,2.44289667279691
2021-05-18,-1.1653044437,1.29745831346317,-3.95670528530231,-5.75735753494364,-2.2348148166601,-3.696881912432,1.40295014429311
2021-05-19,-0.014850198658,1.56657093094273,-4.80536589556584,-6.70780089660606,-2.72651606942748,-4.29302493470222,2.64223498734648
2021-05-20,0.49136704001,1.33366049670973,-4.07084139077008,-5.85779691433269,-2.30094791669037,-3.78839686405426,0.76231392747783
2021-05-21,-1.3732880087,1.56626020466713,-4.80510275811951,-6.70780089660606,-2.72635449536362,-4.29302493470222,0.835944140284966
2021-05-24,1.3084281378,1.16315184639057,-3.53408359663262,-5.15930307167692,-1.9905129310971,-3.4030287354313,0.685926209327029
2021-05-25,0.43328330758,1.17529743290351,-3.57238274790741,-5.24607320406622,-2.01305326873215,-3.42625951153182,1.30687809328706
2021-05-26,0.18747794602,1.10735459724607,-3.35796135074552,-4.9486013232809,-1.88874948262679,-3.30311795004924,0.853372071419272
2021-05-27,-1.0734542871,1.25152309468816,-3.8131634562769,-5.57204721573115,-2.15271303387491,-3.5536627391914,0.676886756744864
2021-05-28,-0.21794923387,1.11497468021013,-3.38286900844879,-4.98483654642184,-1.90331169801889,-3.32480907512654,0.431919609599721
2021-06-01,-0.1371363328,1.0663340370464,-3.22933411460133,-4.89503926361196,-1.81442784852856,-3.21986240457536,0.721077941492973
2021-06-02,0.47659733118,0.989404013871547,-2.98723990651489,-4.52782871625345,-1.67442306561505,-3.0569152601546,0.571433104072308
2021-06-03,-1.4526946589,1.06462612177877,-3.22502059045411,-4.89503926361196,-1.81218637429928,-3.21485901197651,0.754497670231477
2021-06-04,0.6027593261,1.00576117072785,-3.03999560291132,-4.58248519546786,-1.70543828891532,-3.09252951375765,0.460014066553803
2021-06-07,-0.25606477402,1.04957309466136,-3.17830106351437,-4.759050767414,-1.78568806368075,-3.17095757602207,0.553416352368736
2021-06-08,2.0669103598,0.959175938170835,-2.89423155654262,-4.45092028967705,-1.62137401313057,-3.00121827076585,1.1199649264743
2021-06-09,0.52204123022,0.984426891121208,-2.97355796876108,-4.48885335032101,-1.66401291377499,-3.03523649412281,0.982326987571319
2021-06-10,2.0876826722,1.13498402826893,-3.45015244973944,-5.02167644538235,-1.93959686148689,-3.35242719777412,0.84229136809365
2021-06-11,-0.084187900211,1.10647236022557,-3.36105024569854,-4.9486013232809,-1.8872985484717,-3.2977754129634,0.600716714007684
2021-06-14,1.1067188952,1.06938958386301,-3.25004639638557,-4.91322608116154,-1.8210347680959,-3.22994263514137,0.705990834504191
2021-06-15,-0.021868452404,1.00137235064367,-3.03950887011954,-4.58248519546786,-1.70024041547684,-3.08353515183592,0.867876536305022
2021-06-16,0.94941666448,1.02953802870074,-3.13356640829143,-4.69760667555865,-1.75213349279074,-3.12879418850702,1.96768297423828
2021-06-17,2.1664592636,1.06315934051185,-3.23942668462095,-4.89503926361196,-1.81299489892692,-3.21696540588,1.12443865700856
2021-06-18,-0.067063314691,1.32628731812131,-4.07416403471122,-5.85779691433269,-2.29282610033188,-3.78666983930691,1.31970805581663
2021-06-21,-0.9446786542,1.14529430325386,-3.49945801264683,-5.13859988241899,-1.95804060707743,-3.36642920242381,1.56558813894802
2021-06-22,1.4904631205,1.20199179508575,-3.67900994942765,-5.36281162795072,-2.05954407296238,-3.47119072410556,1.15140587971361
2021-06-23,-0.046213884707,1.26729069801394,-3.88616224532437,-5.6931811971386,-2.1775106734052,-3.60376954485728,0.803748228532411
2021-06-24,-1.5622948669,1.18370895956859,-3.62136449277416,-5.29171877397917,-2.02488481486353,-3.44139410201967,1.11715388860767
2021-06-25,-1.3806580304,1.0808802322627,-3.23286432249686,-4.89503926361196,-1.83800538659416,-3.25791200312316,1.22842999352741
2021-06-28,1.2474055258,1.15620980169742,-3.46938357398648,-5.05925418650843,-1.97555854612881,-3.3946984720664,0.893324778437546
2021-06-29,0.12340696121,1.17983611188236,-3.54445422040636,-5.20185012841053,-2.01836149921933,-3.43547972721458,0.692876756457137
2021-06-30,-0.23142911841,1.08940578906762,-3.26354626643256,-4.91322608116154,-1.853617881084,-3.27361934315279,0.764938607984524
2021-07-01,-0.20900190693,1.03031148960398,-3.07940148868435,-4.63875750058704,-1.74591468706115,-3.12128537411467,0.702558810663798
2021-07-02,2.2723763972,1.04812796710811,-3.13492858162545,-4.69760667555865,-1.77862812057447,-3.16328753903402,0.611590480437127
2021-07-06,4.6927068795,1.02330873258787,-3.05800883052049,-4.59628427894504,-1.73367889362571,-3.1076218557901,3.2086814257051
2021-07-07,0.5669606664,0.985678204498294,-2.93846707469288,-4.46357168104876,-1.66403259855907,-3.04083831460283,2.79102176306445
2021-07-08,0.94222227035,1.56362782053185,-4.73814417239037,-6.65033956613529,-2.71658505669726,-4.29302493470222,2.85787928116054
2021-07-09,-0.32347021624,1.52613097738317,-4.6205251246724,-6.4880841456973,-2.64767412644482,-4.19272119086875,1.97776088847944
2021-07-12,-0.021240327624,1.57071273046711,-4.75913036406761,-6.70780089660606,-2.72877001988676,-4.29262476713731,1.53424319592258
2021-07-13,-1.1076898254,1.437291994473,-4.34300167008791,-6.12129836402667,-2.48511592230163,-4.03713849674114,2.04126158268085
2021-07-14,0.11747558037,1.37048214796338,-4.13496589423287,-6.03810034414468,-2.36349736178748,-3.84800154476067,1.89052746041884
2021-07-15,-1.3711131875,1.44766044147648,-4.3745528146565,-6.12129836402667,-2.50350055111138,-4.04704715752756,1.99256325778612
2021-07-16,-1.5854263053,1.40804494547417,-4.25050309434322,-6.15950834500682,-2.43068827507272,-3.90442650095353,1.49228606110711
2021-07-19,-0.67270534446,1.41547064472434,-4.27537460528335,-6.15950834500682,-2.44586162652698,-3.9581292988689,3.27873653285912
2021-07-20,0.66486551987,1.31291747408621,-3.95550405773455,-5.85264897975686,-2.25853616591282,-3.72299725816,1.65749390759535
2021-07-21,0.33611422841,1.65576088921616,-5.02422619585959,-6.81289713696129,-2.88381288334969,-4.43475528106639,1.33296629882025
2021-07-22,1.4735579605,1.37039270662499,-4.13496393399955,-6.08903692565778,-2.36347779453518,-3.83613761617727,1.02723432904959
2021-07-23,0.51154058656,1.29737589381283,-3.90703663993776,-5.81607632096346,-2.22987823172313,-3.67762311087092,0.869652142067907
2021-07-26,1.1808654939,1.21555435147399,-3.65154778146982,-5.36117830837761,-2.08027456894765,-3.47465971937788,1.17678475196701
2021-07-27,-1.984691147,1.16862408179305,-3.50564255819397,-5.17039765675733,-1.99524036156334,-3.39064056270208,2.08445283554216
2021-07-28,0.10837223799,1.19801988504664,-3.59642491625899,-5.26370390617101,-2.04806318156222,-3.4234109778961,1.96231024947363
2021-07-29,-0.83739174506,1.39016122267406,-4.19720930117105,-6.1626212081,-2.39975482776238,-3.86868152701893,0.882924876665555
2021-07-30,-7.5648903309,1.37696208300904,-4.16405939417918,-6.11690291066279,-2.37801191283973,-3.83434963955087,2.71578746211698
2021-08-02,0.11690142127,1.15317945081917,-3.52883075251085,-5.20238759927838,-1.97069751461725,-3.36480081040163,1.25224623063625
2021-08-03,1.0433801193,1.54067326468047,-4.75975112169688,-6.7729388587125,-2.67775226957737,-4.21004639646812,1.7292745027236
2021-08-04,-0.34222158847,1.27217696337977,-3.90757464398147,-5.82993419038846,-2.1884070618447,-3.60086239624879,1.17912663773788
2021-08-05,0.6340320504,1.36170690405685,-4.19472284879581,-6.14981171566818,-2.35401257254814,-3.84733789121714,0.97376154403149
2021-08-06,-0.91973021235,1.23921570072594,-3.80658392709285,-5.62508647363621,-2.13107772032121,-3.51546383858773,0.525304982782592
2021-08-09,-0.091780420553,1.19287970628298,-3.66047785804087,-5.39791932591212,-2.04733106664859,-3.44126218200388,0.735504203823321
2021-08-10,-0.63407613115,1.04157877128072,-3.18162775277118,-4.77558457809583,-1.77281405474472,-3.13901772383854,0.710697407700203
2021-08-11,-0.86036594912,1.08149539056238,-3.31074752107978,-4.93855880622414,-1.84898559900702,-3.24917065055865,0.816135786160863
2021-08-12,0.34597871891,1.05152131528121,-3.21485332186274,-4.9001224449,-1.79382711359769,-3.16789792831489,0.868997815637399
2021-08-13,-0.28848191314,1.06846520560615,-3.26914022729921,-4.93855880622414,-1.82520655957311,-3.22306057226863,0.504183812752346
2021-08-16,0.15239968779,1.07517043032949,-3.29213282098766,-4.93855880622414,-1.83661483157056,-3.24391083266629,1.37490307772047
2021-08-17,-1.7287109084,0.978525035360518,-2.9848489582117,-4.53374262358214,-1.65815463618624,-3.01677105461968,1.90690986446351
2021-08-18,-1.2566472134,1.19683645893307,-3.67898025976626,-5.42438530899077,-2.05664671022129,-3.45663569663974,1.21756480624941
2021-08-19,-0.42077707867,1.32708332861432,-4.09386272937966,-5.98143560782292,-2.29487306110977,-3.78651891178407,1.72104857967277
2021-08-20,0.3827150811,1.18915135884798,-3.65554927609622,-5.37193366972239,-2.04287291626082,-3.43842981591552,0.855825040243341
2021-08-23,2.0600321881,1.30787660786647,-4.03378236332338,-5.94276218054694,-2.25940312659076,-3.738252966275,0.983773039218947
2021-08-24,1.22203272,1.13035416848702,-3.4694116207029,-5.09454607893671,-1.93557174756111,-3.34481517048105,0.992326832870942
2021-08-25,-0.19965030951,1.15166040454392,-3.53766351759939,-5.20238759927838,-1.97516502050421,-3.37904018967934,0.762345350245622
2021-08-26,0.50982365319,1.13586691695454,-3.48789861233296,-5.11514941186795,-1.94215028547332,-3.34481517048105,0.705098404091304
2021-08-27,1.0141737033,1.07259084998789,-3.28563107000916,-4.95537836644767,-1.82591321858354,-3.22399816561822,0.562814983754705
2021-08-30,2.1476998951,1.03361484366661,-3.1618662252096,-4.73933708907653,-1.75646791309712,-3.12037737083483,1.1894933936319
2021-08-31,1.438520913,0.987942235411307,-3.01545899066969,-4.60916115206226,-1.67269195942163,-3.03610404617068,1.16629345217854
2021-09-01,0.23654557044,1.14478648958737,-3.51392328031437,-5.19965145357162,-1.95048143970605,-3.34836069625837,1.0112111037983
2021-09-02,-0.4564530037,1.14128860015839,-3.44719411893153,-5.09082579852785,-1.94355518469874,-3.3426660965435,1.10621820426112
2021-09-03,0.43111413979,1.10945447096441,-3.3433561982444,-4.98935217326667,-1.88432223756216,-3.28973974334078,0.744198920845602
2021-09-07,0.89820445373,1.13762597825491,-3.43136019123634,-5.07013900796625,-1.93481314591377,-3.34629422673061,1.2219464413074
2021-09-08,0.46191679794,1.05476996803324,-3.17064434607529,-4.80040230816596,-1.78291360027014,-3.15417918988786,1.40067428363823
2021-09-09,-1.1725996314,1.16735746718858,-3.52263688121897,-5.19965145357162,-1.98806981534251,-3.39631289080298,1.04174985395594
2021-09-10,-0.43080685155,1.21150800574062,-3.6593034906564,-5.42363768627077,-2.06735697379689,-3.47665335207432,0.595891795459333
2021-09-13,-0.34532954751,1.13320039548164,-3.41423985716272,-5.07013900796625,-1.92544900560328,-3.34917267165062,1.11632461325013
2021-09-14,-0.2073950659,1.01510190027362,-3.04535999134143,-4.62291640073905,-1.71109794722644,-3.07859762012576,0.869963149224895
2021-09-15,0.74753623176,1.14763692580795,-3.46041212275111,-5.11175560031667,-1.95193057298,-3.36088162892573,1.2484029178109
2021-09-16,0.35819195055,1.08350086820104,-3.25913263966451,-4.96983898366941,-1.83530224078512,-3.25318523028308,1.0861286442336
2021-09-17,-0.73733458703,1.16879324756729,-3.526342632293,-5.22260899238356,-1.98909642910579,-3.39631289080298,1.00781843642199
2021-09-20,-3.084169911,1.13249925286819,-3.41392478723754,-5.07013900796625,-1.92377540956913,-3.34917267165062,2.1812978174681
2021-09-21,-0.36057728121,1.12116165572238,-3.37886028316209,-5.02919211676463,-1.90384862456196,-3.32494175705242,2.10235340790717
2021-09-22,1.0892353519,1.38407363612601,-4.20093008882257,-6.19523211793256,-2.37977725006727,-3.89762003938982,1.58552137383726
2021-09-23,1.0635937339,1.38953296254092,-4.21855443527156,-6.19523211793256,-2.3897158465233,-3.90672496245301,0.71341502658973
2021-09-24,0.27868852449,1.29646146123668,-3.92685148020829,-5.82993419038846,-2.22155692551726,-3.70364040741368,0.745696433204261
2021-09-27,-0.57567902104,1.10041832902878,-3.31477204007903,-4.96983898366941,-1.86665959700299,-3.29104932981339,1.9493288928184
2021-09-28,-2.6378530741,1.10256220770389,-3.32081831603838,-4.96871842532262,-1.87023679911523,-3.28404175449723,2.53055743298444
2021-09-29,-0.4475325396,1.3541666636797,-4.1092787801598,-6.00095624022766,-2.32617054842168,-3.83025662532081,1.62765262259747
2021-09-30,-0.48710740602,1.46953825334162,-4.47269925088982,-6.52355508835278,-2.53570148574845,-4.08817845892192,1.51621054210737
2021-10-01,-0.054185032695,1.3036554979637,-3.95492444338932,-5.882834825858,-2.23546273928231,-3.69858826550423,1.32897648668972
2021-10-04,-2.8471701907,1.29586214147033,-3.92820984375603,-5.873808807792,-2.22177129693524,-3.68710789932328,2.46952914673327
2021-10-05,0.97875088559,1.26886886655207,-3.84190917706035,-5.59436062496981,-2.17369356151145,-3.54293537298218,1.35997112266802
2021-10-06,1.2732070785,1.4923615207696,-4.54236087556952,-6.40338019725882,-2.57974536801221,-4.07048422896857,2.20024103375148
2021-10-07,1.2391133074,1.26624878224362,-3.83512835160869,-5.59436062496981,-2.1694967593735,-3.53617638901872,0.69981730866598
2021-10-08,-0.41817691808,1.43803993489376,-4.37313652664274,-6.1068002217625,-2.48183489802006,-3.95830503835232,0.96837707974697
2021-10-11,-1.2868619665,1.11981030990008,-3.37627465469332,-4.94013647308987,-1.90391529618423,-3.27104294256356,1.05373055663935
2021-10-12,0.031728429349,1.17235257687584,-3.54168828673241,-5.13039263204857,-2.00006730336184,-3.36190980437792,1.48246985517489
2021-10-13,1.1378578711,1.16451527254103,-3.51686579893264,-5.10776387836197,-1.98556052296675,-3.3386372353783,0.910563082570442
2021-10-14,0.47438099064,1.25961697366479,-3.81430453429535,-5.56153612434815,-2.15838328499022,-3.50963399484155,0.470254832628491
2021-10-15,3.3080191281,1.11011257710272,-3.34625556633495,-4.90101988091111,-1.8871474716999,-3.2436814750619,0.821950204036484
2021-10-18,1.1064763481,0.996298822208111,-2.98934175970997,-4.48461261614057,-1.68046615187869,-3.01876878727651,1.41132948398685
2021-10-19,-0.075143468894,1.08010305483779,-3.25044100349284,-4.88187001721098,-1.8322452119806,-3.19615771907654,0.90749500858269
2021-10-20,-0.84462058867,1.21991289916979,-3.68847137419783,-5.35632536034754,-2.08534573574116,-3.43541474144174,0.860492767243312
2021-10-21,0.58417714499,1.09582517297677,-3.30221882000086,-4.88187001721098,-1.86167004348348,-3.233378915383,0.741701177782179
2021-10-22,-2.8954791981,1.08100651275139,-3.25598548914398,-4.88187001721098,-1.83496139109751,-3.20142368262819,1.41637805843815
2021-10-25,-0.45509736028,1.05534534435284,-3.17536490848802,-4.71554774469231,-1.78874888891566,-3.1198406922808,0.97880660551746
2021-10-26,1.6775238904,1.21991092273898,-3.68983478465563,-5.35632536034754,-2.0877014878072,-3.44262046843364,2.07612946243141
2021-10-27,0.48636432293,1.11549653694491,-3.36162204265397,-4.93812069211772,-1.89737225682385,-3.27156203298,1.508812316741
2021-10-28,1.5941093416,1.3671465645462,-4.14901135291902,-6.06021325094634,-2.35350875021055,-3.80347265906446,1.50713573492745
2021-10-29,-2.1511241611,1.26596381542958,-3.83052266603479,-5.62497848475192,-2.16851607229385,-3.53677496115528,2.78792049172188
2021-11-01,-1.6107080059,1.27755884758729,-3.8672337361065,-5.73341156889388,-2.18920168127366,-3.55060210430914,1.27775099141941
2021-11-02,-0.16153774277,1.53623331244064,-4.67711032202374,-6.5139241419625,-2.6590329117104,-4.16709713487829,1.22746968141567
2021-11-03,2.150781073,1.2612397189242,-3.81550095046818,-5.59095695846226,-2.1594328353957,-3.51653077974776,1.62546197827611
2021-11-04,2.7482269505,1.23548391377029,-3.73609422279218,-5.40679724909153,-2.11342495223504,-3.45158221111137,2.52869787595634
2021-11-05,1.2076502733,1.31703445705018,-3.98934921168342,-5.81022346937872,-2.26064430614402,-3.68999561421977,2.28521671264299
2021-11-08,-0.85280151407,1.50083583452472,-4.56518425302452,-6.40338019725882,-2.59502480932255,-4.13450569647328,2.88969920248188
2021-11-09,2.5007308726,1.45084121293396,-4.40906455646833,-6.19720044125,-2.50407610256677,-4.01245648536127,2.66991249344802
2021-11-10,-2.6334995232,1.58070605873389,-4.81539398343526,-6.69653861658966,-2.74051597135443,-4.26839959329083,3.21595471418218
2021-11-11,-0.27426372399,1.56720202081981,-4.77350036515778,-6.63377476346667,-2.71601403718417,-4.25573542055537,1.92838322551204
2021-11-12,1.5161987041,1.67851471150089,-5.12278399549899,-6.81653319464074,-2.91945324017801,-4.44342999743271,1.9316913886812
2021-11-15,0.58238656511,1.45804499611049,-4.43204716388105,-6.29586665622778,-2.51820011320542,-4.00281342968182,2.32375529217582
2021-11-16,-0.14045260705,1.45490505851092,-4.42143296870948,-6.24540555946216,-2.51211502684741,-4.00281342968182,1.41162991791294
2021-11-17,0.23441692319,1.5172310419808,-4.61696874697441,-6.40338019725882,-2.62567613569151,-4.14635386242692,1.64994929737338
2021-11-18,4.1437024514,1.33278639799523,-4.03892772328004,-5.84939944883044,-2.28996681215701,-3.73215389530349,2.21700295729551
2021-11-19,-0.52731827936,1.35334233255041,-4.10180629817567,-5.914359575325,-2.32719602382418,-3.77784306058788,2.66591103927372
2021-11-22,-2.8287235113,1.46418432061428,-4.44906988825289,-6.33991668467429,-2.52891899417821,-4.01854792229357,4.22710455285446
2021-11-23,0.20909317373,1.55472128673263,-4.7329547949429,-6.63377476346667,-2.69767742001141,-4.20274318773306,4.38518831611989
2021-11-24,0.010335080151,1.82374155781209,-5.57502637364242,-7.2485968731619,-3.1875768652943,-4.82147788267711,2.03941311865664
2021-11-26,-2.1184724655,1.88433781720032,-5.76552312186095,-7.50408261037778,-3.29916928578496,-4.94723776041948,2.94685454102499
2021-11-29,1.6267377359,1.53528229743059,-4.67263654779993,-6.57069215749032,-2.66195281973133,-4.16673916437244,1.7857656175221
2021-11-30,-1.5302240304,1.69193405549271,-5.16278246560749,-6.88112664538462,-2.94902099099101,-4.45477471487596,2.55375726198633
2021-12-01,-1.8063511707,1.49110509094772,-4.53418036557408,-6.45335791049091,-2.5819719284653,-4.07178972813433,3.01679751949734
2021-12-02,-0.18468400449,1.59749944120899,-4.86737450710717,-6.69653861658966,-2.77547509937594,-4.26300726735678,4.01317753222138
2021-12-03,-1.3839109085,1.65305364831436,-5.04115103697738,-6.69653861658966,-2.8765305999626,-4.41126468261215,3.43393957864458
2021-12-06,1.1086232482,1.8295134606403,-5.59434329389274,-7.2485968731619,-3.19872419679366,-4.86654546231375,4.48137220755507
2021-12-07,2.7986473593,1.75422774320241,-5.31005626867784,-7.01740840177917,-3.05764454537337,-4.59324979123684,1.72203018447222
2021-12-08,-0.0036897331483,1.93682659263511,-5.87761244912106,-7.7105396528875,-3.39053853555192,-5.04219849890833,1.69124860128583
2021-12-09,-1.1279646681,1.51025329040479,-4.55291248796572,-6.45335791049091,-2.6133878619249,-4.11727747093692,1.63707077190282
2021-12-10,-1.1247567047,1.48467096228992,-4.47320462376811,-6.45335791049091,-2.56657982254429,-4.04975532749412,1.63591723316699
2021-12-13,-1.5356072747,1.43728702591172,-4.32615909885262,-6.18530714278947,-2.48033854047527,-3.95486960210759,2.02481967498999
2021-12-14,-0.28071417,1.40770586893082,-4.23427268821235,-6.18530714278947,-2.42634787464098,-3.85756229196065,1.81099104196413
2021-12-15,2.4977600886,1.43850689426196,-4.32992543664367,-6.18530714278947,-2.48250761427687,-3.96509900515,3.83213151123755
2021-12-16,-2.5641173586,1.40091393961072,-4.21272678445743,-6.18530714278947,-2.41362626415265,-3.83924715472866,3.57796248167651
2021-12-17,0.67892059633,1.76430340069987,-5.3406452023963,-7.01740840177917,-3.07484443282656,-4.64301070943478,4.52695513358778
2021-12-20,-1.7283514934,1.75233156369908,-5.30464778204111,-7.01740840177917,-3.05480141661133,-4.59324979123684,3.44677903799409
2021-12-21,1.9978573011,1.92455101910233,-5.83897628925665,-7.50408261037778,-3.36794429029087,-5.01943185933151,2.01673757493991
2021-12-22,0.36381346927,1.79242677169546,-5.43027594117941,-7.16664422437273,-3.12830364887203,-4.71299712045227,2.2080662190236
2021-12-23,0.018417067804,1.57500630214753,-4.75422667135608,-6.63377476346667,-2.73196893838639,-4.23785309961667,0.852166405773507
2021-12-27,-0.81780105629,1.58288021827083,-4.77918661808377,-6.63377476346667,-2.74661663457659,-4.25047342236723,1.77739036605852
2021-12-28,0.58437138086,1.29182921840956,-3.87541839685672,-5.78099637087872,-2.21685214791073,-3.61473540905543,1.80392734075145
2021-12-29,-0.85549715523,1.41966208223097,-4.27223113309102,-6.18530714278947,-2.44961027379971,-3.92489732605405,1.0624902095931
2021-12-30,-0.32889876529,1.39845547029793,-4.20629666592877,-6.18530714278947,-2.41084093030428,-3.83943286748025,0.867754177365781
2021-12-31,-1.1429367693,1.23314255794849,-3.69352843714029,-5.40522892448965,-2.11038129669306,-3.44632231558029,0.819684194753568
2022-01-03,2.2118320267,1.16454438417681,-3.48115768767537,-5.13640602739559,-1.98604700637882,-3.32354821824561,2.16765215501404
2022-01-04,-1.6915633096,1.15008808061167,-3.4361216429263,-5.08857157486,-1.95964464644647,-3.29464256848155,2.16038967565139
2022-01-05,-1.8893040915,1.42657730420064,-4.29414052870533,-6.18530714278947,-2.46279437721118,-3.93485509843061,2.67583780264941
2022-01-06,-0.67110010523,1.42833403489395,-4.29933276263815,-6.18530714278947,-2.46559239495531,-3.93485509843061,3.54337982304113
2022-01-07,-0.42877969308,1.54147308533271,-4.65000309079403,-6.53290935956,-2.67131143382117,-4.14784167710726,2.04220355453378
2022-01-10,-0.65701243893,1.71448039850179,-5.18790197046057,-6.848204667384,-2.9868347277937,-4.48176899186465,4.16059023495907
2022-01-11,2.4002080676,1.4892740965572,-4.48754732060159,-6.4142698422125,-2.57613929521564,-4.03352326649552,3.88733332061186
2022-01-12,-0.09373374769,1.84815154809272,-5.60047162374706,-7.22581791205,-3.22881420112796,-4.89469669131053,2.15715903679547
2022-01-13,-2.416967804,1.83282121902677,-5.55341878410999,-7.22581791205,-3.20092709422214,-4.83062608721139,2.34529898931102
2022-01-14,0.57315121521,1.56257624787888,-4.71464069278501,-6.59686437271034,-2.70889396357095,-4.196274503705,3.1098228342245
2022-01-18,-1.9862709543,1.57723809121249,-4.75987540333317,-6.59686437271034,-2.73549200452612,-4.20872433494622,2.80548998384786
2022-01-19,-1.64771029,1.71375392173453,-5.18303470983809,-6.848204667384,-2.98316862317576,-4.45211303782376,2.09117488373846
2022-01-20,-2.9632307309,1.64755746010357,-4.97806313200691,-6.660551563775,-2.86299063362863,-4.38019948060472,2.27447463470593
2022-01-21,-5.9501870869,1.50289828798981,-4.52933374460639,-6.4142698422125,-2.60078140633382,-4.06955104170611,8.78844950426
2022-01-24,1.3326977138,1.53369498868922,-4.66938158372095,-6.51411186689355,-2.66072688879855,-4.14554432855318,17.535041565957
2022-01-25,-3.1533650653,2.46561373668866,-7.56812293150062,-8.7272320557875,-4.35472125643302,-6.13914953730263,9.19827331401955
2022-01-26,-0.79543668653,3.36559173667185,-10.3856768979318,-10.997245725,-5.9871263243607,-7.83972600881429,11.7386863351355
2022-01-27,0.55086500215,2.70107768763101,-8.30502387825138,-9.71717583035,-4.77983794109189,-6.57530846318333,8.20780352886584
2022-01-28,3.1084056931,3.01485029168763,-9.28630729109829,-10.1761505696333,-5.35084568422352,-6.944325526425,5.84489808512086
2022-01-31,3.8863576381,2.74154868290119,-8.43382183248578,-10.1761505696333,-4.85568697110839,-6.63605623698621,4.0872801000598
2022-02-01,1.0830795562,2.47937043223688,-7.61541175555344,-9.1017440997,-4.38129241540318,-6.13914953730263,3.69751230702881
2022-02-02,-0.38427577902,2.15767375392313,-6.61040846915329,-8.46233729148,-3.79644876114439,-5.5273868163434,4.59355014356102
2022-02-03,-7.8127645449,2.05612514497073,-6.29359325322,-8.10951487056667,-3.61103910327007,-5.29047603294754,6.32126572937184
2022-02-04,13.535908618,2.10023562462505,-6.54315890764835,-8.40328522360909,-3.70249052185771,-5.41630598570847,16.4512064455029
2022-02-07,0.18777019704,2.29651806017989,-7.16274065543179,-8.40328522360909,-4.06461586923534,-5.90890694973556,5.88506577781894
2022-02-08,2.2021648079,3.32535876119775,-10.4431974632124,-10.997245725,-5.94094583238983,-7.7199447347,4.25119387165278
2022-02-09,-0.13877401834,2.37467781477912,-7.42019392411863,-8.51955113221,-4.18939953287568,-6.1324295345175,2.99425644219145
2022-02-10,-1.3561677404,2.19279601725732,-6.84143372243958,-8.40328522360909,-3.85772544121942,-5.74750763130204,3.96750823949302
2022-02-11,-3.5911159187,2.02162979053996,-6.29666951171562,-8.08668792243846,-3.54510583893013,-5.27640473624688,5.15185509125772
2022-02-14,1.2221653233,2.11990384155413,-6.60917128339288,-8.40328522360909,-3.71327527039446,-5.41630598570847,6.35556104299639
2022-02-15,0.86584131932,2.15277032581868,-6.71330497464432,-8.40328522360909,-3.77270827846404,-5.50569781261429,2.55440640342202
2022-02-16,1.0159062811,2.3005403641573,-7.1844925106039,-8.40328522360909,-4.0433221850868,-5.90890694973556,3.41743987030823
2022-02-17,-2.1808912686,1.79949861696154,-5.59064015484299,-7.19451408512727,-3.13350471105419,-4.71085216337889,3.1722810540014
2022-02-18,-1.3261990592,1.92505182569809,-5.99034050930773,-7.83792857788667,-3.36239048306254,-5.01150150924933,4.56538693960217
2022-02-22,-1.5753449344,1.88370839880206,-5.85837803523629,-7.51627974868333,-3.28555233129543,-4.96806063386234,5.49977113587279
2022-02-23,-3.5756254265,2.06497354985423,-6.43474278526379,-8.40328522360909,-3.61288255236102,-5.33115810572097,4.15449859709323
2022-02-24,4.5095182528,2.17407261400676,-6.78135076140155,-8.40328522360909,-3.81046852815085,-5.63748378635385,11.8377624706944
2022-02-25,1.6057955312,2.02387500810093,-6.30382535789431,-8.08668792243846,-3.53883793163147,-5.17561285730294,4.46716426701
2022-02-28,-0.14662994954,2.90084182706797,-9.09680732403046,-10.1761505696333,-5.12777345071747,-6.78947042113214,5.48973998323156
2022-03-01,-1.5765516433,2.15037262492398,-6.7095058652146,-8.40328522360909,-3.76734797834817,-5.50569781261429,4.06752130216763
2022-03-02,0.60241362426,2.27279222937331,-7.09855234439532,-8.40328522360909,-3.98795450706094,-5.86758567723261,4.41442761602548
2022-03-03,-2.7319511354,2.08492499476723,-6.50084514058199,-8.40328522360909,-3.64668235285792,-5.35896006465246,3.74049808122064
2022-03-04,-1.5263846488,2.12777155125289,-6.63890218216911,-8.40328522360909,-3.72589819583796,-5.41630598570847,4.20037924368382
2022-03-07,-5.6220432433,1.95606962137307,-6.09257050073536,-7.83792857788667,-3.41512945123708,-5.05878220903151,5.34994863437994
2022-03-08,-1.0465395446,2.01470633963993,-6.27707604396799,-7.95832182525714,-3.52536817814804,-5.1820828628971,15.3479695007523
2022-03-09,2.4001117528,2.16176907108562,-6.74113008676755,-8.40328522360909,-3.78942259743778,-5.57066016462545,6.82093389363078
2022-03-10,5.4125173214,3.22045637146706,-10.1104849485161,-10.997245725,-5.70592469380492,-7.26644528696667,7.96068186761028
2022-03-11,-0.88068520454,2.45342837794932,-7.67221295682995,-8.9176041633,-4.31907414306308,-6.1680622551425,3.84643718841599
2022-03-14,-2.5229428721,2.60673067486146,-8.16210895305471,-9.71717583035,-4.59753630421846,-6.41833228074,5.62356646482082
2022-03-15,3.8867701071,2.15682999698868,-6.73159321151921,-8.40328522360909,-3.78189831895337,-5.57066016462545,4.73809501102616
2022-03-16,3.8933543241,2.36480128303801,-7.39476087535302,-8.51955113221,-4.1617576923064,-6.11998108839024,6.2440710403309
2022-03-17,2.7007785558,2.16335362057489,-6.75366062146445,-8.40328522360909,-3.79800538128619,-5.57066016462545,3.99689100135967
2022-03-18,2.5512118495,2.3316537677892,-7.2899181940119,-8.51955113221,-4.10448413757692,-5.94303151800222,2.96517140241178
2022-03-21,0.14945690073,2.02240912464473,-6.30565270068129,-8.08668792243846,-3.54303107954288,-5.20620353010588,4.30722420982002
2022-03-22,2.1038258981,1.87642608544998,-5.84132803865203,-7.51627974868333,-3.27835961689289,-4.95871313262279,2.39451741641164
2022-03-23,-0.89817998787,2.03904635818461,-6.36023469254434,-8.23338229498333,-3.57614678712034,-5.28218735445538,3.00006214170577
2022-03-24,0.14778958193,1.7502667667516,-5.44045402104148,-7.05612465482917,-3.05019540434941,-4.578401338711,3.08592248727078
2022-03-25,0.68683375139,1.79624309735199,-5.58782270427098,-7.12614578765652,-3.13441129399257,-4.70841699319457,2.43862484282746
2022-03-28,2.5592707565,1.79432506704449,-5.58071695421894,-7.12614578765652,-3.13086705877584,-4.70841699319457,3.29935539399467
2022-03-29,0.19202262847,1.68951615567585,-5.24728266736583,-6.86607441966296,-2.94104952311401,-4.44670108121193,2.76084047843871
2022-03-30,-1.7801139888,1.79324323747304,-5.57829384498386,-7.12614578765652,-3.13062188878489,-4.70841699319457,2.01640854665795
2022-03-31,-1.9864582895,1.71577803501208,-5.33165061768055,-6.92687001624615,-2.989351115589,-4.53244321741748,2.12274592994974
2022-04-01,0.3450973174,1.58144138982727,-4.90304411428931,-6.64130447292903,-2.7438306633701,-4.26309233381789,2.3069309533909
2022-04-04,2.9264490096,1.58233925597387,-4.90614526156532,-6.64130447292903,-2.74605223287014,-4.26309233381789,1.9016690381139
2022-04-05,-2.5492065472,1.60733492789441,-4.98599685264609,-6.64130447292903,-2.78954556090169,-4.27531866677049,1.77761528477256
2022-04-06,-3.2300143243,1.51767838871697,-4.70135959542196,-6.58418942761562,-2.6267860860801,-4.13365939638507,5.34606233719739
2022-04-07,-0.61194537539,1.47974489620423,-4.58098888592305,-6.41833228074,-2.5703426249354,-4.05128668870986,4.5042662884792
2022-04-08,-2.1066708073,2.04459778629439,-6.3773649719382,-8.40328522360909,-3.59887178444568,-5.33577533012698,2.61415440900261
2022-04-11,-2.1613940133,1.94861393359,-6.07293908591882,-7.83792857788667,-3.42399371059958,-5.06639384462973,2.9162289161846
2022-04-12,-0.2213443443,1.67770092832496,-5.21077201017793,-6.86607441966296,-2.93060062365892,-4.43564029251273,4.0642927713485
2022-04-13,3.1524496393,1.73009804727704,-5.3769143649343,-6.989154900932,-3.02523136501103,-4.56505097223168,3.07826650526933
2022-04-14,-2.4652663928,1.92041770022293,-5.9819524693183,-7.83792857788667,-3.37187704756196,-5.02231286105263,2.13269610369841
2022-04-18,0.71091218906,1.7513313700211,-5.44473259993966,-7.05612465482917,-3.0642596626763,-4.59553703549495,4.38649205038128
2022-04-19,3.4888896162,1.56973133107652,-4.86707890662976,-6.64130447292903,-2.73308402562769,-4.2426112486096,2.92455932055338
2022-04-20,-2.6041090216,1.92307049896861,-5.99038770563627,-7.83792857788667,-3.37650895471471,-5.02231286105263,3.35733990018723
2022-04-21,-3.7026454888,1.71405704452372,-5.32575000912802,-6.92687001624615,-2.99587189914978,-4.5347232219068,3.93481374067586
2022-04-22,-2.6608944274,1.77023784352162,-5.50383644838858,-7.12614578765652,-3.11229771692042,-4.66561802089579,4.91946785344146
2022-04-25,1.1943193627,1.86233952081494,-5.79589091360508,-7.42801381701053,-3.28068956623393,-4.943012287075,5.83577124352595
2022-04-26,-4.575078385,2.02778202363317,-6.32039131467509,-8.08668792243846,-3.58195222649756,-5.25825490194545,5.42892549041373
2022-04-27,-0.87810547311,2.15931012037705,-6.73763426031418,-8.40328522360909,-3.87324814092625,-5.75925453192,10.0777807142699
2022-04-28,4.6534266503,2.13917277148573,-6.6699113709866,-8.40328522360909,-3.83433300126456,-5.65140454579811,6.20345055941856
2022-04-29,-14.04944103,2.70353452736427,-8.46368311197074,-10.1761505696333,-4.87855301837639,-6.64130447292903,12.3313283359482
2022-05-02,0.17581055909,2.3295420350581,-7.28527179565285,-9.02226839564545,-4.23660433347027,-6.31778594335,14.6532670333927
2022-05-03,-0.19799196798,2.99960565965434,-9.41311524366456,-11.144473184725,-5.48603175817144,-7.41461642275417,6.69928253844691
2022-05-04,1.348050558,3.25908937991609,-10.2387113756323,-12.5233433775,-5.97354432283624,-8.22614810614375,11.2382291955999
2022-05-05,-7.56103662,2.5696828660392,-8.04962295782098,-10.58362887028,-4.68414502279065,-6.81040917314242,11.1678155648396
2022-05-06,-1.4041251816,3.00838999151747,-9.43999724714089,-11.144473184725,-5.55471930683588,-7.420473230644,15.1987364192814
2022-05-09,-5.213356858,3.05192004861895,-9.57872470382867,-11.144473184725,-5.63764973736005,-7.49540781345,9.46649664512862
2022-05-10,0.064344740713,3.4016685704804,-10.6852085042349,-12.5233433775,-6.29458174793588,-8.44916137611333,13.0870740735258
2022-05-11,-3.2032261916,2.90119544708341,-9.09783558188155,-11.144473184725,-5.34994956912504,-7.20389635972857,14.1212834313739
2022-05-12,1.4790456667,3.26213635174213,-10.2442831110629,-12.5233433775,-6.02786045540183,-8.18702390107647,21.9955248534445
2022-05-13,5.7275520081,3.38235563923597,-10.6330454992782,-12.5233433775,-6.25013190984911,-8.314186450225,7.1774285268084
2022-05-16,-1.9853168812,3.99655567808436,-12.5819140053005,-14.04944103,-7.33482691356923,-8.90049908100833,7.404763591468
2022-05-17,4.1133286106,2.83368876229803,-8.88771655780561,-11.144473184725,-5.16803975038235,-7.01335309895806,7.42105565772327
2022-05-18,-7.1561994826,2.83887646195357,-8.90568279567803,-11.144473184725,-5.1792623870124,-7.01335309895806,6.33672950908695
2022-05-19,0.19278795662,2.79428300534573,-8.7582231502328,-11.144473184725,-5.1499459149277,-7.01781704844687,12.7186454095523
2022-05-20,0.25344999485,2.63260482142946,-8.25000834782798,-10.58362887028,-4.83625571409161,-6.85315636146857,8.47599348865374
2022-05-23,-0.031601156206,3.12533285092751,-9.81508943189793,-11.6431760734,-5.76644035764839,-7.72267907526364,10.5862514147656
2022-05-24,-3.2141097278,2.77720079571153,-8.70942285682549,-11.144473184725,-5.10341644643118,-6.96082572804848,10.5581695807006
2022-05-25,2.5696445726,2.99708977242628,-9.4075041268066,-11.144473184725,-5.51038000056536,-7.41030885571923,10.2815618685968
2022-05-26,4.0295012877,3.02545765476083,-9.49956298609882,-11.144473184725,-5.56110261594848,-7.41030885571923,5.35168357640939
2022-05-27,3.6632081205,3.03199737178536,-9.5193169197106,-11.144473184725,-5.58501061679324,-7.41030885571923,3.95780941299115
2022-05-31,4.3970072908,2.51114532719966,-7.86460250734403,-10.1400375210667,-4.61330572243552,-6.63132471324359,9.41540030794391
2022-06-01,1.2266085458,2.32088740776098,-7.2646785987975,-8.90049908100833,-4.24643594315204,-6.33950227958444,9.04769814498282
2022-06-02,3.1450313927,2.85118738273352,-8.95310121738489,-11.144473184725,-5.24074965162639,-7.13835621545,7.1247778771154
2022-06-03,-2.5185043542,2.80139376551037,-8.79956350098679,-11.144473184725,-5.15040401094245,-7.01781704844687,5.20578758669876
2022-06-06,1.9942787087,2.58330827918571,-8.1022747022106,-10.58362887028,-4.74388315370102,-6.79650265761944,10.0964529779321
2022-06-07,-1.4344098086,2.39042057461082,-7.49113015665386,-8.90049908100833,-4.37094738088838,-6.33950227958444,5.75664410309259
2022-06-08,-1.4796747967,2.91051050434513,-9.14259548687576,-11.144473184725,-5.35317495793794,-7.20225163982759,3.49371749465585
2022-06-09,-4.1508499752,2.45984279274484,-7.70744262295671,-9.5590837716375,-4.51201371823651,-6.5799185550375,5.06979437178471
2022-06-10,-5.5962117951,2.14112684533457,-6.69183800218072,-8.65734389945,-3.92898407147101,-5.9664410642463,6.44267998563113
2022-06-13,-5.4537163703,2.29616813247657,-7.18262366253039,-8.7728165469,-4.23298870723592,-6.3233437907913,11.1201530025509
2022-06-14,-1.3118549242,2.4542350428059,-7.68389971746234,-9.5590837716375,-4.57285361760851,-6.52968262778333,7.1952144109638
2022-06-15,5.2389795717,2.90264120248457,-9.10601875480868,-11.144473184725,-5.42497117806918,-7.21253782806552,13.587230002652
2022-06-16,-3.7243428996,2.54146181344679,-7.96255399180141,-10.58362887028,-4.74079224427615,-6.72957957472895,7.24909533593062
2022-06-17,2.4696121936,3.19379149858121,-10.0319330571908,-12.5233433775,-5.98338369004713,-8.12975587782778,8.64253272991439
2022-06-21,2.3159480324,2.66503891813938,-8.35524194926477,-11.144473184725,-4.97569754840041,-6.78136218423784,4.92192970775193
2022-06-22,0.24843577467,2.81204609034853,-8.82153447349371,-11.144473184725,-5.25729045834915,-7.03751920715313,6.36161622112481
2022-06-23,3.203304268,2.39221701803065,-7.48806497750288,-8.90049908100833,-4.45572404417666,-6.4815516628,7.41175358823807
2022-06-24,3.5752401282,2.52659185337171,-7.91667941814846,-10.1400375210667,-4.71316006415267,-6.72957957472895,4.10634770533876
2022-06-27,-2.7820710974,2.56988469103914,-8.05462193036631,-10.58362887028,-4.79670131069739,-6.72957957472895,6.34014183230933
2022-06-28,-5.1404345521,2.18087995601206,-6.8158218015633,-8.65734389945,-4.05106954896395,-6.0236804906963,6.90385762223872
2022-06-29,1.4152700185,2.39921387775043,-7.50788437950974,-8.90049908100833,-4.46682538797948,-6.497374533,8.59516159703754
2022-06-30,-2.4880646346,2.47520750102787,-7.74992636298069,-9.5590837716375,-4.61460597637433,-6.54314348890476,9.7307738270028
2022-07-01,3.1541286131,2.66712398173284,-8.35878277290205,-11.144473184725,-4.98278961260876,-6.73817987812895,7.65263815843881
2022-07-05,3.5962029939,2.79786229458069,-8.77577124083928,-11.144473184725,-5.23562674584371,-7.03751920715313,6.71576918937519
2022-07-06,0.73127753294,2.63374099174274,-8.25502263177083,-10.58362887028,-4.922721855495,-6.73817987812895,8.87646514184315
2022-07-07,1.7493221378,2.54470335646846,-7.96921030097661,-10.58362887028,-4.74920046540611,-6.68883226645641,3.57562475158781
2022-07-08,-0.67910255302,2.76771931506874,-8.6768912440986,-11.144473184725,-5.17129263806417,-6.93000216810882,3.24266363039695
2022-07-11,-3.2802492644,2.17384142089529,-6.79111917930745,-8.65734389945,-4.03762911099245,-6.00762147363091,4.43998739667174
2022-07-12,-2.2639821029,2.05263772338344,-6.40545702670221,-8.65734389945,-3.80549099274341,-5.70754115816719,5.07327162352255
2022-07-13,1.0803882073,2.15868258794193,-6.7430062480185,-8.65734389945,-4.00819754050574,-6.00762147363091,9.79871033263806
2022-07-14,0.20833333328,2.21871272790956,-6.93244230309285,-8.65734389945,-4.12405473088539,-6.07942645947925,7.29431388176943
2022-07-15,2.6394287264,2.71712454406053,-8.51464709434223,-11.144473184725,-5.07544224731492,-6.78347513971081,5.24506771914596
2022-07-18,0.18494055475,2.50860773202397,-7.85296697894881,-10.1400375210667,-4.67709095274652,-6.63856680925,5.16589986857492
2022-07-19,3.9117440225,2.30686086790026,-7.21228021486037,-8.7728165469,-4.29184746087333,-6.28058261039167,2.98726665675708
2022-07-20,3.8575416631,2.30230679311754,-7.19913455492289,-8.7728165469,-4.28453181383527,-6.28058261039167,4.26618782575198
2022-07-21,1.5150281013,2.01140922268211,-6.27611823258979,-8.24606956977647,-3.730668984378,-5.56638291983188,5.0341613474833
2022-07-22,-1.7732488164,2.10133073791199,-6.56273380016203,-8.65734389945,-3.90417450422793,-5.90144781516034,5.2496444242745
2022-07-25,-1.0455807875,2.16326300732476,-6.75838861016902,-8.65734389945,-4.02123452612872,-6.00762147363091,4.07998055204951
2022-07-26,-5.2253590887,2.18845978932988,-6.83714088861942,-8.65734389945,-4.06697742348618,-6.00762147363091,5.32600954051454
2022-07-27,5.3653862904,2.03378004665746,-6.34365053667662,-8.50448431149333,-3.77255214951141,-5.64272843144328,5.02005750070805
2022-07-28,1.082913119,2.20640541042269,-6.8924018627127,-8.65734389945,-4.10341572752254,-6.02832913576545,4.10352942681613
2022-07-29,10.361465489,2.18010105808681,-6.80939828376838,-8.65734389945,-4.05348373874198,-5.99365250247143,7.34254751963755
2022-08-01,0.32604668395,2.05871685256339,-6.42485228906782,-8.65734389945,-3.82394041997773,-5.79146849515,6.54332777387606
2022-08-02,-0.90848659438,2.44548892223077,-7.65340502686487,-9.5590837716375,-4.56399688726711,-6.46846509108409,4.46964011687439
2022-08-03,3.9952295767,2.38342984214305,-7.45664239642837,-8.90049908100833,-4.44520687418556,-6.42383366980444,3.44182619655295
2022-08-04,2.1860665138,2.13598568913738,-6.67201116904966,-8.65734389945,-3.9727530779123,-5.95881874654386,4.67392771977405
2022-08-05,-1.2414954058,1.98667303549818,-6.19819792777943,-8.24606956977647,-3.68777355731713,-5.51017734646528,3.98537160028963
2022-08-08,-0.98721590912,2.14160574938185,-6.68989192166892,-8.65734389945,-3.98363028557664,-5.95881874654386,3.3741932046204
2022-08-09,-1.1333476794,2.01316170411392,-6.28155653462062,-8.24606956977647,-3.73738099845906,-5.58801743751594,3.07480963398102
2022-08-10,3.5260828554,1.89501480137635,-5.90616213226193,-7.90970435576,-3.51110608089922,-5.29768382821358,3.99894135883819
2022-08-11,-1.4366809167,1.83657809302854,-5.72073438256471,-7.63714408917391,-3.39976612112567,-5.17085305948966,2.80059751520484
2022-08-12,2.0691126281,1.96568962224537,-6.13067776860824,-8.12975587782778,-3.64634284039043,-5.46036864503378,2.57329155769196
2022-08-15,-0.25774991309,1.77660124408591,-5.52996923883051,-7.3431200756963,-3.28457822618044,-5.0910660442044,1.88967207291027
2022-08-16,1.1174745077,1.71370708089025,-5.32981674067808,-7.09403953936774,-3.16364783808597,-4.85592416236923,3.0365071981513
2022-08-17,-1.8510844038,1.57901246011689,-4.90198154865304,-6.69938960147692,-2.90463779807605,-4.54037136380397,3.49812304781001
2022-08-18,0.14074595347,1.74955438850504,-5.4441136550118,-7.21253782806552,-3.23095253584946,-5.0516913779957,2.05741997839709
2022-08-19,-2.8601546031,1.80589999514828,-5.62365370499573,-7.481839480216,-3.33911683743875,-5.11062532183444,1.81290602900115
2022-08-22,-3.6243941257,1.57853344227346,-4.90079701644717,-6.69938960147692,-2.90337120557252,-4.54037136380397,2.00202865748673
2022-08-23,0.30025521701,1.52287968932088,-4.72390761463777,-6.6522454370125,-2.79819846265834,-4.40996375145766,2.74918696197264
2022-08-24,0.13471037255,1.55095387973413,-4.81262155691486,-6.6522454370125,-2.85157289404262,-4.48259948468321,1.90619059887011
2022-08-25,2.6008968611,1.66032551937297,-5.160505559579,-6.88129808012571,-3.06096780783361,-4.6800863200069,2.18898218475544
2022-08-26,-4.7567016317,1.49753759376444,-4.64495911361135,-6.60409832826098,-2.75091704257337,-4.35283978126268,6.39037122149999
2022-08-29,-0.73422562155,1.54247273400565,-4.78508816251787,-6.6522454370125,-2.84010551242739,-4.47236394222481,4.19254983760708
2022-08-30,-0.81670390628,2.17460118717266,-6.79315876428023,-8.65734389945,-4.05046163998943,-5.97195161000175,4.29596835639995
2022-08-31,-1.5225666122,1.92913732619775,-6.01482333393371,-8.12975587782778,-3.58108600187819,-5.35787273851139,4.7166444868367
2022-09-01,0.82827167298,1.95753075008409,-6.10541470722708,-8.12975587782778,-3.63563748264164,-5.45098641818933,4.28855816580132
2022-09-02,-0.24252855574,2.04186331719076,-6.3737155666515,-8.65734389945,-3.79731124711082,-5.68582870974394,5.7375869756022
2022-09-06,-1.0979531017,2.01199250388745,-6.28273923343589,-8.24606956977647,-3.74219266210613,-5.57614149743286,5.23113235162315
2022-09-07,2.6722702403,2.18371308383629,-6.82390637978087,-8.65734389945,-4.06827497361949,-5.97195161000175,2.64807499752411
2022-09-08,0.2625888168,2.13623712899836,-6.67418638797424,-8.65734389945,-3.97778696745261,-5.93809258939138,4.32254231874714
2022-09-09,2.6575258049,1.7803861797314,-5.54318434207941,-7.3431200756963,-3.29603671860025,-5.07170006215054,1.99501958259842
2022-09-12,2.3861334133,2.00086054103451,-6.24536616606731,-8.24606956977647,-3.71915716951926,-5.52481701511667,2.45991599470568
2022-09-13,-7.0575302309,1.64632708587611,-5.11769180149224,-6.78710731977838,-3.03940173561243,-4.66692798035593,3.21950345622866
2022-09-14,1.3641381487,1.66786994894223,-5.20223814728092,-6.88619341764722,-3.08575942004868,-4.75805552783246,4.39159807301813
2022-09-15,-1.7658498639,1.75320440152939,-5.47348922793918,-7.33292043838214,-3.24900257751481,-5.07374616079263,3.80073140912268
2022-09-16,-2.1777003484,1.93893685122367,-6.06561665221675,-8.0733229490421,-3.60522403103828,-5.42488646579103,5.5270936263935
2022-09-19,0.91475754889,1.85644533428641,-5.80138686172902,-7.6937595602913,-3.44605748134235,-5.20982455093977,3.09900944884047
2022-09-20,-1.9813893791,2.12157053625115,-6.64751416561108,-8.55068965488,-3.95570887882102,-5.95706610873898,2.65313606072623
2022-09-21,-2.987151158,1.81623678106113,-5.67428547682532,-7.46551989370385,-3.3697838306683,-5.15036347223846,8.75190949766393
2022-09-22,-1.0376244306,1.747079700496,-5.45010072259266,-7.26812029810345,-3.23491323324503,-5.05464504314479,5.21317586802772
2022-09-23,-3.009121132,2.52561804126651,-7.92939512085317,-10.58362887028,-4.72677993889747,-6.61676307959762,4.06623463453302
2022-09-26,1.2040780453,2.16190605947899,-6.77037496803347,-8.55068965488,-4.02878926561489,-5.99066848277586,6.27651879649536
2022-09-27,-0.64264003477,2.00799062044583,-6.27900318890778,-8.18003960650556,-3.73329420470678,-5.59700612748169,5.15672417123851
2022-09-28,3.1465780963,2.30742873092501,-7.23136398864616,-8.7728165469,-4.30617509849148,-6.24524620098235,3.98282461953601
2022-09-29,-2.7201084654,2.21187486647847,-6.92820835130693,-8.55068965488,-4.12434385671123,-6.05802130899464,3.96509961634761
2022-09-30,-1.5679442509,2.01443275333023,-6.30050250883943,-8.29124413854118,-3.74664882644503,-5.59700612748169,5.11899499392502
2022-10-03,2.5486725664,1.99720331999016,-6.24484763500708,-8.18003960650556,-3.71306709407704,-5.54581308656575,4.21095315444234
2022-10-04,4.4960303763,2.15099489111891,-6.73545124694061,-8.55068965488,-4.00881389488926,-5.99066848277586,3.39463407261439
2022-10-05,-0.1156164837,2.01637485704683,-6.30853543513168,-8.29124413854118,-3.75259736606335,-5.62337928086286,3.93706575069104
2022-10-06,-0.5374121537,1.88809674047426,-5.89767422455362,-7.86912463552857,-3.50447970247905,-5.29227400087619,3.79700134901529
2022-10-07,-4.7714048213,1.95654088999904,-6.1155987711195,-8.0733229490421,-3.6357975694126,-5.4721251525671,3.07968917331258
2022-10-10,-0.7768854749,1.93429863579212,-6.04438501887719,-8.0733229490421,-3.6134593420069,-5.41661454624051,4.54554505919683
2022-10-11,-1.2844198119,1.81221159389399,-5.65520027954864,-7.46551989370385,-3.37833358499106,-5.14624435646739,6.48028558083015
2022-10-12,0.61491845645,2.01106343314396,-6.2862156986039,-8.18003960650556,-3.76098784655115,-5.63783487986571,4.63381440934204
2022-10-13,-0.32772364921,2.27879611622479,-7.13718137367638,-8.65734389945,-4.27650617562055,-6.21690309752692,14.5665856294765
2022-10-14,-5.0031102817,2.07632939518896,-6.48801498264019,-8.55068965488,-3.88462411132182,-5.8724995008371,8.26820300067533
2022-10-17,6.4452759587,3.14584654260139,-9.88534704011847,-12.5233433775,-5.94426544741989,-7.967166155935,4.41621417513251
2022-10-18,2.2585464452,2.64233664826302,-8.28817532984129,-10.58362887028,-4.97723034637047,-6.6667520724439,6.62747789330543
2022-10-19,-1.1086283947,2.24515609682518,-7.02571706478476,-8.55068965488,-4.21138419796716,-6.19400134628491,5.27376165905988
2022-10-20,0.15642652306,2.48315181232595,-7.78151330345582,-9.5590837716375,-4.67021494859845,-6.49681729831778,4.93247357367536
2022-10-21,3.5314533621,2.35037104775855,-7.35963084458525,-8.90049908100833,-4.41469556799497,-6.301801363654,6.02368150398477
2022-10-24,0.41904123373,2.21445540281714,-6.92898507828894,-8.55068965488,-4.15254217055384,-6.15701492169259,5.67684432107707
2022-10-25,0.65097646475,2.30928903472268,-7.2294688895795,-8.7728165469,-4.33514117937592,-6.19400134628491,3.69802228761499
2022-10-26,-4.0961857379,2.28452589510086,-7.15057232092263,-8.65734389945,-4.28779863550759,-6.19400134628491,5.80130218040338
2022-10-27,-4.0636347917,2.02027797768037,-6.30896806358626,-8.29124413854118,-3.80833145856383,-5.68676680506812,8.96473913443688
2022-10-28,-6.8042537851,2.27350567031102,-7.11004639212425,-8.65734389945,-4.29621493897467,-6.19400134628491,16.7641616403447
2022-10-31,-0.93801373187,2.64576859812537,-8.28386899294969,-10.58362887028,-5.0120006579171,-6.71068240179512,8.36627847070772
2022-11-01,-5.5154236625,3.39133643254835,-10.6530447320197,-12.5233433775,-6.45443847120927,-8.44153741301875,6.31961860932387
2022-11-02,-4.8248786032,2.72269907396682,-8.52873976664677,-11.144473184725,-5.17028927538655,-6.84796422323421,14.0673053501231
2022-11-03,-3.0612244896,2.55720852650228,-8.00580229272974,-10.58362887028,-4.83933591401022,-6.6431747073907,9.92829516249507
2022-11-04,1.8812989922,3.29887377484016,-10.3537254314416,-12.5233433775,-6.27107186130919,-8.10762982643158,9.13709486775674
2022-11-07,-0.49461420085,2.98113510969874,-9.34663485953573,-11.144473184725,-5.6570670050708,-7.44102855634815,4.85676105042621
2022-11-08,-0.6075334145,2.85218936342487,-8.93698856494634,-11.144473184725,-5.41166980966458,-7.1419001466375,6.66093828903057
2022-11-09,-4.2676150255,2.4133846389741,-7.54703776019676,-8.90049908100833,-4.56251715380467,-6.34011307890392,4.95028497798746
2022-11-10,12.177850011,2.5998291858639,-8.13526792818613,-10.58362887028,-4.92442659900293,-6.6431747073907,12.4641993111129
2022-11-11,4.3050812377,2.34112485173968,-7.32005925494763,-8.90049908100833,-4.41969559263086,-6.26857781572641,9.83052228777422
2022-11-14,-2.2819724179,3.06633232351692,-9.62157064592049,-11.144473184725,-5.82310600582566,-7.65669681965833,8.16283394703154
2022-11-15,0.4568991777,2.85391367157334,-8.94674718943577,-11.144473184725,-5.41175799418855,-7.1419001466375,8.82944510358931
2022-11-16,-1.8394986861,2.72754538603679,-8.54678398196654,-11.144473184725,-5.16783379586572,-6.84796422323421,5.97826339557123
2022-11-17,-2.3373146623,2.80652236846619,-8.7949960857985,-11.144473184725,-5.3186921430725,-7.03801274702647,5.41068942940043
2022-11-18,-0.74855034263,2.54985734342876,-7.97943677681299,-10.58362887028,-4.82292734600338,-6.60184979593182,4.03441864286318
2022-11-21,-1.7845761632,2.42124703127859,-7.57113219887113,-9.16800620212,-4.57654887921898,-6.375413772782,4.53606749432476
2022-11-22,0.80034609564,2.2097571141864,-6.90022642002224,-8.55068965488,-4.16812661515042,-6.10156856633966,3.33296205790841
2022-11-23,0.99785407729,2.22529139336426,-6.94810743830793,-8.55068965488,-4.19924607822547,-6.13498670928772,3.84515219724718
2022-11-25,-0.76489960684,2.0165324975886,-6.28710668012116,-8.10762982643158,-3.79607497683247,-5.62224975710533,1.75140642278205
2022-11-28,0.57809656337,2.0495479052277,-6.39305441211494,-8.44153741301875,-3.86136871570605,-5.75046199865143,4.24075054569244
2022-11-29,-1.6285258115,1.72242289356319,-5.35629918832053,-7.03801274702647,-3.22833422675089,-5.02688043023905,3.14391955203751
2022-11-30,4.4579095435,2.05264215918864,-6.4038234081368,-8.44153741301875,-3.86167704180147,-5.75046199865143,5.84113283149855
2022-12-01,-1.0772736689,1.8903492526276,-5.86640427179582,-7.82072141505455,-3.54332134284789,-5.31404746050337,4.07761449096004
2022-12-02,-1.4345549739,2.2326255700798,-6.95427534550232,-8.55068965488,-4.20437400114315,-6.13498670928772,2.84626459751184
2022-12-05,-3.3145649632,2.02201324492756,-6.28190794406109,-8.10762982643158,-3.799787999121,-5.64603328130811,2.98212107686592
2022-12-06,-3.0326337765,1.87098508609755,-5.80386632604164,-7.65669681965833,-3.50802602009898,-5.2751126793011,3.86276382966126
2022-12-07,0.23796034002,1.85776564746851,-5.76180227644261,-7.65669681965833,-3.4823862947034,-5.23682148223871,4.79957310655983
2022-12-08,2.1365588967,1.97482396367261,-6.13091076305353,-8.009869490845,-3.70772381565001,-5.50410741327625,4.49438004781934
2022-12-09,-1.3945766465,2.07332119916855,-6.440770020429,-8.44153741301875,-3.89647891548518,-5.77782711506522,3.44666342391303
2022-12-12,1.6387922327,2.04010957290825,-6.33633046739226,-8.3193558052,-3.83315839997329,-5.7235143141507,2.67966605813487
2022-12-13,2.1424627277,1.90956209419281,-5.92423606815728,-7.91178937637143,-3.58167652103681,-5.35418062432299,8.87425333165702
2022-12-14,-0.98389015038,1.7999812572644,-5.57841374333897,-7.31469055378621,-3.3687017649245,-5.14456442567857,9.63775803878582
2022-12-15,-3.4177768071,2.56744580390054,-7.99597134283981,-10.58362887028,-4.84671583296523,-6.6431747073907,3.60183126703827
2022-12-16,-0.66704352739,2.68336106356069,-8.36450396500918,-11.144473184725,-5.07050465053307,-6.72173529113415,3.63826299575263
2022-12-19,-3.3462326427,2.0237200945593,-6.28431994136717,-8.10762982643158,-3.80058774771399,-5.64603328130811,3.34055500335412
2022-12-20,0.31794630231,2.02361902407713,-6.28386209547896,-8.10762982643158,-3.80085914411223,-5.64603328130811,4.53327098159713
2022-12-21,1.8546777792,1.99115511397445,-6.18114543354119,-8.10762982643158,-3.73781479418469,-5.54963683069231,3.19726234701685
2022-12-22,-3.4343667166,2.08520113261763,-6.47849892093732,-8.44153741301875,-3.91956722702257,-5.80535702716176,3.64551633767095
2022-12-23,1.7424513666,1.83269172609978,-5.68206812206287,-7.44102855634815,-3.43443766418997,-5.18109042478229,4.71922243632655
2022-12-27,-2.3633156967,1.89286157309106,-5.87128770310436,-7.82072141505455,-3.5498050725428,-5.31404746050337,3.14315972656171
2022-12-28,-1.4691714838,2.04507734799344,-6.35148445391106,-8.3193558052,-3.84331299511707,-5.7235143141507,3.15981912900333
2022-12-29,2.8843803473,1.83708468901592,-5.69630052547443,-7.50860816057308,-3.44317913103706,-5.19946103395263,1.96820828190644
2022-12-30,-0.21382751256,1.82298933164637,-5.65188032418116,-7.44102855634815,-3.41633715597344,-5.14527371737551,2.18661312272559
2023-01-03,2.1666666666,1.62837154647623,-5.03843761073139,-6.68222386038333,-3.04170607985242,-4.66682112674462,5.24193746926487
2023-01-04,-0.7923560941,1.63949576956001,-5.07285145790179,-6.74767970225,-3.06202139408557,-4.6970601703119,7.08828576244947
2023-01-05,-2.3725628377,2.06197507953736,-6.40338557221287,-8.44153741301875,-3.87446559406869,-5.77920753077941,3.11662153330568
2023-01-06,3.5611164581,2.32048404279306,-7.21991705333296,-8.7728165469,-4.37315120342549,-6.17713942831636,5.13128848345845
2023-01-09,1.4869888477,1.84029845448745,-5.70537633515938,-7.50860816057308,-3.44782624926926,-5.19430680190426,3.47135334289597
2023-01-10,2.8731684983,2.13652386934391,-6.63974517434704,-8.44153741301875,-4.01883496052222,-5.86340492097538,5.89989290923081
2023-01-11,5.8083898964,1.94730471967787,-6.04226863160388,-8.009869490845,-3.65332650953778,-5.43514378648049,3.95881574808263
2023-01-12,0.18929435282,2.24724290981036,-6.98898989110375,-8.55068965488,-4.2320767950304,-6.14304077826607,6.39460024365051
2023-01-13,2.9914978482,1.98001369264781,-6.14589146827136,-8.009869490845,-3.71664620255328,-5.5018308128557,3.44932967214219
2023-01-17,-2.1096616388,2.30621654442955,-7.17576538277243,-8.7728165469,-4.34628937416984,-6.17713942831636,3.27477974436589
2023-01-18,-0.61426340453,1.93915022065715,-6.01753796039908,-8.009869490845,-3.63558455588556,-5.43514378648049,5.23306432453775
2023-01-19,-1.8646553529,1.90655098930792,-5.91407937097099,-7.91178937637143,-3.57220506576098,-5.32994690685172,3.49916514067922
2023-01-20,3.8108454311,2.13595350359721,-6.63801697921681,-8.44153741301875,-4.0147793693058,-5.86340492097538,3.00937973372793
2023-01-23,0.27763496146,1.91514431548531,-5.94210028375915,-7.91178937637143,-3.58948394299551,-5.35034599383256,4.09777689598025
2023-01-24,-1.2305168171,1.80395652910935,-5.59106432421098,-7.37293097190357,-3.37486649768995,-5.10439897367374,3.32196331705169
2023-01-25,0.89285714294,1.95875270406648,-6.07899383779912,-8.009869490845,-3.6733737187479,-5.4570976559284,5.07712904911946
2023-01-26,2.0991973657,1.85576250583994,-5.7537184482621,-7.58064392268,-3.47435147316526,-5.23196129349674,5.38441254223555
2023-01-27,3.0437411813,2.0804988562681,-6.46260201816654,-8.44153741301875,-3.90707800890309,-5.80716894030597,4.1981136382607
2023-01-30,-1.6529733959,2.14097817880803,-6.65339023972786,-8.44153741301875,-4.0234826303443,-5.86340492097538,3.19149486504451
2023-01-31,2.565887618,2.01047223583685,-6.24217937365627,-8.10762982643158,-3.77226275151232,-5.595697542208,4.05476801813542
2023-02-01,1.9586929118,1.86898472466359,-5.79495699569252,-7.65669681965833,-3.49910225920495,-5.27056994411,6.59618902156827
2023-02-02,7.3799334285,1.99220169638206,-6.18309732252306,-8.10762982643158,-3.73580438704751,-5.54789238892857,10.8192661657339
2023-02-03,-8.4314941104,2.31313535387304,-7.19343956901788,-8.7728165469,-4.35322846703178,-6.17713942831636,13.3577733394143
2023-02-06,-1.1703259503,2.79446269018847,-8.70377583323156,-11.144473184725,-5.28167031287971,-7.06643878775143,6.32625175740021
2023-02-07,-0.068506557091,3.09194643399693,-9.64580813521095,-11.144473184725,-5.85494821261554,-7.76470794730417,8.52080416121884
2023-02-08,-2.0174321809,2.48258472993434,-7.72314866217357,-9.4337960315,-4.67989963238937,-6.54405650554894,4.73559951907232
2023-02-09,-1.8090954523,2.73989251873289,-8.535840382213,-11.144473184725,-5.17638409436235,-6.92026778281053,3.41267742961459
2023-02-10,-0.64128664499,2.34446876522471,-7.28972953888996,-8.86442177557692,-4.41531414578076,-6.32041810372453,5.12587837252528
2023-02-13,1.9772564287,2.11567521103363,-6.56814510553029,-8.44094663051176,-3.97416846594159,-5.87404391624478,3.4513378465879
2023-02-14,0.16073940114,2.22310906869269,-6.90739095760963,-8.54323993335,-4.18192953817509,-6.1489398639931,5.03895528003119
2023-02-15,1.4643931796,1.98931001037466,-6.17014710881834,-8.12382304063,-3.73095898373935,-5.56141500539747,2.52808645486478
2023-02-16,-2.9754843812,2.14073482112367,-6.64871628044288,-8.44094663051176,-4.02395326060374,-5.90231536323939,2.62501452189005
2023-02-17,-0.96790626603,1.78990297243768,-5.54190836886617,-7.4094331490931,-3.34783680785022,-5.137290978,3.12905362356148
2023-02-21,-2.6954732511,1.79200338145899,-5.54872251033151,-7.4094331490931,-3.35201194917374,-5.137290978,1.88877298968519
2023-02-22,1.2793402411,1.8322121191676,-5.67604121856858,-7.54278912167778,-3.43015040060031,-5.1914080696866,3.88016425371641
2023-02-23,0.031318509173,1.62749580125897,-5.03050239809393,-6.74764136666667,-3.0350548175491,-4.69792157064419,2.56896869496406
2023-02-24,-2.4212064287,1.89782144139509,-5.88343174373393,-7.84727674963478,-3.55656965866015,-5.34491864324382,2.51924632272758
2023-02-27,0.2780748664,1.71260741548599,-5.29953408228696,-7.11882260772941,-3.19976712734687,-4.93623305128929,2.17174845072438
2023-02-28,0.50127986342,1.70224980176521,-5.26647892308804,-7.06643878775143,-3.17998172782315,-4.8615132810547,1.89515995404544
2023-03-01,-2.186140295,1.63091507301362,-5.04118628086721,-6.74764136666667,-3.04226620890858,-4.69792157064419,2.622087508798
2023-03-02,-0.043398068829,1.58130534678932,-4.86399675274349,-6.7070708763186,-2.93319386943723,-4.54145462705493,2.81399176087907
2023-03-03,3.0066210789,1.67331028595189,-5.15208996402605,-6.92026778281053,-3.1092826063302,-4.80521963987107,1.96858723559267
2023-03-06,-1.2118018967,1.7046028319272,-5.25065176466347,-7.06643878775143,-3.16840014706274,-4.8615132810547,2.52128821496522
2023-03-07,-0.21333333325,1.56204588756488,-4.80332298365748,-6.62316776239556,-2.8951944872309,-4.51876484842778,3.59661715220134
2023-03-08,0.39551042228,1.64808249446072,-5.07263812449266,-6.78874834635122,-3.0601341656334,-4.71078981002812,2.57424154400616
2023-03-09,-1.778109029,1.81754189300617,-5.6048113782386,-7.47419105459286,-3.38431700034402,-5.17330979149694,3.74905128862811
2023-03-10,-1.647696477,1.65131647273551,-5.08255768053992,-6.78874834635122,-3.06588553800745,-4.73697362255635,6.27085622745832
2023-03-13,1.8736911717,1.83157630970813,-5.64670211523394,-7.54278912167778,-3.41123436733012,-5.17330979149694,9.69475948888013
2023-03-14,2.6506545493,2.19835685001247,-6.79401915195735,-8.44094663051176,-4.11249301160983,-5.98899294877619,3.80244207848625
2023-03-15,1.3912310285,2.63260728914684,-8.15816999404385,-10.2249397436333,-4.94684448448506,-6.7070708763186,7.03945687874956
2023-03-16,3.9916839918,1.99013614244818,-6.14170375647309,-8.02994685368095,-3.71398667973029,-5.538451604075,4.23917458902188
2023-03-17,-1.0895641744,2.41273987602362,-7.46780758886814,-8.86442177557692,-4.5249884971025,-6.39398631937255,4.12475120225854
2023-03-20,-1.2531581607,2.1051491568941,-6.50205185029215,-8.44094663051176,-3.93533402553554,-5.84576195751324,4.17282253347923
2023-03-21,2.9679664312,2.06542757634957,-6.37778051729786,-8.44094663051176,-3.85918358167415,-5.81764646671594,2.24850259872804
2023-03-22,-1.8984196402,2.00840636810384,-6.19955681050107,-8.12382304063,-3.75024880137887,-5.58486164176795,6.09997115971857
2023-03-23,0.010131712224,1.72824431993221,-5.31915777035237,-7.11882260772941,-3.2124290184752,-4.98393216321743,4.39417579131264
2023-03-24,-0.58757977913,2.21444263569715,-6.84531532772886,-8.54323993335,-4.14480158861096,-6.11507393367458,3.0707917256916
2023-03-27,-0.091715071812,2.01545092835345,-6.22110090057447,-8.12382304063,-3.76337362334634,-5.63301065494737,2.37413420222999
2023-03-28,-0.81599347213,1.82682987070706,-5.63031885652027,-7.54278912167778,-3.40192097384287,-5.17330979149694,1.63132775552009
2023-03-29,3.0954339778,1.70202110810404,-5.23945697105379,-7.06643878775143,-3.16304100250519,-4.84712342905169,2.40858586544873
2023-03-30,1.7456359103,1.57707055197031,-4.84699891417417,-6.7070708763186,-2.92289775235642,-4.55249832516454,2.39868377009303
2023-03-31,1.2647058824,1.64444816870304,-5.05870898412918,-6.74764136666667,-3.05222154048649,-4.71078981002812,1.36538262769213
2023-04-03,-0.85197018107,1.61412189364691,-4.96413529822872,-6.69436717962143,-2.99259444019351,-4.61529720982632,2.09070955984758
2023-04-04,1.5037593985,1.4124232199964,-4.33013580370958,-6.19879157327636,-2.60513442997451,-4.22887517843195,2.48151067568843
2023-04-05,-2.7417027417,1.53115269698661,-4.70288256429724,-6.52891368746087,-2.83302770748346,-4.46533052303767,1.74832198634664
2023-04-06,0.94955489621,1.60764499595878,-4.94394687246574,-6.69436717962143,-2.97988319413154,-4.579367243875,1.89437367957661
2023-04-10,0.10777973748,1.47581538182484,-4.52982932904015,-6.377053523008,-2.72696447297611,-4.33787403065253,1.68946790097547
2023-04-11,-2.2022119996,1.48922169150278,-4.57271154725637,-6.377053523008,-2.75306473659578,-4.3688671501529,1.74718575103892
2023-04-12,-2.0916733388,1.4576261254607,-4.47385726886188,-6.377053523008,-2.69267674446214,-4.28786036871534,3.15701117443478
2023-04-13,4.6713687008,1.45861886612396,-4.47656878652153,-6.377053523008,-2.69520686195311,-4.28786036871534,2.16514992852737
2023-04-14,0.10742187496,1.68997157079042,-5.2032606640132,-6.9116094488973,-3.13823134232934,-4.78492458572333,2.70095946616203
2023-04-17,0.22436835425,1.52814827199012,-4.69480540863573,-6.52891368746087,-2.82780647422262,-4.44323998656081,1.48703737260753
2023-04-18,-0.42826552453,1.62442639978055,-4.99751117634675,-6.69436717962143,-3.01263746770151,-4.6653014748217,1.74434842735378
2023-04-19,1.9550342131,1.40932824225396,-4.32212206508129,-6.19879157327636,-2.60013572858422,-4.21067670712456,2.42476690301415
2023-04-20,-0.46979865774,1.45024954488876,-4.45043229179862,-6.33946524086078,-2.67851973927259,-4.278098986175,2.14225802748673
2023-04-21,3.0343897504,1.55016175995751,-4.7641180471133,-6.56829617758889,-2.87013900372388,-4.4990936251958,2.86823111000562
2023-04-24,-0.70119670909,1.49967309738291,-4.60494711416813,-6.41382852582449,-2.77253124508843,-4.37923979584481,2.99443417304279
2023-04-25,-3.4271725826,1.62082176362519,-4.98565294450687,-6.69436717962143,-3.00545899024356,-4.63999507667863,2.53982198004755
2023-04-26,2.3496148971,1.65730675947522,-5.10060339003576,-6.82069455478462,-3.09238303392439,-4.74650815307724,3.42994737934648
2023-04-27,4.6104019813,1.59552579556175,-4.9064638805129,-6.69436717962143,-2.97292039470999,-4.54801246840288,3.2960058937664
2023-04-28,-3.9792387543,1.7448868197042,-5.37682197045193,-7.16967483206562,-3.26027039963961,-5.01461663551429,8.40874720247414
2023-05-01,-3.2242769084,1.74389636859135,-5.37102401292832,-7.16967483206562,-3.25967931262372,-5.00484891965377,2.56962415998979
2023-05-02,1.5482606565,2.43332752075572,-7.53658426346726,-8.86442177557692,-4.58952813499401,-6.41382852582449,3.02100069488657
2023-05-03,0.019299430642,1.71992187831805,-5.29640211020303,-7.11513159167273,-3.2134105257006,-4.92467268376937,4.34953207261878
2023-05-04,0.3376748673,1.79258370579224,-5.52422974439991,-7.41546197093214,-3.35327622304824,-5.08806814850792,2.36026525609369
2023-05-05,1.5913461539,1.98547169947277,-6.13000515155004,-8.069412889485,-3.72542038490853,-5.52013162079873,1.75340089766919
2023-05-08,0.16563342942,1.70130316991826,-5.23857573649071,-7.06131563040294,-3.17787351872067,-4.80829509236218,1.45092358377388
2023-05-09,0.74648020418,1.50405749507665,-4.61876244588582,-6.41382852582449,-2.79720970262003,-4.40435870280654,1.36148056743054
2023-05-10,3.3483398987,1.43313590027112,-4.39600545029857,-6.26707819673962,-2.6603338686811,-4.25535605003214,3.08096607613268
2023-05-11,1.8059715039,1.38792966511722,-4.25342861908082,-6.16430627778036,-2.57263384177216,-4.17180169759774,3.33282522721745
2023-05-12,-1.7115350331,1.65526315553543,-5.09258572439265,-6.82069455478462,-3.08829111252396,-4.7281921479296,2.16933701128982
2023-05-15,0.85253038269,1.70938030285107,-5.26265176085666,-7.06131563040294,-3.19283023048267,-4.86472305473652,2.4169699056071
2023-05-16,1.9784172662,1.5330753045962,-4.70908805248247,-6.52891368746087,-2.85275956168577,-4.45757955687905,2.7050570264044
2023-05-17,1.8518518518,1.58846777980599,-4.88295203767243,-6.69436717962143,-2.95946605100633,-4.52352450353239,2.60324248198972
2023-05-18,2.2943722945,1.65342629367236,-5.08663055939103,-6.77745140157,-3.08461316452291,-4.7281921479296,2.4525342633662
2023-05-19,-1.6081252646,1.63255271472911,-5.0210683787753,-6.73561734786341,-3.04430840445194,-4.65207591389924,1.92133254930423
2023-05-22,-1.0666666667,1.5969532416875,-4.90937969475625,-6.69436717962143,-2.97568652155952,-4.54572688849643,2.30638835286128
2023-05-23,-0.017389792174,1.50593282705474,-4.62350539557937,-6.41382852582449,-2.80008738393433,-4.40435870280654,2.35957628660829
2023-05-24,1.5305678755,1.56763506042099,-4.81732355485736,-6.6508907011,-2.91921897707215,-4.50147519367778,2.56591246649849
2023-05-25,-1.4989293362,1.5700446806271,-4.82473727528703,-6.6508907011,-2.92371443026183,-4.51253374794336,2.56667945155138
2023-05-26,4.4434782609,1.60163229044576,-4.92376450639541,-6.69436717962143,-2.98458589448524,-4.56841043463985,3.69080984076993
2023-05-30,1.2904837233,1.60366347837144,-4.92963892939459,-6.69436717962143,-2.98813532829297,-4.57995247315547,3.72459177153758
2023-05-31,-0.88771987512,1.79601196579374,-5.53382880176992,-7.41546197093214,-3.35950692252446,-5.08806814850792,3.0573454490143
2023-06-01,1.8162215956,1.8197792125386,-5.61021973223769,-7.48284160707407,-3.406249112675,-5.1227287350101,2.99224500839179
2023-06-02,1.2055062312,1.72670783407824,-5.31698445048053,-7.11513159167273,-3.22626159160581,-4.97207443216852,2.70287045359648
2023-06-05,0.84507042266,1.72369292179195,-5.30773408078847,-7.11513159167273,-3.2205585219159,-4.95603959250092,2.38129078562237
2023-06-06,1.0454908219,1.68235247242062,-5.17767741902807,-6.9116094488973,-3.14059927314622,-4.75464746774065,1.98260415560022
2023-06-07,-4.2492694101,1.61071678084346,-4.95265629753348,-6.69436717962143,-3.00227039098102,-4.61544808425522,3.56053245512776
2023-06-08,2.491132558,1.51925593711667,-4.66477359906688,-6.48953709790213,-2.82706366393249,-4.42420707675263,2.93585268860641
2023-06-09,-0.65995975847,1.77153975053603,-5.45720362273876,-7.34994340857241,-3.31447657828191,-5.01399061914151,1.90267986133275
2023-06-12,2.5439520376,1.68162908618536,-5.17502779335115,-6.9116094488973,-3.14089223177715,-4.75057183824355,1.59613766107561
2023-06-13,0.071106897485,1.50685239046601,-4.626015433124,-6.41382852582449,-2.80333724473758,-4.40335162947727,2.36230752456925
2023-06-14,-0.18948365705,1.43890255245183,-4.41237051408929,-6.26707819673962,-2.67186067552475,-4.2648106630244,3.398449818998
2023-06-15,0.54579971511,1.57185590158174,-4.82967628758558,-6.69436717962143,-2.9283250001207,-4.510705523375,2.06779968144835
2023-06-16,-1.2744866651,1.72971776672684,-5.32567266072141,-7.11513159167273,-3.23311424258859,-4.98151197925926,2.35651195461336
2023-06-20,0.23109411104,1.50890769459282,-4.63229448369381,-6.45102473622917,-2.806579921468,-4.40335162947727,2.35227620498758
2023-06-21,-0.75528700909,1.56289651546758,-4.80174270684032,-6.60913461750455,-2.91073688248258,-4.49973584344621,2.5526895844427
2023-06-22,4.2617960426,1.57345718398488,-4.83490025886892,-6.69436717962143,-2.93110197173414,-4.510705523375,3.53803746055415
2023-06-23,-0.63004225876,1.60852100017301,-4.94427626164983,-6.69436717962143,-2.99830421414476,-4.60087729926765,4.12038764989426
2023-06-26,-1.5464316091,1.76069897134749,-5.42182375677704,-7.22734560705484,-3.29194100725051,-5.01399061914151,3.30544574957803
2023-06-27,1.4529176156,1.87153943783284,-5.76963969419185,-7.706316318525,-3.50589350821807,-5.25837685985978,2.63068039216951
2023-06-28,-0.10837590953,1.77253001752493,-5.45920198371151,-7.34994340857241,-3.3149430953994,-5.03017562538857,3.08356988669005
2023-06-29,-0.88344699316,1.67799182498198,-5.16180370705374,-6.9116094488973,-3.13216342702204,-4.75057183824355,2.11636521188076
2023-06-30,1.9233776389,1.75272015751381,-5.39689937629287,-7.22734560705484,-3.27667354622494,-4.99778742891028,1.42983451294776
2023-07-03,-0.10739490653,1.58328128352961,-4.86485094715583,-6.69436717962143,-2.94961468898547,-4.510705523375,1.04367572104443
2023-07-05,0.12286899091,1.420384457582,-4.35402317934537,-6.19879157327636,-2.63562427267148,-4.23649311335205,1.83836581414743
2023-07-06,-1.5493173798,1.30504725867924,-3.99148086648698,-5.82939680090896,-2.41272361346389,-3.99348811908844,1.24269517116376
2023-07-07,1.1062636335,1.43525172561164,-4.40067461127829,-6.26707819673962,-2.6643401813522,-4.2648106630244,1.3881007441407
2023-07-10,-2.0419170904,1.28941887061827,-3.94261439636086,-5.77535790054638,-2.38279863795754,-3.97751729710199,2.70404973987182
2023-07-11,1.2978840557,1.30230909778351,-3.98315341478288,-5.82939680090896,-2.40769320534061,-3.99348811908844,2.01397194352078
2023-07-12,1.5685665476,1.55747618687971,-4.7844353307209,-6.60913461750455,-2.90022634599237,-4.49973584344621,2.24150811404375
2023-07-13,2.6758409786,1.45476800554409,-4.46149469719318,-6.377053523008,-2.70167795558677,-4.29337891000242,3.11906310231144
2023-07-14,0.28294862241,1.49909095433507,-4.60040505428083,-6.41382852582449,-2.78723465666602,-4.37261665680319,1.73879212682468
2023-07-17,-0.8316008315,1.66941780066712,-5.13580223007861,-6.82069455478462,-3.11667278996987,-4.75057183824355,1.90287149788319
2023-07-18,-0.54657082956,1.45186425821404,-4.45210268936577,-6.33946524086078,-2.69602367915837,-4.28376942472831,2.05840772478196
2023-07-19,1.9046902056,1.46623413874552,-4.49722003014246,-6.377053523008,-2.72365612107928,-4.32261762036111,2.20527637857084
2023-07-20,-3.9893617022,1.49116746656694,-4.57544068346053,-6.41382852582449,-2.7718643744937,-4.36254991275633,2.19725389723654
2023-07-21,0.030778701148,1.51552181851939,-4.65198489988768,-6.48953709790213,-2.82502208801806,-4.42136495012157,3.4049156358741
2023-07-24,-0.92307692303,1.4993311037402,-4.60064188903096,-6.41382852582449,-2.79347604682361,-4.37019099253354,2.60642991379852
2023-07-25,0.25621118002,1.71560247047193,-5.28025289023098,-7.06131563040294,-3.21216734144204,-4.91041857531593,1.15124828598053
2023-07-26,-0.75892511422,1.60424864224088,-4.93106496619796,-6.69436717962143,-2.99668739083045,-4.5964136817708,2.72475376579988
2023-07-27,0.078033554564,1.33553061477793,-4.08627414092025,-5.88458188391692,-2.4762489277888,-4.08395938489101,2.42975747416564
2023-07-28,3.0877192981,1.61099049310153,-4.95193318241275,-6.69436717962143,-3.00969207608176,-4.63203887768358,1.75429490819073
2023-07-31,1.1118674835,1.56605969498743,-4.8110562088065,-6.60913461750455,-2.92246858354739,-4.50711004874621,1.70434393536718
2023-08-01,-1.4886295631,1.42380255429558,-4.36411543808274,-6.19879157327636,-2.64704673464351,-4.2443966725807,1.22756234867298
2023-08-02,-2.6425696712,1.39664231551132,-4.27926966977964,-6.19879157327636,-2.59475734358972,-4.19826725156761,2.28894253535563
2023-08-03,0.54597925282,1.30751117260793,-3.99891074410527,-5.82939680090896,-2.42697660129755,-4.01049119133081,3.05335639405275
2023-08-04,8.2693351953,1.49318255720648,-4.58170944838032,-6.41382852582449,-2.78661232254671,-4.37019099253354,5.06131044371402
2023-08-07,1.8986888299,1.6301065792032,-5.01104866803274,-6.73561734786341,-3.05210972993521,-4.65613476442121,2.93238187158084
2023-08-08,-1.6031500492,1.96123785084865,-6.05263453270931,-8.069412889485,-3.69546989553913,-5.44284358486506,2.13052143613393
2023-08-09,-1.493497213,1.68498665095474,-5.18445760556238,-6.9116094488973,-3.15929767792258,-4.77034047903821,1.62451837495736
2023-08-10,0.51505259344,1.57496425513592,-4.83952773579936,-6.69436717962143,-2.94639945226809,-4.50711004874621,2.67609748826656
2023-08-11,-0.10825635117,1.47920366280604,-4.53788527051147,-6.377053523008,-2.76002444727871,-4.35027329769563,1.87066302578561
2023-08-14,1.5605808831,1.64444533151666,-5.05745110512251,-6.73561734786341,-3.07449383930801,-4.70583452745703,1.68494263344495
2023-08-15,-2.0630290959,1.46311802743893,-4.4880474242657,-6.377053523008,-2.72353419175677,-4.32057310552577,1.94933502383187
2023-08-16,-1.8885741264,1.40685438497564,-4.31143661510861,-6.19879157327636,-2.61490908406261,-4.207585350396,2.40256946010866
2023-08-17,-0.80698896872,1.45107957878482,-4.45024043326416,-6.33946524086078,-2.70070019482734,-4.29154748103976,2.72813692965907
2023-08-18,-0.56724884316,1.54118181998057,-4.73296249018113,-6.52891368746087,-2.87503849349454,-4.47459262000405,2.22740436949136
2023-08-21,1.0959315417,1.59551834260062,-4.90373354030396,-6.69436717962143,-2.98021895768597,-4.55080329450071,1.54284039062097
2023-08-22,-0.31927531927,1.51979928003235,-4.66602165066993,-6.48953709790213,-2.83351134640605,-4.44243427629868,1.85519966940552
2023-08-23,0.94599627555,1.39787998603118,-4.28265357370418,-6.19879157327636,-2.59725029099969,-4.18947799970113,1.4361255150168
2023-08-24,-2.7154663518,1.44883808427275,-4.44289678015192,-6.33946524086078,-2.69615817437353,-4.28200650423413,1.93580774069273
2023-08-25,1.0770631068,1.35430897681257,-4.14675637534664,-6.06437297219153,-2.52151438082567,-4.10293205267112,3.28078362022377
2023-08-28,-0.090049527353,1.43297120929724,-4.39302192826892,-6.2323996558963,-2.67382481887547,-4.25407658495353,1.90081903884666
2023-08-29,1.3294276701,1.668734186276,-5.13521499473378,-6.82069455478462,-3.13234767377023,-4.7444821571552,1.47011467355138
2023-08-30,0.1185975836,1.44988038229142,-4.4473935401289,-6.33946524086078,-2.7075451398476,-4.28210986948743,1.45633116514405
2023-08-31,2.1766491449,1.36541036099917,-4.18209295945131,-6.09736474800172,-2.54358258482513,-4.12866225714457,2.32027220516374
2023-09-01,0.079704369273,1.36177850985482,-4.17200667041108,-6.09736474800172,-2.53833079287306,-4.12866225714457,1.74641603931204
2023-09-05,-0.61540689267,1.52218840549414,-4.67529116394786,-6.48953709790213,-2.85057554428569,-4.45306937020267,1.36649544652208
2023-09-06,-1.3914183725,1.39628968092537,-4.27973270415016,-6.19879157327636,-2.60557890559445,-4.19010713715989,1.63880255811579
2023-09-07,1.8395390071,1.31230254018145,-4.01596101030071,-5.85699177645909,-2.44263413583952,-4.03617687976615,2.0190727538955
2023-09-08,0.27566195131,1.36050849254378,-4.1672259560665,-6.09736474800172,-2.53597447722212,-4.12866225714457,1.39625083241651
2023-09-11,3.5231136513,1.43739083945528,-4.40885617844124,-6.26707819673962,-2.68516931822009,-4.25407658495353,1.88969629684519
2023-09-12,-1.3067784766,1.30467172697413,-3.99122480287644,-5.82939680090896,-2.42682126744626,-4.0039835288206,1.37979890517418
2023-09-13,2.5631947887,1.40030689951045,-4.2919352580496,-6.19879157327636,-2.61283536565973,-4.19910740154034,2.40309810170377
2023-09-14,-0.089748015307,1.30241376738799,-3.98365018506839,-5.80233746122206,-2.42205318132114,-4.00994255021869,2.29508903060201
2023-09-15,-2.9919845219,1.50148841120086,-4.60994161598076,-6.41382852582449,-2.79958610411318,-4.41091828149156,2.00986501679962
2023-09-18,-0.2920435928,1.48863458877479,-4.56956183642915,-6.377053523008,-2.78447196109022,-4.37125356993797,1.76224331008524
2023-09-19,-1.6788112588,1.4494878177015,-4.44649842733615,-6.33946524086078,-2.70838326140056,-4.28311518224132,1.79229656318976
2023-09-20,-1.7002107098,1.40213847248581,-4.2977469339367,-6.19879157327636,-2.61639339929341,-4.20006130625568,2.0355809938689
2023-09-21,-4.4053514672,1.41296379457107,-4.3315397093094,-6.19879157327636,-2.63726312391436,-4.21813567435805,2.43855737742101
2023-09-22,-0.16237531891,1.44967675224188,-4.44686115911252,-6.33946524086078,-2.72929099542114,-4.32211374937683,2.58333727798306
2023-09-25,1.6651177199,1.52238148133806,-4.67527024965755,-6.48953709790213,-2.87154556798481,-4.46424695833133,2.31510336987022
2023-09-26,-4.0298621163,1.55644340354304,-4.78200853504216,-6.60913461750455,-2.93810040889677,-4.49611083712449,2.19200561101091
2023-09-27,0,1.52229072812856,-4.67506355689695,-6.48953709790213,-2.87427039591007,-4.46137023752318,3.03217885678689
2023-09-28,0,1.5085628185108,-4.63167670134161,-6.45102473622917,-2.84716875597713,-4.43009593393831,3.36420430540024
2023-09-29,0.90490554048,1.65803498182225,-5.10020471981272,-6.82069455478462,-3.13914279732523,-4.7361849073063,3.36899360623411
2023-10-02,1.8407803649,1.72330450759922,-5.30482047765465,-7.11513159167273,-3.26660414441562,-4.97443481981,3.24367653114239
2023-10-03,-3.661362583,1.73778508697095,-5.35008063817665,-7.11513159167273,-3.29479632875198,-4.98997780655688,2.65697013705758
2023-10-04,1.8280949327,1.7349477901127,-5.34069250197077,-7.11513159167273,-3.2905322128652,-4.97789948634273,2.63440392264538
2023-10-05,-0.81889763778,1.65423693382033,-5.0874174396103,-6.77745140157,-3.13259776056667,-4.72778785789766,1.89316003288152
2023-10-06,1.5878056525,1.64634492257221,-5.06266227244457,-6.77745140157,-3.11737089927263,-4.72778785789766,2.40958693822
2023-10-09,0.23444826511,1.5052208923281,-4.62116123599768,-6.41382852582449,-2.84290630270335,-4.42513636393226,2.11819094728431
2023-10-10,0.95119288944,1.57675961197233,-4.84526534581129,-6.69436717962143,-2.98244024712525,-4.52932293250345,1.62641691785501
2023-10-11,1.8149521162,1.51148023187963,-4.64079677507418,-6.45102473622917,-2.85577039386679,-4.43538289752468,1.64062385527051
2023-10-12,0.37927634075,1.40960296198933,-4.32099621715988,-6.16676585709643,-2.6565467402896,-4.2420596394592,3.19976367197059
2023-10-13,-1.9194438148,1.39513628321645,-4.27492030908502,-6.16676585709643,-2.62703040503536,-4.20609934285393,2.87400539104926
2023-10-16,2.126512058,1.67633344679504,-5.15689290792151,-6.9116094488973,-3.17643684780177,-4.77840583282177,1.93296466415041
2023-10-17,-0.81478687298,1.63382606037795,-5.02352781929405,-6.73561734786341,-3.09420292544265,-4.71175250721783,2.74391583974505
2023-10-18,-2.540503537,1.47682195266616,-4.53090608948496,-6.377053523008,-2.78652239564361,-4.37007179923625,2.30587096029227
2023-10-19,0.21072348391,1.62774075067862,-5.00470945315351,-6.73561734786341,-3.08153344665519,-4.69923264109308,4.39075951253061
2023-10-20,-2.5155763239,1.56933137658307,-4.82066100145731,-6.6508907011,-2.96622719838212,-4.51480334405822,4.28602725788153
2023-10-23,1.1104897339,1.89527412961658,-5.84223774053299,-7.78749411294348,-3.60298568061189,-5.31607485815444,2.7142531316437
2023-10-24,1.580278129,1.9019886527048,-5.86358086716711,-7.78749411294348,-3.61635101290965,-5.31607485815444,2.89190525266464
2023-10-25,-5.5771624145,1.69043918527548,-5.20128388478182,-6.9116094488973,-3.20351724310846,-4.88478561474828,3.79604395350966
2023-10-26,-1.4992997776,1.71972388919473,-5.31366498594611,-7.06989720410882,-3.26771686533453,-4.98092975529459,6.25500154885822
2023-10-27,6.8328175965,1.87008510900992,-5.78516034169247,-7.706316318525,-3.56039210744733,-5.24577622693368,7.23190833776608
2023-10-30,3.8907155158,2.20436187691692,-6.83510544025708,-8.63008085306667,-4.21468367534979,-6.09208364148305,4.97058193291781
2023-10-31,0.28633863312,2.34897243126665,-7.29051622436021,-8.86442177557692,-4.49804271821772,-6.36136938362549,2.26290307229289
2023-11-01,2.9378615973,2.11728162067139,-6.56265734013767,-8.51596666131875,-4.04516777175659,-5.83152898717647,3.26670533429891
2023-11-02,0.78102189782,1.75257488903588,-5.41464385103125,-7.1757773822875,-3.33092746214979,-5.02738571807963,2.33769063004605
2023-11-03,0.38386325778,1.88550326425208,-5.83362276326355,-7.706316318525,-3.59193618177768,-5.30022952142717,1.48364894626341
2023-11-06,0.8225108224,1.701074659897,-5.2531860514372,-7.01891125280571,-3.23088999907402,-4.96538608664554,1.69455549426032
2023-11-07,2.1253756977,1.47633350730528,-4.5461338142856,-6.36136938362549,-2.79104851615511,-4.37756925647391,1.98512030300932
2023-11-08,-0.44145469828,1.45955871944284,-4.49299768167067,-6.36136938362549,-2.75809712121532,-4.35792761413067,1.39435682277622
2023-11-09,-1.0416666667,1.50400943798865,-4.63319100395833,-6.43319081129592,-2.84567964507313,-4.43825900958129,1.57113070136118
2023-11-10,2.1052631579,1.3670895675498,-4.20191714345703,-6.09208364148305,-2.57709415074208,-4.17337470407814,1.29550059053751
2023-11-13,-0.67567567567,1.38618831267121,-4.26208733183963,-6.12385630064483,-2.61486997355338,-4.20861103990559,1.28949606870528
2023-11-14,2.2512097623,1.33046064575308,-4.08688713306761,-5.88475604037879,-2.50583151625766,-4.08871166599275,1.63287057257558
2023-11-15,-1.7832647462,1.31827767216744,-4.04820439716696,-5.83152898717647,-2.4818668331331,-4.07230296172462,1.95224504941023
2023-11-16,-0.25837988815,1.37456229963625,-4.22568204752905,-6.09208364148305,-2.59225079851108,-4.18211627403901,2.16171838602886
2023-11-17,1.6453126093,1.44176719441227,-4.43710687841834,-6.32480557112308,-2.72391844125381,-4.32862584140181,1.39802678978313
2023-11-20,0.65436010464,1.48662814619797,-4.57819678516637,-6.397095203598,-2.81188588074434,-4.40762016527658,1.58051488027669
2023-11-21,-1.5260384589,1.34956273669966,-4.14676138942895,-6.02918884001639,-2.54333366025749,-4.13888945875187,1.87442347913373
2023-11-22,1.9527449618,1.38333567429815,-4.25319425821599,-6.12385630064483,-2.60942301231807,-4.20861103990559,2.04604077782251
2023-11-24,0.020448503892,1.4360009628813,-4.41887448641063,-6.28903199574151,-2.71272926992993,-4.30001307145503,1.54942717561055
2023-11-27,0.67466266864,1.46640785896487,-4.51474999671553,-6.36136938362549,-2.77230649852089,-4.36772050240556,1.82495890894062
2023-11-28,-0.47383740603,1.36427026313498,-4.19331351374673,-6.06049448776333,-2.57232598118205,-4.1646958754462,0.986032190287797
2023-11-29,-0.4828946473,1.41811712799789,-4.36332968185994,-6.15642193705088,-2.67207282548146,-4.26295660643988,1.02867932194722
2023-11-30,-0.15718972118,1.23560028043544,-3.79003778221051,-5.56384326338861,-2.31723183529988,-3.90311715046636,2.73073556495456
2023-12-01,0.64343897593,1.21525347401405,-3.72493938811819,-5.45644529944524,-2.2763645423038,-3.8598130064417,1.52896253092624
2023-12-04,-1.4894919404,1.5373553386594,-4.74001211418013,-6.5086636603766,-2.90763591889657,-4.490490865106,1.87467414100776
2023-12-05,1.408450704,1.32161890109197,-4.06079235264287,-5.83152898717647,-2.48550455532527,-4.07230296172462,2.60488439702839
2023-12-06,-1.6067538126,1.38387154366101,-4.2416154168363,-6.09208364148305,-2.60476195441,-4.19970798194056,1.70880546967613
2023-12-07,1.6329919734,1.53797144198764,-4.72534656406752,-6.5086636603766,-2.90615300651841,-4.490490865106,1.73882173520168
2023-12-08,0.36764705892,1.39361795984097,-4.27219636526168,-6.15642193705088,-2.62372569082535,-4.21752636575056,1.39135537092366
2023-12-11,-1.0378510378,1.38219882291405,-4.23646247154811,-6.09208364148305,-2.60163506336208,-4.19089251807127,2.28131716559038
2023-12-12,1.0898622249,1.31343012270797,-4.02036020718195,-5.8054178731058,-2.466201597155,-4.0561078412264,1.74891957914089
2023-12-13,0.92215893692,1.48412438513792,-4.55619437967064,-6.36136938362549,-2.79985170658807,-4.40762016527658,2.43672304069345
2023-12-14,-0.95404461181,1.37559967605277,-4.21531144084367,-6.09208364148305,-2.58745499440893,-4.18211627403901,2.24376605457518
2023-12-15,1.7297517297,1.51094835599635,-4.63999739055487,-6.43319081129592,-2.85204758427179,-4.44859075515844,1.66837034782499
2023-12-18,2.7338801094,1.48776545544978,-4.56751478211256,-6.36136938362549,-2.80486396042484,-4.40762016527658,1.24520974096853
2023-12-19,-0.18173557473,1.39065925274215,-4.26240423452447,-6.12385630064483,-2.61498562515725,-4.20861103990559,1.27267209114562
2023-12-20,-1.0858963521,1.29047512372421,-3.94806470647591,-5.70549907997123,-2.41931392009473,-3.98538407258592,1.80801224853953
2023-12-21,1.1306863003,1.28538698483049,-3.93189741315467,-5.70549907997123,-2.40930977271329,-3.97780718239952,1.50284487400366
2023-12-22,-0.2730109205,1.37714335715777,-4.22007531052006,-6.09208364148305,-2.5887337662452,-4.18211627403901,0.71379040752032
2023-12-26,-0.0065180550337,1.30581876970805,-3.99638238632628,-5.77974230941286,-2.44952159610675,-4.04807328845657,0.430079487316542
2023-12-27,-0.045629359101,1.1189761513214,-3.409782153396,-5.09153232808077,-2.08447564995838,-3.61507528737931,0.690930691107254
2023-12-28,0.026085822174,1.0296733505099,-3.12944183490929,-4.74367856161328,-1.90989602302997,-3.45320839807207,0.498136460505871
2023-12-29,-0.93884469943,1.07721184940049,-3.27868091098762,-4.98092975529459,-2.00278669346814,-3.55166183043676,0.81623536736796
2024-01-02,-1.3228906148,0.996517121079319,-3.02485160302191,-4.64525954845662,-1.84466365263056,-3.38138645297954,2.05404913580353
2024-01-03,-0.97378776763,1.05923110084039,-3.22164621141781,-4.93489063979825,-1.96732659166783,-3.4869793051894,1.99264250221135
2024-01-04,-2.6267932915,1.34967384668366,-4.13338428904659,-5.99864636477903,-2.53537498332284,-4.1360659628984,2.0354811100766
2024-01-05,0.46344331458,1.36410907470293,-4.17877181377697,-6.06049448776333,-2.56513472895663,-4.17086732791148,1.68225864935746
2024-01-08,2.6576700635,1.39624647761264,-4.27953204123128,-6.15642193705088,-2.62814936855399,-4.22401805560452,1.49848513689403
2024-01-09,1.5224681421,1.3508564033382,-4.13626839484947,-5.94638789193333,-2.53808738351115,-4.09935627163602,1.37681538154977
2024-01-10,1.5590936116,1.32586904413534,-4.05727286960055,-5.75442873735821,-2.48877457287803,-4.05278739273822,1.51102817131621
2024-01-11,0.94321212509,1.28925553283312,-3.94203937524478,-5.63200259879028,-2.41691537961871,-3.95037973464706,2.59226606739219
2024-01-12,-0.36087124618,1.30651173747622,-3.99587297837422,-5.70412631788261,-2.45039711558301,-4.02046097551641,1.41212772088288
2024-01-16,-0.94425042053,1.51320253241401,-4.64555779438801,-6.37421617640213,-2.85551395302887,-4.42067005442649,1.78372033406787
2024-01-17,-0.94672238183,1.29297014862916,-3.95388669739409,-5.65568051254084,-2.4244012157465,-3.97322713770896,1.18614833514015
2024-01-18,1.1798826708,1.36876071077174,-4.19272500291235,-5.97682073797966,-2.57323504055911,-4.13688077454917,1.24027276151308
2024-01-19,1.1986970685,1.24614960708522,-3.80809865260509,-5.51610851581169,-2.33328986710837,-3.88322532365962,1.02504079632615
2024-01-22,-0.36049954942,1.25008533218396,-3.81954573793656,-5.53856925213158,-2.3405188454969,-3.90743704548469,1.72426013736232
2024-01-23,0.80113709773,1.17295807522792,-3.57722807885839,-5.21972811048913,-2.18943085656269,-3.73178721911154,0.709468788175774
2024-01-24,0.54480194849,1.32233138180278,-4.0467594724459,-5.75442873735821,-2.48211814590573,-4.04766679334712,1.30741768562534
2024-01-25,0.56097405486,1.0853912011952,-3.30197974415685,-4.96863134243551,-2.01769974100028,-3.53768897425075,1.9920497299744
2024-01-26,0.86846275753,1.2187459262904,-3.72094249262747,-5.36986312295238,-2.27887389100108,-3.83444557273744,1.7257391730308
2024-01-29,1.344896933,1.36793795277729,-4.19041533338645,-5.97682073797966,-2.57146939776701,-4.14060733930611,0.737462011216577
2024-01-30,-1.4014634751,1.33185846971999,-4.07712204463337,-5.78004682744394,-2.50078281282194,-4.06416207158519,1.14696967309438
2024-01-31,-2.3899371069,1.1070093506016,-3.37053997166239,-5.04843329409314,-2.06030997533765,-3.57214165467231,3.33124658950555
2024-02-01,2.6288659794,1.20636355822899,-3.68411836444487,-5.35024879784471,-2.260001063953,-3.79319305050267,3.00373050535307
2024-02-02,7.8666499247,1.63769492947748,-5.03882224502807,-6.60342019394878,-3.10809656510265,-4.7138516476304,5.73440189426015
2024-02-05,-0.87305744719,1.60505781388792,-4.93507616886558,-6.56531757699048,-3.04363091007145,-4.62699443091591,2.14946820908933
2024-02-06,-0.6811109155,2.04379874997578,-6.31517887770308,-8.11464861106471,-3.90536168439079,-5.60835589322466,1.58339864962044
2024-02-07,0.81584392556,1.5541471678351,-4.77576506778902,-6.48595090590227,-2.94318489379916,-4.48017676302,1.29872316867283
2024-02-08,-0.40462088782,1.46422425505877,-4.4931379936654,-6.268651856798,-2.7665394608257,-4.33531008747799,1.12082789998577
2024-02-09,2.7143193593,1.3771811500497,-4.22269623969158,-6.00751188142241,-2.59684429211124,-4.15814854982079,1.0799996885486
2024-02-12,-1.2095156205,1.30961453954776,-4.01040438925841,-5.72906746351912,-2.46332466793315,-4.02331851086289,1.47721670350623
2024-02-13,-2.1469188814,1.21337782810454,-3.70761938711232,-5.36986312295238,-2.27432746574849,-3.82787962516545,2.66548066655239
2024-02-14,1.3875711575,1.28189407498521,-3.92297148870657,-5.63200259879028,-2.40911505463735,-3.9527653534468,1.32246060841732
2024-02-15,-0.69013919756,1.51648569299347,-4.66137310889879,-6.37421617640213,-2.86595511843871,-4.44820527925878,1.3798183391108
2024-02-16,-0.17078916371,1.27101059705787,-3.88908455956307,-5.60835589322466,-2.38578890853549,-3.92999099454126,1.72804862438169
2024-02-20,-1.4335437437,1.28649685017781,-3.93732416677346,-5.63200259879028,-2.4157601936364,-3.9527653534468,1.84779154963304
2024-02-21,0.9037586784,1.36578952802577,-4.18777716634947,-5.97682073797966,-2.57303186414203,-4.14060733930611,1.65529662358281
2024-02-22,3.5529983985,1.39539043880428,-4.28085625952785,-6.06997865512321,-2.63115083743466,-4.19363101097299,1.7046372331689
2024-02-23,0.23484935264,1.34342680582944,-4.11715447283638,-5.83281980003281,-2.52886174514543,-4.10607669737283,1.76444843027723
2024-02-26,-0.14857991882,1.35949910373589,-4.16691810549356,-5.97682073797966,-2.55933121243509,-4.13189744990994,1.31607902853749
2024-02-27,-0.68105076398,1.37925303633411,-4.22903658031976,-6.00751188142241,-2.59796698981555,-4.15814854982079,0.810926250337911
2024-02-28,-0.21896969001,1.28586322189191,-3.93532627279437,-5.63200259879028,-2.41462199984685,-3.9527653534468,0.746295987294527
2024-02-29,2.079002079,1.15752020149267,-3.53138518177002,-5.16729866659368,-2.16230188224471,-3.70513543073403,1.4200251344826
2024-03-01,0.82597872824,1.12127548313922,-3.39720102677674,-5.0649501206703,-2.08805440180789,-3.58903426681167,0.852104158160818
2024-03-04,-0.35910672195,1.26092564904447,-3.83531942643208,-5.561459007608,-2.3625771591864,-3.91822779036184,1.28343130055965
2024-03-05,-1.9484176146,1.12066972583823,-3.39521558412943,-5.0649501206703,-2.08614946702409,-3.59060978740391,1.33097128102815
2024-03-06,-0.35033310369,1.2097114650458,-3.67409232408882,-5.33079974700698,-2.26118968544774,-3.80895385563604,1.63393067919358
2024-03-07,1.9076710276,1.2262657168182,-3.7255811316717,-5.38968866781205,-2.29350881315247,-3.85888252247674,1.02002791568806
2024-03-08,-0.83135391924,1.29564500631856,-3.94308633027565,-5.63200259879028,-2.42986932177115,-3.98755016043636,1.79450895146299
2024-03-11,-1.9332763046,1.15832838953595,-3.5125233577215,-5.16729866659368,-2.16008243899671,-3.69438733516485,1.54031366160199
2024-03-12,1.9946499186,1.3348204203519,-4.06495911991353,-5.78004682744394,-2.48940424949379,-4.06047932221958,1.39330246499907
2024-03-13,0.66423399276,1.29067819993655,-3.92720544267835,-5.63200259879028,-2.40301526381071,-3.97573667748744,1.07413082295862
2024-03-14,1.2432386509,1.26301213742134,-3.84069959862884,-5.561459007608,-2.34890460734721,-3.92138112467718,1.84530192355277
2024-03-15,-2.4223776224,1.18572940495687,-3.59933472413181,-5.25585171026,-2.19798489929569,-3.75517078269432,1.57722366465595
2024-03-18,0.034399724791,1.35646904417079,-4.13362383294267,-5.91670211297213,-2.53207268569849,-4.11620411498352,1.11980582531012
2024-03-19,0.81384685927,1.2989205627408,-3.95304652352833,-5.67320729020714,-2.41928248088707,-3.97347577051768,0.866648524903509
2024-03-20,1.2791358726,1.19701087152631,-3.6336153610288,-5.28378924683864,-2.22004345593808,-3.78782734389238,1.29545520919029
2024-03-21,0,1.12950596048924,-3.42228976060435,-5.08801393237071,-2.08830806974572,-3.58884855506693,1.38436556329718
2024-03-22,0.40415380317,1.22580857175132,-3.72389051860643,-5.38120115966386,-2.27644107056336,-3.83744130163519,0.643485241524395
2024-03-25,0.46961480402,1.23413641802624,-3.75016159718432,-5.42200958004938,-2.2930301992001,-3.85930126640423,0.782092506918435
2024-03-26,-0.78459740689,1.04657993404633,-3.16264035550034,-4.7811989469916,-1.92676285747348,-3.43659584889751,0.93447590422244
2024-03-27,0.85810431865,1.07013370640154,-3.23637133380969,-4.94199107125648,-1.97306485672342,-3.46899761611564,1.16417970502727
2024-03-28,0.30584440847,1.10530460665564,-3.34643146716314,-5.02158464952718,-2.04158442680072,-3.54210277095382,1.05041315917757
