"Date","Returns","Sigma2_GARCH","RV_APPLE"
2003-01-02,3.2798344,NA,8.30819857474863
2003-01-03,0.67567180067,NA,6.56815955571579
2003-01-06,0,NA,7.34441750201115
2003-01-07,-0.335565358,NA,10.0133315272139
2003-01-08,-2.0202032527,NA,6.09821234463799
2003-01-09,0.89347156536,NA,5.54782472639613
2003-01-10,0.27247929847,NA,7.43397305828808
2003-01-13,-0.61141406904,NA,6.98257126136521
2003-01-14,-0.13670852777,NA,5.02523397378693
2003-01-15,-1.2320284444,NA,5.58810820322485
2003-01-16,1.3166983808,NA,7.59314012823281
2003-01-17,-3.5567681816,NA,5.62562180349154
2003-01-21,-0.56737533005,NA,3.83356717122418
2003-01-22,-0.99857588266,NA,4.2102652745246
2003-01-23,2.0893368837,NA,6.20765393933032
2003-01-24,-2.6111494959,NA,8.46380099010675
2003-01-27,2.3913037619,NA,10.0944724155161
2003-01-28,3.1847120001,NA,6.40863567364652
2003-01-29,2.4005513258,NA,6.8096040150006
2003-01-30,-4.0857374272,NA,6.69190974315928
2003-01-31,0.27932934863,NA,10.2569496496489
2003-02-03,2.0891378685,NA,6.47132931700972
2003-02-04,-0.40927330538,6.67858426768298,8.5914673057239
2003-02-05,-1.0274011527,7.28434418722715,10.2402310453309
2003-02-06,-0.13840487436,7.9659733378488,6.51455578494943
2003-02-07,-1.9404066578,7.30061726990522,4.27754778031248
2003-02-10,1.4134329918,6.22606591366805,8.01759384527513
2003-02-11,0,7.0504603201837,7.03190139402212
2003-02-12,0.27874537136,6.71872072646667,4.18618765852803
2003-02-13,1.0423878732,5.54606374249251,4.73284513909323
2003-02-14,0.89408607146,5.43138551859538,5.35237188217689
2003-02-18,4.0899821292,5.65775797233808,4.95547048091541
2003-02-19,-2.7504915764,5.24998595684434,4.2100594485141
2003-02-20,-0.53872001108,4.79223694992958,4.89320532022969
2003-02-21,1.5572074144,4.98292578678616,3.85318980354505
2003-02-24,-1.7333333333,4.70767215660616,3.85997448198074
2003-02-25,1.89959605,4.54313232497922,4.21858944090512
2003-02-26,-3.4620535414,4.51220631659506,3.79694577287712
2003-02-27,2.4827562529,4.36660956561011,5.77858118501789
2003-02-28,1.0094251391,4.7789304188755,4.82699580029661
2003-03-03,-2.3984050957,4.71257403823001,4.25687880031534
2003-03-04,-0.61432901884,4.64281918110541,3.40972502838444
2003-03-05,0.41208423227,4.38886479772072,4.88686194627741
2003-03-06,-0.41039306707,4.73054437966256,5.92743244751658
2003-03-07,-0.20604866613,4.92265080571423,6.39646319933814
2003-03-10,-1.1011689632,5.1623588798803,3.70184166190886
2003-03-11,-0.97425431059,4.59901934418416,3.95818293365926
2003-03-12,-0.070268977652,4.68804474203224,6.35003598820731
2003-03-13,3.5161743363,5.27229362369024,5.94160224887175
2003-03-14,0.40760506017,5.19122908177757,6.83648977020346
2003-03-17,1.5561603523,5.39226881631523,7.69859684552373
2003-03-18,-0.066623775729,5.9996788061054,5.10646138212561
2003-03-19,-0.33333460487,5.68183872856949,5.26921517550759
2003-03-20,-0.26755827676,5.59084576062346,5.65460181748032
2003-03-21,0.60362275999,5.62984169144478,5.63658288545298
2003-03-24,-4.200000763,5.50367291829013,3.87899233427323
2003-03-25,1.2526117371,4.77648595340318,5.14536204508111
2003-03-26,-0.96220165969,5.00630751705888,4.28873328602635
2003-03-27,0.55516949724,4.75398376142688,4.69251594096395
2003-03-28,0.55210438204,4.72078994337132,3.38694910956965
2003-03-31,-2.9512653432,4.24709293607073,3.85249254500163
2003-04-01,0.14143920507,4.31282246645661,4.24346289593755
2003-04-02,3.1073484379,4.27773227709972,4.33866506999446
2003-04-03,-0.95890643615,4.30007205788747,5.32862095229057
2003-04-04,-0.34578278419,4.55154327136707,3.95154711127089
2003-04-07,0.55516949724,4.37096512289112,4.1662024601222
2003-04-08,-0.27605219111,4.43181183695764,4.33299864761889
2003-04-09,-1.7993095661,4.45804877386814,4.86023044178613
2003-04-10,1.268501131,4.61282962483887,3.2675142112719
2003-04-11,-8.1419630174,4.10873068400212,23.9850572784272
2003-04-14,2.8787887873,9.97437019774891,4.56603647303478
2003-04-15,-1.3991132654,6.6691268974688,5.0290120569108
2003-04-16,-1.1202432291,6.81433503890944,16.9694655321027
2003-04-17,-0.90634356211,10.2513832992939,8.64504726577369
2003-04-21,0.15244251481,9.42986167106072,3.50558475146051
2003-04-22,2.8158285837,6.28983908893828,4.47422371036794
2003-04-23,0.51813244736,6.439397910999,3.78164106052551
2003-04-24,-1.030930369,6.17245012792931,24.252036735137
2003-04-25,-0.66963691761,10.6138732129973,3.88612297108389
2003-04-28,3.8202191809,6.58082109795359,6.6042758544204
2003-04-29,1.4430069834,7.40196787905134,9.60666642657952
2003-04-30,1.1379789661,8.5104508974856,6.73680488498608
2003-05-01,0.98452452203,8.36063882421108,5.25412650586519
2003-05-02,0.62674202454,6.03100403419313,3.60802217102654
2003-05-05,11.349483494,5.71353350572216,28.7905460889914
2003-05-06,8.7632059294,12.6239170878905,17.8993733329401
2003-05-07,0.85714067718,11.7341504750958,11.2276811117922
2003-05-08,1.9830050369,11.1219916179669,8.50649776098355
2003-05-09,1.6666624282,11.0362358364288,4.81950917198648
2003-05-12,1.4207663375,10.5376361448965,7.6484114097018
2003-05-13,0.59267571924,8.72293698811894,5.88424152932912
2003-05-14,-0.64274685983,7.11767891346336,4.5087250098281
2003-05-15,0.97035208946,6.0285147352381,5.05686144652887
2003-05-16,0.37373036066,5.74752682774822,4.1372256768655
2003-05-19,-3.7233983191,5.50920105414673,3.9941963355423
2003-05-20,-1.7127041957,5.00676356183181,8.22903130235437
2003-05-21,0.33726510883,5.98993791916264,6.65251002794997
2003-05-22,2.1848704835,5.97247030203234,3.90772653359143
2003-05-23,0.43859607831,5.37089212679446,4.44707938123541
2003-05-27,3.0567656946,5.5016141342697,8.23168920362354
2003-05-28,-3.1779581608,6.52201191832668,6.62234895901855
2003-05-29,-0.9846843458,6.08526172119648,7.3424416306168
2003-05-30,-0.82872715684,6.28918222973649,9.35738218200921
2003-06-02,-2.7855152019,7.23184300854594,8.13117348725316
2003-06-03,-0.80229966134,7.4330941710302,9.05145887497713
2003-06-04,1.6753375186,7.70389055552548,9.42287133828087
2003-06-05,0.22726708703,8.10942513202653,8.09385744588776
2003-06-06,-2.7777765765,7.8400367368766,10.2797471836486
2003-06-09,-2.0991178484,8.27189942378203,7.91312718532357
2003-06-10,2.3228074353,7.82111571071002,7.25618208659033
2003-06-11,1.5715975143,7.50382484087575,7.22398685562541
2003-06-12,1.8338090591,7.27150929045137,5.27055067430531
2003-06-13,-1.9696138011,6.61174809043141,7.92143471510484
2003-06-16,4.8794510778,6.82137189383485,5.92215777540682
2003-06-17,-0.43787587128,6.26753428622068,7.09546987152174
2003-06-18,5.1127008128,6.46390143145842,8.37152062530935
2003-06-19,0.10459492441,6.83443942222179,13.761243579213
2003-06-20,0.31348680877,8.7507063089355,7.61625772732622
2003-06-23,-0.72917339303,7.65640321458633,8.44398469629217
2003-06-24,-1.4690387573,8.08595256505649,6.29974082387966
2003-06-25,1.6506893218,7.64403963554028,7.281036933955
2003-06-26,1.0476729247,7.71016530442097,6.43374694842196
2003-06-27,-2.9030655609,6.75032866154912,7.1862057765604
2003-06-30,1.7618789736,6.83598800220618,3.27172958625476
2003-07-01,0.15740129857,5.57124018259405,6.63111420012492
2003-07-02,0.94290363413,6.16930954086225,3.70015056705626
2003-07-03,-0.72652461695,5.24609838392199,5.96832712812931
2003-07-07,3.8682786771,5.5669519173171,5.67844653700805
2003-07-08,2.6673314387,5.32949702485942,5.76112734121969
2003-07-09,-2.5000011687,5.60277630939582,6.73374442691017
2003-07-10,-1.5585695095,5.76026468449744,5.6524632206499
2003-07-11,1.3789604638,5.77483691483567,5.79449941188714
2003-07-14,0.25188724212,5.77151949892249,5.58064812196693
2003-07-15,-1.4572864322,5.71422932020011,6.93466378703606
2003-07-16,1.3258541561,6.08574139131275,8.91582014268372
2003-07-17,5.1836940111,6.67173813644529,10.4774321987199
2003-07-18,-0.1961722488,7.49650029939321,6.6606380124428
2003-07-21,-1.1937293255,6.93222419402208,5.95954030245135
2003-07-22,0.92188258132,6.83879757094506,8.97333780423784
2003-07-23,-0.04807692294,7.55233124219231,5.31477540813606
2003-07-24,-1.3468013468,6.51440074239673,8.68799761455012
2003-07-25,5.0219405168,6.90000026929335,12.5654220627973
2003-07-28,-2.5533890436,8.25174441552878,6.13557516288705
2003-07-29,-1.2863268223,7.15802315571979,8.00812069446677
2003-07-30,-2.1235521236,7.38372226612078,4.49292566662581
2003-07-31,3.9447731755,6.67283111043987,6.9779188133964
2003-08-01,-1.6603415558,6.93491445312202,6.54383123968546
2003-08-04,2.3154848044,6.19951960647721,7.21431333730376
2003-08-05,-3.9132484677,6.45404736654779,7.72908860459974
2003-08-06,-3.6800785083,6.52249293576045,6.65247670756543
2003-08-07,1.5282730514,6.57983292543313,6.20425718229544
2003-08-08,-1.4550928247,6.4205337325567,5.30085695255038
2003-08-11,0.10183299382,6.12030922257107,3.49150823998697
2003-08-12,0.20345879966,5.38800853436039,2.88578239659716
2003-08-13,2.4365482233,4.73548438506471,4.09809750915786
2003-08-14,-1.0406342913,4.65517781762497,3.69942179557404
2003-08-15,-1.3019529295,4.2927174267391,3.54725787194598
2003-08-18,3.1963470319,4.04234027681323,4.74547511128636
2003-08-19,-0.09832841688,4.35186720986357,7.36088146108043
2003-08-20,3.3956692914,5.29663413303198,6.61184174182637
2003-08-21,3.188957639,5.44724945719678,5.25980582827038
2003-08-22,-3.6900369004,5.36362702313952,6.73307330863205
2003-08-25,-0.095785440681,5.97481499430961,3.62126192882993
2003-08-26,0.91083413245,5.28605275755096,7.02156747305104
2003-08-27,2.0427553445,5.80086766327648,3.23425089068888
2003-08-28,3.3054003725,4.76171649287031,3.96386809742815
2003-08-29,1.8927444793,4.7210985191961,4.21714152592863
2003-09-02,1.0614772225,4.48719039366315,4.2843013574549
2003-09-03,0.43763676149,4.55541453972239,4.53267074639815
2003-09-04,-0.52287581702,4.31330297898188,4.5471177389767
2003-09-05,-1.4454664914,4.44386112161348,4.75919889111974
2003-09-08,1.0666666665,4.5498784807849,3.31654083532804
2003-09-09,-1.6270888302,4.1830945171449,3.41660818313736
2003-09-10,-0.84935181039,4.08859457454474,4.63003024945079
2003-09-11,1.7132551848,4.30403826368116,6.97181442018369
2003-09-12,2.3936170213,4.99346755808709,3.11081392695587
2003-09-15,-3.8528138529,4.14982475284415,3.96195401457246
2003-09-16,0.67537145424,4.3662087967318,3.92145219133001
2003-09-17,-1.0733452594,4.41591162197801,3.8388378258012
2003-09-18,3.4358047018,4.31668844421211,4.74972735493649
2003-09-19,-1.3111888113,4.22980067627361,4.69898885643848
2003-09-22,-2.2143489814,4.37935986906612,5.66652214408946
2003-09-23,1.5851449276,4.72707812078162,4.15191232082058
2003-09-24,-4.9487293802,4.48517711525488,5.45060177307328
2003-09-25,-4.1744840526,4.87768772927477,15.1762085143333
2003-09-26,1.2726382769,7.76278277717539,8.44849995741777
2003-09-29,2.9482841954,7.02490803036671,8.69319298594825
2003-09-30,-2.7230046948,7.43131860238147,8.46536057389401
2003-10-01,0.33783783783,7.89181829233971,10.1295070095565
2003-10-02,-1.0582010583,8.72627998463188,4.41287858939751
2003-10-03,5.4448225572,6.56347380973493,5.43722813042039
2003-10-06,2.766251729,6.41493742755259,2.59807749783144
2003-10-07,4.1722745626,5.24663278747052,5.28660933068158
2003-10-08,-0.68906115412,5.36380075868133,4.94031168803607
2003-10-09,1.6912402429,4.7449506401316,9.76111990432458
2003-10-10,0.98081023443,6.1984477243185,4.40503105490144
2003-10-13,2.8293918918,5.16246642774216,2.26329067125124
2003-10-14,0.82135523608,4.72927962932847,3.14301832397744
2003-10-15,1.0997963342,4.64580311887104,3.80281588595862
2003-10-16,-6.3255439163,4.63365706764604,10.667154292838
2003-10-17,-2.1505376344,5.95408101390265,5.76927464139998
2003-10-20,2.065934066,5.27249444438707,4.98922914843857
2003-10-21,-0.17226528853,5.43858421657789,3.92125244976867
2003-10-22,-1.8119068161,5.33554395095947,5.47615223777676
2003-10-23,1.0105448153,5.7853812361337,5.86448730078438
2003-10-24,-1.6963897346,5.33582558840741,4.31525653477255
2003-10-27,0,4.90312247809748,3.70964859203814
2003-10-28,4.9557522125,4.59042690330682,4.31913280970477
2003-10-29,-0.12647554804,4.71434112228156,5.00169701721761
2003-10-30,-2.5327142254,4.75779214151158,8.39970521175839
2003-10-31,-0.86617583365,5.61995915550555,3.00259219971088
2003-11-03,1.1358671909,4.50511047509439,3.51352256277538
2003-11-04,-1.0367170627,4.56615909266214,4.01038553106811
2003-11-05,0.52378873843,4.60930194167375,5.11419226288481
2003-11-06,0.39079461585,4.8265057771294,2.83503583558747
2003-11-07,-2.6816608996,3.80971131425308,2.58847709000963
2003-11-10,-2.6666666667,3.70789893113403,4.03308267780092
2003-11-11,-1.6438356165,3.97931969675677,4.12481151447147
2003-11-12,3.6675951716,4.00597933779801,4.28605236309052
2003-11-13,0.40304523063,3.95495762354404,6.0968995135134
2003-11-14,-4.2818911686,4.64169663230271,5.71737214879729
2003-11-17,-1.5377446412,4.93083676694884,5.96834704309442
2003-11-18,-3.4074775201,5.15823996068763,6.52244809427956
2003-11-19,0.048505634368,5.52092118565834,7.57716210322199
2003-11-20,-0.21988354492,6.07860259521739,7.77565981318234
2003-11-21,-0.46625766872,6.31973822027884,4.43980598485337
2003-11-24,4.2899408283,5.59959475908302,5.36705671644371
2003-11-25,-2.2222222223,5.69023790950309,3.91682874107569
2003-11-26,0.19342359792,5.15269237800164,7.10649991955498
2003-11-28,0.91698841698,5.6700569695316,3.30058415948198
2003-12-01,3.8259206121,4.51858078822371,4.86308847135731
2003-12-02,-0.78304928602,4.83298112479872,5.38119038714997
2003-12-03,-2.3676880222,4.90570904145338,5.62520030912871
2003-12-04,0.5706134094,5.15059321227642,3.92016233664229
2003-12-05,-1.4184397162,4.51033021748267,3.74535999830663
2003-12-08,0.95923261379,4.52744439512256,3.86398645748604
2003-12-09,-2.8503562944,4.43087631725361,5.17114797171416
2003-12-10,-0.34229828861,4.64663265277766,4.02062263431341
2003-12-11,4.0726202158,4.28129086559972,5.4809749344205
2003-12-12,-1.5087223007,4.71227116711731,3.76045099194023
2003-12-15,-3.4466251795,4.41575487465398,5.18756203421671
2003-12-16,-0.24789291028,4.81175567393943,3.60863317433246
2003-12-17,-1.1928429423,4.35399932779658,3.96681324194331
2003-12-18,0.80482897374,4.39930786096896,1.19001597475871
2003-12-19,-1.6966067864,3.42270291640583,4.04179560689526
2003-12-22,0.76142131984,3.92941877115876,4.19075303711473
2003-12-23,-0.20151133522,3.82561198516754,3.04717001793037
2003-12-24,3.0287733469,3.53917960168346,2.03698529693403
2003-12-26,1.8128368447,3.13950832689754,3.00055145406361
2003-12-29,1.7805582291,3.48970742424236,2.0705713221899
2003-12-30,0.61465721028,3.10260715191776,2.12213502271522
2003-12-31,0.42293233091,2.85502742322701,2.33659122552506
2004-01-02,-0.42115114657,2.80828187852064,3.46261732297614
2004-01-05,4.1823308271,3.14997797621751,3.16408556496656
2004-01-06,-0.36084799285,3.10335773741273,6.68425672668978
2004-01-07,2.2634676325,4.22111155514325,4.29550498964786
2004-01-08,3.4085878708,4.05066119196006,5.347355627869
2004-01-09,-1.5410958905,4.57124816326082,7.03575332713734
2004-01-12,3.1739130436,5.27234408814289,4.28930464666864
2004-01-13,1.6434892539,4.91795863992834,8.66228150445493
2004-01-14,0.33167495858,5.9147761916452,3.47883354816737
2004-01-15,-5.5785123966,4.92155396445062,8.51435225338163
2004-01-16,-0.56892779003,6.16338088735177,3.68104495821222
2004-01-20,0.044014084597,4.95508138379432,2.89060898643283
2004-01-21,-0.52793664763,4.66147131507472,4.09343783762614
2004-01-22,-1.9018133568,4.36824423938744,3.51093498550732
2004-01-23,1.7132551848,4.28535572619847,4.36345153398062
2004-01-26,1.994680851,3.97884264438261,2.66802563089004
2004-01-27,0.26075619298,3.56703335503853,4.24048375957157
2004-01-28,-2.384048548,3.99265936706652,8.06905173626149
2004-01-29,0.71047957372,5.12309833536932,8.15387093699007
2004-01-30,-0.529100529,5.6773894390545,4.52234216804916
2004-02-02,-1.0638297872,5.08461820569555,6.40762050981999
2004-02-03,-0.26881720423,5.84446169661317,4.42807021268882
2004-02-04,-2.111410602,5.53690373717076,4.89210367093152
2004-02-05,2.8912345113,5.27692760721231,3.8876595292218
2004-02-06,1.2934879571,4.64068696724426,3.4291594973851
2004-02-09,-0.18934390127,4.42258665666808,1.89668300751754
2004-02-10,1.3808620461,3.65009556413424,2.56386275145883
2004-02-11,3.5683202785,3.5439321297052,3.7284068290811
2004-02-12,-0.2941176469,3.59702253888333,2.10110506118306
2004-02-13,-3.0762747578,3.10816588015409,8.61680597480493
2004-02-17,0.695652174,4.79763508829475,3.47721728094594
2004-02-18,0.43177892912,4.08668409795713,2.50201903276607
2004-02-19,-3.39638865,3.87636062147562,4.94762842202299
2004-02-20,-0.31152647989,4.43831711595046,2.63247630868165
2004-02-23,-0.93749999987,4.09673529744791,4.34954178683956
2004-02-24,0.7661108606,3.92581357065168,6.3351354950535
2004-02-25,2.0125223615,4.59755724145876,2.94314700426859
2004-02-26,1.0083296798,4.05390593186019,1.65585143706817
2004-02-27,3.8194444445,3.4655116810591,3.10406828613835
2004-03-01,0.41806020072,3.75961028572149,3.14313012214366
2004-03-02,-0.87427144044,3.60475780926496,2.2384890977176
2004-03-03,0.46199076023,2.96478297423453,3.37703552463908
2004-03-04,5.1839464884,3.20141848561544,3.19908944627798
2004-03-05,6.2798092209,3.32091381634974,20.1309795631863
2004-03-08,-2.7673896783,8.194128992602,11.7126605380964
2004-03-09,4.2307692307,7.72594059797481,7.38236102595654
2004-03-10,2.1402214021,7.56569799390172,7.36067959783432
2004-03-11,-1.9147398844,8.02211462456284,7.9080859889977
2004-03-12,1.5101289135,8.66833788553823,4.51213038424478
2004-03-15,-4.0275761973,6.38326291297947,5.90452193951287
2004-03-16,-2.381852552,5.99896755536989,8.96120441465401
2004-03-17,1.4329976762,6.73875870616786,3.44490312284472
2004-03-18,-1.9854906453,5.32963545203122,5.98407349928697
2004-03-19,0.74016361505,5.57044949636762,4.77030062875639
2004-03-22,0,5.40342825853456,7.6884693791964
2004-03-23,-2.204176334,6.11737075281667,4.45258510248432
2004-03-24,0.83036773431,5.07717380428367,5.5333104290233
2004-03-25,5.3725490196,5.49911518619085,6.51628858932246
2004-03-26,0.63267584665,5.7276577957353,2.83911500102589
2004-03-29,3.2174556212,4.8826777763944,2.43955818782172
2004-03-30,0.035829451917,4.24312013709435,3.09815978307286
2004-03-31,-3.1518624642,4.20789621639031,3.21624361697824
2004-04-01,0.25887573956,3.97460845683502,5.79540078111018
2004-04-02,1.4385835486,4.3604567001506,5.18950862186592
2004-04-05,2.9818181818,4.5246919737735,4.40410917599254
2004-04-06,-1.7302259887,4.61212766464899,5.32376462065851
2004-04-07,-1.868487244,4.92626946482227,3.33575598480861
2004-04-08,0.80556572684,4.54751614653877,3.47842595602412
2004-04-12,1.8525245188,4.29480877324395,2.19199930339366
2004-04-13,-3.9586305279,3.71409972096806,4.25976914634668
2004-04-14,-1.0768659487,4.03231496883953,5.03475837883194
2004-04-15,9.9849849848,4.13706916930375,12.657267401176
2004-04-16,-0.40955631403,6.51062713531535,5.68411990138047
2004-04-19,-2.8444139821,5.53328139964599,6.29265410773993
2004-04-20,-2.1869488537,6.10450333809028,2.4614452178158
2004-04-21,0,5.22725205353693,5.85238793130677
2004-04-22,0.18031013351,5.90671881208138,4.69468873938751
2004-04-23,-0.28797696186,4.81673551149256,5.36211281347043
2004-04-26,-2.0577617329,4.9016674679401,3.48978007441499
2004-04-27,-0.70033173606,4.26008864767791,4.15389515718813
2004-04-28,-1.8188567186,4.54584725283077,5.40978525629658
2004-04-29,1.2098298675,4.72868071808725,9.41212675852483
2004-04-30,-3.6981695927,5.97594316776166,9.18556171608264
2004-05-03,1.1249030256,6.39237305333764,6.5012045243278
2004-05-04,0.26850786344,6.28025784392989,11.815359334144
2004-05-05,1.9510328997,8.07031744603388,7.72079984373287
2004-05-06,-0.26266416507,7.63431249346772,6.24027237522443
2004-05-07,0.33860045151,7.04276702423106,4.6778005944784
2004-05-10,-1.4623172104,6.27589151325047,7.15710819902687
2004-05-11,3.2724505327,6.79708296709262,4.8164298396359
2004-05-12,0.58953574062,5.63499925454046,8.77509963781203
2004-05-13,-0.40293040283,6.47081287282197,6.87400522318075
2004-05-14,-0.47811695486,6.22877707230788,5.94946166609255
2004-05-17,-1.5521064301,6.2145800229802,6.96482814314317
2004-05-18,1.5765765766,6.33432058670693,3.85982957539525
2004-05-19,-2.1803399852,5.684396545085,2.26918758506452
2004-05-20,0.90668681532,4.67350880512017,4.50117591676242
2004-05-21,1.4975664544,4.80948824330838,2.91337469213566
2004-05-24,0.84839542615,4.18596472924356,5.99440438563947
2004-05-25,3.9136795904,4.61736968701654,3.17261709217004
2004-05-26,0.35198873629,4.04353249497096,5.3646716637046
2004-05-27,-1.1925640126,4.77119495076872,3.50145683233928
2004-05-28,-0.39048633298,4.33715441489227,3.39256173599071
2004-06-01,0,4.35895634004528,3.58462776030158
2004-06-02,3.064861012,4.093129271342,4.20744974497416
2004-06-03,-1.7980636238,4.28412300959005,6.11710167390711
2004-06-04,1.3380281691,4.69287405629384,3.63915166618182
2004-06-07,3.5788742183,4.2330174344449,3.15044728365465
2004-06-08,1.8114726601,4.09520546883636,4.15171092542677
2004-06-09,-0.4942339373,4.31721423052402,2.97620365619196
2004-06-10,1.7880794701,3.96986303913257,2.73668502655461
2004-06-14,-2.0169160703,3.53173693961542,2.04324711424712
2004-06-15,1.8924302789,3.22096691847041,2.79277837515005
2004-06-16,6.6797002281,3.27511513782489,5.91608422721337
2004-06-17,0.21380574217,4.00019984112644,4.79083766783802
2004-06-18,0.30478512635,3.99866943884076,3.14300012842899
2004-06-21,-1.7623822545,3.73698269609237,4.60642855184418
2004-06-22,2.0723785956,4.27421774412826,4.37251797567208
2004-06-23,2.1212121212,4.41968715168692,2.55985086457217
2004-06-24,-1.5430267063,3.72831226725078,2.32913643390087
2004-06-25,1.5672091622,3.41524837673506,3.41553955372887
2004-06-28,-3.590504451,3.61669478725145,6.00636574008385
2004-06-29,0.030778701148,4.2327711109675,4.63561432348386
2004-06-30,0.12307692304,4.0214517353378,4.70740859979242
2004-07-01,-0.73755377998,4.27643118550038,2.40695274723395
2004-07-02,-3.7770897833,3.88332320023544,9.34867635011233
2004-07-06,-0.41827541827,5.76238135279189,3.40310620265284
2004-07-07,-1.8093699516,4.44928982221405,3.92610541792411
2004-07-08,-0.82263902596,4.44844461696649,4.34515607463291
2004-07-09,-0.36496350376,4.48502260179223,3.16928446796691
2004-07-12,-2.9637029636,4.36641515693825,4.37937704612306
2004-07-13,0.27453671937,4.03113376683931,3.73445275356159
2004-07-14,1.2320328542,3.96101833268736,6.16475866564388
2004-07-15,11.325219743,4.644969000117,10.3815893912747
2004-07-16,-2.216823565,6.0818695018845,3.91062266327081
2004-07-19,-0.71428571437,5.0565169720031,2.51302073735898
2004-07-20,0.71942446048,4.59120189415788,2.09611075245095
2004-07-21,-1.8012422361,4.32382041609592,4.12155594633364
2004-07-22,0.18975332059,4.45409224046197,5.068617492011
2004-07-23,-3.0934343434,4.03727400122709,4.94861971229075
2004-07-26,1.8241042344,4.13386025884017,5.98458626249513
2004-07-27,3.7428023032,4.71307924566161,4.41381172960947
2004-07-28,-0.49337033597,4.70934872755291,6.79159552155494
2004-07-29,1.1465757669,5.43125015967009,2.90089620937392
2004-07-30,-0.91911764703,4.50574576131389,3.94793674584798
2004-08-02,-2.3500309216,4.57207752763932,3.25583104528182
2004-08-03,-0.91830272313,4.14519568887599,2.463352194399
2004-08-04,1.597954618,3.79534703544845,3.08645297828166
2004-08-05,-1.2582573136,3.45906898574439,2.75706855648308
2004-08-06,-5.1290219816,3.3827886211917,5.94411039115093
2004-08-09,1.7461383479,4.16195656331994,5.44278571817272
2004-08-10,4.0264026402,4.3220101779932,3.23216389150862
2004-08-11,-1.6180203044,4.02635417363516,3.94899540206791
2004-08-12,-2.063850371,4.24168658053614,3.65195831545563
2004-08-13,1.5475798486,4.28820657657716,3.47222670627483
2004-08-16,-0.19455252914,3.97025522557647,4.68304765452264
2004-08-17,0.29239766081,4.06137110366014,5.22002133070097
2004-08-18,2.8182701652,4.3794873983383,4.66440132470497
2004-08-19,-3.2451165721,4.37513130258906,3.5546647046724
2004-08-20,0.29306414835,4.18221935024655,2.45306333906458
2004-08-23,0.90909090904,3.87103234107497,2.53675277260356
2004-08-24,2.7992277994,3.63505326536898,2.88876176589957
2004-08-25,3.4428794992,3.42776541390994,3.45024098975631
2004-08-26,4.8714069591,3.37616893182465,5.93780462956742
2004-08-27,-0.89440276979,4.07448414316074,2.25272595332661
2004-08-30,-0.66957787476,3.39152758150282,3.13936678939827
2004-08-31,1.0844079718,3.61155544453305,4.05280045181648
2004-09-01,3.9721658452,3.89695135820949,5.94855141497885
2004-09-02,-0.55772448404,4.5130294659568,3.71470071103662
2004-09-03,-1.2058328659,3.89242023625037,3.38310164913876
2004-09-07,1.5043996595,3.96106779974538,2.90841961214884
2004-09-08,1.649888143,3.85498216004673,4.65389379203955
2004-09-09,-1.7881705638,4.21350494039419,3.23790214515667
2004-09-10,0.47619047618,3.65958761175492,3.57061042858681
2004-09-13,-0.78059659882,3.70304326021505,2.76312274439923
2004-09-14,-0.28097780287,3.48909313692021,3.17303122137295
2004-09-15,-0.81713158634,3.5857771081964,2.59833192747867
2004-09-16,3.2670454544,3.25633826159186,4.7489612311772
2004-09-17,2.1733149933,3.79239925528061,3.32077612688322
2004-09-20,1.5347334411,3.50800077013686,2.4761914897348
2004-09-21,0.79554494823,3.31822008369806,3.5536363137727
2004-09-22,-2.8676664036,3.54530898294718,3.23288994284181
2004-09-23,0.94799566632,3.56433773881078,2.48360248441619
2004-09-24,0.05366246296,3.18674326381957,4.27882521314266
2004-09-27,0.64360418346,3.60890581039207,3.2912454581551
2004-09-28,1.3589128697,3.52741498814766,2.5506374880926
2004-09-29,1.6824395374,3.26988199455096,2.4681783760028
2004-09-30,0.18097207849,3.17313594581056,2.44580734706191
2004-10-01,-0.20645161294,3.16101739939536,2.29809229122526
2004-10-04,0.31031807612,2.90800209169211,1.46407864604497
2004-10-05,1.4952307296,2.53751147318598,2.6635756309625
2004-10-06,3.2258064515,2.75000506016525,2.19501957162316
2004-10-07,-2.5098425198,2.63237703764863,3.058855911202
2004-10-08,-1.4134275617,2.8491018609253,1.93045497491239
2004-10-11,-1.2032770098,2.59846018090045,2.15694722633769
2004-10-12,-0.77740347242,2.7069604475481,3.79323824819544
2004-10-13,3.8130060067,3.11365021542093,4.63810959722127
2004-10-14,13.157232704,3.5380134025138,10.0742720085889
2004-10-15,1.1560693642,5.28347496502735,5.21240283098352
2004-10-18,4.9450549452,4.82240359732391,5.18811099892027
2004-10-19,-0.69109947644,5.15316706778293,5.0337354207843
2004-10-20,0.10544074211,5.27280374833754,3.42709403100807
2004-10-21,0.99009901005,4.86927697843703,2.6061846309327
2004-10-22,-1.1055486026,3.90362444396796,2.15309515595387
2004-10-25,0.29529635103,3.48383424928141,2.63364563339073
2004-10-26,0.88328075708,3.2873359552591,3.4117908183306
2004-10-27,4.8572024183,3.23822552316471,5.02291121440886
2004-10-28,3.7574552684,3.70067034730638,3.68313290229065
2004-10-29,0.40237593421,3.59498303512902,3.52730434742028
2004-11-01,0.095419847275,3.72513996556741,4.13526841021115
2004-11-02,2.0019065776,4.00442091666615,2.71572074411846
2004-11-03,3.3831775701,3.6863672594152,4.43425896641232
2004-11-04,-1.5548725366,3.93516000455434,4.83057060377016
2004-11-05,0.49586776859,4.14203652425678,7.78955094292219
2004-11-08,-0.62134502914,5.15169233528049,4.32059100017821
2004-11-09,-0.60684075033,4.58270823982065,3.03710001472344
2004-11-10,1.2950971322,4.40371201831702,3.22072287849255
2004-11-11,1.00456621,4.30858193292779,3.33980791311097
2004-11-12,0.36166365298,4.16292818203876,2.46122912981368
2004-11-15,-0.46846846853,3.41463939030982,2.51348726893003
2004-11-16,-0.55213613323,3.18052380530466,1.5567890696234
2004-11-17,-0.063711659186,2.83188565235673,2.74667198063517
2004-11-18,0.89253187616,2.97009799997222,2.36834022828679
2004-11-19,-0.39718360731,2.7826427583998,6.53816610269485
2004-11-22,11.201740076,3.965524363404,13.639128779131
2004-11-23,-0.13039934793,6.47261808632711,3.64950420755248
2004-11-24,4.5372939448,4.99232096390438,5.01133904041697
2004-11-26,0.78064012487,5.4890525517676,2.5128425647226
2004-11-29,6.0263361733,5.06970001888219,4.99914859441993
2004-11-30,-2.0309760373,5.32857444514999,3.4153558640886
2004-12-01,1.1036539896,3.93358960142751,3.51496124135767
2004-12-02,-3.8058710724,3.93590153306727,4.42896399360376
2004-12-03,-3.8797730409,4.03104572698829,6.73960919061193
2004-12-06,4.9457562222,4.91592659722104,5.69529323782341
2004-12-07,-4.3934326543,4.82008557058405,7.24495090898595
2004-12-08,0.62013038641,5.5209242123293,7.10460004056208
2004-12-09,1.1219974715,5.88626327705107,5.94444650828453
2004-12-10,1.8127832474,5.862482112987,3.99667620099083
2004-12-13,-0.36838065998,5.23236218451184,2.02105898293748
2004-12-14,0.58542597453,4.482500191877,2.33450911879855
2004-12-15,-0.045948843672,3.99207626214616,1.96350744372361
2004-12-16,2.0471958322,3.36162906661151,4.53566428345951
2004-12-17,-2.4115562497,3.66172353875259,2.19747583280039
2004-12-20,-3.4928450531,3.06600680088044,6.51628873543485
2004-12-21,1.5465561224,4.32429891380067,6.30437287076378
2004-12-22,0.094206311769,4.74650313660365,3.46773767427139
2004-12-23,0.40784313733,4.40513578361772,1.52599202347029
2004-12-27,-1.3279175129,3.6690377498543,3.34752916380591
2004-12-28,1.6149461686,4.10671244178076,2.40626892700874
2004-12-29,0.40511062616,3.47866443992328,2.6510107614633
2004-12-30,0.55865921804,3.12104574984971,1.18620314221288
2004-12-31,-0.61728395058,2.59621080347848,1.20165266497513
2005-01-03,-1.7236024846,2.55013954343598,5.76830404444279
2005-01-04,1.0270184865,3.614611349455,5.85550407066781
2005-01-05,0.87582108226,4.01626660088337,3.67487569513952
2005-01-06,0.07751937992,3.73512797947294,4.33585010430754
2005-01-07,7.2811773818,4.1860767347829,7.64957526716403
2005-01-10,-0.41877256317,5.46552159966807,7.53091754527488
2005-01-11,-6.3805104407,5.64089270155797,23.8250228141971
2005-01-12,1.3940520445,10.5206821969539,10.5689000062414
2005-01-13,6.6300030552,9.03500975340522,10.1571479993221
2005-01-14,0.57306590261,9.65080710616187,5.72124831949416
2005-01-18,0.64102564102,8.69637405365001,4.10701424495597
2005-01-19,-1.0898796885,8.05601966625156,2.70824251027985
2005-01-20,0.82999427577,5.48930235962214,3.77479015295349
2005-01-21,0.042577348722,4.93728598088635,2.65538991260749
2005-01-24,0.38303305428,3.89925658327628,3.08387246620888
2005-01-25,1.8230638781,3.66465882183539,3.05664962790734
2005-01-26,0.27758501037,3.54237007784183,3.17717221069777
2005-01-27,0.53979238746,3.62434042586297,2.13798870384347
2005-01-28,1.8447136565,3.25890576669087,2.98038934137163
2005-01-31,3.9470127062,3.44288216634069,3.16583324467606
2005-02-01,0.81924577371,3.48683509232387,2.26918756355096
2005-02-02,2.7086289179,3.25268100217039,2.72159680185057
2005-02-03,-2.2855707649,3.2896085108861,2.39077662395674
2005-02-04,1.3237373088,3.24031550193527,1.47211263679824
2005-02-07,0.12683916793,2.89082517793553,2.3081577705857
2005-02-08,2.4828984038,2.93249616882622,2.38023028887723
2005-02-09,-2.6699629171,2.94543615721679,6.36173625288565
2005-02-10,-0.48260096528,4.02185997559703,6.95373806381863
2005-02-11,3.6370597241,4.62054893513467,3.79494481649404
2005-02-14,4.2113040268,4.21261306508061,2.25255416054156
2005-02-15,4.4665012409,3.89168591100131,5.074847471198
2005-02-16,1.9454812804,4.6424375382234,4.35433431616178
2005-02-17,-2.5740596915,4.29025967588113,4.52878918697911
2005-02-18,-1.1388224576,4.05691637185266,2.66497870502136
2005-02-22,-1.7509503513,3.61211735295014,4.98584540584812
2005-02-23,3.4470629616,4.318281758947,3.53345342182315
2005-02-24,0.79338093619,3.90463714541882,4.20039497513607
2005-02-25,0.067468795714,4.00914408614904,2.44370611157999
2005-02-28,0.82031688944,3.47466855916747,7.1163834949131
2005-03-01,-0.80249665616,4.79004445194647,2.82225847041694
2005-03-02,-0.85168539326,3.81813221704864,2.79946617651567
2005-03-03,-5.2831984769,3.73266189658398,10.0050685329998
2005-03-04,2.440775305,5.64943029330761,4.4051368271524
2005-03-07,-0.14015416955,4.91375782378159,4.01272880830408
2005-03-08,-5.192982456,4.51365001082393,8.3427465599649
2005-03-09,-2.9114236369,5.89925979477378,6.80351130659668
2005-03-10,1.2198221093,6.10515730552428,6.7051528912904
2005-03-11,1.1046949536,5.75259775538331,4.72813761114704
2005-03-14,0.12416190711,5.46184795698414,4.49446872961944
2005-03-15,1.5873015873,5.46335547159091,3.85510754805925
2005-03-16,0.53710937482,4.84290939013013,6.46465263165891
2005-03-17,2.5983487129,5.27059249057986,5.40765823128976
2005-03-18,1.6804733728,4.96525983458111,3.31804756826289
2005-03-21,1.7225325884,4.44070754198821,2.73729068156227
2005-03-22,-1.9908466819,4.13851967204517,4.58001046857183
2005-03-23,-0.65374737333,4.53532728936318,5.53983769989756
2005-03-24,-0.11750881321,4.61616628377235,2.59227892665354
2005-03-28,0.070588235394,3.78614946058396,2.09836676579645
2005-03-29,-1.8339995298,3.55891506699495,3.59502764123504
2005-03-30,2.5149700597,3.9068434153596,2.45672148308991
2005-03-31,-2.640186916,3.47829102927964,2.99159990358323
2005-04-01,-1.8718502519,3.26639117841352,5.58608602591454
2005-04-04,0.48911714348,4.05742962532605,5.93929360820231
2005-04-05,1.9469457289,4.55798609480979,3.2429433677099
2005-04-06,1.0503700167,4.01526944853076,2.25573397693903
2005-04-07,2.9057406093,3.81060479127413,2.16011211592304
2005-04-08,0.41322314064,3.69196999707302,2.82166527744336
2005-04-11,-4.1609510747,3.4698551491228,4.58600509065796
2005-04-12,1.7652671757,3.6118329870101,4.66222927313513
2005-04-13,-3.7974683544,3.76840079472886,7.18871223091719
2005-04-14,-9.2105263158,4.75854224403266,14.0253731586607
2005-04-15,-5.1261406334,7.29231943374414,13.7775248915723
2005-04-18,0.76379066486,8.50988425615682,16.3712997447081
2005-04-19,4.1268950028,10.3071726655326,5.01141213867777
2005-04-20,-4.2599083312,8.38871553242321,6.15897042304756
2005-04-21,4.5902562659,8.490146406392,5.66739799061446
2005-04-22,-4.4157242865,7.50665616545528,8.53408982780831
2005-04-25,4.1690140846,7.44849313623289,4.43031284243823
2005-04-26,-2.1362898864,5.42668471758521,4.7577586521527
2005-04-27,-0.66316662051,5.46809179146307,6.56884729794182
2005-04-28,-1.1404728791,5.8512090212968,4.5161931072852
2005-04-29,1.4631401236,5.37732969877842,5.26748476962807
2005-05-02,1.0260676652,5.16516164267954,2.24510144228434
2005-05-03,-0.60389788641,4.40116049868027,3.40808371067492
2005-05-04,2.5959679648,4.44031047333262,3.20561700505937
2005-05-05,-1.2651413192,4.02047765077958,4.15127994562683
2005-05-06,1.5267175573,4.14856730395685,1.78504031570009
2005-05-09,-0.72502685289,3.35686573098988,2.16088072571936
2005-05-10,-1.4876927237,3.41229705283858,2.78857307979519
2005-05-11,-2.2240527183,3.4521681560966,11.9453531539878
2005-05-12,-4.1561359168,6.0295100771744,6.6392318661076
2005-05-13,1.8751831234,5.40116654646823,4.99471815422471
2005-05-16,2.243313201,5.45709024395378,4.95240772016661
2005-05-17,-0.53445850917,5.70189268827368,3.4172056271428
2005-05-18,1.3574660636,5.44506078451484,3.21801026156944
2005-05-19,4.7712053569,4.37569463180058,4.97666327812598
2005-05-20,0,4.49577058366973,1.86816568858439
2005-05-23,5.8854860188,3.59266237990196,5.15249598357128
2005-05-24,-0.15090543257,4.17658086230521,4.08718041822175
2005-05-25,0.20151133504,4.04030110704901,1.9155411931993
2005-05-26,2.4132730014,3.50892655168771,2.7200723156524
2005-05-27,-0.44182621496,3.38781014238258,1.5370245532794
2005-05-31,-1.9741124261,3.11803561459296,2.08787817984629
2005-06-01,1.3599333994,2.86236173409684,2.51811961255533
2005-06-02,-0.64516129041,2.74799710169453,2.68420294911867
2005-06-03,-4.4955044955,2.86345711888727,3.79944846794161
2005-06-06,-0.83682008362,3.17599543582222,5.34841964903779
2005-06-07,-3.6392405064,3.87310494718914,5.30210025677504
2005-06-08,1.0399562125,4.22438259984288,2.32138730950741
2005-06-09,1.9772481042,3.69319472297449,3.2014287052925
2005-06-10,-4.8871181941,3.90749699725845,7.44940684186223
2005-06-13,0.25132644532,5.06623068107848,3.25238525880077
2005-06-14,0.27855153185,4.06264526188141,2.08721235240219
2005-06-15,3.138888889,3.48263262372476,3.1061766413136
2005-06-16,2.2892539724,3.73274540189321,4.45377769846698
2005-06-17,0.86887835714,4.09892851157775,2.91485757642453
2005-06-20,-1.8271991647,3.3340222682207,1.88555763659285
2005-06-21,0.6647168304,2.99915613676457,3.52605441950573
2005-06-22,1.8225039621,3.43051310878736,2.18775168946334
2005-06-23,0.88197146579,3.10147527292932,4.3399562994873
2005-06-24,-2.9056312678,3.45443299359149,4.1401048529274
2005-06-27,-1.747881356,3.5546983383914,5.53800746437695
2005-06-28,0.56603773592,4.21719377756658,1.61580646290955
2005-06-29,-2.5194317878,3.32640377349744,2.61536018884235
2005-06-30,1.2097882871,3.55166660736562,2.82457082058488
2005-07-01,-0.84216245587,3.4258987718496,1.68163139127418
2005-07-05,4.0547945206,2.95474665350081,2.59472533373359
2005-07-06,-1.5534491838,2.78861028301285,3.16927790500212
2005-07-07,0.64188285651,3.05402806652459,3.69445270893985
2005-07-08,1.6476215786,3.25285031510547,1.93107829991848
2005-07-11,-0.39215686284,2.83146010341273,1.93925579820551
2005-07-12,0.36745406833,2.85883904906129,1.75091976800353
2005-07-13,0.28765690386,2.72529513167241,1.78733450783803
2005-07-14,6.2581486311,2.54636294712076,5.88499438273742
2005-07-15,1.963190184,3.5071622785549,2.48304330339884
2005-07-18,-0.14440433215,2.98475314532575,1.9841619330662
2005-07-19,4.097372861,2.89717286305385,2.8725096862811
2005-07-20,1.0187543414,3.16356810479257,2.18160169110846
2005-07-21,-0.77928031187,3.08356700045157,4.19466962718828
2005-07-22,1.6401016403,3.2583136921025,2.07545071139281
2005-07-25,-0.43181818182,2.84040072441293,1.76380441560247
2005-07-26,-0.41086509927,2.76010272509993,2.37845663095012
2005-07-27,0.82512032986,2.80001312180229,2.72695703989033
2005-07-28,-0.4319163445,2.9113547246399,3.17180586238795
2005-07-29,-2.6255707762,2.86166648589715,6.61707188255743
2005-08-01,0.23446658852,3.98208476836224,3.8858877298963
2005-08-02,1.0292397661,3.75242399526149,1.72991270908937
2005-08-03,0.069460523264,3.30388756603436,1.83250226935188
2005-08-04,-1.1800092549,3.22436879506514,1.3287825127075
2005-08-05,0.65558417227,2.92811140155527,2.18576958329338
2005-08-08,-0.79088160037,2.58386036769638,1.78919124302573
2005-08-09,2.7432590856,2.27442035984464,1.6327472453489
2005-08-10,-1.0041077134,2.23507755452054,2.84011713025046
2005-08-11,1.4292300599,2.55862843418488,1.45281453623159
2005-08-12,4.7727272728,2.33177858800815,3.91292916592556
2005-08-15,3.4273318872,2.95703009247552,3.9386333379501
2005-08-16,-2.9991610738,3.18553349644601,2.59812272647684
2005-08-17,1.9459459461,3.06143496754179,2.29250248017849
2005-08-18,-1.8027571581,2.95065034480617,3.38640044127196
2005-08-19,-1.0151187904,3.35389857896611,2.20966875638366
2005-08-22,0.087279074796,2.96487592898109,2.76529603021306
2005-08-23,-0.28340963599,2.923321914076,1.84027324371191
2005-08-24,0.065588106736,2.67969063707777,3.90928697452717
2005-08-25,0.63360279655,3.22567319343151,1.57283771040624
2005-08-26,-0.6947459834,2.62007690340561,1.64546367899656
2005-08-29,0.21862702233,2.56427961209167,2.46321655662959
2005-08-30,1.5924956369,2.66763311454452,2.6560190918083
2005-08-31,0.68713764213,2.76667554073736,3.0108283716887
2005-09-01,-1.3435700575,2.72400702614527,2.61224295658455
2005-09-02,-0.086467790788,2.77464052212163,1.75121869691639
2005-09-06,5.5819991345,2.63761894446751,3.31800668877807
2005-09-07,-0.2459016393,3.01272434238768,5.10040651733706
2005-09-08,2.2596548892,3.60470942417099,2.66344726587567
2005-09-09,3.0735235034,3.15256371734762,1.74038310359874
2005-09-12,0.17540440476,2.89880896351736,2.34561213673945
2005-09-13,-1.1284046693,3.06516025963475,2.20392826144239
2005-09-14,-2.380952381,2.92310787596532,2.28077807407454
2005-09-15,0.52408788542,2.61748169004588,2.67785407120218
2005-09-16,2.6869861642,2.67987476255962,1.84501649525254
2005-09-19,2.7924233547,2.54358283038047,3.44385690753382
2005-09-20,1.0448328267,2.94590993486298,3.12104584953093
2005-09-21,-2.0304568528,2.98934488350233,2.62134399478009
2005-09-22,-0.40299366719,2.94316289631319,4.07671121483251
2005-09-23,2.5048169558,3.3547172039431,2.73862956727188
2005-09-26,1.2030075188,3.22782841956582,3.28578890191008
2005-09-27,-0.7429420506,3.30092364455717,1.98079982855967
2005-09-28,-4.4161676647,2.95382294704478,5.5879629825306
2005-09-29,2.4667188723,3.92311598764742,3.11107938609265
2005-09-30,2.4264424914,3.39497111698762,2.74062744406706
2005-10-03,1.548218616,3.33196001747594,2.45950315338021
2005-10-04,-1.2674504042,3.18972267603806,2.06579857342737
2005-10-05,-1.8044651163,3.12805702041774,3.5567559316389
2005-10-06,-2.0464152209,3.17260913113142,5.56988304677782
2005-10-07,-0.77369439077,3.8019268985586,5.69532332309354
2005-10-10,-1.812865497,4.15099354465344,3.09623546215897
2005-10-11,2.422076633,3.77622457152826,4.07791836411598
2005-10-12,-4.5357627448,4.17962623588962,15.3152350848592
2005-10-13,9.1167512692,7.47925295272057,7.65376917956366
2005-10-14,0.48381094148,6.42204914620508,6.43503569488049
2005-10-17,-1.0370370371,6.31818941822327,3.34022459088457
2005-10-18,-2.3016467066,5.8164412624801,3.21477850569399
2005-10-19,5.2288833558,5.70837518013633,5.22586954172822
2005-10-20,2.1842009464,4.95879351960436,7.91772945182984
2005-10-21,-0.85500534387,5.47938345475763,4.95430244913991
2005-10-24,2.0301832554,4.82108251772416,3.57209178705586
2005-10-25,-1.2150026412,4.6057029553897,2.3320046846549
2005-10-26,1.6577540107,4.29315084783934,3.15848902610901
2005-10-27,-2.8406102053,4.20792088201274,2.59040784932918
2005-10-28,-1.6964446851,3.52973742521216,6.37527845232359
2005-10-31,5.7279236278,4.34137250819768,5.23267153567713
2005-11-01,-0.15627713155,4.33947929960525,4.63694824334615
2005-11-02,4.2608695652,4.50097981689766,3.89575189445056
2005-11-03,3.1691409507,4.46283871346473,4.57370801865549
2005-11-04,-1.1316105602,4.81184030237887,3.50371024543808
2005-11-07,-1.5044971383,4.31260716109777,3.99933613649858
2005-11-08,-0.54789971764,4.25331245468437,3.22253713758083
2005-11-09,0.35058430713,3.94988639551482,4.22461758665709
2005-11-10,1.7800698719,4.16505571492184,4.44703822195334
2005-11-11,0.58842759081,4.19162962069536,1.91687336366477
2005-11-14,-0.14624634387,3.50264920625912,2.05930269955837
2005-11-15,1.3506916192,3.28117045229471,3.27459239372578
2005-11-16,4.2870905587,3.4771576036803,2.63838776120075
2005-11-17,-0.66204772893,3.18961734279756,2.27433290518868
2005-11-18,0.061996280238,2.88317902754199,2.29788443516005
2005-11-21,0.61957868638,2.91158545932286,2.17625406201321
2005-11-22,2.4014778326,2.86932597961678,2.71869549126313
2005-11-23,0.88695129289,2.88840195637868,1.97813255934665
2005-11-25,3.3229026971,2.67912221260494,1.75772763797105
2005-11-28,0.46149408718,2.58114733506679,4.31418495721989
2005-11-29,-2.2394487512,3.24890470769398,4.94849972557859
2005-11-30,-0.41116005877,3.67600512345721,3.83056005090196
2005-12-01,5.5737245651,3.59043579622015,2.27856106858538
2005-12-02,1.4384058124,3.33879025668436,4.45095902483942
2005-12-05,-1.1152416358,4.00670860078455,2.44645505208898
2005-12-06,3.1049846839,3.44845298309042,2.4989017001476
2005-12-07,-0.13504388926,3.17656437683281,3.02748383306116
2005-12-08,0.17579445557,3.17662236257831,2.83588668429132
2005-12-09,0.33814794824,3.19784208509524,2.17020014075212
2005-12-12,0.77962612941,2.82699789705235,1.41075905496541
2005-12-13,0.09344546761,2.56605058751281,1.99184855221077
2005-12-14,-3.9610562815,2.59582449442336,3.90143172696001
2005-12-15,0.23607832245,3.03197789197694,2.6017449227405
2005-12-16,-1.4824050985,2.78593273043197,2.02867990175512
2005-12-19,0.37969343266,2.66441325517518,2.71054732454895
2005-12-20,1.0226954329,2.92465866380747,2.50533384344678
2005-12-21,1.927610595,2.94702486048464,1.68152892139057
2005-12-22,0.70748299331,2.55824338303113,1.18827416030489
2005-12-23,-0.90516076752,2.31253523063769,0.724757865647699
2005-12-27,1.1997273348,2.07796957468697,1.69765181009258
2005-12-28,-0.88912838482,2.13262844249848,1.39059230056163
2005-12-29,-2.8816093517,1.95539922701306,2.11600206250402
2005-12-30,0.61581525551,2.11475818212527,2.54353462352407
2006-01-03,3.9783001808,2.32259255925869,3.40329453145341
2006-01-04,0.29431438124,2.76163491152661,2.60329669614934
2006-01-05,-0.78698145917,2.72522607154216,1.66601044763359
2006-01-06,2.5813390695,2.57760151633802,2.44584739606955
2006-01-09,-0.32765399728,2.74792652531396,2.00032448639994
2006-01-10,6.3247863247,2.60875522573913,12.1735837959723
2006-01-11,3.7595844671,5.37495398712607,2.97546314246689
2006-01-12,0.46603098908,3.83412014369809,3.8946375616749
2006-01-13,1.5409711596,4.24685774883728,2.39021605011444
2006-01-17,-1.0279250238,3.98776081995073,2.91833207755579
2006-01-18,-2.6207028441,4.18477924689503,3.68052252950015
2006-01-19,-4.1885026204,3.38343349156293,6.09368315832484
2006-01-20,-3.7274625165,4.1612481557867,4.86652030807658
2006-01-23,2.0778299096,4.07356147383317,6.35336812941885
2006-01-24,-2.0986223767,4.78554507645402,4.01583838104995
2006-01-25,-2.4197790638,4.51270483268278,11.9954706947318
2006-01-26,-2.5202156334,6.85853142850615,9.35773640538411
2006-01-27,-0.41476565739,6.81119302874553,8.26479598724979
2006-01-30,4.1232819658,7.04059622913577,8.98760753576929
2006-01-31,0.67999999992,7.49713092663441,6.4317469742797
2006-02-01,-0.11918951122,7.35227917928819,4.93211929789868
2006-02-02,-4.4020153807,6.33662218757654,3.83445849785072
2006-02-03,-0.35090152569,5.54989746941618,7.34055124871551
2006-02-06,-6.328726321,6.0751851032692,13.6521466695153
2006-02-07,0.44576523032,7.73818755807712,9.7791593185989
2006-02-08,1.7899408285,7.48713742912761,9.62979308753516
2006-02-09,-5.6096497604,8.01922026723519,7.84688705272682
2006-02-10,3.6335642804,8.18717990980296,16.403900525245
2006-02-13,-3.8627247067,10.6782020364827,6.75825393848113
2006-02-14,4.5356204606,8.28541340117778,5.0625090199497
2006-02-15,2.3283317316,7.48349764397412,6.06017270785115
2006-02-16,1.9503033805,7.28560547141671,3.31045534773573
2006-02-17,-0.39676916522,6.31750548528425,2.48510284734474
2006-02-21,-1.7214397497,4.64237157214617,3.40671366606478
2006-02-22,3.2426172553,4.41748739110578,4.4476116145021
2006-02-23,0.60291643294,4.52665797144151,3.68094144289902
2006-02-24,-0.40418118479,4.11800605677669,2.13213106938281
2006-02-27,-0.65771060727,3.71114971755345,3.347933953738
2006-02-28,-3.5216227637,3.96347400179171,11.9446722138581
2006-03-01,0.89064096937,6.39395127325144,4.30615471008073
2006-03-02,0.73806078162,5.04074251818772,3.14976502534132
2006-03-03,-2.715127137,4.74882784934156,3.98723708565756
2006-03-06,-3.3077377437,5.08175596762524,4.2017794441861
2006-03-07,1.2675626145,5.20793531976914,4.31082401156753
2006-03-08,-0.98024430699,4.39257106217482,5.16256936764731
2006-03-09,-2.6347852575,4.62004603315394,4.50460435326694
2006-03-10,-1.1575160332,4.60097076004745,8.10327818010162
2006-03-13,3.9404969142,5.66139952528051,3.80265182487847
2006-03-14,2.4969549328,4.843083712289,2.73504073944229
2006-03-15,-1.6191325014,4.45623328780128,3.36292612350549
2006-03-16,-2.8989883737,4.2893662237206,2.84587462781793
2006-03-17,0.54423884303,3.99527703979776,2.52905806009365
2006-03-20,-1.036189298,3.31455422530448,2.50877167555665
2006-03-21,-3.4067823097,3.14807853521959,5.2919147329477
2006-03-22,-0.22650056626,3.91901527327952,5.85390562977379
2006-03-23,-2.4485162965,4.30884824506169,4.43201316578435
2006-03-24,-0.33244680835,4.24422260782405,4.17076380078965
2006-03-27,-0.75050033356,4.37762267557288,4.0079159287161
2006-03-28,-1.3443118804,4.5159140056254,4.23068528100508
2006-03-29,6.1659001874,4.45037327059296,7.47827017838142
2006-03-30,0.67383282512,5.21175916482416,5.45795803349297
2006-03-31,-0.047808764975,4.93807234136435,2.78548693388496
2006-04-03,-0.11160714284,4.31736849839261,3.80075871212516
2006-04-04,-2.362330407,4.4731989088525,3.12739566339223
2006-04-05,9.8741213011,4.23127435895178,5.79783350322602
2006-04-06,5.9961315283,4.51595872298854,6.67045114368592
2006-04-07,-2.0353733858,4.81305862647466,4.93432911326407
2006-04-10,-1.6048144434,4.74860840919964,3.50026720442122
2006-04-11,-0.99024319206,4.46296874830345,4.28095968674997
2006-04-12,-1.8826297985,4.70101621451091,2.88419562398116
2006-04-13,-0.36126517762,4.13580460717959,3.87690040199018
2006-04-17,-2.4943958839,4.00710616279035,3.21537817649184
2006-04-18,2.1740136706,3.70395642481755,3.37198793903809
2006-04-19,-0.86076713978,3.71996556256016,2.67435813074076
2006-04-20,3.015993907,3.42466368677992,5.32250141188196
2006-04-21,-0.87239390796,4.16432636264957,3.18965621794215
2006-04-24,-1.9242243437,3.70953199484704,3.26233103085049
2006-04-25,0.63878327001,3.71176561920472,2.01106891074863
2006-04-26,2.9922925798,3.33288490047912,2.55962939894516
2006-04-27,1.775495231,3.40509733411685,3.53704108256547
2006-04-28,1.4850057671,3.37469846452627,2.8570982330479
2006-05-01,-1.1223185113,3.213086959188,2.83802629299628
2006-05-02,2.9022988505,3.13568100393418,2.82767000707518
2006-05-03,-0.67020385359,3.20778199775949,2.85365249919178
2006-05-04,-0.014056789405,3.24489366084355,4.00288517685227
2006-05-05,1.0684661886,3.49488711364474,2.31008658241302
2006-05-08,0,3.13881844935061,2.07976743150294
2006-05-09,-1.1962720823,2.99394105175995,2.46366182938246
2006-05-10,-0.60537800937,2.99505184935459,2.99304112434063
2006-05-11,-3.4702549574,3.08986108349439,3.1507298796661
2006-05-12,-0.66030814396,3.02148239730065,7.16425866167338
2006-05-15,0.13293943884,4.26133359346834,3.87741635788361
2006-05-16,-4.1451541525,3.89885601722428,4.55079220673076
2006-05-17,0.43090181589,4.24754270566776,5.52052239729873
2006-05-18,-3.187250996,4.70519840950215,4.31233166161903
2006-05-19,2.1050965495,4.63028786455051,6.21351175633202
2006-05-22,-1.7516664083,4.87418834230082,4.21945417668455
2006-05-23,-0.36289050167,4.56206390957654,3.51848000203034
2006-05-24,0.30087094219,4.33024227971445,8.96389367498218
2006-05-25,1.562993369,5.67852733399422,3.43308986386634
2006-05-26,-1.2140525416,4.63905548439646,2.71114566482076
2006-05-30,-3.6648885112,4.13175999109352,2.20444115808624
2006-05-31,-2.3685070238,3.81573597675524,5.12271691704845
2006-06-01,4.0153923372,4.50716670208463,3.43434950202804
2006-06-02,-0.8203313495,3.61399612295652,4.09101730261513
2006-06-05,-2.6921829387,3.80662030892919,2.80628428256317
2006-06-06,-0.46166666662,3.59574061970697,5.12447406330285
2006-06-07,-1.9389514927,4.32138619238305,3.89047958929531
2006-06-08,3.7479723384,3.98338867738289,9.66745869313585
2006-06-09,-2.5016458196,5.70579848458072,5.92298645512609
2006-06-12,-3.7812288994,5.28302281615014,5.58310826938535
2006-06-13,2.3333333334,5.5444026211481,7.39626574621089
2006-06-14,-1.2343562489,6.13067385537857,5.09633723974345
2006-06-15,3.0723832668,5.85489388484029,5.56113996672824
2006-06-16,-3.0650050522,5.49466839311283,4.42516691673041
2006-06-19,-0.62543432941,5.13426773017955,3.86282977120058
2006-06-20,0.47202797195,4.83905260294553,3.2937047000348
2006-06-21,0.67861492971,4.28528321832878,3.38859232289165
2006-06-22,2.9726927065,4.09756897918383,4.54076212859971
2006-06-23,-1.2588116817,4.18583062510043,4.44724891029881
2006-06-26,0.2719700833,4.1776886675789,2.00403607484114
2006-06-27,-2.6445160197,3.5121537639695,1.87215169857254
2006-06-28,-2.4551628068,3.32432201542612,5.07727191881322
2006-06-29,5.2659764369,4.07495821336314,4.4071356436963
2006-06-30,-2.8828217737,3.95811965813153,2.77851354857219
2006-07-03,1.1873581281,3.48102520652607,0.781432013111365
2006-07-05,-1.6367558239,2.98761638523737,2.32758165295597
2006-07-06,-2.1604694614,3.29306146500715,2.4710526841963
2006-07-07,-0.66343912495,3.03001008645517,4.37714327867994
2006-07-10,-0.72202166066,3.35020449754172,3.03045512087165
2006-07-11,1.1818181818,3.14102291327464,4.37824946989748
2006-07-12,-4.8337825696,3.73578241328881,4.32114383160826
2006-07-13,-1.3406344412,3.9349982246707,9.00179406972139
2006-07-14,-3.0239234449,5.47662309793899,9.73337233788684
2006-07-17,3.3550424314,6.20363443177685,4.34986954059189
2006-07-18,1.012029788,5.41766009770085,5.49992314742623
2006-07-19,2.2684310017,5.73813187474298,6.88445614049617
2006-07-20,11.829944547,6.27199674022204,5.36527025778179
2006-07-21,0.36363636355,5.62086971325895,3.56143630832005
2006-07-24,1.1528326746,4.63544874081584,3.66553306040938
2006-07-25,0.82709215239,4.57997617469618,2.70492858179324
2006-07-26,3.1358997545,4.09735284793558,3.43739125422914
2006-07-27,-0.73586973531,3.83943121545478,4.06553976605107
2006-07-28,3.4542586749,3.81726377758757,2.86368477280884
2006-07-31,3.6133556945,3.53989233370718,3.14541806194124
2006-08-01,-1.147733961,3.51984551393645,2.76614532327192
2006-08-02,1.4587674903,3.45154386076864,2.11371737365333
2006-08-03,2.0980046947,3.19021891674683,3.28923963023646
2006-08-04,-1.853714614,3.32226586396017,9.34666141034331
2006-08-07,-1.5959004395,5.11693596935062,8.43013805884948
2006-08-08,-3.6155334026,5.57411091763589,5.94908521805471
2006-08-09,-1.8369867243,5.50558648513523,5.40096238042684
2006-08-10,0.75483566579,5.78579463917128,5.27057868565452
2006-08-11,-0.65553301065,5.98590128322873,3.82208902096061
2006-08-14,0.45561665356,5.12802853756251,3.28091285118625
2006-08-15,3.9255552079,4.43633974985455,2.507051738675
2006-08-16,2.30248307,3.88283614406041,3.13932568769439
2006-08-17,-0.57369814649,3.73645166748353,3.08068424648203
2006-08-18,0.4734428172,3.47187548515046,1.69007089679215
2006-08-21,-1.9879251951,2.96797954028471,2.16803432518158
2006-08-22,1.5925480768,2.90917555549216,2.40143902786288
2006-08-23,-0.45844424712,2.93085108527374,2.63608957908176
2006-08-24,0.74283167432,2.90992305956381,3.25155539680334
2006-08-25,1.3862262202,3.03779517627775,2.53880878174086
2006-08-28,-2.5745454544,3.00288054573846,2.08569659730008
2006-08-29,-0.7464914901,2.90412052660482,2.97401496349859
2006-08-30,0.72202166066,3.12038137608632,1.89538549790346
2006-08-31,1.3291517324,2.84616560800288,1.77747288758734
2006-09-01,0.78113485633,2.65838279926718,1.21642912263182
2006-09-05,4.5334893242,2.41153861370242,3.03528035953527
2006-09-06,-2.0285394517,2.82705781677927,2.71588952251647
2006-09-07,3.9554476654,2.70436208234726,3.83413831369341
2006-09-08,-0.38461538461,3.08196731899922,2.7495560035037
2006-09-11,-0.027578599111,2.9829160580088,3.20180265901567
2006-09-12,0.1793103449,3.26531087421195,7.01102155111821
2006-09-13,2.161641195,4.36690395962351,3.71722565979959
2006-09-14,-0.040431266734,3.90939154401427,2.88978499586317
2006-09-15,-0.094377780715,3.66117291326503,2.56582697561564
2006-09-18,-0.28340080971,3.58564436984164,2.52111574621099
2006-09-19,-0.16240357281,3.4996453632753,3.09549080344127
2006-09-20,2.019791243,3.16926011891596,2.13469256940624
2006-09-21,-0.81052351852,2.83310157397123,2.79286151137014
2006-09-22,-2.2103148025,2.9394252392932,2.28699995713258
2006-09-25,3.7671232876,2.82114476402777,2.74112724605046
2006-09-26,2.4554455445,2.92402041239675,2.56019316616888
2006-09-27,-1.5461925009,2.83009026392279,2.21778563085247
2006-09-28,0.78523753436,2.77838198175761,2.12300870821323
2006-09-29,-0.038955979835,2.68885709293309,1.1676291580955
2006-10-02,-2.7539620681,2.39101959666042,2.70457928458732
2006-10-03,-1.041944964,2.65624721910251,2.60099780598122
2006-10-04,1.7548596114,2.64779970389287,2.51044876254733
2006-10-05,-0.72963650855,2.6720065218797,2.99448958860923
2006-10-06,-0.815181077,2.85058671519122,1.99240104763237
2006-10-09,0.55241174887,2.76430703437401,1.91043152535281
2006-10-10,-1.0987538522,2.65169198526167,1.87094587715197
2006-10-11,-0.78580138206,2.55963060097579,2.36435671019636
2006-10-12,2.7720879421,2.62351903542096,1.9886013427743
2006-10-13,-0.3188944992,2.41871124660364,1.96983759245859
2006-10-16,0.5065315916,2.40261402147295,1.64770870278296
2006-10-17,-1.472148541,2.31100066117647,1.43791541849783
2006-10-18,0.32305828499,2.22072081068874,2.99528669901318
2006-10-19,5.9841674492,2.56064950727918,3.63401813181526
2006-10-20,1.2153437143,2.85414208257814,1.23353238986913
2006-10-23,1.8886804253,2.35506858528518,2.50989074292729
2006-10-24,-0.50331451012,2.66750083018808,1.86959184859578
2006-10-25,0.77729796431,2.60218709667379,1.76867782391882
2006-10-26,0.6243878548,2.44455774779891,1.36637214493219
2006-10-27,-2.1657135903,2.11962224058213,2.03569522112641
2006-10-30,0.012436264114,2.32163838130769,1.58932662335077
2006-10-31,0.82069137025,2.14074048003537,1.69867822737615
2006-11-01,-2.3680315737,2.14397423102936,2.61233817230685
2006-11-02,-0.22738756943,2.39311091130256,2.15776557735141
2006-11-03,-0.87363889588,2.39903495459499,1.30904054692414
2006-11-06,1.8137693192,2.16620213488674,1.3592620510445
2006-11-07,1.0036381884,2.139890581441,1.23588163822864
2006-11-08,2.4096385541,2.06342334507515,2.0362103172262
2006-11-09,1.0794420861,2.13869675421106,2.46076169812443
2006-11-10,-0.26397888159,2.24846629932375,1.7869287278313
2006-11-13,1.4797882579,2.18149787284307,1.74713840147078
2006-11-14,0.77059869582,2.2157416936461,1.69381575082204
2006-11-15,-1.1176470587,2.25513276800722,1.86536018425994
2006-11-16,1.8560380724,2.26720887983859,1.62235350159822
2006-11-17,0.28034108163,2.13457738230573,1.51240547769892
2006-11-20,0.72218986606,2.07674182177667,2.2031272007018
2006-11-21,2.4632820632,2.23705652839947,1.11213398624792
2006-11-22,1.9300225737,1.98486280233146,1.32296055443132
2006-11-24,1.4616321558,1.95460534359368,1.67056853117862
2006-11-27,-2.2809123649,2.01851088623563,3.24213902836521
2006-11-28,2.5351798078,2.48729767998402,2.79310771355405
2006-11-29,-0.010892059708,2.48321707010821,3.70283231224775
2006-11-30,-0.15250544657,2.9336847214305,2.61942713855632
2006-12-01,-0.37093606816,2.89556284510903,2.47000827811584
2006-12-04,-0.2190100744,2.96209394204917,1.94800192760669
2006-12-05,0.16461808591,2.72644814070654,1.75730937058537
2006-12-06,-1.5777363866,2.57769592065534,1.41725665588885
2006-12-07,-3.1058666369,2.26925065027766,3.5630525096499
2006-12-08,1.4016544117,2.7549861722456,2.42410373595919
2006-12-11,0.55517788351,2.56107446242127,2.02645415621065
2006-12-12,-2.9408450703,2.50120512481069,3.96838189163015
2006-12-13,3.3782215,3.08668527263014,1.84050437519435
2006-12-14,-0.56148231333,2.76732257728132,2.39123355062611
2006-12-15,-0.93732354608,2.73742746621008,1.78131586108923
2006-12-18,-2.5649794801,2.56254237954599,3.52176099921251
2006-12-19,0.98280098282,3.03576906857235,4.10662438530941
2006-12-20,-1.7958521608,3.16632602374325,2.55973751154202
2006-12-21,-2.1944313355,2.98528148982686,4.62346088576196
2006-12-22,-0.84439083239,3.59946478692183,3.54105250362016
2006-12-26,-0.83941605835,3.62062792261883,2.07834220421982
2006-12-27,0.012268433238,3.21522007610077,5.43997596257028
2006-12-28,-0.79735034342,3.96217402013531,2.37418746921051
2006-12-29,4.9091133917,3.40922132542151,1.68125981057677
2007-01-03,-1.2258368693,2.96081739661637,5.12388237090352
2007-01-04,2.2195704058,3.73508667682964,3.06082718974306
2007-01-05,-0.71211767436,3.49049690944652,2.79572683067022
2007-01-08,0.49382716043,3.15691637973221,1.81662121465937
2007-01-09,8.3070083068,2.92655666313243,17.5664859503234
2007-01-10,4.7855676787,7.47187355142098,6.59262712015656
2007-01-11,-1.237113402,5.77572178234825,3.0614183519793
2007-01-12,-1.2317327767,5.16528436530529,2.74406255623059
2007-01-16,2.6210103571,5.10692476421192,1.88227954644344
2007-01-17,-2.2142121524,4.96500239574152,3.26069478539455
2007-01-18,-6.1927330174,3.62948261276841,5.78293724597168
2007-01-19,-0.63994610982,3.99809651816892,3.05507284737897
2007-01-22,-1.9322033898,3.53204138682639,4.57401592241973
2007-01-23,-1.2559050584,4.01061009348399,4.33372941410356
2007-01-24,1.1668611436,4.24287263816051,2.30446721676062
2007-01-25,-0.51903114172,3.77819350703888,3.06574438764919
2007-01-26,-1.0086956522,3.61426868569907,2.70558516722728
2007-01-29,0.65589130936,3.50257943495163,2.11787101893993
2007-01-30,-0.45380498004,3.12371470936044,1.19875672809258
2007-01-31,0.21040327283,2.61664374198196,2.35312026226312
2007-02-01,-1.1547882887,2.80221376776325,1.52882264128133
2007-02-02,0.011800802349,2.48686569692299,1.95194266256931
2007-02-05,-0.95575221249,2.4786429030233,1.53923501000891
2007-02-06,0.25017869903,2.32287409999948,2.33609285220014
2007-02-07,2.3767082592,2.58035110793698,2.39821717877636
2007-02-08,0.034822983253,2.59361866549971,1.36505754780486
2007-02-09,-3.3766535159,2.39523008503639,2.27370438098596
2007-02-12,1.9334694367,2.49585608087958,2.16849679846826
2007-02-13,-0.29453345896,2.5204275351572,1.49623674504372
2007-02-14,0.79168143693,2.30337893680578,1.02739497778497
2007-02-15,-0.10550996485,2.06221177136369,0.951547689226935
2007-02-16,-0.4459570473,1.99828954821226,0.418938960613319
2007-02-20,1.2613462221,1.68640009835176,1.44748042430063
2007-02-21,3.8416763677,1.75851054480353,2.13103970653393
2007-02-22,0.34753363234,1.9402131114009,2.19784042056762
2007-02-23,-0.49156518826,2.06589483275146,1.66099330841461
2007-02-26,-0.62871898508,2.03541620928004,2.31787330245989
2007-02-27,-5.1745565472,2.35670226090714,4.40246463383078
2007-02-28,0.81019897516,3.04727077806281,2.96272226906411
2007-03-01,2.8956388136,2.89228747449404,4.73624666860759
2007-03-02,-1.895244659,3.49129115824462,3.26391885836108
2007-03-05,1.0653319283,3.42601515748659,3.7152624776621
2007-03-06,2.1664760965,3.66497556276626,1.70351486519726
2007-03-07,-0.53294024265,3.02400174899583,1.80809860772528
2007-03-08,0.31919744633,2.91454844598039,1.11390721466257
2007-03-09,-0.034090909139,2.395442337603,1.59237411239122
2007-03-12,2.1598272138,2.29007005903191,1.39100204728953
2007-03-13,-1.6356960053,1.99460671269417,1.73441310093958
2007-03-14,1.8099547511,2.05927293053204,2.40267322829636
2007-03-15,-0.47777777781,2.24019717935266,2.84292831236298
2007-03-16,0.022328904743,2.50951807813508,0.666944798578763
2007-03-19,1.7189418462,2.02876089700982,1.47967339923886
2007-03-20,0.38406671792,2.1809971092144,0.807697723259224
2007-03-21,2.6125929166,1.9629299117287,1.35526129098868
2007-03-22,0.09587727709,1.94786836280199,1.27254973669659
2007-03-23,-0.46828437626,1.76042491080662,0.801264232794178
2007-03-26,2.4914456801,1.68615939572247,1.28741831111687
2007-03-27,-0.406885759,1.74330400838173,1.58372847869144
2007-03-28,-2.3255813954,1.87890462061969,1.61865452015514
2007-03-29,0.54697554715,1.90963157372578,1.58021943983411
2007-03-30,-0.89600000001,1.91996173555055,1.79963284801297
2007-04-02,0.79646970189,2.06024987767165,1.1226349657158
2007-04-03,0.90763481039,1.90421351574224,0.977193952736326
2007-04-04,-0.24338624335,1.7990885744999,0.981733397355308
2007-04-05,0.43492097175,1.71377707744096,0.739997663333396
2007-04-09,-1.0878749473,1.57433618595236,1.06738802481176
2007-04-10,0.64068339561,1.5459730124603,0.645051311081399
2007-04-11,-1.7612732096,1.41816268129992,1.37171936890673
2007-04-12,-0.43201209646,1.58512269889325,1.46793261517881
2007-04-13,-2.1151968759,1.65543895037129,1.25331502024163
2007-04-16,1.3187056738,1.67193253325201,0.963434131283892
2007-04-17,-1.1812315433,1.60210135248636,1.50686302610359
2007-04-18,0.05534034317,1.78213309171241,1.21576315105108
2007-04-19,-0.14380530965,1.71821777470206,1.16569245528718
2007-04-20,0.7754514234,1.67459865453325,0.551220759518856
2007-04-23,2.7921292733,1.49038153437096,1.16992936985934
2007-04-24,-0.28873917227,1.61836285608736,6.04981785718032
2007-04-25,2.2608322608,2.98441083350647,1.04826482814105
2007-04-26,3.6623736209,2.10703639079223,6.52090000206241
2007-04-27,1.0926750305,3.66682963414451,1.80384687025466
2007-04-30,-0.1200960768,2.99394068883455,1.0142627295915
2007-05-01,-0.33066132282,2.83743616400065,1.69331739359601
2007-05-02,0.92490198058,2.47729804125675,0.815894943454162
2007-05-03,0.0099611514088,2.29501527797204,1.45846262530432
2007-05-04,0.40836653388,1.85252748439439,0.767546728061326
2007-05-07,3.0850114075,1.61879569973162,1.6549029320353
2007-05-08,1.0969976905,1.84570177926838,1.98563040107574
2007-05-09,1.7323434227,1.94205982140172,1.52206755815907
2007-05-10,0.43038922158,1.94243543446138,3.82747563148867
2007-05-11,1.3042668157,2.61772935081357,1.70916649602821
2007-05-14,0.57016737173,2.35853476297652,1.6853329827051
2007-05-15,-1.6825164593,2.35906399019382,2.49060936310916
2007-05-16,-0.1674107144,2.56033124120526,8.07358741103536
2007-05-17,1.9564002236,4.28143358640649,2.27659873919119
2007-05-18,0.52997076036,3.1186495590751,0.743415190846442
2007-05-21,1.7814942737,2.74618394660059,1.45233937722106
2007-05-22,1.3931059118,2.84430939722996,1.22964695595773
2007-05-23,-0.57248546773,2.67178364140844,2.23553105717001
2007-05-24,-1.9487997165,2.2111059847085,3.47917889992317
2007-05-25,2.6470322522,2.54162174483951,1.46068175177444
2007-05-29,0.642492519,2.27544746201599,1.93269808364793
2007-05-30,3.8653257543,2.38202448847725,2.97733533065042
2007-05-31,2.0383935338,2.76034034921247,2.45197976389902
2007-06-01,-2.3029762936,2.70224084038317,2.50188749476915
2007-06-04,2.4746621621,2.60848919647082,2.8695070523102
2007-06-05,1.1044259458,2.83841290778382,2.4409345576716
2007-06-06,0.79073938214,2.82624691112412,1.9731676682341
2007-06-07,0.34697508891,2.64284864049907,4.67608810027981
2007-06-08,0.33932730985,3.36968533056769,3.67960814614865
2007-06-11,-3.4540926982,3.33744866349334,6.69078906743789
2007-06-12,0.15808303524,4.30520564513875,4.16010583087909
2007-06-13,-2.3924239907,4.06028557980764,4.51301992398933
2007-06-14,1.0638297872,4.41614585893419,2.64817439068213
2007-06-15,1.4736842106,3.87870509552526,0.573603953382069
2007-06-18,3.8091286307,3.16985096578105,1.85614808949617
2007-06-19,-1.1431769126,2.82345587769242,2.1041618735011
2007-06-20,-1.7062914443,2.63968974720352,2.52774011015445
2007-06-21,1.9333607568,2.50551645118355,2.99418990220653
2007-06-22,-0.72639225182,2.63287453386378,2.50442247300541
2007-06-25,-0.5365853659,2.76788812161057,3.72292135679801
2007-06-26,-2.1987902566,3.19103919126512,4.37606276368399
2007-06-27,1.8721270371,3.55782911695119,3.28014920893203
2007-06-28,-1.0911477561,3.46260195461616,2.52623237943931
2007-06-29,1.2276045123,3.28512132372605,2.83723586035346
2007-07-02,-0.63913470995,3.37428261993941,3.49556605056534
2007-07-03,4.8738248392,3.46882497451429,2.65145736898997
2007-07-05,4.3878273176,3.1354102243152,4.18685991080872
2007-07-06,-0.33898305082,3.50681146989507,1.97199491689687
2007-07-09,-1.4889644747,3.06220543134133,2.63619366306642
2007-07-10,1.5498338451,3.15837837632902,3.13101051814066
2007-07-11,0.030222893838,3.19434712885108,1.97861516633789
2007-07-12,1.2689024852,2.91219794680133,1.27661601358658
2007-07-13,2.7299938314,2.44014241272952,1.13824306935306
2007-07-16,0.26864154515,2.30694851496996,2.02445914797807
2007-07-17,0.58645908757,2.37754160050127,1.39870909665427
2007-07-18,-0.56864197577,2.07252714553662,1.75555947188057
2007-07-19,1.3611352448,2.11649672000393,0.915642058833664
2007-07-20,2.6785714284,1.9268237349075,2.14182622342423
2007-07-23,-0.034782608782,2.24803426275728,2.52552880935065
2007-07-24,-6.1308977035,2.36897044603738,5.55590898009048
2007-07-25,1.7570626118,3.36135069559328,6.61999205020077
2007-07-26,6.3674777793,4.10222761437329,13.4439950846734
2007-07-27,-1.4726027397,6.70765838914555,7.06640581478463
2007-07-30,-1.6823079597,6.1663670480533,7.80426895290087
2007-07-31,-6.8373046736,6.89897452590042,11.3982693706085
2007-08-01,2.4590163934,8.21061897283862,19.0009764486058
2007-08-02,1.1037037037,10.9721903492396,4.45739999036988
2007-08-03,-3.3995897134,7.49052833215586,3.60330275714845
2007-08-06,2.5787657025,6.96956279102052,9.77528028860469
2007-08-07,-0.16258780015,8.2807482914054,7.16442460308804
2007-08-08,-0.75546118996,7.39827052810068,5.61908597068534
2007-08-09,-5.6861428252,5.68299061344432,9.54341852494633
2007-08-10,-1.0997705514,6.95391016332966,19.9805117584855
2007-08-13,2.2320000002,10.6521890150598,4.23081597016307
2007-08-14,-2.9423272557,7.35226355454369,5.77322198269202
2007-08-15,-3.3298395549,7.49266812855813,7.72179776485546
2007-08-16,-2.3769808174,8.09233632703024,24.3578995076987
2007-08-17,4.2802221273,12.7152650928361,6.53726347298057
2007-08-20,0.13108307394,8.2039163066358,4.56572035977513
2007-08-21,4.3773523155,7.92315968603372,6.23249584086802
2007-08-22,3.8723837893,8.2846051907803,2.88295974939495
2007-08-23,-1.086710437,7.17994933457875,3.91303332279901
2007-08-24,3.2272831311,5.10586172335957,2.6069223484159
2007-08-27,-2.2542498153,4.4263672421013,1.93799202874829
2007-08-28,-4.1058601134,3.95473489707443,4.75245296364157
2007-08-29,5.7246491089,4.26290736675602,2.84118479764763
2007-08-30,1.6184367541,3.89998238246653,5.44244789151968
2007-08-31,1.6366972477,4.47976054690605,2.67529811153638
2007-09-04,4.1016753321,3.91406787929907,2.59403216686059
2007-09-05,-5.1331853494,3.96092827174722,14.2651178496303
2007-09-06,-1.2796139223,7.07522630280119,7.56978041863646
2007-09-07,-2.3998222354,6.42865602770559,4.05739292745089
2007-09-10,3.7489565151,5.65403787713495,3.60642050563821
2007-09-11,-0.89239997078,5.66656428497465,3.3466737131015
2007-09-12,1.0037641156,5.66753018708973,2.83594971142794
2007-09-13,0.25575447544,4.22460146189707,2.35896024070538
2007-09-14,1.1734693879,3.56010032356003,1.63963654334337
2007-09-17,-0.28816367703,3.14667773549921,2.18487455786576
2007-09-18,1.8134527852,3.05168735891556,4.30829122370184
2007-09-19,-0.10651433449,3.40315931255457,2.40527094700989
2007-09-20,-0.32670336468,3.00395893445268,1.91235231564388
2007-09-21,2.7367970919,2.85440590853125,1.46064225591142
2007-09-24,2.8650711067,2.72868016150512,2.61847812430288
2007-09-25,3.3045589424,2.97384308463024,2.66255773871798
2007-09-26,-0.26765896318,2.79355291179751,3.39813282488714
2007-09-27,1.1324212868,3.03366523263341,1.73408393442257
2007-09-28,-0.66666666662,2.72662008478268,1.40845336244321
2007-10-01,1.8694207336,2.64498237373442,1.90365438656165
2007-10-02,1.3502708858,2.64622889058023,1.8242226266164
2007-10-03,-0.33442726417,2.5191251074129,1.62998493002449
2007-10-04,-1.0638924367,2.28563349501649,2.65103746456546
2007-10-05,3.334549411,2.56216984042373,1.7845515950087
2007-10-08,4.0013031905,2.38008483693854,1.72286876875343
2007-10-09,-0.02977785698,2.31486840720117,3.85876926548046
2007-10-10,-0.63743595856,2.9042157151447,2.03415440572465
2007-10-11,-2.7339768571,2.62526321695666,53.8002852630563
2007-10-12,3.0966529002,17.4392797168691,4.14049631667372
2007-10-15,-0.16364361454,9.16174672425625,5.7553501400471
2007-10-16,1.5570727035,9.90188788879137,3.20426479342539
2007-10-17,1.8693242127,9.40054234811613,2.35600053276361
2007-10-18,0.43415340097,9.29090938115976,1.64911038760384
2007-10-19,-1.7752161384,3.43573362286634,3.72811087484076
2007-10-22,2.311935219,3.7560666382274,2.33588643292679
2007-10-23,6.7676072491,3.14416193139653,4.16727992638394
2007-10-24,-0.12354963473,3.5809241858104,7.33626396152892
2007-10-25,-1.6941859838,4.70021557738154,3.58479319459988
2007-10-26,1.0504431555,4.27251359760954,1.8792818474527
2007-10-29,0.21115322143,3.76735589150837,0.919626771656789
2007-10-30,1.0319304121,3.44213358358991,1.93903488587757
2007-10-31,1.5775401069,3.37637162354242,4.67488595775897
2007-11-01,-1.3214003685,3.57175273575261,2.54860240756657
2007-11-02,0.22940674353,3.09664524569576,5.60788757907022
2007-11-05,-0.89955820513,4.05543316672173,3.07172034402973
2007-11-06,3.0132130196,3.85755810483178,2.65063789374427
2007-11-07,-2.8625580062,3.86828499640538,3.22605793648271
2007-11-08,-5.8151399974,3.81737786592696,38.886641968749
2007-11-09,-5.7539823885,14.1449191014114,16.6072345047589
2007-11-12,-7.0206204271,11.604554084568,34.9408560982679
2007-11-13,10.535900104,18.1405835744821,8.90811641827018
2007-11-14,-2.2652388797,14.3762648544713,12.6891184674753
2007-11-15,-1.0896393956,16.1055163893104,15.8637521665265
2007-11-16,1.2720632987,14.2028204930552,13.8570064865779
2007-11-19,-1.466434281,13.6244657074272,10.4232231071571
2007-11-20,2.9887160721,10.3978466202545,12.9991724314664
2007-11-21,-0.23097423773,11.3447076228576,9.73189555663311
2007-11-23,1.8283271995,10.5023726991536,1.42283566106627
2007-11-26,0.58406202643,7.47326387544419,5.04163780410744
2007-11-27,1.3145212844,7.11570307167599,6.8316378177475
2007-11-28,3.0947886275,7.04920113552627,2.69197967762857
2007-11-29,2.2583509046,5.21178061043602,3.01486844183226
2007-11-30,-1.1232296924,4.54335564236306,6.13042991274713
2007-12-03,-1.8439249257,5.62042971647332,4.99699665679518
2007-12-04,0.53114167495,5.4224529079984,4.44193628738052
2007-12-05,3.1644513654,5.07622075816337,2.33430094371417
2007-12-06,2.4004312669,4.6549281335519,2.41711951468122
2007-12-07,2.2885685285,4.59974632269256,2.469099784505
2007-12-10,-0.046320123511,4.20618891357485,2.11850735010547
2007-12-11,-2.9193141443,3.8236919779726,7.01151664159467
2007-12-12,1.2302933483,4.75759482857073,6.08763976656146
2007-12-13,0.50822592475,4.94757529337883,4.50262867404335
2007-12-14,-0.75066465115,4.7224589302303,2.49711635421768
2007-12-17,-3.1461736435,4.34235804867095,6.06931651712704
2007-12-18,-0.77006507599,5.35070504396892,8.24839030340328
2007-12-19,0.076511094267,5.81590250944372,3.75241704113641
2007-12-20,2.2335080821,4.72626283623374,1.69780574182588
2007-12-21,3.57886865,4.01335997314741,1.29065283170948
2007-12-24,2.5217884588,3.74138406706937,0.9478002984252
2007-12-26,0.075452716192,3.06863019183865,2.26536860782028
2007-12-27,-0.1910027645,2.64435474129024,2.94941252893897
2007-12-28,0.63453693911,2.6615530069975,2.17650407598498
2007-12-31,-0.87574438276,2.55336983815345,1.67581891964284
2008-01-02,-1.6357027464,2.50341431494681,4.44087204584446
2008-01-03,0.04619174706,3.37057707583888,2.76747106641462
2008-01-04,-7.633509465,3.11772407571195,7.69847460943868
2008-01-07,-1.3385170787,4.50281423790662,27.218046852951
2008-01-08,-3.597162801,10.7420060916498,12.2181028323168
2008-01-09,4.7591240875,9.37601016654123,17.9747859310734
2008-01-10,-0.76923076922,11.942786080389,10.8624195007555
2008-01-11,-2.9940456129,11.6566013110003,8.0561476466087
2008-01-14,3.5265504663,11.2483409354286,3.09781982892838
2008-01-15,-5.4480366932,7.72752603935552,19.287480921204
2008-01-16,-5.5608140086,11.3664332396718,26.6902826349402
2008-01-17,0.78301177655,13.7275727286655,19.4317999216647
2008-01-18,0.29212505451,13.5190782198242,9.06170391513277
2008-01-22,-3.5448686169,11.8630297237147,22.2738554164702
2008-01-23,-10.645078386,16.3219379015475,32.1764898588765
2008-01-24,-2.4965485502,19.6078302597067,15.7857667148797
2008-01-25,-4.1224188792,15.6761914981153,11.2993786583967
2008-01-28,0,14.0722632898443,11.4639603948004
2008-01-29,1.1768325514,14.4265173998421,6.70657878266645
2008-01-30,0.48654401689,11.927704166437,9.27183000454065
2008-01-31,2.405810259,9.89543167237347,6.9422943255995
2008-02-01,-1.1894208039,8.55342529956649,5.23562152788209
2008-02-04,-1.5700934581,7.61616528471968,4.04546858872833
2008-02-05,-1.7394606911,6.59570886614654,6.24538526173733
2008-02-06,-5.6895485467,6.94431398322986,10.0114103921559
2008-02-07,-0.62295081971,7.68707606742751,16.7886941887103
2008-02-08,3.4971956451,9.870550270327,8.8787224935058
2008-02-11,3.163850813,8.88925452617983,4.20560455372853
2008-02-12,-3.5457705678,8.02092337639564,5.20358165359956
2008-02-13,3.6360724011,8.04473221422888,4.80170859859988
2008-02-14,-1.4992272024,7.38505188720686,5.25887437920507
2008-02-15,-2.2203044092,6.21245570089726,2.49232775796863
2008-02-19,-1.9658188236,4.9363869248106,3.75923888399109
2008-02-20,1.3422818791,4.9689935855509,5.59002983237435
2008-02-21,-1.8413826521,5.24399174893542,4.47716446444631
2008-02-22,-1.7113707422,4.98967575610924,7.521240569671
2008-02-25,0.23438807966,5.67366345707725,7.91194987175307
2008-02-26,-0.49273425748,6.19072726793849,7.56505268798108
2008-02-27,3.197650021,6.49940210360898,6.98265818042339
2008-02-28,5.6522446323,6.52620995321786,4.55105903027381
2008-02-29,-3.7641444075,6.07484816693433,5.64786264784096
2008-03-03,-2.6315789474,6.05185360918949,8.89097433915284
2008-03-04,2.3741066294,6.71487905141498,12.8498203066055
2008-03-05,-0.10439736797,8.01052323585635,6.04453722770771
2008-03-06,-2.8595894125,6.7416840220201,8.33188897927392
2008-03-07,1.0915405606,7.57522771386505,8.08002560174931
2008-03-10,-2.0940695297,7.80946787022299,5.38192149433248
2008-03-11,6.3999498707,6.93301344076115,6.01946578861577
2008-03-12,-1.0365912552,6.22976658004653,5.21668765424674
2008-03-13,1.5155121795,5.97910546308081,7.31666611401186
2008-03-14,-1.0395497889,6.24759197540519,13.8798490118281
2008-03-17,0.094779243409,8.06423370944608,9.26992881287889
2008-03-18,4.8054919909,7.72398569227925,5.92910302491826
2008-03-19,-2.3716307786,7.14330169030282,6.23365593691984
2008-03-20,2.7762782449,7.32945317355723,3.64062712740519
2008-03-24,4.6972311848,6.47960348391763,4.52015338162375
2008-03-25,1.0392030386,5.59837804513405,4.31160782599807
2008-03-26,2.8940275217,5.01789494583172,4.5926315168069
2008-03-27,-3.3158692955,4.90229277653319,4.98722425455274
2008-03-28,1.9679144385,4.81612418316898,3.41521692390845
2008-03-31,0.34263338221,4.49627114847949,3.63326310424824
2008-04-01,4.2021602789,4.416622009865,2.99974905208068
2008-04-02,-1.3643406915,4.15457255024599,4.42015176460072
2008-04-03,2.7934097228,4.37272820281552,4.65469509134459
2008-04-04,0.96959303482,4.35142012238784,4.10227069308276
2008-04-07,1.8356414945,4.27966733523714,3.89131525988945
2008-04-08,-1.9565077938,4.25885673955982,3.68996505996618
2008-04-09,-0.9159905786,4.27227480546568,3.43657034456967
2008-04-10,2.053618595,4.0932183930877,3.03786501338524
2008-04-11,-4.7945648659,3.83341355659454,3.72185081095202
2008-04-14,0.43495990212,3.8957112114132,4.52467439831318
2008-04-15,0.40600893208,4.09915430202534,2.80016088638574
2008-04-16,3.5853888665,3.67803969057213,2.22744972183358
2008-04-17,0.51398828891,3.37762327035325,2.96038571552754
2008-04-18,4.2397566187,3.45768912549923,2.4367244920179
2008-04-21,4.4212617982,3.20592244509005,2.45493754093806
2008-04-22,-4.7335870599,2.95965473994897,6.37105804074254
2008-04-23,1.679151061,4.04114269148252,3.15955295513318
2008-04-24,3.7141629322,3.58272683685365,9.44787193454596
2008-04-25,0.46762164075,5.40641457859842,4.45653242080154
2008-04-28,1.4788193012,4.76832971225087,2.77256698939669
2008-04-29,1.6314444962,4.50026523316039,2.51211819405637
2008-04-30,-0.62839188822,4.02699866509003,4.26124387324785
2008-05-01,3.4780109228,4.45244548845762,2.35860262588677
2008-05-02,0.52222222221,3.34404410327629,4.38499799815266
2008-05-05,2.0946170001,3.68461822749131,3.03872324694403
2008-05-06,1.0447680399,3.47256908431146,2.5596456796181
2008-05-07,-2.1804350155,3.38618107602402,3.75924421059348
2008-05-08,1.3527575442,3.53673916837714,2.41555466569423
2008-05-09,-0.86998811203,3.30423005384394,2.21486071635038
2008-05-12,2.5674570728,3.02450506508826,2.36694213943282
2008-05-13,0.95663265311,2.9730255816655,1.74435979026685
2008-05-14,-1.9477784796,2.76476464618705,2.41622144890518
2008-05-15,1.862987222,2.7205640829876,3.95628704812952
2008-05-16,-1.1120539714,3.1613211853653,2.00554403355867
2008-05-19,-2.1426808747,2.80144132646597,4.21423932088075
2008-05-20,1.2527233115,3.39142363323147,4.70841843433215
2008-05-21,-4.1473910705,3.81493073351735,7.35539799019867
2008-05-22,-0.63976654119,4.84099722665457,8.4799515991465
2008-05-23,2.3270262636,5.54297882007032,4.29171698450247
2008-05-27,2.9033504443,5.07981073973201,1.86675453682543
2008-05-28,0.31110872715,4.36014076367012,2.39574244527229
2008-05-29,-0.17111384423,4.18533272589099,2.3164230561141
2008-05-30,1.1034334995,3.61651058595865,0.943970775774154
2008-06-02,-1.40397351,2.54483301008667,2.33309883607115
2008-06-03,-0.39226222452,2.55761287486386,3.53132326165742
2008-06-04,-0.097103091139,2.95323463336686,3.303047089487
2008-06-05,2.289540472,3.00699977911962,1.67897337580935
2008-06-06,-2.0007390593,2.64961229344427,3.4333700687622
2008-06-09,-2.1708683474,3.22957320979091,20.1604642611441
2008-06-10,2.2190408017,8.15946909705359,5.44140271299719
2008-06-11,-2.6018099547,5.85458268883088,4.39933523116826
2008-06-12,-4.1756540014,5.80849292392908,8.73049896100884
2008-06-13,-0.51367886417,7.36460801728229,23.6937085166891
2008-06-16,2.5932586877,12.2907925856502,5.30591858230042
2008-06-17,2.5955666137,7.51588205906867,3.25924818326819
2008-06-18,-1.4771537232,6.92037439491329,3.60474403741985
2008-06-19,1.2027972029,6.90221080117121,4.83765284005634
2008-06-20,-3.1122166943,6.69122906177889,3.60695044159439
2008-06-23,-1.2038569065,4.27067493215929,5.04758508574254
2008-06-24,0.051975051974,4.47647296615035,3.93766980883282
2008-06-25,2.3896103896,4.33287888473749,3.28864469769848
2008-06-26,-5.14685157,4.18059523589036,4.72836713587489
2008-06-27,1.0876025201,4.43333064587866,7.449513666234
2008-06-30,-1.5579987067,5.3528387681171,5.70852885146102
2008-07-01,4.3239369326,5.14595953573842,7.39734763193453
2008-07-02,-3.7210899931,5.85421097537545,6.60640029501333
2008-07-03,1.1535259842,6.10730787868006,6.8909096559053
2008-07-07,2.9626146248,6.41333828894869,5.52207126470398
2008-07-08,2.5062799727,5.9797203532569,5.77287188823356
2008-07-09,-2.9518240045,6.05427785344511,4.66644084966681
2008-07-10,1.3658536585,5.57184959226147,8.59374381506342
2008-07-11,-2.2929287209,6.39658993167623,11.2383686599605
2008-07-14,0.75327384384,7.36271002737533,7.76681606368397
2008-07-15,-2.438463308,7.03159757802968,14.3056632925213
2008-07-16,1.8686630512,9.12524065508017,5.69180241887047
2008-07-17,-0.57867021587,7.64861509023072,3.48729818892159
2008-07-18,-3.8763750656,6.69866808443255,3.93485104319468
2008-07-21,0.69028156213,5.9789436328099,6.09291600840741
2008-07-22,-2.5678032353,6.1815019768915,12.5980100302006
2008-07-23,2.6169608691,7.15959781401702,7.79580684940875
2008-07-24,-4.3486106098,6.58901282324963,6.1921246810798
2008-07-25,1.9430296172,6.61647149995576,3.73739932966269
2008-07-28,-4.761904762,6.17131481584958,4.65898398241036
2008-07-29,1.7357512954,6.18080554871804,5.2655934605482
2008-07-30,1.7825311943,5.48445397328769,4.3993388949127
2008-07-31,-0.58168626465,4.94489446539691,4.76061846439794
2008-08-01,-1.4407046242,4.84446354521799,4.54631088110493
2008-08-04,-2.1894548703,4.87931994273673,4.44318763426502
2008-08-05,4.8358676497,4.82504991494937,2.86163843609642
2008-08-06,2.2099103586,4.26542161197643,4.19719080493706
2008-08-07,-0.37761130388,4.46514856295015,4.45808879308957
2008-08-08,3.6559271261,4.46904373569085,2.46047443490843
2008-08-11,2.365084046,3.88355925317254,3.793536399751
2008-08-12,1.8264577091,4.01311967458235,4.16037502433343
2008-08-13,1.4541956658,4.17651499903106,4.59267648554473
2008-08-14,0.011154489584,4.27536637786481,2.8089978970608
2008-08-15,-1.9964309614,3.71930117391613,2.48650662085732
2008-08-18,-0.19915784696,3.64760469605815,3.14937327997977
2008-08-19,-1.0604937567,3.68901097241088,2.94731517254991
2008-08-20,1.3311819283,3.51537627803878,2.87458327092117
2008-08-21,-0.88148316654,3.29534936605759,2.80337609418044
2008-08-22,1.4343909575,3.22421382501791,1.71906762874178
2008-08-25,-2.3983256971,2.91737567379287,2.01995638253053
2008-08-26,0.63170095618,2.82049419110628,2.17976038845377
2008-08-27,0.59318129479,2.75456780747745,1.80057413225453
2008-08-28,-0.53243258708,2.55457488461891,1.87472863627099
2008-08-29,-2.4231610453,2.4453453910222,2.38612405571643
2008-09-02,-1.9701527754,2.59448508658907,4.82950151837477
2008-09-03,0.46332510992,3.32329205054461,5.55939322485257
2008-09-04,-3.4379492094,3.82542687223903,5.80879443137727
2008-09-05,-0.64508125552,4.31591104056173,8.67583588595509
2008-09-08,-1.4109127232,5.58941139968916,17.5102098504385
2008-09-09,-3.9513677811,8.84667047284865,16.5607266282017
2008-09-10,-0.046149788886,10.0415038282339,10.7508203543345
2008-09-11,0.68597058216,9.6604492276993,9.5519604721435
2008-09-12,-2.4303963314,9.8988439396494,8.07788623549014
2008-09-15,-5.7607090102,9.60298799245841,14.3285181779145
2008-09-16,-0.34197777159,10.3874473856951,30.9536848074114
2008-09-17,-8.6145267371,14.9931286524011,32.0211452506087
2008-09-18,4.8971289994,17.6845115429196,46.3012768598121
2008-09-19,5.0861361771,24.4271277711334,19.5107734122851
2008-09-22,-6.9973742104,21.1700357238235,9.0197047407957
2008-09-23,-3.2125143076,18.8196367566124,17.3660139941582
2008-09-24,1.4742983285,18.8524675917507,13.1709545176242
2008-09-25,2.5017481159,16.1321728122403,7.21856148316531
2008-09-26,-2.79693777,10.8540911645252,16.9539019007532
2008-09-29,-17.919525889,12.3365454169519,89.2077557437544
2008-09-30,7.9802394072,34.0789098184209,16.7237265319779
2008-10-01,-3.9943691712,21.6264940257766,21.3948326767513
2008-10-02,-8.2661290323,23.4448541613092,26.5867182186387
2008-10-03,-3.026973027,26.5909958285219,122.192301394845
2008-10-06,1.1022973113,55.2711803465126,63.1358839268015
2008-10-07,-9.1501936009,42.5935435358064,57.4088647145647
2008-10-08,0.70659488556,46.3587966179043,82.5640325890263
2008-10-09,-1.1693952556,57.7800191377809,53.4920346410371
2008-10-10,9.0827135453,55.9479453018926,128.573020247773
2008-10-13,13.904958677,70.2655612913958,20.2035298734826
2008-10-14,-5.6049337928,46.9777596460303,46.4516406809568
2008-10-15,-5.8897002306,50.5205106030349,34.3282622483871
2008-10-16,4.022460439,43.2652885334867,63.3824163897394
2008-10-17,-4.406713122,49.5411171545867,29.9712823978464
2008-10-20,1.0677618069,32.9703078378543,21.1907074716062
2008-10-21,-7.0601381552,31.4185243501854,15.0257380296495
2008-10-22,5.88042409,26.8857385583627,26.5602384607852
2008-10-23,1.4039434292,28.1228427684599,39.7051563588593
2008-10-24,-1.8833350299,27.9213003069744,37.5845060541385
2008-10-27,-4.4511309401,28.5363923751441,22.7875900362894
2008-10-28,8.4916929092,26.2583931543865,19.4385650091957
2008-10-29,4.6441797618,26.1808125523326,31.7646236838514
2008-10-30,6.2075561933,28.5302853868698,14.8695048991718
2008-10-31,-3.1069884728,22.8896493826779,15.3988355328573
2008-11-03,-0.58555627847,20.5126578849576,8.42458454542638
2008-11-04,3.7677636499,17.6300147082148,9.54853048897843
2008-11-05,-6.9285521218,16.0689388066188,9.17599904904622
2008-11-06,-4.0658276864,13.2072713434406,16.7979248086782
2008-11-07,-0.86781029258,14.4883988067047,16.5660415471274
2008-11-10,-2.4022801303,14.1838512818209,16.1459850503485
2008-11-11,-1.1576971214,14.7359686557456,15.9302713177109
2008-11-12,-4.9066160177,14.7284223912312,12.1738544162989
2008-11-13,7.0128717265,14.3630686111804,33.1475503005727
2008-11-14,-6.4288676896,19.6848266800062,17.6341345945054
2008-11-17,-2.3271276595,17.0336494209186,16.9655976910917
2008-11-18,2.0081688222,16.7323584061843,15.0388113943816
2008-11-19,-4.0262484707,16.2142979093996,13.4969220590898
2008-11-20,-6.7215204544,16.0483151404831,38.4355522248378
2008-11-21,2.5965958504,21.0578500659962,26.5928856262685
2008-11-24,12.55751998,20.0028201998834,21.4801986550309
2008-11-25,-2.3130715438,19.5097710164015,20.3045856274943
2008-11-26,4.6255506608,19.7820449396156,13.1025761597651
2008-11-28,-2.4526315789,18.4421415907449,4.31996375602966
2008-12-01,-4.0358260495,13.1008593188996,8.46550110529777
2008-12-02,3.9806589451,11.6880139857418,15.9794492283566
2008-12-03,3.7093111279,12.3842453476171,16.0667412544195
2008-12-04,-4.6819603754,11.9386086591876,16.9935287326266
2008-12-05,2.8333880318,12.5756279108456,13.4653665538192
2008-12-08,6.085106383,12.9946174281908,9.70855349984323
2008-12-09,0.34095467327,12.4877396382586,12.1653507912897
2008-12-10,-1.8488906657,12.4646844638417,9.64542289286966
2008-12-11,-3.2685062621,11.2859594883978,10.8962074856406
2008-12-12,3.4421052631,10.8014195416274,15.536400089892
2008-12-15,-3.5819680473,11.8244503445123,7.53028662690565
2008-12-16,0.71767810041,10.1806134128719,9.32738866668293
2008-12-17,-6.5702609242,10.0369366421853,8.21770547456324
2008-12-18,0.30282637963,9.63347357557564,5.73827454178341
2008-12-19,0.63737001001,8.57460993051029,4.4463176621505
2008-12-22,-4.7333333333,7.0734309783032,6.72902693933939
2008-12-23,0.74644273373,7.33804325813561,5.25059075947275
2008-12-24,-1.5512850197,6.43930001419633,2.39505014751891
2008-12-26,0.9054562559,5.16568890949485,3.05031458165195
2008-12-29,0.9322922735,4.87408034232766,2.79946546152474
2008-12-30,-0.36947234721,4.5462279582135,8.75808591247928
2008-12-31,-1.0893498669,5.76798005940214,3.35335048695285
2009-01-02,6.3268892794,4.62437615420919,3.9330737818641
2009-01-05,4.2203856749,4.8657752366878,7.09099773260006
2009-01-06,-1.6493973355,5.79920645102092,7.76996577158607
2009-01-07,-2.1608256289,6.41161490483753,6.07160686553476
2009-01-08,1.8569387978,5.75991050161257,7.39150388430419
2009-01-09,-2.2869471412,6.39358966246856,5.24815142084907
2009-01-12,-2.119673217,6.14248914150411,4.71405627007156
2009-01-13,-1.0715091362,5.74567146248147,5.98075013655547
2009-01-14,-2.7134876296,5.74562971810052,5.32800766843082
2009-01-15,-2.2852455173,5.51867831801375,12.576253213684
2009-01-16,-1.2592947951,7.31651925007629,10.6719971990062
2009-01-20,-5.0163974249,7.60225501352787,9.51399407399471
2009-01-21,5.9207161125,7.93039408954424,6.91510402143775
2009-01-22,6.676325003,7.57796585273116,12.8530707901541
2009-01-23,0,9.46690612808377,8.52068227818323
2009-01-26,1.4486192847,8.30114570503567,5.59026475593854
2009-01-27,1.2159750113,7.23306475179354,3.42699723641346
2009-01-28,3.8245343325,6.1826771313017,4.31387108908445
2009-01-29,-1.2738853503,6.06147873649061,3.8041202182026
2009-01-30,-3.0860215054,4.98615712306201,4.49121362294731
2009-02-02,1.5311217132,4.67264848850084,5.51988270565028
2009-02-03,1.6063818162,4.82264260784501,4.20403330665157
2009-02-04,0.61303506136,4.68651385609282,4.37912427646648
2009-02-05,3.1106360235,4.72644472738167,4.75075536364505
2009-02-06,3.3796392287,4.88024592347243,3.19153179678868
2009-02-09,2.7978339351,4.44226170041523,3.55216838855974
2009-02-10,-4.5654082529,4.27358241482816,6.77632792243764
2009-02-11,-1.0324031483,5.10663596751994,6.72832358321732
2009-02-12,2.5304689114,5.36474384995533,8.18033409667676
2009-02-13,-0.11080890499,6.01118387839296,4.63171396049438
2009-02-17,-4.6692214602,5.55054336835739,5.8415824316044
2009-02-18,-0.16925843647,6.01275380056835,6.41163210402459
2009-02-19,-3.9525272863,6.03416863676324,5.51590218871875
2009-02-20,0.6178287731,5.71646404630424,6.67485256195724
2009-02-23,-4.6600877193,5.7339049352173,7.21628481273018
2009-02-24,3.7952846464,6.11221273854298,6.08212271380106
2009-02-25,1.0083102494,5.90318042718425,8.39129466618935
2009-02-26,-2.161035542,6.51673230663505,7.34554278624613
2009-02-27,0.13454423151,6.54785853210611,12.518089830384
2009-03-02,-1.5339827569,8.13247939868888,9.67904478355689
2009-03-03,0.48896975222,7.9459721635074,10.6938903636842
2009-03-04,3.1684960959,8.66718029685807,6.14024791054781
2009-03-05,-2.5556652408,7.64677053772406,8.46781514485176
2009-03-06,-3.9846915804,8.18779184808301,16.64768652311
2009-03-09,-2.5674091442,10.1218649720263,12.8831646884695
2009-03-10,6.6387919624,9.87609067487216,7.71630321719294
2009-03-11,4.5725085331,8.67835684827874,7.82881185923124
2009-03-12,3.9598618903,8.91043087843518,7.49655200509933
2009-03-13,-0.435910742,8.77024612394482,5.9849878697456
2009-03-16,-0.53163765242,7.33645011860404,6.62079457035735
2009-03-17,4.4435128902,6.75860360034597,6.71065157949862
2009-03-18,1.8663455749,6.65506219544684,10.1556724157895
2009-03-19,0.098502758192,7.53572628599793,7.61174394899931
2009-03-20,-0.029521747729,7.1212225917026,3.48290439639669
2009-03-23,5.9749975391,6.11914065027424,5.21623109459297
2009-03-24,-1.0765372469,6.26157048786874,5.41880434992757
2009-03-25,-0.01032854152,6.14731412335449,7.52006671721198
2009-03-26,3.1740069489,6.22166570679029,5.23963532402648
2009-03-27,-2.7487030126,5.56424978640463,3.84684093286745
2009-03-30,-2.2087037903,5.33749609374434,4.52746508232182
2009-03-31,0.60292850994,5.36231275943183,3.7753794559497
2009-04-01,3.3961187213,5.00072994545244,3.84271082689102
2009-04-02,3.6985923269,4.57441602919928,5.01584391707836
2009-04-03,2.9101233255,4.71792994340032,3.9103980386475
2009-04-06,2.1208724889,4.52144909779562,4.54519546368135
2009-04-07,-2.9126213592,4.60926939551918,3.37167351634057
2009-04-08,1.1478260869,4.28413297553149,3.37430304206194
2009-04-09,2.7940165062,4.17666170624149,1.96248807378684
2009-04-13,0.54361461916,3.56477666145842,3.02884534522888
2009-04-14,-1.5887539511,3.62302880265222,3.00142492819822
2009-04-15,-0.56630884965,3.42231406938791,3.73290044639958
2009-04-16,3.2386943216,3.57436535819157,3.26082313464386
2009-04-17,1.6220666941,3.46071775346826,2.84131360677209
2009-04-20,-2.3659050398,3.46187801219606,3.30642309640516
2009-04-21,1.0456431535,3.53158328001364,3.91131672966942
2009-04-22,-0.20532194485,3.71339531532056,5.42834542961144
2009-04-23,3.2013826023,4.17184709756548,8.2422381963637
2009-04-24,-1.1961722488,5.22010952762341,4.65487434531362
2009-04-27,0.66989507668,4.79722067551045,3.43302632846255
2009-04-28,-0.66383388121,4.57657748238148,2.90207845582104
2009-04-29,0.99917676871,4.36067501463763,2.99317080032288
2009-04-30,0.5513824517,4.10428102960846,3.15473901110476
2009-05-01,1.120559485,3.56612893270702,2.1398163679131
2009-05-04,3.7959761083,3.10604362382105,2.00893177819076
2009-05-05,0.48459150439,2.9164820940721,2.17315917953277
2009-05-06,-0.15823977092,2.84790786627222,3.71729617433744
2009-05-07,-2.5962264151,3.19180781961879,3.62254222475923
2009-05-08,0.10072834338,3.22130615023931,5.41141507577263
2009-05-11,0.29414041346,3.8998937338513,2.94997835977444
2009-05-12,-3.9746854983,3.57707197592777,4.22287572059341
2009-05-13,-3.9623854685,4.03423797751323,4.09644148547708
2009-05-14,2.8956398024,4.06040573586691,3.20041597910694
2009-05-15,-0.43106954035,3.86115406625119,3.03747723454869
2009-05-18,3.4553177586,3.56871121940285,4.03330397682906
2009-05-19,0.63166206073,3.86340471071088,2.44349550340823
2009-05-20,-1.2397018439,3.39243608486081,4.34234000749462
2009-05-21,-1.3426551203,3.75224051991899,3.61814992456797
2009-05-22,-1.3528748591,3.67170442725507,3.05757475536458
2009-05-26,6.7591836734,3.56336134712082,3.65114869796283
2009-05-27,1.7357394097,3.59627011869102,4.02588298837306
2009-05-28,1.5182262307,3.83048797192146,3.46532405724253
2009-05-29,0.54786407036,3.63808603394709,2.29294125380253
2009-06-01,2.606582726,3.28746960071517,1.79030791832311
2009-06-02,0.10046645129,3.05489907029711,2.61468487028737
2009-06-03,1.0466700121,3.07987851596679,2.17706568051917
2009-06-04,1.9794253281,2.80211071454137,2.35719466291018
2009-06-05,0.64700153052,2.7136794900253,3.13236447560721
2009-06-08,-0.56680721636,2.94478051243216,4.82480764791982
2009-06-09,-0.7855404936,3.5752372181457,3.01703055352436
2009-06-10,-1.730661435,3.30473282047886,3.12950122828516
2009-06-11,-0.21390374341,3.41493035167693,3.58047082687794
2009-06-12,-2.1293319043,3.63038443634732,1.77804755039884
2009-06-15,-0.6424764545,3.15726232663232,3.23215005559144
2009-06-16,0.1910500403,3.22767256605605,1.95036525031462
2009-06-17,-0.564723139,2.88276765918317,4.82118957626347
2009-06-18,0.2212715739,3.57275583289995,1.91496498442901
2009-06-19,2.6493965264,2.87755719945538,1.50376059051614
2009-06-22,-1.5127616861,2.77114983591233,3.64023488814948
2009-06-23,-2.4459488973,3.17927891317941,4.55917860797215
2009-06-24,1.649130662,3.62899910099084,2.25372833398715
2009-06-25,2.6721479961,2.94609071087474,2.15130892086987
2009-06-26,1.8447018445,2.94545986870404,1.53932855765959
2009-06-29,-0.32996349337,2.82928025588425,1.86608108014624
2009-06-30,0.3240121152,2.68146728789777,1.42301477360425
2009-07-01,0.28083971083,2.25622367422088,1.1182413270934
2009-07-02,-1.967373801,2.0752992277916,1.59171614916539
2009-07-06,-1.006999,2.08931882441096,2.086719003034
2009-07-07,-2.3158502275,2.23395757464327,2.07560716354111
2009-07-08,1.3441654359,2.25334267783203,3.89484776055258
2009-07-09,-0.6267307971,2.84187179422466,3.35682533186215
2009-07-10,1.5840422409,2.98600947391126,2.43928399384449
2009-07-13,2.7577245164,2.91764182659421,2.38003328050629
2009-07-14,-0.049178024528,2.93514791999394,2.12418289756047
2009-07-15,3.2403177058,2.88779302446542,1.06392511237113
2009-07-16,0.4357298476,2.39075910368522,1.78677435209917
2009-07-17,2.867407809,2.33438435570769,0.867747645263487
2009-07-20,0.76375617809,1.99753236368898,2.99982145363554
2009-07-21,-0.9149232551,2.42145653921962,2.16168894801094
2009-07-22,3.4519173652,2.28284197318158,2.80875940765623
2009-07-23,0.68903917327,2.59322889181271,1.96764353220656
2009-07-24,1.3724496263,2.45840102625188,2.20559165655894
2009-07-27,0.071256234878,2.63201497035167,1.85551104297316
2009-07-28,-0.062460961908,2.44395752294006,1.49499572663456
2009-07-29,0.018750000163,2.30493435126488,1.67977954808602
2009-07-30,1.7246766231,2.21378167931482,1.32163579110847
2009-07-31,0.3685730082,2.07809993250961,1.37888311770598
2009-08-03,1.8605789828,1.9970478443748,1.6016472397474
2009-08-04,-0.52875082602,2.01041546153974,1.04409378646859
2009-08-05,-0.26578073093,1.86179884537606,1.52185954544156
2009-08-06,-0.72678820188,1.92332049516824,1.29155925760642
2009-08-07,0.97614544557,1.87573721130219,1.12698860605396
2009-08-10,-0.47731254908,1.80334083741108,1.2440495061887
2009-08-11,-1.1474016512,1.77170509683131,1.07375536112499
2009-08-12,1.5230608609,1.73753573276053,1.47763794283796
2009-08-13,1.881313895,1.79680397114227,1.37594544037346
2009-08-14,-0.97375608584,1.78410917245805,1.09565302493431
2009-08-17,-4.3110684735,1.73264014895166,1.40756216369083
2009-08-18,2.7633310357,1.80197300658467,1.1306573197641
2009-08-19,0.3658536587,1.76213626676284,0.866199729761424
2009-08-20,1.0510328068,1.63690860067912,0.523840192784501
2009-08-21,1.7375097696,1.47484164539018,0.745541225078737
2009-08-24,-0.094551471375,1.46232401619472,1.00933707349215
2009-08-25,0.20111203121,1.45834659531277,0.927993091584758
2009-08-26,-1.1747343566,1.41453184379159,0.909686919366332
2009-08-27,1.2185651993,1.41052351377554,2.11919069962274
2009-08-28,0.35408675139,1.79723367359049,2.21774201300648
2009-08-31,-1.0820346957,1.97879792382555,1.26475100182544
2009-09-01,-1.7311693717,1.84250758150669,2.334077622365
2009-09-02,-0.07138622359,2.18631972733366,2.07204063668267
2009-09-03,0.82939823242,2.27147453674894,1.22522537447289
2009-09-04,2.2575803061,2.02885146671908,0.810293622744965
2009-09-08,1.5383712054,1.79892287423892,0.73907782543481
2009-09-09,-1.0351009078,1.72575034396059,2.48871817183464
2009-09-10,0.82973004555,2.05181826459987,1.86916336119389
2009-09-11,-0.23180343078,1.92670429957504,1.06921436136649
2009-09-14,0.90613382908,1.77194734922425,1.14296944093379
2009-09-15,0.82892010141,1.81911925778776,0.950998736119913
2009-09-16,3.830783284,1.80679866521656,1.2517523778002
2009-09-17,1.4735800296,1.72385148161536,2.21188505625504
2009-09-18,0.25467353025,1.93139530715173,1.08985861122056
2009-09-21,-0.54048211005,1.74037974656707,1.31436855950464
2009-09-22,0.24997282908,1.80046299305988,1.3055218191706
2009-09-23,0.55290546406,1.84246035854136,2.15132307867673
2009-09-24,-0.90566037734,2.09496412522208,2.79524550560398
2009-09-25,-0.78881514528,2.28032893214653,2.6429385859069
2009-09-28,2.0737511652,2.43460422253745,0.990727422932119
2009-09-29,-0.4146613599,2.11535248131745,1.68475146530956
2009-09-30,-0.016182975378,2.27374753671413,2.4309944351944
2009-10-01,-2.4224979768,2.43406424695791,2.01622824867108
2009-10-02,2.2338285047,2.28176763738495,1.62224757305331
2009-10-05,0.60789616018,2.09784518456693,1.53544496010109
2009-10-06,2.1427342708,2.13944086765445,1.15181746159347
2009-10-07,0.12630914152,2.01457420504114,1.04267323049846
2009-10-08,-0.51511169513,1.84496668120759,1.39856655646792
2009-10-09,0.63401489933,1.84239969378284,0.764783640277107
2009-10-12,0.17850580152,1.62909588980071,0.605961130932778
2009-10-13,-0.41402442221,1.49235026668222,0.831840641884707
2009-10-14,0.66835069993,1.49471744047789,0.885093544669681
2009-10-15,-0.38161953062,1.48506840006443,0.417759022602087
2009-10-16,-1.317170445,1.29396114381001,0.939349525855886
2009-10-19,0.96250997067,1.4009774105321,2.55280939256734
2009-10-20,4.6876645949,1.89403745003677,2.53791011901816
2009-10-21,3.0992151338,2.08713837237987,2.17268730900367
2009-10-22,0.13663868813,2.17057965731949,3.08995052497454
2009-10-23,-0.61403508771,2.6319767760555,1.43837166227609
2009-10-26,-0.71589683239,2.3983053470124,2.06495695111428
2009-10-27,-2.5237060449,2.44827306649577,3.59873490364758
2009-10-28,-2.5181131885,2.83414063684847,4.46535957702558
2009-10-29,2.0530145532,3.25527117462113,1.81911216218861
2009-10-30,-3.9979628214,2.6614715130791,3.97663861167992
2009-11-02,0.42970822269,3.32014289256848,7.48741341387979
2009-11-03,-0.29581110348,4.55119989434619,4.03929095448509
2009-11-04,1.0913907285,4.02065692910556,2.38903350154752
2009-11-05,1.6875949897,3.5141766620661,1.39365545178417
2009-11-06,0.15971748708,3.29772188475832,1.38563647707052
2009-11-09,3.6636822064,3.0143107537761,0.976181996053532
2009-11-10,0.75449220694,2.22747719147917,1.2925500553819
2009-11-11,0.13301803137,1.98389895803964,1.37432302583218
2009-11-12,-0.61992619922,1.89128774482405,1.1265861471692
2009-11-13,1.2178820734,1.8211390241591,0.901800549837936
2009-11-16,1.066275373,1.72951902177253,1.08655414155294
2009-11-17,0.17906402754,1.77738413213239,1.08354404738675
2009-11-18,-0.50241545905,1.75480912185521,1.25436011330139
2009-11-19,-2.6461448824,1.76331976671521,1.85113168288253
2009-11-20,-0.29424966342,1.94134177213776,0.758782912621366
2009-11-23,2.9811924769,1.7293198611882,0.629060842218315
2009-11-24,-0.6994365649,1.64220369068174,0.948834329579493
2009-11-25,-0.1222852672,1.67953677271334,0.597801090160464
2009-11-27,-1.763063813,1.53843228974076,1.04532879330738
2009-11-30,-0.33899995024,1.51188932908056,1.32192483639324
2009-12-01,-1.4706617978,1.6025168866602,1.24515679724453
2009-12-02,-0.37569172973,1.65344246330605,1.89618122818029
2009-12-03,0.12740151869,1.85693469204158,1.74038413646321
2009-12-04,-1.6083061889,1.92121206532104,4.45862950531586
2009-12-07,-2.2605007243,2.76558730497835,3.00370978742044
2009-12-08,0.48690129679,2.70332323284038,2.44435940193323
2009-12-09,4.1765418444,2.7448198140122,1.93192815467341
2009-12-10,-0.69261880699,2.66382897703111,1.6050057412238
2009-12-11,-0.89599348375,2.59648272247273,1.44932766361175
2009-12-14,1.1866235167,2.24069885921901,1.77210431406792
2009-12-15,-1.4265407655,2.16356603482148,1.28553374946485
2009-12-16,0.44291085142,1.95374968271572,1.1540479051998
2009-12-17,-1.6253909655,1.84734406054764,1.09905832199071
2009-12-18,1.8607317836,1.78248693104768,1.22300127001563
2009-12-21,1.4327380648,1.7798260883654,1.3288020652337
2009-12-22,1.0745094083,1.74986848729121,1.02151063186069
2009-12-23,0.86843681365,1.66311894497736,0.628404583657349
2009-12-24,3.4339435922,1.53708198503329,1.04303394286438
2009-12-28,1.2294297741,1.60473620341717,1.59360242389062
2009-12-29,-1.186144322,1.74392502673177,1.01592776731685
2009-12-30,1.2147297943,1.61272502280961,1.41604657293291
2009-12-31,-0.42903042904,1.72702393313073,0.687554137457388
2010-01-04,1.5555302469,1.60440341195912,0.753605326027927
2010-01-05,0.17288911731,1.58111044969338,1.00053430138543
2010-01-06,-1.5906334545,1.55324180771383,1.42197137451672
2010-01-07,-0.18486040663,1.668370387046,1.94028579894282
2010-01-08,0.66483046812,1.80003725507156,1.0668915840059
2010-01-11,-0.88215869409,1.67984387906012,1.26567107011908
2010-01-12,-1.1374994052,1.76317212506499,1.76095127958775
2010-01-13,1.410552667,1.93073468568883,2.06263412398923
2010-01-14,-0.57915974367,2.0556002666118,1.30516724281701
2010-01-15,-1.6712027885,1.8547931408207,1.38049702059324
2010-01-19,4.4238333416,1.89980639908879,1.36286444216507
2010-01-20,-1.5415736607,1.90788895768362,1.86283806579743
2010-01-21,-1.7253512812,2.00929292668614,3.05949481492038
2010-01-22,-4.9607828059,2.33612506656886,5.16448957285319
2010-01-25,2.6927939318,3.14484932870727,2.89839353479907
2010-01-26,1.4108088144,2.9307408947683,7.76412262349141
2010-01-27,0.94396426139,4.50978505927921,14.8601943418401
2010-01-28,-4.1340362895,7.24027806550853,5.62710503510995
2010-01-29,-3.6263736264,5.96057220247205,5.90573069033935
2010-02-01,1.3886068633,6.11542867425131,4.8514234647734
2010-02-02,0.58029065895,6.17098641995056,2.30450582519303
2010-02-03,1.7206167669,5.13951332015796,2.38652958550484
2010-02-04,-3.6038749185,3.79614674005779,3.00381869950983
2010-02-05,1.7755792762,3.62812188658387,4.72151411453307
2010-02-08,-0.68556226324,3.81593978365117,2.43191200331781
2010-02-09,1.0663507108,3.16276910615173,2.24263691291688
2010-02-10,-0.54742851316,3.12522126734213,1.33642620367148
2010-02-11,1.8214805552,2.85578693170421,1.38363951083672
2010-02-12,0.86072381328,2.68697851165084,1.87404111301348
2010-02-16,1.5071364407,2.45983047542484,0.56919265040704
2010-02-17,-0.41789577181,2.02223207180516,0.956902890062417
2010-02-18,0.18662058756,1.9458978046932,0.960086690413029
2010-02-19,-0.61992430819,1.90268347882701,0.682051721933849
2010-02-22,-0.62180790401,1.77387892012368,0.963333251476899
2010-02-23,-1.6750159668,1.71707209865897,1.66928098089024
2010-02-24,1.8253416489,1.95086598247086,1.1269993920347
2010-02-25,0.669803046,1.85220038157053,1.76929372892324
2010-02-26,1.297029703,2.04470495968003,1.10296793130493
2010-03-01,2.1356661127,1.93658956363622,0.763202982595685
2010-03-02,-0.066988850995,1.77233035717452,1.02819311765487
2010-03-03,0.22983002145,1.72027340828383,0.775968796171074
2010-03-04,0.65924616629,1.60787679609591,0.729925610780396
2010-03-05,3.910588012,1.46148246554257,0.939277964978179
2010-03-08,0.059374286502,1.47143158368289,0.749686696385271
2010-03-09,1.7984297972,1.42759431249591,1.49884414901941
2010-03-10,0.81607030752,1.59912925822081,1.04026416711482
2010-03-11,0.29354207436,1.52731093178036,0.852975902138063
2010-03-12,0.48780487814,1.49918722572899,1.02234591274078
2010-03-15,-1.2180052957,1.53017391386401,1.87975280487512
2010-03-16,0.2725160828,1.80481458895422,0.872677734731224
2010-03-17,-0.14702606359,1.55986362847295,0.683926015264372
2010-03-18,0.23648045681,1.48124214834124,0.706899239311124
2010-03-19,-1.0683730246,1.46999821246856,0.828177025182456
2010-03-22,1.124904893,1.46880909967106,0.938994647277633
2010-03-23,1.6062291435,1.38460629104284,1.06886231248856
2010-03-24,0.4422841128,1.4307594442369,1.15939404633322
2010-03-25,-1.1858569125,1.49963039882785,1.1823046185414
2010-03-26,1.8751378779,1.55279736564418,1.42664266164557
2010-03-29,0.64530099608,1.66223094662852,0.730505012800967
2010-03-30,1.4867249021,1.51342755432726,0.945247133934795
2010-03-31,-0.35828616237,1.53588114297399,0.748739473712309
2010-04-01,0.4127659573,1.45696415764473,1.27784113288446
2010-04-05,1.0679323643,1.55995170894442,1.71193742837221
2010-04-06,0.44027003223,1.67148191878316,0.622688398620566
2010-04-07,0.44251482013,1.47162605352187,1.02002610883163
2010-04-08,-0.27015793848,1.54866400433333,1.32111889311548
2010-04-09,0.76682642211,1.66661865613272,0.430652185534771
2010-04-12,0.20679101708,1.4141818857105,0.426189046918236
2010-04-13,0.057781996838,1.26879423976457,0.365843333556403
2010-04-14,1.3447180629,1.22735431577042,0.37836260285274
2010-04-15,1.3146648214,1.15532650229291,0.357122810088255
2010-04-16,-0.61063795592,1.03692376378463,2.6497956863238
2010-04-19,-0.13338722711,1.68523511712,1.93690829136847
2010-04-20,-1.0037641154,1.7356741705242,1.97399477796773
2010-04-21,5.9814383254,1.92590682212769,2.53192027715884
2010-04-22,2.7966592083,2.26814069890916,2.16552880318875
2010-04-23,1.6363974113,2.41067216338682,1.8902480924814
2010-04-26,-0.49108296707,2.28492348325541,1.1952504094982
2010-04-27,-2.7680890538,2.08425389966092,2.93262037080709
2010-04-28,-0.16791329572,2.4986696680284,5.16060237028279
2010-04-29,2.6911314984,3.19239365874612,1.44870910964961
2010-04-30,-2.8104526505,2.47947231540465,3.08704832526459
2010-05-03,2.0146309702,2.90529249093702,1.43917116908247
2010-05-04,-2.8796696075,2.65263791475348,3.60994597150997
2010-05-05,-1.0418277408,3.11423769693574,6.66659880300427
2010-05-06,-3.8029572046,3.8347014690456,167.186511708776
2010-05-07,-4.21928934,50.612972639538,40.161471208247
2010-05-10,7.6867633341,33.0568789517241,4.17816783339472
2010-05-11,0.99610220877,27.1835156300202,3.39046332117972
2010-05-12,2.1713706534,27.0415413637629,1.65907175949263
2010-05-13,-1.4231752451,26.2019885304497,2.732180935388
2010-05-14,-1.7572379625,8.37027215553698,3.81626348790029
2010-05-17,0.15759199432,4.59242328014357,5.13930725682322
2010-05-18,-0.73164975211,4.95386960534873,4.52043249384274
2010-05-19,-1.5929624346,4.98241266181171,8.04135124213128
2010-05-20,-4.2602883144,6.32421502219493,7.34520652775505
2010-05-21,1.9179004037,6.74216407868942,7.16683999570395
2010-05-24,1.8322878839,7.10640060621477,3.02171832076322
2010-05-25,-0.62408818285,6.16618915575911,8.30361653408264
2010-05-26,-0.45306255606,7.52783348135964,3.84774250622761
2010-05-27,3.785603972,6.31723538308195,1.49313504141652
2010-05-28,1.3933293862,5.26197093162034,3.84938787664689
2010-06-01,1.537682965,5.29582790579685,2.75702112212379
2010-06-02,1.1961814209,5.08665675133291,2.18975375435976
2010-06-03,-0.31445349505,4.31341404445082,2.08941611870982
2010-06-04,-2.719291578,4.1072409592345,2.60254819048177
2010-06-07,-1.9631590257,4.31116208946735,4.11662693653865
2010-06-08,-0.64158763043,4.58577764986317,6.01021641950298
2010-06-09,-2.4585890186,4.30938702278316,4.39790483240778
2010-06-10,3.0057565789,4.06133943445975,3.99655453142492
2010-06-11,1.1975569838,4.20030419816156,2.31098492053063
2010-06-14,0.30373555292,3.87192637791786,1.99442414755005
2010-06-15,2.1275759005,3.58678580418434,1.00032963540662
2010-06-16,2.9111633101,2.85618340882002,1.48036721225366
2010-06-17,1.7287184284,2.60500150922874,1.85940850881067
2010-06-18,0.81068157579,2.41638849562003,0.71232484581136
2010-06-21,-1.4244328176,2.02111322052924,1.84334240836928
2010-06-22,1.3621053411,2.16225993430745,2.47074027434852
2010-06-23,-1.0516706227,2.40241332999203,3.29100978552365
2010-06-24,-0.72701775098,2.71899204398335,2.59050952369282
2010-06-25,-0.8550185873,2.67606727431059,2.84983518634664
2010-06-28,0.59992500919,2.92258960333322,2.5015540351024
2010-06-29,-4.5210585165,2.92682682111877,5.76478535174688
2010-06-30,-1.8112971854,3.87480537719889,3.44865086223833
2010-07-01,-1.2125790164,3.49123123068958,6.66849008178288
2010-07-02,-0.61976819061,4.515550750454,3.18825815819793
2010-07-06,0.68437677164,3.95984702134945,2.42207390138427
2010-07-07,4.0361179263,3.8212957244649,1.72204338297108
2010-07-08,-0.22229524675,3.25238516425509,2.63398061171425
2010-07-09,0.59281645954,3.31113815917784,1.89367136301566
2010-07-12,-0.89939141817,2.63578336417162,2.40795891040378
2010-07-13,-2.1326544495,2.62687413641255,6.79879453269641
2010-07-14,0.36894653658,3.87880918867431,2.57750009302129
2010-07-15,-0.50528831507,3.24794303858246,3.28122454737544
2010-07-16,-0.61642473656,3.44763117619032,4.87574482325921
2010-07-19,-1.7286914765,4.07195940700435,4.19404595978503
2010-07-20,2.5694274778,4.16664465821186,3.36066895774542
2010-07-21,0.93294692124,3.65525083794217,4.48185580749213
2010-07-22,1.8816865953,4.07935707003889,2.19717400798539
2010-07-23,0.35363518436,3.56954670951709,1.65426319599257
2010-07-26,-0.25390474739,3.11808951222399,1.23229092975046
2010-07-27,1.8512804691,2.70852461594143,1.55238721477849
2010-07-28,-1.1814601636,2.55916290047777,1.54612609554894
2010-07-29,-1.092121398,2.22846292141396,2.13041778923911
2010-07-30,-0.33319127497,2.31945902229349,1.84726473016771
2010-08-02,1.7881438291,2.26859950201681,0.929554904200804
2010-08-03,0.03055184261,2.06253692473993,1.25741313717361
2010-08-04,0.40087046145,2.05441153171886,1.71069485411286
2010-08-05,-0.48672902867,2.14164815247884,0.796619378996896
2010-08-06,-0.61482613692,1.82848370167772,1.14430668939663
2010-08-09,0.63785367438,1.80779294071599,0.655816311398667
2010-08-10,-0.89398280797,1.68197158282275,1.31558117960183
2010-08-11,-3.5542191898,1.79841752708005,1.46992419017732
2010-08-12,0.63951396951,1.79299312293189,1.71307574511313
2010-08-13,-1.0683506096,1.90504873644552,0.884432076898255
2010-08-16,-0.58610999604,1.72392261629192,1.11215880574902
2010-08-17,1.7485058957,1.8002298632946,0.843573023081704
2010-08-18,0.43655990794,1.67828425888568,0.83173410378496
2010-08-19,-1.2605208046,1.58627521651678,1.27898596962159
2010-08-20,-0.096046102135,1.60324490770885,0.643467416075947
2010-08-23,-1.5382150296,1.44465519802232,1.39475512440449
2010-08-24,-2.3881204232,1.60011825062036,2.44380033492116
2010-08-25,1.2336931606,1.96074102326044,2.30898290298069
2010-08-26,-1.0745605006,2.10591429833579,2.00126358112677
2010-08-27,0.55768270358,2.13483281445569,3.03292673550656
2010-08-30,0.36420826091,2.58314284839908,1.64910830731034
2010-08-31,0.24742268033,2.37009066794356,2.3895700875901
2010-09-01,2.9740847389,2.49476206821504,1.04789301728906
2010-09-02,0.73502976065,2.12637743776112,0.913011635681675
2010-09-03,2.6172819924,1.98180968429145,0.894220962886739
2010-09-07,-0.37098581752,1.73923663009867,0.905813387561205
2010-09-08,1.9820798261,1.66038738376445,1.01162064809507
2010-09-09,0.057051574549,1.52672600588462,0.839069892861258
2010-09-10,0.12924316743,1.47523521009492,0.953701134112155
2010-09-13,1.3780797995,1.49726493040661,0.541248415617485
2010-09-14,0.38196524856,1.38208167686868,0.7708456347022
2010-09-15,0.80578974867,1.40117923709499,0.479184406913287
2010-09-16,2.3499370882,1.29021513266601,0.675232582448121
2010-09-17,-0.43388653839,1.30338170135851,1.04681402247928
2010-09-20,2.8543414313,1.37872728226206,0.86538207410589
2010-09-21,0.19065776942,1.38325075565888,1.54498648188796
2010-09-22,1.4025443141,1.58662915709192,1.45558822708491
2010-09-23,0.40660295381,1.68313096956757,1.70227084570317
2010-09-24,1.176796345,1.84000251872117,1.27488457040449
2010-09-27,-0.3954570333,1.78452516283283,1.15818272811262
2010-09-28,-1.4782047231,1.78970337234472,24.4165395057472
2010-09-29,0.17778707388,8.43206551927868,1.39104732704807
2010-09-30,-1.2597000383,4.45385849610271,2.67796976514434
2010-10-01,-0.43348017625,4.78835807785557,1.77161858038859
2010-10-04,-1.3733540988,4.68321177580371,1.69892442796443
2010-10-05,3.6965259831,4.73386403434328,0.896442543072209
2010-10-06,0.086523153732,2.01701233633035,2.65056451904871
2010-10-07,0.010373802797,2.46733512150548,1.65207343406922
2010-10-08,1.6769241407,2.18751469852846,1.18217761222766
2010-10-11,0.43867106469,2.04306227029748,0.630248754040399
2010-10-12,1.0766522209,1.82969749550225,1.20530116449031
2010-10-13,0.53594158253,1.96399031225718,0.594512665742968
2010-10-14,0.72299593521,1.63380455904068,0.528157316134621
2010-10-15,4.1116734477,1.49772114780355,0.991913306208937
2010-10-18,1.0357755607,1.5596969626041,1.21956593483494
2010-10-19,-2.6761006288,1.66671259369518,6.20049766149048
2010-10-20,0.33603670545,3.10196639808684,2.74239083967582
2010-10-21,-0.32525037841,2.75368009299115,1.55194684933561
2010-10-22,-0.66231584378,2.66116058763359,1.14055822142308
2010-10-25,0.44557192559,2.60480724125614,0.803424235644554
2010-10-26,-0.25579588137,2.49583373743752,0.999969492159924
2010-10-27,-0.071416977789,1.95783783230604,1.6289375582046
2010-10-28,-0.84137348522,1.94677101562693,1.45934535296961
2010-10-29,-1.3956231164,1.77086841002784,0.855268760150322
2010-11-01,1.0631935678,1.63247568649773,0.870330827352057
2010-11-02,1.702939049,1.63164880660057,0.765931351152989
2010-11-03,1.1119731058,1.58204536995904,1.6560839881588
2010-11-04,1.7487212277,1.73791087467317,0.820867144378466
2010-11-05,-0.35818644546,1.52376711968002,0.79887513513476
2010-11-08,0.46983886732,1.50278493966646,0.508127703402935
2010-11-09,-0.79718787265,1.40624750179951,0.896295735082764
2010-11-10,0.61693242205,1.48562105017857,1.01036048039603
2010-11-11,-0.43234914929,1.43671061139926,0.827287074096155
2010-11-12,-2.7237845606,1.403669256239,2.99978024956533
2010-11-15,-0.32302048503,2.03304185367272,2.07772484027722
2010-11-16,-1.7734134545,2.05571475488253,2.12960686996624
2010-11-17,-0.36141781884,2.20662637919189,2.18597321308706
2010-11-18,2.6389351082,2.35096458270971,0.814686231969635
2010-11-19,-0.55117854945,2.08162308412287,0.7754369989783
2010-11-22,2.1615101228,1.81929694822032,1.28322961878619
2010-11-23,-1.4775338269,1.81795353302985,1.35908757195923
2010-11-24,1.9644997246,1.74782630628425,0.417620434652826
2010-11-26,0.065121746047,1.3896804447359,0.585640647265278
2010-11-29,0.5936507936,1.39101015189908,2.03224201044323
2010-11-30,-1.8051566889,1.78007970054683,1.10032314335902
2010-12-01,1.6872890888,1.59756074658987,0.488077333778384
2010-12-02,0.55309734507,1.39454835102544,0.865528479215111
2010-12-03,-0.22316517352,1.50856508290304,0.566840412133742
2010-12-06,0.85370463694,1.45393242641234,0.866330577069159
2010-12-07,-0.6059659534,1.37293121492138,0.867988845906091
2010-12-08,0.8799220639,1.34802421013275,0.845907547740957
2010-12-09,-0.39017476092,1.38373680955429,0.682784109711806
2010-12-10,0.25097143935,1.33667598602588,0.382461075878343
2010-12-13,0.34626902907,1.26173589610655,0.521659221978676
2010-12-14,-0.42901109828,1.24498758218124,0.841405564377684
2010-12-15,0.021855193518,1.29716700164692,0.809705106419897
2010-12-16,0.27781246099,1.27471520796273,0.505239369075873
2010-12-17,-0.1992217899,1.19351378743314,0.177189714112703
2010-12-20,0.49904868847,1.10295482147829,0.63894126020221
2010-12-21,0.61916141658,1.1860509292617,0.361067252166849
2010-12-22,0.29456670927,1.08288295383619,0.280893859677482
2010-12-23,-0.47976380856,1.00816996159587,0.226321692251989
2010-12-27,0.3337453647,0.961913732283586,0.339046128699125
2010-12-28,0.2433164962,0.992984459233095,0.255783621238643
2010-12-29,-0.055304636408,0.935688429923082,0.113474262624394
2010-12-30,-0.50109133381,0.881250686781873,0.228143597083528
2010-12-31,-0.33986281906,0.884462636633372,0.463943557042219
2011-01-03,2.1732390871,0.947296757300539,0.501651668093022
2011-01-04,0.52189216258,0.971692625886014,0.587841557546104
2011-01-05,0.81801442848,1.02127509187139,0.390110632132199
2011-01-06,-0.080838323356,1.01653540687319,0.362924274116297
2011-01-07,0.71614778408,1.02364048080153,0.732845456076428
2011-01-10,1.884743544,1.11596049345468,0.685799395056313
2011-01-11,-0.23798747279,1.12710363917698,0.986758276575729
2011-01-12,0.81372204659,1.22442606745906,0.424242552654151
2011-01-13,0.36583241399,1.13164016241673,0.377877601303373
2011-01-14,0.80999768561,1.12444750989932,0.367453822304227
2011-01-18,-2.2469008264,1.07977388447114,3.47226124602309
2011-01-19,-0.53133714964,1.93527393870255,3.08108994519719
2011-01-20,-1.8179671821,2.11291760374351,2.20539650997961
2011-01-21,-1.7915113622,2.16960880023047,1.49701352377071
2011-01-24,3.2841576885,2.17554113261603,1.44425749867319
2011-01-25,1.1705437841,2.2909671860239,1.17575808236701
2011-01-26,0.71763327487,1.99831384511847,0.970143912299782
2011-01-27,-0.18612767199,1.73592496595676,0.543964640315567
2011-01-28,-2.0716179598,1.48166731558109,2.09055502532424
2011-01-31,0.95804819994,1.8237362932225,1.70003947329525
2011-02-01,1.6827773194,1.79403291326453,0.548944479737496
2011-02-02,-0.20577920768,1.52918162477534,0.498227681893699
2011-02-03,-0.25557620802,1.46892027071461,0.960700093668638
2011-02-04,0.8909853248,1.59690603883515,0.568076893580552
2011-02-07,1.5526695526,1.36231939812435,0.53923628260672
2011-02-08,0.94350346717,1.23097680915723,0.408214756631137
2011-02-09,0.83333333332,1.19327567208772,0.634917471105236
2011-02-10,-1.0107214654,1.24668196902774,2.92301792351949
2011-02-11,0.65154848544,1.86878601430953,0.714008439701749
2011-02-14,0.65293540702,1.50311951343289,0.351402199768149
2011-02-15,0.20045659548,1.41970877989008,0.432080124561479
2011-02-16,0.89747151997,1.43652781108239,0.620497522063534
2011-02-17,-1.3301021672,1.46886800327281,0.879726386561836
2011-02-18,-2.1602009489,1.27402130467813,1.47837748796177
2011-02-22,-3.4088315839,1.45128391853364,3.05979127840183
2011-02-23,1.1842532707,2.02537899338037,2.19020266089609
2011-02-24,0.075885821025,2.07265331037709,1.89013336780137
2011-02-25,1.5398973403,2.16288126962273,0.548550380764202
2011-02-28,1.4504825367,1.89203128484965,0.727459485562624
2011-03-01,-1.1041589988,1.8390385074296,2.01684644349161
2011-03-02,0.80444304494,1.95528388055513,2.51868846977366
2011-03-03,2.1129160514,2.0801834831801,0.467147303285347
2011-03-04,0.1223717878,1.56388361036444,0.633386359008699
2011-03-07,-1.2888888889,1.60228737213883,1.57089579960779
2011-03-08,0.112561909,1.86243269034111,0.986047477935261
2011-03-09,-0.92478075094,1.64895016262939,1.34189179169867
2011-03-10,-1.6455301162,1.58575253177486,1.70678983893346
2011-03-11,1.534600629,1.79138801417895,1.06431436154395
2011-03-14,0.44603539864,1.73200408365733,1.19061319034224
2011-03-15,-2.2994682657,1.71534534192186,2.43191403848939
2011-03-16,-4.4640013896,2.08450191473996,5.6410945259376
2011-03-17,1.4029877884,3.13728392770937,1.63481823523845
2011-03-18,-1.18634951,2.44777838880401,2.1136331305184
2011-03-21,2.6098527233,2.65520352359059,0.990618909772265
2011-03-22,0.55997642212,2.44227227006483,0.754941267544755
2011-03-23,-0.58909730369,2.21712371147277,0.900944189450982
2011-03-24,1.7040596716,1.71910750978578,0.892851903258902
2011-03-25,1.9045134361,1.62347654656873,0.687460877602607
2011-03-28,-0.31290891511,1.42283829709176,0.688530314289178
2011-03-29,0.14838488751,1.38275358479704,0.919304398721425
2011-03-30,-0.66389332123,1.44268257602514,0.608445300138875
2011-03-31,-0.035137538362,1.35642463984891,0.658251074292535
2011-04-01,-1.1326872448,1.33118990945666,0.879781887097061
2011-04-04,-0.97805897385,1.38063838562021,1.16560814472514
2011-04-05,-0.67411119899,1.48627358411228,1.65380868594357
2011-04-06,-0.25081884969,1.65686479307893,1.30051519468895
2011-04-07,0.011832919153,1.67035182940407,1.16405442667035
2011-04-08,-0.89327969717,1.70338892139435,0.899592625539979
2011-04-11,-1.2714140751,1.65743100860125,1.15891208343699
2011-04-12,0.48367593718,1.69805149756239,1.32769755729722
2011-04-13,1.1221419976,1.69290253321768,0.813977869234642
2011-04-14,-1.1037396245,1.54893740794495,0.654668992845691
2011-04-15,-1.492088322,1.45510872755224,0.84521841472671
2011-04-18,1.3406217555,1.45339907245446,4.38566148792018
2011-04-19,1.8110592135,2.43264436377579,0.850317302019458
2011-04-20,1.3467116558,1.76456047234535,0.749407786194185
2011-04-21,2.4199059606,1.73868545263415,1.23375034357904
2011-04-25,0.65954558941,1.88835062207797,0.728134710344154
2011-04-26,-0.73340906329,1.78749839289334,0.704770335459812
2011-04-27,-0.077050396703,1.37879494724479,0.963902231338191
2011-04-28,-0.97101242318,1.43747440768309,0.81323745279209
2011-04-29,0.97476568135,1.41929369326164,1.24571809053894
2011-05-02,-1.0995915804,1.4969527056411,1.10318461465116
2011-05-03,0.55446459519,1.51649375950678,0.92305455326729
2011-05-04,0.39345203895,1.51101126077229,1.7997118606153
2011-05-05,-0.80670538082,1.75894260957034,1.26885759031754
2011-05-06,-0.025955299225,1.71818054361128,0.745096655248977
2011-05-09,0.27115906069,1.56777840856412,0.610544265651481
2011-05-10,0.53222094357,1.4865130111447,0.570705036074078
2011-05-11,-0.63528401779,1.43749828763149,0.992606804466454
2011-05-12,-0.19007574228,1.42214742960544,1.46994943372222
2011-05-13,-1.7514499234,1.52816829055263,0.790632933260435
2011-05-16,-2.114537445,1.41309446671446,1.08976057354799
2011-05-17,0.8520852085,1.51873800376384,1.67260586644375
2011-05-18,1.1096566908,1.74587790245811,0.544080536921824
2011-05-19,0.19419189684,1.50075666109826,0.735513241057069
2011-05-20,-1.5593339794,1.43145441876844,0.62052453518985
2011-05-23,-0.24461547646,1.39165411735048,1.3437505922699
2011-05-24,-0.66088516742,1.54746241048026,0.944329538763438
2011-05-25,1.3817393661,1.39717661275172,0.829434841268368
2011-05-26,-0.52853494863,1.40929810191729,0.603224808787265
2011-05-27,0.71940298512,1.35527244957627,0.414309831837814
2011-05-31,3.0882309356,1.29689257497054,0.765673535286369
2011-06-01,-0.66699249646,1.29367999944795,1.64537888593428
2011-06-02,0.17134091631,1.52426582369664,1.13717433218583
2011-06-03,-0.76913742178,1.47077513227423,0.878877166017228
2011-06-06,-1.5723270441,1.45629615206945,2.15532294781382
2011-06-07,-1.7749378772,1.86889550007226,1.58552715118406
2011-06-08,0.06023370679,1.86263724214651,1.85018685863503
2011-06-09,-0.2257404286,1.93719886901441,1.41270079131757
2011-06-10,-1.6863253794,1.89691283970093,1.14045245381873
2011-06-13,0.21478981289,1.8821425396078,1.34347661495373
2011-06-14,1.7881200245,1.83014959631707,0.582399757309759
2011-06-15,-1.7115870533,1.58395127382041,1.10478351727712
2011-06-16,-0.48661055862,1.59396797653062,1.85258011547169
2011-06-17,-1.5069504244,1.77538621734431,2.39088515739109
2011-06-20,-1.5424967214,2.00936534007631,2.95035330571746
2011-06-21,3.1650386907,2.29610707266021,1.62784816556932
2011-06-22,-0.82692898859,2.18850918328807,1.45406042463176
2011-06-23,2.6719568519,2.20186298911889,2.66756564981748
2011-06-24,-1.473296501,2.50786611093344,1.64694970241516
2011-06-27,1.7435268883,2.2548932320225,0.889010508244256
2011-06-28,0.96976267905,1.89884876396817,0.615527454260971
2011-06-29,-0.36389667712,1.74088260843706,1.31267430220533
2011-06-30,0.48796551291,1.85066462365411,0.789209108221482
2011-07-01,2.261149343,1.55480746020903,0.737006164580093
2011-07-05,1.7974713046,1.44065817848653,1.04997887980097
2011-07-06,0.66680021737,1.51163228125061,1.08087838509363
2011-07-07,1.5465089837,1.56917008087651,0.599796501199587
2011-07-08,0.7026875699,1.3989913167685,1.08672195779053
2011-07-11,-1.5873898418,1.51241444696541,1.58214633678291
2011-07-12,-0.070621468967,1.68871324307205,2.08412407109953
2011-07-13,1.2070671379,1.89245048615693,0.752078123581646
2011-07-14,-0.069828501273,1.62492257455381,1.07267785903727
2011-07-15,1.9984906503,1.7303140479698,0.605281611493189
2011-07-18,2.4334100624,1.59725408254271,1.2031592152318
2011-07-19,0.81594435542,1.65914836025254,1.30300339349274
2011-07-20,2.6668435718,1.58741598968896,2.78139004781584
2011-07-21,0.10080124066,2.06657378763391,1.23888241719659
2011-07-22,1.5518087221,1.80923763611769,0.66544278362
2011-07-25,1.3221459445,1.71145221239939,0.956158969933091
2011-07-26,1.2321204518,1.73142515670878,1.04678492371096
2011-07-27,-2.6821348009,1.70928337409116,2.43108756557231
2011-07-28,-0.19613337072,1.91370072143457,1.8688055678323
2011-07-29,-0.34199377251,1.89185654417285,2.53525348593756
2011-08-01,1.6057160417,2.22293637727194,2.39781095559187
2011-08-02,-1.9760554505,2.36380550445295,2.11217158973807
2011-08-03,0.94109176935,2.43934039969536,4.15346194008818
2011-08-04,-3.8719209312,2.99969105133248,4.70209261732784
2011-08-05,-0.99371969154,3.42644077381553,15.3688428031218
2011-08-08,-5.4627696591,6.75362137499887,12.1920054738213
2011-08-09,5.888847994,7.349846790227,12.6561035204262
2011-08-10,-2.7592845111,8.6545316165678,7.10536381033955
2011-08-11,2.7523440294,8.05606630019244,3.29599655052484
2011-08-12,0.88038533577,7.25374137303065,1.56837295006715
2011-08-15,1.7029629433,5.44831942468228,1.52644054176484
2011-08-16,-0.76419498719,4.27445543509795,2.04142874649034
2011-08-17,-0.010513036159,3.20782917721593,1.78376463232565
2011-08-18,-3.782462412,2.58350550593542,3.70114346934381
2011-08-19,-2.7373309657,2.97206218001805,3.58260659475219
2011-08-22,0.11515883506,3.17727144019983,3.2141493003346
2011-08-23,4.8142744923,3.31066874357876,3.45485353806403
2011-08-24,0.69057815836,3.52363918792188,2.60869324324133
2011-08-25,-0.65394226167,3.47833799322263,4.83574718913062
2011-08-26,2.6383388633,4.00842203644909,2.91967766642221
2011-08-29,1.6658845612,3.60900119148713,0.874920031306488
2011-08-30,0.005128599696,2.9948353240335,1.40519006893199
2011-08-31,-1.323110849,2.85462090120307,1.82661758848481
2011-09-01,-0.98744900342,2.83798123419413,1.42388613900463
2011-09-02,-1.8318767552,2.39053067578783,1.12760950230589
2011-09-06,1.5211870072,2.12507918584306,2.67213926887192
2011-09-07,1.1033865276,2.57577090889746,0.808868135169893
2011-09-08,0.054697471023,2.10321199512108,1.51841453499589
2011-09-09,-1.7337429063,2.12799596879777,2.45761493393556
2011-09-12,0.65169015579,2.34224306820233,2.86499325912697
2011-09-13,1.2317734379,2.577586352577,1.37298736974211
2011-09-14,1.2167853985,2.16702171440208,1.03726044745824
2011-09-15,0.9401489855,2.13114324789052,0.897547939106311
2011-09-16,1.9187703583,2.03529500112811,0.700032873466259
2011-09-19,2.7790262173,1.80063655379071,2.55112891222243
2011-09-20,0.44214464451,2.0892574169839,3.10789344431516
2011-09-21,-0.31684605146,2.37172664030154,3.22887657773415
2011-09-22,-2.5040034941,2.63072054568426,7.292624929741
2011-09-23,0.61719177738,4.05526323157073,3.20248672859334
2011-09-26,-0.27949542409,3.62444786246874,6.31352888870644
2011-09-27,-0.96981422239,4.59422083038147,3.06905517921862
2011-09-28,-0.56354255366,4.02126521401836,2.6399170940401
2011-09-29,-1.6221253873,3.88119868766047,4.69839660443295
2011-09-30,-2.3683334613,3.97366507629532,4.02400995385462
2011-10-03,-1.762299381,3.96329134716991,6.93476173538419
2011-10-04,-0.56059797125,4.56256346018603,15.8168750689864
2011-10-05,1.5436241612,7.57393188991707,7.88778083698271
2011-10-06,-0.23265036352,6.82537142870405,6.99238850141564
2011-10-07,-2.0059888175,6.94853542706232,3.57508658481485
2011-10-10,5.1406165496,6.32785157250738,1.72126054807944
2011-10-11,2.9525989557,5.43852453605267,2.19734472334655
2011-10-12,0.4746558745,4.02566729154908,2.2258757418678
2011-10-13,1.5515055075,3.40601478711595,1.35937885724049
2011-10-14,3.3224787599,2.6392686441802,0.79532881757326
2011-10-17,-0.47630331746,2.23602222687156,3.09705605751031
2011-10-18,0.5357270411,2.79594129058392,2.01858867768377
2011-10-19,-5.5939749906,2.5986447604903,3.19694283558222
2011-10-20,-0.83036475835,2.91167940105459,2.84986013989684
2011-10-21,-0.61723710505,3.01384449591435,1.35980276701179
2011-10-24,3.2835289026,2.80825982185935,1.45775234009477
2011-10-25,-1.9715602434,2.61066982687623,2.00252701491292
2011-10-26,0.71146642531,2.69549467028556,2.10181431806251
2011-10-27,1.0209685472,2.56745321077319,1.49727204025176
2011-10-28,0.06424670737,2.30580085796353,0.993857096991149
2011-10-31,-0.041980491551,2.16927815430659,1.42281603635828
2011-11-01,-2.0430851326,2.21976047472493,2.15062900365583
2011-11-02,0.22698040411,2.35006802945528,1.17407429208992
2011-11-03,1.4242218364,2.04607324784629,1.28870624406308
2011-11-04,-0.70211129569,1.95649968360874,0.680017729699495
2011-11-07,-0.12742354602,1.77449156419913,1.08977473993491
2011-11-08,1.6260976159,1.77335847040447,0.996844420684122
2011-11-09,-2.6955173177,1.61553405429627,0.939364536495646
2011-11-10,-2.54503137,1.57526048681976,3.13929210917712
2011-11-11,-0.1557551529,2.16223940035178,3.11331949154126
2011-11-14,-1.3935832771,2.42983232919378,2.05398808045424
2011-11-15,2.5233349155,2.35742879631057,1.35452651647754
2011-11-16,-1.0441581154,2.27963384349689,1.59055342946754
2011-11-17,-1.912831042,2.38267321339702,2.5153524404997
2011-11-18,-0.65446066619,2.47632582580337,1.73169146432909
2011-11-21,-1.5815863871,2.18130732948259,2.25017841677344
2011-11-22,2.0324652447,2.2884514821104,1.91316719467364
2011-11-23,-2.528485299,2.29501135193386,2.25336533973345
2011-11-25,-0.9319055016,2.43094226607696,1.1484655772444
2011-11-28,3.4518799681,2.08590921773195,1.19259960952729
2011-11-29,-0.77634797408,2.02898835125522,2.47038433618825
2011-11-30,2.4115755627,2.27875360026836,1.00651567469442
2011-12-01,1.4992150705,1.92757798182288,1.07101096048069
2011-12-02,0.45626788342,1.80695025969207,0.901624906727619
2011-12-05,0.84937131105,1.74331523011742,0.923711199564116
2011-12-06,-0.52415969049,1.71614525619793,1.05019186282601
2011-12-07,-0.47576416428,1.58077957278085,1.16078419991229
2011-12-08,0.40350561576,1.61957991151963,1.4370726740289
2011-12-09,0.75769211071,1.70931356415833,0.597109088702471
2011-12-12,-0.45221279415,1.52903964061745,0.792287034067326
2011-12-13,-0.77327480594,1.54733451641137,1.26207414526625
2011-12-14,-2.2170211672,1.64022056270356,1.94180962855748
2011-12-15,-0.32878297689,1.83582454065874,0.961713323095906
2011-12-16,0.54889956191,1.60859098671842,0.683896304865223
2011-12-19,0.31231956327,1.56632021688951,0.94046641938326
2011-12-20,3.5948823946,1.62283986276159,0.595946184572069
2011-12-21,0.12501578476,1.47911632725407,1.15822436277695
2011-12-22,0.530968987,1.48652992321673,0.330741711509892
2011-12-23,1.1993476353,1.26357060878542,0.25578781655437
2011-12-27,0.79339498661,1.19387868142938,0.619785747344394
2011-12-28,-0.956878951,1.21162486208483,0.588779818610598
2011-12-29,0.61593483006,1.20217523542126,0.548049887731918
2011-12-30,-0.029620853093,1.12443531531455,0.213529585255112
2012-01-03,1.538271605,1.04060663876235,0.456922867424328
2012-01-04,0.53741215379,1.10126309556939,0.570582466823343
2012-01-05,1.1101973685,1.11244577582749,0.501360173592194
2012-01-06,1.0453795183,1.08857091524786,0.302770616080806
2012-01-09,-0.15861742422,1.02381919541116,0.962297225973978
2012-01-10,0.35804898871,1.21885616827538,0.580599234324985
2012-01-11,-0.16302806926,1.16329596273864,0.6346380424794
2012-01-12,-0.27452372497,1.17484214486066,0.596689167595023
2012-01-13,-0.37494957169,1.17876249029734,0.302339656723498
2012-01-17,1.1648126534,1.12515990511642,0.32342841809242
2012-01-18,1.0383800329,1.0531598591547,0.299904834233439
2012-01-19,-0.31693505152,1.00857034908889,0.337868826029844
2012-01-20,-1.7416715373,0.978853373381112,0.375381081805858
2012-01-23,1.691410897,0.959207975265292,0.647755862177734
2012-01-24,-1.6375415585,1.04219735151716,0.734511533500653
2012-01-25,6.2439047597,1.10301759930356,2.04841753942259
2012-01-26,-0.45448439532,1.52606417863337,0.553930302073925
2012-01-27,0.59600116947,1.29396511630117,0.392723705596073
2012-01-30,1.2810767304,1.26894677227965,0.800786068469486
2012-01-31,0.76598750584,1.35700551620008,0.742641212865025
2012-02-01,-0.063529618001,1.34880877520548,0.540362369240296
2012-02-02,-0.23455139299,1.14862260339294,0.343977983213467
2012-02-03,1.0019335561,1.09259346834545,0.289616418470695
2012-02-06,0.93325791859,1.07094120038658,0.380856595398178
2012-02-07,1.0474815181,1.0394695533796,0.528496497836067
2012-02-08,1.6743809058,1.04155296694717,0.539573382281638
2012-02-09,3.4593437944,1.04478090454163,2.20337227753327
2012-02-10,0.050692459081,1.54226815300975,1.98786129454765
2012-02-13,1.860483969,1.69975480500958,1.22860002030056
2012-02-14,1.364902507,1.6656078292216,0.912695874559256
2012-02-15,-2.3142150513,1.65526160254117,7.37963021939526
2012-02-16,0.91225109009,3.5598810666117,3.45972294041814
2012-02-17,-0.017920790106,3.04189184468568,1.60356764853599
2012-02-21,2.5352505376,2.68817664625659,1.64825481540582
2012-02-22,-0.35155870628,2.74967029326067,1.60676163546241
2012-02-23,0.65297052843,2.82595307219108,2.2267704906974
2012-02-24,1.1657855497,2.37706624195921,0.398522110895056
2012-02-27,0.64125878143,1.72490762163069,1.16596378882444
2012-02-28,1.8354382228,1.80371253735184,1.02672089706853
2012-02-29,1.3130124578,1.71442586123089,3.44597363501713
2012-03-01,0.37423493814,2.35045121015484,1.62058129242237
2012-03-02,0.13040204249,1.9748218619414,0.690913433788565
2012-03-05,-2.2047764041,1.84662889325156,4.03185200000493
2012-03-06,-0.5439267763,2.75639301900449,4.15141645034348
2012-03-07,0.081092294567,3.14219853709265,3.15997021866223
2012-03-08,2.1293033597,2.95734665975449,0.95744305891013
2012-03-09,0.58672669238,2.50914347052839,0.599283095852614
2012-03-12,1.2528202213,2.43789969462817,0.548875056365441
2012-03-13,2.9166666665,2.04741670919246,0.706292167608261
2012-03-14,3.7810244676,1.68787706393085,5.8537062873038
2012-03-15,-0.68184131087,2.89178443020011,6.18873545877003
2012-03-16,0.0017077671146,3.5524791448685,2.33375175668228
2012-03-19,2.6521167409,3.08787535540177,2.31337723140214
2012-03-20,0.80851771763,3.24768697782932,2.04457497426677
2012-03-21,-0.57099478508,3.33974922279042,1.41301336623796
2012-03-22,-0.52448132783,2.74309228344663,1.32931253893853
2012-03-23,-0.54893716424,2.19401825720862,0.791618734903624
2012-03-26,1.8337387804,1.92758666266593,0.735596923184008
2012-03-27,1.2356255562,1.73609310976154,0.811982632962781
2012-03-28,0.51100117162,1.61655564918766,1.48713995268509
2012-03-29,-1.2564359962,1.74274916689061,1.34322161973106
2012-03-30,-1.6905519302,1.7213969284469,1.35018262757436
2012-04-02,3.1823867901,1.77136633248959,1.0721027446729
2012-04-03,1.7280118975,1.75715562528563,1.58625355809082
2012-04-04,-0.79609737522,1.93582719440423,1.01708220002017
2012-04-05,1.5008569462,1.76843448260264,0.745338152787033
2012-04-09,0.40241131173,1.63586947356629,1.19320947969724
2012-04-10,-1.2243999811,1.68401187635846,2.83309413446362
2012-04-11,-0.35643816436,2.17037128753467,1.78821240915674
2012-04-12,-0.54774832342,2.01982251731706,1.60632215568335
2012-04-13,-2.8164490901,2.05942342517106,2.66336290449488
2012-04-16,-4.1471837154,2.46321007450656,8.541976721714
2012-04-17,5.0971334011,4.29627691292973,3.67085391564658
2012-04-18,-0.2230605216,3.53510796669694,4.4149136409471
2012-04-19,-3.4355787881,3.96348454219474,5.0208637945581
2012-04-20,-2.4615279857,4.45820352613891,4.2988377818015
2012-04-23,-0.22339348689,4.52670492683938,7.50414166484396
2012-04-24,-1.997551163,5.00060373102115,4.2118429510961
2012-04-25,8.8741343612,4.5106495202629,2.75173498046118
2012-04-26,-0.37704918022,4.08876238822925,1.69340178592357
2012-04-27,-0.7734079315,3.54756642285573,1.09830437971047
2012-04-30,-3.1542288557,3.09598820826526,2.01546418878574
2012-05-01,-0.31679167105,2.65515506366614,3.07482042842574
2012-05-02,0.66136430032,2.72305001744614,2.03162715579058
2012-05-03,-0.70992184046,2.46867931402504,1.40656079682502
2012-05-04,-2.8479598501,2.33168241147526,1.36127559663368
2012-05-07,0.74834144179,2.35138462354866,2.97292546626471
2012-05-08,-0.22827842959,2.74526622783611,2.51036604930594
2012-05-09,0.17600056308,2.61430099493968,2.5094791791457
2012-05-10,0.23542640301,2.67436959003623,1.16798192477947
2012-05-11,-0.66781182086,2.40751198331084,1.5255874794
2012-05-14,-1.4981207319,2.4854877725105,1.36746858584284
2012-05-15,-0.90466124457,2.28084486545867,1.95261080144738
2012-05-16,-1.2826075167,2.31613484645773,2.07133305597085
2012-05-17,-2.9217598315,2.25002871685166,3.27118246932959
2012-05-18,0.049045499145,2.68466647929276,4.26205502457792
2012-05-21,5.8260115389,3.15424964832461,3.24425634442804
2012-05-22,-0.76788768538,3.17434285070348,4.09423561410888
2012-05-23,2.4399877911,3.55416130261238,4.58151950431054
2012-05-24,-0.91839596171,3.89581945965879,3.47440822317801
2012-05-25,-0.53597962224,3.72324347432328,1.40646415613588
2012-05-29,1.7748848457,3.04638539574791,1.73620672940503
2012-05-30,1.2057245707,2.93803051036505,2.14339424529296
2012-05-31,-0.24863166254,2.80041534222185,1.68161829135283
2012-06-01,-2.8975472972,2.40104534906406,1.51759562653333
2012-06-04,0.58824577955,2.1490218451318,5.75906548260327
2012-06-05,-0.25873221202,3.37811927661965,2.45825622210207
2012-06-06,1.5333226729,2.89566028143715,0.953086694306892
2012-06-07,0.045497497376,2.50377609795115,1.06885570793678
2012-06-08,1.5042328414,2.44518397785936,0.453510405766052
2012-06-11,-1.5767162944,2.21041816388755,2.11538872434633
2012-06-12,0.87364532446,2.09450264331603,2.22276061248409
2012-06-13,-0.69425159681,2.09343085103732,1.08348870593074
2012-06-14,-0.11010906037,1.90909459576302,1.11956019683088
2012-06-15,0.45491925175,1.91938474184663,0.408609191289901
2012-06-18,2.0291571596,1.78296277625345,1.29797750660257
2012-06-19,0.27826146325,1.8417520333863,1.28654543700177
2012-06-20,-0.28412863239,1.72533398702508,1.38911543593958
2012-06-21,-1.3779127636,1.75939744637439,0.940869943298554
2012-06-22,0.76687382061,1.64898605766946,0.682046655641991
2012-06-25,-1.947259921,1.61413734261372,0.950438729647316
2012-06-26,0.22075635352,1.60060740467144,1.34579920700277
2012-06-27,0.43267339697,1.66245951777158,0.634876152868675
2012-06-28,-0.94865100082,1.45286718969667,0.967747940961411
2012-06-29,2.6271856603,1.50851055030069,0.488948286940256
2012-07-02,1.4589041097,1.39512343548988,1.21992231871274
2012-07-03,1.1628299468,1.54768099021012,0.236897644432638
2012-07-05,1.7567274486,1.24936251159443,0.912559335904749
2012-07-06,-0.66563924329,1.36721763498215,1.08655981515638
2012-07-09,1.322043969,1.4020191321914,1.07754453799619
2012-07-10,-0.92524719421,1.4657409333939,1.45421824761578
2012-07-11,-0.62149586493,1.55852504727839,1.80702356777858
2012-07-12,-0.91491156945,1.79941982277501,1.479492092759
2012-07-13,1.0135247954,1.80144479418415,0.65663348045277
2012-07-16,0.32067705833,1.60342502401585,0.841294744501806
2012-07-17,0.0049430722356,1.60785188023912,1.13665438066695
2012-07-18,-0.11203743379,1.62395097540558,0.555426661474995
2012-07-19,1.3294626069,1.38760616905237,0.625192692458485
2012-07-20,-1.6310717541,1.30194295520446,0.489592711531712
2012-07-23,-0.077775939099,1.25555891806908,2.14296560366765
2012-07-24,-0.48192372024,1.68720635697648,1.42927379926445
2012-07-25,-4.3183784864,1.59940871363243,2.83586076914256
2012-07-26,-0.015652990533,2.10423637251144,1.4219990746415
2012-07-27,1.7881992764,1.95115750503683,1.01408364725902
2012-07-30,1.6867181626,1.93650937200233,1.52956366960079
2012-07-31,2.6435641899,1.96326431329201,1.08514247667209
2012-08-01,-0.6467352152,1.84977355394227,1.60863653588841
2012-08-02,0.16150030497,1.81194764689503,1.44479444079714
2012-08-03,1.3014363514,1.78759684668546,0.467506645001787
2012-08-06,1.1125548155,1.56090819577887,0.541815108605465
2012-08-07,-0.26279013737,1.46319224534443,0.754821311118713
2012-08-08,-0.16974975597,1.46164915298847,0.500151223085367
2012-08-09,0.57030832304,1.29286823428335,0.35833126492283
2012-08-10,0.15626762015,1.14283226193998,0.187255089474763
2012-08-13,1.3350490592,1.07303767661939,0.448488158148386
2012-08-14,0.26825396817,1.10161523670868,0.686459784700555
2012-08-15,-0.1361427283,1.13523889985349,0.574031632992582
2012-08-16,0.87345243574,1.12240661136961,0.335202149168491
2012-08-17,1.8496401295,1.0740141042426,0.46238587539025
2012-08-20,2.6291833175,1.12550634831437,0.996413375344528
2012-08-21,-1.3663083514,1.27966350313837,2.99467526273048
2012-08-22,1.9522545126,1.89141998950506,1.96632688537215
2012-08-23,-0.93291671037,1.86609774711011,1.74156610098958
2012-08-24,0.089340959494,1.98347785016375,1.00942662822671
2012-08-27,1.8784057222,1.90662959588056,1.36827344172323
2012-08-28,-0.13023916636,2.00881681161868,0.564902844444213
2012-08-29,-0.19768820384,1.60153578638922,0.367738016450937
2012-08-30,-1.4251647448,1.38543752923257,0.691429064060592
2012-08-31,0.20666759065,1.32364920219474,1.1527421185514
2012-09-04,1.4626300281,1.41601532569878,1.03353115105264
2012-09-05,-0.70225343343,1.35635894228922,0.826158780138416
2012-09-06,0.90118317585,1.35145924181412,0.618543245060061
2012-09-07,0.6166176232,1.3436947412415,0.454183528843522
2012-09-10,-2.6012580096,1.2876182995695,1.54075648380399
2012-09-11,-0.32441077956,1.52328666601136,1.87694594000241
2012-09-12,1.3926944097,1.6826299757527,3.65681075048466
2012-09-13,1.9692739515,2.31982935409981,1.17913111835186
2012-09-14,1.2152625259,1.95937139206807,0.823682730604254
2012-09-17,1.2297477144,1.93954659088473,0.548934288891212
2012-09-18,0.30423804019,1.78338765405605,0.569628307873659
2012-09-19,0.027068997406,1.64501105783177,0.377908242908298
2012-09-20,-0.48426150115,1.25203277846028,0.446861937316692
2012-09-21,0.19965650481,1.18034205367825,0.298259365922578
2012-09-24,-1.3291053357,1.08112877906641,1.6919651734675
2012-09-25,-2.4971409546,1.44459264410249,1.36485952502153
2012-09-26,-1.2412031952,1.47326294907536,2.80665005676685
2012-09-27,2.4264108964,1.99828588358587,1.65686449667499
2012-09-28,-2.0863911231,1.934852774307,1.75825888442131
2012-10-01,-1.1564896082,2.11946738607979,2.51524800461533
2012-10-02,0.29117821014,2.35274021320488,3.15550658448754
2012-10-03,1.5333202282,2.67387339821448,1.57826921761849
2012-10-04,-0.69253108959,2.27037600796458,1.03643765831175
2012-10-05,-2.1310737851,2.10915299545162,1.63149862149041
2012-10-08,-2.2096569056,2.20242204101589,3.13904019010123
2012-10-09,-0.36353949581,2.54516897962481,3.89263018447497
2012-10-10,0.79578516943,2.77609051638097,2.03516591350889
2012-10-11,-1.9987205692,2.5095621241689,1.95073310701447
2012-10-12,0.25696545144,2.59571641342354,2.28337392218212
2012-10-15,0.80131615305,2.71624434888379,2.09697010232596
2012-10-16,2.3682179091,2.57538492396098,1.44617613778699
2012-10-17,-0.79700827582,2.19890004344657,1.38856859186877
2012-10-18,-1.857484856,2.12309258195052,2.09549496515177
2012-10-19,-3.6039453717,2.26966275763737,1.41817602097561
2012-10-22,3.966614194,2.06446527841601,2.72923655042171
2012-10-23,-3.2608236204,2.37292163122591,6.026441271721
2012-10-24,0.56649048838,3.47642836099272,3.24908817188957
2012-10-25,-1.1821733704,3.21185225267601,2.41668801967749
2012-10-26,-0.90855697254,3.11011630613052,4.23571858358805
2012-10-31,-1.4370860927,3.74047766379202,3.75323327345715
2012-11-01,0.20491500363,3.78220979994415,1.69826812745784
2012-11-02,-3.3090661665,2.95378010099002,1.64349622796002
2012-11-05,1.3559466019,2.7631373344781,3.02350448206233
2012-11-06,-0.30303387957,3.06630215913241,1.25482526533239
2012-11-07,-3.825856451,2.43327134045257,4.11136273890694
2012-11-08,-3.6293604017,2.98227453712264,7.81367614630979
2012-11-09,1.731287773,4.32648772840699,5.75199557728441
2012-11-12,-0.77322414354,4.43778248603857,3.57187760656116
2012-11-13,0.012526942191,4.12092380088025,3.58467772410573
2012-11-14,-1.1084955186,4.38778399133357,3.11050046201124
2012-11-15,-2.0973029355,4.2033724753034,4.06840846090079
2012-11-16,0.39153761281,3.96816959896582,7.57740620638859
2012-11-19,7.2112159309,4.80460364517984,2.60649014441313
2012-11-20,-0.85139554203,3.8504545618018,3.64165966703401
2012-11-21,0.14023555159,4.04819878811986,2.09926769170194
2012-11-23,1.7447035785,3.67199489982877,0.559043529152645
2012-11-26,3.154855643,3.01714076117688,1.66282867428188
2012-11-27,-0.80572659581,2.55223325280836,2.9311937315173
2012-11-28,-0.31464824369,2.78763204209636,2.32353593107529
2012-11-29,1.1013140289,2.53306672813115,1.95703361939595
2012-11-30,-0.6922763675,2.4516840240867,0.916732657063612
2012-12-03,0.15548113734,2.29217956922414,1.11384347931414
2012-12-04,-1.7647179243,2.25019967434748,1.98556106544544
2012-12-05,-6.4345569142,2.29820415979401,6.7306631265212
2012-12-06,1.5687306593,2.29820415979401,10.1287912990905
2012-12-07,-2.5572664505,3.63249255103175,7.19073133342427
2012-12-10,-0.64305672768,5.15659046224413,6.32514518268347
2012-12-11,2.1832094582,5.37219904481134,3.2568649161134
2012-12-12,-0.44108846159,5.8061110365689,3.30064320099759
2012-12-13,-1.7272727271,5.38499296939149,3.01325701941911
2012-12-14,-3.756159263,5.00137359711623,3.69672689431181
2012-12-17,1.772480649,4.17135073323939,5.81240149587402
2012-12-18,2.9046123007,3.90954348700383,2.98010984364307
2012-12-19,-1.4216145347,4.23521206144574,2.23541974242269
2012-12-20,-0.87017157175,3.70807328103525,2.33550646836099
2012-12-21,-0.46004620781,3.43071734750591,1.65950676201618
2012-12-24,0.16136175436,3.37154941738148,0.711145254508665
2012-12-26,-1.3781124559,3.0193950616285,1.30812610168041
2012-12-27,0.40165731152,2.28934818579488,1.75399054457866
2012-12-28,-1.0621675144,2.21445041431835,1.05636660935845
2012-12-31,4.4317461987,2.23932440927406,3.85463182156424
2013-01-02,3.16759835,1.96786399776696,2.32798010349097
2013-01-03,-1.2629728794,2.70120485057858,1.43399467183315
2013-01-04,-2.78472868,2.61538484090194,1.73064969026435
2013-01-07,-0.58823529398,2.47761299996856,3.15809214558826
2013-01-08,0.26913533093,2.53021449242806,2.41267136767811
2013-01-09,-1.5628866764,3.01330132668489,1.53437380516119
2013-01-10,1.2396054921,2.69962326555872,2.5761658561463
2013-01-11,-0.61316880283,2.40998501149472,1.21659939869402
2013-01-14,-3.5652508169,2.68710562287532,3.16912447949613
2013-01-15,-3.1549576483,2.36466077742907,3.03284076941052
2013-01-16,4.1508890352,2.70328628789143,1.96146014824347
2013-01-17,-0.67379319871,2.74484766975496,1.73980123954903
2013-01-18,-0.53314235702,2.59850211758697,0.873170310622465
2013-01-22,0.95400000009,2.45653957203401,1.76048438831017
2013-01-23,1.8295461297,2.23929325473549,2.07135934718011
2013-01-24,-12.354938181,2.23148386890761,6.24490562894081
2013-01-25,-2.3573806881,2.18129622538022,6.08767319522753
2013-01-28,2.2619805401,3.3978864397553,4.74225148347969
2013-01-29,1.8762643665,3.87263955627933,2.27979923524802
2013-01-30,-0.31422523844,4.08558432285741,2.2918434351172
2013-01-31,-0.29332574477,3.72045927869285,1.31069793649507
2013-02-01,-0.41054688363,3.74876216828664,2.13329168476198
2013-02-04,-2.4919536176,3.04109047575452,2.22586324667059
2013-02-05,3.5106123225,2.74163055869674,2.48978339713707
2013-02-06,-0.10789701291,2.4823927563596,3.57229124847569
2013-02-07,2.9733890477,2.55751992362378,4.47035938949291
2013-02-08,1.443765751,2.89719489501947,1.73714532151104
2013-02-11,1.0421491432,3.40504322691748,2.08536832686616
2013-02-12,-2.5066155482,2.88313796759244,2.99127333887124
2013-02-13,-0.19021158369,2.93141840734356,2.89035216670581
2013-02-14,-0.089933834352,3.14625257403368,1.99025091270795
2013-02-15,-1.3780835423,3.0561539093068,1.16424412661595
2013-02-19,-0.036943671694,2.62230274458832,2.09064983927282
2013-02-20,-2.4217917781,2.40429728581689,1.65943415553387
2013-02-21,-0.62158850396,2.5643249597466,2.39526993302129
2013-02-22,1.0648791642,2.34357348047625,1.46998167836765
2013-02-25,-1.7768017568,2.42882377147821,1.50080917255148
2013-02-26,1.3934056007,2.20797285130249,3.37802291138288
2013-02-27,-0.98002093682,2.24806960635406,6.10549823516867
2013-02-28,-0.71304856383,2.69827448110851,1.61614299361823
2013-03-01,-2.4762120524,3.67035671879845,2.05775271712348
2013-03-04,-2.420610031,2.76499257764087,1.88436991844674
2013-03-05,2.6411141531,2.90486542650932,3.09962947425224
2013-03-06,-1.271500937,2.91367068455091,2.21660140059494
2013-03-07,1.1558466576,3.112084658777,2.13832929626844
2013-03-08,0.26429344471,2.53397713049459,1.89175497669369
2013-03-11,1.4245344204,2.56829358850064,2.33532225286564
2013-03-12,-2.1558910178,2.50195899184517,2.68168685294743
2013-03-13,-0.018672828628,2.62262460915754,2.02677465195674
2013-03-14,0.96883389742,2.62848941659005,1.64802001170554
2013-03-15,2.5803468208,2.49404505822783,1.39551735982024
2013-03-18,2.7182977956,2.37121298179287,2.0495815643156
2013-03-19,-0.26990257165,2.2635729508962,2.63444078553966
2013-03-20,-0.53026469241,2.34358483727893,1.37706356752987
2013-03-21,0.1437798619,2.44514812346422,1.6473323268054
2013-03-22,2.0276986284,2.15379792165448,1.03622893475681
2013-03-25,0.36154229183,2.19864855320474,2.03121153003935
2013-03-26,-0.52720134599,2.0468730175051,0.861613240455134
2013-03-27,-1.9638458069,2.21739128408756,1.19906272991649
2013-03-28,-2.0837019996,1.81409227503612,1.21310841228917
2013-04-01,-3.1062214793,1.85238146475926,1.64530085379291
2013-04-02,0.20563754624,1.79365324279421,3.44311961160212
2013-04-03,0.51141017047,1.91089301259145,2.08260372529167
2013-04-04,-0.98844880677,2.39262941473688,2.25346715272088
2013-04-05,-1.0567661086,2.28533031739477,1.45293005590137
2013-04-08,0.7112476369,2.4321806455187,1.26828504298787
2013-04-09,0.18066211487,2.30664396394237,1.06100442778859
2013-04-10,2.0399081925,2.22630923164682,1.4609695548866
2013-04-11,-0.31214854598,1.92276751713554,1.36189613398917
2013-04-12,-1.0429857482,1.92190393521977,0.798891872760802
2013-04-15,-2.3150302466,1.80082130559677,1.27432305812695
2013-04-16,1.521972133,1.61893309484621,1.52345583648842
2013-04-17,-5.4992492494,1.69897361539433,5.83968050607083
2013-04-18,-2.668818272,1.79539951535067,3.45480784102987
2013-04-19,-0.38770564979,3.06127737489991,4.95068047257023
2013-04-22,2.0843469132,2.87898837384264,2.69062642649697
2013-04-23,1.8712218125,3.60952600647987,3.25589038925023
2013-04-24,-0.16447935386,3.37274538640563,10.4717607781749
2013-04-25,0.71967286694,3.67382962953306,2.67907163493965
2013-04-26,2.1609775209,5.50381135609181,1.79869941969327
2013-04-29,3.0956004841,4.05010796462678,1.86801351431909
2013-04-30,2.9433646425,3.55536806660911,2.7475562515582
2013-05-01,-0.78820181579,3.48119104716655,2.86133887893875
2013-05-02,1.4181975461,3.58949059395981,1.62311937113435
2013-05-03,1.0010773927,2.78344293228411,0.778748061602464
2013-05-06,2.3845504244,2.43958326215439,1.19570585828853
2013-05-07,-0.44539949213,2.17076080216783,1.71959700159234
2013-05-08,1.1298178599,2.16506378390064,1.15859345095962
2013-05-09,-0.87241476594,2.1457778580349,1.91978680116531
2013-05-10,-0.83192854172,1.86001965361531,1.69310101067856
2013-05-13,0.3907543547,2.03128696421735,1.57154423070984
2013-05-14,-2.3925759777,2.09201752077914,2.00562501859502
2013-05-15,-3.3816969313,2.11291887004574,3.84275772214992
2013-05-16,1.3356651509,2.22854043973702,3.57935762801914
2013-05-17,-0.30328272496,2.86135279432275,2.26693779338842
2013-05-20,2.2319161706,3.00770656928028,2.46674503834829
2013-05-21,-0.73826564012,2.81716168542053,3.2014066219708
2013-05-22,0.38529772992,2.94345211107591,3.01538833497911
2013-05-23,0.17808833727,3.19360495358952,2.60849651064961
2013-05-24,0.68077984342,3.0723113783205,1.08835006934118
2013-05-28,-0.83365157816,2.88911028345598,2.02449779173967
2013-05-29,0.79535337845,2.43807427795738,1.47875936876369
2013-05-30,1.4900550623,2.54949197450571,1.17778310436561
2013-05-31,-0.40856548121,2.26081703830793,0.893369518475971
2013-06-03,0.21901786622,2.00268036444545,2.30182035957928
2013-06-04,-0.31283280086,1.75414328484817,1.25377574142322
2013-06-05,-0.93476664215,2.13222923905551,1.7248562430865
2013-06-06,-1.4940127159,1.86082485991175,2.15153126089555
2013-06-07,0.76426583946,1.97651904033002,1.77410367343335
2013-06-10,-0.66114243409,2.16334027016624,3.17672188050345
2013-06-11,-0.29392330662,2.19356922854042,2.20925599894128
2013-06-12,-1.2362888483,2.54809661773512,1.46247633292366
2013-06-13,0.87345843258,2.48339891569212,1.8608836628197
2013-06-14,-1.3567602904,2.32180892481595,0.870790569606192
2013-06-17,0.45343564707,2.36199734033327,1.33290618743245
2013-06-18,-0.053240740726,2.08253013737408,0.826757215719169
2013-06-19,-2.0311740047,1.94711308114532,1.19077208948019
2013-06-20,-1.4567375886,1.69061294610433,2.3739528128189
2013-06-21,-0.80079071486,1.71928095755634,2.62305921169222
2013-06-24,-2.6505441354,1.98332266095189,3.41110917164112
2013-06-25,0.022358026399,2.21504293743968,1.79474108163192
2013-06-26,-1.132553461,2.58266940421936,1.84544494326558
2013-06-27,-1.077699902,2.39916931744515,1.68234581509655
2013-06-28,0.69835949016,2.48333301979785,2.36434504677362
2013-07-01,3.2002622753,2.37762006774205,1.66889626649581
2013-07-02,2.2652851767,2.47355437429559,2.23152233344049
2013-07-03,0.55198451555,2.16412621407286,1.8167201555566
2013-07-05,-0.80323193906,2.31890262998045,1.27925713938742
2013-07-08,-0.56777346572,2.23953552736746,2.04406768170539
2013-07-09,1.7588242381,2.10092005083829,2.28837434377739
2013-07-10,-0.38356813066,2.20250044452359,2.12773258918305
2013-07-11,1.5587193688,2.31394827316459,1.08668208051418
2013-07-12,-0.18207859812,2.27564478478873,1.11061703026793
2013-07-15,0.2180488149,2.0000960198546,1.01599276141473
2013-07-16,0.6445349054,1.97920228354438,1.28115402680616
2013-07-17,0.02673206327,1.84686762181759,0.855183453139844
2013-07-18,0.33650159185,1.77840842614948,0.616207265506296
2013-07-19,-1.576809231,1.56415501676538,1.13437874747402
2013-07-22,0.32003765155,1.46621602877959,1.38389260070729
2013-07-23,-1.7170603552,1.56200975547838,0.974479866106841
2013-07-24,5.1361607675,1.64723258845845,2.08745807946404
2013-07-25,-0.45628930102,1.53341262539054,1.34396181185805
2013-07-26,0.5678449259,1.86081853102193,0.846616718070338
2013-07-29,1.541985079,1.7963206868726,1.08860534823421
2013-07-30,1.2349538845,1.67150216974695,0.955474785724809
2013-07-31,-0.1742698315,1.67660571303243,1.13397447117312
2013-08-01,0.91618235256,1.64261309318672,0.616427329728899
2013-08-02,1.2840613477,1.56173093992232,0.517131047834655
2013-08-05,1.4939248498,1.38379544234536,0.907489977207262
2013-08-06,-0.89466396848,1.31963141498388,1.32989297531931
2013-08-07,-0.058033315418,1.36256301036487,1.17785358530698
2013-08-08,-0.19916437559,1.47905678487616,0.907682644943368
2013-08-09,-1.4229626254,1.45198678625546,0.865691135731679
2013-08-12,2.8407965672,1.42904341753867,1.42259401865547
2013-08-13,4.7522252653,1.45240138682436,3.89795879160912
2013-08-14,1.8240496764,1.61018578741736,2.72393811802991
2013-08-15,-0.1183550652,2.34188839118803,1.80366962336041
2013-08-16,0.88771063056,2.31530586828018,0.859518772162846
2013-08-19,1.0769812672,2.25470452012212,1.19933920175783
2013-08-20,-1.313664474,2.08801265400102,1.52840826745488
2013-08-21,0.25744905906,2.12664114445434,1.52896212819834
2013-08-22,0.11943626086,1.92501709291482,1.42129024346993
2013-08-23,-0.38571655796,1.79481406082248,0.588547021681476
2013-08-26,0.38920601983,1.73602582120133,1.09832432979232
2013-08-27,-2.8590174365,1.55120239704596,2.15446795505923
2013-08-28,0.47197036383,1.62860976996912,2.17402806741371
2013-08-29,0.16378214532,1.89085326884336,0.916857256718544
2013-08-30,-0.9119381737,1.97109884849677,0.961713487128886
2013-09-03,0.27995796536,1.69433131153108,1.76995582494722
2013-09-04,2.0694666175,1.74219779731782,1.24252561352416
2013-09-05,-0.68599593733,1.9643058791793,0.547230677857559
2013-09-06,0.5956347044,1.77390802997721,1.23919541314581
2013-09-09,1.595680623,1.47179400458854,0.756656473286413
2013-09-10,-2.2778908271,1.62830521139946,4.84918096037701
2013-09-11,-5.4443635777,1.52039028383591,2.17738937705685
2013-09-12,1.0647623529,2.60090411380336,1.58204671161462
2013-09-13,-1.648014555,2.24118889731575,0.73129456179077
2013-09-16,-3.1791783178,2.25037133035857,1.8949571433866
2013-09-17,1.1552474894,2.02610803380265,1.8084312616076
2013-09-18,2.0556970921,2.35043374526867,2.26908540939462
2013-09-19,1.6398381682,2.002065127793,0.816586606564851
2013-09-20,-1.035358882,2.09999034513289,1.13607584061769
2013-09-23,4.9699407373,1.75751011578318,3.2294049071739
2013-09-24,-0.31387575409,1.85612670577555,1.6793806111852
2013-09-25,-1.5477407484,2.37973048351147,1.62925631139584
2013-09-26,0.97397877616,2.09345573345183,0.736781389455473
2013-09-27,-0.7136687097,2.01935548397103,0.562251772156819
2013-09-30,-1.2428793371,1.85149465131479,1.37351940087989
2013-10-01,2.3513371789,1.74839247371869,1.23145869527711
2013-10-02,0.32789572924,1.68328811714532,1.43189829608663
2013-10-03,-1.2562300842,1.61026379994943,1.64290507931955
2013-10-04,-0.078608220883,1.62748517707937,1.02046496603815
2013-10-07,0.97716497949,1.76265912223294,1.11838513815945
2013-10-08,-1.3962070733,1.70150859987874,1.66314328051441
2013-10-09,1.1743668649,1.69384876182829,1.46812508276292
2013-10-10,0.62681364925,1.83976893439253,1.04581063418881
2013-10-11,0.64823400153,1.81347473404492,0.705841745522672
2013-10-14,0.65501651752,1.65100546142808,1.08599555302213
2013-10-15,0.5322151439,1.54746613896531,1.31917406056039
2013-10-16,0.48808855372,1.607949151061,0.51611168997691
2013-10-17,0.67569455241,1.61371043122266,0.538528357349908
2013-10-18,0.87016848374,1.35973075332362,0.324407442096303
2013-10-21,2.450824343,1.2997341947196,1.16926770331766
2013-10-22,-0.28665303571,1.20912640814952,8.32800176843973
2013-10-23,0.9795765267,1.37311073936549,2.06324779127427
2013-10-24,1.3239103931,3.44347662792754,0.938207669467518
2013-10-25,-1.1189862948,2.50293733448477,0.938733854628451
2013-10-28,0.74492640106,2.34341311744379,1.03244238296717
2013-10-29,-2.4907714257,2.40606896293208,4.42654595992135
2013-10-30,1.5905457556,2.41112221494752,1.97621618512826
2013-10-31,-0.41798756329,2.60353781290054,1.15530895415169
2013-11-01,-0.51118993215,2.1663961823994,0.951016358574988
2013-11-04,1.2922331403,2.04508045971776,1.07473495201529
2013-11-05,-0.24698623629,2.00732033051341,1.07845621869513
2013-11-06,-0.28311692804,2.02956933860737,0.934207198404556
2013-11-07,-1.6179067803,1.66340753889085,1.22551978008109
2013-11-08,1.5742684764,1.52101566203998,0.745388761688453
2013-11-11,-0.2904564315,1.57689372564163,1.27167177175501
2013-11-12,0.18533931343,1.46493582267107,0.797410630418359
2013-11-13,0.1199976923,1.57904046557316,0.560808016596323
2013-11-14,1.4455452394,1.46521605105578,0.536896504233533
2013-11-15,-0.60000757358,1.37764883908368,0.436555355523169
2013-11-18,-1.2118302981,1.29370367380282,0.937392473006973
2013-11-19,0.17758359063,1.24021353796086,0.803874017940041
2013-11-20,-0.87575786738,1.29486020533522,0.643720575547652
2013-11-21,1.1914563107,1.27519196136917,0.585104982949113
2013-11-22,-0.25636302234,1.2527248920988,0.370054691867981
2013-11-25,0.75798383987,1.20158707992649,0.571963133917926
2013-11-26,1.8444266239,1.14595272045465,0.567514218796838
2013-11-27,2.3547056617,1.13953233487327,0.66063508582747
2013-11-29,1.8517840137,1.11009262645769,0.415663066812737
2013-12-02,-0.87039401524,1.12409154365178,1.7863682363344
2013-12-03,2.737877111,1.03787633682785,1.0021306399192
2013-12-04,-0.23343610173,1.43358063700839,1.41547230984771
2013-12-05,0.51345132742,1.34120026831819,1.19610057494814
2013-12-06,-1.3877418776,1.51000138828796,0.630479172945175
2013-12-09,1.1446019786,1.53043022432804,0.651300371926444
2013-12-10,-0.15535900284,1.45165188305505,0.836771239274038
2013-12-11,-0.7408717177,1.3293346725007,1.0997608551062
2013-12-12,-0.14607382082,1.34229359195355,0.858714927603474
2013-12-13,-1.0900203376,1.3561771387093,0.73769130063145
2013-12-16,0.55372184033,1.27388994061559,0.901142153598313
2013-12-17,-0.45022421527,1.26428791292295,0.978737072871379
2013-12-18,-0.76037406088,1.32017692200276,3.01856440315474
2013-12-19,-1.1456687908,1.3534716977598,1.0685390196753
2013-12-20,0.83752709088,1.93870834952679,0.418743382595976
2013-12-23,3.8377472589,1.61767107575098,1.00882674145407
2013-12-24,-0.42449437797,1.46625343649064,0.561537747820808
2013-12-26,-0.66411823773,1.58354893803189,0.643001161122275
2013-12-27,-0.6756517113,1.45742951021479,0.431488187661954
2013-12-30,-0.99448302954,1.21316223331969,0.745290430396005
2013-12-31,1.1721849527,1.10590251992934,0.565204729968335
2014-01-02,-1.4063669743,1.19783613923733,0.620388561776524
2014-01-03,-2.1965903133,1.1168232719136,0.730382117482769
2014-01-06,0.54530666548,1.13452244320416,1.95513619785784
2014-01-07,-0.71562517232,1.15746137866733,1.13326199426538
2014-01-08,0.63375228583,1.54580874951251,0.864431359765023
2014-01-09,-1.2771869135,1.43426168263179,1.05637296996666
2014-01-10,-0.66707795986,1.4165207380906,0.986493006980907
2014-01-13,0.52351108934,1.50041105834817,1.58661629972254
2014-01-14,1.9898082988,1.51838160487341,0.933665196461253
2014-01-15,2.007723421,1.58723774386893,0.972069227450735
2014-01-16,-0.55798765616,1.4509897120062,0.75710607478759
2014-01-17,-2.450157871,1.46997607644149,0.767493542410112
2014-01-21,1.5536279061,1.39817168463338,1.63077662606378
2014-01-22,0.44438778277,1.37617435227204,1.77845690355665
2014-01-23,0.84676615115,1.53608792039414,1.67081195613233
2014-01-24,-1.8177568411,1.64783605766824,1.35451375764036
2014-01-27,0.81125130473,1.70850137996839,1.73672387149028
2014-01-28,-7.9927338784,1.72480871883599,4.73941011421979
2014-01-29,-1.1352418559,1.90420847097383,2.82292303851668
2014-01-30,-0.19331003487,2.79719161145471,1.61308161152459
2014-01-31,0.16367136068,2.58924144451788,1.01639904582376
2014-02-03,0.18577706742,2.377710894675,1.95400189818492
2014-02-04,1.4475704345,2.23767861966883,1.12075672216687
2014-02-05,0.74687002489,2.43371343360749,1.22163991418034
2014-02-06,0.58287867487,1.8916834020148,0.838064294653214
2014-02-07,1.3989970927,1.73538240750761,0.686164731762764
2014-02-10,1.791487069,1.57579966206107,1.19209614924797
2014-02-11,1.3176052476,1.50976774217253,0.772032866052994
2014-02-12,-0.0074632434917,1.51667988120323,1.01143853767426
2014-02-13,1.5879235707,1.40313323383019,0.592931872185111
2014-02-14,-0.080818470542,1.42242151808781,0.794845012548885
2014-02-18,0.36765381701,1.31567715636528,0.798436289038522
2014-02-19,-1.5787834941,1.361487461629,1.4085087708836
2014-02-20,-1.1574892532,1.31445790687647,1.13898426664725
2014-02-21,-1.1107973266,1.49532458467691,0.778266771329644
2014-02-24,0.43788672047,1.46373669243233,1.31383210318004
2014-02-25,-1.0406596532,1.41703877878232,0.941638413792951
2014-02-26,-0.90219514996,1.56469992023351,1.49348359833661
2014-02-27,1.9947810961,1.51136513614519,1.2499750540568
2014-02-28,-0.27100270991,1.6177762086797,1.06103321811715
2014-03-03,0.2888415931,1.58469628093949,1.66723578274038
2014-03-04,0.65939063206,1.5610836354394,0.809179567272286
2014-03-05,0.21082749809,1.6985346058408,0.809433441400445
2014-03-06,-0.30242692919,1.52683164741829,0.528970306214301
2014-03-07,-0.058407913366,1.44873953628001,0.696209690620559
2014-03-10,0.090490913317,1.311389804221,0.731380074390286
2014-03-11,0.97378136052,1.29582716264339,0.598594434446314
2014-03-12,0.096998638401,1.19570160789896,0.743055717946719
2014-03-13,-1.1106762827,1.14797245913603,1.11479673873788
2014-03-14,-1.1231508527,1.16682690686565,1.0460387813624
2014-03-17,0.39070689363,1.29555369840285,0.542122893197754
2014-03-18,0.88468694248,1.32381764167908,0.627072167261614
2014-03-19,-0.026345502465,1.21080477239978,0.801367970327899
2014-03-20,-0.4818732823,1.22864648537599,0.78294232984666
2014-03-21,0.78872706617,1.26538005440633,0.567979767106379
2014-03-24,1.1860303641,1.22488983911829,1.42580365382633
2014-03-25,1.0756876054,1.13041288903154,0.873731294288746
2014-03-26,-0.95598084372,1.38015972618856,0.928365677311293
2014-03-27,-0.42980473545,1.31128058505135,1.15142147241198
2014-03-28,-0.11163621456,1.33297719543564,0.55406870564968
2014-03-31,-0.022352196083,1.41280687393724,0.59532731195429
2014-04-01,0.91478183094,1.301259778729,0.485946709253163
2014-04-02,0.16615895875,1.21215845681588,0.600555989120526
2014-04-03,-0.69302368438,1.14687616064209,0.438648093680509
2014-04-04,-1.2936394514,1.12430045575925,0.765601679341988
2014-04-07,-1.5700801024,1.01525125938359,1.19793509699472
2014-04-08,-0.0057309874137,1.09549053349505,1.19040136778299
2014-04-09,1.3143817821,1.24086513066876,0.690249929704555
2014-04-10,-1.2897872983,1.32014237353189,0.877223309914358
2014-04-11,-0.73928325819,1.24244737249653,1.20813477783128
2014-04-14,0.39837570475,1.32505313485098,0.915606730967778
2014-04-15,-0.71309998457,1.43464556799264,1.12754602201323
2014-04-16,0.20273770224,1.35145584272046,0.847771864878289
2014-04-17,1.1425598736,1.38228901749038,0.503265808305048
2014-04-21,1.1868023012,1.35220376670354,0.593054525242586
2014-04-22,0.099591467915,1.24854486732161,0.385275580053888
2014-04-23,-1.3069424619,1.19438686999544,0.557613365384167
2014-04-24,8.1981896141,1.09719198144072,1.07413235657031
2014-04-25,0.7344523312,1.0640253264871,0.628887660901683
2014-04-28,3.8727838582,1.17683372439094,2.67592064753585
2014-04-29,-0.2962514096,1.11296795581376,1.79582407159071
2014-04-30,-0.37816757549,1.71155325408922,1.28080248945529
2014-05-01,0.23555728785,1.71683758067422,1.13253384764808
2014-05-02,0.18597416638,1.70956741952639,0.603421378887511
2014-05-05,1.4141550508,1.69249130164252,0.686102066453431
2014-05-06,-1.0899227903,1.597061062418,0.941621377796553
2014-05-07,-0.34992681813,1.39300706406989,1.41751500187674
2014-05-08,-0.17825614559,1.34424990657044,0.704516252561815
2014-05-09,-0.41624857568,1.44703043023779,0.742424410858432
2014-05-12,1.2445723411,1.27187023358839,0.500073194037159
2014-05-13,0.15687465202,1.29073646340913,0.54895343373687
2014-05-14,0.018526003805,1.2267442630886,0.610502237487797
2014-05-15,-0.85035445472,1.18970129107234,0.77888336589507
2014-05-16,1.4758330219,1.10785500447331,0.508966728633484
2014-05-19,1.1849174072,1.14348238264972,0.654738957695182
2014-05-20,0.019848161719,1.06435835664263,0.840455422775859
2014-05-21,0.26458963785,1.10634362460611,0.444227807046461
2014-05-22,0.15833484522,1.17347867261941,0.575222351912981
2014-05-23,1.129645792,1.08548334929382,0.305280117251589
2014-05-27,1.8725676973,1.08667085167494,0.662151729892042
2014-05-28,-0.25893898946,1.01499461299716,0.680805645722067
2014-05-29,1.8220861844,1.07520357294708,0.574043420944987
2014-05-30,-0.37457899207,1.06014542662574,1.54218659817324
2014-06-02,-0.68720379149,1.04363947580535,1.9158349764812
2014-06-03,1.4141414142,1.31779569502379,1.13199444992238
2014-06-04,1.1418891363,1.56534723134369,0.830004303418491
2014-06-05,0.39235755703,1.47981979170609,0.8346798209793
2014-06-06,-0.27496717375,1.44489396293959,1.02275366679205
2014-06-09,1.6001363136,1.47569202060895,1.53751952069558
2014-06-10,0.58697972254,1.45202623211763,1.42970483456846
2014-06-11,-0.41379310351,1.50122907101185,0.959252820085141
2014-06-12,-1.6727040273,1.51825140553807,1.22025774515333
2014-06-13,-1.094376422,1.4508971479568,1.5189831938749
2014-06-16,1.0078878175,1.5437551885561,1.04236542339234
2014-06-17,-0.13015184386,1.65622808019146,0.929965806094897
2014-06-18,0.10860121656,1.52063646342044,0.822572984784209
2014-06-19,-0.34714688663,1.44664383689841,0.774693084853783
2014-06-20,-1.0341824514,1.41398531577349,0.867441390778102
2014-06-23,-0.087999120205,1.35639211012497,0.813056122905531
2014-06-24,-0.60552680816,1.30043947878051,0.838243426643525
2014-06-25,0.088613203297,1.26785914014828,1.22228224382333
2014-06-26,0.59760956174,1.26431114398299,0.954038783730088
2014-06-27,1.1881188118,1.38131853019775,0.857836488752859
2014-06-30,1.0328332246,1.35595414886512,0.965988855483714
2014-07-01,0.63488647356,1.33888475308253,0.753232535372502
2014-07-02,-0.042771599692,1.37560943834338,0.575062391934718
2014-07-03,0.58836114677,1.32458231379553,0.412152287195256
2014-07-07,2.0610443476,1.21357545103239,0.830756494969617
2014-07-08,-0.64396465505,1.12056777306327,1.76146027151445
2014-07-09,0.041950708146,1.19024441679537,1.20859767661765
2014-07-10,-0.3721564105,1.44655864442145,0.990879632260585
2014-07-11,0.19466512331,1.40119045390763,0.623801018742577
2014-07-14,1.2917454316,1.40571549290346,0.607337692191498
2014-07-15,-1.1715914981,1.35928727096404,0.817282693203732
2014-07-16,-0.56651279901,1.32969989866569,0.877973623328561
2014-07-17,-1.7831821059,1.25955804300942,1.83294500624823
2014-07-18,1.4395761516,1.23051254587441,1.10529327234475
2014-07-21,-0.51996187658,1.49515172167669,0.56058495963566
2014-07-22,0.83139058315,1.42196245080834,0.542712455117255
2014-07-23,2.6076858107,1.3188560807383,1.62214208489522
2014-07-24,-0.16462599024,1.2843618749546,0.980661823060949
2014-07-25,0.66062042679,1.55997174610972,1.05851501847049
2014-07-28,1.3811673885,1.35433960015601,1.24528412885788
2014-07-29,-0.64633407401,1.36414126344435,0.764354221353187
2014-07-30,-0.23378735514,1.47258014415622,1.04677799351757
2014-07-31,-2.5980641875,1.41107196420849,1.37832746926931
2014-08-01,0.55439330554,1.39817594610488,1.98867549957588
2014-08-04,-0.56173931134,1.50319142114708,1.03374350089073
2014-08-05,-0.49168323048,1.72000302071053,2.26828508646658
2014-08-06,-0.16820857854,1.53297008694361,0.721504991488741
2014-08-07,-0.010583130551,1.92579201273264,1.24971861595052
2014-08-08,0.27519051655,1.61900747353341,1.31225134031444
2014-08-11,1.3194004645,1.69384326244008,0.713832824719087
2014-08-12,-0.02083550371,1.63043820463201,0.901443455136985
2014-08-13,1.3233302074,1.48822290044547,0.42148582980248
2014-08-14,0.26737967928,1.37166998358193,0.525083298263249
2014-08-15,0.49230769218,1.25321929387334,0.754846833420822
2014-08-18,1.2043274139,1.18882458485402,0.437720096414615
2014-08-19,1.3816054861,1.16563316233437,0.534806199196436
2014-08-20,0.039789117545,1.06814273318748,0.648897499142089
2014-08-21,0.0099433231298,1.04097291514471,0.512941270206122
2014-08-22,0.73573275004,1.08607071265653,0.484277415469975
2014-08-25,0.21713383358,1.06048748284255,0.499619234297678
2014-08-26,-0.64112664968,1.01912243286194,0.53394715179868
2014-08-27,1.2300647246,1.02630954810813,0.530143154949757
2014-08-28,0.11749730747,1.0294601039322,0.655823933967202
2014-08-29,0.24449877747,1.01149528761709,0.366536412355173
2014-09-02,0.78048780488,1.04810679672234,0.677169411697535
2014-09-03,-4.2207163602,0.97954001255555,3.37565881109836
2014-09-04,-0.8287851223,1.05045778662705,1.75779698897938
2014-09-05,0.86628618028,1.84390836358448,1.39969086805291
2014-09-08,-0.61634838839,1.70127326778789,0.706927125844944
2014-09-09,-0.37616917452,1.71575914846299,11.8619530895485
2014-09-10,3.0717420146,1.63799385855123,3.79992222649598
2014-09-11,0.42574257423,4.88124678426288,1.61557049863498
2014-09-12,0.22675736964,3.53613161886029,1.35564590436602
2014-09-15,-0.029510131844,3.14424964544554,1.62304496275892
2014-09-16,-0.75765030006,3.09627872944165,1.59496222323075
2014-09-17,0.71386079708,3.25061218310755,1.21132488699899
2014-09-18,0.20673360905,2.11706308599236,0.462315178730908
2014-09-19,-0.81540426372,1.76674143335654,0.921876418080697
2014-09-22,0.099049128585,1.50885479977248,1.14356308764422
2014-09-23,1.5634276666,1.54377679558507,1.08315210785798
2014-09-24,-0.86710833984,1.53215441803167,1.33068505956234
2014-09-25,-3.8132678133,1.46861846620672,2.67969667663635
2014-09-26,2.9426790641,1.52889571994023,1.23802059717213
2014-09-29,-0.63523573199,2.01710508622587,1.5983837777153
2014-09-30,0.63929677362,1.80675872420201,1.4751678305788
2014-10-01,-1.5583126551,1.92598355395972,1.28194546057158
2014-10-02,0.72595281308,1.95357679488518,1.76846809493787
2014-10-03,-0.28028028028,1.91995562798622,1.06174361876602
2014-10-06,0,1.91048135177522,1.07275872692346
2014-10-07,-0.87331861059,1.75395980376107,1.32794238176811
2014-10-08,2.0759493671,1.69314598134157,1.83313612168324
2014-10-09,0.21825396816,1.71974879829431,1.98921119491835
2014-10-10,-0.28707186702,1.8751419665087,2.72906596312273
2014-10-13,-0.91333267146,1.86719515031694,2.51410194358171
2014-10-14,-1.0620178338,2.173673947041,3.04447530405464
2014-10-15,-1.2253164557,2.30168223498287,6.58167614348426
2014-10-16,-1.3122821407,2.59690347954793,4.97421115471356
2014-10-17,1.4647828797,3.76957197503321,1.42570131765257
2014-10-20,2.139858708,3.84065980260311,1.16433523778164
2014-10-21,2.7165196472,3.08086253331842,1.77436476170382
2014-10-22,0.50746559973,2.88882524234811,1.21479086002896
2014-10-23,1.7865812215,2.85857080775185,0.760894662105373
2014-10-24,0.37203090724,2.16500651334581,0.669540862117935
2014-10-27,-0.10454286257,1.61588176677484,0.523330298432625
2014-10-28,1.5507563505,1.51215864777623,0.415366193042986
2014-10-29,0.56211354695,1.40337822447176,1.09894059457567
2014-10-30,-0.33538289545,1.22901623517219,0.828947072892821
2014-10-31,0.95344924284,1.33230560459295,0.46335046232867
2014-11-03,1.2962962963,1.28896802364595,0.6374179267326
2014-11-04,-0.73126142597,1.19823103245111,0.992014159173377
2014-11-05,0.23941068139,1.23483373374165,0.784997583875291
2014-11-06,0.28600424394,1.35814899818888,0.541173211299891
2014-11-07,0.28518859253,1.28421889790128,0.399113422664537
2014-11-10,-0.16512246584,1.20494270865116,0.255842952006737
2014-11-11,0.79941192689,1.16384135774676,0.494458485349469
2014-11-12,1.4129443938,1.08460051367365,0.560448639822206
2014-11-13,1.4112359549,1.05648795632104,1.16989599169614
2014-11-14,1.2054600249,1.02542550409411,0.601004925045015
2014-11-17,-0.16640392359,1.18891812078936,1.07194346313407
2014-11-18,1.2983595052,1.07668094424398,0.545809090033223
2014-11-19,-0.69282064596,1.22575172285965,1.08561017694052
2014-11-20,1.4301909829,1.13675214337741,0.635063843690025
2014-11-21,0.13756340813,1.28894765370946,1.052258327615
2014-11-24,1.8502618701,1.14567231227604,0.523137214942238
2014-11-25,-0.86406743931,1.26687936453676,1.09232995409608
2014-11-26,1.1904761905,1.11370228528466,0.653199748224344
2014-11-28,-0.058823529343,1.27460055810221,0.626815418164743
2014-12-01,-3.2456066594,1.15161021508354,15.6685294516092
2014-12-02,-0.38237594499,1.15594060829659,2.22397402852519
2014-12-03,1.1340835732,5.44002204464552,1.34315634064536
2014-12-04,-0.37953937726,3.34454849160291,1.14037831461117
2014-12-05,-0.42427915832,3.22580394673083,1.18168788211199
2014-12-08,-2.2608695652,3.24670748784195,2.16677521737888
2014-12-09,1.5302491103,3.31576754333453,3.3740786059666
2014-12-10,-1.9015071854,1.98731872038377,2.62039451006095
2014-12-11,-0.29477445296,2.33921613509172,1.56053708931326
2014-12-12,-1.6932449381,2.36587276864795,2.1638204540391
2014-12-15,-1.3715483459,2.23812865369386,5.06963236353214
2014-12-16,-1.3675213676,2.461018562459,5.02288972716887
2014-12-17,2.4966040564,3.30929587936978,3.34218232506965
2014-12-18,2.9613380862,3.50897306103708,1.35361446130441
2014-12-19,-0.77230359529,3.31738792673932,1.08503528607023
2014-12-22,1.0377527286,2.95530578877672,0.843981822885833
2014-12-23,-0.35417035579,2.79101658672157,0.555112341152242
2014-12-24,-0.47094366455,2.27652606411587,0.339152288531377
2014-12-26,1.7676993126,1.72683949516899,0.481737510635815
2014-12-29,-0.070181594856,1.35035211778303,0.707382213784301
2014-12-30,-1.2202616101,1.27675742630223,1.04019330795519
2014-12-31,-1.9018841095,1.27135743793887,1.09964338073706
2015-01-02,-0.95125928619,1.35091546478532,2.7518505018148
2015-01-05,-2.8171590597,1.42608793351195,2.77935986901951
2015-01-06,0.0094117645858,1.9021224840346,3.73024140770481
2015-01-07,1.4022209676,2.16477686475947,2.10404568514225
2015-01-08,3.8422273781,2.67945312619551,1.36811207695524
2015-01-09,0.10724819021,2.52456698607608,2.34975607174347
2015-01-12,-2.4640657084,2.42764251123676,2.57142858614478
2015-01-13,0.88787185359,2.55203791844925,2.38208832775382
2015-01-14,-0.38105606964,2.56176083707388,3.15270699610147
2015-01-15,-2.714025501,2.37829336169771,3.28877806766761
2015-01-16,-0.77700805086,2.63753268591561,2.51188907470465
2015-01-20,2.5757146901,2.88209571199276,2.11871075115864
2015-01-21,0.76342899192,2.75066643927493,2.08323493270141
2015-01-22,2.6015518028,2.61507059427951,1.68707631557761
2015-01-23,0.51601423493,2.56828533635093,1.40368000276059
2015-01-26,0.10621348901,2.33909532515098,1.1038186336801
2015-01-27,-3.5013262599,2.08159032280583,3.49990178941183
2015-01-28,5.6532893532,1.87509377278966,4.1549840655186
2015-01-29,3.1133466307,2.45942172174148,3.01704759211797
2015-01-30,-1.4634146341,2.82616707880849,2.24871854449616
2015-02-02,1.254694435,2.79384936148196,3.30926147731269
2015-02-03,0.016859141942,2.76603730109049,1.83055076745417
2015-02-04,0.76696165179,3.20691233686715,1.57319254985669
2015-02-05,0.71374590625,2.77004559176107,0.749070873437837
2015-02-06,-0.84208771041,2.42969265276023,1.03003087385153
2015-02-09,0.6642562852,2.02328615781738,0.970311010925608
2015-02-10,1.9211493485,1.91979920473282,0.733955791305417
2015-02-11,2.3438780529,1.6422918723909,0.734107129524816
2015-02-12,1.2652146061,1.47565683368717,1.1250435322077
2015-02-13,0.49027360437,1.37184159443444,0.967688236786009
2015-02-17,0.59017941458,1.47143815758284,1.25819563737708
2015-02-18,0.69232574515,1.42746897722197,0.61967201331715
2015-02-19,-0.20588121051,1.49393865231547,0.428204645460013
2015-02-20,0.81354612703,1.35396267128225,0.40754984016487
2015-02-23,2.7066682111,1.2728145041796,0.705403683028768
2015-02-24,-0.6240601504,1.17923657113388,1.50172188206374
2015-02-25,-2.5573125519,1.19273257195735,2.41875163571258
2015-02-26,1.2617439241,1.35467580133765,2.87577183393968
2015-02-27,-1.4990606909,1.71801727989303,1.82756919812552
2015-03-02,0.49042503524,2.08098392415781,1.34769061575404
2015-03-03,0.20915640252,2.05255409443083,1.29655680119337
2015-03-04,-0.63388991966,2.02583865899546,1.10593529736397
2015-03-05,-1.6570717286,1.98388224435042,1.08681962241715
2015-03-06,0.15030456452,1.79730043419751,1.78828555187393
2015-03-09,0.42654028439,1.58127798356114,3.07201208111499
2015-03-10,-2.068585811,1.69643510694894,2.31275560152547
2015-03-11,-1.8231467352,2.11647046012708,2.33719611100351
2015-03-12,1.8079188481,2.11106142092667,1.93111156621209
2015-03-13,-0.69104057857,2.26137457248635,1.78650277907592
2015-03-16,1.1004126549,2.29287135533848,1.08657150258807
2015-03-17,1.6726690677,2.27398873310493,1.13730767020661
2015-03-18,1.1256297228,1.93238509956568,1.360560245829
2015-03-19,-0.75893204639,1.80885436324946,1.13109759525279
2015-03-20,-1.251029452,1.73921860333416,1.13620261909154
2015-03-23,1.0405083398,1.60976936546334,0.796561936287813
2015-03-24,-0.40877289521,1.54108134007064,0.787776176582057
2015-03-25,-2.6126766122,1.45364383530944,1.2063587642657
2015-03-26,0.69703355493,1.41481749176775,1.88414365534565
2015-03-27,-0.79684481652,1.47243015380616,0.993001647188857
2015-03-30,2.5314401622,1.67295200532865,0.797911417570941
2015-03-31,-1.5351744876,1.49724195431214,1.22820557744624
2015-04-01,-0.14465964796,1.45268998825531,1.87038327686683
2015-04-02,0.86116700186,1.57179495269009,0.911099422299307
2015-04-06,1.6198531759,1.75835389906091,0.815360175790961
2015-04-07,-1.052218296,1.48458433755262,0.645061654942383
2015-04-08,-0.32537100233,1.44641799131949,1.33593677098107
2015-04-09,0.7643312103,1.39776268789859,1.17403353950832
2015-04-10,0.42667509479,1.52344814692508,0.864205291110549
2015-04-13,-0.19669551539,1.40539085172795,0.717568152151851
2015-04-14,-0.43358297189,1.33819693111918,0.719925210880896
2015-04-15,0.38004750586,1.29318835849293,0.577706768156369
2015-04-16,-0.48114844612,1.29457992705041,0.570775123736905
2015-04-17,-1.1254656416,1.1764751996763,0.758955245721951
2015-04-20,2.2845691383,1.10493323015608,0.660032644452496
2015-04-21,-0.54075235112,1.12319745190183,0.667165331101303
2015-04-22,1.3474115516,1.09571408292783,0.700345947364624
2015-04-23,0.81635826446,1.08769898563225,0.821534311074472
2015-04-24,0.47042492497,1.10476670455635,0.570520874559211
2015-04-27,1.8191587349,1.15381516044327,1.10422417656968
2015-04-28,-1.5755748208,1.08861890715111,4.25778579256483
2015-04-29,-1.4705882353,1.23027279156945,2.23970412569923
2015-04-30,-2.7129975124,2.18079588835555,2.19036857993354
2015-05-01,3.0363563723,2.01910012293319,1.20355741656718
2015-05-04,-0.19387359434,2.17131354374901,1.16879594870813
2015-05-05,-2.2533022532,2.07567693397828,1.48396302833251
2015-05-06,-0.62798092213,2.07280859364227,2.43679811340246
2015-05-07,0.61852357612,1.81878932180354,1.83587420922293
2015-05-08,1.8840811113,2.01242584779099,0.861450953112194
2015-05-11,-1.0186491146,1.87756544309829,1.1924989726557
2015-05-12,-0.3601963268,1.67093917719579,0.944492440006094
2015-05-13,0.11520279658,1.72905301838549,0.874444872228195
2015-05-14,2.3331481629,1.6270773057297,0.446554124643616
2015-05-15,-0.13958898789,1.44060424634404,0.644684808244493
2015-05-18,1.1027413217,1.21071495465547,0.872441388886072
2015-05-19,-0.092172977929,1.22050183844183,0.814248095363925
2015-05-20,-0.0076881678979,1.22317793406708,0.760055694769902
2015-05-21,1.0226049515,1.19919092169114,0.486289551915358
2015-05-22,0.87525686904,1.17778906671599,0.578979776334241
2015-05-26,-2.2031084955,1.13447351747892,1.03940410445995
2015-05-27,1.8708532632,1.14238742383386,0.489642923654835
2015-05-28,-0.20068915892,1.23950974002867,0.585059230681095
2015-05-29,-1.1382607376,1.1096369633084,0.726640382221645
2015-06-01,0.19573226891,1.10328894664101,0.704230441165293
2015-06-02,-0.44049488642,1.13311921096153,0.654776581358523
2015-06-03,0.12311480477,1.13396286031693,0.42746486562397
2015-06-04,-0.58407623737,1.07275024533828,0.902083271922177
2015-06-05,-0.54885590616,1.02084236513008,0.710856577797528
2015-06-08,-0.66070734529,1.13498817817213,1.02459178553015
2015-06-09,-0.29733959318,1.0969886822027,1.31051143615633
2015-06-10,1.1458169831,1.17833211101536,0.633503510622984
2015-06-11,-0.22501551821,1.29765445610101,0.693891098973123
2015-06-12,-1.1042849366,1.20486190169871,0.62960377342008
2015-06-15,-0.19658724532,1.18871494416293,0.925303158333158
2015-06-16,0.53577056406,1.1669244774178,0.564128008171015
2015-06-17,-0.23510971778,1.20543754225172,0.760448129044885
2015-06-18,0.45561665356,1.06143736677102,0.487429732559023
2015-06-19,-1.0009383797,1.10850437540103,0.40295739358289
2015-06-22,0.79778830968,1.03597379849742,0.433303679412268
2015-06-23,-0.45450983462,0.993656714029253,0.335530985517628
2015-06-24,0.8501928678,0.941529958244134,1.00977339364059
2015-06-25,-0.47615330577,0.898210797990845,0.520082235208975
2015-06-26,-0.58823529416,1.04306742510532,0.787051655374552
2015-06-29,-1.7514792899,0.960689797446128,0.941114916961262
2015-06-30,0.71870232077,1.05115968834318,1.11346831165779
2015-07-01,0.93681482958,1.13578376815735,0.623696630403683
2015-07-02,-0.12638230655,1.25498466224908,0.426716137091282
2015-07-06,-0.34799114192,1.1282092386759,0.610718170101419
2015-07-07,-0.24603174616,1.08273885176092,1.18070301513696
2015-07-08,-2.4822977166,1.09516449063181,1.50090096132607
2015-07-09,-2.0396508118,1.22021598878374,2.30033071721625
2015-07-10,2.6734404932,1.32316853194583,1.17608689957976
2015-07-13,1.9305645685,1.65459791597569,0.534605667874313
2015-07-14,-0.03978990926,1.54671179161129,0.490594076294603
2015-07-15,0.96329910029,1.42745682752343,0.533834435903515
2015-07-16,1.3325973821,1.34117008991294,0.392291332627727
2015-07-17,0.86374601196,1.23942621052178,0.532385132901991
2015-07-20,1.8901404104,0.997910780438285,0.923936810809404
2015-07-21,-0.99946997816,0.94945379457152,1.60474301056071
2015-07-22,-4.2294455067,1.06097963791672,3.95908264634276
2015-07-23,-0.047915668256,1.30940793393814,1.31921913103491
2015-07-24,-0.527325024,2.11388867221518,1.13410733542952
2015-07-27,-1.3895582329,1.77544003667262,1.1122019996794
2015-07-28,0.49686405473,1.81592533485399,0.796386663534011
2015-07-29,-0.31609661219,1.83351482675117,1.04423397303207
2015-07-30,-0.5041060248,1.6899843166974,0.733315511490766
2015-07-31,-0.8743973196,1.40606277414339,0.836403886735603
2015-08-03,-2.3577906019,1.28604460640285,2.75401399063464
2015-08-04,-3.2083755487,1.26969287094529,4.42791733815567
2015-08-05,0.66294487096,1.79192925890249,3.72020672326342
2015-08-06,0.21761838434,2.5083638048385,2.49369385214015
2015-08-07,0.33874750279,2.7073648702788,1.62031941172226
2015-08-10,3.6357340719,2.70453302507572,1.22924607183883
2015-08-11,-5.2038088874,2.64473104727264,2.48013103037878
2015-08-12,1.541986078,2.40065102785346,4.94561947322713
2015-08-13,-0.07809788267,2.40224243272958,2.87609677568428
2015-08-14,0.7034303082,2.98319256205283,1.10590264139183
2015-08-17,1.0348395999,2.68919551799777,1.23567418046938
2015-08-18,-0.56333219536,2.33397634964375,0.9734637142685
2015-08-19,-1.2789699571,2.3560702344711,1.48919997541064
2015-08-20,-2.0519954786,2.14492646191654,2.1207157869359
2015-08-21,-6.116289392,1.8484206562789,7.66254855595947
2015-08-24,-2.4962178518,1.87755037526985,45.7856963853551
2015-08-25,0.60124127231,3.61363639783219,11.4987514363431
2015-08-26,5.7354925775,15.3647038955458,10.9409933969391
2015-08-27,2.94466223,10.741613361741,5.63711378398002
2015-08-28,0.32766560398,11.7323293093519,2.51503122715359
2015-08-31,-0.46782593354,11.1808550569939,2.54057519240074
2015-09-01,-4.4696700958,10.0281684047881,5.75297688237628
2015-09-02,4.2888971408,5.3186930165912,4.33344956534705
2015-09-03,-1.7536051272,5.28474386562393,3.64968834146606
2015-09-04,-0.99664763975,4.32171788369894,2.9794404968921
2015-09-08,2.7820993868,3.97852973232895,1.75491412701778
2015-09-09,-1.9232481524,3.90575825494304,4.7849891804495
2015-09-10,2.1970040852,3.60166407649593,3.27645791596361
2015-09-11,1.4568712801,4.04571235583104,1.22244298815286
2015-09-14,0.96313807917,3.67749787417665,1.93009549136206
2015-09-15,0.84121064956,3.04342606438429,1.21947265396231
2015-09-16,0.11179910561,3.03264869339896,0.798223584994193
2015-09-17,-2.1389914956,2.83728745666973,2.66173927767523
2015-09-18,-0.41257022476,2.32493682281522,2.64299726944195
2015-09-21,1.5513442044,2.59435033864557,1.41041829762924
2015-09-22,-1.5710441802,2.75635237508245,1.50187934779467
2015-09-23,0.81128747788,2.48197586042411,1.03808891843429
2015-09-24,0.59482155357,2.52398095939971,1.77279803661797
2015-09-25,-0.25217391303,2.42771099631715,1.89424673674247
2015-09-28,-1.9789033214,2.18554031907475,2.45592360254358
2015-09-29,-3.0060476698,2.06551643535249,3.47406187199414
2015-09-30,1.1369888134,2.2263414984575,2.79127202299975
2015-10-01,-0.6527651859,2.60782934787173,3.59410968059874
2015-10-02,0.73006022994,2.68279885177258,2.51312153318955
2015-10-05,0.36238448993,3.02864284660662,1.58146983448968
2015-10-06,0.47842570875,2.88571396575144,2.00476276629694
2015-10-07,-0.47614769574,2.60920070297383,1.73595640345174
2015-10-08,-1.1554432208,2.51217632054668,2.0927123097689
2015-10-09,2.3926940639,2.34104180290947,1.72967938321367
2015-10-12,-0.4637887977,2.2414297064142,0.987396874960239
2015-10-13,0.17025089601,2.0728075848534,0.999637707269462
2015-10-14,-1.4133643439,1.86302372971266,1.26526347590869
2015-10-15,1.4971418203,1.75346039174122,1.23968835926312
2015-10-16,-0.73305918113,1.74440723647051,0.844356186898009
2015-10-19,0.62139769452,1.64671307024115,1.02404376145425
2015-10-20,1.8258301263,1.48065788771166,2.00954992872134
2015-10-21,-0.0087896633886,1.50557521240413,1.46815967620323
2015-10-22,1.5295358649,1.78499173414802,1.01696557244157
2015-10-23,3.0995670995,1.71268983507158,1.13124657253636
2015-10-26,-3.191132012,1.60590592761445,2.11113077971962
2015-10-27,-0.63324080502,1.65829117025433,1.80496257965751
2015-10-28,4.1204714098,1.95165885794961,2.47381695260502
2015-10-29,1.0564265951,1.87583697351338,1.37433305356525
2015-10-30,-0.85455903109,2.10364012728999,1.11381824557957
2015-11-02,1.4058577408,1.93691258729011,0.570179436853884
2015-11-03,1.1470539692,1.87857655709642,1.09530793978309
2015-11-04,-0.4650403851,1.59523209992242,1.22168954742856
2015-11-05,-0.46098123139,1.60017501923724,1.23123262905129
2015-11-06,0.11577902751,1.48213024059686,0.981913171978227
2015-11-09,-0.40475797132,1.46307393228193,1.34745746324989
2015-11-10,-3.15169611,1.40063195782017,2.0041814603666
2015-11-11,-0.56521366796,1.54546085634916,1.8742970884213
2015-11-12,-0.33588838178,1.76217374391779,1.30619382641136
2015-11-13,-2.9208434152,1.81190549887723,1.7559789397305
2015-11-16,1.6334342177,1.7233783949769,1.89378737425836
2015-11-17,-0.42478651203,1.8901329637425,1.39584353902427
2015-11-18,3.1665054095,1.97874986306836,1.31436118230937
2015-11-19,1.270355529,1.82827057425601,1.33046119894872
2015-11-20,0.43778413874,1.75436049004571,0.745989132162003
2015-11-23,-1.2992455992,1.75393049409025,0.960342152419733
2015-11-24,0.95966029712,1.53555208275232,1.33034670363015
2015-11-25,-0.71500672939,1.46945411728728,0.627793307334107
2015-11-27,-0.18639328982,1.52824515031694,0.401144051142136
2015-11-30,0.41592394537,1.31704162407312,1.00514227167257
2015-12-01,-0.81149619618,1.16588163549707,1.00964466464704
2015-12-02,-0.90335776367,1.29032026487607,1.08693172318764
2015-12-03,-0.92879256972,1.29347549081547,1.55250527373809
2015-12-04,3.3246527779,1.28062941431756,1.33711613495416
2015-12-07,-0.63009325377,1.47017401671159,1.86464918250031
2015-12-08,-0.042272573683,1.53740339679664,1.42929843266841
2015-12-09,-2.2075615326,1.72722643346927,1.75120344043178
2015-12-10,0.47569624639,1.69568274181766,1.34139850594256
2015-12-11,-2.5738142377,1.82866335283947,1.84084628261333
2015-12-14,-0.61848383102,1.73327312842586,3.03747232148553
2015-12-15,-1.769203414,1.87525501106302,1.4072038415929
2015-12-16,0.76930038922,2.21722619906822,3.0576735167731
2015-12-17,-2.1196335549,1.93190181191143,1.93703752341776
2015-12-18,-2.7069187007,2.37290858462295,3.21880637555352
2015-12-21,1.226068094,2.24317133187111,1.76076485302254
2015-12-22,-0.093170595301,2.63043223467743,1.08216978497831
2015-12-23,1.2962790262,2.23909850368037,0.928390906386446
2015-12-24,-0.54317805188,2.08318109143963,0.477645699602632
2015-12-28,-1.1200592428,1.82333242187113,0.823315347338637
2015-12-29,1.7974162141,1.58144623811531,0.629623376256611
2015-12-30,-1.3058672062,1.37628629222896,0.914344100709294
2015-12-31,-1.9194931047,1.21848469854787,1.03554559293474
2016-01-04,0.085502565162,1.24978890160402,3.471027511608
2016-01-05,-2.5059326056,1.28469110011658,4.05627115118381
2016-01-06,-1.9569662157,2.05571062382455,3.59816748159456
2016-01-07,-4.2204568023,2.53179056239395,4.42632091233243
2016-01-08,0.52877138423,2.79089660764775,3.88677469048692
2016-01-11,1.6192244226,3.34057958318169,3.32943253529649
2016-01-12,1.4513346188,3.57113018947281,2.90907992686351
2016-01-13,-2.5710284113,3.46973171455446,4.28579708893268
2016-01-14,2.1870828627,3.27713177454732,4.57285575262609
2016-01-15,-2.4015273311,3.61277735846825,4.06589797019078
2016-01-19,-0.48388757332,3.69701243367965,2.88912644383687
2016-01-20,0.13449203379,3.63440768525783,5.30091708982489
2016-01-21,-0.50625064569,3.39103482294577,5.51643119712202
2016-01-22,5.3167185879,4.09025455260028,2.6468299624024
2016-01-25,-1.9522776574,4.28468413147621,2.64805100411421
2016-01-26,0.55309734526,3.56703133274818,3.43340981485302
2016-01-27,-6.5706570656,3.41659386574677,5.79950150815334
2016-01-28,0.7171911795,3.62909099759324,4.03521309943547
2016-01-29,3.4541396535,4.12748384702332,1.80567798266099
2016-02-01,-0.93486747473,3.67823933485731,1.5310574483315
2016-02-02,-2.0221922638,3.20189199807789,1.79715668066521
2016-02-03,1.9792548688,3.03507534191632,3.87634919255538
2016-02-04,0.80350620883,2.90785349066049,3.08244174555425
2016-02-05,-2.6708074533,3.07868495926427,2.76752760806584
2016-02-08,1.0529674537,2.83306286283129,3.98759975586719
2016-02-09,-0.021050415671,2.8764996083507,3.76956230550199
2016-02-10,-0.75797452364,3.36123704280417,2.0782744836541
2016-02-11,-0.60464622902,3.53391635351006,3.18312117956045
2016-02-12,0.30949839929,3.02980201912398,1.20101080459224
2016-02-16,2.8194488776,3.23256582974877,1.30376862914334
2016-02-17,1.5314569537,2.7030920340066,1.63445037581157
2016-02-18,-1.8956379943,2.40819364114831,1.6349623201427
2016-02-19,-0.22854768331,2.21306150954319,1.32319298649439
2016-02-22,0.87463556847,2.14922342188414,0.977145233851675
2016-02-23,-2.2605284889,1.88044714106483,0.729215359778201
2016-02-24,1.4890695955,1.76835208954478,2.03948740029582
2016-02-25,0.68678459938,1.63141620759212,1.45725022678568
2016-02-26,0.15502273673,1.90122214010291,1.25466197003785
2016-02-29,-0.227014756,1.77242566638828,1.34077732861994
2016-03-01,3.971455166,1.71639312404442,1.71549069134773
2016-03-02,0.21884014732,1.74383259214845,1.30396300905773
2016-03-03,0.74441687357,1.90276775416847,1.40507463372504
2016-03-04,1.487684729,1.74696905361796,2.30357514139941
2016-03-07,-1.106688671,1.75846651883788,1.39568328066046
2016-03-08,-0.82458034758,2.03357688022968,1.74003259319179
2016-03-09,0.089082450722,1.86552771306592,1.54217119516158
2016-03-10,0.049446202502,1.91949185843823,2.2416528749719
2016-03-11,1.0773944845,1.90400118257559,0.766982523767915
2016-03-14,0.25425386266,2.10695809712124,0.690422066173853
2016-03-15,2.0093640265,1.66153909918863,1.16815418292266
2016-03-16,1.329126028,1.56182253351399,1.28123819945746
2016-03-17,-0.16042276111,1.5697301216589,1.13163691122378
2016-03-18,0.11342155012,1.55934996576454,0.765443385730726
2016-03-21,-0.0094410876954,1.41003151669425,1.79498819093403
2016-03-22,0.76480030202,1.34036108499418,0.994699435008795
2016-03-23,-0.55284857563,1.64166670338507,0.782559837091788
2016-03-24,-0.4334306981,1.4805098667199,0.702575570001401
2016-03-28,-0.45424434575,1.38647303804493,0.805741551882061
2016-03-29,2.367145166,1.3251625825698,0.839445777081116
2016-03-30,1.7459138187,1.34001287979821,1.57664213225227
2016-03-31,-0.52026286976,1.23550481919111,1.04820534741055
2016-04-01,0.91751536838,1.43094886720646,0.910823896073218
2016-04-04,1.0273661243,1.36621730432932,1.27248694677999
2016-04-05,-1.1789056874,1.36065394190569,1.32900342083535
2016-04-06,1.0472634549,1.47432173101807,0.865991959629462
2016-04-07,-2.1809661138,1.53749965987138,1.21362288368836
2016-04-08,0.11055831964,1.36919297970904,1.08740781203085
2016-04-11,0.33130866923,1.4471821360055,1.20137568950284
2016-04-12,1.3025133003,1.43964943055805,1.40736590827617
2016-04-13,1.4487504528,1.4497455245749,0.995323554683571
2016-04-14,0.053552302779,1.48677123956786,0.557709137802478
2016-04-15,-2.0071364854,1.42974853514832,1.25613804851819
2016-04-18,-2.1574874829,1.28018746422248,1.24174830044038
2016-04-19,-0.5303312244,1.42068360862983,1.21593026576442
2016-04-20,0.20578056301,1.42255070700758,0.988376321109468
2016-04-21,-1.0827966023,1.39739594258632,1.10045186065756
2016-04-22,-0.27366235727,1.35839445219971,1.30543743574536
2016-04-25,-0.56775170333,1.43357402553045,0.851265171786557
2016-04-26,-0.69470879325,1.47696135624764,1.58590489810308
2016-04-27,-6.2577862962,1.35545434536899,2.44284829523992
2016-04-28,-3.056634635,1.53032735598049,2.14664732987605
2016-04-29,-1.1494252873,1.85014419059862,2.06723422420947
2016-05-02,-0.10667804563,1.92215154243458,1.70724020386161
2016-05-03,1.6445963263,1.99533928101063,1.65330317806384
2016-05-04,-1.0401344821,2.02961126589417,1.50329774946775
2016-05-05,-0.40589617602,2.03179813990689,1.19113469440823
2016-05-06,-0.55770055778,1.90385369455292,1.32661366950432
2016-05-09,0.075496117461,1.74419916768074,1.09210257641598
2016-05-10,0.67895247321,1.68940447724803,1.28548287706945
2016-05-11,-0.9740954828,1.58021968408163,1.11640812705506
2016-05-12,-2.3456923575,1.57413005703512,2.36612174187295
2016-05-13,0.19924728804,1.50202965658108,1.70184543571201
2016-05-16,3.7118868759,1.85500503158704,1.46502359013196
2016-05-17,-0.41542394547,1.78399985778055,1.35600268422472
2016-05-18,1.1445074339,1.78700159840811,1.7470631213641
2016-05-19,-0.38071065992,1.7747340057649,1.47605184609534
2016-05-20,1.0828025477,1.91586423637861,0.584824633062232
2016-05-23,1.2707414409,1.7717595084681,0.850636157589641
2016-05-24,1.5244218604,1.49011499606984,0.546288924192481
2016-05-25,1.7568947906,1.46734067665596,0.78933868460326
2016-05-26,0.79301345104,1.32090874808572,1.26632711637126
2016-05-27,-0.059755004531,1.25803871400233,0.631470046069254
2016-05-31,-0.4882909815,1.31654331474541,0.697306924381177
2016-06-01,-1.4019627479,1.19946992633622,0.785833374025467
2016-06-02,-0.75157424344,1.18471032880483,1.11438846920946
2016-06-03,0.2046663938,1.21873509546596,0.75097498125087
2016-06-06,0.72508169924,1.30792627029509,0.797994114504112
2016-06-07,0.40555611886,1.18224830878639,0.525287557579767
2016-06-08,-0.090881551114,1.2044661107177,0.56635421755617
2016-06-09,0.71760663031,1.133409922647,0.706102916608125
2016-06-10,-0.82288008043,1.10912551001991,0.653595152306507
2016-06-13,-1.5076393807,1.0847586842094,1.39015228003841
2016-06-14,0.12327922741,1.0609533162731,1.21707909641752
2016-06-15,-0.32833983169,1.25604458777887,0.791466202353788
2016-06-16,0.42207123752,1.29475652365786,1.08628286521976
2016-06-17,-2.2757560227,1.24035905995011,1.17527524504708
2016-06-20,-0.24126717708,1.33166168629192,0.823221459968468
2016-06-21,0.85173501593,1.40379608582026,1.03649101279111
2016-06-22,-0.3753518924,1.27445466272245,0.751839100545268
2016-06-23,0.57561486119,1.28882042588429,0.730621334115863
2016-06-24,-2.809573361,1.23632489147831,2.82524280048396
2016-06-27,-1.4561027837,1.19379037199643,1.82948333929297
2016-06-28,1.6840504128,1.75413492626695,0.925281756909093
2016-06-29,0.86547708088,1.69794760183686,0.872002950524592
2016-06-30,1.2711864407,1.52582354544799,0.803940187225074
2016-07-01,0.30334728035,1.53104459707223,0.471120819410158
2016-07-05,-0.93857545107,1.52768852446043,0.53130335223815
2016-07-06,0.5684808928,1.20820040973778,1.18408950853118
2016-07-07,0.42918454928,1.0725662910743,0.706188786502026
2016-07-08,0.77131540547,1.21742360767907,0.584394712111648
2016-07-11,0.31030202717,1.11572776768594,0.48900101034925
2016-07-12,0.45370179414,1.07012506726239,0.3390114295813
2016-07-13,-0.56456579759,1.05463637239831,0.531654324395885
2016-07-14,1.9820377827,1.00430091269482,0.391642172312778
2016-07-15,-0.010122482035,0.964985726642827,0.424079887300728
2016-07-18,1.0629682121,0.899343250637186,0.350200728965155
2016-07-19,0.040068115959,0.88046013324537,0.446592119521481
2016-07-20,0.090117152286,0.849548809317566,0.422316864992185
2016-07-21,-0.53021208478,0.874265590191542,0.618221583276776
2016-07-22,-0.7744141607,0.853544366298464,0.539255868922982
2016-07-25,-1.3379282385,0.911459297255912,0.749079867988952
2016-07-26,-0.68830901992,0.907316078900015,0.796551319805148
2016-07-27,6.4963277127,0.987989231124236,1.34876809406637
2016-07-28,1.3501699856,1.03530956179195,0.661623854871268
2016-07-29,-0.12459267782,1.22406046241815,0.694779528715952
2016-08-01,1.7656654833,1.10178287380146,0.488613244179013
2016-08-02,-1.4804337577,1.12298427426142,0.944650348708003
2016-08-03,1.253828484,1.05616969590865,0.450373995281146
2016-08-04,0.61775327868,1.15251031513806,0.403035856445842
2016-08-05,1.5207329745,0.967752600975393,0.311484064670908
2016-08-08,0.82806103474,0.929697718625852,0.417715668763787
2016-08-09,0.40601642522,0.865806770673598,0.374816213556066
2016-08-10,-0.74441687339,0.874387159570989,0.340128482147862
2016-08-11,-0.064814814868,0.802395619509467,0.37794576308753
2016-08-12,0.23163161313,0.783363572231497,0.275841989712691
2016-08-15,1.201700869,0.787440720803104,0.317131261662765
2016-08-16,-0.091340884228,0.764177366790777,0.438538836661482
2016-08-17,-0.14627902729,0.75965077003325,0.902005781195748
2016-08-18,-0.12818165178,0.788138271307711,0.413245319680282
2016-08-19,0.25669233582,0.933932976606853,0.403741596521236
2016-08-22,-0.77724945122,0.852626555800147,0.611855919258272
2016-08-23,0.31333517654,0.865123479185776,0.378160834741054
2016-08-24,-0.75333027098,0.933011690104947,0.474210019004493
2016-08-25,-0.42580764612,0.883930480462636,0.515102938979285
2016-08-26,-0.58566514826,0.852256591254958,0.909325459422492
2016-08-29,-0.11221245558,0.868692760711396,0.686315094479702
2016-08-30,-0.76764650812,0.990311430831069,0.657721337626149
2016-08-31,0.094339622592,0.960010323741972,0.497352835404084
2016-09-01,0.59377945327,0.985743765407398,0.464022410305261
2016-09-02,0.9369436897,0.960143894739995,0.581592643262354
2016-09-06,-0.027847396268,0.945761662236047,0.366830434282437
2016-09-07,0.61281337039,0.930758473150736,0.744841625462398
2016-09-08,-2.6208933185,0.857629752086306,1.50006351896709
2016-09-09,-2.2649734648,0.93602549038836,1.48306852771979
2016-09-12,2.2398913992,1.18519834156742,1.66963201293902
2016-09-13,2.3805007588,1.30190711293028,1.58566914450675
2016-09-14,3.5386753127,1.46292527637961,3.80781345351116
2016-09-15,3.399838955,1.59122780023223,1.65213084283543
2016-09-16,-0.56242969622,2.33662435123104,1.46236555387521
2016-09-19,-1.1660285417,1.9866775317312,1.70285145250557
2016-09-20,-0.0088043670075,1.95779055013415,1.21620735806288
2016-09-21,-0.017610284249,2.00803999084404,1.0949380182206
2016-09-22,0.94231616022,1.88742388087884,0.588934915567866
2016-09-23,-1.6663758506,1.57164602184016,1.69494997933058
2016-09-26,0.1508295627,1.3667637735367,0.885903269592112
2016-09-27,0.18603827066,1.59255396582142,0.722821875546585
2016-09-28,0.76045627375,1.36456312989466,0.623282420519577
2016-09-29,-1.5533128564,1.283069378172,1.11462801444146
2016-09-30,0.77553931187,1.21201879465682,0.875744174865794
2016-10-03,-0.46881910666,1.35719317662418,0.451733100577745
2016-10-04,0.42659082828,1.22619909432559,0.977466050080745
2016-10-05,0.044247787628,1.10365805302701,0.696212450959689
2016-10-06,0.74303405563,1.22617242291108,0.678572947333031
2016-10-07,0.14926683652,1.18586897032502,0.682830316340453
2016-10-10,1.7446957741,1.13687213008856,0.521827266419934
2016-10-11,0.21542438608,1.11602763001962,1.3523373396372
2016-10-12,0.89423903701,1.09016898159658,0.837348499976285
2016-10-13,-0.30680074997,1.27419705644368,0.834790720751864
2016-10-14,0.55565053863,1.19485071122089,0.764566446313453
2016-10-17,-0.068009861388,1.20684173503637,0.573047551288912
2016-10-18,-0.068056146392,1.18348108414278,0.326965770230748
2016-10-19,-0.29794841239,1.14908659875882,0.378687895034297
2016-10-20,-0.051229508153,0.985976206282572,0.723087846825024
2016-10-21,-0.3929608748,0.936365296318367,0.419975382649781
2016-10-24,0.90051457973,0.980080426364338,0.297546028611736
2016-10-25,0.50998725037,0.884301301427478,0.314486561086613
2016-10-26,-2.2494714588,0.830741177576227,1.44932174058804
2016-10-27,-0.96029068254,0.823173476165381,0.671669312924535
2016-10-28,-0.6638714186,1.14178561780643,1.13603835909746
2016-10-31,-0.15828350333,1.00115993502945,0.452404461595182
2016-11-01,-1.8055310904,1.16268195903164,0.959670589445939
2016-11-02,0.089694142844,1.05712442510778,1.03094674965674
2016-11-03,-1.0718789407,1.21757637589914,0.766921089931793
2016-11-04,-0.90139306203,1.18633891874014,1.1781116979803
2016-11-07,1.4424843808,1.14976280264061,0.591022525386789
2016-11-08,0.58871479032,1.2289121000169,0.667891976729855
2016-11-09,-0.16207455428,1.14166066502381,4.17722678229293
2016-11-10,-2.7867965368,1.11809334984788,5.86374397695445
2016-11-11,0.5937471009,2.10252590184549,2.20837211079403
2016-11-14,-2.5085308494,2.98706858417345,3.0807949809111
2016-11-15,1.3243780153,2.47209231157404,1.5883605979329
2016-11-16,2.6888245729,2.91366776677484,1.43609699898748
2016-11-17,-0.03636694255,2.76036390522404,1.1158822589499
2016-11-18,0.10004547548,2.43533411619265,0.724470300635288
2016-11-21,1.5173541704,1.86072935254772,0.727331494715026
2016-11-22,0.062651033841,1.63019260410587,0.558513746554488
2016-11-23,-0.50983899828,1.37073755674308,0.639533625920936
2016-11-25,0.50346129647,1.22902544002997,0.222589703142119
2016-11-28,-0.19679756706,1.15724961175351,0.483294969474867
2016-11-29,-0.098592811628,0.985543572226866,0.769250894904217
2016-11-30,-0.84335187512,0.998730600787538,1.12211220552832
2016-12-01,-0.93195801655,1.05457371769998,1.32444633567183
2016-12-02,0.37446342121,1.17823627368934,1.18119419663951
2016-12-05,-0.71883530482,1.29489084674616,1.29363672256481
2016-12-06,0.76986527347,1.37707677457606,0.693259461985731
2016-12-07,0.9822646658,1.48758902171705,0.900094179703429
2016-12-08,0.98171665304,1.37378577113496,0.80212484621234
2016-12-09,1.6321798073,1.38336232611994,0.997379429195479
2016-12-12,-0.57042562512,1.31033926955653,0.779102686323132
2016-12-13,1.6681376874,1.32591668426463,0.871067722711471
2016-12-14,0,1.2097059198441,1.3558883171939
2016-12-15,0.54692247595,1.21439115250816,1.08217675480276
2016-12-16,0.12951131084,1.34413347657795,0.589052342791191
2016-12-19,0.5777356213,1.31475553563941,0.60061905796345
2016-12-20,0.26577503413,1.17783661666313,0.33626018402206
2016-12-21,0.094057289607,1.15454387454088,0.399357657167143
2016-12-22,-0.65778233393,1.04404664548587,0.479907400875372
2016-12-23,0.19778140868,0.94716242281554,0.446462023204466
2016-12-27,0.63508410567,0.893153821379702,0.268401170330639
2016-12-28,-0.42640286547,0.870378234884267,0.536540604310451
2016-12-29,-0.025693730731,0.799232760275525,0.341630689438447
2016-12-30,-0.77957680123,0.86970833956054,0.832718673970078
2017-01-03,0.28492488364,0.827579847952966,0.909289487479885
2017-01-04,-0.11192423589,0.952458279976051,0.443377719725056
2017-01-05,0.50853301145,1.01497050501396,0.529120826245758
2017-01-06,1.1148272019,0.948042431000378,0.724598323876314
2017-01-09,0.91595284539,0.958402979487717,0.625534846340238
2017-01-10,0.10084881087,1.03161280961081,0.574370777126894
2017-01-11,0.53731844528,0.991148829960807,0.597977392399985
2017-01-12,-0.4175365345,0.943404496818765,0.583787933788201
2017-01-13,-0.17610062896,0.963112646816408,0.355528446715992
2017-01-17,0.80645161288,0.963507929088148,0.638287196823893
2017-01-18,-0.008333333335,0.879902798795112,0.489160808541121
2017-01-19,-0.17501458451,0.929619091999947,0.397596951170861
2017-01-20,0.18367006178,0.888692379256777,0.301723157210188
2017-01-23,0.06666666668,0.846589818954587,0.434213907106056
2017-01-24,-0.091605596208,0.796980069929161,0.175274822704196
2017-01-25,1.5920646829,0.827565244705635,0.325701692356801
2017-01-26,0.049228749594,0.730532440377259,0.390310315362733
2017-01-27,0.0082007545643,0.73816699498584,0.25496585125846
2017-01-30,-0.26240262405,0.747778115832279,0.400889237551551
2017-01-31,-0.23020636354,0.717700015566697,0.459893734353421
2017-02-01,6.0980634527,0.740199406625398,1.23606885168321
2017-02-02,-0.17087378637,0.781580021980791,0.645018257646329
2017-02-03,0.42791566175,1.02295155183065,0.454016906980963
2017-02-06,0.93740316079,0.946961680934546,0.347849911271037
2017-02-07,0.95172307938,0.932749491878795,0.467564512800953
2017-02-08,0.38774424083,0.907948781177281,0.245717087233137
2017-02-09,0.7225983114,0.929050650712171,0.352933707899972
2017-02-10,-0.22655188022,0.778327487390531,0.356705973338826
2017-02-13,0.8855585831,0.762797359328265,0.268538122447649
2017-02-14,1.2979218245,0.751057190861134,0.430114559503258
2017-02-15,0.36290919852,0.724818449345742,0.515110301438499
2017-02-16,-0.12176223153,0.747997673293613,0.505375022097785
2017-02-17,0.27706971068,0.793303053927489,0.356513535360121
2017-02-21,0.72207485991,0.807514790520759,0.357538869200903
2017-02-22,0.29992684722,0.780670837448759,0.205570370878164
2017-02-23,-0.42301801477,0.790554493504016,0.325534282868811
2017-02-24,0.095217168382,0.738556593006941,0.385691603709068
2017-02-27,0.19757061309,0.735372198661802,0.358567904585226
2017-02-28,0.043818009181,0.734621959108428,0.281094353483083
2017-03-01,2.0439448137,0.727850040008838,0.42197508481553
2017-03-02,-0.59374776465,0.705831735013403,0.54272808944789
2017-03-03,0.59009787001,0.756041539327441,0.348352960630806
2017-03-06,-0.31478036917,0.802147331957913,0.271724347031172
2017-03-07,0.12918042194,0.763850436499786,0.377177448485191
2017-03-08,-0.37270642206,0.734943292259577,0.347111252372638
2017-03-09,-0.23021582738,0.762442160039465,0.899399006751872
2017-03-10,0.33169887502,0.7482377108583,0.307109461574022
2017-03-13,0.043122035459,0.88689628527795,0.265200958316639
2017-03-14,-0.15086206895,0.777861371895791,0.225859352761369
2017-03-15,1.0576300452,0.768674798814156,0.337593641357167
2017-03-16,0.16374768638,0.744434790754276,0.276988948664935
2017-03-17,-0.49754780011,0.762719652792538,0.185279316511499
2017-03-20,1.0500750053,0.683159749352472,0.228122381120315
2017-03-21,-1.1452000565,0.649329415884417,0.962177102165482
2017-03-22,1.1298627,0.651844982513862,0.830397858421672
2017-03-23,-0.3535567811,0.864982382863412,0.536110597919601
2017-03-24,-0.1986942948,0.89959059881578,0.541036122032992
2017-03-27,0.17064846415,0.878400872402834,0.741496069258396
2017-03-28,2.0726859739,0.920626306717785,0.530967992261017
2017-03-29,0.22253129355,1.01394555259891,0.489613319372155
2017-03-30,-0.13183458232,0.930735250552105,0.385670149481268
2017-03-31,-0.18759119021,0.886564865259869,0.489099089574387
2017-04-03,0.027843519456,0.851947292027003,0.377676019809783
2017-04-04,0.74460681972,0.864483223281556,0.3694009447095
2017-04-05,-0.51806313459,0.803651329841631,0.679502138256541
2017-04-06,-0.24996528273,0.784264306905377,0.761670255839088
2017-04-07,-0.22274815528,0.861923236153024,0.470929435297137
2017-04-10,-0.11859913502,0.920210287923508,0.26045456194351
2017-04-11,-1.0756443389,0.866967285825715,1.61461564853516
2017-04-12,0.12003106694,0.813496765024309,0.624969641981893
2017-04-13,-0.52891396326,1.19349409144461,0.36927597112882
2017-04-17,0.55299539163,1.01678740847113,0.28286921080939
2017-04-18,-0.44419375308,0.929218443486246,0.370034473864581
2017-04-19,-0.36827195463,0.893443214929238,0.299891530585558
2017-04-20,1.2510662496,0.922316472716181,0.355048816196663
2017-04-21,-0.11934849753,0.765995076485347,0.304640183126532
2017-04-24,0.96295775638,0.746612765203542,0.249281469742714
2017-04-25,0.61960456696,0.726257868123255,0.236432870712999
2017-04-26,-0.58811319459,0.708693347785368,0.467919183569974
2017-04-27,0.076559020272,0.689671906349095,0.286149326410811
2017-04-28,-0.097364211979,0.747366500396221,0.356861990839668
2017-05-01,2.0396797774,0.704464176026133,0.362942146500821
2017-05-02,0.63446582062,0.721297662372726,0.515508984968438
2017-05-03,-0.30506406338,0.734293317136245,1.38570717912615
2017-05-04,-0.36039711686,0.792921517576809,0.562698480123695
2017-05-05,1.658363475,1.0511229810087,0.346457694991432
2017-05-08,2.7188506983,0.939391992168132,1.00773693500896
2017-05-09,0.64048101431,0.89998040622249,0.78253380878273
2017-05-10,-0.47405675696,1.08883078128343,0.457937451793779
2017-05-11,0.86483653286,1.07897101084352,0.634764451733804
2017-05-12,1.396557324,0.919703255087598,0.803356213368277
2017-05-15,-0.25624599621,0.961170561357412,0.519489552411512
2017-05-16,-0.14771997439,1.03617346476522,0.346929261827371
2017-05-17,-3.3575609442,0.932314133358643,1.96958855298056
2017-05-18,1.5241264558,0.854648915560412,1.41689942351072
2017-05-19,0.34089419169,1.31524783465142,0.690928536425066
2017-05-22,0.60760486085,1.31164816110615,0.45134496900107
2017-05-23,-0.12338463529,1.17528873773946,0.517385654821791
2017-05-24,-0.29908972683,1.12614416253204,0.374392832958409
2017-05-25,0.34563714617,1.15720805629069,0.41542485406157
2017-05-26,-0.1689738092,0.95531213204621,0.358590552099521
2017-05-30,0.039059957089,0.851351373893085,0.299852007124941
2017-05-31,-0.59217804383,0.80002221793947,0.446470119541084
2017-06-01,0.27494108399,0.772838353719208,0.404615007573882
2017-06-02,1.4819166992,0.790175338001682,0.409575433585279
2017-06-05,-0.97780636861,0.784827875026369,0.58510290423253
2017-06-06,0.33781589045,0.781071509489039,0.664592395041429
2017-06-07,0.59566202672,0.832790525344217,0.607511150464934
2017-06-08,-0.24457746031,0.888350346495896,0.506580873010098
2017-06-09,-3.8776695272,0.896789206602549,5.45174658226907
2017-06-12,-2.3895824943,0.889891058479423,6.5376216594584
2017-06-13,0.80456608448,2.33861274489284,1.01858104925556
2017-06-14,-0.97550992577,3.21931355896388,1.36992185028714
2017-06-15,-0.5993386606,2.29619289177261,1.55228131976098
2017-06-16,-1.3999584171,2.44541459260437,0.808145718050499
2017-06-19,2.8607577142,2.59870069585169,0.567919736139503
2017-06-20,-0.90884242181,1.95958474469143,0.81786541418472
2017-06-21,0.59306254734,1.24688649878058,0.594702842899134
2017-06-22,-0.1645300611,1.26530978822381,0.636074957034772
2017-06-23,0.44633660673,1.14092927912871,0.462888317673379
2017-06-26,-0.31446540888,1.04897654330623,1.26263306075203
2017-06-27,-1.4332738993,0.981434411391239,1.2720777474561
2017-06-28,1.4610728449,1.20452769264861,1.26758030022275
2017-06-29,-1.4743194131,1.2622559065673,2.21401172439559
2017-06-30,0.2366369712,1.34230076945341,0.734400517398627
2017-07-03,-0.36106096377,1.69319125684755,0.699508789484478
2017-07-05,0.41114982596,1.46533699290232,0.841588305060227
2017-07-06,-0.94385453558,1.39855153967132,0.942693233567045
2017-07-07,1.0159041547,1.37928729749696,0.587829533683361
2017-07-10,0.61034817609,1.36372969821323,0.556073414498934
2017-07-11,0.32400386044,1.11831335125944,0.588555225235101
2017-07-12,0.14430014435,1.09239225045361,0.6747513641534
2017-07-13,1.3928914506,1.08688535999391,0.688470612155951
2017-07-14,0.85944373004,1.05346298260471,0.469104904346702
2017-07-17,0.34889962426,0.990750434701739,0.694205433563448
2017-07-18,0.34768654732,0.93633430958453,0.496108254066235
2017-07-19,0.6263326226,0.986945479433248,0.471373248599406
2017-07-20,-0.45027148708,0.935625135388822,0.530644288865505
2017-07-21,-0.046561128238,0.906840824297898,0.623527537904731
2017-07-24,1.2111532575,0.898982104895878,0.447613849806745
2017-07-25,0.42737852582,0.931055041785743,0.613399353471839
2017-07-26,0.47138928876,0.872379921304767,0.442898632657326
2017-07-27,-1.8897432554,0.914413419008911,3.21421937358003
2017-07-28,-0.7040382573,0.882402115246357,0.638507406432996
2017-07-31,-0.51505016718,1.67508854387969,0.873012520058591
2017-08-01,0.88751428757,1.22099436778553,0.626119478435683
2017-08-02,4.7250916359,1.30637517299131,2.45363547136118
2017-08-03,-0.99910907447,1.25530203902423,1.14712813520785
2017-08-04,0.52709391257,1.80745514887232,0.991598086505628
2017-08-07,1.5474135176,1.35428962802264,0.400280305666272
2017-08-08,0.79969775197,1.36662862725286,0.994380060566748
2017-08-09,0.61219390318,1.20725933367175,1.25476777846306
2017-08-10,-3.1851898025,1.35460250483069,2.12131923016794
2017-08-11,1.3906773112,1.27352819452535,1.67492943718449
2017-08-14,1.50495301,1.54164240368111,0.616050672758856
2017-08-15,1.0947763529,1.54487045919374,0.641128032131702
2017-08-16,-0.40222772286,1.35992477218715,0.949449565932514
2017-08-17,-1.9198508853,1.32380923979871,1.62775977871374
2017-08-18,-0.22805017115,1.35143722841513,1.55123670743179
2017-08-21,-0.1841269841,1.43286756684437,1.48984216080231
2017-08-22,1.6347560588,1.41351317028075,0.602454502873077
2017-08-23,0.12517211162,1.5062705664096,0.597178264525629
2017-08-24,-0.44380547579,1.34028025485154,1.00954107464572
2017-08-25,0.37044013334,1.30144442860992,0.558025633753313
2017-08-28,1.0071312396,1.30936108622131,0.593082414134949
2017-08-29,0.89180652758,1.11628613859431,0.83286296264797
2017-08-30,0.2700877787,1.00748815765774,0.697572094359194
2017-08-31,0.39791857962,1.07832211955548,0.42872968337121
2017-09-01,0.030487804906,1.06447991651218,0.297392739201069
2017-09-05,-1.2008533984,0.95024642459121,1.22371319381183
2017-09-06,-0.10488647594,0.884017446444703,0.610112689736404
2017-09-07,-0.40145759976,1.12249570001269,0.91393717724871
2017-09-08,-1.6309066104,0.983172048913216,0.591100390091953
2017-09-11,1.8092416314,1.06545606517251,0.608114350010174
2017-09-12,-0.39628482964,1.02261719937023,3.47326185028234
2017-09-13,-0.75220688805,1.05756850593716,1.23039829827674
2017-09-14,-0.85812715306,1.8239676767422,0.491635696198208
2017-09-15,1.0108668181,1.4831818447084,0.662397682845348
2017-09-18,-0.75681761309,1.2971523494911,0.693513462111878
2017-09-19,0.037814331699,1.33664155864053,0.723276250154247
2017-09-20,-1.6758016757,1.35095940581625,1.67918577199506
2017-09-21,-1.7171781894,1.04424991530484,1.38697756148919
2017-09-22,-0.97789947195,1.26793457730674,1.40644417965389
2017-09-25,-0.88221739406,1.3153106107043,1.65381211043614
2017-09-26,1.7203586847,1.40638283077754,1.01763618860609
2017-09-27,0.71176701058,1.56472707475647,0.640004889679688
2017-09-28,-0.61596317182,1.48471279851861,0.468519972879294
2017-09-29,0.54801670158,1.30076929833004,0.737549403506378
2017-10-02,-0.20114196732,1.16583850502048,0.667686274295532
2017-10-03,0.43560236645,1.13898332353263,0.487256648742167
2017-10-04,-0.64733298814,1.01570192835021,0.611091184297734
2017-10-05,1.2444618191,0.923464657108334,0.435461619081112
2017-10-06,-0.057918784842,0.944142323565975,0.333046941057322
2017-10-09,0.34771410174,0.904208713928027,0.442624887219295
2017-10-10,0.038501026756,0.839230294337689,0.459637233669664
2017-10-11,0.41693393214,0.831266192193157,0.38162992216178
2017-10-12,-0.35132545518,0.830754158499751,0.487760464082465
2017-10-13,0.63461538466,0.790094891066055,0.315218324236902
2017-10-16,1.8408815846,0.796107302374469,0.437219954959389
2017-10-17,0.36902677002,0.75718302305458,0.450173712050252
2017-10-18,-0.44245030213,0.778052410122651,0.321879139859633
2017-10-19,-2.3660490736,0.77843441795936,1.05617554264669
2017-10-20,0.17309911509,0.746080237933793,0.505793743508093
2017-10-23,-0.051200000053,0.942495613544048,0.801733943741199
2017-10-24,0.59550489877,0.858739307147698,0.435764657524843
2017-10-25,-0.439210694,0.949966910732012,0.892133803485001
2017-10-26,0.63934531045,0.877812244907931,0.605778647928398
2017-10-27,3.5829998094,1.01986837166017,1.0213557563187
2017-10-30,2.2508432996,0.915820292881665,1.27220934750887
2017-10-31,1.3915547024,1.05033652264971,0.759165750440065
2017-11-01,-1.2718883106,1.15274399936787,1.37820473466881
2017-11-02,0.73102043261,1.09762383162451,1.5060772736888
2017-11-03,2.6113854025,1.26664569893528,2.09106663000869
2017-11-06,1.0144927535,1.39714870313831,0.740466908465352
2017-11-07,0.3213773316,1.62861121055926,0.752297473274067
2017-11-08,0.81803100493,1.32102633128365,0.527318062088142
2017-11-09,-0.2042669088,1.32419836528158,1.1641710329116
2017-11-10,-0.33095577755,1.18583743205471,0.490386935561796
2017-11-13,-0.40075571069,1.26400960441623,0.361915200209806
2017-11-14,-1.5117549002,0.966264619717843,0.686695047090735
2017-11-15,-1.3190148244,0.902164557165034,1.04213164745898
2017-11-16,1.1947007333,0.95085575088785,0.43361300938481
2017-11-17,-0.55523085921,1.07106028203551,0.657684521586995
2017-11-20,-0.099911842517,0.881850132080848,0.286091400603451
2017-11-21,1.8590422402,0.941651266195681,0.486912912556183
2017-11-22,1.0511724617,0.862157779062382,0.561397224499742
2017-11-24,0.005715592124,0.874051529779256,0.213785088413729
2017-11-27,-0.5029433617,0.831611578694736,0.636612737109918
2017-11-28,-0.58590384297,0.744928115035981,0.651944114680226
2017-11-29,-2.0743051945,0.814491692874618,2.38195888408264
2017-11-30,1.398395091,0.858757327502245,1.8415045159517
2017-12-01,-0.46552225767,1.37866271402176,2.47755920448723
2017-12-04,-0.73078047362,1.43381713470506,1.87029966160337
2017-12-05,-0.094228504167,1.80869747338893,1.52794514801036
2017-12-06,-0.37137467571,1.84566939132614,1.61271255969004
2017-12-07,0.18342109943,1.88527945020205,1.32702822981249
2017-12-08,0.029529884159,1.81064730165485,0.659024154729201
2017-12-11,1.9483970005,1.70820280151566,0.73346789025691
2017-12-12,-0.56176521684,1.38698476396271,0.417953994693747
2017-12-13,0.33197437388,1.27216806830271,0.64584503903748
2017-12-14,-0.029024206196,1.0883633616937,0.619370456118448
2017-12-15,1.0161421438,1.01921350282349,0.532016576331249
2017-12-18,1.4082887854,0.936398752477909,0.471311302535316
2017-12-19,-1.0656388165,0.906736367976495,0.612725914202741
2017-12-20,-0.10885756837,0.863399061420837,0.647637151961566
2017-12-21,0.37854889579,0.910289560261706,0.518280257793272
2017-12-22,0,0.91636020909116,0.309889824735062
2017-12-26,-2.5369978858,0.883262442190517,0.715605787896814
2017-12-27,0.01758808703,0.820806221952614,0.360243117442983
2017-12-28,0.28135990633,0.917845553227224,0.26675995955081
2017-12-29,-1.0813654432,0.82917704607559,0.323898020459641
2018-01-02,1.790462684,0.768176726476126,0.460431593355118
2018-01-03,-0.017415534694,0.75385775891689,0.591418205637877
2018-01-04,0.46449515175,0.781509973261794,0.68077134511518
2018-01-05,1.1385308906,0.780409625541333,0.393743619991726
2018-01-08,-0.37142857136,0.821205789028876,0.496635073025991
2018-01-09,-0.01147117864,0.777119139840278,0.421751873058511
2018-01-10,-0.02294498936,0.807574745216765,0.4669201625001
2018-01-11,0.5680188191,0.783556580606013,0.383144437631055
2018-01-12,1.0326335007,0.771925635823772,0.318119010414125
2018-01-16,-0.50821616132,0.722315623186567,1.0791603713739
2018-01-17,1.6516260855,0.699941825678788,1.24964160413841
2018-01-18,0.089335566736,0.897595046638428,1.0089673694619
2018-01-19,-0.44627914767,1.02351983212699,0.828794791026742
2018-01-22,-0.81811050095,1.04663072871649,0.550016605655282
2018-01-23,0.022598870055,1.06819287938252,0.937988080450323
2018-01-24,-1.5928603706,1.04845856419177,1.66104636953947
2018-01-25,-1.7850992996,1.10105175863118,1.2613715271065
2018-01-26,0.23376775171,1.27674309589225,0.768802538778954
2018-01-29,-2.0698501546,1.24188515433261,1.57900403573606
2018-01-30,-0.58942605374,1.15445500121106,1.62590798258584
2018-01-31,0.27549859242,1.41413797154448,1.45106434252472
2018-02-01,0.20904258508,1.50786938189881,1.45555797730878
2018-02-02,-4.3390153774,1.46190809132827,2.95506849873057
2018-02-05,-2.4984423677,1.49213551613088,10.1788616686122
2018-02-06,4.1791807784,2.01338476086456,13.5544343198797
2018-02-07,-2.1407102986,4.28665112976982,3.28751810685699
2018-02-08,-2.7516610256,6.28573238812854,5.21550419760652
2018-02-09,1.2231426352,4.75992705435541,9.96007363078749
2018-02-12,4.0278754555,5.54923661823095,3.04393404563465
2018-02-13,1.0017823122,7.20267303982304,1.74628242727589
2018-02-14,1.8437385907,5.22736694263543,1.39403195499962
2018-02-15,3.3578299575,3.67714014191167,1.80066107345899
2018-02-16,-0.32371813395,3.40878147341577,1.86450488298655
2018-02-20,-0.33636838125,3.09677381560335,1.52545762213124
2018-02-21,-0.4538842014,2.19682437616704,1.66857118009403
2018-02-22,0.83591512248,1.97071756056036,1.67388618155785
2018-02-23,1.7391304347,1.99159501559585,0.632086722134142
2018-02-26,1.9772079771,2.02854543491731,0.96825056657786
2018-02-27,-0.32407666095,1.71645406478337,1.28926356688847
2018-02-28,-0.15135377525,1.66562180737394,1.22638268283661
2018-03-01,-1.751628116,1.69400006533128,4.79558189599064
2018-03-02,0.69142857137,1.63839668422354,3.30931215039381
2018-03-05,0.34617785604,2.62188075729318,1.7613845408116
2018-03-06,-0.084832032644,2.67990115013663,1.29637363408212
2018-03-07,-0.928284372,2.50692607735918,1.16567562148892
2018-03-08,1.0912415015,2.42608213423549,0.894747528191718
2018-03-09,1.71809653,2.3854686984095,0.531833522929626
2018-03-12,0.96677408601,1.8415575105178,0.777184318650266
2018-03-13,-0.96302003094,1.38597906618314,1.69564998685227
2018-03-14,-0.85014169026,1.30204028052433,1.50762970731667
2018-03-15,0.11768661734,1.48334080326365,0.894281456692663
2018-03-16,-0.35264483622,1.43845796805544,0.572913879663627
2018-03-19,-1.5279182115,1.32048211126314,1.53714587758918
2018-03-20,-0.034227039305,1.26317730886805,1.01121516403857
2018-03-21,-2.2654645059,1.51410123831359,1.02966095961676
2018-03-22,-1.4129736674,1.34218333722761,2.72188090816827
2018-03-23,-2.3156647913,1.28620793794095,3.19943010592788
2018-03-26,4.7471807931,1.78962553416907,2.17551225233865
2018-03-27,-2.564102564,2.17593996867631,4.22818097975557
2018-03-28,-1.1049067364,2.07543577079101,6.11731253852589
2018-03-29,0.7808745795,2.81379375280319,2.8758297511824
2018-04-02,-0.65562045538,3.74406394589222,3.89308802362885
2018-04-03,1.0259179266,3.21881063319111,3.45188887038425
2018-04-04,1.9122275669,3.4878588604772,3.35149358708816
2018-04-05,0.69343278374,3.55009042283407,1.76911614684315
2018-04-06,-2.5578703705,3.43298192361859,3.40940593963038
2018-04-09,0.99180425241,2.67066444759896,1.64437709585384
2018-04-10,1.8817994707,3.02266223358685,1.77536223627476
2018-04-11,-0.46753246761,2.47001972883919,1.22441938514234
2018-04-12,0.98585015094,2.30689769756626,0.945606372552437
2018-04-13,0.33880785577,1.96897385785131,1.1521352244805
2018-04-16,0.62381960743,1.82909673244951,0.596479763370106
2018-04-17,1.3764076895,1.6054234551822,0.538974557688292
2018-04-18,-0.22441651699,1.38489630965078,0.724619129038556
2018-04-19,-2.8340080971,1.22983321839279,0.930489844848197
2018-04-20,-4.0972222223,1.20592347029904,1.87335901384622
2018-04-23,-0.28964518469,1.23697197812508,1.0962961451219
2018-04-24,-1.3919147906,1.48617896110149,2.34279773884032
2018-04-25,0.43574321844,1.41029150839299,1.85190519412936
2018-04-26,0.34830430795,1.82700806927295,1.01104110458052
2018-04-27,-1.156984533,1.86168619687605,1.75640492285923
2018-04-30,1.8112370626,1.71971476758625,2.27017078115952
2018-05-01,2.3236112793,1.82003561753893,1.61931001781881
2018-05-02,4.4175044353,2.0176941897679,1.97543172111492
2018-05-03,0.18123123955,1.81539329586503,1.7784850817003
2018-05-04,3.9233421903,1.87876270524865,1.21296918191264
2018-05-07,0.72349453294,1.92087344742857,1.44400007335953
2018-05-08,0.48066537056,1.74911076073214,1.23282603976797
2018-05-09,0.70411179804,1.69255977133526,0.552094305178248
2018-05-10,1.4304013663,1.5993254595194,0.6185174668696
2018-05-11,-0.38032856155,1.31440390332812,0.636731562210886
2018-05-14,-0.23331035591,1.18746523379079,0.540487739146635
2018-05-15,-0.90884932233,1.12044133906663,1.03466361129943
2018-05-16,0.93327612085,0.997572920441999,0.569177209243529
2018-05-17,-0.63237325958,1.05858688089696,0.616361702909129
2018-05-18,-0.36365581045,0.978493988688355,0.708281604485753
2018-05-21,0.70849659151,0.987384656288296,0.561067915003466
2018-05-22,-0.25049299156,1.01188578922799,0.436698675260924
2018-05-23,0.64116264184,0.987312602961536,0.729204418406326
2018-05-24,-0.11148863886,0.889417558521898,0.824068785997343
2018-05-25,0.22854105773,0.95344025842153,0.550178907748848
2018-05-29,-0.36058967025,0.98384627108896,0.989270941029657
2018-05-30,-0.21287919108,0.911509714414085,0.448209513260885
2018-05-31,-0.33599999988,1.03551661880211,0.634974996476585
2018-06-01,1.8033927328,0.936973936933712,0.398954352135778
2018-06-04,0.83578637514,0.948422512034397,0.643074910150482
2018-06-05,0.77151644691,0.852730831414723,0.63666245172899
2018-06-06,0.34659355442,0.896943154875783,0.489506473676948
2018-06-07,-0.26806887299,0.848839922401478,0.693417785167456
2018-06-08,-0.90974878531,0.824148790513842,0.71387360124419
2018-06-11,-0.24517475213,0.861563133408576,0.379956096815473
2018-06-12,0.54907702761,0.897502726438896,0.344719702625873
2018-06-13,-0.82171832746,0.809294556159432,0.608997779579612
2018-06-14,0.052438384955,0.768882727455361,0.51093100978599
2018-06-15,-1.0272536687,0.827210613868236,0.685651368431692
2018-06-18,-0.052954882449,0.789380071402872,0.566732388233359
2018-06-19,-1.6159796547,0.813596383977108,1.0272205326164
2018-06-20,0.43621088917,0.815006933042585,0.438828340456378
2018-06-21,-0.55764075069,0.973702185420346,0.950911303314979
2018-06-22,-0.29116790683,0.852469787306138,0.550655657084677
2018-06-25,-1.4871295694,0.992149852941238,1.81137109499048
2018-06-26,1.2405994401,0.909729069543386,1.09288912944483
2018-06-27,-0.14639700703,1.27278763009805,1.16222690115455
2018-06-28,0.72762814943,1.15967284284109,1.23205350018899
2018-06-29,-0.21024258749,1.25758772716567,2.8620603362201
2018-07-02,1.1182540109,1.30377170691066,0.80062525251293
2018-07-03,-1.7416390639,1.85870247157834,0.817207423097817
2018-07-05,0.80469769473,1.3929676317055,0.680338029584211
2018-07-06,1.3861920173,1.3665480051014,0.492510559971691
2018-07-09,1.3885194447,1.28735460161301,0.43052785563968
2018-07-10,-0.12068422711,1.16916891564969,0.445004726367228
2018-07-11,-1.2976096665,0.880726310287186,0.792582154818307
2018-07-12,1.6766020864,0.839576416036887,0.443909205037087
2018-07-13,0.15704339639,0.891863522811092,0.384913848470319
2018-07-16,-0.21951601966,0.804054300737266,0.434024530469322
2018-07-17,0.2828557961,0.78180296068415,0.486570684092494
2018-07-18,-0.54844606957,0.789242627100193,0.585246991478133
2018-07-19,0.77731092442,0.802889757405061,0.700743946552475
2018-07-20,-0.22930998539,0.794306126521186,0.580863923157193
2018-07-23,0.088800668709,0.839235124995693,0.467270777285753
2018-07-24,0.7254318667,0.835887800862317,0.599952122164032
2018-07-25,0.9430051814,0.820489813430464,0.434693498534097
2018-07-26,-0.31310953709,0.850720589747815,0.872406130006876
2018-07-27,-1.6631481385,0.806785069747827,1.10408406276494
2018-07-30,-0.56026809098,0.887024470258389,0.760466891684309
2018-07-31,0.20009478194,0.98205567906803,1.00597113421733
2018-08-01,5.8910084608,0.962482823399017,2.46070813562844
2018-08-02,2.9230769231,1.04546026054971,1.91785501553527
2018-08-03,0.28930999579,1.48566254958675,1.11025059970154
2018-08-06,0.51925573334,1.55049400504611,0.621216078235722
2018-08-07,-0.93748505287,1.41987349796394,0.50962184699238
2018-08-08,0.067596929148,1.32167697032222,0.930673157366075
2018-08-09,0.78648974668,1.21419670094102,0.617215626712767
2018-08-10,-0.29786211862,1.14822882237804,0.744324884262853
2018-08-13,0.64568977978,0.981117042855933,0.952795928839408
2018-08-14,0.42131469327,0.998423254792214,0.658940784024503
2018-08-15,0.23361144231,1.06645576412259,0.815854612156829
2018-08-16,1.4649923896,1.12779809763536,0.523580193348525
2018-08-17,1.9969998126,1.09912430485379,0.810882412055708
2018-08-20,-0.9743542606,1.04277913189843,0.896551296147993
2018-08-21,-0.19493177388,1.12460950562624,0.732788677804665
2018-08-22,0.0046502977057,1.21138474848841,0.880022171853074
2018-08-23,0.20460358064,1.15219284654277,0.546697842758898
2018-08-24,0.31091930014,1.19486270275229,0.416969329583282
2018-08-27,0.82346410054,1.0848033362311,0.462294976878944
2018-08-28,0.80756171428,1.04654309752329,0.414766223250935
2018-08-29,1.4929449249,1.06747494077975,0.423797158554073
2018-08-30,0.91936496538,1.05228061910122,1.72035956211084
2018-08-31,1.155401502,1.03748163290166,1.30584422086173
2018-09-04,0.32069586614,1.43378872207633,1.23607212713049
2018-09-05,-0.65247854263,1.32765228245669,1.79957456291291
2018-09-06,-1.6617446115,1.28976330007319,2.59937169955887
2018-09-07,-0.80681308827,1.4731323884319,2.86647829995766
2018-09-10,-1.3420695888,1.73192823188663,2.34426488144049
2018-09-11,2.5282828747,1.82820557167703,1.63857728356966
2018-09-12,-1.2419030601,1.6845166274687,4.52152096915659
2018-09-13,2.4155244944,1.50269081167965,2.02283699100954
2018-09-14,-1.1351088732,2.40204408898006,1.89433122234309
2018-09-17,-2.6626161544,1.69951904756809,1.95864786015223
2018-09-18,0.16522856622,1.67773236374171,1.42351627371509
2018-09-19,0.059567448625,1.71252093779596,1.69668045395793
2018-09-20,0.76017768006,1.59419030440545,1.30622401080076
2018-09-21,-1.0771258466,1.67195233956153,1.03375309618743
2018-09-24,1.4380226041,1.56339283210676,0.948141697540544
2018-09-25,0.63408668866,1.48567122242602,1.02350220028736
2018-09-26,-0.79661550926,1.45670186606416,1.11153403687402
2018-09-27,2.0551674077,1.49181024768931,0.894416634987503
2018-09-28,0.35118915312,1.52975046709076,0.689765878313643
2018-10-01,0.67334101186,1.47513146569407,0.59464186737508
2018-10-02,0.88884977558,1.42298709981142,0.919209077848093
2018-10-03,1.2168527564,1.39691568607982,1.07217428734803
2018-10-04,-1.7580902315,1.47044615307519,2.09561396324835
2018-10-05,-1.6228781964,1.51019257718693,2.2034738096136
2018-10-08,-0.23184270358,1.82244858027887,2.98244182630827
2018-10-09,1.3853510301,1.86643482834764,2.50458306529815
2018-10-10,-4.6326089831,2.1052329772268,4.25179371889906
2018-10-11,-0.8827879461,1.97418895266543,10.1792473056494
2018-10-12,3.5719281885,2.52043528772198,3.95862948045083
2018-10-15,-2.1385799829,4.37553836592241,2.56519768477271
2018-10-16,2.2037173352,2.61132536029793,1.44933969165391
2018-10-17,-0.43214044563,2.21975710983341,2.08196144247694
2018-10-18,-2.3373570234,1.89141787795399,2.79475943001276
2018-10-19,1.5230071289,2.05946332711131,2.41854760900432
2018-10-22,0.61100724997,2.23688522935613,2.22463328732258
2018-10-23,0.94266938595,2.1309720625504,3.76718830593334
2018-10-24,-3.4301620796,2.0897974094171,4.84812429905845
2018-10-25,2.1897810218,2.58540862785306,2.93521348738645
2018-10-26,-1.5923566878,2.96555959124424,5.79692816029154
2018-10-29,-1.8770226538,2.45475618638147,6.16131302743475
2018-10-30,0.49943460235,3.36357982626101,6.96008702338906
2018-10-31,2.6066572902,3.57313015214183,1.75996943241796
2018-11-01,1.5352279996,3.91211292361145,2.39391928989428
2018-11-02,-6.6330663307,2.43111477247526,6.64226797779821
2018-11-05,-2.8388278389,2.63929910948366,2.89159586108951
2018-11-06,1.0814028474,3.93877268459358,1.4207942993735
2018-11-07,3.0328311332,2.86141018985674,1.05387997782273
2018-11-08,-0.34891501764,2.39604346187344,1.25406852276563
2018-11-09,-1.9281500312,2.25676265921591,1.20055380553552
2018-11-12,-5.0374138014,2.28273037932882,2.58215346956713
2018-11-13,-0.99912447859,2.19291470471826,5.0028535210371
2018-11-14,-2.8247411954,2.4725599802897,4.28978791096033
2018-11-15,2.4678800855,3.19511298117139,3.92804075970412
2018-11-16,1.1075701375,3.03457365387925,2.5278758736013
2018-11-19,-3.9632098383,2.97037788382609,3.07784146463312
2018-11-20,-4.7777897343,2.5801850788621,6.884968258592
2018-11-21,-0.1130071193,2.74097615137679,2.96914645098301
2018-11-23,-2.539880077,3.89074877526954,1.55758303480271
2018-11-26,1.3523710024,2.7704305431402,2.48726595653388
2018-11-27,-0.21761539347,2.32481780432579,2.76832300579866
2018-11-28,3.8452708906,2.55397404303553,2.45623176797756
2018-11-29,-0.76821045659,2.63157647103846,2.34407294075007
2018-11-30,-0.54023948751,2.47431550685944,1.40185166294491
2018-12-03,3.4942322769,2.38454313407468,1.77992927706674
2018-12-04,-4.3988745808,2.03613805331449,2.96570688225452
2018-12-06,-1.1149470824,2.13899206689131,4.58952220396144
2018-12-07,-3.5657051281,2.48562235807036,3.28301580334074
2018-12-10,0.65879280664,2.92580221454117,5.95925943794732
2018-12-11,-0.57193396233,2.56673008654808,3.58404581572173
2018-12-12,0.27871671718,3.41250202269141,2.03615232490283
2018-12-13,1.0940272026,2.78341916918522,2.99072738653019
2018-12-14,-3.1997660134,2.34862483629231,2.76055418493176
2018-12-17,-0.93062605756,2.63456198812985,3.23301262292051
2018-12-18,1.2992558253,2.56502628445956,2.31145080575365
2018-12-19,-3.1191666167,2.66096323705677,6.90349466356742
2018-12-20,-2.5234632357,2.36686405173677,6.32030888190517
2018-12-21,-3.889561946,3.73214542252743,6.5144872452761
2018-12-24,-2.587407948,3.63769881606683,5.64094441502004
2018-12-26,7.0421575972,3.75737633613936,5.19961640955188
2018-12-27,-0.64897881284,3.50189071039638,6.06278944156113
2018-12-28,0.051232789156,3.42392060391308,4.21704624854127
2018-12-31,0.96652371503,3.71940764223006,2.64643912098624
2019-01-02,0.11411182968,3.20383128892599,2.96796190628842
2019-01-03,-9.9607396151,2.72363979614571,5.31212213196028
2019-01-04,4.2689359308,2.80583540292401,3.03340300427002
2019-01-07,-0.22258195077,3.49582898578602,3.42797939946646
2019-01-08,1.9063070373,2.8621114950348,1.61468416672328
2019-01-09,1.6981757877,2.98174301295218,3.32808666523885
2019-01-10,0.3196138543,2.42471628161255,1.55151306056923
2019-01-11,-0.98179453835,2.87913051724716,1.03567907945153
2019-01-14,-1.5037100269,2.34259070044801,1.4360279557986
2019-01-15,2.0466666667,2.1227026182667,1.38349288536725
2019-01-16,1.2216632913,2.19751366248865,1.30284727261266
2019-01-17,0.59377823673,2.17135659327517,1.99363171925837
2019-01-18,0.61593737973,2.11813158535257,1.26127338538862
2019-01-22,-2.2446116567,2.29829046003774,1.90768691712247
2019-01-23,0.4044357469,2.05571145160047,1.5120085496989
2019-01-24,-0.7926195427,2.2289746002973,1.15678076387714
2019-01-25,3.3136869679,2.05657376240945,1.07025992944607
2019-01-28,-0.92545638936,1.89123854411052,1.79477883072915
2019-01-29,-1.0364683302,1.79785810643898,1.73068340686268
2019-01-30,6.8334626327,1.95314075442454,3.44426101622218
2019-01-31,0.72012102883,1.89469049686695,1.76244103110868
2019-02-01,0.048065368901,2.35206412295952,1.23679144021488
2019-02-04,2.8404996398,1.85097082906798,1.1050160373991
2019-02-05,1.710948905,1.68703827375902,1.35504657759253
2019-02-06,0.034447123835,1.62605792521847,1.17375348682764
2019-02-07,-1.893939394,1.64828341552499,1.5856234301965
2019-02-08,0.11750190933,1.56913580505005,1.35632746969986
2019-02-11,-0.57508362188,1.66267090660318,1.21154742443181
2019-02-12,0.86171280182,1.59546652069205,0.643184492288017
2019-02-13,-0.41547194096,1.53003430124307,0.986335434148686
2019-02-14,0.36432013167,1.35755383108793,1.1095153266523
2019-02-15,-0.22248243558,1.45280490587791,1.06164894683505
2019-02-19,0.29926065017,1.4821125796332,0.788246436398374
2019-02-20,0.64353829057,1.46349908371463,1.20564213735001
2019-02-21,-0.56385514154,1.37919537206389,0.786148569868025
2019-02-22,1.1165672864,1.48887023279374,0.573626936811076
2019-02-25,0.72845002014,1.36419320243631,0.639865616753606
2019-02-26,0.057395397016,1.28674825549354,0.705443655027005
2019-02-27,0.30975735681,1.29326094811948,0.933711587876432
2019-02-28,-0.98358780824,1.30532599357955,0.631162263297965
2019-03-01,1.0511117529,1.36666975097584,0.707052369053567
2019-03-04,0.50294336179,1.26758495813274,1.41555653965053
2019-03-05,-0.18197327263,1.27770841054226,0.772839242932382
2019-03-06,-0.57540021662,1.45571315893155,0.629005270315949
2019-03-07,-1.157460463,1.26363703551674,1.16781090393583
2019-03-08,0.23768115952,1.21534628232308,1.19708925525377
2019-03-11,3.4642299463,1.36910377368152,0.721572878456242
2019-03-12,1.1235326998,1.37671049770998,0.882719534923748
2019-03-13,0.44220883319,1.23538902769916,0.925414439260277
2019-03-14,1.1116614385,1.27272842066937,0.71105638773114
2019-03-15,1.3008218582,1.28018898231623,0.770942533557473
2019-03-18,1.0208467655,1.21259392681678,0.711213298053234
2019-03-19,-0.79246888627,1.22908000923663,1.07685073358366
2019-03-20,0.87385407169,1.20901642142747,1.56968315347144
2019-03-21,3.6830357145,1.31212489459111,1.31799028501037
2019-03-22,-2.0708391,1.45828544537418,2.97166877245756
2019-03-25,-1.2091075634,1.39625457827515,4.05819476423502
2019-03-26,-1.0331673201,1.88920830991468,2.87262928491904
2019-03-27,0.89940574981,2.24240910004085,2.26445927245225
2019-03-28,0.1326471056,1.94061843711669,1.14414154652058
2019-03-29,0.65175922009,1.78953672643935,0.796145541331909
2019-04-01,0.67912608592,1.4781118013807,1.34501378221783
2019-04-02,1.45367078,1.37148667189818,0.741355358518365
2019-04-03,0.6854963407,1.52469695188967,0.935952464976507
2019-04-04,0.17404658302,1.34853696650583,0.810024243500399
2019-04-05,0.66942613321,1.39360672057025,0.51753128702607
2019-04-08,1.573604061,1.3570341967435,0.75481341664707
2019-04-09,-0.29985007504,1.27246500996716,1.18619359955167
2019-04-10,0.5614035088,1.33261060353163,0.828891055356795
2019-04-11,-0.8324194996,1.45464768132591,0.599522284034984
2019-04-12,-0.040211108353,1.35393310892129,0.99745579799589
2019-04-15,0.18102277863,1.28547445762518,0.571334761276928
2019-04-16,0.010038648906,1.39916930767544,0.917866215640634
2019-04-17,1.9473023838,1.27675923476864,1.25255149338722
2019-04-18,0.3593757694,1.37509767557765,0.650358632847205
2019-04-22,0.32865692137,1.47591883486553,0.57839626803011
2019-04-23,1.4423311985,1.30183497315832,0.443904519293028
2019-04-24,-0.15423173318,1.26802395255548,0.623948356684434
2019-04-25,-0.90751110256,1.2200558546492,0.772654730916546
2019-04-26,-0.47739672636,1.24368439789266,1.06557823122013
2019-04-29,0.15173764077,1.24709839226659,0.507617920354324
2019-04-30,-1.925614584,1.31008569144555,1.71971397286952
2019-05-01,4.9085563363,1.13389139228089,2.44292527117417
2019-05-02,-0.65076952324,1.48610496546559,2.18693682581611
2019-05-03,1.2431269426,1.71420228709461,0.522056724137969
2019-05-06,-1.544273908,1.65549840391206,1.36571800716153
2019-05-07,-2.6957022255,1.18304991013863,2.78160899598697
2019-05-08,0.019718031945,1.42893987645749,2.38025551038813
2019-05-09,-1.0744208969,1.8529421329063,4.20804342872891
2019-05-10,-1.3853463366,1.76165024348715,4.75067928736961
2019-05-13,-5.8119484735,2.32250466249183,5.49151859242169
2019-05-14,1.5830282146,2.53087291365269,2.58449402941335
2019-05-15,1.1979221881,2.80449043032923,1.50040119112415
2019-05-16,-0.43997485845,2.00612295125093,1.44018341721842
2019-05-17,-0.56818181829,1.70278526380122,2.86768653556703
2019-05-20,-3.126984127,1.68658266842102,3.13917754387772
2019-05-21,1.9170899557,2.10434059711442,1.14262474468339
2019-05-22,-2.0471596999,2.19258371667622,1.53575873320112
2019-05-23,-1.7069701281,1.63102306203601,2.07286666686716
2019-05-24,-0.38405877758,1.75183290217252,1.07898916505001
2019-05-28,-0.41347711913,1.9227981289338,2.18855615379848
2019-05-29,-0.47691185546,1.64137921640317,1.75333294626931
2019-05-30,0.51866050289,1.96593279120521,1.19175460970182
2019-05-31,-1.8115535614,1.8525850128189,1.3937964577001
2019-06-03,-1.0110241617,1.70055800575153,10.6972162670981
2019-06-04,3.6583958454,1.75640127546505,1.48176236478229
2019-06-05,1.6143397908,4.49155137906945,2.19837638801161
2019-06-06,1.4681713596,1.89462930928929,1.29824640538662
2019-06-07,2.6616996005,2.11533666104267,1.53350399613206
2019-06-10,1.2779384697,1.86203339151261,1.58774262528448
2019-06-11,1.1579603281,1.91490443853347,1.51338959288139
2019-06-12,-0.31825881624,1.88954946869939,0.990587766206616
2019-06-13,-0.020598383071,1.83889927975947,1.11183688789165
2019-06-14,-0.72624259592,1.64657136077393,0.943730273105104
2019-06-17,0.59665871122,1.63172330823568,0.670687983468335
2019-06-18,2.3518489865,1.56423917984069,1.51799392302213
2019-06-19,-0.29226505403,1.47528989638907,1.46426739316188
2019-06-20,0.80355789141,1.71407166861791,0.861529860058307
2019-06-21,-0.34092048527,1.68507486106643,0.697994397371143
2019-06-24,-0.10061374387,1.48965466914783,0.498209740699316
2019-06-25,-1.5157619095,1.4377383858364,1.07718969165705
2019-06-26,2.1629084215,1.36980236138482,0.8302141554538
2019-06-27,-0.030030030121,1.5199893907482,0.471860599937116
2019-06-28,-0.91118453993,1.44541887326806,0.711877037500728
2019-07-01,1.8340743734,1.32445803317207,0.954997958082256
2019-07-02,0.58546266446,1.38052229130966,0.599448684599422
2019-07-03,0.82868840327,1.44764432032547,0.231909301648783
2019-07-05,-0.088058314122,1.33649956630895,0.467471898955938
2019-07-08,-2.0614013611,1.11613646336799,0.830855364025716
2019-07-09,0.60993900606,1.17121029016767,0.627767292190451
2019-07-10,0.98886901214,1.25798900967884,0.676824400934534
2019-07-11,-0.72823894106,1.19201066559864,0.506840213459108
2019-07-12,0.7682775713,1.19652055849451,0.360278050315487
2019-07-15,0.93949827824,1.13781754704007,0.554119800573794
2019-07-16,-0.34598703751,1.08362339973834,0.463973627646781
2019-07-17,-0.56234718832,1.13128145435561,0.444722694222021
2019-07-18,1.1359724611,1.09783884148753,0.626490840136777
2019-07-19,-1.4927550325,1.08609955548319,0.893980361645649
2019-07-22,2.2854040179,1.13709306899549,0.531181729403157
2019-07-23,0.7817778207,1.20714883011847,0.541612656313423
2019-07-24,-0.081402030355,1.09464453570491,0.495246295001634
2019-07-25,-0.79072219278,1.09359094231092,0.840042713062648
2019-07-26,0.34779248381,1.07868679576021,0.743897605883328
2019-07-29,0.9338596321,1.1798497694113,0.606280451569427
2019-07-30,-0.42922548646,1.14836969317936,0.760635971012887
2019-07-31,2.0404253281,1.10699912137672,5.47368802176918
2019-08-01,-2.1639128802,1.15670488121621,5.85536354593233
2019-08-02,-2.1158182602,2.55437026383739,3.28238620248356
2019-08-05,-5.2347809038,2.73480809635503,2.91327545103867
2019-08-06,1.8930381711,2.05013736433849,2.51116510764508
2019-08-07,1.0355329949,1.98423249423029,2.67325898644232
2019-08-08,2.2055868167,1.90080612736992,0.970240578501456
2019-08-09,-0.82404026443,1.95506167718457,1.68640475283014
2019-08-12,-0.25374396728,1.46153582186155,1.43171100237134
2019-08-13,4.2348363926,1.66815227408345,7.972524288868
2019-08-14,-2.9765038043,1.6039067191908,3.05612863348303
2019-08-15,-0.49815043158,3.54634260562956,2.91744257692636
2019-08-16,2.3594725884,2.19344411605909,1.01873879480611
2019-08-19,1.8644067797,2.18808845601733,0.61385734091841
2019-08-20,0.004753981375,1.65734575001167,1.05132044842025
2019-08-21,1.0838562463,1.54008338031165,0.621350329611942
2019-08-22,-0.084650112785,1.63909244306866,0.908590210145389
2019-08-23,-4.6220465028,1.50993084590025,4.60851770678978
2019-08-26,1.8999210422,1.58872282717803,1.45354786305787
2019-08-27,-1.1283839411,2.68588447283402,1.56277351892011
2019-08-28,0.67104231985,1.80847359626704,0.948760732595483
2019-08-29,1.6931834769,1.84900579739175,1.03861487546206
2019-08-30,-0.12918042203,1.68117869132577,1.15367433242867
2019-09-03,-1.4563571907,1.70945585646256,1.14354630697307
2019-09-04,1.6966456004,1.6811657164321,0.364937979499523
2019-09-05,1.9551603806,1.62461274828842,0.594102477880473
2019-09-06,-0.0093773443041,1.36935490444797,0.61574481561547
2019-09-09,0.42670918119,1.40617432097911,0.852558219891838
2019-09-10,1.1813045712,1.3885854076536,2.05543040548577
2019-09-11,3.1795108445,1.43446918433491,1.37224132831638
2019-09-12,-0.22585983279,1.78731648438498,1.56782911775844
2019-09-13,-1.9432055045,1.59568326635376,1.71944422871031
2019-09-16,0.52571428569,1.65575316529935,0.854668646290605
2019-09-17,0.36380172824,1.63419479907351,0.514695798544407
2019-09-18,0.93792478474,1.36709913191781,1.44254099171575
2019-09-19,-0.81249719442,1.24006072040405,0.778131598106498
2019-09-20,-1.4618030412,1.50540182755243,1.85937733872119
2019-09-23,0.45469159049,1.31828475449393,0.797689075613594
2019-09-24,-0.47549378205,1.63106326781586,2.47885577151577
2019-09-25,1.5389562661,1.33539928358879,1.2036754570504
2019-09-26,-0.51576709056,1.83146521347271,0.948596913582984
2019-09-27,-0.48660693974,1.43508125971229,1.50612075999321
2019-09-30,2.3535325838,1.35894764840953,0.765718250025598
2019-10-01,0.27682278887,1.51357731785276,1.64158595451106
2019-10-02,-2.5067901511,1.30392677374693,1.42741725043514
2019-10-03,0.84947022297,1.55380512271049,2.8527768775167
2019-10-04,2.8031881169,1.49822953831369,0.993728155362837
2019-10-07,0.022025461476,1.9233575212308,1.31190370182898
2019-10-08,-1.1714965209,1.40673175138554,2.459488399693
2019-10-09,1.1720142604,1.50611741236981,0.681374392473275
2019-10-10,1.3478394925,1.85078198945033,1.01446784627618
2019-10-11,2.6598287626,1.34593326662221,0.929770270190597
2019-10-14,-0.14393971469,1.42116996147861,0.832848404162555
2019-10-15,-0.23317929363,1.39189800726806,0.545399202237757
2019-10-16,-0.40370559245,1.35457848624966,0.66149771676483
2019-10-17,0.38827494991,1.25415535445466,0.572857015710323
2019-10-18,0.48027881676,1.28427496856472,0.665590610202253
2019-10-21,1.7342751999,1.25815008176693,0.6734276393864
2019-10-22,-0.2286807201,1.27456750951305,0.550650095662569
2019-10-23,1.3418903151,1.27486091029904,0.666039252647467
2019-10-24,0.16448721126,1.22591510004242,0.644407732795502
2019-10-25,1.2316282124,1.25667191608176,0.415670861445211
2019-10-28,1.0017033012,1.23032766248917,0.419701338178203
2019-10-29,-2.3127885966,1.15642842439942,1.39718433555215
2019-10-30,-0.012330963181,1.15134695052544,1.15146534701748
2019-10-31,2.2609553565,1.42741578833901,2.39510681586842
2019-11-01,2.8380768612,1.36488868506894,0.766415996117225
2019-11-04,0.65671175034,1.72806933299562,0.819421032511545
2019-11-05,-0.14368932043,1.26481201921752,0.476086040343257
2019-11-06,0.042779916839,1.25859981558562,0.570613980218082
2019-11-07,1.1541310876,1.15327737960281,0.585144167824236
2019-11-08,0.27367690709,1.16945016176721,0.498632828240487
2019-11-11,0.79188129475,1.14619789903334,0.498670177079466
2019-11-12,-0.091533180967,1.11843875228151,0.492854634529879
2019-11-13,0.95816155153,1.11155235029344,0.856745272842611
2019-11-14,-0.69194993757,1.10507244936124,0.800079176750517
2019-11-15,1.1879378615,1.20806771464033,0.473308227803519
2019-11-18,0.50421432898,1.19507255767445,0.465522214828352
2019-11-19,-0.303257207,1.1009961128443,0.572546278456408
2019-11-20,-1.164144354,1.0972379357985,1.5542347475092
2019-11-21,-0.4483453019,1.12684500034949,0.666112445458832
2019-11-22,-0.087782909031,1.41392265087156,0.539096291287745
2019-11-25,1.7533807015,1.16443898565881,0.331425354266016
2019-11-26,-0.78086871645,1.12572928623338,0.737276714661825
2019-11-27,1.3432214611,1.06324359034449,0.257335304193556
2019-11-29,-0.22028076464,1.17834366313097,0.281566668379341
2019-12-02,-1.156220767,1.03463403413707,1.14550877595511
2019-12-03,-1.7830102967,1.02772777443366,1.34130801726773
2019-12-04,0.88263634607,1.27031018794587,0.523119854612462
2019-12-05,1.4671047604,1.31503250550174,0.540897146645622
2019-12-06,1.9316213569,1.08319381294837,0.37051774059479
2019-12-09,-1.4000221639,1.08526520162359,0.732745868460521
2019-12-10,0.58444477745,1.03650299621797,0.965131763091799
2019-12-11,0.85294994024,1.13816138229161,0.496459947577828
2019-12-12,0.25482882156,1.20591855314499,1.88669554900737
2019-12-13,1.3593162897,1.07553462354044,1.56549845050013
2019-12-16,1.7117935671,1.48267323894822,0.480286635810754
2019-12-17,0.19652683495,1.40765400778492,0.541383882174435
2019-12-18,-0.23893584403,1.0996160151866,0.393485821194616
2019-12-19,0.10009294346,1.11219388649766,0.411008288597999
2019-12-20,-0.20712806236,1.06937068102886,0.434896187448872
2019-12-23,1.6318350989,1.06979965495148,0.419789193009783
2019-12-24,0.095070422503,1.07200306421597,0.253704910963871
2019-12-26,1.9840292682,1.05416570754397,0.284752167104538
2019-12-27,-0.037942810104,1.00198879092916,1.23912677045887
2019-12-30,0.59351276759,1.00773022880228,1.37569982245269
2019-12-31,0.73065312845,1.28644225376487,0.857137034313854
2020-01-02,2.2816277882,1.33382581200882,0.793854615399559
2020-01-03,-0.97219910094,1.19696220988015,1.27109611973399
2020-01-06,0.79682614378,1.18659887786013,0.756112266358245
2020-01-07,-0.47031354234,1.32319188294186,0.821685362932217
2020-01-08,1.6086329972,1.17173121028318,0.90707483608641
2020-01-09,2.1240806096,1.19240030896411,1.18275308458388
2020-01-10,0.22607628453,1.22086699114125,1.15291356956378
2020-01-13,2.1364354076,1.30790984627595,0.545190103983483
2020-01-14,-1.350328117,1.30406142796048,1.95462500230201
2020-01-15,-0.42855315351,1.12986789234966,1.15994570129185
2020-01-16,1.2526498364,1.54235996357837,0.603514183311224
2020-01-17,1.1070930084,1.3119899648457,0.524712202465751
2020-01-21,-0.67768958061,1.14432163393121,0.627579865489127
2020-01-22,0.35695106944,1.12162532795567,0.545655453546536
2020-01-23,0.4815864022,1.15143120541373,0.720997973336063
2020-01-24,-0.28819346562,1.12751462158763,1.34203836613394
2020-01-27,-2.9405296723,1.17944776135806,2.45930586393298
2020-01-28,2.828936721,1.36554074983713,0.921591912126696
2020-01-29,2.0932355441,1.70464964987576,2.34419397124275
2020-01-30,-0.1449096625,1.28461273828998,1.63889202013509
2020-01-31,-4.4338777907,1.70912009301371,3.75544232037638
2020-02-03,-0.27462763701,1.52032740114631,2.88941033422773
2020-02-04,3.3013672002,2.1441202304268,1.16453977387616
2020-02-05,0.81543045308,1.92684055012196,1.53718604483873
2020-02-06,1.1696997977,1.45041398864671,0.838704608696715
2020-02-07,-1.3592651953,1.55532587176341,1.46247145469169
2020-02-10,0.47495547296,1.36020805548396,1.47519312179233
2020-02-11,-0.60332763178,1.53716963988399,0.982739846418774
2020-02-12,2.3747692501,1.54425226942946,0.646678160398282
2020-02-13,-0.71210268952,1.40424713170714,1.19877078880826
2020-02-14,0.024625234801,1.30305756915163,0.651502141282141
2020-02-18,-1.8310509309,1.46545284230294,1.42795900791889
2020-02-19,1.4482758621,1.29634547025899,0.461140584410186
2020-02-20,-1.0258945677,1.51588628950056,1.3913872549185
2020-02-21,-2.2635029659,1.24274528151764,2.000644001783
2020-02-24,-4.7500399297,1.51401808487307,18.1989710241683
2020-02-25,-3.3872157758,1.70878158414468,6.59842531920189
2020-02-26,1.5863648987,6.47368395141728,7.24698925044744
2020-02-27,-6.5368187255,3.3164287135335,13.3396969228158
2020-02-28,-0.058496636484,3.60911261251455,35.4568026293769
2020-03-02,9.3100673104,5.66670829813158,9.77841498260535
2020-03-03,-3.1759311937,12.4769979301748,26.6481821599994
2020-03-04,4.6384626021,5.53427167065644,6.41472460887778
2020-03-05,-3.2437074719,10.6469654457985,5.57560905604489
2020-03-06,-1.3280076472,5.04509181695975,8.35915378336637
2020-03-09,-7.9092135764,4.83292895138156,24.1263639092092
2020-03-10,7.2021640304,5.51898768923948,15.3014070665459
2020-03-11,-3.4730496949,10.3940727604685,11.1942209329573
2020-03-12,-9.8754674509,7.70234539697909,48.8753333064121
2020-03-13,11.980824235,8.00599229047074,32.9631078308159
2020-03-16,-12.864697629,28.3471757052717,35.0360005864051
2020-03-17,4.3970108585,22.8205942727647,33.8630657164019
2020-03-18,-2.447994938,26.0303919575695,25.1339038336206
2020-03-19,-0.76620586196,28.3575957407449,18.8398224304762
2020-03-20,-6.3485578888,25.4875093168663,15.1947689151953
2020-03-23,-2.1244110974,20.3954538345776,42.3036966700474
2020-03-24,10.032535543,19.6203147108991,9.6882493426722
2020-03-25,-0.55087491892,28.1736138441425,15.249853632722
2020-03-26,5.2623004236,15.770622732521,16.7466475152325
2020-03-27,-4.1402259712,16.5907360851458,6.91381846236976
2020-03-30,2.8537983369,16.4824583248989,4.96989225971035
2020-03-31,-0.20407362354,11.9615181766831,6.38194511121395
2020-04-01,-5.2617090723,7.96655141005964,4.60640790213014
2020-04-02,1.6686729485,7.9974181041705,7.4301911878343
2020-04-03,-1.4371453069,6.50564678819309,3.93496134132932
2020-04-06,8.7237479807,6.4462602751194,3.09888410047093
2020-04-07,-1.158227607,4.97494887469414,7.92838629908517
2020-04-08,2.5594572717,4.7879365736169,3.17153220842861
2020-04-09,0.72161461267,6.31352449072537,3.84640018446706
2020-04-13,1.9627598045,4.49497708031696,2.61042234774864
2020-04-14,5.0503202196,4.16453520976651,2.84884316063433
2020-04-15,-0.9127329733,3.58576031595642,2.33877451979976
2020-04-16,0.79457159936,3.53194890624134,3.02084834519282
2020-04-17,-1.3568663016,2.8148662395659,3.07006504928154
2020-04-20,-2.0756718527,2.98443178230334,2.28381089461764
2020-04-21,-3.0910338352,2.88286330580769,4.7198930654626
2020-04-22,2.8803517531,2.59254909483964,1.66620796457785
2020-04-23,-0.38754074631,3.51809687680174,3.90344571274077
2020-04-24,2.8869577867,2.46426386517777,1.6329071027385
2020-04-27,0.070678870543,3.20683001840262,1.44601182407045
2020-04-28,-1.620934421,2.32560382279693,2.23376520476365
2020-04-29,3.2845143227,2.16681821167667,1.68132146970334
2020-04-30,2.1096166545,2.16680029284678,2.28558948482887
2020-05-01,-1.6099387338,1.98332232967454,7.15231114442099
2020-05-04,1.4148822085,2.02817574377089,1.6878963813219
2020-05-05,1.5008868877,4.10592153508036,1.83517596105817
2020-05-06,1.0317246943,2.3699230756972,1.75507386821488
2020-05-07,1.0344942288,2.36975601704042,1.08888900106132
2020-05-08,2.3801663807,2.34737003473657,0.870794232018665
2020-05-11,1.5735336792,2.01768864079648,0.896243174528999
2020-05-12,-1.1428208626,1.34870081391699,2.06604940200127
2020-05-13,-1.2074114513,1.27997641453228,5.05350094291336
2020-05-14,0.61433447117,1.67840989260514,3.75912546098611
2020-05-15,-0.59119984498,2.95468976352185,2.97614844069515
2020-05-18,2.3561145234,2.78657881465631,1.6417153100222
2020-05-19,-0.57785115569,2.73296167607929,1.45840356302318
2020-05-20,1.9448170147,2.36880693777907,1.03329109582799
2020-05-21,-0.74554396515,2.24847069118027,1.41088504990705
2020-05-22,0.64383777808,1.7331560857758,0.86637018358601
2020-05-26,-0.67734955637,1.63115830005532,1.45666632130465
2020-05-27,0.4357023332,1.25626966003746,2.54426297703365
2020-05-28,0.044009933663,1.42788805802236,1.79539095342527
2020-05-29,-0.097407698286,1.88279524922461,2.43508723722017
2020-06-01,1.2297917847,1.71321065080619,0.722848952441806
2020-06-02,0.46294857839,2.0155891190401,0.822485172795103
2020-06-03,0.55050411338,1.44763497237529,0.98559183968079
2020-06-04,-0.86122047251,1.41800458571711,0.829929367573877
2020-06-05,2.848101266,1.31619594582895,1.21642012774374
2020-06-08,0.59125188527,1.17481332537686,0.788663554308287
2020-06-09,3.1578000362,1.18476068353485,1.81681978234375
2020-06-10,2.5727492077,1.05163624630616,3.0314925585698
2020-06-11,-4.8010429656,1.47918431584116,5.39433936577956
2020-06-12,0.86335218803,2.06863472270188,6.71725658575082
2020-06-15,1.2367178277,3.27231180170612,3.63463718744875
2020-06-16,2.6502230385,4.21976033728713,3.93389057209373
2020-06-17,-0.13917291526,3.48042806927293,1.38479112942655
2020-06-18,0.039819107405,3.77152830836193,1.03938554094146
2020-06-19,-0.57146106374,2.78261032324574,3.15215786660648
2020-06-22,2.6163788172,2.26742626999589,1.13780604036552
2020-06-23,2.1344776658,2.62760268471637,1.7824096032277
2020-06-24,-1.7652033939,1.74049750311625,3.22598460598134
2020-06-25,1.3275565183,1.75236011143986,2.50143748728427
2020-06-26,-3.0725797609,2.39695421345675,4.16385206852031
2020-06-29,2.3046687214,2.29848095415203,2.21028428825893
2020-06-30,0.83476145719,2.93516972795947,1.28639986119212
2020-07-01,-0.18914473676,2.39820505315087,1.14378274602938
2020-07-02,0,2.04899826291115,1.03538433684809
2020-07-06,2.675015792,1.80953723903497,0.890916445467772
2020-07-07,-0.31028487365,1.63862376776593,1.58773199679004
2020-07-08,2.3290133891,1.28861638988895,1.35092720074654
2020-07-09,0.35660906724,1.45956411124219,2.33360038978731
2020-07-10,0.24821675852,1.38933943953088,1.11709665867568
2020-07-13,-0.46132193484,1.82165682386332,3.89658204519878
2020-07-14,1.6548401454,1.43347885909181,6.26687032449461
2020-07-15,0.68773665098,2.62205550611462,4.49449147807317
2020-07-16,-1.2304937324,3.83106168559794,2.21916156719072
2020-07-17,-0.20202543437,3.53689635382609,1.00838447942656
2020-07-20,2.1073940465,2.77882746345165,0.773798522416954
2020-07-21,-1.3801692805,2.36544865009056,1.74665663257225
2020-07-22,0.28092783486,2.00065783218153,1.32803014430837
2020-07-23,-4.5516461487,1.90553294695631,4.0215024897983
2020-07-24,-0.24772470251,1.47592929799183,4.39484536787683
2020-07-27,2.3700264537,2.53136198627252,2.24225853179333
2020-07-28,-1.6427592028,2.96740581074872,1.37107974262137
2020-07-29,1.9168386907,2.39319298991684,1.4252912818233
2020-07-30,1.2100168351,2.070390306154,2.01932638998257
2020-07-31,10.468863707,2.09274950150977,4.64362274474469
2020-08-03,2.5197628458,2.10539320351872,5.06675491699068
2020-08-04,0.66781411351,2.99177824102206,2.58749848427638
2020-08-05,0.36246751479,3.4596042920817,1.43039157696108
2020-08-06,3.4889267461,2.68574699401352,2.27686010801462
2020-08-07,-2.2735768156,2.27974586753972,3.61659745590937
2020-08-10,1.4534818314,2.6070119539709,3.44464075644276
2020-08-11,-2.9739859396,2.99302411348618,2.79827348150221
2020-08-12,3.3234285715,2.78920220024698,1.87880425223424
2020-08-13,1.7697548888,2.58348929861431,2.95254469090911
2020-08-14,-0.08912268504,2.29878000419504,1.57435285829671
2020-08-17,-0.26107956392,2.73073563124496,1.18465076311867
2020-08-18,0.83327879929,2.06083694729895,1.51932664501968
2020-08-19,0.12547322876,1.72163783286032,1.56202898488756
2020-08-20,2.2189572846,1.72604123017602,0.831878916142941
2020-08-21,5.1532445572,1.71339560356457,3.48017407111041
2020-08-24,1.1960279811,1.26846339912685,6.80618872989867
2020-08-25,-0.82037224638,2.3708501509521,2.57254565424964
2020-08-26,1.3599038653,4.04195823817489,2.13105674814946
2020-08-27,-1.1954395462,2.64684811392823,3.42743520777455
2020-08-28,-0.16198704107,2.54347945047069,2.33314740359714
2020-08-31,3.3912224826,3.23252378406519,6.92099253594751
2020-09-01,3.9832610042,2.75170102009815,4.68363122706046
2020-09-02,-2.071843792,4.37491521494872,19.9075833912315
2020-09-03,-8.00608828,3.79415170222511,16.5729187851401
2020-09-04,0.066181336842,10.9133730879622,45.054254415107
2020-09-08,-6.7294973544,11.3179996773062,18.9114914338497
2020-09-09,3.9886544939,25.4849423059,7.98550222144609
2020-09-10,-3.2645755199,16.6151631446307,10.951001002648
2020-09-11,-1.3128910036,12.7117639326884,10.8781297589086
2020-09-14,2.9955357144,13.0002644101222,4.70509640815385
2020-09-15,0.16037449623,12.2779763580398,6.56585665599961
2020-09-16,-2.9513588368,6.72395074600202,4.19485766949896
2020-09-17,-1.5963613663,6.46887054422675,7.67297316560294
2020-09-18,-3.1720137756,5.27420074834025,6.66626694876682
2020-09-21,3.0325720703,6.375127089736,10.686896646464
2020-09-22,1.5715843025,5.70309782122797,6.33332101452973
2020-09-23,-4.1946158663,7.73558074479326,6.30562279411498
2020-09-24,1.0268857357,6.05043794213443,9.21588662272594
2020-09-25,3.7516170763,6.2348127869009,4.15953618673232
2020-09-28,2.3868899179,7.45778745861027,3.02418916670795
2020-09-29,-0.75678496869,5.29714310997888,1.81284524239687
2020-09-30,1.5075817339,4.23546325029521,3.25161639936116
2020-10-01,0.84621362585,3.40655486226608,2.38047993866951
2020-10-02,-3.2280160973,3.70943720101531,4.0642047565527
2020-10-05,3.079101044,2.83949726064347,1.10844366646477
2020-10-06,-2.8669527896,3.45127465526092,5.1229027106669
2020-10-07,1.6967126192,2.15298496480861,1.40120993754408
2020-10-08,-0.095585679446,3.91623026475588,1.03008540662826
2020-10-09,1.7395842393,2.24659511541001,0.771113677533242
2020-10-12,6.3520560829,1.95885544501664,3.35185152020028
2020-10-13,-2.6527331191,1.58902255617869,10.8322964415255
2020-10-14,0.074318744919,2.76362142415697,4.19783636160497
2020-10-15,-0.39607228318,6.08564860120888,2.87728685709954
2020-10-16,-1.4000497059,3.75252254477497,1.75075120393888
2020-10-19,-2.5541925727,3.38059195741117,2.78223621762397
2020-10-20,1.3191929644,3.01881708072839,3.58544057462606
2020-10-21,-0.54463449924,3.36102232177099,2.74037506930389
2020-10-22,-0.95832976813,3.09194370705042,3.10255221180512
2020-10-23,-0.61339092872,2.63588983660124,1.60607101796107
2020-10-26,0.0086926287622,2.7853429201444,3.03257506347375
2020-10-27,1.3472403301,2.18927763460055,2.33362694023382
2020-10-28,-4.6312178387,2.7447385166988,3.72339389830695
2020-10-29,3.7050359713,2.37425919158334,4.62811751594515
2020-10-30,-5.6018036767,2.98892034933443,7.09873117853215
2020-11-02,-0.082674995338,3.46664668784479,4.5974976643745
2020-11-03,1.5353498206,4.85892038105846,2.29677564962229
2020-11-04,4.0836653387,4.02126249770218,3.99248608299529
2020-11-05,3.5493692911,3.12921746893373,2.83938355685484
2020-11-06,-0.11361245533,3.80872784170652,3.1915959977505
2020-11-09,-1.9967983823,3.21902691651509,7.55856466425505
2020-11-10,-0.30089408529,3.05423311734827,8.20711038832899
2020-11-11,3.0352677417,4.99131423306422,1.82381582172884
2020-11-12,-0.23432923263,5.71222231919207,2.52279282772513
2020-11-13,0.041942790085,3.07907430926029,1.52203840317572
2020-11-16,0.87204427291,3.30318607577712,2.13760216400221
2020-11-17,-0.75644222779,2.77953090459747,1.28834796215284
2020-11-18,-1.1391238798,2.59011587174698,1.38652919648107
2020-11-19,0.51681775822,1.71934218452554,1.38491473768393
2020-11-20,-1.0957518543,1.71921025902504,0.711589271409263
2020-11-23,-2.974262826,1.62376675374484,1.7690250215284
2020-11-24,1.1594202901,1.29654707700104,2.25210293651705
2020-11-25,0.74672223654,1.67354849054005,1.33812789669056
2020-11-27,0.48263380158,1.93621964994661,0.551181939392911
2020-11-30,2.1099579724,1.57519858667832,3.32022208830122
2020-12-01,3.0827383451,1.20452357580665,2.74051468383016
2020-12-02,0.29335071704,2.47635367840239,1.87827852567412
2020-12-03,-0.11374715632,2.32447962251509,1.25612681581775
2020-12-04,-0.56124938992,1.95118805002444,1.10478452060288
2020-12-07,1.226993865,1.69776129153292,1.2989066669636
2020-12-08,0.50909090896,1.6803294883723,1.14223759225499
2020-12-09,-2.0903682264,1.59073213114293,3.15029893045459
2020-12-10,1.1988832321,1.40252093505567,2.58219106519558
2020-12-11,-0.67348263547,2.2770113838798,1.94803479128769
2020-12-14,-0.51466383475,2.15139774858526,1.48326965242525
2020-12-15,5.0090326818,1.95954480426375,2.63033467714482
2020-12-16,-0.054738817562,1.79360883549742,1.57692417793432
2020-12-17,0.69634613883,2.3530952186458,1.26414528680875
2020-12-18,-1.588966589,1.8234636417439,1.7074319206163
2020-12-21,1.2435355888,1.59789856852217,2.96643016319821
2020-12-22,2.8464477889,1.75159406743037,6.41045375141307
2020-12-23,-0.69760388214,2.35903114072046,1.94803489283522
2020-12-24,0.77122785569,3.99145438974753,1.14347659976578
2020-12-28,3.5765704328,2.30246464129741,1.94975623716644
2020-12-29,-1.331479991,1.98162181378308,3.19353099518428
2020-12-30,-0.85267294453,2.31119444638992,1.75250756815661
2020-12-31,-0.77026622794,2.81211644794669,1.9367616966828
2021-01-04,-2.471927048,1.89417174140251,5.19140239349181
2021-01-05,1.2363804963,1.96239217213105,2.25054739092466
2021-01-06,-3.3661552553,3.53693508447539,3.52500522447946
2021-01-07,3.4123222747,2.4310406702172,2.00447554729418
2021-01-08,0.86312251769,2.95191854001436,3.95671222955527
2021-01-11,-2.3248769407,2.38943670809962,2.03217426214414
2021-01-12,-0.13955652039,3.30406915219336,2.04212066714831
2021-01-13,1.6226708074,2.31744751287565,1.89142871073116
2021-01-14,-1.512720605,2.30220688335043,1.21690730446288
2021-01-15,-1.3730509658,2.11411333712875,2.44844320319399
2021-01-19,0.54270882483,1.79168285410026,1.37235257779696
2021-01-20,3.2856137057,2.14781782236993,1.81462970052199
2021-01-21,3.6658335228,1.67846054766114,1.83916312349668
2021-01-22,1.6073646526,1.83161298272378,2.30804300925987
2021-01-25,2.7683900193,1.83835806543801,9.28434672270063
2021-01-26,0.16792611259,2.10977520170686,2.6912918735999
2021-01-27,-0.76837105335,5.33247954642559,5.6821885555636
2021-01-28,-3.4985217512,2.90600636223831,6.7830629341034
2021-01-29,-3.7420672552,4.36653331766398,10.4347633787512
2021-02-01,1.6520157624,5.19936051187753,3.99108344685711
2021-02-02,0.63366631875,7.24959088456171,1.30661448150484
2021-02-03,-0.77783539518,4.36148410760417,1.56196360498366
2021-02-04,2.5757802001,3.2168349479108,1.53202725821205
2021-02-05,-0.3098006342,2.98745211572513,1.19756096075748
2021-02-08,0.10968119331,2.5550774066302,0.970468421253728
2021-02-09,-0.65736615297,1.70064239796177,0.945734127522048
2021-02-10,-0.45584883464,1.37071399047439,1.78469805135323
2021-02-11,-0.19203781676,1.33116815279619,0.951209725093723
2021-02-12,0.17760674928,1.66632244296269,0.730174743850946
2021-02-16,-1.6104011229,1.2973835346141,1.32390854720792
2021-02-17,-1.7643967265,1.17307274674881,2.52014554124652
2021-02-18,-0.86365025991,1.42902171879147,1.65292906604567
2021-02-19,0.12335209321,2.01540880043724,1.35603279574399
2021-02-22,-2.97990298,1.66955574746142,3.82476771449975
2021-02-23,-0.11111111116,1.58862982188976,10.4831881036455
2021-02-24,-0.4052121405,2.79180559145574,3.54192781672745
2021-02-25,-3.4782608695,6.08677493011847,6.5699707728407
2021-02-26,0.22315893875,3.4980333245901,8.43102165752201
2021-03-01,5.3851228766,5.04647833719634,2.02029158127625
2021-03-02,-2.0893653651,6.31936182769171,2.69595287965677
2021-03-03,-2.4456521738,3.70178402506196,3.92567045320828
2021-03-04,-1.581189579,3.34722838129812,8.71717521767189
2021-03-05,1.0738366769,3.84109727005188,7.46692866637689
2021-03-08,-4.1673529896,5.86563945017529,4.61023937040519
2021-03-09,4.060673771,5.32118504281325,2.74780692096999
2021-03-10,-0.91258207049,4.42891331178286,3.52153792913052
2021-03-11,1.6502750459,3.71801163415866,1.97173283068961
2021-03-12,-0.76254509677,3.98640410861876,1.54637258690753
2021-03-15,2.4456746261,2.8644754759435,1.71626050793876
2021-03-16,1.2742963141,2.24082917716825,2.37990650625476
2021-03-17,-0.64505853306,2.08156164957509,2.80788716659957
2021-03-18,-3.3905097787,2.31270344782974,1.79335134892327
2021-03-19,-0.44802123948,2.42602359757812,2.47618042315116
2021-03-22,2.8335694642,2.02251872128838,1.61286147518769
2021-03-23,-0.68887268008,2.35729735965667,2.02839987959371
2021-03-24,-1.9993471521,2.01600412101298,1.36411317560188
2021-03-25,0.41635440102,2.14974551874842,3.12636074779416
2021-03-26,0.51413881756,1.77745273092846,1.64240077940609
2021-03-29,0.14850259886,2.54375382573259,1.75755817170816
2021-03-30,-1.227448719,1.9022369353729,1.18453562923337
2021-03-31,1.8765638031,1.9468618064229,1.32517326969125
2021-04-01,0.69586573882,1.64419143145406,0.875680506169007
2021-04-05,2.3577235772,1.69351965955428,1.10145333492406
2021-04-06,0.24622716446,1.34092853969253,1.04828902529559
2021-04-07,1.3390381111,1.37953653911257,1.1638514734136
2021-04-08,1.9233776389,1.28678977963338,0.899004000385437
2021-04-09,2.0213255601,1.31595840233336,0.934145166699945
2021-04-12,-1.3195984813,1.17258236030486,1.15827634047704
2021-04-13,2.4306613839,1.18629948431178,1.21749806858665
2021-04-14,-1.7853157777,1.27208795082396,1.49127435339051
2021-04-15,1.8707869423,1.30645686673596,1.00140366426037
2021-04-16,-0.25278810426,1.43736624958572,0.679852150676297
2021-04-19,0.50685748374,1.25477046003081,1.42834876891132
2021-04-20,-1.2830020765,1.10745883451136,1.72162119034428
2021-04-21,0.29299075941,1.41472490540673,1.26244312016379
2021-04-22,-1.1685393259,1.56683537377937,1.76024064009798
2021-04-23,1.803850235,1.3692022909059,0.831274994269794
2021-04-26,0.29779630731,1.619914635561,0.635766131831369
2021-04-27,-0.24495249427,1.27023591372206,0.760938449037578
2021-04-28,-0.60272341661,1.13150829838047,1.15827727843343
2021-04-29,-0.074861506346,1.09993228645145,3.28992403444964
2021-04-30,-1.5133353311,1.24454873131909,1.36651248875112
2021-05-03,0.82154267457,2.18883050678525,1.1222315973023
2021-05-04,-3.5385543986,1.48972088547341,2.54387707183874
2021-05-05,0.19554165046,1.43399985528207,1.52560249232304
2021-05-06,1.2802498048,2.1241853359008,1.92567600060126
2021-05-07,0.5327362569,1.76180958857958,1.37020652159386
2021-05-10,-2.5804469702,1.81132155048448,1.15759138054934
2021-05-11,-0.74103271581,1.59784664043145,3.34150285775447
2021-05-12,-2.4938448098,1.52017700866805,2.16617613403407
2021-05-13,1.791968722,2.42881801658648,2.22614725406206
2021-05-14,1.9844762743,2.02841753771316,0.973768719701474
2021-05-17,-0.92585327575,2.07649168096554,1.25834942884071
2021-05-18,-1.1245743249,1.56175165311959,0.74554827341292
2021-05-19,-0.1281537845,1.67961446930457,2.20055526836428
2021-05-20,2.1012110034,1.28014615043845,0.732717855362531
2021-05-21,-1.4767103919,1.8446901809302,0.976692456981265
2021-05-24,1.3314199154,1.16064559404888,0.540801775919099
2021-05-25,-0.15735641227,1.25389407235802,0.740033341493626
2021-05-26,-0.039401103277,1.02659404316499,0.494293672177891
2021-05-27,-1.237682302,1.10269580199831,0.94532359988738
2021-05-28,-0.53480204351,0.874887260661332,0.687976320250567
2021-06-01,-0.26482625781,1.06552364697879,0.5899808495503
2021-06-02,0.62761506288,0.942777548654817,0.669246276979206
2021-06-03,-1.2154166,0.902470002106543,0.689889441639195
2021-06-04,1.9022179051,0.925835585531253,0.524159363559863
2021-06-07,0.007943442688,0.947539535331253,0.621407386391231
2021-06-08,0.66719618735,0.846211504901484,1.13164117409847
2021-06-09,0.30771658512,0.876652841527071,0.555100843035878
2021-06-10,-0.80232832543,1.11268142579577,0.839009400626362
2021-06-11,0.98326857515,0.879362594077597,0.452853961896212
2021-06-14,2.4577934824,0.995177254152497,1.14208979198987
2021-06-15,-0.64377682411,0.836008774526692,0.846076608486423
2021-06-16,0.39339709965,1.13398120448215,2.01650017421082
2021-06-17,1.2600845179,0.997590325490614,1.0783569969231
2021-06-18,-1.0091812732,1.55579425271201,1.20914677788442
2021-06-21,1.4103939906,1.22439632444393,1.11356647911287
2021-06-22,1.2698412698,1.3365823291433,0.848685146366946
2021-06-23,-0.20898641587,1.29690561445753,0.460034376675602
2021-06-24,-0.21690351541,1.19924228769649,0.609941296390309
2021-06-25,-0.22487069928,0.926335433687707,0.53789320079849
2021-06-28,1.2546014575,0.943038844428284,0.569214271222072
2021-06-29,1.1500222587,0.860597125133802,0.664355932249838
2021-06-30,0.46211398785,0.827310190696914,0.520425615332139
2021-07-01,0.22634345805,0.846614120104935,0.620823834394066
2021-07-02,1.9596415823,0.797678304080702,0.537466898187629
2021-07-06,1.4718490998,0.83566021018754,2.05778326055858
2021-07-07,1.7955217574,0.805566396788475,1.72638715115751
2021-07-08,-0.91996956508,1.49239050126776,2.36310079035602
2021-07-09,1.3055012569,1.46026026011834,1.10184975379261
2021-07-12,-0.42037075327,1.84999343670655,1.227822941554
2021-07-13,0.78892733545,1.42366492240257,1.73407702441752
2021-07-14,2.4100521836,1.52843743437566,1.71098770955837
2021-07-15,-0.44921220242,1.69060705353916,2.01565892627426
2021-07-16,-1.407596983,1.68353532828865,1.63567297730063
2021-07-19,-2.6914406721,1.76906900449835,2.50052505236805
2021-07-20,2.5974025973,1.67430678863606,1.64624850037138
2021-07-21,-0.51317139933,2.09944240373751,1.21776853687945
2021-07-22,0.96286107309,1.77775729858145,0.947739659876756
2021-07-23,1.1989100816,1.57892709038291,0.638987210928456
2021-07-26,0.28944534188,1.39107419525343,0.901821443299823
2021-07-27,-1.490032888,1.19403077122974,1.70527585825448
2021-07-28,-1.2195952852,1.16056420964816,3.32319591284041
2021-07-29,0.45523520494,1.46476365145983,0.795343234411968
2021-07-30,0.15105740185,2.23660491284115,0.970905570149869
2021-08-02,-0.23310023316,1.29350917665842,0.903193031545585
2021-08-03,1.2644310062,1.3845849889696,1.06421739359801
2021-08-04,-0.27823018463,1.36074605248368,0.969724282223276
2021-08-05,0.074855392995,1.36867851565267,0.578238947085677
2021-08-06,-0.47670934364,1.14061150365075,0.573423545366168
2021-08-09,-0.034213767412,0.974792301423704,0.581868798414615
2021-08-10,-0.33540967897,0.937103195907363,0.979496313965815
2021-08-11,0.17857142848,0.90857784875721,0.679835553600831
2021-08-12,2.0773344302,1.04707725398568,0.807760432245887
2021-08-13,0.14104372367,0.912018248443602,0.713856893211302
2021-08-16,1.3547954393,0.975492072057645,2.3515535791336
2021-08-17,-0.61540497627,0.951234388015734,2.14569763204468
2021-08-18,-2.5501032025,1.69615862454352,1.52830549781894
2021-08-19,0.23230390816,1.71992868515819,2.31667238450751
2021-08-20,1.015678255,1.56543967331125,0.695860467384657
2021-08-23,1.0257102369,1.97914439183712,0.649471245151484
2021-08-24,-0.06011622454,1.38724878727494,0.628432663546935
2021-08-25,-0.8421334046,1.22672383661437,0.643903521887141
2021-08-26,-0.55270962539,1.09143515006731,0.823587779241838
2021-08-27,0.71844923423,1.02221078898972,0.701856245136976
2021-08-30,3.0417227457,0.960808383318335,1.06202706109064
2021-08-31,-0.84247648911,0.912171357620389,1.31387680604841
2021-09-01,0.44786932758,1.07830109093191,1.35778733383174
2021-09-02,0.74749196774,1.22805202191722,0.874923157070093
2021-09-03,0.42303937535,1.30469044936736,0.758109064436516
2021-09-07,1.5489306545,1.13308629041838,0.846222274984056
2021-09-08,-1.0083604569,1.09480910934463,1.18198144094907
2021-09-09,-0.67049190893,1.10920368378399,0.788676244225768
2021-09-10,-3.3101836829,1.22147626249112,3.71197530693893
2021-09-13,0.38934013573,1.03259287976434,1.72851942868611
2021-09-14,-0.95620193915,2.33796914079794,1.77998660486171
2021-09-15,0.6143667295,1.70058243372961,1.32134638261806
2021-09-16,-0.16104140104,1.79929453962486,0.844539121336586
2021-09-17,-1.8348007257,1.64519041024105,1.08001695476883
2021-09-20,-2.1361084487,1.4725501687925,2.16214044381827
2021-09-21,0.34280117525,1.33581087600026,1.65585108973615
2021-09-22,1.687234191,1.76657607974278,1.37698815302747
2021-09-23,0.67192320876,1.57110189343366,0.716307365443741
2021-09-24,0.061295375599,1.47556001210056,0.601980133485862
2021-09-27,-1.0549959161,1.22433016936575,1.05217045905976
2021-09-28,-2.3801334526,1.14284397303327,2.33193408627951
2021-09-29,0.64829821731,1.21467750126799,1.5557627384282
2021-09-30,-0.93117692377,1.73933493158334,1.77186153127598
2021-10-01,0.81272084808,1.47395706249285,2.15587156929971
2021-10-04,-2.4605678234,1.64289458709793,1.78291476164939
2021-10-05,1.4158401611,1.91432237936107,1.12355142019637
2021-10-06,0.63071362765,1.84010251860407,2.10166047017728
2021-10-07,0.90845070426,1.50046669314125,0.835800133123859
2021-10-08,-0.27217530878,1.90410072680797,1.10661812574823
2021-10-11,-0.062981105657,1.3657223070048,1.01318873165564
2021-10-12,-0.91030039912,1.37619726500698,1.54714740299736
2021-10-13,-0.423998304,1.27848952855812,1.32870801930521
2021-10-14,2.0225675962,1.50358057541047,0.563004842177307
2021-10-15,0.75125208696,1.35826702828725,0.537397358307054
2021-10-18,1.1806130902,1.05477881890824,0.937381553126566
2021-10-19,1.5080177413,0.996352628743421,1.1669219305928
2021-10-20,0.33611185809,1.13552981331785,0.892113622591082
2021-10-21,0.14739380949,1.1868850821251,1.28022768723791
2021-10-22,-0.52849879585,1.04830159623665,0.943529315807658
2021-10-25,-0.033627009179,1.24873137416001,0.71127503055154
2021-10-26,0.45748116263,1.15932067094812,1.04980726299325
2021-10-27,-0.31476024642,1.056244346126,0.728031731636153
2021-10-28,2.4991602282,1.17013628657116,1.03513571891385
2021-10-29,-1.8155600707,1.03916992033833,2.68723668474155
2021-11-01,-0.56074766371,1.12867918565894,0.900157340067953
2021-11-02,0.71160042971,1.87672867526622,1.17026539398699
2021-11-03,0.9798693507,1.24156654660991,0.874418814252612
2021-11-04,-0.34985807642,1.34770874748261,0.89941545622883
2021-11-05,0.35823271865,1.25070640437437,0.86969158915002
2021-11-08,-0.55526176629,1.2478796846046,0.511852309733313
2021-11-09,0.24594522729,1.08236937758527,1.12489442905455
2021-11-10,-1.9163185465,0.919439492475681,1.31233640830769
2021-11-11,-0.033802055077,1.13875430862002,0.504868950283996
2021-11-12,1.4336917562,1.24357425556192,0.651823747633676
2021-11-15,0.0066671111199,0.915105796652451,0.903874847285252
2021-11-16,0.66666666662,0.94898733894422,0.836945369969107
2021-11-17,1.6490066226,1.07406477014986,1.9030725293324
2021-11-18,2.8536060983,1.0269678984924,3.15699039598413
2021-11-19,1.6975992905,1.46687399782208,1.9839325441249
2021-11-22,0.29274369354,2.14843943163525,2.68454815622023
2021-11-23,0.24220593714,1.83615550903579,3.01733048279479
2021-11-24,0.32835635957,2.24306083178193,2.14476697775362
2021-11-26,-3.1678399407,2.55021079573602,1.56358480271683
2021-11-29,2.1873604999,2.25564352232245,1.4573762034489
2021-11-30,3.1577633548,1.91141278151098,3.38643107330253
2021-12-01,-0.32062915916,1.8314757487937,4.30403960569236
2021-12-02,-0.61297566308,2.59743960001823,5.76067433080919
2021-12-03,-1.172447484,3.04437839438195,5.11966563252199
2021-12-06,2.1502718733,3.8885752028737,4.02347214513682
2021-12-07,3.5446406968,3.95987908096416,1.67194335122863
2021-12-08,2.2783035402,3.77819537186129,2.57877477241552
2021-12-09,-0.29700708237,2.77880834363918,2.23598034161358
2021-12-10,2.8013290559,2.96865667618597,1.63459716989729
2021-12-13,-2.0674282531,2.55292698130375,3.26482421705798
2021-12-14,-0.80232161135,2.04498896323034,3.38291935658864
2021-12-15,2.8509149315,2.58060235125969,4.75515840314977
2021-12-16,-3.9263803682,2.77278073780139,4.91924795788581
2021-12-17,-0.65017996058,3.46471179019344,5.78557291113414
2021-12-20,-0.81220053753,3.75778108257684,3.62406310728724
2021-12-21,1.9086892489,4.4274912717164,1.70858598526772
2021-12-22,1.5318804553,3.66766587396423,1.78537490098462
2021-12-23,0.36438168991,2.82261853895927,0.826810663019565
2021-12-27,2.2974812797,2.60334558885023,0.873615946971827
2021-12-28,-0.57672045696,1.90834540035415,1.39468177352005
2021-12-29,0.050198003191,1.51488805533277,0.917866328446814
2021-12-30,-0.65782138472,1.52029379265559,0.664157498625945
2021-12-31,-0.35353535341,1.27772717392202,0.999371687670313
2022-01-03,2.5004223686,1.09010915346148,1.68778533272144
2022-01-04,-1.2691610352,1.22242148248888,1.83266413998041
2022-01-05,-2.6599888703,1.53825739954747,2.14899514201913
2022-01-06,-1.6693345529,1.62066007208835,2.74581302554425
2022-01-07,0.098837209225,1.83257758872016,2.05859262897833
2022-01-10,0.011616425763,2.22077562705555,4.39544455785656
2022-01-11,1.6783785353,2.05725221895534,2.62199684288773
2022-01-12,0.25702535986,3.14487834175589,1.61660405304998
2022-01-13,-1.9028086366,2.55866778592453,2.07999334977339
2022-01-14,0.51106336014,2.14574500354827,2.69914815094082
2022-01-18,-1.8894089097,2.25898792149356,2.44194186888808
2022-01-19,-2.1024734982,2.536263981354,2.10126985317158
2022-01-20,-1.0347109426,2.27367973715814,2.01206158700894
2022-01-21,-1.2765181449,2.1006648419743,5.75235506857622
2022-01-24,-0.48642324973,2.09505005802894,9.32712812683355
2022-01-25,-1.1384729613,3.78361883691756,5.94742856609914
2022-01-26,-0.056327450329,5.66575901707602,7.81621039310654
2022-01-27,-0.29432024548,4.72581923464277,4.84455662627803
2022-01-28,6.9777666124,5.90100437905167,6.22257566322681
2022-01-31,2.6125755885,5.05449562714981,2.94594021389088
2022-02-01,-0.097265133263,5.60277134418162,2.20909811221086
2022-02-02,0.7044270089,3.86729130329675,2.14476701785168
2022-02-03,-1.6719745224,3.28697945877828,2.26295532396961
2022-02-04,-0.16794069961,2.79564769317828,2.55956302349829
2022-02-07,-0.42345843722,2.62687274078757,1.68721460007779
2022-02-08,1.8466736574,2.43390421469657,1.48053446369295
2022-02-09,0.82937710922,2.00685843064937,1.0089233464002
2022-02-10,-2.3598820059,1.86735076775837,2.07407761783906
2022-02-11,-2.0218452243,1.59778802167278,3.67177578031742
2022-02-14,0.14231499063,1.97149975295688,3.71054418870548
2022-02-15,2.3152534344,2.65669196416825,0.901097231182384
2022-02-16,-0.138896927,2.840172175174,1.50646968107934
2022-02-17,-2.1269197334,1.75279985142826,1.10700491910048
2022-02-18,-0.93557555656,2.01209461842961,2.0584150589766
2022-02-22,-1.781231321,1.78199162219398,3.21124990250939
2022-02-23,-2.5864167476,2.00087425713876,2.03162268244589
2022-02-24,1.668020241,2.38741122810125,7.72830386682581
2022-02-25,1.2965466389,2.04212420298141,2.87355412140757
2022-02-28,0.16378525943,4.65034724261618,2.96081765816714
2022-03-01,-1.1627906979,2.99873979432505,2.79477768956898
2022-03-02,2.0588235295,3.09606511335211,2.39899908026473
2022-03-03,-0.19812680121,2.99760676634232,2.43880056374608
2022-03-04,-1.8408229562,2.87561337362861,2.70348790455917
2022-03-07,-2.3717595145,2.4526917255415,3.5424757335548
2022-03-08,-1.1676082862,2.53715596258928,8.90466493323364
2022-03-09,3.4997459348,2.90051148917569,3.09020365426298
2022-03-10,-2.7186253452,5.3881141334734,2.52851360998209
2022-03-11,-2.3908655059,3.30895280107945,2.88484514183372
2022-03-14,-2.6562399017,3.11086043177867,3.8763430928335
2022-03-15,2.9677333687,3.2603385258744,2.54837261946994
2022-03-16,2.9015410408,3.65733113976239,4.06695875351365
2022-03-17,0.64540384719,2.64617041710095,2.04269120559089
2022-03-18,2.0918939112,3.28523462025893,1.66115251304217
2022-03-21,0.85376265397,2.49755656108458,2.779111501134
2022-03-22,2.0800580482,2.25802678765196,1.27612526961781
2022-03-23,0.82336216074,2.57988608373858,1.77006711369532
2022-03-24,2.2677868516,1.92194047654141,2.3631870154045
2022-03-25,0.37341299467,1.91199420250062,1.76201029410523
2022-03-28,0.50366300384,2.15410789257896,1.54304019506941
2022-03-29,1.9134396354,1.94047319363323,1.41684927176372
2022-03-30,-0.6649530621,1.74461312889187,1.35979567260743
2022-03-31,-1.7775777689,1.70690114607011,1.7206729351319
2022-04-01,-0.1718114655,1.64929617295404,1.78245962327934
2022-04-04,2.3693419769,1.72635721741743,1.18216754493949
2022-04-05,-1.8941941268,1.74918035706875,1.39815248071152
2022-04-06,-1.8450816863,1.4969010676767,3.18003024595586
2022-04-07,0.18041087114,1.57304202223482,2.14907842052439
2022-04-08,-1.190891135,2.37436963085035,1.58632581374469
2022-04-11,-2.5515903346,2.01921433340372,1.44484105965833
2022-04-12,1.1523378582,1.79394908392912,2.43131990222909
2022-04-13,1.6342598115,1.76236641374666,1.31915692834253
2022-04-14,-2.9988262911,2.20918807834108,1.53827260810843
2022-04-18,-0.13309940086,1.64149327624066,2.07175896721874
2022-04-19,1.4115223843,1.66906414665891,1.46481366774977
2022-04-20,-0.10155316604,1.90115771395994,1.75773316833582
2022-04-21,-0.4843628536,1.67927555353531,2.65366543590407
2022-04-22,-2.7821175338,1.7317272527667,3.56133972205901
2022-04-25,0.67371283749,2.1713755689038,6.51231094528582
2022-04-26,-3.7328094302,2.67919998761497,3.79117627765462
2022-04-27,-0.14668367339,4.14028530256023,5.01675435215618
2022-04-28,4.515552149,3.3381338832406,4.69755532878597
2022-04-29,-3.6604742116,4.065929501179,6.42658219492733
2022-05-02,0.19663812236,4.12738703299395,7.29585467713328
2022-05-03,0.96226892892,5.01420363470347,4.25607769395483
2022-05-04,4.1008276899,5.40843942353785,6.78897684851709
2022-05-05,-5.5716178774,4.33959217124796,6.63311766476968
2022-05-06,0.47272262673,5.42875501376508,8.91838061049966
2022-05-09,-3.3189216684,5.54992831351755,5.9543305040848
2022-05-10,1.6112061028,6.61041963644982,5.10128879045689
2022-05-11,-5.184130477,5.41459269956638,8.95032426139155
2022-05-12,-2.6894197952,5.18621284795977,18.4052129634215
2022-05-13,3.1916386084,6.82316810132054,4.24949697128745
2022-05-16,-1.0672286045,11.2385525211707,4.5010752382396
2022-05-17,2.5422564244,5.7217014134068,3.05496743565367
2022-05-18,-5.6419190566,5.68303695305783,3.70074400615208
2022-05-19,-2.4641386165,4.98112153383501,7.39733209554264
2022-05-20,0.17473607568,4.78453168566323,6.29218269287313
2022-05-23,4.0119194709,5.20944663233825,6.32685353517791
2022-05-24,-1.9215987702,4.99267558953584,5.61574107592497
2022-05-25,0.11399259037,5.16768708202125,4.65056405520829
2022-05-26,2.319954455,5.12803269712617,2.85265518741996
2022-05-27,4.0756711642,4.84870559484273,1.70530016858745
2022-05-31,-0.53461641264,3.80337921621778,4.37053557481263
2022-06-01,-0.087342112329,2.99664219970404,3.49264439105008
2022-06-02,1.681124336,3.80058645997877,2.59082498488537
2022-06-03,-3.8555651082,3.29438826896607,2.98367237839074
2022-06-06,0.52276791848,2.78407327877591,2.82565758937176
2022-06-07,1.7585876558,2.9354589648849,2.27330474003215
2022-06-08,-0.50433730075,2.96360476281425,1.72790787520588
2022-06-09,-3.5955663694,2.57559296616179,2.10146677303284
2022-06-10,-3.8628715648,2.21485628989513,3.3149236143218
2022-06-13,-3.8284839202,2.30455159600848,5.64960395269533
2022-06-14,0.66727327867,2.77656849538852,3.86719491471699
2022-06-15,2.011147936,3.85892802815874,7.99612965309541
2022-06-16,-3.9651480468,3.32007697452648,4.1868933882695
2022-06-17,1.1533138551,5.35757569984768,5.02446787345653
2022-06-21,3.2760717544,4.14564925717258,2.33622712912492
2022-06-22,-0.38271877538,4.59580059242783,3.20131631206104
2022-06-23,2.1573697821,3.33525313582159,3.03671986036577
2022-06-24,2.4517248861,3.58577648728805,1.75340403060905
2022-06-27,0,3.10198634641974,1.99575104238352
2022-06-28,-2.9789637159,2.42067066148389,2.10940875361515
2022-06-29,1.3023864958,2.24698536061464,3.40038431470315
2022-06-30,-1.802772391,2.26516246933413,4.97765001786012
2022-07-01,1.616442364,2.75513025115566,3.42459465693224
2022-07-05,1.8930396604,3.49970341410849,2.97829694825038
2022-07-06,0.96072336819,3.07167095016321,3.78018836065179
2022-07-07,2.3999440247,2.9911692318322,1.73435530070094
2022-07-08,0.47147249752,3.42523000347483,1.40999244765416
2022-07-11,-1.475788901,2.53643715520571,1.46146484821166
2022-07-12,0.68337129851,2.11544982233607,2.34325820253321
2022-07-13,-0.25366790078,1.96821535017795,4.92526078476624
2022-07-14,2.0482507389,2.23976548846867,2.88022362498118
2022-07-15,1.1450124604,3.28269162127388,2.18529658504163
2022-07-18,-2.0643270959,2.63194459130762,2.2234212628337
2022-07-19,2.672196913,2.43647406710165,1.43172990903284
2022-07-20,1.3509933775,2.51029053833742,1.80257589931794
2022-07-21,1.5094093047,2.13162956642739,2.48788172038378
2022-07-22,-0.81107177348,2.00079279745389,2.11120634746374
2022-07-25,-0.73982737367,2.21312254858408,1.56002528342918
2022-07-26,-0.88264138603,2.06906900240155,1.06904919256638
2022-07-27,3.4234828498,1.8091132496732,2.09978769677111
2022-07-28,0.35716563561,1.59647696890219,1.66203782962222
2022-07-29,3.2793136319,1.99774756836088,2.63985485350779
2022-08-01,-0.61534674787,1.76887958145649,1.81207375926369
2022-08-02,-0.92873506292,2.17001212968207,1.89361655986518
2022-08-03,3.8247609524,1.88643311022154,1.55202207416703
2022-08-04,-0.19262023716,1.97865886967192,1.65948574547329
2022-08-05,-0.13890566488,1.80461144441247,1.56139847128865
2022-08-08,-0.29029331727,1.8408484649711,1.70906405956703
2022-08-09,0.030326924207,1.70997002859157,1.38168256406874
2022-08-10,2.6194518554,1.75455546053778,1.44298730477056
2022-08-11,-0.4431576459,1.59248280337852,1.30729023191822
2022-08-12,2.1425603894,1.60580456691683,0.805441665528408
2022-08-15,0.63335270188,1.52445130629721,0.808691018066744
2022-08-16,-0.092384086838,1.26937569242704,0.916497898604052
2022-08-17,0.87846038259,1.19031220546117,1.96425646858625
2022-08-18,-0.22916069902,1.18866694592192,1.16443422287364
2022-08-19,-1.5101923628,1.61362761155091,1.06714742504374
2022-08-22,-2.3029384328,1.30950938803677,0.90392903108749
2022-08-23,-0.20290028051,1.29453778728004,1.36855299315527
2022-08-24,0.17939364952,1.24035929796316,0.990966497702997
2022-08-25,1.4922700411,1.44615891073841,0.863965142827723
2022-08-26,-3.7699229547,1.22535864901045,2.99276109839236
2022-08-29,-1.3690257915,1.15451299706496,2.39029506620841
2022-08-30,-1.5305490148,2.09344318969336,2.41422134469451
2022-08-31,-1.06349506,1.99857974872621,2.36555975943053
2022-09-01,0.47067803062,2.09525532170792,2.83101496622872
2022-09-02,-1.3611040768,2.19471969573793,2.74990905762109
2022-09-06,-0.82151338165,2.53084418000339,2.95815921087165
2022-09-07,0.92538665613,2.48332006667073,2.12188628798303
2022-09-08,-0.9617850731,2.61018103858437,2.7210885625733
2022-09-09,1.8839829083,2.28260945526685,1.10597923050337
2022-09-12,3.8507974836,2.53158557150548,1.49781922146967
2022-09-13,-5.8679556997,1.79797471358332,2.48130847875686
2022-09-14,0.95553822157,1.83483180036351,2.55243882114524
2022-09-15,-1.892988217,2.15334199612834,2.60912001051722
2022-09-16,-1.0960162764,2.21834280859458,2.85911147780391
2022-09-19,2.5082946251,2.23355574565396,2.07503796727576
2022-09-20,1.5665458312,2.47583939348128,2.38582266824888
2022-09-21,-2.0267686424,2.24052205883973,7.46911208756647
2022-09-22,-0.63752276874,2.34953257515597,3.1031021825048
2022-09-23,-1.5123739689,4.61633438906752,2.42442245473272
2022-09-26,0.22601874643,3.0810530467453,3.69803892698455
2022-09-27,0.65662930283,2.8000580944633,3.33873885256919
2022-09-28,-1.2651555086,3.40571438354778,4.89709520134426
2022-09-29,-4.9119060333,3.36332482313608,3.55569760218092
2022-09-30,-3.0039303761,3.71406409029844,4.15123285792927
2022-10-03,3.0752532561,3.26854487943925,2.70350244694139
2022-10-04,2.5623025625,3.63340986945378,1.85389594373434
2022-10-05,0.2053388087,3.02429496432034,2.13963231377427
2022-10-06,-0.66256830596,2.58876243399945,2.59807235327502
2022-10-07,-3.6718696279,2.4584113638425,1.78424804019065
2022-10-10,0.2355628525,2.54243512703854,2.91738524576797
2022-10-11,-1.0254949439,2.0440219253652,2.9069866091949
2022-10-12,-0.46049791317,2.4672316794611,2.3585655137428
2022-10-13,3.3612837935,2.5554549720518,8.91651287015362
2022-10-14,-3.2240016785,2.38241529856094,4.28676579157018
2022-10-17,2.9122705593,5.28049244582183,1.68362542241819
2022-10-18,0.94094515844,3.84451911605067,5.81330869974525
2022-10-19,0.076521739356,2.81409204111533,3.28241442486865
2022-10-20,-0.32670652054,4.5373245474573,2.95389565441489
2022-10-21,2.7059069671,3.717556031225,3.00280996877879
2022-10-24,1.4802743261,3.08671139723954,3.61080415660528
2022-10-25,1.9337571095,2.9864265654254,1.47746096864255
2022-10-26,-1.9627149796,3.36925030598363,3.1098810481309
2022-10-27,-3.046534985,2.23571388798531,3.60596131510412
2022-10-28,7.5552486187,2.80125364945434,6.09451775349204
2022-10-31,-1.5410299215,3.03654432477997,3.39288437393913
2022-11-01,-1.7542715535,4.18913050587791,2.38223934584046
2022-11-02,-3.7305011615,3.21036307362972,11.1975548231651
2022-11-03,-4.2405019653,2.93200747624938,3.15909456876288
2022-11-04,-0.19473494413,6.75129968435756,7.40052720093865
2022-11-07,0.390229802,3.89554105783524,3.68397575110296
2022-11-08,0.41750647852,5.50324440441924,3.72167382675087
2022-11-09,-3.3189964155,4.22797509359983,2.4720512677701
2022-11-10,8.8974568102,4.3584584612579,3.48478381856681
2022-11-11,1.9268741062,3.15775295966256,4.07527811807018
2022-11-14,-0.94856379428,3.54251512415528,2.26638078075549
2022-11-15,1.1869436203,3.46158197839673,5.10993694489015
2022-11-16,-0.83311117032,2.69298275091436,2.04735126869804
2022-11-17,1.2971301834,3.81023065404163,2.2610086559933
2022-11-18,0.37818471337,2.70110110636249,2.39155836415298
2022-11-21,-2.1680216801,2.66262924788043,1.52949739279091
2022-11-22,1.4661171541,2.55918363914112,1.04632059888925
2022-11-23,0.59262218674,2.18919130077644,1.88325485898098
2022-11-25,-1.9593565896,1.66103181773275,0.804153464500802
2022-11-28,-2.6264263049,1.93362491741097,1.37102576568726
2022-11-29,-2.1148245735,1.42663410840787,2.61524320295628
2022-11-30,4.8593893889,1.53298091209543,3.83423711931316
2022-12-01,0.18915084765,2.06310836862383,2.48253421276083
2022-12-02,-0.33713168368,2.72895532949042,1.95633417736763
2022-12-05,-0.79832217043,2.30831369165006,2.52960865832359
2022-12-06,-2.5369978857,2.22594271804501,2.10618046756815
2022-12-07,-1.3784899588,2.51271117738316,3.67153817462652
2022-12-08,1.2132822478,2.31905217241379,2.22166626465831
2022-12-09,-0.3434980722,2.84256153669099,2.87467769734717
2022-12-12,1.6389983119,2.31180736571823,1.5817245896051
2022-12-13,0.67824762973,2.61885686797976,4.5893279051876
2022-12-14,-1.5535849318,2.08508865961232,6.98357596100545
2022-12-15,-4.6854269953,3.35491553027514,2.66412218425495
2022-12-16,-1.4578754578,4.48271645521919,3.64559254574257
2022-12-19,-1.5909597799,3.02056683368748,2.51264008909221
2022-12-20,-0.052882073032,3.4272118029158,4.0471794279819
2022-12-21,2.3809523809,3.11691599818679,2.72488399644789
2022-12-22,-2.3772609819,3.60516871070061,2.90486431929959
2022-12-23,-0.15394132952,2.77015551745402,4.01812003115025
2022-12-27,-1.3878355832,2.85714845370813,2.14365846972147
2022-12-28,-3.0685226487,3.28157633054539,2.97361713044045
2022-12-29,2.832434148,2.59747864481438,2.3046135872243
2022-12-30,0.24689452966,2.79285578106284,1.88565094086158
2023-01-03,-3.7404756407,2.52543569493846,5.0704078883175
2023-01-04,1.0314224035,2.29018478461746,5.52833665818204
2023-01-05,-1.0604621716,3.49475827034489,3.24044483585897
2023-01-06,3.6794112944,3.95703574360906,3.56324013298069
2023-01-09,0.40888751701,3.18704566238004,2.19886221716108
2023-01-10,0.44563964675,3.41143357833509,3.33484133202861
2023-01-11,2.1112216016,2.96483855160004,1.84610373497847
2023-01-12,-0.059929582767,3.20550804487529,3.42006918220366
2023-01-13,1.0119181472,2.362509282698,1.85246664043845
2023-01-17,0.87563075103,2.92632610876327,2.10038313642846
2023-01-18,-0.53700161834,2.23069294787843,2.20828558594824
2023-01-19,0.044375415928,2.30420798798594,2.40696327509482
2023-01-20,1.9220817625,2.23419587448018,1.85438006914699
2023-01-23,2.3500398927,2.35180403777929,2.24779689871828
2023-01-24,1.006307136,2.01889431961966,1.86191715265406
2023-01-25,-0.47007647499,2.19003278315304,2.48125717718507
2023-01-26,1.4803327222,2.03164230704412,2.11164803512611
2023-01-27,1.3684356767,2.27046115643917,2.00302883458848
2023-01-30,-2.0078119646,2.11490165942628,1.96554531957004
2023-01-31,0.90209790214,2.08680124573324,1.98050895315755
2023-02-01,0.79007554232,2.04863374893002,4.05492509652051
2023-02-02,3.7062504298,2.06343831321692,2.64205653829461
2023-02-03,2.4399946957,2.92580864258183,8.21399050448238
2023-02-06,-1.7928802589,2.48533034862673,2.27286244662657
2023-02-07,1.9244711,4.96894103325659,4.36220473349607
2023-02-08,-1.7652764306,2.93356591051984,1.93982544175773
2023-02-09,-0.6911532384,3.86840935043554,1.97066946035479
2023-02-10,0.24561869359,2.83944456084738,2.53792189963778
2023-02-13,1.8806701542,2.79014309108328,1.28563635210279
2023-02-14,-0.42248943773,2.48312405666912,2.57034149074909
2023-02-15,1.3903394256,1.96179268402539,1.8393297676066
2023-02-16,-1.0429408358,2.24657763312264,1.52316056011386
2023-02-17,-0.75466788103,1.98427930063425,1.52530211723587
2023-02-21,-2.6679777123,1.83235940356212,1.08247390655991
2023-02-22,0.28960129312,1.74197767506696,2.41309719143746
2023-02-23,0.32905782027,1.56830099611215,1.2689426217058
2023-02-24,-1.8005354753,2.01548386468783,1.14622776780955
2023-02-27,0.82475632207,1.56720321285951,1.15180522825849
2023-02-28,-0.34478096268,1.4886280152589,0.934440923862027
2023-03-01,-1.4245980597,1.45500012470686,1.42140049886595
2023-03-02,0.41291032958,1.36445238654031,1.34805863849727
2023-03-03,3.5090124049,1.4460616924784,1.5471756910896
2023-03-06,1.8539363042,1.42648737455025,1.48312508452078
2023-03-07,-1.4496522134,1.53042959687334,1.99507192310905
2023-03-08,0.83773087063,1.53345659708441,1.37724415026003
2023-03-09,-1.4914633349,1.80435324089645,1.72266786699153
2023-03-10,-1.3878743609,1.57354974797085,2.71319956560134
2023-03-13,1.3265993266,1.72625018251736,5.73988536074214
2023-03-14,1.4089187214,2.17299644110227,2.14431277923141
2023-03-15,0.26214037607,3.60685097483273,2.85540120149165
2023-03-16,1.8694032289,2.36897835992775,1.889386489251
2023-03-17,-0.54539621442,2.74674706868463,2.32668733385837
2023-03-20,1.5483870968,2.42607892124554,1.78083019838765
2023-03-21,1.1944091488,2.54295148242468,1.09479323600072
2023-03-22,-0.91034655943,2.00349272610703,3.01243958183266
2023-03-23,0.69695241709,1.67239813134215,2.68739226789474
2023-03-24,0.83055433224,2.35604911382906,1.47532215312859
2023-03-27,-1.2293291733,2.31545234084992,0.906517396119539
2023-03-28,-0.39802880965,1.81670660149522,0.730850077829355
2023-03-29,1.9790675547,1.54078557071712,0.621167803176789
2023-03-30,0.98899048335,1.44700925100453,0.563281653298875
2023-03-31,1.5644247351,1.19689139996316,0.626220091978555
2023-04-03,0.77016373543,0.989064766560185,0.946403307874458
2023-04-04,-0.32496840577,0.935075007823183,0.83420364481004
2023-04-05,-1.1290225201,1.04953314569094,0.922525402325361
2023-04-06,0.54958475812,1.01780040135955,0.815652714127429
2023-04-10,-1.597230657,1.07430585888241,0.911528302582706
2023-04-11,-0.7591186818,1.057095114079,0.675010436600322
2023-04-12,-0.43532338295,1.11436242700864,1.40337188919576
2023-04-13,3.4103685197,1.0065442354557,0.880604316315173
2023-04-14,-0.21140372073,1.30726207273369,1.10499772048892
2023-04-17,0.012105804671,1.11324871819495,0.732622545174905
2023-04-18,0.75046904312,1.21513528004906,0.988104699092242
2023-04-19,0.69682225021,1.06601319462699,0.674119408290541
2023-04-20,-0.58462089119,1.18121156916896,0.854332601936366
2023-04-21,-0.97809780973,1.00477340271975,0.974437469032978
2023-04-24,0.18785601751,1.06385807875633,0.706113276494147
2023-04-25,-0.94356741065,1.09378730318659,1.04877120897404
2023-04-26,-0.0061061245106,0.993629899260059,1.19130080286745
2023-04-27,2.8395212506,1.11511007334468,0.833589423086133
2023-04-28,0.75411198868,1.20904923593706,1.002401974273
2023-05-01,-0.053041018236,1.08290050739464,0.981518983162419
2023-05-02,-0.61914027956,1.14457455405096,0.912492351684416
2023-05-03,-0.64673074648,1.16228964480322,1.90743978544079
2023-05-04,-0.99134069878,1.12709594571141,1.84387987329748
2023-05-05,4.6926835153,1.53908218065337,1.62725032263015
2023-05-08,-0.040329550029,1.60750445052162,1.13440253146373
2023-05-09,-0.99711815565,1.58849316626996,0.644831261123215
2023-05-10,1.0391802991,1.43069297124056,1.02841588616336
2023-05-11,0.11235631354,1.23610943363704,0.747147475066418
2023-05-12,-0.54175551841,1.29186586737575,0.6475046907836
2023-05-15,-0.28973749786,1.09709678286299,0.478312440026662
2023-05-16,0,0.974794238396459,0.526844552295034
2023-05-17,0.36031847503,0.857357262816046,0.781269672957354
2023-05-18,1.3666106895,0.863037208530329,0.796827598013429
2023-05-19,0.062839188649,0.92987343187395,0.834008671099186
2023-05-22,-0.54807033557,0.939545408616389,0.827507282009652
2023-05-23,-1.5154994259,0.969400533666232,0.783441354079418
2023-05-24,0.16320820705,0.997742750124923,0.910632159168552
2023-05-25,0.66922718815,1.00459085076819,1.1182275561222
2023-05-26,1.4104861553,1.06082527790487,0.76354450440958
2023-05-30,1.0659522317,1.16093926972461,1.20375934947766
2023-05-31,-0.02820078962,1.03076065183047,1.65739525678926
2023-06-01,1.6022566997,1.21832902326434,1.04253167912943
2023-06-02,0.47753900817,1.45432451960197,0.951101090709128
2023-06-05,-0.75711522504,1.25208452555354,4.06959752846735
2023-06-06,-0.20603630692,1.20710039856504,1.57344336684698
2023-06-07,-0.77562636016,2.58676548876848,1.68108359942782
2023-06-08,1.5465077044,1.75123979875592,0.926777528418937
2023-06-09,0.21598272124,1.79038276528777,1.03774138150394
2023-06-12,1.5638815208,1.51710521177896,0.529166858799041
2023-06-13,-0.26116763693,1.56337538317214,1.075735038841
2023-06-14,0.34913534455,1.07354819422556,1.25206660332622
2023-06-15,1.1198695298,1.22052556130691,0.766579898849397
2023-06-16,-0.58599000067,1.24473464566035,0.756676782445448
2023-06-20,0.048669695025,1.06088872765483,0.768341220204901
2023-06-21,-0.56753688987,1.03283294474822,0.710983816150621
2023-06-22,1.6525331594,1.05795728699065,0.723621493438518
2023-06-23,-0.17112299474,1.00601883678328,0.826611005465678
2023-06-26,-0.75530319255,0.963703956538363,0.802586891787645
2023-06-27,1.5059102931,1.00479027112557,0.519630420287624
2023-06-28,0.63277677345,1.0003328802404,0.768079796524672
2023-06-29,0.17965653897,0.879314928453965,0.843181392828197
2023-06-30,2.3102484307,0.970456456337817,0.661571339094835
2023-07-03,-0.77847089751,1.00710962211802,0.427031702366429
2023-07-05,-0.58713498902,0.927800093814742,0.763844972929067
2023-07-06,0.25087545073,0.810724745362571,0.663338658678486
2023-07-07,-0.58912465456,0.949148044206104,0.634647264191441
2023-07-10,-1.0855884204,0.904477165994777,1.33259896746062
2023-07-11,-0.2810031282,0.870133737833007,0.763503531037117
2023-07-12,0.89855380684,1.17163420066792,0.907020822953849
2023-07-13,0.40575433432,1.00223139032292,0.669120602295637
2023-07-14,0.078723627485,1.06444133791146,0.58415122907508
2023-07-17,1.7305574493,0.981636342716359,0.630329254833355
2023-07-18,-0.13402752729,0.945756463189987,0.552882005110977
2023-07-19,0.70716977243,0.899097811109344,3.13680414040815
2023-07-20,-1.0097385957,0.853789332649865,1.020574653046
2023-07-21,-0.61616527719,1.95361291757486,1.05310530341446
2023-07-24,0.42200687712,1.2487788783921,0.710202596454497
2023-07-25,0.45136186782,1.30178979392284,0.365572098702002
2023-07-26,0.45449850204,1.18881840724416,1.11492537045895
2023-07-27,-0.65809768648,1.05220127041293,1.05333272296107
2023-07-28,1.3507918437,1.13511783681222,0.647960666170377
2023-07-31,0.31660113364,1.115997023875,0.420038939606057
2023-08-01,-0.4301348944,0.93935501654688,0.445681584998254
2023-08-02,-1.5464839855,0.833634517764004,0.79482061991654
2023-08-03,-0.73216325691,0.849330997109218,1.07590924004688
2023-08-04,-4.8020086834,0.943342461621767,3.38735414644494
2023-08-07,-1.7253695258,1.04557101188323,2.62249196684824
2023-08-08,0.53117137268,2.09731292146872,1.07998794566439
2023-08-09,-0.89543937711,2.02786556279602,0.987864752769589
2023-08-10,-0.1234637185,1.54693935340996,1.44588727668751
2023-08-11,0.033759072721,1.53138617755608,0.897698348596946
2023-08-14,0.93931042247,1.72436669089979,0.802584090811756
2023-08-15,-1.120026747,1.31357711351849,0.566650131611005
2023-08-16,-0.4959143419,1.12010285749427,0.99109414862671
2023-08-17,-1.4555133942,0.99283674008332,1.56628457311746
2023-08-18,0.28160919537,1.14214760883929,1.34264601276486
2023-08-21,0.77368330549,1.35500616532238,0.786271589075943
2023-08-22,0.79049135584,1.31282814357759,0.959876855979636
2023-08-23,2.1948879987,1.1174142323909,0.627773431427605
2023-08-24,-2.6170494701,1.21230678042316,1.18266211415377
2023-08-25,1.2643156822,1.06479977295337,2.11041568054053
2023-08-28,0.88460892439,1.22605778044016,1.01640687950199
2023-08-29,2.1810311338,1.61472243438633,0.966009253248002
2023-08-30,1.9172278948,1.25460389690088,1.08881942733197
2023-08-31,0.11723954194,1.23858362907763,0.890550061624471
2023-09-01,0.84632990893,1.32352736279764,0.776131270824579
2023-09-05,0.12667581541,1.22953451708992,0.715354005141217
2023-09-06,-3.5793357934,1.07069014187462,1.59633692299234
2023-09-07,-2.9249357607,1.02286796731728,3.52798014836937
2023-09-08,0.34917774265,1.38488757494857,1.33155108565775
2023-09-11,0.66225165574,2.27652890180985,1.02055411192028
2023-09-12,-1.7060660125,1.54717755978744,2.45529745570566
2023-09-13,-1.1854792967,1.46074434394125,1.97769641749596
2023-09-14,0.87825038736,2.11741929168419,1.24230830242021
2023-09-15,-0.41538636624,1.98544528203368,1.23464149408829
2023-09-18,1.6913319239,1.52810968902625,1.19815285706386
2023-09-19,0.61808169921,1.51787019980383,0.800387826043561
2023-09-20,-1.9992181829,1.52094789922487,1.49903481938811
2023-09-21,-0.88893954071,1.23534399227085,1.37455354038859
2023-09-22,0.49445179102,1.43810878150578,1.07646098935345
2023-09-25,0.73802849147,1.40731122129306,1.29540055310981
2023-09-26,-2.339845525,1.28932536056912,1.17293600832713
2023-09-27,-0.88974180035,1.37564441557255,1.42367003388146
2023-09-28,0.15255530125,1.36570283749039,2.93524940908178
2023-09-29,0.30464584925,1.44636410656807,1.52254475926498
2023-10-02,1.4835582033,2.11547624471404,2.14566543388279
2023-10-03,-0.77697841734,1.66197651051026,1.36643236445174
2023-10-04,0.73085846852,1.95631231833125,1.34022937730121
2023-10-05,0.7197973051,1.70160352699664,1.09434109039951
2023-10-06,1.4750443086,1.68602003674821,1.36989302000385
2023-10-09,0.84511803489,1.43849231272824,0.905847356605518
2023-10-10,-0.33521425785,1.52093913944585,0.980485103081921
2023-10-11,0.79040304954,1.24476781268738,0.76264742462911
2023-10-12,0.50611790866,1.23619330002271,1.05743637476768
2023-10-13,-1.0292734213,1.10907438300564,1.29369519925392
2023-10-16,-0.072686608928,1.20670897254613,1.54664724407854
2023-10-17,-0.87846911374,1.28164360011206,1.59816396834362
2023-10-18,-0.73948631107,1.42702568580833,1.46149856488665
2023-10-19,-0.21610555041,1.50007322940701,1.91294492002555
2023-10-20,-1.4704206087,1.51444528384967,1.17423499348967
2023-10-23,0.069412309131,1.74927008462482,1.65969471249016
2023-10-24,0.25433526007,1.47995998412128,1.45266691951676
2023-10-25,-1.3491697417,1.6592080282181,1.53509050028152
2023-10-26,-2.4605493863,1.57507679533184,2.52547575214637
2023-10-27,0.79693211101,1.61162948482224,1.97554713202873
2023-10-30,1.2305314469,2.01436300695113,1.74716091231222
2023-10-31,0.28187210046,1.89359850397166,1.15632446406319
2023-11-01,1.8738654331,1.81920763098804,1.53346224511417
2023-11-02,2.069322297,1.58604623568886,1.01495586348945
2023-11-03,-0.51810553587,1.71644303825497,2.53023947926955
2023-11-06,1.4605151429,1.40244308768649,1.16172785130036
2023-11-07,1.4450705796,1.98291327731285,0.970849214295048
2023-11-08,0.58849411507,1.45292220576944,0.844665517146639
2023-11-09,-0.26245284052,1.36844781575489,1.07962372457747
2023-11-10,2.3220069164,1.26373397112143,0.667831534336056
2023-11-13,-0.85836909857,1.35162472587688,0.593207001068951
2023-11-14,1.4285714286,1.04361366442179,0.87144194129158
2023-11-15,0.30409731098,0.966807816332324,0.652990165687859
2023-11-16,0.90420722318,1.05430221567469,0.924463575658225
2023-11-17,-0.010542406926,0.959665651648042,0.65333772694908
2023-11-20,0.92782961674,1.03970921495308,0.627360361348167
2023-11-21,-0.42308696793,0.942213769531067,0.478409571881653
2023-11-22,0.35144775502,0.93379090917878,0.734366922643934
2023-11-24,-0.70043385094,0.845590790288324,0.335963573805852
2023-11-27,-0.094751802862,0.940152633943235,0.432503731289177
2023-11-28,0.32140787171,0.746845015270422,0.368988360006342
2023-11-29,-0.54096638642,0.759126259374372,0.630198898019969
2023-11-30,0.30627871347,0.710216581336605,0.606789331615097
2023-12-01,0.67912608574,0.811038007880328,0.686620639390964
2023-12-04,-0.94645471672,0.789629673495367,0.561268153846186
2023-12-05,2.106318957,0.847725806048741,1.811129796505
2023-12-06,-0.56871057786,0.81444441108206,0.667780478154032
2023-12-07,1.0139351081,1.37935203122418,0.639695488014778
2023-12-08,0.74123642353,0.979799057732634,0.661675663009996
2023-12-11,-1.292729038,0.97192705153552,0.787411469790889
2023-12-12,0.79200745422,0.977037587584496,0.441692363098464
2023-12-13,1.6691489907,1.04071156027954,0.887418392283042
2023-12-14,0.075772883611,0.798246995788441,1.19132838763195
2023-12-15,-0.2725758417,0.974157097617332,0.810849639902653
2023-12-18,-0.85033152818,1.12985713459738,0.742795902163579
2023-12-19,0.53601511063,1.0099469606467,0.533033619233003
2023-12-20,-1.0713923021,0.982219476744769,0.569237864735198
2023-12-21,-0.076990196703,0.91613061409308,0.862416678193152
2023-12-22,-0.55475652343,0.900449251803562,0.467759051069613
2023-12-26,-0.2840909091,0.974242536648137,0.318357837153003
2023-12-27,0.051800051733,0.805967478528404,0.496761179839343
2023-12-28,0.22262490311,0.71541375563647,0.374443967881984
2023-12-29,-0.54241140615,0.774859261253885,0.474533175207142
2024-01-02,-3.5786630655,0.71456466216675,1.76026647578788
2024-01-03,-0.74876104281,0.716335020861467,0.906050867032729
2024-01-04,-1.2700135687,1.28157335551877,0.973474896159852
2024-01-05,-0.4012973448,1.03483963348252,1.28545959849719
2024-01-08,2.4174853737,1.10131290829392,0.855356554907198
2024-01-09,-0.22634188408,1.29179595688823,0.569318890762771
2024-01-10,0.56713838185,1.17314366811565,0.631870772019452
2024-01-11,-0.32225146351,0.968179272516744,1.02143581586946
2024-01-12,0.17781130446,0.966113350275249,0.632721675350334
2024-01-16,-1.2317125646,1.10712775879738,1.20840089763615
2024-01-17,-0.51734466042,0.913757914859791,1.01163112817499
2024-01-18,3.2570615283,1.1473057568545,1.31395484558866
2024-01-19,1.5533054127,1.11775055813701,0.828349860129025
2024-01-22,1.2163290874,1.28371282851269,1.02039269180271
2024-01-23,0.66532570017,1.09707030735945,0.676675219593236
2024-01-24,-0.348396352,1.19860261514823,0.736079848205792
2024-01-25,-0.16966580988,1.03187655355203,0.899204531449414
2024-01-26,-0.90127208105,1.02886702010703,0.510934527047962
2024-01-29,-0.35859058316,1.0489333042764,0.833386676319941
2024-01-30,-1.9245814427,0.885477520840148,1.20034326478245
2024-01-31,-1.9357583493,0.982921710353847,1.5126338692133
2024-02-01,1.3340563994,1.15871527491971,1.10154524300651
2024-02-02,-0.54051161296,1.33845087899273,2.70778711353786
2024-02-05,0.98466505242,1.21453881481631,1.81990690717084
2024-02-06,0.86317135556,1.97117797501559,0.959119642969406
2024-02-07,0.058108821941,1.74879398073161,0.830342259481496
2024-02-08,-0.57547119995,1.42645870562187,0.530899323301122
2024-02-09,0.40940025519,1.3201846169693,0.429896934110397
2024-02-12,-0.90018533228,1.16412495794326,0.436940663454166
2024-02-13,-1.127437884,0.92812808864963,0.941557679541769
2024-02-14,-0.48097708614,0.809065787060935,0.747852731081978
2024-02-15,-0.15748031483,0.983872500600725,1.28014000257358
2024-02-16,-0.84303274234,0.909194156372479,1.00535082395469
2024-02-20,-0.41138719771,1.16145928131345,0.981375177899425
2024-02-21,0.41859440407,1.11577928912029,1.03673921089359
2024-02-22,1.1243966652,1.1547301873678,0.86257449848824
2024-02-23,-1.0034170419,1.18298382696393,0.592036777739921
2024-02-26,-0.74512382207,1.131759947555,0.557094870991412
2024-02-27,0.81143740335,0.976578184443678,1.42941261290119
2024-02-28,-0.66254175099,0.925051015538867,0.725281708881038
2024-02-29,-0.36930878632,1.2701069214902,1.58451385215286
2024-03-01,-0.6030428769,0.997314739258374,1.02763708515437
2024-03-04,-2.5381275741,1.36156218382554,1.51084556808507
2024-03-05,-2.844089092,1.20486171397498,1.13936861639096
2024-03-06,-0.58782036213,1.45769104563109,1.57053357780654
2024-03-07,-0.070955534557,1.30263290124322,1.10471957394207
2024-03-08,1.023668639,1.52589895706298,1.56663793647094
2024-03-11,1.1831546886,1.31997196665378,1.88700020961077
2024-03-12,0.27785817656,1.53021633382689,1.21079397699608
2024-03-13,-1.2122611557,1.67679759440822,0.657281639147788
2024-03-14,1.0927365163,1.44773305604735,1.66304755033132
2024-03-15,-0.21965317919,1.17470052445393,0.970810732898899
2024-03-18,0.63723786334,1.57759328052412,1.31411876581373
2024-03-19,1.358507944,1.28345307140691,0.936728284844525
2024-03-20,1.470922308,1.35406476476982,0.856667006561975
2024-03-21,-4.0857446689,1.19730720705111,2.01132217921237
2024-03-22,0.53101476333,1.1871877126711,1.1336834376981
2024-03-25,-0.83004411417,1.62306965357793,0.753177834546555
2024-03-26,-0.66725197539,1.33056938537546,0.563205884743706
2024-03-27,2.1212656886,1.14802635226485,0.88780333290037
2024-03-28,-1.0559113728,1.04877106766582,0.676431841531198
