"Date","Return","Vol_HAR","VaR_HAR_1","ES_HAR_1","VaR_HAR_5","ES_HAR_5","RV_APPLE"
2012-12-06,1.5687306593,1.51598290221031,-3.86920118058436,-5.28748867252136,-2.56910093604909,-4.08680023719009,10.1287912990905
2012-12-07,-2.5572664505,1.9059099010792,-4.9162075691261,-6.58899600751778,-3.28140344072471,-4.74594651047881,7.19073133342427
2012-12-10,-0.64305672768,2.27081273165449,-5.89654177176562,-7.81541179149545,-3.94831087322266,-5.34414157337677,6.32514518268347
2012-12-11,2.1832094582,2.31780047562583,-6.02214905757497,-7.81541179149545,-4.03366975756039,-5.51452857590568,3.2568649161134
2012-12-12,-0.44108846159,2.40958731665173,-6.26827238462877,-7.9807714346,-4.20131039131738,-5.79771713516712,3.30064320099759
2012-12-13,-1.7272727271,2.32055876232244,-6.03008788578428,-7.81541179149545,-4.03978804385384,-5.53152515666897,3.01325701941911
2012-12-14,-3.756159263,2.23637510206053,-5.80483843635936,-7.65182915170417,-3.88633109456596,-5.32983264232,3.69672689431181
2012-12-17,1.772480649,2.042388487345,-5.28416247497917,-7.01122782036571,-3.53890725187516,-4.91802107537985,5.81240149587402
2012-12-18,2.9046123007,1.97725655568614,-5.10862124992103,-6.70425977922143,-3.41917002899681,-4.83616793163169,2.98010984364307
2012-12-19,-1.4216145347,2.0579630855401,-5.32504119317851,-7.01122782036571,-3.56693466318634,-4.96010151957538,2.23541974242269
2012-12-20,-0.87017157175,1.92563581215017,-4.96988188819446,-6.66500716633023,-3.32483950875713,-4.76819737677584,2.33550646836099
2012-12-21,-0.46004620781,1.85221957324338,-4.77315244626231,-6.44748779562449,-3.19063730800799,-4.70116053274038,1.65950676201618
2012-12-24,0.16136175436,1.83617793728753,-4.72978618399293,-6.34914859886154,-3.16133694894112,-4.68910499415732,0.711145254508665
2012-12-26,-1.3781124559,1.73764065952328,-4.46520253109697,-6.14041916449831,-2.98106372934115,-4.55749508577485,1.30812610168041
2012-12-27,0.40165731152,1.51305921423944,-3.86218609155077,-5.27378901900385,-2.56986165344765,-4.08765968150647,1.75399054457866
2012-12-28,-1.0621675144,1.48810295823856,-3.79552180049452,-5.2069635313,-2.52440250334281,-4.03033107717178,1.05636660935845
2012-12-31,4.4317461987,1.49643723866858,-3.81759507074381,-5.24672385170094,-2.53950825875925,-4.04889680915168,3.85463182156424
2013-01-02,3.16759835,1.40280575910101,-3.56572065947739,-4.96010151957538,-2.36768668689891,-3.81762344761583,2.32798010349097
2013-01-03,-1.2629728794,1.64353425597965,-4.21225718212756,-5.79771713516712,-2.80864928075765,-4.34487822655102,1.43399467183315
2013-01-04,-2.78472868,1.61721514984925,-4.14230532750988,-5.61864400285976,-2.76093064159369,-4.30592955564428,1.73064969026435
2013-01-07,-0.58823529398,1.57404351908343,-4.02607659405579,-5.49715283056742,-2.70303468960244,-4.21825130437877,3.15809214558826
2013-01-08,0.26913533093,1.59066479574675,-4.07087961845777,-5.56577792372471,-2.73359878665948,-4.25446657453285,2.41267136767811
2013-01-09,-1.5628866764,1.73588632308826,-4.46131176250867,-6.11247886825,-3.00191380885155,-4.57888521162857,1.53437380516119
2013-01-10,1.2396054921,1.64305303187655,-4.21247855391663,-5.79771713516712,-2.83147093446871,-4.36209063852953,2.5761658561463
2013-01-11,-0.61316880283,1.552412642146,-3.96849068945143,-5.43223990313763,-2.6638861682747,-4.16910275204475,1.21659939869402
2013-01-14,-3.5652508169,1.63923934276704,-4.20178967148963,-5.79771713516712,-2.82437860526099,-4.36209063852953,3.16912447949613
2013-01-15,-3.1549576483,1.53774535519672,-3.92969756005058,-5.35698243201122,-2.65314326906275,-4.16635797052136,3.03284076941052
2013-01-16,4.1508890352,1.64416735397934,-4.21635976849756,-5.79771713516712,-2.85672515946724,-4.38335267732722,1.96146014824347
2013-01-17,-0.67379319871,1.65675818083236,-4.24968736955298,-5.81963974343333,-2.8804457607289,-4.41578009593422,1.73980123954903
2013-01-18,-0.53314235702,1.61198700912475,-4.13003938299867,-5.60075716293976,-2.797827495534,-4.33619595655838,0.873170310622465
2013-01-22,0.95400000009,1.56733518177638,-4.01045019936996,-5.49715283056742,-2.71506240671243,-4.21725820358639,1.76048438831017
2013-01-23,1.8295461297,1.49642682906165,-3.82001864922705,-5.25778086526762,-2.5832882032116,-4.0952229055658,2.07135934718011
2013-01-24,-12.354938181,1.49381520574253,-3.81349513357297,-5.25778086526762,-2.5786221925311,-4.0952229055658,6.24490562894081
2013-01-25,-2.3573806881,1.47692119809427,-3.79586434675375,-5.28282775839908,-2.5506106797463,-4.08416759636276,6.08767319522753
2013-01-28,2.2619805401,1.84333568287366,-4.78405114643745,-6.565636803332,-3.22619714024712,-4.76416911089677,4.74225148347969
2013-01-29,1.8762643665,1.96790232386654,-5.12020420633071,-6.83567090484419,-3.45717547112893,-4.93651654931594,2.27979923524802
2013-01-30,-0.31422523844,2.02128284088531,-5.26509873897334,-7.10894892893784,-3.55654512699572,-5.01257747416412,2.2918434351172
2013-01-31,-0.29332574477,1.92884921097862,-5.0159366535896,-6.7943237803,-3.38519069646004,-4.84375917998571,1.31069793649507
2013-02-01,-0.41054688363,1.93617203995064,-5.03651284602666,-6.83567090484419,-3.39900777930352,-4.86327005011379,2.13329168476198
2013-02-04,-2.4919536176,1.7438722647472,-4.51716060620492,-6.27362990493051,-3.04218730874808,-4.63580304872917,2.22586324667059
2013-02-05,3.5106123225,1.65578699073786,-4.27942448545961,-5.95561694454366,-2.87893362620938,-4.45491187333404,2.48978339713707
2013-02-06,-0.10789701291,1.57556109255071,-4.062586969533,-5.6265734411954,-2.72986002287087,-4.29585183873413,3.57229124847569
2013-02-07,2.9733890477,1.59922478833458,-4.12646169540637,-5.68116407982143,-2.7737725503251,-4.34959426024876,4.47035938949291
2013-02-08,1.443765751,1.70211483015085,-4.40377200594367,-6.10451394291231,-2.96425329586905,-4.59801753107616,1.73714532151104
2013-02-11,1.0421491432,1.84527592162188,-4.7912298899465,-6.565636803332,-3.23036318129554,-4.7726244068026,2.08536832686616
2013-02-12,-2.5066155482,1.69798055571683,-4.39335120943095,-6.05356498991493,-2.95692813488973,-4.58857062606185,2.99127333887124
2013-02-13,-0.19021158369,1.71213854794043,-4.43172854713641,-6.18636776155,-2.98332464570512,-4.59801753107616,2.89035216670581
2013-02-14,-0.089933834352,1.77376790309039,-4.59801575521248,-6.36646312279821,-3.097540359228,-4.67374497882744,1.99025091270795
2013-02-15,-1.3780835423,1.74818589094718,-4.4983632497472,-6.27362990493051,-3.04735833701612,-4.63580304872917,1.16424412661595
2013-02-19,-0.036943671694,1.61935256957474,-4.15215477158985,-5.75805021846375,-2.8091692691404,-4.38133750295228,2.09064983927282
2013-02-20,-2.4217917781,1.55057966122895,-3.96733513305088,-5.50588562949787,-2.68160607808526,-4.22987729960184,1.65943415553387
2013-02-21,-0.62158850396,1.60135097956275,-4.10659939974357,-5.66282590099059,-2.77679803071368,-4.34959426024876,2.39526993302129
2013-02-22,1.0648791642,1.5308734371189,-3.91701075690737,-5.42766885371818,-2.6462578951733,-4.20861865557364,1.46998167836765
2013-02-25,-1.7768017568,1.55846840567212,-3.98904504415273,-5.53906382710978,-2.6976220297293,-4.25883510824742,1.50080917255148
2013-02-26,1.3934056007,1.48592491442283,-3.79442514052504,-5.28282775839908,-2.56320213267277,-4.10633055852936,3.37802291138288
2013-02-27,-0.98002093682,1.49935639737658,-3.82979787809797,-5.33901021507714,-2.58767896057644,-4.13973427934304,6.10549823516867
2013-02-28,-0.71304856383,1.64264252992199,-4.21651118293824,-5.88632823038108,-2.85448266676474,-4.43112234340053,1.61614299361823
2013-03-01,-2.4762120524,1.91581750665309,-4.9497245943917,-6.75357842531333,-3.36143501849874,-4.84758355253014,2.05775271712348
2013-03-04,-2.420610031,1.66282668298319,-4.27078125638888,-5.95561694454366,-2.8922161115999,-4.48195288418967,1.88436991844674
2013-03-05,2.6411141531,1.70436657632955,-4.38316246284292,-6.05356498991493,-2.96996383763454,-4.6003451145152,3.09962947425224
2013-03-06,-1.271500937,1.70694776854797,-4.38964163443582,-6.05356498991493,-2.97432918579524,-4.6003451145152,2.21660140059494
2013-03-07,1.1558466576,1.76411016061271,-4.54261021966464,-6.33486566894035,-3.07994971955232,-4.65741594917273,2.13832929626844
2013-03-08,0.26429344471,1.59184708137892,-4.07942824494366,-5.66171836393647,-2.75967661991859,-4.34155551709403,1.89175497669369
2013-03-11,1.4245344204,1.60258965069061,-4.11619300400016,-5.68024048596667,-2.784131315441,-4.3653505233702,2.33532225286564
2013-03-12,-2.1558910178,1.58175819638944,-4.06016688699993,-5.64316149559302,-2.74644414229266,-4.31820886533186,2.68168685294743
2013-03-13,-0.018672828628,1.61945194715914,-4.16157925857585,-5.81983025613766,-2.81671968042125,-4.40593430173471,2.02677465195674
2013-03-14,0.96883389742,1.62126167431111,-4.16621371363559,-5.81983025613766,-2.81995724585272,-4.40593430173471,1.64802001170554
2013-03-15,2.5803468208,1.5792545894275,-4.05235076366024,-5.64316149559302,-2.74121812650286,-4.31820886533186,1.39551735982024
2013-03-18,2.7182977956,1.53987433961115,-3.94582311542746,-5.44019607913367,-2.66716211215332,-4.22155839379401,2.0495815643156
2013-03-19,-0.26990257165,1.50451751432019,-3.84988190226961,-5.34996222903942,-2.60059933944351,-4.15150392831542,2.63444078553966
2013-03-20,-0.53026469241,1.53087714637032,-3.91910058316085,-5.41234281172887,-2.64752063973806,-4.19632661337604,1.37706356752987
2013-03-21,0.1437798619,1.56369694105483,-4.00748956999048,-5.55976791273977,-2.70880409396356,-4.24685070920524,1.6473323268054
2013-03-22,2.0276986284,1.46758233896926,-3.74840295408025,-5.19952988080625,-2.52944389546976,-4.06092201882321,1.03622893475681
2013-03-25,0.36154229183,1.48278405481201,-3.78865869394504,-5.26622674658972,-2.55674737875525,-4.08691724713004,2.03121153003935
2013-03-26,-0.52720134599,1.43068969993674,-3.6496539978127,-5.11136530245042,-2.46069689192395,-3.96240457711265,0.861613240455134
2013-03-27,-1.9638458069,1.48909075750525,-3.80736222446972,-5.3084612043625,-2.5696633595359,-4.11351205358603,1.19906272991649
2013-03-28,-2.0837019996,1.34688242806717,-3.42476802871157,-4.88639936948921,-2.30561260966711,-3.76649810712941,1.21310841228917
2013-04-01,-3.1062214793,1.36102221317628,-3.46291769765252,-4.92915012210222,-2.33215589207533,-3.7919792502919,1.64530085379291
2013-04-02,0.20563754624,1.33927340106276,-3.40565148109532,-4.85515918149789,-2.29679447477902,-3.74924322766416,3.44311961160212
2013-04-03,0.51141017047,1.38235053897029,-3.52111249489076,-4.95091854491203,-2.37663669238299,-3.83604525596413,2.08260372529167
2013-04-04,-0.98844880677,1.54681266310335,-3.96406817090081,-5.49142701513478,-2.68321354770504,-4.22691347731831,2.25346715272088
2013-04-05,-1.0567661086,1.51173090111791,-3.87092215727505,-5.3518670321099,-2.61864582822277,-4.14290036544533,1.45293005590137
2013-04-08,0.7112476369,1.55954501234132,-4.00008413970594,-5.55976791273977,-2.70808203897107,-4.24144488347109,1.26828504298787
2013-04-09,0.18066211487,1.51876395925844,-3.89109643876305,-5.39704593066735,-2.632639760903,-4.16339968314189,1.06100442778859
2013-04-10,2.0399081925,1.49208217992402,-3.82005476176428,-5.3084612043625,-2.58347400284513,-4.12259595002018,1.4609695548866
2013-04-11,-0.31214854598,1.38663892817688,-3.53761051569987,-4.96174654325455,-2.38840649408966,-3.86286544621587,1.36189613398917
2013-04-12,-1.0429857482,1.38632749926551,-3.53835554071166,-4.96174654325455,-2.38919847476019,-3.86286544621587,0.798891872760802
2013-04-15,-2.3150302466,1.34194683411705,-3.4195206725651,-4.88639936948921,-2.30712195252575,-3.76422129117138,1.27432305812695
2013-04-16,1.521972133,1.2723730171794,-3.23323102026843,-4.75422496623158,-2.18381250936499,-3.62149211945844,1.52345583648842
2013-04-17,-5.4992492494,1.30344682108413,-3.31665885314346,-4.81462380278699,-2.24161739776901,-3.70066597593102,5.83968050607083
2013-04-18,-2.668818272,1.33992519020678,-3.44306537778311,-4.91184951891957,-2.32117849383051,-3.78534821828646,3.45480784102987
2013-04-19,-0.38770564979,1.74965064367145,-4.5511045588438,-6.28850226950175,-3.08615236294603,-4.64152192617818,4.95068047257023
2013-04-22,2.0843469132,1.69675819545468,-4.40715860656103,-6.08974967811406,-2.98692412990088,-4.57629373426395,2.69062642649697
2013-04-23,1.8712218125,1.89987526076842,-4.95677766720168,-6.69485145269111,-3.3662449992087,-4.82948277329726,3.25589038925023
2013-04-24,-0.16447935386,1.83650357647504,-4.78607410298391,-6.512782527972,-3.24849359980024,-4.76905478647697,10.4717607781749
2013-04-25,0.71967286694,1.91672367062471,-5.00197659834396,-6.73426210375455,-3.39812172731545,-4.8573989120028,2.67907163493965
2013-04-26,2.1609775209,2.34602032303469,-6.16407828968976,-8.096244613,-4.20143224316239,-5.85061588216487,1.79869941969327
2013-04-29,3.0956004841,2.01248800359822,-5.26328462001014,-7.03752423250541,-3.57881325987984,-5.01965848006641,1.86801351431909
2013-04-30,2.9433646425,1.88556836699418,-4.92010959633267,-6.65689227720217,-3.3415334863361,-4.8371109419469,2.7475562515582
2013-05-01,-0.78820181579,1.86579501745678,-4.86690012688484,-6.58355789506458,-3.3046578527718,-4.79626576740201,2.86133887893875
2013-05-02,1.4181975461,1.89459510026808,-4.94464955804218,-6.65689227720217,-3.3582903802175,-4.8371109419469,1.62311937113435
2013-05-03,1.0010773927,1.66836534736373,-4.33287734559621,-5.98962869361912,-2.93569576207714,-4.55183830521609,0.778748061602464
2013-05-06,2.3845504244,1.56191653495133,-4.04439009490927,-5.61243226573256,-2.73603350001927,-4.30006907218039,1.19570585828853
2013-05-07,-0.44539949213,1.47335019671761,-3.80494632871431,-5.29608571297642,-2.57060722393587,-4.11463996866087,1.71959700159234
2013-05-08,1.1298178599,1.47141557144834,-3.79923285369547,-5.28213124093551,-2.56632367585419,-4.10699952367792,1.15859345095962
2013-05-09,-0.87241476594,1.46484738387141,-3.78179483843343,-5.25475205088532,-2.55427402741944,-4.08715726983333,1.91978680116531
2013-05-10,-0.83192854172,1.36382537504451,-3.50822155281945,-4.96427080754586,-2.36541183406188,-3.81295296222456,1.69310101067856
2013-05-13,0.3907543547,1.42523224922023,-3.67486613156878,-5.13867316449746,-2.48061513198086,-3.98062962267052,1.57154423070984
2013-05-14,-2.3925759777,1.44638083531936,-3.73236983411017,-5.20218226459911,-2.52031536093589,-4.06008550650168,2.00562501859502
2013-05-15,-3.3816969313,1.453588273909,-3.75193812045504,-5.20218226459911,-2.53383706548763,-4.07964019139617,3.84275772214992
2013-05-16,1.3356651509,1.49282967539402,-3.85810932708369,-5.33884023494369,-2.61581521194028,-4.15731115365893,3.57935762801914
2013-05-17,-0.30328272496,1.69155336727008,-4.39613186130619,-6.03867739245455,-2.98835319558403,-4.58247288154854,2.26693779338842
2013-05-20,2.2319161706,1.73427407559482,-4.51241890747712,-6.22883814615085,-3.06890437866214,-4.629480449,2.46674503834829
2013-05-21,-0.73826564012,1.67844025375362,-4.36199648134357,-6.0141215008403,-2.96546323627744,-4.58247288154854,3.2014066219708
2013-05-22,0.38529772992,1.71564918065317,-4.46360997443987,-6.17149109029508,-3.03537501853285,-4.6201123328515,3.01538833497911
2013-05-23,0.17808833727,1.78706601825157,-4.65697082325353,-6.3192718055125,-3.16942339851574,-4.73677101956387,2.60849651064961
2013-05-24,0.68077984342,1.75280100933349,-4.56399177144475,-6.28850226950175,-3.10443990275298,-4.65790198728466,1.08835006934118
2013-05-28,-0.83365157816,1.69973829852009,-4.42156781291579,-6.1437433459371,-3.00645205450166,-4.60124056839112,2.02449779173967
2013-05-29,0.79535337845,1.56143340490633,-4.04657943966364,-5.61243226573256,-2.74655382817093,-4.31829289560396,1.47875936876369
2013-05-30,1.4900550623,1.59671286539118,-4.14308272993866,-5.6858662424939,-2.81397628597926,-4.38198771900825,1.17778310436561
2013-05-31,-0.40856548121,1.50360135618053,-3.8922883976528,-5.39807828742222,-2.64111555576015,-4.19216837296073,0.893369518475971
2013-06-03,0.21901786622,1.41516089701682,-3.65263602082278,-5.12628841951176,-2.47500077183569,-3.97705622102183,2.30182035957928
2013-06-04,-0.31283280086,1.32444074418155,-3.40685820996324,-4.87802604534255,-2.3045658873996,-3.76431923319038,1.25377574142322
2013-06-05,-0.93476664215,1.46021547692644,-3.77431933914226,-5.22816479485766,-2.55944256994965,-4.10815032140087,1.7248562430865
2013-06-06,-1.4940127159,1.36412054449442,-3.5141776674433,-4.96427080754586,-2.37900320808607,-3.85016838116752,2.15153126089555
2013-06-07,0.76426583946,1.40588727867138,-3.62735604550322,-5.10162746140496,-2.45724606213976,-3.96930916656482,1.77410367343335
2013-06-10,-0.66114243409,1.47082978966508,-3.80369334093319,-5.29608571297642,-2.57954768624768,-4.14218551875265,3.17672188050345
2013-06-11,-0.29392330662,1.48107029831147,-3.83140788939149,-5.32455151973173,-2.59860091901577,-4.14905644810222,2.20925599894128
2013-06-12,-1.2362888483,1.59627585890882,-4.14385512074297,-5.6858662424939,-2.81472822852408,-4.38965052811762,1.46247633292366
2013-06-13,0.87345843258,1.57588036211259,-4.08898557965663,-5.63062761372471,-2.77654738077334,-4.36527893381225,1.8608836628197
2013-06-14,-1.3567602904,1.52374831413063,-3.94755601636254,-5.41322961211327,-2.67897941714376,-4.24155471099434,0.870790569606192
2013-06-17,0.45343564707,1.53687909099358,-3.98298114575244,-5.50799836025543,-2.70374002907765,-4.27143318641298,1.33290618743245
2013-06-18,-0.053240740726,1.44309741090963,-3.72863871623313,-5.20218226459911,-2.52749976063314,-4.06858766191097,0.826757215719169
2013-06-19,-2.0311740047,1.39538993874304,-3.59964949200639,-5.0539732011936,-2.43832961184391,-3.94543167649689,1.19077208948019
2013-06-20,-1.4567375886,1.30023572712963,-3.34193816771872,-4.82714235283288,-2.25982338540958,-3.72199085454147,2.3739528128189
2013-06-21,-0.80079071486,1.31121354384262,-3.37160334582561,-4.82714235283288,-2.28002386571779,-3.73181658553502,2.62305921169222
2013-06-24,-2.6505441354,1.40830488920258,-3.63486485962463,-5.11389635356917,-2.46178549268058,-3.9872604038716,3.41110917164112
2013-06-25,0.022358026399,1.48830203165879,-3.85176474951796,-5.32455151973173,-2.63095958251629,-4.16999506024234,1.79474108163192
2013-06-26,-1.132553461,1.60706857483412,-4.17364043799962,-5.78550929811169,-2.85494893377016,-4.43086575800372,1.84544494326558
2013-06-27,-1.077699902,1.54892521363852,-4.01651692348095,-5.55908792775843,-2.7456516944336,-4.32533382761741,1.68234581509655
2013-06-28,0.69835949016,1.57585945432892,-4.09007592821383,-5.63062761372471,-2.79680490811371,-4.37338431972923,2.36434504677362
2013-07-01,3.2002622753,1.54195332865234,-3.99768247714419,-5.54174209324333,-2.73231114268354,-4.30967195652168,1.66889626649581
2013-07-02,2.2652851767,1.57275375513638,-4.08187994140905,-5.63062761372471,-2.79090290789806,-4.37338431972923,2.23152233344049
2013-07-03,0.55198451555,1.47109694244562,-3.80588169456676,-5.31027823336286,-2.59816095387102,-4.14242586264779,1.8167201555566
2013-07-05,-0.80323193906,1.5227943492082,-3.94569949763914,-5.41322961211327,-2.69535958638841,-4.26389291909856,1.27925713938742
2013-07-08,-0.56777346572,1.49650777724924,-3.87465450462485,-5.36797919367624,-2.64560755968157,-4.19810934051927,2.04406768170539
2013-07-09,1.7588242381,1.44945508755473,-3.74749102468853,-5.20218226459911,-2.55758495982091,-4.10186753611638,2.28837434377739
2013-07-10,-0.38356813066,1.48408235772938,-3.8410177593315,-5.32455151973173,-2.62232689562008,-4.16306939080718,2.12773258918305
2013-07-11,1.5587193688,1.5211667473241,-3.94167194904519,-5.41322961211327,-2.69274448117166,-4.26389291909856,1.08668208051418
2013-07-12,-0.18207859812,1.50852404183318,-3.90767156226801,-5.41322961211327,-2.66817853614594,-4.22108052374299,1.11061703026793
2013-07-15,0.2180488149,1.4142475101108,-3.652056622789,-5.14901705081966,-2.48964078631286,-3.99531464385142,1.01599276141473
2013-07-16,0.6445349054,1.40684124319142,-3.63219160745282,-5.13622233434153,-2.47590633811579,-3.98918923017621,1.28115402680616
2013-07-17,0.02673206327,1.3589950779225,-3.50271490359709,-4.98209687349313,-2.38531484429393,-3.87239966382836,0.855183453139844
2013-07-18,0.33650159185,1.33356980550306,-3.43473168530596,-4.91527033805328,-2.33763458530966,-3.80287111074911,0.616207265506296
2013-07-19,-1.576809231,1.25066183149778,-3.20987092980734,-4.75933506618684,-2.18097591668975,-3.63118965754747,1.13437874747402
2013-07-22,0.32003765155,1.21087407635129,-3.10254582233101,-4.66860060218261,-2.09536724194583,-3.53837098904718,1.38389260070729
2013-07-23,-1.7170603552,1.2498038868072,-3.2078401385249,-4.75933506618684,-2.16840462719149,-3.61751590950815,0.974479866106841
2013-07-24,5.1361607675,1.28344559232499,-3.29910392909883,-4.80021600877162,-2.23170779198542,-3.70706564338867,2.08745807946404
2013-07-25,-0.45628930102,1.2383103913763,-3.17654055396668,-4.74906000690457,-2.14680734767647,-3.5862032176589,1.34396181185805
2013-07-26,0.5678449259,1.36411822472318,-3.51780977908238,-4.98209687349313,-2.38351254048089,-3.86686676005204,0.846616718070338
2013-07-29,1.541985079,1.34026888603466,-3.45400678568573,-4.94829763534552,-2.33945310118309,-3.80287111074911,1.08860534823421
2013-07-30,1.2349538845,1.29286587461614,-3.3257430696117,-4.83102962822414,-2.25050432791021,-3.71689041422483,0.955474785724809
2013-07-31,-0.1742698315,1.29483810302,-3.33106615806289,-4.84950643102937,-2.24349772115536,-3.71204767572148,1.13397447117312
2013-08-01,0.91618235256,1.28164468289254,-3.2978354373826,-4.80776824760408,-2.20873053889367,-3.66356692545487,0.616427329728899
2013-08-02,1.2840613477,1.24969233810659,-3.21147462032368,-4.76641651099338,-2.14938020453822,-3.58588372940431,0.517131047834655
2013-08-05,1.4939248498,1.17634835076407,-3.01309995208156,-4.61642344687771,-2.0130507979833,-3.478460900802,0.907489977207262
2013-08-06,-0.89466396848,1.14875211206938,-2.93878038959265,-4.55882673350291,-1.96200794284192,-3.41305214952459,1.32989297531931
2013-08-07,-0.058033315418,1.16728874335567,-2.98997308337287,-4.59713987421667,-1.99707322794452,-3.46176360138333,1.17785358530698
2013-08-08,-0.19916437559,1.21616478524752,-3.12188306446411,-4.71489337671603,-2.0881141336884,-3.53363518082552,0.907682644943368
2013-08-09,-1.4229626254,1.20498414357013,-3.09152648760793,-4.66489499623851,-2.06733493008795,-3.52081402064912,0.865691135731679
2013-08-12,2.8407965672,1.19542604017926,-3.06502729586814,-4.64546251937178,-2.04929578985016,-3.51227596235263,1.42259401865547
2013-08-13,4.7522252653,1.20515616698599,-3.0909106554292,-4.66489499623851,-2.06687615337918,-3.52081402064912,3.89795879160912
2013-08-14,1.8240496764,1.26893096243151,-3.26281670135959,-4.79736782878311,-2.18487779428399,-3.63100284090349,2.72393811802991
2013-08-15,-0.1183550652,1.5303229695682,-3.97269708914899,-5.49151112518065,-2.67283584025755,-4.24096350230095,1.80366962336041
2013-08-16,0.88771063056,1.52161291670391,-3.94882807394772,-5.41322961211327,-2.65629041640577,-4.21881588422066,0.859518772162846
2013-08-19,1.0769812672,1.50156735450732,-3.89425482467882,-5.41322961211327,-2.61856200064171,-4.16154666569095,1.19933920175783
2013-08-20,-1.313664474,1.44499572802172,-3.74073114374213,-5.21369060207143,-2.51300295073768,-4.04685098211303,1.52840826745488
2013-08-21,0.25744905906,1.45830077297323,-3.77663142907322,-5.25284614595046,-2.53753622948855,-4.08725131476623,1.52896212819834
2013-08-22,0.11943626086,1.38744985239641,-3.55308967479284,-5.03571093433254,-2.39992164278571,-3.90149038631648,1.42129024346993
2013-08-23,-0.38571655796,1.33970670701556,-3.42447439312401,-4.93221618933333,-2.31098156532947,-3.77184142979404,0.588547021681476
2013-08-26,0.38920601983,1.31758332609415,-3.36553082632589,-4.85652539284718,-2.27042844980039,-3.73143516473174,1.09832432979232
2013-08-27,-2.8590174365,1.24547276045924,-3.17097434706612,-4.7620088099543,-2.13595768363118,-3.57619131584233,2.15446795505923
2013-08-28,0.47197036383,1.27616996123914,-3.25363125138717,-4.79336789477973,-2.19930077823671,-3.65092943280871,2.17402806741371
2013-08-29,0.16378214532,1.37508300434677,-3.51991850136974,-5.00086697421938,-2.38384432202709,-3.86381837737761,0.916857256718544
2013-08-30,-0.9119381737,1.40395827875929,-3.59699921915658,-5.08478434579091,-2.43721652581197,-3.94010753469763,0.961713487128886
2013-09-03,0.27995796536,1.30166482303667,-3.32105101099023,-4.84988107735035,-2.24589136744781,-3.70294999160743,1.76995582494722
2013-09-04,2.0694666175,1.31992340585271,-3.370270657468,-4.86073851679643,-2.28002460584314,-3.72276132626747,1.24252561352416
2013-09-05,-0.68599593733,1.40153697032197,-3.59029089446726,-5.07995806809174,-2.43257714282166,-3.9391774691504,0.547230677857559
2013-09-06,0.5956347044,1.33188138735294,-3.40360704740836,-4.90403723191838,-2.30324618530319,-3.76674066007138,1.23919541314581
2013-09-09,1.595680623,1.21317517473304,-3.0834312045079,-4.66137162650377,-2.08122491337157,-3.52224115085224,0.756656473286413
2013-09-10,-2.2778908271,1.27605063042164,-3.25235182968374,-4.79654270544247,-2.19828592028038,-3.643313949025,4.84918096037701
2013-09-11,-5.4443635777,1.23304107143108,-3.1369159939627,-4.72253163060131,-2.12959904583372,-3.56189705016503,2.17738937705685
2013-09-12,1.0647623529,1.61273187908076,-4.19791547972324,-5.85731364159054,-2.85944269043889,-4.44911330557541,1.58204671161462
2013-09-13,-1.648014555,1.497060084738,-3.8839838679527,-5.43110981579381,-2.64109594290552,-4.20165110939346,0.73129456179077
2013-09-16,-3.1791783178,1.50012377167971,-3.89253166838511,-5.43110981579381,-2.64715359393713,-4.21633337975519,1.8949571433866
2013-09-17,1.1552474894,1.42341421722654,-3.68499366329247,-5.19954341439204,-2.51105956942338,-4.04613527887932,1.8084312616076
2013-09-18,2.0556970921,1.53311243725588,-3.9826563502833,-5.52809889327912,-2.71809593420535,-4.29470124496238,2.26908540939462
2013-09-19,1.6398381682,1.41494350692633,-3.66227039324478,-5.18608152927632,-2.49524944523171,-4.00802410691728,0.816586606564851
2013-09-20,-1.035358882,1.44913434336948,-3.75574517619404,-5.24001530658182,-2.55993330058477,-4.105848385325,1.13607584061769
2013-09-23,4.9699407373,1.32571117359068,-3.42157912646122,-4.94156966943955,-2.32089116213762,-3.7912917495605,3.2294049071739
2013-09-24,-0.31387575409,1.36239741110131,-3.51981079690761,-5.0008460307315,-2.38983728884277,-3.86811718188485,1.6793806111852
2013-09-25,-1.5477407484,1.54263750878535,-4.00953001045322,-5.57189002067931,-2.73054700848826,-4.30030669059045,1.62925631139584
2013-09-26,0.97397877616,1.44687792624389,-3.75042809440083,-5.23005632851101,-2.55060706827023,-4.08262366650262,0.736781389455473
2013-09-27,-0.7136687097,1.42104028231821,-3.68092761735765,-5.18948983848214,-2.50299689343411,-4.01727606167448,0.562251772156819
2013-09-30,-1.2428793371,1.36069638469233,-3.51686593610882,-5.0008460307315,-2.38920901953239,-3.86811718188485,1.37351940087989
2013-10-01,2.3513371789,1.32226792811392,-3.41279486842207,-4.93116384803459,-2.31677673434474,-3.782240848965,1.23145869527711
2013-10-02,0.32789572924,1.29741593837339,-3.3445643079719,-4.85444437152071,-2.26957928223881,-3.71637949276997,1.43189829608663
2013-10-03,-1.2562300842,1.26896170152981,-3.26772730244326,-4.80105676576276,-2.21632499825045,-3.66754440416007,1.64290507931955
2013-10-04,-0.078608220883,1.27572927264344,-3.28639057530922,-4.81169947759375,-2.22875147480132,-3.69183063885403,1.02046496603815
2013-10-07,0.97716497949,1.32765173228258,-3.42762227776758,-4.93116384803459,-2.32709042335576,-3.78746185059068,1.11838513815945
2013-10-08,-1.3962070733,1.30441887439531,-3.36441259910834,-4.85444437152071,-2.28366921100107,-3.73037128953172,1.66314328051441
2013-10-09,1.1743668649,1.30147945117404,-3.35665437850821,-4.85444437152071,-2.27832853527944,-3.72539033102783,1.46812508276292
2013-10-10,0.62681364925,1.35638082203802,-3.50560871367433,-5.0008460307315,-2.38180111776374,-3.85640692975714,1.04581063418881
2013-10-11,0.64823400153,1.34665316026248,-3.47905478127203,-4.98906477309375,-2.36323543433002,-3.81303749055912,0.705841745522672
2013-10-14,0.65501651752,1.2849145735916,-3.31143634986581,-4.83287268213592,-2.24670253271391,-3.70065326824966,1.08599555302213
2013-10-15,0.5322151439,1.24397192048908,-3.20045031094971,-4.76940328064662,-2.16948189197522,-3.61043285488317,1.31917406056039
2013-10-16,0.48808855372,1.26804934882716,-3.26543338970198,-4.80105676576276,-2.21433485715647,-3.67458996456977,0.51611168997691
2013-10-17,0.67569455241,1.27031902734024,-3.27172697445194,-4.81169947759375,-2.21829457281487,-3.68775526153221,0.538528357349908
2013-10-18,0.87016848374,1.16607493469486,-2.98802705717451,-4.58820162386687,-2.02087991035392,-3.48377360077318,0.324407442096303
2013-10-21,2.450824343,1.14005885581385,-2.91806543212348,-4.53070490018488,-1.97244293018035,-3.43747209634124,1.16926770331766
2013-10-22,-0.28665303571,1.09960284109742,-2.80756498471189,-4.37321383595158,-1.89548036740751,-3.37295173513811,8.32800176843973
2013-10-23,0.9795765267,1.17179807960479,-3.00170760478199,-4.60960964237178,-2.03040031158734,-3.48570062887067,2.06324779127427
2013-10-24,1.3239103931,1.85566069849192,-4.86036505691889,-6.59959296264468,-3.32234724119479,-4.84764400285143,0.938207669467518
2013-10-25,-1.1189862948,1.58206742412729,-4.11692143415846,-5.68161977917531,-2.80494101901358,-4.37883649011755,0.938733854628451
2013-10-28,0.74492640106,1.5308210599034,-3.97810485782215,-5.53314117082584,-2.70840781107858,-4.27335001812935,1.03244238296717
2013-10-29,-2.4907714257,1.55115085112057,-4.03362545227874,-5.6240323328869,-2.74681922772806,-4.32102746110769,4.42654595992135
2013-10-30,1.5905457556,1.55277886865694,-4.03716488283205,-5.6431673483494,-2.74972259724658,-4.32913222630619,1.97621618512826
2013-10-31,-0.41798756329,1.61354820594258,-4.20272029865993,-5.87269131101111,-2.86502478886487,-4.45603269952179,1.15530895415169
2013-11-01,-0.51118993215,1.4718682625831,-3.81727646347688,-5.355268672425,-2.59693883711256,-4.15357220397327,0.951016358574988
2013-11-04,1.2922331403,1.4300630964114,-3.70373014304059,-5.21129819226091,-2.51804842916407,-4.05644202033636,1.07473495201529
2013-11-05,-0.24698623629,1.41679932612682,-3.66777810974856,-5.19766640307568,-2.4929783987955,-4.01070714062227,1.07845621869513
2013-11-06,-0.28311692804,1.42462954434034,-3.68985604939302,-5.19766640307568,-2.50859028314126,-4.04977564317888,0.934207198404556
2013-11-07,-1.6179067803,1.2897315762944,-3.32318880462898,-4.85800491279928,-2.25364107400978,-3.70753267721301,1.22551978008109
2013-11-08,1.5742684764,1.2332946371569,-3.17041987699097,-4.76046450108649,-2.14722034114193,-3.592131805075,0.745388761688453
2013-11-11,-0.2904564315,1.2557442915027,-3.23157838601452,-4.7928951899269,-2.18957997756611,-3.6434146463682,1.27167177175501
2013-11-12,0.18533931343,1.21034533199044,-3.10824168259423,-4.70763519912941,-2.10368838475919,-3.55152769059569,0.797410630418359
2013-11-13,0.1199976923,1.25659876872976,-3.23492177156894,-4.7928951899269,-2.19167127797269,-3.6434146463682,0.560808016596323
2013-11-14,1.4455452394,1.21046109026923,-3.10897515278265,-4.70763519912941,-2.10382592843921,-3.55369179984321,0.536896504233533
2013-11-15,-0.60000757358,1.17373286529929,-3.00976387065619,-4.61703021102778,-2.03447096195446,-3.50499801467701,0.436555355523169
2013-11-18,-1.2118302981,1.13741095203221,-2.91127678120223,-4.51985999499535,-1.96646376060006,-3.42814545360538,0.937392473006973
2013-11-19,0.17758359063,1.11364874981336,-2.84739427724478,-4.42108731103661,-1.90679698496515,-3.37931908176,0.803874017940041
2013-11-20,-0.87575786738,1.13791924376698,-2.91257105482341,-4.53563453131059,-1.95164523185473,-3.41162373986854,0.643720575547652
2013-11-21,1.1914563107,1.12924397778742,-2.88874252165961,-4.49811184424368,-1.93540065356649,-3.39533566945278,0.585104982949113
2013-11-22,-0.25636302234,1.11925193415012,-2.86119790094316,-4.45276975441955,-1.91622148132204,-3.38723002413398,0.370054691867981
2013-11-25,0.75798383987,1.0961692752155,-2.79852054846787,-4.39206601434516,-1.8730363436837,-3.36295614811712,0.571963133917926
2013-11-26,1.8444266239,1.07049181241831,-2.72833201192845,-4.3167932372559,-1.82436817523636,-3.31895424773219,0.567514218796838
2013-11-27,2.3547056617,1.06748879847672,-2.71987454754069,-4.30866564196684,-1.81841929271475,-3.31500662265553,0.66063508582747
2013-11-29,1.8517840137,1.05360933293972,-2.68185553725984,-4.26097132290792,-1.79194216678637,-3.27631167540821,0.415663066812737
2013-12-02,-0.87039401524,1.06023183486055,-2.70095274821662,-4.28465513653317,-1.80511970141994,-3.29547837172493,1.7863682363344
2013-12-03,2.737877111,1.01876215910675,-2.58870903621435,-4.15566857964537,-1.72793817957158,-3.19164685363826,1.0021306399192
2013-12-04,-0.23343610173,1.1973222778385,-3.07509003579501,-4.65440738913228,-2.06344469397268,-3.52286386140939,1.41547230984771
2013-12-05,0.51345132742,1.15810201118821,-2.96858272233593,-4.60432807174049,-1.98996540124209,-3.45755376639536,1.19610057494814
2013-12-06,-1.3877418776,1.22882113763068,-3.1611018361609,-4.76940218354626,-2.1228282154838,-3.57206488974859,0.630479172945175
2013-12-09,1.1446019786,1.2371055833388,-3.18389351822743,-4.78029412783219,-2.13856769469073,-3.59034714223651,0.651300371926444
2013-12-10,-0.15535900284,1.20484516974383,-3.0963162335999,-4.68477830242774,-2.07832537760889,-3.53173660345823,0.836771239274038
2013-12-11,-0.7408717177,1.15296776732946,-2.95485100821077,-4.59432426010549,-1.98067687711891,-3.44907626872277,1.0997608551062
2013-12-12,-0.14607382082,1.15857394755516,-2.970147384142,-4.60432807174049,-1.99145183374353,-3.46181744978052,0.858714927603474
2013-12-13,-1.0900203376,1.16455018728662,-2.98685248955828,-4.60432807174049,-2.00318824314117,-3.47903459109294,0.73769130063145
2013-12-16,0.55372184033,1.12866732947117,-2.8892568698106,-4.49811184424368,-1.93579688017742,-3.39533566945278,0.901142153598313
2013-12-17,-0.45022421527,1.1244055820401,-2.87789080168215,-4.47070938774746,-1.92808352124964,-3.3912826714482,0.978737072871379
2013-12-18,-0.76037406088,1.14898952214663,-2.94619334887251,-4.58436971310182,-1.97547171285861,-3.4448434502796,3.01856440315474
2013-12-19,-1.1456687908,1.16338802544972,-2.9849731443152,-4.60432807174049,-2.00240390785179,-3.47903459109294,1.0685390196753
2013-12-20,0.83752709088,1.39237507501635,-3.60767647566154,-5.12641612863565,-2.43151986637434,-3.94813299014327,0.418743382595976
2013-12-23,3.8377472589,1.27187698923715,-3.27999175204893,-4.82978727506214,-2.20523380017915,-3.65961006356242,1.00882674145407
2013-12-24,-0.42449437797,1.21088952282635,-3.11316215308369,-4.720872207976,-2.08987918631261,-3.53434153973846,0.561537747820808
2013-12-26,-0.66411823773,1.25839140891532,-3.24287016447525,-4.7968158389042,-2.17921783861063,-3.62125213070752,0.643001161122275
2013-12-27,-0.6756517113,1.20724045252583,-3.10401907854388,-4.67897483428377,-2.08328113455463,-3.5254773502682,0.431488187661954
2013-12-30,-0.99448302954,1.10143644088966,-2.81596753659656,-4.39421366098424,-1.8847260756133,-3.36901530748709,0.745290430396005
2013-12-31,1.1721849527,1.0516189994144,-2.68039616193476,-4.25441639219303,-1.79149837984758,-3.27010986894087,0.565204729968335
2014-01-02,-1.4063669743,1.09445700657327,-2.79699874639214,-4.3856527906573,-1.87179946870345,-3.35683756677275,0.620388561776524
2014-01-03,-2.1965903133,1.05679859571897,-2.69426636564785,-4.27016772407638,-1.80084484087016,-3.28390458006026,0.730382117482769
2014-01-06,0.54530666548,1.06513963554275,-2.71732079101223,-4.29407778064745,-1.83142118550748,-3.32018265089814,1.95513619785784
2014-01-07,-0.71562517232,1.07585379056233,-2.74624305806598,-4.32669198461198,-1.85142466634127,-3.34419355536459,1.13326199426538
2014-01-08,0.63375228583,1.24330557366743,-3.20234148180302,-4.78581374493681,-2.16817242558494,-3.61591714042085,0.864431359765023
2014-01-09,-1.2771869135,1.19760664770691,-3.08127182989976,-4.65859987390064,-2.08325120358781,-3.52490408349541,1.05637296996666
2014-01-10,-0.66707795986,1.19017676758144,-3.06142175296339,-4.63849911480063,-2.06971292233226,-3.5247823934581,0.986493006980907
2014-01-13,0.52351108934,1.2249126737642,-3.15668054640079,-4.76386033277192,-2.13617743817844,-3.57882434622095,1.58661629972254
2014-01-14,1.9898082988,1.23222627989887,-3.17666614209222,-4.76386033277192,-2.15014105680984,-3.5880214003147,0.933665196461253
2014-01-15,2.007723421,1.25985623936579,-3.25187071254008,-4.80774329852958,-2.20212462524659,-3.65414281983846,0.972069227450735
2014-01-16,-0.55798765616,1.20457034332005,-3.1000906549671,-4.67897483428377,-2.096832971833,-3.54262557909783,0.75710607478759
2014-01-17,-2.450157871,1.21242569934882,-3.12212540872596,-4.720872207976,-2.11251605067029,-3.55162659419439,0.767493542410112
2014-01-21,1.5536279061,1.18244309995593,-3.04145868472402,-4.63849911480063,-2.07213112014939,-3.52594000786544,1.63077662606378
2014-01-22,0.44438778277,1.17310457857432,-3.01471612779936,-4.62803447706038,-2.0534571086859,-3.51397975038875,1.77845690355665
2014-01-23,0.84676615115,1.2393901405103,-3.19554840597147,-4.78581374493681,-2.17994431043601,-3.61859338848039,1.67081195613233
2014-01-24,-1.8177568411,1.28368066810567,-3.31608723659258,-4.86304777593431,-2.26420067354887,-3.72221559255825,1.35451375764036
2014-01-27,0.81125130473,1.30709654577173,-3.38032968496249,-4.89652734016567,-2.30968431674487,-3.77575266331095,1.73672387149028
2014-01-28,-7.9927338784,1.31331973214293,-3.39685941186594,-4.90791704248797,-2.32120524321046,-3.79740023214074,4.73941011421979
2014-01-29,-1.1352418559,1.37993060368042,-3.65125993215304,-5.20553643512857,-2.45032891741105,-3.98954242553485,2.82292303851668
2014-01-30,-0.19331003487,1.67248067595853,-4.4642124494002,-6.2471401166339,-3.00849504987774,-4.65694230868553,1.61308161152459
2014-01-31,0.16367136068,1.60911200496357,-4.28811774492568,-5.97838420128986,-2.88749452917001,-4.52681987774651,1.01639904582376
2014-02-03,0.18577706742,1.54198278027836,-4.10173749910772,-5.69184492327317,-2.75946787895096,-4.382888201725,1.95400189818492
2014-02-04,1.4475704345,1.49588723494414,-3.9741146688507,-5.54264967981778,-2.67165146213049,-4.27529286532438,1.12075672216687
2014-02-05,0.74687002489,1.56003635650182,-4.15221272752001,-5.81485841431447,-2.79408395285134,-4.40898797033622,1.22163991418034
2014-02-06,0.58287867487,1.37538481961042,-3.63971222155224,-5.20553643512857,-2.44251410947131,-3.97059158860123,0.838064294653214
2014-02-07,1.3989970927,1.31733913913905,-3.47878308071679,-5.01364268715905,-2.33212308877358,-3.82393341078625,0.686164731762764
2014-02-10,1.791487069,1.25530859236328,-3.30729853889741,-4.86261831240786,-2.21442224903622,-3.69729382622662,1.19209614924797
2014-02-11,1.3176052476,1.22872606474044,-3.23441263638608,-4.82895811322867,-2.16437617540371,-3.62409903909448,0.772032866052994
2014-02-12,-0.0074632434917,1.23153557853731,-3.24140735324555,-4.82895811322867,-2.16926843625443,-3.63166470840686,1.01143853767426
2014-02-13,1.5879235707,1.18453924959462,-3.11163167984469,-4.74065823257682,-2.08011167251708,-3.54380019496708,0.592931872185111
2014-02-14,-0.080818470542,1.1926531424047,-3.13410927702439,-4.75151450949867,-2.0954840278101,-3.55736304568913,0.794845012548885
2014-02-18,0.36765381701,1.1470297103237,-3.00729389412212,-4.65694230868553,-2.00544981201475,-3.49019946113234,0.798436289038522
2014-02-19,-1.5787834941,1.16682794859782,-3.06267542843179,-4.67772567266943,-2.04363267044086,-3.5257589928538,1.4085087708836
2014-02-20,-1.1574892532,1.14649810591927,-3.00691189592538,-4.66092563850443,-2.00694654134102,-3.49302583100537,1.13898426664725
2014-02-21,-1.1107973266,1.22283465140505,-3.21858350252446,-4.83460164784789,-2.15235439225066,-3.60594873616935,0.778266771329644
2014-02-24,0.43788672047,1.20984986359148,-3.18320434568658,-4.81189721734722,-2.12814003212714,-3.58259091781746,1.31383210318004
2014-02-25,-1.0406596532,1.19039437951559,-3.12815869870102,-4.75637315588926,-2.09010605909388,-3.5550016868919,0.941638413792951
2014-02-26,-0.90219514996,1.25087965857372,-3.2966185829021,-4.86862580963885,-2.20580609019543,-3.68358217791701,1.49348359833661
2014-02-27,1.9947810961,1.22937591327681,-3.23687242541448,-4.83460164784789,-2.16452098438247,-3.62965798561803,1.2499750540568
2014-02-28,-0.27100270991,1.2719183183993,-3.35444705225127,-4.91464055392,-2.24592223696905,-3.72986884928386,1.06103321811715
2014-03-03,0.2888415931,1.25884720317419,-3.31819966176581,-4.90298760539779,-2.22084879299241,-3.71942900179582,1.66723578274038
2014-03-04,0.65939063206,1.24943332572786,-3.29289580111526,-4.86862580963885,-2.20282339656109,-3.67856927698881,0.809179567272286
2014-03-05,0.21082749809,1.30327840688043,-3.44266249686061,-4.99710463068359,-2.30601310958274,-3.79916229852206,0.809433441400445
2014-03-06,-0.30242692919,1.23565029333476,-3.25627082256823,-4.84587459164752,-2.17885435795461,-3.64405605080066,0.528970306214301
2014-03-07,-0.058407913366,1.20363596501601,-3.16816749034879,-4.80063708700552,-2.11899997248983,-3.58232265395397,0.696209690620559
2014-03-10,0.090490913317,1.14515929207294,-3.00531815505526,-4.67053750585669,-2.00779436206114,-3.50128241577289,0.731380074390286
2014-03-11,0.97378136052,1.13834404405847,-2.98737116744983,-4.64948173022767,-1.99620199841572,-3.47900650625223,0.598594434446314
2014-03-12,0.096998638401,1.09348141634824,-2.86284282664017,-4.49968590487012,-1.91077112423902,-3.40187210990338,0.743055717946719
2014-03-13,-1.1106762827,1.07143476662652,-2.80200845278342,-4.42684834110275,-1.86888430302141,-3.38495169569638,1.11479673873788
2014-03-14,-1.1231508527,1.0801976239863,-2.82588597761866,-4.44477497966722,-1.88507409346508,-3.39764001032219,1.0460387813624
2014-03-17,0.39070689363,1.13822392278622,-2.98707769186833,-4.64948173022767,-1.99588013732441,-3.47900650625223,0.542122893197754
2014-03-18,0.88468694248,1.15057274506182,-3.02126997805599,-4.67053750585669,-2.01932894784283,-3.5057669062426,0.627072167261614
2014-03-19,-0.026345502465,1.10036574483204,-2.88249119996842,-4.52816609406199,-1.92435432069495,-3.41027632756374,0.801367970327899
2014-03-20,-0.4818732823,1.10844327115824,-2.90428796365217,-4.56094858749761,-1.93936748630524,-3.417136452056,0.78294232984666
2014-03-21,0.78872706617,1.12489113002384,-2.94991420197235,-4.632653072165,-1.97074633548023,-3.45562188292111,0.567979767106379
2014-03-24,1.1860303641,1.10674741432645,-2.90149036804168,-4.56094858749761,-1.93755689486611,-3.41292509889544,1.42580365382633
2014-03-25,1.0756876054,1.06320877020063,-2.77989136473298,-4.41152696176393,-1.85397900425545,-3.37909892223705,0.873731294288746
2014-03-26,-0.95598084372,1.17480199446058,-3.08873245990603,-4.71785417672434,-2.06582044909822,-3.54761927895813,0.928365677311293
2014-03-27,-0.42980473545,1.14511160375369,-3.00607958040181,-4.67510101212564,-2.00911836342356,-3.50588379535836,1.15142147241198
2014-03-28,-0.11163621456,1.1545463158469,-3.03218219548269,-4.6965250741539,-2.02699887253251,-3.51042333110549,0.55406870564968
2014-03-31,-0.022352196083,1.18861552822485,-3.12719860236834,-4.7727150152068,-2.09241183345072,-3.56585287762785,0.59532731195429
2014-04-01,0.91478183094,1.1407277408431,-2.99406424964309,-4.66442623544841,-2.00109698904514,-3.50133865906182,0.485946709253163
2014-04-02,0.16615895875,1.10098067958338,-2.88331002878955,-4.5412718922071,-1.92508403547063,-3.41770713046819,0.600555989120526
2014-04-03,-0.69302368438,1.07092304141899,-2.7995570683957,-4.43824085317056,-1.86753784876894,-3.39197155960113,0.438648093680509
2014-04-04,-1.2936394514,1.0603303521824,-2.76989918435856,-4.42013747264121,-1.84711514064628,-3.37907819495559,0.765601679341988
2014-04-07,-1.5700801024,1.00759677420265,-2.6238576908744,-4.22632244489805,-1.74690918055341,-3.24515378752916,1.19793509699472
2014-04-08,-0.0057309874137,1.04665683654914,-2.73194879431726,-4.37041816522139,-1.82105281251238,-3.35269199436143,1.19040136778299
2014-04-09,1.3143817821,1.11394125997234,-2.91936629503715,-4.60698305006914,-1.94985012847611,-3.43838666455131,0.690249929704555
2014-04-10,-1.2897872983,1.14897448776372,-3.01648353748763,-4.68140379547677,-2.01653345327036,-3.50972427323333,0.877223309914358
2014-04-11,-0.73928325819,1.11465123356884,-2.92166005550967,-4.60698305006914,-1.95150742784276,-3.43838666455131,1.20813477783128
2014-04-14,0.39837570475,1.15110952339514,-3.02307506083727,-4.68140379547677,-2.02117600628278,-3.5143034395,0.915606730967778
2014-04-15,-0.71309998457,1.19776690887361,-3.15259610345682,-4.79134319999448,-2.11010106109184,-3.57955559261474,1.12754602201323
2014-04-16,0.20273770224,1.16252133000666,-3.0544281639091,-4.70305027337908,-2.04262691259763,-3.53740312007695,0.847771864878289
2014-04-17,1.1425598736,1.17570787931798,-3.09153138650179,-4.72460705476424,-2.06817306760549,-3.55142468811384,0.503265808305048
2014-04-21,1.1868023012,1.16284296734492,-3.05578205876265,-4.70305027337908,-2.04361963832504,-3.54207286378781,0.593054525242586
2014-04-22,0.099591467915,1.11738304413554,-2.92961899075859,-4.61745027502919,-1.9570193249188,-3.44271964370556,0.385275580053888
2014-04-23,-1.3069424619,1.0928800803361,-2.86165660543871,-4.49798326782081,-1.91033582872761,-3.408339069504,0.557613365384167
2014-04-24,8.1981896141,1.04746932243418,-2.73539061032627,-4.37921623677043,-1.82362503606526,-3.35269199436143,1.07413235657031
2014-04-25,0.7344523312,1.03151603307321,-2.68979142067499,-4.31879579304663,-1.79204814382954,-3.30722991335401,0.628887660901683
2014-04-28,3.8727838582,1.08481967367436,-2.83749899398187,-4.46078125557853,-1.89341402498017,-3.40752451142914,2.67592064753585
2014-04-29,-0.2962514096,1.05497296449423,-2.75344712164203,-4.39700101120109,-1.83546791089444,-3.36867347776685,1.79582407159071
2014-04-30,-0.37816757549,1.30826344980253,-3.4578726440038,-5.0281479992696,-2.31944978742299,-3.8275034150072,1.28080248945529
2014-05-01,0.23555728785,1.31028148909851,-3.46376609592891,-5.0281479992696,-2.32353787981753,-3.8275034150072,1.13253384764808
2014-05-02,0.18597416638,1.30750427132243,-3.45711315710033,-5.0281479992696,-2.29722852346558,-3.78827734279336,0.603421378887511
2014-05-05,1.4141550508,1.30095784007112,-3.4392103986041,-5.01565549688016,-2.28497539259053,-3.76645037105927,0.686102066453431
2014-05-06,-1.0899227903,1.26374881302338,-3.3356055939036,-4.93097499743308,-2.2141156316107,-3.70275752000801,0.941621377796553
2014-05-07,-0.34992681813,1.1802572025071,-3.1033566332411,-4.73548153950667,-2.05608406186683,-3.55105836857233,1.41751500187674
2014-05-08,-0.17825614559,1.15941791713361,-3.04623247899508,-4.70305027337908,-2.00230990987431,-3.50919108923425,0.704516252561815
2014-05-09,-0.41624857568,1.20292577918914,-3.16747640622961,-4.81423480765874,-2.08452278727145,-3.56513457420825,0.742424410858432
2014-05-12,1.2445723411,1.12777224366819,-2.95828574179761,-4.64920568322278,-1.94299582356583,-3.4290728234,0.500073194037159
2014-05-13,0.15687465202,1.13610583283826,-2.98158289395462,-4.65994136933503,-1.95873491930601,-3.446421636839,0.54895343373687
2014-05-14,0.018526003805,1.10758487850304,-2.90286251894309,-4.56614605132169,-1.90568394201103,-3.41185769152206,0.610502237487797
2014-05-15,-0.85035445472,1.09073428985814,-2.85646755377478,-4.47925549818286,-1.8743982655206,-3.39886234042216,0.77888336589507
2014-05-16,1.4758330219,1.05254691319357,-2.75041205731963,-4.39700101120109,-1.80270899171205,-3.32250943132027,0.508966728633484
2014-05-19,1.1849174072,1.0693373568008,-2.79752273867941,-4.44237532948603,-1.83459693895941,-3.36867347776685,0.654738957695182
2014-05-20,0.019848161719,1.03167744796648,-2.69302579058248,-4.32726773499635,-1.76378273051486,-3.28929480685794,0.840455422775859
2014-05-21,0.26458963785,1.05182870497344,-2.74913390645154,-4.39700101120109,-1.80186494973929,-3.32604762471057,0.444227807046461
2014-05-22,0.15833484522,1.08327220615107,-2.83760391228708,-4.46078125557853,-1.8620525381314,-3.39845022161989,0.575222351912981
2014-05-23,1.129645792,1.04186532205166,-2.72230674272947,-4.36165947583511,-1.78413114783671,-3.30962024086086,0.305280117251589
2014-05-27,1.8725676973,1.04243505873265,-2.72380498665557,-4.37041816522139,-1.78508358541479,-3.30962024086086,0.662151729892042
2014-05-28,-0.25893898946,1.00746941045233,-2.62598379487446,-4.2368096592867,-1.71874159921521,-3.21894526024722,0.680805645722067
2014-05-29,1.8220861844,1.03692023461165,-2.70851444468543,-4.33581093089843,-1.77470399607338,-3.2973811319508,0.574043420944987
2014-05-30,-0.37457899207,1.0296336370893,-2.68862426727514,-4.31879579304663,-1.7613327803527,-3.28126000049026,1.54218659817324
2014-06-02,-0.68720379149,1.02158674414136,-2.66591619646152,-4.28540408465381,-1.74591905214019,-3.25751103470829,1.9158349764812
2014-06-03,1.4141414142,1.14795282787394,-3.01785718197155,-4.68140379547677,-1.98401149399789,-3.48632766186506,1.13199444992238
2014-06-04,1.1418891363,1.25113837417917,-3.30350290352937,-4.89332119829559,-2.17688393587016,-3.65726799147458,0.830004303418491
2014-06-05,0.39235755703,1.21647843865236,-3.20697524026558,-4.84627602664571,-2.11153187865294,-3.58403387245032,0.8346798209793
2014-06-06,-0.27496717375,1.20203742160533,-3.16668851410921,-4.82285262707183,-2.08423177832981,-3.56505377842229,1.02275366679205
2014-06-09,1.6001363136,1.21478064711657,-3.20189426055726,-4.84627602664571,-2.10794140435813,-3.58403387245032,1.53751952069558
2014-06-10,0.58697972254,1.20500051125202,-3.17365540376606,-4.83026938482908,-2.08892690413534,-3.569113479225,1.42970483456846
2014-06-11,-0.41379310351,1.22524653478875,-3.2297275641184,-4.86586260608333,-2.12686801499727,-3.59779085992941,0.959252820085141
2014-06-12,-1.6727040273,1.23217344783033,-3.18770356960469,-4.85396801400791,-2.13801472092748,-3.61720083812285,1.22025774515333
2014-06-13,-1.094376422,1.2045319206882,-3.11258619979411,-4.79530099589167,-2.08644990106647,-3.569113479225,1.5189831938749
2014-06-16,1.0078878175,1.24247945196534,-3.21617931334908,-4.86586260608333,-2.15769701328458,-3.626986937402,1.04236542339234
2014-06-17,-0.13015184386,1.28694525143514,-3.33736265612574,-4.95001588110153,-2.24128292296739,-3.73751168446439,0.929965806094897
2014-06-18,0.10860121656,1.23314089358047,-3.19039594716641,-4.85396801400791,-2.14013504326358,-3.61937192740698,0.822572984784209
2014-06-19,-0.34714688663,1.20276507968032,-3.10752098931294,-4.78369351794966,-2.08303812773731,-3.56156484241949,0.774693084853783
2014-06-20,-1.0341824514,1.18911114525661,-3.07211234119272,-4.72756061693667,-2.05879993629473,-3.55208020320032,0.867441390778102
2014-06-23,-0.087999120205,1.16464248167623,-3.00547776542591,-4.69444440565098,-2.01298954457504,-3.52316031317414,0.813056122905531
2014-06-24,-0.60552680816,1.14036813300815,-2.93926493675189,-4.63973542456835,-1.96743902769725,-3.47230284298705,0.838243426643525
2014-06-25,0.088613203297,1.12599251336245,-2.90015269336515,-4.58680335780061,-1.94055798803303,-3.43666202129353,1.22228224382333
2014-06-26,0.59760956174,1.1244159123665,-2.89525173285322,-4.56633626056,-1.93708464875688,-3.43226990830645,0.954038783730088
2014-06-27,1.1881188118,1.17529508218053,-3.03398912270909,-4.71655031518344,-2.03250115307073,-3.54199783653754,0.857836488752859
2014-06-30,1.0328332246,1.16445444258894,-3.00375010310651,-4.70497736658684,-2.01171726241486,-3.52450320682969,0.965988855483714
2014-07-01,0.63488647356,1.15710187670859,-2.98388046457145,-4.68279069096039,-1.99808556372544,-3.5103606025743,0.753232535372502
2014-07-02,-0.042771599692,1.17286377655011,-3.02802104972019,-4.72737108832867,-2.02882522718627,-3.52919274838182,0.575062391934718
2014-07-03,0.58836114677,1.1509049977281,-2.96782546140337,-4.68279069096039,-1.98728767086397,-3.49180192242477,0.412152287195256
2014-07-07,2.0610443476,1.1016240061983,-2.83342481240417,-4.4863211022896,-1.89490719676563,-3.4156253134407,0.830756494969617
2014-07-08,-0.64396465505,1.05856873799639,-2.71546859131705,-4.37452184591189,-1.81401481335673,-3.35425728160503,1.76146027151445
2014-07-09,0.041950708146,1.09098323396621,-2.80405455308124,-4.46720258535257,-1.87527315455837,-3.40982910646493,1.20859767661765
2014-07-10,-0.3721564105,1.20272966389852,-3.10926684236895,-4.78369351794966,-2.08543576915079,-3.57613529076926,0.990879632260585
2014-07-11,0.19466512331,1.18371890831718,-3.05758225414579,-4.72737108832867,-2.04973273329353,-3.56168261275032,0.623801018742577
2014-07-14,1.2917454316,1.18562873316374,-3.06257923738143,-4.72737108832867,-2.05330768408581,-3.56168261275032,0.607337692191498
2014-07-15,-1.1715914981,1.16588475886943,-3.00805610534468,-4.70216912410331,-2.01647433746758,-3.5231508593783,0.817282693203732
2014-07-16,-0.56651279901,1.15312614169729,-2.97352491151647,-4.67987414657712,-1.9924649894363,-3.49957090976068,0.877973623328561
2014-07-17,-1.7831821059,1.12230033547594,-2.89001737321281,-4.57192040900245,-1.9347378703658,-3.43145429433698,1.83294500624823
2014-07-18,1.4395761516,1.1092847000993,-2.85418098428134,-4.50185858034765,-1.90980762285968,-3.41818419431496,1.10529327234475
2014-07-21,-0.51996187658,1.22276396809715,-3.16391247968533,-4.82813543770929,-2.12338363668933,-3.60521923376478,0.56058495963566
2014-07-22,0.83139058315,1.19246067054991,-3.08136202950508,-4.73588943388851,-2.06642153392249,-3.56145839621129,0.542712455117255
2014-07-23,2.6076858107,1.14841459444675,-2.96130119657384,-4.67987414657712,-1.98421618070707,-3.4946800165392,1.62214208489522
2014-07-24,-0.16462599024,1.13329690503177,-2.91947923922653,-4.63552548145414,-1.95542645059586,-3.45340814265796,0.980661823060949
2014-07-25,0.66062042679,1.24898828902024,-3.23613485303914,-4.8639417347292,-2.17329879564245,-3.66561921773875,1.05851501847049
2014-07-28,1.3811673885,1.16376097208834,-3.00272441593768,-4.71188280778333,-2.01292238375625,-3.52864875423797,1.24528412885788
2014-07-29,-0.64633407401,1.1679645814169,-3.01404879900259,-4.71188280778333,-2.02078996558799,-3.52864875423797,0.764354221353187
2014-07-30,-0.23378735514,1.21349913232611,-3.13874206349739,-4.80386763982183,-2.10658735531024,-3.59166759184488,1.04677799351757
2014-07-31,-2.5980641875,1.1878855013041,-3.06944385202292,-4.74603074587347,-2.05889324849214,-3.56248215615987,1.37832746926931
2014-08-01,0.55439330554,1.18244490193196,-3.05536448293039,-4.73467246415946,-2.05432359655728,-3.55937113045452,1.98867549957588
2014-08-04,-0.56173931134,1.22604707134232,-3.17477713080529,-4.83952406264173,-2.13561651914389,-3.61788884845537,1.03374350089073
2014-08-05,-0.49168323048,1.31148885649499,-3.40813844817932,-4.99808203152698,-2.29671697840109,-3.79272574742604,2.26828508646658
2014-08-06,-0.16820857854,1.23813169208433,-3.2074197880142,-4.86370376199562,-2.15777416351869,-3.63286784766373,0.721504991488741
2014-08-07,-0.010583130551,1.38772908477579,-3.61628181939325,-5.21204151987364,-2.43982675471667,-3.98787767926481,1.24971861595052
2014-08-08,0.27519051655,1.27240224517776,-3.30156410824493,-4.89989232241269,-2.22187298018338,-3.72661447696534,1.31225134031444
2014-08-11,1.3194004645,1.3014773384274,-3.38099972829038,-4.9608248443938,-2.27701290633496,-3.75934250333653,0.713832824719087
2014-08-12,-0.02083550371,1.27688613612648,-3.31368088044052,-4.92400581282651,-2.23126134330643,-3.73205854130833,0.901443455136985
2014-08-13,1.3233302074,1.21992741605616,-3.15856263204175,-4.83952406264173,-2.12449565459551,-3.60306955806844,0.42148582980248
2014-08-14,0.26737967928,1.17118315543809,-3.02553430643843,-4.72321139411141,-2.03283638157199,-3.54482403891438,0.525083298263249
2014-08-15,0.49230769218,1.11947277495852,-2.88408851038942,-4.58011055614383,-1.93573012854993,-3.43359242946677,0.754846833420822
2014-08-18,1.2043274139,1.09033232771207,-2.80480391888663,-4.47044112071098,-1.88157265884025,-3.40685456849329,0.437720096414615
2014-08-19,1.3816054861,1.07964492419238,-2.77573019905728,-4.45124560190286,-1.86253382427344,-3.40239234664273,0.534806199196436
2014-08-20,0.039789117545,1.03350990957391,-2.65063778930303,-4.30589389833403,-1.77828858293486,-3.3196728331416,0.648897499142089
2014-08-21,0.0099433231298,1.02028080210533,-2.6143920829159,-4.23879278573116,-1.75314887114647,-3.2821241934078,0.512941270206122
2014-08-22,0.73573275004,1.04214716458691,-2.674936569948,-4.32321139361217,-1.79527800137756,-3.3281621744108,0.484277415469975
2014-08-25,0.21713383358,1.02979972948265,-2.6415298015337,-4.28024195680052,-1.77230414309701,-3.30283816800354,0.499619234297678
2014-08-26,-0.64112664968,1.00951593987512,-2.58606073959403,-4.20648829028276,-1.73379991612568,-3.25776000056905,0.53394715179868
2014-08-27,1.2300647246,1.01306936984006,-2.59567633891794,-4.20648829028276,-1.74002132562993,-3.26178731969231,0.530143154949757
2014-08-28,0.11749730747,1.01462313394294,-2.59898352861654,-4.229275829606,-1.7425263267697,-3.26689195088827,0.655823933967202
2014-08-29,0.24449877747,1.00573122036511,-2.57475513692717,-4.21311612140495,-1.72564721877519,-3.23878835530916,0.366536412355173
2014-09-02,0.78048780488,1.02377087120231,-2.62419616772224,-4.25396647265381,-1.76015507138482,-3.28736566373405,0.677169411697535
2014-09-03,-4.2207163602,0.989717137648706,-2.53146283913907,-4.15026769805048,-1.69626971828649,-3.20751358852231,3.37565881109836
2014-09-04,-0.8287851223,1.02491842925525,-2.67886359097031,-4.33916969532181,-1.76721103259911,-3.30652495262643,1.75779698897938
2014-09-05,0.86628618028,1.35790587434641,-3.60542791981961,-5.18893586561518,-2.39768226393671,-3.92261161095164,1.39969086805291
2014-09-08,-0.61634838839,1.30432866555477,-3.45645853371746,-5.04262276465854,-2.29625847659129,-3.79783159631887,0.706927125844944
2014-09-09,-0.37616917452,1.30986989753295,-3.47190857318529,-5.05551102537377,-2.30678912276544,-3.81496672426947,11.8619530895485
2014-09-10,3.0717420146,1.27984134116352,-3.38694375298837,-4.96732887097442,-2.24962329701114,-3.74786444445292,3.79992222649598
2014-09-11,0.42574257423,2.20935438177375,-5.97150335397214,-8.08269202448182,-4.00768702285567,-5.62295153286588,1.61557049863498
2014-09-12,0.22675736964,1.88046048053669,-5.05866502685662,-6.84988462623571,-3.38655801774621,-4.96732887097442,1.35564590436602
2014-09-15,-0.029510131844,1.77320321606,-4.7604845466493,-6.5684963457551,-3.18340131048863,-4.84701714208345,1.62304496275892
2014-09-16,-0.75765030006,1.75962459901016,-4.72265259417427,-6.49653414382745,-3.15750490156906,-4.83510400762429,1.59496222323075
2014-09-17,0.71386079708,1.80294541878215,-4.84330961394665,-6.68404497270652,-3.23946091549258,-4.87106290106569,1.21132488699899
2014-09-18,0.20673360905,1.45501308791102,-3.87527395008086,-5.44722183461895,-2.58084199210706,-4.21315356100493,0.462315178730908
2014-09-19,-0.81540426372,1.32918826106633,-3.52573686279488,-5.08131564399,-2.34339413882397,-3.85529632594,0.921876418080697
2014-09-22,0.099049128585,1.22835450899668,-3.24767095370145,-4.87106290106569,-2.15556845281728,-3.6362546220861,1.14356308764422
2014-09-23,1.5634276666,1.24248814706019,-3.28697443974346,-4.89486138935926,-2.18242378326547,-3.67728109394843,1.08315210785798
2014-09-24,-0.86710833984,1.23780225320188,-3.2745998014869,-4.89486138935926,-2.1743042950224,-3.6720837117316,1.33068505956234
2014-09-25,-3.8132678133,1.21186569643947,-3.20253538769382,-4.8590444329971,-2.12532669929942,-3.611223814718,2.67969667663635
2014-09-26,2.9426790641,1.23648522835505,-3.29012476758988,-4.88690849541765,-2.19354444455357,-3.68293897876725,1.23802059717213
2014-09-29,-0.63523573199,1.42024824809815,-3.80609518714838,-5.38242266859596,-2.54451125464188,-4.14901038096274,1.5983837777153
2014-09-30,0.63929677362,1.34415725426827,-3.592799688193,-5.13602644701207,-2.39928832049713,-3.93424828258683,1.4751678305788
2014-10-01,-1.5583126551,1.38779809553109,-3.71488425231839,-5.24813600290648,-2.48252880656706,-4.05414768005156,1.28194546057158
2014-10-02,0.72595281308,1.39770411564293,-3.74216945466883,-5.27688807362547,-2.50126496510517,-4.08960189808909,1.76846809493787
2014-10-03,-0.28028028028,1.38562463459128,-3.708760452007,-5.24813600290648,-2.4787397037272,-4.05414768005156,1.06174361876602
2014-10-06,0,1.3822016320983,-3.69925808157945,-5.24813600290648,-2.47248193531155,-4.047165664,1.07275872692346
2014-10-07,-0.87331861059,1.32437147498769,-3.53797562754347,-5.07083590985207,-2.3624833972256,-3.86690598359409,1.32794238176811
2014-10-08,2.0759493671,1.30120943023849,-3.47366438386092,-5.04541148706423,-2.29724053785142,-3.80275018233208,1.83313612168324
2014-10-09,0.21825396816,1.31139193161096,-3.50278020673182,-5.05813744144098,-2.3059231596207,-3.81994162996985,1.98921119491835
2014-10-10,-0.28707186702,1.36935823162118,-3.66504232051879,-5.24813600290648,-2.41480816625143,-3.95336947522167,2.72906596312273
2014-10-13,-0.91333267146,1.36645349365317,-3.65724921292857,-5.23361079656055,-2.4026532370616,-3.94697190997054,2.51410194358171
2014-10-14,-1.0620178338,1.47433847777266,-3.95887446948349,-5.51457177049341,-2.60508718815871,-4.243430410652,3.04447530405464
2014-10-15,-1.2253164557,1.51712960388454,-4.07815345291491,-5.68076802545122,-2.68494173011757,-4.34518636028138,6.58167614348426
2014-10-16,-1.3122821407,1.61149107336898,-4.33968803947351,-6.04166728708333,-2.86029593529444,-4.53284852980893,4.97421115471356
2014-10-17,1.4647828797,1.94153855872944,-5.25881050956723,-7.07895777691622,-3.47713307544122,-5.04541148706423,1.42570131765257
2014-10-20,2.139858708,1.95976013904842,-5.30982977675557,-7.12883997969444,-3.51121086155363,-5.05813744144098,1.16433523778164
2014-10-21,2.7165196472,1.75523859726204,-4.73948221753562,-6.5684963457551,-3.12835727816617,-4.79293881269583,1.77436476170382
2014-10-22,0.50746559973,1.69965444792408,-4.58528868408621,-6.39508353500185,-3.02491026597484,-4.71385749600066,1.21479086002896
2014-10-23,1.7865812215,1.69073085018043,-4.56050698573582,-6.36181671169091,-3.00808159717831,-4.70273950882237,0.760894662105373
2014-10-24,0.37203090724,1.47139611027956,-3.94977108206816,-5.48096694819677,-2.59730430004285,-4.21914883882857,0.669540862117935
2014-10-27,-0.10454286257,1.27117338187,-3.39148723104996,-4.95845147822308,-2.22286677995859,-3.7362046403231,0.523330298432625
2014-10-28,1.5507563505,1.22969860037988,-3.27560333827071,-4.88690849541765,-2.14505776361953,-3.63685263962399,0.415366193042986
2014-10-29,0.56211354695,1.1846426568682,-3.15050244159308,-4.80445465303986,-2.06170579930976,-3.56794040545484,1.09894059457567
2014-10-30,-0.33538289545,1.10861004648713,-2.93823244516022,-4.64741788763185,-1.91932422035741,-3.4325473501885,0.828947072892821
2014-10-31,0.95344924284,1.1542554329926,-3.06597387457492,-4.73624499205973,-2.00490932523969,-3.52928784463616,0.46335046232867
2014-11-03,1.2962962963,1.13532727600721,-3.01319812069691,-4.70273950882237,-1.9695613906645,-3.48224886926707,0.6374179267326
2014-11-04,-0.73126142597,1.09463739770351,-2.90008487805724,-4.5939219666537,-1.8935889567955,-3.42358248508768,0.992014159173377
2014-11-05,0.23941068139,1.11123072930047,-2.94593218680096,-4.66942861956258,-1.92423448070257,-3.44118205143294,0.784997583875291
2014-11-06,0.28600424394,1.16539649827382,-3.09800816229415,-4.74739515075338,-2.0265250791067,-3.53884990423892,0.541173211299891
2014-11-07,0.28518859253,1.13323382313681,-3.00851526807627,-4.70867903489139,-1.96678578996801,-3.48106469666942,0.399113422664537
2014-11-10,-0.16512246584,1.0976988242005,-2.90893614081065,-4.61398794475975,-1.89970809053601,-3.42976190684065,0.255842952006737
2014-11-11,0.79941192689,1.07881479307004,-2.85732092962917,-4.52113997466429,-1.86541691511476,-3.41162117989619,0.494458485349469
2014-11-12,1.4129443938,1.04144155557269,-2.75312193294774,-4.43373043731989,-1.79508082634233,-3.33336965660364,0.560448639822206
2014-11-13,1.4112359549,1.02785599979814,-2.71559493862773,-4.3867383643221,-1.76974680086899,-3.30768052369835,1.16989599169614
2014-11-14,1.2054600249,1.01263295625518,-2.67648689753509,-4.34138760089355,-1.73497512380495,-3.26197781459973,0.601004925045015
2014-11-17,-0.16640392359,1.09037522018311,-2.89415399449576,-4.58343364907578,-1.88031596068598,-3.41326707798938,1.07194346313407
2014-11-18,1.2983595052,1.03763237432338,-2.74681975031633,-4.42421050836667,-1.78190785723137,-3.32475671553092,0.545809090033223
2014-11-19,-0.69282064596,1.10713672274911,-2.94060923970441,-4.6595164389,-1.91137835065889,-3.42689383913988,1.08561017694052
2014-11-20,1.4301909829,1.0661857921476,-2.82539087681112,-4.50205120203965,-1.83493525138512,-3.38165252638179,0.635063843690025
2014-11-21,0.13756340813,1.13531830501823,-3.01789262798346,-4.71635790988859,-1.96406741907011,-3.47239499674632,1.052258327615
2014-11-24,1.8502618701,1.07036083274568,-2.83567317447563,-4.50205120203965,-1.84226530991292,-3.39347477697376,0.523137214942238
2014-11-25,-0.86406743931,1.12555735728427,-2.98897371375874,-4.70158460138,-1.94429474613181,-3.44795066175758,1.09232995409608
2014-11-26,1.1904761905,1.05532093947039,-2.79279001020296,-4.47823185732281,-1.81345524415001,-3.36182284326132,0.653199748224344
2014-11-28,-0.058823529343,1.1289820893629,-2.99861041479947,-4.71304459459127,-1.95084537167763,-3.4617121720578,0.626815418164743
2014-12-01,-3.2456066594,1.0731310335106,-2.84260015823322,-4.51804310111557,-1.84663877263251,-3.39772750300059,15.6685294516092
2014-12-02,-0.38237594499,1.0751467845353,-2.86164747074404,-4.54055901725212,-1.85747144678846,-3.40637670559676,2.22397402852519
2014-12-03,1.1340835732,2.33238548371523,-6.39271668854414,-8.48813094755556,-4.21311107600814,-5.91473602251972,1.34315634064536
2014-12-04,-0.37953937726,1.8288106768069,-4.9793621739948,-6.80724538899535,-3.26984200245436,-4.91702752694015,1.14037831461117
2014-12-05,-0.42427915832,1.79605232293796,-4.88741413608491,-6.72397667889778,-3.20820862767029,-4.86790503239412,1.18168788211199
2014-12-08,-2.2608695652,1.8018622277638,-4.90412064537378,-6.72397667889778,-3.21904268250002,-4.88016718591111,2.16677521737888
2014-12-09,1.5302491103,1.82092491424949,-4.95757223904533,-6.76528033028864,-3.25451426493126,-4.89236539879552,3.3740786059666
2014-12-10,-1.9015071854,1.40972292326676,-3.80179438943799,-5.39173056837143,-2.48369657210276,-4.05340951734369,2.62039451006095
2014-12-11,-0.29477445296,1.52944961835679,-4.13771205840064,-5.75727218141795,-2.70788673418802,-4.36710940062951,1.56053708931326
2014-12-12,-1.6932449381,1.53813938531199,-4.16220291557525,-5.86726594822877,-2.72416160238202,-4.40396273413408,2.1638204540391
2014-12-15,-1.3715483459,1.49603765116185,-4.0457431970622,-5.67677284291585,-2.6470549794443,-4.30482253329368,5.06963236353214
2014-12-16,-1.3675213676,1.568763386384,-4.25017655488591,-5.96385872316957,-2.78362408058952,-4.46131782047168,5.02288972716887
2014-12-17,2.4966040564,1.81914701972374,-4.95184168299688,-6.77422846725581,-3.25148181184524,-4.88117633833008,3.34218232506965
2014-12-18,2.9613380862,1.87322530973641,-5.10301397493432,-6.86133277710244,-3.3523413688744,-4.95594181381732,1.35361446130441
2014-12-19,-0.77230359529,1.8213697940669,-4.95848682000047,-6.77422846725581,-3.25581673795987,-4.88117633833008,1.08503528607023
2014-12-22,1.0377527286,1.71910028467705,-4.67206764101017,-6.46322924058627,-3.06474619804206,-4.72642933744589,0.843981822885833
2014-12-23,-0.35417035579,1.67063358840937,-4.53683185172899,-6.36147053152407,-2.97439152856631,-4.680685242838,0.555112341152242
2014-12-24,-0.47094366455,1.50881611342001,-4.08286916633178,-5.6881129374,-2.67166751713513,-4.32014218043333,0.339152288531377
2014-12-26,1.7676993126,1.31409265090745,-3.53729178387904,-5.08642357165641,-2.30787590113597,-3.81208686848405,0.481737510635815
2014-12-29,-0.070181594856,1.1620465213506,-3.11041783673644,-4.78431617106738,-2.02317756786602,-3.52377903029808,0.707382213784301
2014-12-30,-1.2202616101,1.12993691253194,-3.02058528023798,-4.70344310634459,-1.96328860013094,-3.45762631664816,1.04019330795519
2014-12-31,-1.9018841095,1.12754487180726,-3.01396935322465,-4.70344310634459,-1.95914975654112,-3.4530560802844,1.09964338073706
2015-01-02,-0.95125928619,1.16228889041637,-3.11270615523497,-4.79625973875857,-2.02499513961594,-3.52377903029808,2.7518505018148
2015-01-05,-2.8171590597,1.19418923689336,-3.20152401084172,-4.85670054788815,-2.08442463958561,-3.56266017580625,2.77935986901951
2015-01-06,0.0094117645858,1.37917456619334,-3.72026794624929,-5.27249135678462,-2.43302155020098,-3.97567433456494,3.73024140770481
2015-01-07,1.4022209676,1.47131807056104,-3.95773074300822,-5.51743919123483,-2.60385882492872,-4.22739297252843,2.10404568514225
2015-01-08,3.8422273781,1.63690351768072,-4.41936263168268,-6.20316723370847,-2.91316378393394,-4.62437972085161,1.36811207695524
2015-01-09,0.10724819021,1.58888860090193,-4.28557124585717,-6.0091749214,-2.82343941691269,-4.48939823994226,2.34975607174347
2015-01-12,-2.4640657084,1.55808937844937,-4.20082361905321,-5.90808210226,-2.75501379125053,-4.42155431500286,2.57142858614478
2015-01-13,0.88787185359,1.59750991184695,-4.31118728042094,-6.03529963598308,-2.82888827538577,-4.48939823994226,2.38208832775382
2015-01-14,-0.38105606964,1.60055016699692,-4.31991910557732,-6.06212652894531,-2.83462870346649,-4.48939823994226,3.15270699610147
2015-01-15,-2.714025501,1.54217163820948,-4.15659647147905,-5.83686102540685,-2.72587568453568,-4.38405574317877,3.28877806766761
2015-01-16,-0.77700805086,1.62404824002109,-4.38447715408066,-6.08932519432857,-2.87805802279741,-4.53956545643988,2.51188907470465
2015-01-20,2.5757146901,1.69767361762877,-4.58945286777582,-6.39535849904528,-3.01497130702436,-4.70344310634459,2.11871075115864
2015-01-21,0.76342899192,1.65851332200707,-4.48102111217343,-6.2644163940193,-2.94248808581265,-4.66923583066358,2.08323493270141
2015-01-22,2.6015518028,1.61711799021577,-4.36587378289292,-6.08932519432857,-2.86578952876839,-4.53956545643988,1.68707631557761
2015-01-23,0.51601423493,1.60258707605887,-4.32521005662991,-6.06212652894531,-2.83874837333708,-4.48939823994226,1.40368000276059
2015-01-26,0.10621348901,1.5294101232668,-4.12109430080945,-5.70814145415949,-2.70266658085358,-4.33875920888696,1.1038186336801
2015-01-27,-3.5013262599,1.442771750072,-3.87993177419091,-5.48303278117912,-2.54147562565139,-4.14024296689519,3.49990178941183
2015-01-28,5.6532893532,1.36934063431626,-3.67518800354021,-5.27249135678462,-2.41471145023142,-3.93426219483866,4.1549840655186
2015-01-29,3.1133466307,1.56825435492508,-4.22831112638176,-5.95773149202941,-2.78491988330373,-4.44486259618786,3.01704759211797
2015-01-30,-1.4634146341,1.6811207805534,-4.54243274551396,-6.36147053152407,-2.99533922740406,-4.684067113818,2.24871854449616
2015-02-02,1.254694435,1.67148118789353,-4.51579613018353,-6.29600410649286,-2.97753995125147,-4.67287491844768,3.30926147731269
2015-02-03,0.016859141942,1.66314079412733,-4.49191110057923,-6.2644163940193,-2.96150048961118,-4.67287491844768,1.83055076745417
2015-02-04,0.76696165179,1.79078539665342,-4.84806714886941,-6.69079018452889,-3.19996837913406,-4.84673456047647,1.57319254985669
2015-02-05,0.71374590625,1.66434539437013,-4.49685345104796,-6.29600410649286,-2.96469809365449,-4.67287491844768,0.749070873437837
2015-02-06,-0.84208771041,1.55874714202151,-4.20350678741228,-5.90808210226,-2.76812514136051,-4.43532159666954,1.03003087385153
2015-02-09,0.6642562852,1.42242263684792,-3.82289506136658,-5.41606023154149,-2.51286147381866,-4.09389021995681,0.970311010925608
2015-02-10,1.9211493485,1.38556818840966,-3.71998869951677,-5.27238740416214,-2.4439713860852,-3.9743239320013,0.733955791305417
2015-02-11,2.3438780529,1.28151936091145,-3.42932901236183,-5.00532118101312,-2.24911656921027,-3.73349835357667,0.734107129524816
2015-02-12,1.2652146061,1.21476616420082,-3.24223205122489,-4.8531368795812,-2.12329438465196,-3.58720845325946,1.1250435322077
2015-02-13,0.49027360437,1.17125641703021,-3.12059054028956,-4.78058639390791,-2.0329691447822,-3.53064581670847,0.967688236786009
2015-02-17,0.59017941458,1.2130285065005,-3.23779248739415,-4.8531368795812,-2.11122489813365,-3.57467008746913,1.25819563737708
2015-02-18,0.69232574515,1.19476733183577,-3.18772844980619,-4.84089342755149,-2.05854204198347,-3.54534010523092,0.61967201331715
2015-02-19,-0.20588121051,1.22226783166189,-3.18924483082356,-4.84089342755149,-2.10221072537664,-3.57467008746913,0.428204645460013
2015-02-20,0.81354612703,1.16359901653544,-3.03039585626289,-4.71092295582138,-1.98026722436827,-3.48257614664385,0.40754984016487
2015-02-23,2.7066682111,1.12819081018221,-2.93519533301733,-4.63133505317895,-1.91696940291862,-3.41362783727651,0.705403683028768
2015-02-24,-0.6240601504,1.08592659564718,-2.81877689227545,-4.48393148193012,-1.83850531846287,-3.35993930745785,1.50172188206374
2015-02-25,-2.5573125519,1.09212296558462,-2.83537234505339,-4.48393148193012,-1.84974643571238,-3.37326957044575,2.41875163571258
2015-02-26,1.2617439241,1.16390540910232,-3.03108479333913,-4.71092295582138,-1.99686076622397,-3.49383729587175,2.87577183393968
2015-02-27,-1.4990606909,1.31073158193927,-3.43187060701654,-5.00377026138512,-2.26721441636827,-3.74889284128377,1.82756919812552
2015-03-02,0.49042503524,1.44256158418204,-3.79140454944768,-5.36802471542917,-2.5097053901924,-4.08703548731038,1.34769061575404
2015-03-03,0.20915640252,1.43267375715158,-3.76441638399974,-5.3356537142102,-2.49160720718667,-4.03627318346119,1.29655680119337
2015-03-04,-0.63388991966,1.42331959130599,-3.73940103466161,-5.304143676631,-2.47492083995948,-4.02222086269729,1.10593529736397
2015-03-05,-1.6570717286,1.40850354786575,-3.69881749471044,-5.27316588404608,-2.44762806717363,-3.97412921895614,1.08681962241715
2015-03-06,0.15030456452,1.34063434022761,-3.51390936864333,-5.0703189630569,-2.32269621524074,-3.81766964440198,1.78828555187393
2015-03-09,0.42654028439,1.25748876080907,-3.28584827163307,-4.88994052648,-2.16866536120102,-3.64501139814965,3.07201208111499
2015-03-10,-2.068585811,1.30247268952133,-3.40793071743828,-4.99069699353689,-2.25088822419733,-3.7308107276444,2.31275560152547
2015-03-11,-1.8231467352,1.45480942398896,-3.82388243389126,-5.4184589173,-2.53124921687144,-4.13204555553495,2.33719611100351
2015-03-12,1.8079188481,1.45294921484774,-3.81899906278005,-5.4184589173,-2.52767991308847,-4.12429888762899,1.93111156621209
2015-03-13,-0.69104057857,1.50378674435119,-3.95731029219162,-5.523861001,-2.62076452282569,-4.2367529020829,1.78650277907592
2015-03-16,1.1004126549,1.5142230203436,-3.98582426799726,-5.59871190672651,-2.63963786614867,-4.26211250063632,1.08657150258807
2015-03-17,1.6726690677,1.50797504392643,-3.96900409339489,-5.56061723925882,-2.62845170387506,-4.24514447565521,1.13730767020661
2015-03-18,1.1256297228,1.39010255001769,-3.64911562842291,-5.26830252558039,-2.41442555897984,-3.92616654855983,1.360560245829
2015-03-19,-0.75893204639,1.34493656476782,-3.52599505009217,-5.0918809287386,-2.33148911437448,-3.83299828509277,1.13109759525279
2015-03-20,-1.251029452,1.31879437492513,-3.45441185949575,-5.0618117370931,-2.2833913333124,-3.76268920539654,1.13620261909154
2015-03-23,1.0405083398,1.26876686805076,-3.31693256979526,-4.90798910880484,-2.19098157336375,-3.63839400394388,0.796561936287813
2015-03-24,-0.40877289521,1.24140297247535,-3.24112300237564,-4.83079161710078,-2.13985296548593,-3.58186399916446,0.787776176582057
2015-03-25,-2.6126766122,1.20567152877948,-3.1431130211965,-4.75708461018444,-2.07376067866129,-3.52285556283612,1.2063587642657
2015-03-26,0.69703355493,1.18946100893125,-3.09976975299093,-4.70962385365612,-2.04900033886697,-3.5102208399702,1.88414365534565
2015-03-27,-0.79684481652,1.21343732998707,-3.16412979720483,-4.7976423961542,-2.09205233629108,-3.52699154359024,0.993001647188857
2015-03-30,2.5314401622,1.2934264591884,-3.38400569662972,-4.9505580716395,-2.24145151247706,-3.69117682165208,0.797911417570941
2015-03-31,-1.5351744876,1.22361838589984,-3.19257030860408,-4.82585156481172,-2.1110543130711,-3.53860330825222,1.22820557744624
2015-04-01,-0.14465964796,1.2052758971519,-3.14263858404545,-4.76338939667068,-2.07786994222705,-3.51433173584732,1.87038327686683
2015-04-02,0.86116700186,1.25371246810825,-3.27462850820738,-4.87678668908387,-2.16703512322548,-3.60869245408853,0.911099422299307
2015-04-06,1.6198531759,1.32602937337787,-3.47205297933249,-5.05123970250901,-2.30042024966618,-3.74994063558617,0.815360175790961
2015-04-07,-1.052218296,1.21843520039131,-3.17745067183119,-4.80058022776692,-2.10059347549314,-3.54340575147774,0.645061654942383
2015-04-08,-0.32537100233,1.20267119002638,-3.13477164990519,-4.76338939667068,-2.07192987338819,-3.51897160739428,1.33593677098107
2015-04-09,0.7643312103,1.182270141676,-3.07916755181725,-4.70324713439058,-2.03445914447271,-3.49470081094768,1.17403353950832
2015-04-10,0.42667509479,1.23428041664975,-3.18030241616,-4.81314923482093,-2.12677204145571,-3.55821824184637,0.864205291110549
2015-04-13,-0.19669551539,1.18549181849895,-3.04938487635604,-4.69146122013022,-2.0373578938303,-3.4995490748186,0.717568152151851
2015-04-14,-0.43358297189,1.15680462097935,-2.97209539582343,-4.64445603326364,-1.96643524717767,-3.42827982809272,0.719925210880896
2015-04-15,0.38004750586,1.13718439951176,-2.91917196029473,-4.5867113720473,-1.93069736618293,-3.38738692346738,0.577706768156369
2015-04-16,-0.48114844612,1.1377960832462,-2.92068421799351,-4.59805421033129,-1.93165900699053,-3.38738692346738,0.570775123736905
2015-04-17,-1.1254656416,1.08465441486046,-2.77765391879425,-4.40840990457394,-1.8311196475069,-3.32482792769292,0.758955245721951
2015-04-20,2.2845691383,1.05115804242563,-2.68673572813413,-4.28574380553764,-1.7694831819624,-3.25900039885367,0.660032644452496
2015-04-21,-0.54075235112,1.05981010181156,-2.70876234096788,-4.30467749264286,-1.78421833190743,-3.2777196952431,0.667165331101303
2015-04-22,1.3474115516,1.04676362323489,-2.67392946280651,-4.26851674245028,-1.76069651977297,-3.23972369637339,0.700345947364624
2015-04-23,0.81635826446,1.04292808267504,-2.66390425287153,-4.25962952872556,-1.7539915294667,-3.23558267477039,0.821534311074472
2015-04-24,0.47042492497,1.0510788288974,-2.68558846803339,-4.28647605349661,-1.76861475303347,-3.25645893846289,0.570520874559211
2015-04-27,1.8191587349,1.07415788431834,-2.74799490223755,-4.37060438680655,-1.81090160638934,-3.29926154944111,1.10422417656968
2015-04-28,-1.5755748208,1.04336901772628,-2.66540014014079,-4.25962952872556,-1.75504258647689,-3.23558267477039,4.25778579256483
2015-04-29,-1.4705882353,1.10917662776018,-2.84292307281486,-4.47066557520443,-1.87499389319397,-3.35703702321151,2.23970412569923
2015-04-30,-2.7129975124,1.47675180323423,-3.83710552328017,-5.45071437557558,-2.5479907887194,-4.10121695864121,2.19036857993354
2015-05-01,3.0363563723,1.42095042944263,-3.68680390389255,-5.29195858168316,-2.45140374224242,-3.94891554568318,1.20355741656718
2015-05-04,-0.19387359434,1.47353776461583,-3.82916419085759,-5.45071437557558,-2.5480204715551,-4.09427586141,1.16879594870813
2015-05-05,-2.2533022532,1.44072097714244,-3.74043201308659,-5.32567218011075,-2.48790475289127,-3.99062257429673,1.48396302833251
2015-05-06,-0.62798092213,1.43972517990145,-3.73786755685364,-5.32567218011075,-2.48625258050483,-3.99062257429673,2.43679811340246
2015-05-07,0.61852357612,1.34862497448458,-3.49151001281951,-5.05937700965182,-2.31911350808439,-3.77906498918826,1.83587420922293
2015-05-08,1.8840811113,1.41859996045079,-3.68019285019175,-5.29195858168316,-2.44706252354048,-3.93540582980991,0.861450953112194
2015-05-11,-1.0186491146,1.37024284092211,-3.54946737382341,-5.11714983823962,-2.35846149240007,-3.79679902699385,1.1924989726557
2015-05-12,-0.3601963268,1.2926481258238,-3.33968543109769,-4.93904573113136,-2.21605937952768,-3.65819313532659,0.944492440006094
2015-05-13,0.11520279658,1.31493460612514,-3.40013129859691,-4.97956048793826,-2.2570038282032,-3.69082888854291,0.874444872228195
2015-05-14,2.3331481629,1.27556940451302,-3.29317008170513,-4.89612122750165,-2.18427554962517,-3.61063729984145,0.446554124643616
2015-05-15,-0.13958898789,1.20025174290398,-3.08944944695977,-4.72888956807313,-2.04603414715185,-3.49588104871275,0.644684808244493
2015-05-18,1.1027413217,1.10032493139775,-2.81964276937094,-4.46542054831656,-1.86318978138243,-3.35160990880669,0.872441388886072
2015-05-19,-0.092172977929,1.10476324995079,-2.8305450561501,-4.46271735827949,-1.87018516606097,-3.34692848110762,0.814248095363925
2015-05-20,-0.0076881678979,1.10597374926671,-2.83457180223479,-4.46271735827949,-1.8728307653937,-3.34692848110762,0.760055694769902
2015-05-21,1.0226049515,1.09507576070843,-2.80508908106624,-4.43162244460314,-1.85285355992272,-3.33789012507061,0.486289551915358
2015-05-22,0.87525686904,1.08525990744889,-2.77886980671722,-4.41123996982547,-1.83522754843264,-3.31998480910509,0.578979776334241
2015-05-26,-2.2031084955,1.06511666848234,-2.72476647840064,-4.35156276413353,-1.79862166044706,-3.27624829815436,1.03940410445995
2015-05-27,1.8708532632,1.06882525411494,-2.73520854853913,-4.3613072575494,-1.82227266358428,-3.30343271417663,0.489642923654835
2015-05-28,-0.20068915892,1.11333271757757,-2.85519158544662,-4.48373595997532,-1.90392674430456,-3.36583657258179,0.585059230681095
2015-05-29,-1.1382607376,1.05339307160641,-2.69322711944035,-4.28566214279655,-1.79323962184709,-3.27304688712087,0.726640382221645
2015-06-01,0.19573226891,1.05037562169017,-2.68549856381135,-4.27655654734457,-1.78823913554785,-3.26876499254017,0.704230441165293
2015-06-02,-0.44049488642,1.06448072362139,-2.72375603103557,-4.34187360816012,-1.81445632437782,-3.29902295649027,0.654776581358523
2015-06-03,0.12311480477,1.0648769226145,-2.7244750084515,-4.36027319483434,-1.81470043278284,-3.30018683722604,0.42746486562397
2015-06-04,-0.58407623737,1.03573657140138,-2.64552357580566,-4.23919277786034,-1.76049392668707,-3.23170045709548,0.902083271922177
2015-06-05,-0.54885590616,1.0103674406522,-2.5777358596898,-4.15334759926455,-1.71412890332381,-3.17868893089128,0.710856577797528
2015-06-08,-0.66070734529,1.06535823935995,-2.7261358863199,-4.36027319483434,-1.81541429443661,-3.30250361778813,1.02459178553015
2015-06-09,-0.29733959318,1.04737227488734,-2.67759387012305,-4.27527942467657,-1.78245492861467,-3.26768349701217,1.31051143615633
2015-06-10,1.1458169831,1.08551006951357,-2.78039062325389,-4.42065002421313,-1.85276517828401,-3.33824251280608,0.633503510622984
2015-06-11,-0.22501551821,1.1391463716753,-2.92566244529,-4.61840992939718,-1.95241420004997,-3.40175853357333,0.693891098973123
2015-06-12,-1.1042849366,1.0976620161501,-2.81328716990166,-4.4516680558828,-1.87543895900186,-3.34731066435229,0.62960377342008
2015-06-15,-0.19658724532,1.09028204798709,-2.7935942951755,-4.43093883769874,-1.86211970659622,-3.34731066435229,0.925303158333158
2015-06-16,0.53577056406,1.0802427863299,-2.76672042005113,-4.41038567035963,-1.84390961606282,-3.32922840575408,0.564128008171015
2015-06-17,-0.23510971778,1.09792419695156,-2.81456330882938,-4.4516680558828,-1.87649412676516,-3.34731066435229,0.760448129044885
2015-06-18,0.45561665356,1.0302608246318,-2.63169495032989,-4.22151827908398,-1.75150418851806,-3.22538432223887,0.487429732559023
2015-06-19,-1.0009383797,1.05285534400554,-2.69310039833512,-4.29363919987746,-1.79340951320968,-3.27631519825394,0.40295739358289
2015-06-22,0.79778830968,1.01782798079902,-2.60001980408838,-4.16999147410909,-1.73038254655679,-3.20066368492964,0.433303679412268
2015-06-23,-0.45450983462,0.996823311339197,-2.54350784514531,-4.08869395527005,-1.69184268457648,-3.15664658789274,0.335530985517628
2015-06-24,0.8501928678,0.970324666410233,-2.47197992115649,-3.99058341285857,-1.64296331875112,-3.11392472308773,1.00977339364059
2015-06-25,-0.47615330577,0.947739836659219,-2.41168807738303,-3.88727029510178,-1.60204086921335,-3.07235434796345,0.520082235208975
2015-06-26,-0.58823529416,1.02130672430241,-2.61055463438316,-4.18694777131946,-1.73814580100571,-3.21297211325866,0.787051655374552
2015-06-29,-1.7514792899,0.98014784468779,-2.49939902025287,-4.03468379517598,-1.66213306270651,-3.12937507970264,0.941114916961262
2015-06-30,0.71870232077,1.02526079040563,-2.62170252231515,-4.20410906140874,-1.7476639563803,-3.21712706893025,1.11346831165779
2015-07-01,0.93681482958,1.0657315647748,-2.73096659512215,-4.36027319483434,-1.82278051136137,-3.31136714976537,0.623696630403683
2015-07-02,-0.12638230655,1.12026097952623,-2.87781180911571,-4.52672361142133,-1.92324490661297,-3.37443350597788,0.426716137091282
2015-07-06,-0.34799114192,1.06217194402597,-2.72109737530745,-4.35047386169521,-1.81594843634512,-3.30250361778813,0.610718170101419
2015-07-07,-0.24603174616,1.0405473808342,-2.66277054528805,-4.25716846451525,-1.77617067660487,-3.26337459024855,1.18070301513696
2015-07-08,-2.4822977166,1.04650107053543,-2.67842940723263,-4.27527942467657,-1.78706585225178,-3.27388353815481,1.50090096132607
2015-07-09,-2.0396508118,1.10463387092002,-2.83587352394608,-4.47276307499226,-1.90142402824998,-3.36038921202531,2.30033071721625
2015-07-10,2.6734404932,1.15029062933931,-2.95948451190156,-4.65452671686259,-2.00195724722923,-3.45786955498185,1.17608689957976
2015-07-13,1.9305645685,1.28631174914003,-3.32616614186151,-4.93684510365726,-2.25544138944054,-3.69343052565759,0.534605667874313
2015-07-14,-0.03978990926,1.24366868241155,-3.21091902933939,-4.842991945025,-2.17560011518089,-3.60165454984708,0.490594076294603
2015-07-15,0.96329910029,1.19476224727911,-3.0794502320701,-4.71544854800821,-2.0847401260646,-3.51112974558664,0.533834435903515
2015-07-16,1.3325973821,1.1580889818632,-2.9801398671765,-4.65452671686259,-2.01593090357635,-3.46267710709272,0.392291332627727
2015-07-17,0.86374601196,1.11329520367321,-2.85930570651341,-4.50480716534145,-1.93243274467754,-3.3788534544925,0.532385132901991
2015-07-20,1.8901404104,0.998954844043656,-2.55017351572074,-4.10411336944615,-1.71849630521284,-3.17708502053461,0.923936810809404
2015-07-21,-0.99946997816,0.974399196721506,-2.48366552391971,-4.0044266051524,-1.67246300845547,-3.12634160384447,1.60474301056071
2015-07-22,-4.2294455067,1.0300386584574,-2.63484442098032,-4.23033346253722,-1.7773870754873,-3.26372018561098,3.95908264634276
2015-07-23,-0.047915668256,1.14429363973507,-2.98298216783779,-4.65149042250429,-1.99960335889154,-3.45562183516557,1.31921913103491
2015-07-24,-0.527325024,1.45392182465742,-3.82862134134076,-5.45421481313647,-2.57902923942184,-4.16801813786011,1.13410733542952
2015-07-27,-1.3895582329,1.33245639203413,-3.49741700913725,-5.0716579015963,-2.352040101518,-3.79756845165125,1.1122019996794
2015-07-28,0.49686405473,1.34756273874502,-3.53894815328397,-5.10109532404528,-2.38040482688228,-3.84688503709741,0.796386663534011
2015-07-29,-0.31609661219,1.35407342000025,-3.55687026576704,-5.14632277644951,-2.39251477169747,-3.86600799917773,1.04423397303207
2015-07-30,-0.5041060248,1.29999396794654,-3.40963497679133,-5.01372258058482,-2.29151191067125,-3.7380972980288,0.733315511490766
2015-07-31,-0.8743973196,1.18577517858293,-3.09753581937103,-4.72398156294328,-2.07761653409789,-3.51045690151468,0.836403886735603
2015-08-03,-2.3577906019,1.1340390674059,-2.95640566039782,-4.66337768400576,-1.98092423496614,-3.43813677448182,2.75401399063464
2015-08-04,-3.2083755487,1.12680649223604,-2.93640421686866,-4.62707390427676,-1.97601660258243,-3.42993539546065,4.42791733815567
2015-08-05,0.66294487096,1.33862961976138,-3.49359927692888,-5.0716579015963,-2.37414178796369,-3.83787472210556,3.72020672326342
2015-08-06,0.21761838434,1.58378148898088,-4.15883962803258,-5.89674224765077,-2.83411463884045,-4.47254446541923,2.49369385214015
2015-08-07,0.33874750279,1.64540720500392,-4.32613589402704,-6.1292088244614,-2.94969990628185,-4.64091984134752,1.62031941172226
2015-08-10,3.6357340719,1.64454644965587,-4.3238269694699,-6.1292088244614,-2.94817814599469,-4.64091984134752,1.22924607183883
2015-08-11,-5.2038088874,1.62626290841076,-4.273925889587,-6.06770084668136,-2.91424924251715,-4.59375133746069,2.48013103037878
2015-08-12,1.541986078,1.54940344257184,-4.19308776808269,-5.93949841192031,-2.77792562190194,-4.42559551075988,4.94561947322713
2015-08-13,-0.07809788267,1.54991691155674,-4.19454927571922,-5.93949841192031,-2.77940282772585,-4.42559551075988,2.87609677568428
2015-08-14,0.7034303082,1.72719210340159,-4.69097103215764,-6.53144725447174,-3.11353122375987,-4.76510924687273,1.10590264139183
2015-08-17,1.0348395999,1.63987667767968,-4.44707399610273,-6.24065194637963,-2.94937089640312,-4.64488384871408,1.23567418046938
2015-08-18,-0.56333219536,1.52773569364722,-4.13409655120964,-5.8106055641029,-2.73869090134779,-4.38540067101627,0.9734637142685
2015-08-19,-1.2789699571,1.53494958694776,-4.15849942264702,-5.88624325734394,-2.74723688236818,-4.38540067101627,1.48919997541064
2015-08-20,-2.0519954786,1.46455674588475,-3.96182186695665,-5.566701199395,-2.61523965963398,-4.2107543739173,2.1207157869359
2015-08-21,-6.116289392,1.35956634861227,-3.66791723418709,-5.29249154699368,-2.41787827800548,-3.89486789518634,7.66254855595947
2015-08-24,-2.4962178518,1.37023734267821,-3.74396395675287,-5.33462163666808,-2.44393730822424,-3.95146878762398,45.7856963853551
2015-08-25,0.60124127231,1.90095670593314,-5.21928181136697,-7.06181405441429,-3.42442379432882,-5.02506164302544,11.4987514363431
2015-08-26,5.7354925775,3.91978365417605,-10.9068549165997,-15.137232035,-7.20460359699616,-10.3220793962125,10.9409933969391
2015-08-27,2.94466223,3.27744006226521,-9.10265798049103,-12.517434014225,-6.0094566268285,-8.01640367495714,5.63711378398002
2015-08-28,0.32766560398,3.42524879524858,-9.52391414383291,-13.6398474853333,-6.29483690287673,-8.32803094784444,2.51503122715359
2015-08-31,-0.46782593354,3.34377855980236,-9.29574136835427,-13.6398474853333,-6.1464425664498,-8.21564684624211,2.54057519240074
2015-09-01,-4.4696700958,3.16672834401502,-8.79502955823538,-12.517434014225,-5.81343380377544,-7.82823119139565,5.75297688237628
2015-09-02,4.2888971408,2.30622917694474,-6.36656029594675,-8.44563710236471,-4.19991387230544,-5.91990693713182,4.33344956534705
2015-09-03,-1.7536051272,2.29885707812033,-6.34660814103347,-8.44563710236471,-4.1860166962796,-5.89406508165821,3.64968834146606
2015-09-04,-0.99664763975,2.0788741865969,-5.72881404791125,-7.662560352032,-3.77340322659929,-5.36943078921087,2.9794404968921
2015-09-08,2.7820993868,1.99462521099302,-5.4917014076251,-7.21276006170312,-3.61520201686833,-5.234926447294,1.75491412701778
2015-09-09,-1.9232481524,1.97629913093718,-5.44131100894551,-7.06181405441429,-3.58213359923511,-5.18735560990874,4.7849891804495
2015-09-10,2.1970040852,1.89780506809733,-5.21868898315498,-7.06181405441429,-3.4335630243266,-5.02553096259649,3.27645791596361
2015-09-11,1.4568712801,2.01139562389676,-5.54001501449419,-7.26803460403548,-3.64769600839058,-5.28475646699691,1.22244298815286
2015-09-14,0.96313807917,1.91768033680711,-5.27669173110015,-7.06181405441429,-3.473461615394,-5.08284230984455,1.93009549136206
2015-09-15,0.84121064956,1.74454179210023,-4.78869716311557,-6.64395540778409,-3.1490866953539,-4.78801544520303,1.21947265396231
2015-09-16,0.11179910561,1.74145016965716,-4.78050326430462,-6.64395540778409,-3.1442449203895,-4.77567077000226,0.798223584994193
2015-09-17,-2.1389914956,1.68442496320546,-4.62062889734074,-6.411482653052,-3.03868301300553,-4.70321246223885,2.66173927767523
2015-09-18,-0.41257022476,1.52477435144195,-4.16955131820939,-5.89047532548955,-2.73659214742466,-4.3862121081994,2.64299726944195
2015-09-21,1.5513442044,1.61069871131927,-4.41143738002056,-6.2371891245,-2.89836042148268,-4.5861039975027,1.41041829762924
2015-09-22,-1.5710441802,1.66022660353412,-4.55096879183369,-6.37528511579412,-2.98948927980459,-4.66848022405106,1.50187934779467
2015-09-23,0.81128747788,1.57542878621158,-4.31203756234389,-6.11052744824407,-2.82997025853147,-4.48761002911529,1.03808891843429
2015-09-24,0.59482155357,1.5887041761762,-4.34988836796878,-6.17287947982807,-2.85574044367923,-4.50881422268194,1.77279803661797
2015-09-25,-0.25217391303,1.55811135555747,-4.2635476176278,-6.08053646533167,-2.79872222840163,-4.45624272107125,1.89424673674247
2015-09-28,-1.9789033214,1.47835730426536,-4.0382747389055,-5.73964323246438,-2.64727547116374,-4.26358811278833,2.45592360254358
2015-09-29,-3.0060476698,1.43719046592735,-3.92172961055895,-5.52813345034699,-2.56858671578673,-4.16862915647382,3.47406187199414
2015-09-30,1.1369888134,1.49209299256363,-4.07601209132098,-5.76289067060417,-2.67940557185024,-4.28346317379494,2.79127202299975
2015-10-01,-0.6527651859,1.61487750243532,-4.42173849195753,-6.2371891245,-2.91015780546393,-4.586827371125,3.59410968059874
2015-10-02,0.73006022994,1.63792516671934,-4.48595314488785,-6.33962691196154,-2.9528723151592,-4.65677295254225,2.51312153318955
2015-10-05,0.36238448993,1.7402996427646,-4.77561157257703,-6.64395540778409,-3.14656621255231,-4.78994103833588,1.58146983448968
2015-10-06,0.47842570875,1.69873893395996,-4.66015826318076,-6.44722540680204,-3.07024836842569,-4.71639244127153,2.00476276629694
2015-10-07,-0.47614769574,1.61530204697878,-4.42527670690725,-6.2371891245,-2.91363879363146,-4.59821652766871,1.73595640345174
2015-10-08,-1.1554432208,1.58498464363118,-4.33935625786671,-6.14142656827586,-2.85561339874257,-4.49918110375321,2.0927123097689
2015-10-09,2.3926940639,1.53004634011832,-4.18502540687295,-5.93769892402462,-2.75262664367308,-4.40622590859939,1.72967938321367
2015-10-12,-0.4637887977,1.49714050991021,-4.09185760880125,-5.76289067060417,-2.69012706435911,-4.3007596586892,0.987396874960239
2015-10-13,0.17025089601,1.43972482956063,-3.93015412805197,-5.52813345034699,-2.58191916234692,-4.17788979419263,0.999637707269462
2015-10-14,-1.4133643439,1.36492627262891,-3.71964103294585,-5.30969185308105,-2.44154842773566,-3.94323075596154,1.26526347590869
2015-10-15,1.4971418203,1.32418291475959,-3.60489403726608,-5.24198870691515,-2.3649629166233,-3.82093180729542,1.23968835926312
2015-10-16,-0.73305918113,1.32076009800058,-3.59504056709929,-5.19374377525294,-2.35845972340569,-3.81487951932739,0.844356186898009
2015-10-19,0.62139769452,1.28324318437354,-3.48916211729861,-5.08786138842294,-2.28764830958711,-3.74963247957222,1.02404376145425
2015-10-20,1.8258301263,1.21682286620184,-3.3020057333316,-4.9066461787377,-2.16261234815136,-3.60720601932986,2.00954992872134
2015-10-21,-0.0087896633886,1.22701883131602,-3.33098347589121,-4.96057899191017,-2.17558785451891,-3.61763293998551,1.46815967620323
2015-10-22,1.5295358649,1.3360358281678,-3.63836913931215,-5.29255848493646,-2.38028813662129,-3.8581377993859,1.01696557244157
2015-10-23,3.0995670995,1.30869776307273,-3.56132356071082,-5.16258734557692,-2.3289258110219,-3.80288533106132,1.13124657253636
2015-10-26,-3.191132012,1.26724343660342,-3.44474583834443,-5.05856972066396,-2.25135299215692,-3.69859211471418,2.11113077971962
2015-10-27,-0.63324080502,1.28774654736649,-3.50239855624058,-5.10255152850185,-2.2964538386457,-3.75319677834643,1.80496257965751
2015-10-28,4.1204714098,1.39701784453514,-3.8100281748746,-5.43278660621136,-2.50170906439796,-4.06137241484829,2.47381695260502
2015-10-29,1.0564265951,1.36961197918001,-3.73198714402206,-5.34378681218387,-2.44958532151931,-3.95341210857136,1.37433305356525
2015-10-30,-0.85455903109,1.4503930940576,-3.95940674777756,-5.5670516211284,-2.60128820658438,-4.19784385264043,1.11381824557957
2015-11-02,1.4058577408,1.39173006983758,-3.79436846647425,-5.41447391630562,-2.49107033162877,-4.01686847261422,0.570179436853884
2015-11-03,1.1470539692,1.37061174557072,-3.73519471345272,-5.34378681218387,-2.45156814618078,-3.96027628317215,1.09530793978309
2015-11-04,-0.4650403851,1.26302497992811,-3.43233931055883,-5.02986519461239,-2.24394323160384,-3.69114286988137,1.22168954742856
2015-11-05,-0.46098123139,1.26498024460354,-3.43811236335156,-5.05856972066396,-2.24739788659045,-3.69665524409313,1.23123262905129
2015-11-06,0.11577902751,1.2174277147317,-3.30461919956784,-4.9066461787377,-2.15828981470586,-3.59006201494929,0.981913171978227
2015-11-09,-0.40475797132,1.20957593076331,-3.28303210888684,-4.9066461787377,-2.14461522594481,-3.58499427290989,1.34745746324989
2015-11-10,-3.15169611,1.18348297741039,-3.20935747621952,-4.85395464012302,-2.09591556006675,-3.53506295082867,2.0041814603666
2015-11-11,-0.56521366796,1.24316565925429,-3.37743123655291,-4.97411681649145,-2.21271350941465,-3.67256108096479,1.8742970884213
2015-11-12,-0.33588838178,1.32746892389908,-3.61470909109212,-5.24198870691515,-2.37075200232129,-3.83989783518613,1.30619382641136
2015-11-13,-2.9208434152,1.34607039150158,-3.67100616146298,-5.30969185308105,-2.40968700781566,-3.89031967271261,1.7559789397305
2015-11-16,1.6334342177,1.3127750740233,-3.57635042938514,-5.17809546721456,-2.3654624484153,-3.81188191476584,1.89378737425836
2015-11-17,-0.42478651203,1.37482106608187,-3.75113151257749,-5.34378681218387,-2.4828600459438,-4.0005727040771,1.39584353902427
2015-11-18,3.1665054095,1.40668044099161,-3.84050936254744,-5.47030345444535,-2.54311991439421,-4.09727734010448,1.31436118230937
2015-11-19,1.270355529,1.35213556060626,-3.68670756889272,-5.30969185308105,-2.43935778570902,-3.93177530627098,1.33046119894872
2015-11-20,0.43778413874,1.32452274047889,-3.60877800003946,-5.25505944595,-2.38639091697924,-3.84791042505085,0.745989132162003
2015-11-23,-1.2992455992,1.3243604094393,-3.60976663781039,-5.25505944595,-2.36914309783662,-3.83552719289076,0.960342152419733
2015-11-24,0.95966029712,1.23917395177284,-3.3700783140162,-4.96912192105897,-2.20395622775158,-3.64711087695129,1.33034670363015
2015-11-25,-0.71500672939,1.21221042615846,-3.29485067896696,-4.91446097127686,-2.15468451613134,-3.57980585379296,0.627793307334107
2015-11-27,-0.18639328982,1.23622212822653,-3.36281831261371,-4.96912192105897,-2.19988679449605,-3.64180204466654,0.401144051142136
2015-11-30,0.41592394537,1.14762433926486,-3.11562844790669,-4.75947534966917,-2.03725558100872,-3.49147028371755,1.00514227167257
2015-12-01,-0.81149619618,1.07975998976488,-2.92495483717372,-4.60601731117808,-1.91067654037318,-3.37102177399329,1.00964466464704
2015-12-02,-0.90335776367,1.13592264916061,-3.08401091623566,-4.69947490068623,-2.01726745306487,-3.47711184434393,1.08693172318764
2015-12-03,-0.92879256972,1.13731063954201,-3.08871299471029,-4.71125193276861,-2.02063487256913,-3.47711184434393,1.55250527373809
2015-12-04,3.3246527779,1.13164898016901,-3.07240406936413,-4.69947490068623,-2.00946491212837,-3.47711184434393,1.33711613495416
2015-12-07,-0.63009325377,1.21250732645687,-3.2997518147559,-4.91446097127686,-2.161695288842,-3.60785910261331,1.86464918250031
2015-12-08,-0.042272573683,1.23992072198049,-3.37651889022819,-4.96912192105897,-2.21215326478189,-3.67162400902105,1.42929843266841
2015-12-09,-2.2075615326,1.31423986907614,-3.58715912208752,-5.20594860192376,-2.3525639792013,-3.79722189078648,1.75120344043178
2015-12-10,0.47569624639,1.30218383564597,-3.55558036412919,-5.17425269571359,-2.32370154972375,-3.78526361953984,1.34139850594256
2015-12-11,-2.5738142377,1.35228079659495,-3.6979479628305,-5.32403904001277,-2.41809233639753,-3.89018210701266,1.84084628261333
2015-12-14,-0.61848383102,1.31653831255526,-3.59779279691423,-5.222036459933,-2.36087356013483,-3.80403614938107,3.03747232148553
2015-12-15,-1.769203414,1.36939950747144,-3.74657174292575,-5.35881649186522,-2.45117916471857,-3.95047360974727,1.4072038415929
2015-12-16,0.76930038922,1.48903532499005,-4.08687659953947,-5.76289067060417,-2.67817111270156,-4.28110584625955,3.0576735167731
2015-12-17,-2.1196335549,1.38992870749238,-3.80562113598036,-5.44970304672529,-2.49159287219795,-4.00642894269481,1.93703752341776
2015-12-18,-2.7069187007,1.54042480654622,-4.22952980475674,-6.05069633170984,-2.77378933825901,-4.4243370870546,3.21880637555352
2015-12-21,1.226068094,1.49772204760133,-4.10830769602049,-5.78622912915634,-2.69682489135705,-4.29928366066818,1.76076485302254
2015-12-22,-0.093170595301,1.62186073220774,-4.4575376633585,-6.27026427606296,-2.92983346041738,-4.60601731117808,1.08216978497831
2015-12-23,1.2962790262,1.4963617556194,-4.10336226161768,-5.76289067060417,-2.69471193840069,-4.29022283387175,0.928390906386446
2015-12-24,-0.54317805188,1.44332293387156,-3.95396834191606,-5.60483066341139,-2.59672205044024,-4.17736271757513,0.477645699602632
2015-12-28,-1.1200592428,1.35030826920045,-3.69211757904158,-5.35373591982935,-2.42334044651299,-3.91698622227937,0.823315347338637
2015-12-29,1.7974162141,1.25755566004663,-3.43063395225082,-5.05907041429818,-2.24864056920041,-3.68773031724828,0.629623376256611
2015-12-30,-1.3058672062,1.17315228859213,-3.19197210092199,-4.86233579665968,-2.09013228425012,-3.51724498531531,0.914344100709294
2015-12-31,-1.9194931047,1.10384994385463,-2.99635270042023,-4.66238228822643,-1.95984535035841,-3.40673371227445,1.03554559293474
2016-01-04,0.085502565162,1.11793957869109,-3.03837127904242,-4.69836916941606,-1.98863502582081,-3.45169243229511,3.471027511608
2016-01-05,-2.5059326056,1.13344214678853,-3.08073119060365,-4.71037919968971,-2.01637246034256,-3.47572896074238,4.05627115118381
2016-01-06,-1.9569662157,1.43377495578091,-3.92718852563281,-5.56401873428272,-2.57879435730813,-4.17137734137725,3.59816748159456
2016-01-07,-4.2204568023,1.59116013097172,-4.37022276715309,-6.17287947982807,-2.87284313821636,-4.52497452695658,4.42632091233243
2016-01-08,0.52877138423,1.67059767976846,-4.59284172162769,-6.411482653052,-3.02353713016106,-4.67105663917286,3.88677469048692
2016-01-11,1.6192244226,1.82772524827494,-5.03542448991254,-6.86722805791026,-3.31910786028828,-4.97085845347845,3.32943253529649
2016-01-12,1.4513346188,1.88974341895211,-5.21098965346413,-7.06181405441429,-3.43658074361304,-5.07229915785596,2.90907992686351
2016-01-13,-2.5710284113,1.86272158804113,-5.13595948197501,-6.92864817805676,-3.38785698556801,-5.00180950250357,4.28579708893268
2016-01-14,2.1870828627,1.81028499815563,-4.98883206899209,-6.8335785990359,-3.28925596550461,-4.91714853803559,4.57285575262609
2016-01-15,-2.4015273311,1.90073074328487,-5.24270397645608,-7.08337545833824,-3.45832886745347,-5.09113056582736,4.06589797019078
2016-01-19,-0.48388757332,1.92276166845495,-5.30417445246552,-7.12803381282121,-3.49958557556359,-5.10173014672981,2.88912644383687
2016-01-20,0.13449203379,1.90641225480163,-5.25750755275736,-7.12803381282121,-3.46785808887534,-5.08619228778381,5.30091708982489
2016-01-21,-0.50625064569,1.84147626184694,-5.07328769916176,-6.91577076154324,-3.34500558843915,-4.97757714518304,5.51643119712202
2016-01-22,5.3167185879,2.02243777471651,-5.58138518277483,-7.42178152268214,-3.68260324083825,-5.3546184860427,2.6468299624024
2016-01-25,-1.9522776574,2.06994785718776,-5.71631779963987,-7.71813676999167,-3.77342034532633,-5.41069362318837,2.64805100411421
2016-01-26,0.55309734526,1.88865860672282,-5.20639056121493,-7.12803381282121,-3.428588945201,-5.05154286174112,3.43340981485302
2016-01-27,-6.5706570656,1.84840305824968,-5.09406579510393,-6.91577076154324,-3.35481203052469,-4.97757714518304,5.79950150815334
2016-01-28,0.7171911795,1.90501732212419,-5.34824258383956,-7.11164037907941,-3.46292156636179,-5.11198211977333,4.03521309943547
2016-01-29,3.4541396535,2.03162099000363,-5.71097166410848,-7.672237581816,-3.70013341033304,-5.36813002581556,1.80567798266099
2016-02-01,-0.93486747473,1.91787364934641,-5.38622792591126,-7.11164037907941,-3.48810087224473,-5.12776795787308,1.5310574483315
2016-02-02,-2.0221922638,1.78938313339483,-5.0183696759514,-6.90668882217632,-3.24724191700474,-4.90631210058151,1.79715668066521
2016-02-03,1.9792548688,1.74214676245037,-4.88502559399233,-6.76434076807805,-3.16007103660148,-4.8246015824856,3.87634919255538
2016-02-04,0.80350620883,1.70524294182984,-4.77931540009213,-6.67363532387674,-3.09136860471393,-4.73175700445303,3.08244174555425
2016-02-05,-2.6708074533,1.7546181804781,-4.92008597620906,-6.8107838868375,-3.183398063313,-4.84857233113171,2.76752760806584
2016-02-08,1.0529674537,1.68317047943198,-4.7144850278761,-6.54772052351957,-3.04830005483532,-4.70703694884627,3.98759975586719
2016-02-09,-0.021050415671,1.69602464850918,-4.75050165667021,-6.63018690201591,-3.07211859574749,-4.71938305333233,3.76956230550199
2016-02-10,-0.75797452364,1.83336767801883,-5.14585366798702,-6.95462134846757,-3.33167235421325,-5.00480066573571,2.0782744836541
2016-02-11,-0.60464622902,1.87987136621367,-5.28131573304489,-7.11164037907941,-3.42053320944058,-5.08003850942243,3.18312117956045
2016-02-12,0.30949839929,1.74063264910319,-4.88147861613901,-6.76434076807805,-3.15853769621526,-4.84752713254715,1.20101080459224
2016-02-16,2.8194488776,1.79793376678585,-5.04707041915164,-6.90668882217632,-3.26751716438469,-4.94621513656379,1.30376862914334
2016-02-17,1.5314569537,1.6441082792829,-4.60612343214601,-6.43278395177143,-2.97901089328722,-4.66778250479051,1.63445037581157
2016-02-18,-1.8956379943,1.55183557155657,-4.34037203613122,-6.18630368863393,-2.80435152851369,-4.46082548899806,1.6349623201427
2016-02-19,-0.22854768331,1.48763621545833,-4.15593136783363,-5.94356724763125,-2.68312113805144,-4.29935186813918,1.32319298649439
2016-02-22,0.87463556847,1.46602299500524,-4.09401365349664,-5.78843354384143,-2.64265596083833,-4.23499008788933,0.977145233851675
2016-02-23,-2.2605284889,1.37129396595509,-3.82218988505348,-5.50253484735542,-2.46485113545382,-3.98903729339423,0.729215359778201
2016-02-24,1.4890695955,1.32979400267289,-3.70300884760147,-5.36813002581556,-2.38647085620903,-3.84580067006681,2.03948740029582
2016-02-25,0.68678459938,1.27726904275963,-3.55267749870028,-5.191742794105,-2.28842798714311,-3.73599794834494,1.45725022678568
2016-02-26,0.15502273673,1.37884812075257,-3.8446517733915,-5.52298214487195,-2.48050090738306,-3.99920758574709,1.25466197003785
2016-02-29,-0.227014756,1.33132477870288,-3.70805726409681,-5.36813002581556,-2.39102445341873,-3.85415617053921,1.34077732861994
2016-03-01,3.971455166,1.31011187462919,-3.64650683582545,-5.34941308609451,-2.35075461208545,-3.79716078487585,1.71549069134773
2016-03-02,0.21884014732,1.32054253704621,-3.67621098586058,-5.36813002581556,-2.37073991637035,-3.84096797569913,1.30396300905773
2016-03-03,0.74441687357,1.37940847980882,-3.84607149229344,-5.52298214487195,-2.48266045393866,-4.00660714608439,1.40507463372504
2016-03-04,1.487684729,1.32172956901855,-3.67998797184584,-5.36813002581556,-2.37388994542494,-3.84741243708991,2.30357514139941
2016-03-07,-1.106688671,1.32607183773651,-3.69216338495219,-5.36813002581556,-2.38104358658944,-3.85389010942335,1.39568328066046
2016-03-08,-0.82458034758,1.42603537131085,-3.98004405282832,-5.64862202432237,-2.56990562327401,-4.16693766049081,1.74003259319179
2016-03-09,0.089082450722,1.36584322419007,-3.80680290481977,-5.48242452552143,-2.45607610359864,-3.96998646394762,1.54217119516158
2016-03-10,0.049446202502,1.38545727412946,-3.86384383034618,-5.52298214487195,-2.49388357487484,-4.02153566455172,2.2416528749719
2016-03-11,1.0773944845,1.37985549336718,-3.84709498925893,-5.52298214487195,-2.48289876525212,-4.00660714608439,0.766982523767915
2016-03-14,0.25425386266,1.45153646083081,-4.05334851407248,-5.76417148951127,-2.61709014713334,-4.23815844015989,0.690422066173853
2016-03-15,2.0093640265,1.28900702061262,-3.58636752835445,-5.24198805522165,-2.31026653204956,-3.76630079231452,1.16815418292266
2016-03-16,1.329126028,1.24972898402573,-3.47358993069061,-5.14336160053495,-2.23700994263697,-3.68433902208431,1.28123819945746
2016-03-17,-0.16042276111,1.25288871080352,-3.48280260250486,-5.14336160053495,-2.24246551533471,-3.68433902208431,1.13163691122378
2016-03-18,0.11342155012,1.24873935061106,-3.47286904620028,-5.14336160053495,-2.23658929775309,-3.68433902208431,0.765443385730726
2016-03-21,-0.0094410876954,1.18744747955194,-3.29653744136692,-4.97443567780351,-2.12102176862374,-3.54509448088256,1.79498819093403
2016-03-22,0.76480030202,1.15773964473632,-3.21107510579599,-4.91587388236525,-2.05279831043002,-3.49533422535911,0.994699435008795
2016-03-23,-0.55284857563,1.28127542058102,-3.56750688857924,-5.22504907554898,-2.28456975369472,-3.74143535103102,0.782559837091788
2016-03-24,-0.4334306981,1.21676204194571,-3.38198102481056,-5.04928937436239,-2.16385935029473,-3.60075554865148,0.702575570001401
2016-03-28,-0.45424434575,1.17748589717454,-3.26965478202733,-4.97443567780351,-2.09022561638791,-3.51866282098636,0.805741551882061
2016-03-29,2.367145166,1.15115706251137,-3.19405715990993,-4.90152515687227,-2.04141318509756,-3.48884569968082,0.839445777081116
2016-03-30,1.7459138187,1.15758925349115,-3.21232348315566,-4.91587388236525,-2.05281763794309,-3.49878573688138,1.57664213225227
2016-03-31,-0.52026286976,1.11153264423098,-3.08069841407966,-4.7401788247313,-1.96589467101838,-3.41601271073616,1.04820534741055
2016-04-01,0.91751536838,1.19622274982817,-3.32441290260297,-5.00411367685357,-2.12513687552155,-3.54884697587179,0.910823896073218
2016-04-04,1.0273661243,1.1688529866195,-3.24527870930865,-4.9304325112094,-2.0739579664555,-3.50870715251667,1.27248694677999
2016-04-05,-1.1789056874,1.16647072055225,-3.237897400538,-4.9304325112094,-2.0599853116317,-3.49878573688138,1.32900342083535
2016-04-06,1.0472634549,1.21421650911939,-3.37614294973235,-5.0191972275018,-2.14982620067188,-3.57455425721782,0.865991959629462
2016-04-07,-2.1809661138,1.23995953961062,-3.45017113761775,-5.11133897629238,-2.1978368535222,-3.63297918433182,1.21362288368836
2016-04-08,0.11055831964,1.17012519830531,-3.24955238967819,-4.94495687200086,-2.07759969452207,-3.50411289286713,1.08740781203085
2016-04-11,0.33130866923,1.20298883453069,-3.34397017810521,-5.0191972275018,-2.13912706959865,-3.56435403510253,1.20137568950284
2016-04-12,1.3025133003,1.19985392050785,-3.33568627829189,-5.0191972275018,-2.13335742265128,-3.55922683172302,1.40736590827617
2016-04-13,1.4487504528,1.20405378807382,-3.34768257629412,-5.0191972275018,-2.1411748069485,-3.56435403510253,0.995323554683571
2016-04-14,0.053552302779,1.21933229251417,-3.39413470770649,-5.04928937436239,-2.17019206570983,-3.60081203947926,0.557709137802478
2016-04-15,-2.0071364854,1.1957209269509,-3.32648801630119,-5.00411367685357,-2.12566761175116,-3.54397907244804,1.25613804851819
2016-04-18,-2.1574874829,1.13145369512962,-3.14138481716717,-4.80512786707222,-2.0090333090344,-3.46479955202896,1.24174830044038
2016-04-19,-0.5303312244,1.19192433007713,-3.31638839428442,-5.01793222387568,-2.13471646647124,-3.55450464656295,1.21593026576442
2016-04-20,0.20578056301,1.19270730148163,-3.31845610660057,-5.01793222387568,-2.13605824504926,-3.55450464656295,0.988376321109468
2016-04-21,-1.0827966023,1.1821150293378,-3.28802673503572,-4.98774701161239,-2.11607618728538,-3.52927441220954,1.10045186065756
2016-04-22,-0.27366235727,1.16550180274408,-3.23975085164114,-4.94995821479652,-2.08427926720492,-3.50225436380488,1.30543743574536
2016-04-25,-0.56775170333,1.19731951689198,-3.33126794423269,-5.04142645085138,-2.14438895320141,-3.56263805535164,0.851265171786557
2016-04-26,-0.69470879325,1.21530298948354,-3.38282113708857,-5.0724965672486,-2.17816784166246,-3.60618692558684,1.58590489810308
2016-04-27,-6.2577862962,1.16423981437202,-3.23526518165911,-4.94995821479652,-2.08144411616988,-3.49840924535052,2.44284829523992
2016-04-28,-3.056634635,1.23706400642024,-3.52080774389395,-5.18017206606765,-2.22073037289873,-3.70026659102341,2.14664732987605
2016-04-29,-1.1494252873,1.360200055359,-3.88358475988371,-5.59061090033,-2.45985387316003,-3.99640547512947,2.06723422420947
2016-05-02,-0.10667804563,1.38641679967987,-3.96019259014492,-5.63262790973077,-2.50829068501065,-4.09732474237784,1.70724020386161
2016-05-03,1.6445963263,1.41256478825243,-4.03685313237689,-5.7939268718169,-2.557022003165,-4.13867724274127,1.65330317806384
2016-05-04,-1.0401344821,1.42464425941853,-4.07290383118639,-5.81861400303714,-2.58164074953361,-4.20815381167238,1.50329774946775
2016-05-05,-0.40589617602,1.42541156860287,-4.07526293967515,-5.81861400303714,-2.58416936284698,-4.21117195223056,1.19113469440823
2016-05-06,-0.55770055778,1.3798020490465,-3.94069123325615,-5.59061090033,-2.49791501649719,-4.06717923338883,1.32661366950432
2016-05-09,0.075496117461,1.32068132707355,-3.76637872507703,-5.44830966440805,-2.38413995037935,-3.8713639788808,1.09210257641598
2016-05-10,0.67895247321,1.29977093260622,-3.70475109486933,-5.39160371630111,-2.34475525359974,-3.82576443389654,1.28548287706945
2016-05-11,-0.9740954828,1.25706789159601,-3.57859560206971,-5.2629129179,-2.26401522251663,-3.74287657961434,1.11640812705506
2016-05-12,-2.3456923575,1.25464339835474,-3.57207824311165,-5.2629129179,-2.26033371915561,-3.72487362026032,2.36612174187295
2016-05-13,0.19924728804,1.22557319511365,-3.48629303586954,-5.17856851458431,-2.21385816176249,-3.68423412277756,1.70184543571201
2016-05-16,3.7118868759,1.36198569434008,-3.88860817020492,-5.59061090033,-2.47421770731148,-4.01957274979212,1.46502359013196
2016-05-17,-0.41542394547,1.33566457532591,-3.81087579187976,-5.50757490818452,-2.41515584169657,-3.93124012430465,1.35600268422472
2016-05-18,1.1445074339,1.33678779109031,-3.81542580625538,-5.52798824667711,-2.42068557456431,-3.93903656241831,1.7470631213641
2016-05-19,-0.38071065992,1.33219142984966,-3.80306176177312,-5.50757490818452,-2.4139306697203,-3.93194111133692,1.47605184609534
2016-05-20,1.0828025477,1.38414747638343,-3.9558446029052,-5.63262790973077,-2.51246666444333,-4.10860052184293,0.584824633062232
2016-05-23,1.2707414409,1.33107456908623,-3.79996070912238,-5.48752058226,-2.41200432336227,-3.93194111133692,0.850636157589641
2016-05-24,1.5244218604,1.22070266489012,-3.47458419049716,-5.19240356027921,-2.20319023090658,-3.66206484706797,0.546288924192481
2016-05-25,1.7568947906,1.21133838239196,-3.44680826997581,-5.17536129692549,-2.18576549393851,-3.63398841425517,0.78933868460326
2016-05-26,0.79301345104,1.14930794310564,-3.26348981420127,-5.01384315453036,-2.06704981406557,-3.50269339940629,1.26632711637126
2016-05-27,-0.059755004531,1.12162324958175,-3.18165958780362,-4.93734090132906,-2.01390565088555,-3.47255804579932,0.631470046069254
2016-05-31,-0.4882909815,1.14740721400269,-3.25788062166507,-4.99832970732566,-2.06258657615769,-3.50269339940629,0.697306924381177
2016-06-01,-1.4019627479,1.09520314386703,-3.10387485504151,-4.80862232788968,-1.96318723183334,-3.40449396028268,0.785833374025467
2016-06-02,-0.75157424344,1.08844399433541,-3.08437003802486,-4.79505854188583,-1.95060134412141,-3.38581955657774,1.11438846920946
2016-06-03,0.2046663938,1.1039633578457,-3.1296725225472,-4.86438622976066,-1.98001065574605,-3.44072793827047,0.75097498125087
2016-06-06,0.72508169924,1.14364604239909,-3.24636673436588,-4.99832970732566,-2.05607043162102,-3.50940363874542,0.797994114504112
2016-06-07,0.40555611886,1.08731242464454,-3.08085448186651,-4.79505854188583,-1.94837021641044,-3.38657988164757,0.525287557579767
2016-06-08,-0.090881551114,1.09748171315867,-3.11020710007323,-4.85014094898455,-1.96780458830569,-3.42631870938267,0.56635421755617
2016-06-09,0.71760663031,1.06461726580354,-3.01368739547048,-4.75446127635692,-1.90548974596559,-3.3603604323086,0.706102916608125
2016-06-10,-0.82288008043,1.05315027893454,-2.98112981692083,-4.72787923643258,-1.88594047688748,-3.34197311224245,0.653595152306507
2016-06-13,-1.5076393807,1.04151749107223,-2.94746368220621,-4.71452543769624,-1.86392641278681,-3.3411016203195,1.39015228003841
2016-06-14,0.12327922741,1.03002588136081,-2.91372220570339,-4.64983313717826,-1.84209686646618,-3.32259108795963,1.21707909641752
2016-06-15,-0.32833983169,1.12073395048909,-3.18132424360775,-4.93734090132906,-2.01532649633066,-3.48556937261042,0.791466202353788
2016-06-16,0.42207123752,1.13787368528227,-3.23215001623468,-4.98295494374737,-2.04830092843792,-3.51123440864735,1.08628286521976
2016-06-17,-2.2757560227,1.11371408357357,-3.1597572141777,-4.92319898464701,-2.00105327225147,-3.47066893441211,1.17527524504708
2016-06-20,-0.24126717708,1.15397646695759,-3.27839116610979,-5.03134676796091,-2.07873045467605,-3.51760397089607,0.823221459968468
2016-06-21,0.85173501593,1.18481900973113,-3.36876220174378,-5.07937728466168,-2.13702012962209,-3.5771702298,1.03649101279111
2016-06-22,-0.3753518924,1.12891747383166,-3.20399664772129,-4.95342583368609,-2.03058783725019,-3.48846069334912,0.751839100545268
2016-06-23,0.57561486119,1.13526227184923,-3.22289638234195,-4.9842750532531,-2.0430183425231,-3.49872958582332,0.730621334115863
2016-06-24,-2.809573361,1.11190147561657,-3.15388918534815,-4.8934745185521,-1.9986353815992,-3.45798836512509,2.82524280048396
2016-06-27,-1.4561027837,1.09260714440115,-3.09861482947425,-4.808421045956,-1.96563866831038,-3.41161448288106,1.82948333929297
2016-06-28,1.6840504128,1.32443758866432,-3.78172368260057,-5.47515210981765,-2.40865328313165,-3.94899406468995,0.925281756909093
2016-06-29,0.86547708088,1.30305318457723,-3.7188145680057,-5.41624230679659,-2.36776772047901,-3.87090823607591,0.872002950524592
2016-06-30,1.2711864407,1.23524230232291,-3.51932015510019,-5.21310758342121,-2.23836056010655,-3.71037213246735,0.803940187225074
2016-07-01,0.30334728035,1.23735386897695,-3.52581426583689,-5.21310758342121,-2.2428380931112,-3.71037213246735,0.471120819410158
2016-07-05,-0.93857545107,1.23599697591071,-3.52171833166714,-5.21310758342121,-2.24007206428045,-3.71037213246735,0.53130335223815
2016-07-06,0.5684808928,1.0991817000559,-3.11946256468526,-4.8646391525719,-1.97993654177826,-3.4409020167183,1.18408950853118
2016-07-07,0.42918454928,1.03564776399812,-2.93254691708801,-4.69967931973759,-1.85936601079273,-3.33238345481384,0.706188786502026
2016-07-08,0.77131540547,1.10336920732775,-3.13160356042257,-4.8646391525719,-1.98819950971595,-3.44584411475102,0.584394712111648
2016-07-11,0.31030202717,1.05628015587056,-2.99284406537957,-4.74017194765077,-1.89847374589879,-3.3461070506273,0.48900101034925
2016-07-12,0.45370179414,1.0344684950555,-2.92921775392598,-4.69967931973759,-1.85734747855541,-3.32775994823448,0.3390114295813
2016-07-13,-0.56456579759,1.0269549028065,-2.90687753514111,-4.64767801660803,-1.84247926758434,-3.31853033980748,0.531654324395885
2016-07-14,1.9820377827,1.00214814907519,-2.83403418674784,-4.57299461458252,-1.79494513932575,-3.27766564243424,0.391642172312778
2016-07-15,-0.010122482035,0.982336870245042,-2.77479331242534,-4.50782430468919,-1.75573479301998,-3.22365685337273,0.424079887300728
2016-07-18,1.0629682121,0.94833709757511,-2.67443355427205,-4.34358037909264,-1.69037961418541,-3.15214762147933,0.350200728965155
2016-07-19,0.040068115959,0.938328371757659,-2.64567461971245,-4.30323303314491,-1.67163487067855,-3.13186699251267,0.446592119521481
2016-07-20,0.090117152286,0.921709720745948,-2.59654023268987,-4.25398432701512,-1.6398754166837,-3.11179058371168,0.422316864992185
2016-07-21,-0.53021208478,0.935021705732836,-2.63580432104237,-4.30323303314491,-1.6652067206411,-3.12785417876538,0.618221583276776
2016-07-22,-0.7744141607,0.923874648585221,-2.60365678179007,-4.28333829641894,-1.64478478389687,-3.11179058371168,0.539255868922982
2016-07-25,-1.3379282385,0.954703774610694,-2.69498584414916,-4.36425693392795,-1.70437922028614,-3.16448131165493,0.749079867988952
2016-07-26,-0.68830901992,0.952531405728973,-2.68871049404862,-4.36425693392795,-1.70041622520063,-3.16448131165493,0.796551319805148
2016-07-27,6.4963277127,0.993976474130166,-2.81088479378153,-4.55525211550347,-1.779773147535,-3.2719752586197,1.34876809406637
2016-07-28,1.3501699856,1.01750162741489,-2.87876431928706,-4.62966356360435,-1.82256468846353,-3.30789188392236,0.661623854871268
2016-07-29,-0.12459267782,1.10637265982947,-3.14078056320827,-4.875048367155,-1.99234823585256,-3.44526497042389,0.694779528715952
2016-08-01,1.7656654833,1.04965845578524,-2.97364471313243,-4.74889007590698,-1.8839851398533,-3.34035284128,0.488613244179013
2016-08-02,-1.4804337577,1.05970952353059,-3.00319685553107,-4.76259979827422,-1.90315201230789,-3.35889669149518,0.944650348708003
2016-08-03,1.253828484,1.02770117052996,-2.90921803592979,-4.65526731524044,-1.84251228093891,-3.32177047172571,0.450373995281146
2016-08-04,0.61775327868,1.0735503319072,-3.04381253676295,-4.79031550382778,-1.92965836553755,-3.37552688371824,0.403035856445842
2016-08-05,1.5207329745,0.983744174557288,-2.77861801356089,-4.50782430468919,-1.7577920032556,-3.23771599900237,0.311484064670908
2016-08-08,0.82806103474,0.964208337770345,-2.72108401992083,-4.42827824595484,-1.71952456762497,-3.18619508708596,0.417715668763787
2016-08-09,0.40601642522,0.930487383403773,-2.62183428805095,-4.29328271120595,-1.65528518717082,-3.12846700316722,0.374816213556066
2016-08-10,-0.74441687339,0.935086712327253,-2.63556003146788,-4.30323303314491,-1.66421526445483,-3.13253163099751,0.340128482147862
2016-08-11,-0.064814814868,0.895765381955269,-2.52078723146332,-4.14344582677935,-1.59046971265649,-3.07652606763777,0.37794576308753
2016-08-12,0.23163161313,0.88507828593379,-2.48884112407347,-4.06684626613316,-1.56956831186716,-3.03274459217519,0.275841989712691
2016-08-15,1.201700869,0.887378566792719,-2.49630753486181,-4.09169677088737,-1.57485795643218,-3.0480120427859,0.317131261662765
2016-08-16,-0.091340884228,0.87417238962963,-2.45703553538854,-4.02648495881515,-1.5492451914122,-3.01393360767628,0.438538836661482
2016-08-17,-0.14627902729,0.87157946857028,-2.44945383225579,-4.0107340564765,-1.54433924792417,-3.00648707476751,0.902005781195748
2016-08-18,-0.12818165178,0.887771519766043,-2.49714389505096,-4.10866328172234,-1.57528441441948,-3.0480120427859,0.413245319680282
2016-08-19,0.25669233582,0.966402078126313,-2.72935826406783,-4.43934638676883,-1.72583781417306,-3.19374119498588,0.403741596521236
2016-08-22,-0.77724945122,0.923377796895802,-2.60247451765619,-4.28333829641894,-1.64368573862079,-3.1193093827526,0.611855919258272
2016-08-23,0.31333517654,0.930120142339567,-2.62238377894578,-4.29328271120595,-1.65641992813761,-3.1315054770663,0.378160834741054
2016-08-24,-0.75333027098,0.965925302549295,-2.7280793127316,-4.43934638676883,-1.72511167697621,-3.18952168373937,0.474210019004493
2016-08-25,-0.42580764612,0.94017577104637,-2.65260120165308,-4.32329228798424,-1.67624988113948,-3.14784633571732,0.515102938979285
2016-08-26,-0.58566514826,0.923177442995093,-2.60275058859646,-4.28333829641894,-1.64419854437142,-3.1193093827526,0.909325459422492
2016-08-29,-0.11221245558,0.932036888063661,-2.62886974009319,-4.29328271120595,-1.66117102842229,-3.13558978107867,0.686315094479702
2016-08-30,-0.76764650812,0.995143924681786,-2.81441892262029,-4.55525211550347,-1.78111110626872,-3.28512426515583,0.657721337626149
2016-08-31,0.094339622592,0.979801165411625,-2.76991353991987,-4.50782430468919,-1.75218219163127,-3.23555572848457,0.497352835404084
2016-09-01,0.59377945327,0.99284629495577,-2.80866116903543,-4.53134473043836,-1.77695347225985,-3.28512426515583,0.464022410305261
2016-09-02,0.9369436897,0.979869325338839,-2.77017554928818,-4.50782430468919,-1.75246696747261,-3.23555572848457,0.581592643262354
2016-09-06,-0.027847396268,0.97250278263666,-2.74840356261487,-4.46176339302368,-1.73835526994917,-3.21808311419648,0.366830434282437
2016-09-07,0.61281337039,0.964758245961516,-2.72563364894169,-4.43934638676883,-1.72375050190318,-3.19234360558732,0.744841625462398
2016-09-08,-2.6208933185,0.926083015763871,-2.61120869852879,-4.2924417263494,-1.64965085990425,-3.13511307174278,1.50006351896709
2016-09-09,-2.2649734648,0.967484103429279,-2.73338704136502,-4.45036197055098,-1.72926616828828,-3.20473502007093,1.48306852771979
2016-09-12,2.2398913992,1.08866815034124,-3.09080913457039,-4.81804110759597,-1.9630977143111,-3.41317060397559,1.66963201293902
2016-09-13,2.3805007588,1.1410114429445,-3.24436723671462,-4.99649596084821,-2.06255566734447,-3.50923741640536,1.58566914450675
2016-09-14,3.5386753127,1.20951447960725,-3.4455957280687,-5.194375363142,-2.19296287022229,-3.6441496277451,3.80781345351116
2016-09-15,3.399838955,1.26143878180125,-3.59783204698124,-5.33796605778696,-2.29157010859052,-3.79008520528874,1.65213084283543
2016-09-16,-0.56242969622,1.52860209054909,-4.38524979960278,-6.24560726691455,-2.80246050607902,-4.53134473043836,1.46236555387521
2016-09-19,-1.1660285417,1.40949548836851,-4.03413226888021,-5.78268804759014,-2.5746853634505,-4.24363272781561,1.70285145250557
2016-09-20,-0.0088043670075,1.39921068825754,-4.00409469200331,-5.75829305346667,-2.5551571937116,-4.16941293184475,1.21620735806288
2016-09-21,-0.017610284249,1.41705327734847,-4.05675119858278,-5.80764321899143,-2.58934695771698,-4.24363272781561,1.0949380182206
2016-09-22,0.94231616022,1.37383546353952,-3.92953970199159,-5.60019100578228,-2.50686355912142,-4.13394095441243,0.588934915567866
2016-09-23,-1.6663758506,1.25365307076565,-3.57516133544343,-5.30076604430532,-2.27701319835255,-3.76442841817957,1.69494997933058
2016-09-26,0.1508295627,1.16908672626829,-3.32593819862565,-5.07670724870187,-2.11531973987087,-3.55093776806581,0.885903269592112
2016-09-27,0.18603827066,1.2619643282682,-3.60055517161878,-5.33796605778696,-2.2935278182284,-3.79659458130783,0.722821875546585
2016-09-28,0.76045627375,1.1681451664475,-3.32420047924981,-5.07670724870187,-2.11432741462626,-3.54045550085693,0.623282420519577
2016-09-29,-1.5533128564,1.1327265239995,-3.22005047963069,-4.99649596084821,-2.04682312224875,-3.50405150203594,1.11462801444146
2016-09-30,0.77553931187,1.10091725150296,-3.12649889294244,-4.875048367155,-1.98618787072162,-3.45285615581031,0.875744174865794
2016-10-03,-0.46881910666,1.16498634181873,-3.31564299267265,-5.06040319357963,-2.10890402387255,-3.54045550085693,0.451733100577745
2016-10-04,0.42659082828,1.10733874416349,-3.14624707474738,-4.88957672617731,-1.99914540752501,-3.46801541196944,0.977466050080745
2016-10-05,0.044247787628,1.05055130908824,-2.97885909557018,-4.74889007590698,-1.89060414647094,-3.35052543724199,0.696212450959689
2016-10-06,0.74303405563,1.10732670107384,-3.14624623594502,-4.88957672617731,-1.99916664282108,-3.47255304897875,0.678572947333031
2016-10-07,0.14926683652,1.08897611099831,-3.09224325323607,-4.81804110759597,-1.96416155302877,-3.42718004110068,0.682830316340453
2016-10-10,1.7446957741,1.06624205980094,-3.02480786458561,-4.77643091739606,-1.92035239502332,-3.38219444836361,0.521827266419934
2016-10-11,0.21542438608,1.05642208894912,-2.99553712950077,-4.76259979827422,-1.90130760119991,-3.36312304916667,1.3523373396372
2016-10-12,0.89423903701,1.04411157526223,-2.95883538090628,-4.74889007590698,-1.87741751313876,-3.34897192267853,0.837348499976285
2016-10-13,-0.30680074997,1.12880337368546,-3.20903940971723,-4.98070851258938,-2.03939692105216,-3.50244648701957,0.834790720751864
2016-10-14,0.55565053863,1.09309227022282,-3.10399855061746,-4.81804110759597,-1.97118348650252,-3.445801079425,0.764566446313453
2016-10-17,-0.068009861388,1.09856348703039,-3.1204139248063,-4.875048367155,-1.98161683660598,-3.461063654591,0.573047551288912
2016-10-18,-0.068056146392,1.08787916798824,-3.08956257308825,-4.81804110759597,-1.95961285343885,-3.42088978257475,0.326965770230748
2016-10-19,-0.29794841239,1.07195456935395,-3.04254955145002,-4.79031550382778,-1.92915268882489,-3.38699361381086,0.378687895034297
2016-10-20,-0.051229508153,0.99296334589076,-2.81010227961369,-4.54321901574483,-1.77883153341403,-3.28784206151385,0.723087846825024
2016-10-21,-0.3929608748,0.967659700679099,-2.73556953985773,-4.46165397787632,-1.73067400512897,-3.21178191160877,0.419975382649781
2016-10-24,0.90051457973,0.989990114276065,-2.8015734965774,-4.53134473043836,-1.77323981225871,-3.2694499672307,0.297546028611736
2016-10-25,0.50998725037,0.940372958685796,-2.65583146070115,-4.33286137469085,-1.67887667792017,-3.15257537341433,0.314486561086613
2016-10-26,-2.2494714588,0.91145004118505,-2.57055409909079,-4.22453316892057,-1.62361508938224,-3.09964105239512,1.44932174058804
2016-10-27,-0.96029068254,0.90728908081459,-2.5590514762196,-4.19659267652079,-1.61866593121547,-3.09336696813989,0.671669312924535
2016-10-28,-0.6638714186,1.06854369017202,-3.03492092968756,-4.79031550382778,-1.92721349170026,-3.38326403297475,1.13603835909746
2016-10-31,-0.15828350333,1.00057979943104,-2.83483827068267,-4.57973729917394,-1.79715786396605,-3.29853744836502,0.452404461595182
2016-11-01,-1.8055310904,1.07827731082113,-3.06455832752447,-4.8041849507784,-1.94655913815431,-3.38803725877467,0.959670589445939
2016-11-02,0.089694142844,1.02816556308203,-2.91661738084152,-4.6681758038037,-1.85059003370869,-3.34410633810096,1.03094674965674
2016-11-03,-1.0718789407,1.10343843321643,-3.13841802610802,-4.875048367155,-1.9935965721266,-3.46095486252837,0.766921089931793
2016-11-04,-0.90139306203,1.0891918649807,-3.09719719575265,-4.81804110759597,-1.96770977634936,-3.44065743024369,1.1781116979803
2016-11-07,1.4424843808,1.07226992993397,-3.04736596867174,-4.79031550382778,-1.93514252002313,-3.39169113631221,0.591022525386789
2016-11-08,0.58871479032,1.10856307895262,-3.15400654023394,-4.90430452800932,-2.00452566829849,-3.48148250357123,0.667891976729855
2016-11-09,-0.16207455428,1.06848521984341,-3.03569222368174,-4.79031550382778,-1.92782169428156,-3.38689018977763,4.17722678229293
2016-11-10,-2.7867965368,1.05739933319814,-3.00561592804512,-4.76259979827422,-1.90925540400321,-3.3725413354772,5.86374397695445
2016-11-11,0.5937471009,1.45000893164335,-4.16183158716006,-5.96581730585937,-2.65994270465789,-4.32349128476424,2.20837211079403
2016-11-14,-2.5085308494,1.72831379794684,-4.98142734099495,-6.843208974095,-3.19189629532459,-4.96516173220439,3.0807949809111
2016-11-15,1.3243780153,1.57228887662988,-4.52105417063224,-6.38660557123137,-2.89117118671811,-4.65373555538971,1.5883605979329
2016-11-16,2.6888245729,1.70694691387132,-4.91727790841636,-6.79729614072439,-3.14782413608642,-4.88957672617731,1.43609699898748
2016-11-17,-0.03636694255,1.66143429157582,-4.78306700164495,-6.70675168961163,-3.06219306608461,-4.8178810662129,1.1158822589499
2016-11-18,0.10004547548,1.56055570749418,-4.40121094946203,-6.24560726691455,-2.86901262683588,-4.65328573581029,0.724470300635288
2016-11-21,1.5173541704,1.36408553710818,-3.83317239279272,-5.55757265992099,-2.49385197497096,-4.07871283376859,0.727331494715026
2016-11-22,0.062651033841,1.27678996084159,-3.58156161975507,-5.30076604430532,-2.32746936524158,-3.85332134444661,0.558513746554488
2016-11-23,-0.50983899828,1.17078501730381,-3.27521257284054,-5.04433588140459,-2.12484715042668,-3.57203826318652,0.639533625920936
2016-11-25,0.50346129647,1.10861419801027,-3.09495151962528,-4.8319612252439,-2.00591842316034,-3.48206390745317,0.222589703142119
2016-11-28,-0.19679756706,1.07575536798731,-2.99985833179804,-4.77564494127717,-1.94289397647077,-3.3919405645745,0.483294969474867
2016-11-29,-0.098592811628,0.992745472025364,-2.75927587828152,-4.49278829186913,-1.78381830675386,-3.29575444339441,0.769250894904217
2016-11-30,-0.84335187512,0.99936509884403,-2.77804085017745,-4.51631348247347,-1.796203049018,-3.30044055891215,1.12211220552832
2016-12-01,-0.93195801655,1.02692439726592,-2.85717170739672,-4.61459010737698,-1.84858284326595,-3.34308775434199,1.32444633567183
2016-12-02,0.37446342121,1.08546592470208,-3.02661134979147,-4.78968936406667,-1.96061577047374,-3.42529501485424,1.18119419663951
2016-12-05,-0.71883530482,1.1379327074771,-3.17797761832946,-4.93447196380259,-2.06061841698299,-3.52358875140145,1.29363672256481
2016-12-06,0.76986527347,1.17348914548711,-3.2810492504363,-5.04433588140459,-2.12909294539955,-3.57721723659887,0.693259461985731
2016-12-07,0.9822646658,1.2196675865649,-3.41453266093563,-5.15991239521275,-2.21715426119727,-3.70982496477778,0.900094179703429
2016-12-08,0.98171665304,1.17208607667482,-3.27721895519942,-5.04433588140459,-2.12646100694161,-3.57721723659887,0.80212484621234
2016-12-09,1.6321798073,1.17616424283343,-3.28917415740285,-5.04433588140459,-2.13420820494464,-3.59371378249582,0.997379429195479
2016-12-12,-0.57042562512,1.14470051522507,-3.19772846432897,-4.96516173220439,-2.07378077452836,-3.53419814458394,0.779102686323132
2016-12-13,1.6681376874,1.15148455667656,-3.21812037058839,-4.99649596084821,-2.08458996568446,-3.53951131727619,0.871067722711471
2016-12-14,0,1.09986631907887,-3.06917568025714,-4.8178810662129,-1.98689884906899,-3.46587163809791,1.3558883171939
2016-12-15,0.54692247595,1.10199417081406,-3.07485500119158,-4.8178810662129,-1.99061429988328,-3.46587163809791,1.08217675480276
2016-12-16,0.12951131084,1.15936770550932,-3.24025597815349,-4.99649596084821,-2.09955463844428,-3.55558824454852,0.589052342791191
2016-12-19,0.5777356213,1.14662789763698,-3.20348070718943,-4.96516173220439,-2.07582319798397,-3.53419814458394,0.60061905796345
2016-12-20,0.26577503413,1.08528181439805,-3.02564873663795,-4.78968936406667,-1.95817030970336,-3.42941434431837,0.33626018402206
2016-12-21,0.094057289607,1.07449703328622,-2.99424545653282,-4.76439821051429,-1.93610714918925,-3.39051730433512,0.399357657167143
2016-12-22,-0.65778233393,1.02178600767767,-2.84214838345826,-4.59052699106547,-1.83541326782516,-3.32795430052147,0.479907400875372
2016-12-23,0.19778140868,0.973222699496648,-2.70182433550582,-4.38053018336815,-1.74246351828874,-3.23006505582913,0.446462023204466
2016-12-27,0.63508410567,0.945068157002289,-2.62025155246879,-4.2872637261759,-1.68840833003284,-3.16492522259885,0.268401170330639
2016-12-28,-0.42640286547,0.932940638456847,-2.58557306661786,-4.23798721476199,-1.66551978500389,-3.13557866449577,0.536540604310451
2016-12-29,-0.025693730731,0.893998188071722,-2.43772452729851,-3.9869452896625,-1.59062858762804,-3.07839505936775,0.341630689438447
2016-12-30,-0.77957680123,0.932581545796691,-2.54827333360023,-4.17216917413483,-1.66401404161404,-3.13557866449577,0.832718673970078
2017-01-03,0.28492488364,0.909714157278519,-2.48417016514689,-4.05894850154764,-1.62089092157068,-3.09456977547507,0.909289487479885
2017-01-04,-0.11192423589,0.975939690747357,-2.67336911420053,-4.34873119710125,-1.74706602540214,-3.23006505582913,0.443377719725056
2017-01-05,0.50853301145,1.00745744575836,-2.76412182926206,-4.4930165847619,-1.80735808685441,-3.30851766794905,0.529120826245758
2017-01-06,1.1148272019,0.973674704919659,-2.66679498861653,-4.32800381025617,-1.74232302175904,-3.23006505582913,0.724598323876314
2017-01-09,0.91595284539,0.97898058177255,-2.68149627625774,-4.35925088621006,-1.75208170857634,-3.23899919751601,0.625534846340238
2017-01-10,0.10084881087,1.01568341997436,-2.78568134354039,-4.51669393259448,-1.82153633425102,-3.32282607624058,0.574370777126894
2017-01-11,0.53731844528,0.995564578498457,-2.72810372337543,-4.4467068430894,-1.78315404116729,-3.28961551349781,0.597977392399985
2017-01-12,-0.4175365345,0.971290119798798,-2.65857673979636,-4.32800381025617,-1.73727452726714,-3.22117252483433,0.583787933788201
2017-01-13,-0.17610062896,0.981383027577108,-2.68763726789319,-4.36986554497785,-1.75666499559849,-3.24350039166848,0.355528446715992
2017-01-17,0.80645161288,0.981584397333286,-2.68892238490552,-4.37619173624586,-1.75628743825097,-3.24309567092614,0.638287196823893
2017-01-18,-0.008333333335,0.93803134211769,-2.56507886604927,-4.20459319101667,-1.67349060521827,-3.14741734961168,0.489160808541121
2017-01-19,-0.17501458451,0.964167564274979,-2.63909895312554,-4.31323099854847,-1.72325147308634,-3.19439126912176,0.397596951170861
2017-01-20,0.18367006178,0.942704820851564,-2.57789762772881,-4.24305388357882,-1.6825435455078,-3.16006795783879,0.301723157210188
2017-01-23,0.06666666668,0.920103156691999,-2.51296305733337,-4.1402474883011,-1.63930374230323,-3.11830666512682,0.434213907106056
2017-01-24,-0.091605596208,0.892737402559767,-2.43472670924546,-3.99001208249548,-1.58693820968751,-3.06953315455054,0.175274822704196
2017-01-25,1.5920646829,0.909706130959682,-2.4834315475917,-4.06253952778789,-1.61969419343586,-3.09379482014423,0.325701692356801
2017-01-26,0.049228749594,0.854711904899692,-2.32624561148596,-3.84372958341918,-1.51535997431536,-2.98844653579079,0.390310315362733
2017-01-27,0.0082007545643,0.859166453596646,-2.33909225365236,-3.85068647297844,-1.52394822379763,-2.98844653579079,0.25496585125846
2017-01-30,-0.26240262405,0.864741646870487,-2.35531429992383,-3.8576219297318,-1.5344704387029,-2.99217593009564,0.400889237551551
2017-01-31,-0.23020636354,0.847171774533765,-2.30524403824237,-3.80964521086339,-1.50085680328206,-2.97718260656193,0.459893734353421
2017-02-01,6.0980634527,0.860348421644041,-2.34268984174104,-3.84458568922627,-1.52466080667895,-2.98284112550513,1.23606885168321
2017-02-02,-0.17087378637,0.88407014539616,-2.40999950225215,-3.94559756173399,-1.5689315072666,-3.02837493557857,0.645018257646329
2017-02-03,0.42791566175,1.01141067417278,-2.77417603544355,-4.50801485307708,-1.81242611639982,-3.30712164799808,0.454016906980963
2017-02-06,0.93740316079,0.97311956147975,-2.6645001261264,-4.32865879499,-1.73892013318488,-3.21881428041386,0.347849911271037
2017-02-07,0.95172307938,0.965789569149924,-2.64354295054161,-4.30791417417407,-1.72493764130924,-3.19237642099172,0.467564512800953
2017-02-08,0.38774424083,0.952863464079336,-2.60640387701969,-4.27725603087455,-1.70036780916111,-3.17505713418187,0.245717087233137
2017-02-09,0.7225983114,0.963872735744804,-2.6381451627766,-4.30791417417407,-1.72134014582109,-3.19237642099172,0.352933707899972
2017-02-10,-0.22655188022,0.882228704696535,-2.40441215154894,-3.94559756173399,-1.56532070450633,-3.03138058617958,0.356705973338826
2017-02-13,0.8855585831,0.87338271068774,-2.37946339932374,-3.89395895627381,-1.54861767963161,-3.00828619029608,0.268538122447649
2017-02-14,1.2979218245,0.866635558271829,-2.36058495386406,-3.8654870603486,-1.53603922055411,-2.9931360130323,0.430114559503258
2017-02-15,0.36290919852,0.851362701406246,-2.31676214959722,-3.83072056446119,-1.50657964530516,-2.97776074110972,0.515110301438499
2017-02-16,-0.12176223153,0.864868587297292,-2.35535484419893,-3.85152501020648,-1.53246399471398,-2.98911623268737,0.505375022097785
2017-02-17,0.27706971068,0.890675616556042,-2.42943156028094,-3.97622233266734,-1.58184281739478,-3.07090400537384,0.356513535360121
2017-02-21,0.72207485991,0.898618267408781,-2.45222002596406,-4.00770911688769,-1.59702451548106,-3.08722322393995,0.357538869200903
2017-02-22,0.29992684722,0.883555791927572,-2.40922227196389,-3.94559756173399,-1.56837832245311,-3.03509251325638,0.205570370878164
2017-02-23,-0.42301801477,0.889131313982368,-2.42500198923443,-3.97622233266734,-1.57894698231303,-3.06685694662853,0.325534282868811
2017-02-24,0.095217168382,0.859393153921385,-2.34028240916376,-3.84458568922627,-1.52257042081348,-2.98911623268737,0.385691603709068
2017-02-27,0.19757061309,0.85753845316802,-2.33789875981845,-3.84458568922627,-1.52046734133627,-2.98911623268737,0.358567904585226
2017-02-28,0.043818009181,0.85710090369129,-2.33583351314542,-3.84458568922627,-1.51915182170806,-2.98911623268737,0.281094353483083
2017-03-01,2.0439448137,0.853141277871859,-2.32751771047397,-3.84458568922627,-1.51327560997028,-2.98911623268737,0.42197508481553
2017-03-02,-0.59374776465,0.840137926184385,-2.28934747950191,-3.78354576976283,-1.48774536725724,-2.95535497206977,0.54272808944789
2017-03-03,0.59009787001,0.869506491825934,-2.37257163360759,-3.88676948642133,-1.54327756630774,-3.00984312625942,0.348352960630806
2017-03-06,-0.31478036917,0.895626781621626,-2.44717899169627,-3.99976242685765,-1.59308507601324,-3.08932720689171,0.271724347031172
2017-03-07,0.12918042194,0.873985375449602,-2.38462703719871,-3.89395895627381,-1.55139636192724,-3.01752907490263,0.377177448485191
2017-03-08,-0.37270642206,0.857288336710336,-2.33670416178916,-3.84458568922627,-1.51948712207481,-2.99083079299044,0.347111252372638
2017-03-09,-0.23021582738,0.873179340135495,-2.38204861442818,-3.89395895627381,-1.54987016918705,-3.01368066530892,0.899399006751872
2017-03-10,0.33169887502,0.86500734728573,-2.35868559834656,-3.8654870603486,-1.53427378765448,-2.99460501070052,0.307109461574022
2017-03-13,0.043122035459,0.941751711056553,-2.57907115401849,-4.23754203349823,-1.68121431557107,-3.15179565171556,0.265200958316639
2017-03-14,-0.15086206895,0.881964495824966,-2.40795829174784,-3.94559756173399,-1.5669469806919,-3.036984542904,0.225859352761369
2017-03-15,1.0576300452,0.876741010113107,-2.39457640124054,-3.91574038853092,-1.55779907877785,-3.02139244223377,0.337593641357167
2017-03-16,0.16374768638,0.862806346032686,-2.35431769414799,-3.85152501020648,-1.53077675686528,-2.99401617533083,0.276988948664935
2017-03-17,-0.49754780011,0.873338223595266,-2.38452553887084,-3.89395895627381,-1.55088130408965,-3.01697647440289,0.185279316511499
2017-03-20,1.0500750053,0.826534784115263,-2.25065953897703,-3.7190731579267,-1.46122134461004,-2.92525791250149,0.228122381120315
2017-03-21,-1.1452000565,0.805809788898355,-2.19440002091145,-3.65208158230891,-1.42258825631759,-2.89277749137579,0.962177102165482
2017-03-22,1.1298627,0.807369173621244,-2.19778082605153,-3.65799821348374,-1.42526366608754,-2.90714271028191,0.830397858421672
2017-03-23,-0.3535567811,0.930044290807383,-2.54878789281822,-4.1709937666642,-1.6595477790677,-3.141782004851,0.536110597919601
2017-03-24,-0.1986942948,0.948467500136814,-2.60129805185062,-4.26716298222289,-1.69468942460004,-3.18485984781504,0.541036122032992
2017-03-27,0.17064846415,0.93723042652425,-2.56849887391333,-4.21806693748655,-1.67310607621472,-3.15454230354509,0.741496069258396
2017-03-28,2.0726859739,0.959492734062003,-2.63240900547429,-4.30791417417407,-1.71606625539936,-3.19803047371875,0.530967992261017
2017-03-29,0.22253129355,1.00694863453848,-2.76977540258144,-4.50801485307708,-1.8069060245511,-3.31384035395016,0.489613319372155
2017-03-30,-0.13183458232,0.964746210436766,-2.6484518332972,-4.31823572257019,-1.72636249471293,-3.20687373512904,0.385670149481268
2017-03-31,-0.18759119021,0.941575735275642,-2.58233604413491,-4.23754203349823,-1.68265754708539,-3.16743964035219,0.489099089574387
2017-04-03,0.027843519456,0.923009908953853,-2.52983947139623,-4.16180753843446,-1.6475597186203,-3.12908069122756,0.377676019809783
2017-04-04,0.74460681972,0.9297758994949,-2.54949893973312,-4.1709937666642,-1.66055258661458,-3.141782004851,0.3694009447095
2017-04-05,-0.51806313459,0.896466022692229,-2.45417667947823,-4.01572498048557,-1.59676302308937,-3.09572216335917,0.679502138256541
2017-04-06,-0.24996528273,0.885586984381191,-2.42335261601135,-3.97622233266734,-1.57628176993715,-3.06286308124429,0.761670255839088
2017-04-07,-0.22274815528,0.92839820990404,-2.54613549036639,-4.1709937666642,-1.65817996638363,-3.141782004851,0.470929435297137
2017-04-10,-0.11859913502,0.959275918557066,-2.63465534118182,-4.30791417417407,-1.71728695791129,-3.20245128004269,0.26045456194351
2017-04-11,-1.0756443389,0.931110780640904,-2.55564042927718,-4.1709937666642,-1.66442710055703,-3.141782004851,1.61461564853516
2017-04-12,0.12003106694,0.901940555150011,-2.47179111633676,-4.04013855236387,-1.60891750336552,-3.09986538334373,0.624969641981893
2017-04-13,-0.52891396326,1.09247155177817,-3.02091700439152,-4.78664159993415,-1.97063261359085,-3.44800262551127,0.36927597112882
2017-04-17,0.55299539163,1.00835876971995,-2.78001813948995,-4.50801485307708,-1.81038973383791,-3.31384035395016,0.28286921080939
2017-04-18,-0.44419375308,0.963959772753118,-2.65340629227145,-4.32865879499,-1.72594671658618,-3.20687373512904,0.370034473864581
2017-04-19,-0.36827195463,0.945221251839606,-2.59916535086399,-4.25718750334491,-1.69032555949829,-3.17177038380526,0.299891530585558
2017-04-20,1.2510662496,0.960373090374871,-2.6413814220747,-4.30791417417407,-1.7186147171922,-3.20245128004269,0.355048816196663
2017-04-21,-0.11934849753,0.875211446728929,-2.3967011799907,-3.91574038853092,-1.55566371091289,-3.03071475814308,0.304640183126532
2017-04-24,0.96295775638,0.864067569813578,-2.36485565628354,-3.8654870603486,-1.53495121467786,-3.00354712163342,0.249281469742714
2017-04-25,0.61960456696,0.852207643783634,-2.33114627484261,-3.84458568922627,-1.51223012086213,-2.99585790137299,0.236432870712999
2017-04-26,-0.58811319459,0.841839264815655,-2.30211561667901,-3.80342316405561,-1.49280602600553,-2.97291637640614,0.467919183569974
2017-04-27,0.076559020272,0.830464873639516,-2.26978901901528,-3.76367511825022,-1.4716654858319,-2.94298391288998,0.286149326410811
2017-04-28,-0.097364211979,0.86450361502785,-2.36826527452027,-3.87252735152488,-1.53647676663126,-3.00739102905236,0.356861990839668
2017-05-01,2.0396797774,0.839323642003572,-2.29676855865628,-3.79670907968795,-1.48800031352328,-2.96796570473214,0.362942146500821
2017-05-02,0.63446582062,0.849292448084124,-2.32560735355737,-3.83762487257615,-1.50719619058699,-2.99471203037091,0.515508984968438
2017-05-03,-0.30506406338,0.856909165043904,-2.34724598694363,-3.85152501020648,-1.52169585657913,-3.00246404863185,1.38570717912615
2017-05-04,-0.36039711686,0.890461407123748,-2.4432635581595,-3.99187504853503,-1.58677992765352,-3.08615580750138,0.562698480123695
2017-05-05,1.658363475,1.02524288878719,-2.83047359758705,-4.59512439193431,-1.84446154284858,-3.35270032371353,0.346457694991432
2017-05-08,2.7188506983,0.969222364665683,-2.66977267822272,-4.33909804356226,-1.73662260761253,-3.23606273274128,1.00773693500896
2017-05-09,0.64048101431,0.948672971166823,-2.61138560267412,-4.27725603087455,-1.69742460101622,-3.19114454717863,0.78253380878273
2017-05-10,-0.47405675696,1.04347054643791,-2.88295477694841,-4.66078217713788,-1.87831418600581,-3.366196154233,0.457937451793779
2017-05-11,0.86483653286,1.03873529392407,-2.86967168914611,-4.64739035330602,-1.86961465875231,-3.366196154233,0.634764451733804
2017-05-12,1.396557324,0.959011603208007,-2.64113938437607,-4.30791417417407,-1.71745613204293,-3.20891712553814,0.803356213368277
2017-05-15,-0.25624599621,0.98039306472323,-2.70203014454563,-4.38188405629484,-1.75792529465325,-3.26385547998442,0.519489552411512
2017-05-16,-0.14771997439,1.01792606055903,-2.80929916233076,-4.55236845112929,-1.82866394725132,-3.34088260995526,0.346929261827371
2017-05-17,-3.3575609442,0.965564152896451,-2.6587324247715,-4.33415921069308,-1.72882115509254,-3.22168387422857,1.96958855298056
2017-05-18,1.5241264558,0.924472236230167,-2.57002072453414,-4.21750242430526,-1.65350183489381,-3.14946746591763,1.41689942351072
2017-05-19,0.34089419169,1.14684255007016,-3.21496388477039,-4.99786305303211,-2.07815383743551,-3.54202791756955,0.690928536425066
2017-05-22,0.60760486085,1.14527209042487,-3.21066435382498,-4.98163260989182,-2.07538271454311,-3.54202791756955,0.45134496900107
2017-05-23,-0.12338463529,1.08410734604072,-3.03328558169732,-4.8002738689418,-1.95885859090802,-3.42951625031185,0.517385654821791
2017-05-24,-0.29908972683,1.06119939810199,-2.96713712478924,-4.7572838265648,-1.91521889988997,-3.39413161620442,0.374392832958409
2017-05-25,0.34563714617,1.07573605326339,-3.00967599246312,-4.78585678892602,-1.94310317697331,-3.40421902022945,0.41542485406157
2017-05-26,-0.1689738092,0.977400701885471,-2.69556366330177,-4.38126127078516,-1.7526149827813,-3.25689284602484,0.358590552099521
2017-05-30,0.039059957089,0.92268704005913,-2.54066933030756,-4.16126216129322,-1.64821673847114,-3.14930303207717,0.299852007124941
2017-05-31,-0.59217804383,0.894439611119429,-2.46481094441539,-4.03963315051047,-1.59458775514257,-3.11078996943915,0.446470119541084
2017-06-01,0.27494108399,0.87911225319592,-2.42103149584751,-3.95266912498515,-1.56494746445339,-3.05903107244823,0.404615007573882
2017-06-02,1.4819166992,0.888918071591344,-2.4504421042021,-4.00721408225179,-1.58433963361524,-3.09634466082765,0.409575433585279
2017-06-05,-0.97780636861,0.885905116266054,-2.44390124296326,-3.99138503963147,-1.57678711615916,-3.08373564456648,0.58510290423253
2017-06-06,0.33781589045,0.883782501234912,-2.44252582112717,-3.99138503963147,-1.57537882055375,-3.07542936309559,0.664592395041429
2017-06-07,0.59566202672,0.912573572565091,-2.52340134426256,-4.14299214465251,-1.6292428066512,-3.130451198778,0.607511150464934
2017-06-08,-0.24457746031,0.942523393076213,-2.60880622664273,-4.27667098994121,-1.68586961385548,-3.18279876681982,0.506580873010098
2017-06-09,-3.8776695272,0.946989549362897,-2.62321496836578,-4.29703768962945,-1.69574536045744,-3.20066369746587,5.45174658226907
2017-06-12,-2.3895824943,0.943340372548226,-2.63364679258356,-4.30468241711288,-1.69205616554196,-3.19372930386558,6.5376216594584
2017-06-13,0.80456608448,1.52925234833655,-4.33359353421131,-6.2312911245463,-2.80939819444714,-4.5392029128838,1.01858104925556
2017-06-14,-0.97550992577,1.79424456498101,-5.10626736654647,-6.95526140471081,-3.30630685954413,-5.03616640902617,1.36992185028714
2017-06-15,-0.5993386606,1.51531940255928,-4.30147826767017,-6.16284228009643,-2.77992101870336,-4.50300190769862,1.55228131976098
2017-06-16,-1.3999584171,1.5637821435879,-4.44081254521851,-6.30258455757115,-2.87135467618722,-4.64092578181269,0.808145718050499
2017-06-19,2.8607577142,1.61204860219898,-4.58115905701877,-6.49496016593192,-2.96313209839818,-4.75030276069683,0.567919736139503
2017-06-20,-0.90884242181,1.39985168667664,-3.96517925804237,-5.66461512643649,-2.56027205595818,-4.1965850371431,0.81786541418472
2017-06-21,0.59306254734,1.11664072054559,-3.14574048586746,-4.86477117585847,-2.02488603841023,-3.51118680233297,0.594702842899134
2017-06-22,-0.1645300611,1.12485989715333,-3.16866361913994,-4.92487668854211,-2.04035688808961,-3.52207812627454,0.636074957034772
2017-06-23,0.44633660673,1.06814291137877,-3.00306468903164,-4.7643528178792,-1.93174099634585,-3.40648606031365,0.462888317673379
2017-06-26,-0.31446540888,1.02419555911272,-2.87528372814907,-4.64092578181269,-1.84798377960948,-3.36140638348278,1.26263306075203
2017-06-27,-1.4332738993,0.990673715908136,-2.77651698211328,-4.50300190769862,-1.78310079512645,-3.30708454100958,1.2720777474561
2017-06-28,1.4610728449,1.09750976881693,-3.08586403896785,-4.79606239007934,-1.98564915342152,-3.46398515646237,1.26758030022275
2017-06-29,-1.4743194131,1.12350162730959,-3.16035096431089,-4.91420393619735,-2.03478680590229,-3.50698127427565,2.21401172439559
2017-06-30,0.2366369712,1.15857704510896,-3.26115968324584,-5.00941508714393,-2.1010402705811,-3.55631879598092,0.734400517398627
2017-07-03,-0.36106096377,1.30122682759293,-3.6762280552104,-5.38382331694419,-2.36995785096465,-3.86852542918302,0.699508789484478
2017-07-05,0.41114982596,1.21051104617113,-3.41232594338322,-5.1438025643697,-2.19758218967387,-3.65989013336107,0.841588305060227
2017-07-06,-0.94385453558,1.18260371201485,-3.33207577523203,-5.05830223893922,-2.14439848508672,-3.58849661323044,0.942693233567045
2017-07-07,1.0159041547,1.17443062694097,-3.30779873274375,-5.00858669894,-2.12900799818469,-3.56032703742829,0.587829533683361
2017-07-10,0.61034817609,1.16778837903673,-3.28826945989475,-5.00858669894,-2.11641391938892,-3.54924493241692,0.556073414498934
2017-07-11,0.32400386044,1.05750335756414,-2.97218645428865,-4.73309232323008,-1.89703579926632,-3.36031046500136,0.588555225235101
2017-07-12,0.14430014435,1.04517570314928,-2.93693316177959,-4.70451605614,-1.87399245058166,-3.35040592659798,0.6747513641534
2017-07-13,1.3928914506,1.04253794175268,-2.92864571187744,-4.70451605614,-1.86869468970504,-3.35040592659798,0.688470612155951
2017-07-14,0.85944373004,1.02638344813462,-2.8809572904375,-4.63566610049923,-1.83777349233685,-3.33043934650864,0.469104904346702
2017-07-17,0.34889962426,0.99536447329696,-2.78954340958171,-4.49863177326475,-1.77854747489669,-3.27852273922427,0.694205433563448
2017-07-18,0.34768654732,0.96764368937359,-2.70799347980406,-4.3590219396192,-1.72536074199366,-3.19015128849848,0.496108254066235
2017-07-19,0.6263326226,0.993451296960875,-2.7829113622086,-4.47433575674184,-1.7741092714189,-3.26407205830994,0.471373248599406
2017-07-20,-0.45027148708,0.967277176092158,-2.70582511330446,-4.35746294256623,-1.72411857163018,-3.18644099589329,0.530644288865505
2017-07-21,-0.046561128238,0.952281903796293,-2.66166415174546,-4.30993834351806,-1.69551094646016,-3.17261462196606,0.623527537904731
2017-07-24,1.2111532575,0.948146668451602,-2.65000759876548,-4.29930120115833,-1.68804231032663,-3.16163803398645,0.447613849806745
2017-07-25,0.42737852582,0.964911934730699,-2.6990581036979,-4.36431376515067,-1.71995957539137,-3.1884841296954,0.613399353471839
2017-07-26,0.47138928876,0.934012805749879,-2.60879850038912,-4.2575142571325,-1.66114669100586,-3.13957107209525,0.442898632657326
2017-07-27,-1.8897432554,0.956249663534009,-2.67373258924142,-4.33137789228758,-1.70332684997007,-3.17503296179757,3.21421937358003
2017-07-28,-0.7040382573,0.939362611160543,-2.62449493643134,-4.27828298234494,-1.68083470741273,-3.15341286203084,0.638507406432996
2017-07-31,-0.51505016718,1.29425211758749,-3.65704577533893,-5.36292092569524,-2.35671538202758,-3.83335531398905,0.873012520058591
2017-08-01,0.88751428757,1.10498613918253,-3.10723784954132,-4.84010035942982,-1.99690052515065,-3.45545309871838,0.626119478435683
2017-08-02,4.7250916359,1.14296770426434,-3.2172972708716,-4.98343778892476,-2.06891511314317,-3.52062374399692,2.45363547136118
2017-08-03,-0.99910907447,1.12040262362431,-3.15017273380841,-4.87754225697117,-2.02451979546915,-3.49049547183523,1.14712813520785
2017-08-04,0.52709391257,1.34441628555753,-3.80220192822889,-5.46019799454937,-2.45187753059223,-3.98334631601376,0.991598086505628
2017-08-07,1.5474135176,1.16373950178837,-3.27660174173585,-5.04336803150297,-2.10786241732181,-3.54654814873268,0.400280305666272
2017-08-08,0.79969775197,1.16902892490001,-3.2920673995413,-5.04336803150297,-2.1180532679283,-3.5522082700913,0.994380060566748
2017-08-09,0.61219390318,1.0987535363637,-3.08824150626505,-4.81633731142348,-1.98470483723942,-3.45210171174945,1.25476777846306
2017-08-10,-3.1851898025,1.16387392136377,-3.27707008397679,-5.042469858324,-2.10815148695061,-3.54027685544941,2.12131923016794
2017-08-11,1.3906773112,1.12850706445523,-3.17815352259559,-4.90739178113796,-2.04394817855759,-3.49972758263793,1.67492943718449
2017-08-14,1.50495301,1.2416289315577,-3.50786199840702,-5.18585985493043,-2.25986037158119,-3.71338787887111,0.616050672758856
2017-08-15,1.0947763529,1.24292817941896,-3.51189275666654,-5.18585985493043,-2.26282082053502,-3.73301970255676,0.641128032131702
2017-08-16,-0.40222772286,1.16615812486436,-3.31095791419642,-5.05997898652424,-2.12529002028342,-3.5604862711156,0.949449565932514
2017-08-17,-1.9198508853,1.15056909388298,-3.26093037951511,-5.02490586232178,-2.0965876447893,-3.53768785406024,1.62775977871374
2017-08-18,-0.22805017115,1.16251332397316,-3.29563267621767,-5.042469858324,-2.11777245824589,-3.5490510894873,1.55123670743179
2017-08-21,-0.1841269841,1.19702446376186,-3.39639928209689,-5.11336242182187,-2.18065508888905,-3.6315129885979,1.48984216080231
2017-08-22,1.6347560588,1.18891259993355,-3.37242968006632,-5.0955102002701,-2.16201198727497,-3.61938081103833,0.602454502873077
2017-08-23,0.12517211162,1.2273021495987,-3.48512257789194,-5.16774659046774,-2.23251851237559,-3.6941313477386,0.597178264525629
2017-08-24,-0.44380547579,1.15770473560901,-3.28199595121929,-5.042469858324,-2.10006342250797,-3.54338107508221,1.00954107464572
2017-08-25,0.37044013334,1.1408086730955,-3.23209361489813,-4.99050410072136,-2.0677373050156,-3.50956402067375,0.558025633753313
2017-08-28,1.0071312396,1.1442731694055,-3.24327996553021,-4.99050410072136,-2.07490575128119,-3.52076606063696,0.593082414134949
2017-08-29,0.89180652758,1.05654443285378,-2.98862775235372,-4.72583764764083,-1.90847453352428,-3.36015619721812,0.83286296264797
2017-08-30,0.2700877787,1.00373709588604,-2.83381335711769,-4.57200932886718,-1.80803998147974,-3.29013509626113,0.697572094359194
2017-08-31,0.39791857962,1.03842290014978,-2.93462122256087,-4.71117637786281,-1.87383151856567,-3.33505800060308,0.42872968337121
2017-09-01,0.030487804906,1.03173635998358,-2.91431963236533,-4.66785692832581,-1.86091484362947,-3.33505800060308,0.297392739201069
2017-09-05,-1.2008533984,0.974805839432244,-2.74746353633366,-4.44561273622128,-1.75229796272772,-3.2228144192727,1.22371319381183
2017-09-06,-0.10488647594,0.940222019761661,-2.64699570653358,-4.28798149497032,-1.68698130583228,-3.15034892360483,0.610112689736404
2017-09-07,-0.40145759976,1.05947897572943,-2.99581469078462,-4.74039052188235,-1.91429504704804,-3.36521677468392,0.91393717724871
2017-09-08,-1.6309066104,0.991550325960922,-2.79837634810108,-4.5199026388363,-1.78526328373599,-3.27543704972401,0.591100390091953
2017-09-11,1.8092416314,1.03220931267477,-2.91723942207441,-4.66785692832581,-1.86277529301122,-3.33505800060308,0.608114350010174
2017-09-12,-0.39628482964,1.0112453705062,-2.85576766254149,-4.58527124793462,-1.82300319048991,-3.304978667,3.47326185028234
2017-09-13,-0.75220688805,1.0283814982472,-2.90488768468111,-4.6538150437728,-1.85562864197411,-3.33001508884676,1.23039829827674
2017-09-14,-0.85812715306,1.35054347458429,-3.85370011342854,-5.53040499668133,-2.47265185521171,-4.00577104804378,0.491635696198208
2017-09-15,1.0108668181,1.2178595340631,-3.46622976570652,-5.16774659046774,-2.22030344455136,-3.68769542224279,0.662397682845348
2017-09-18,-0.75681761309,1.13892596312978,-3.23865760228428,-4.99050410072136,-2.06803368744478,-3.51257017247054,0.693513462111878
2017-09-19,0.037814331699,1.15613215448776,-3.28972208779517,-5.042469858324,-2.09889565107454,-3.54659299658214,0.723276250154247
2017-09-20,-1.6758016757,1.16230779306354,-3.30795569081645,-5.042469858324,-2.1106197172128,-3.54659299658214,1.67918577199506
2017-09-21,-1.7171781894,1.02188547073771,-2.8964185149467,-4.63987641086349,-1.84329911414684,-3.32194986315102,1.38697756148919
2017-09-22,-0.97789947195,1.12602601093702,-3.20194287412443,-4.95659821172,-2.04190885315303,-3.50130071195615,1.40644417965389
2017-09-25,-0.88221739406,1.1468699188244,-3.26272718039758,-5.02490586232178,-2.08063944856028,-3.52383945596328,1.65381211043614
2017-09-26,1.7203586847,1.18591012761403,-3.37753259218818,-5.0955102002701,-2.15511440141073,-3.59308548529754,1.01763618860609
2017-09-27,0.71176701058,1.25089051269744,-3.56780409688291,-5.26010224388864,-2.27835924433636,-3.76457390744793,0.640004889679688
2017-09-28,-0.61596317182,1.21848791480203,-3.47149878281569,-5.16774659046774,-2.21628583457838,-3.68543797381528,0.468519972879294
2017-09-29,0.54801670158,1.14051273483904,-3.24301426984086,-4.99050410072136,-2.06817905217162,-3.51257017247054,0.737549403506378
2017-10-02,-0.20114196732,1.07974001732846,-3.0650293679374,-4.78462773079483,-1.95243297107937,-3.39823696237312,0.667686274295532
2017-10-03,0.43560236645,1.06723161662904,-3.02746516901808,-4.7698585590359,-1.92894590274263,-3.38282066865284,0.487256648742167
2017-10-04,-0.64733298814,1.0078203849646,-2.85316460665806,-4.58527124793462,-1.8162831158204,-3.29694110345184,0.611091184297734
2017-10-05,1.2444618191,0.96097068483296,-2.71702200540697,-4.40980418688542,-1.7277709114907,-3.1918556875595,0.435461619081112
2017-10-06,-0.057918784842,0.971669863464936,-2.74837766779367,-4.44561273622128,-1.74819049397344,-3.21961993107524,0.333046941057322
2017-10-09,0.34771410174,0.950898897847726,-2.68735319781326,-4.35271644008658,-1.70855135173574,-3.16481803074924,0.442624887219295
2017-10-10,0.038501026756,0.916095133890409,-2.58485419258611,-4.21488769870802,-1.64269914426485,-3.11187826651003,0.459637233669664
2017-10-11,0.41693393214,0.91173800633359,-2.57140615239762,-4.20481976336442,-1.63429393404358,-3.10322573798182,0.38162992216178
2017-10-12,-0.35132545518,0.911457162185776,-2.57038602861757,-4.19485762097378,-1.63455307055311,-3.10322573798182,0.487760464082465
2017-10-13,0.63461538466,0.888872820523864,-2.50328758382374,-4.07977253895398,-1.59119697190607,-3.07396567367925,0.315218324236902
2017-10-16,1.8408815846,0.892248453276588,-2.51356490162683,-4.10643125357427,-1.59677141999888,-3.0703130038687,0.437219954959389
2017-10-17,0.36902677002,0.870162641725429,-2.44822384797887,-3.95800515484677,-1.55475559954531,-2.99245232869252,0.450173712050252
2017-10-18,-0.44245030213,0.882072791850335,-2.48184318142193,-3.99109024670056,-1.57708073204736,-3.02579797444785,0.321879139859633
2017-10-19,-2.3660490736,0.882289305137124,-2.48387812537412,-3.99956660922921,-1.57784113110174,-3.02579797444785,1.05617554264669
2017-10-20,0.17309911509,0.863759363442037,-2.43009315409911,-3.91746354739947,-1.54642546290981,-2.96971850977769,0.505793743508093
2017-10-23,-0.051200000053,0.970822132805,-2.74435583886469,-4.41882551086131,-1.75078908164657,-3.19237552303344,0.801733943741199
2017-10-24,0.59550489877,0.926681880230582,-2.61479516911988,-4.23757824308758,-1.66657264524321,-3.10699652162333,0.435764657524843
2017-10-25,-0.439210694,0.974662459896763,-2.7544071082265,-4.43110582334853,-1.75738096944175,-3.2111238285355,0.892133803485001
2017-10-26,0.63934531045,0.936916348938329,-2.64377373182693,-4.25892052269205,-1.68543987782502,-3.12458321373436,0.605778647928398
2017-10-27,3.5829998094,1.00988532599507,-2.85666812773218,-4.56057905882778,-1.82386642768522,-3.2841610566726,1.0213557563187
2017-10-30,2.2508432996,0.956985001388038,-2.70140855418693,-4.33615924608333,-1.72280046590611,-3.15575802222445,1.27220934750887
2017-10-31,1.3915547024,1.02485926968033,-2.89996396665465,-4.61587817752951,-1.85192382526822,-3.3041977553809,0.759165750440065
2017-11-01,-1.2718883106,1.07365916350016,-3.04283332896123,-4.73231323328246,-1.94493066767699,-3.3546904242259,1.37820473466881
2017-11-02,0.73102043261,1.04767544193061,-2.96704891307327,-4.68812628122991,-1.89565895695693,-3.32423504371162,1.5060772736888
2017-11-03,2.6113854025,1.12545355254461,-3.19546279606022,-4.9201281315451,-2.04419944111085,-3.47821023274784,2.09106663000869
2017-11-06,1.0144927535,1.18201044967391,-3.36029507677066,-5.06036964482128,-2.15135400516787,-3.56400569911375,0.740466908465352
2017-11-07,0.3213773316,1.27617052565841,-3.62898249044954,-5.32857412355375,-2.32780692245498,-3.79061659413073,0.752297473274067
2017-11-08,0.81803100493,1.14935909588067,-3.26941463500844,-5.00677570123093,-2.09387959101772,-3.5063252679144,0.527318062088142
2017-11-09,-0.2042669088,1.1507381827686,-3.27436750697255,-5.00677570123093,-2.09717659606474,-3.51199697770643,1.1641710329116
2017-11-10,-0.33095577755,1.08896163020315,-3.09538461295713,-4.76197368262321,-1.9816604921972,-3.42296708912981,0.490386935561796
2017-11-13,-0.40075571069,1.12428181716873,-3.19929076083059,-4.9201281315451,-2.04925045674766,-3.47821023274784,0.361915200209806
2017-11-14,-1.5117549002,0.98298759896442,-2.78476839486362,-4.46855856940226,-1.77870043280239,-3.2494536883408,0.686695047090735
2017-11-15,-1.3190148244,0.94982343473144,-2.68644376053624,-4.33460510145417,-1.71317696567747,-3.1515918763768,1.04213164745898
2017-11-16,1.1947007333,0.975118326608542,-2.76325138670905,-4.45486412925373,-1.75401744164146,-3.21179416422516,0.43361300938481
2017-11-17,-0.55523085921,1.03492042304494,-2.9420344552924,-4.67341185515593,-1.86948968928182,-3.31060193898392,0.657684521586995
2017-11-20,-0.099911842517,0.939068757909047,-2.66159560438638,-4.28973645786757,-1.68785462796244,-3.13363641866254,0.286091400603451
2017-11-21,1.8590422402,0.970387173346637,-2.75280934721564,-4.45197689692239,-1.74573601778193,-3.19779017840877,0.486912912556183
2017-11-22,1.0511724617,0.928524517211243,-2.6309298165522,-4.264420600574,-1.66855487368245,-3.11131327040428,0.561397224499742
2017-11-24,0.005715592124,0.934907230573842,-2.65081235895725,-4.29751579674082,-1.67200092331638,-3.11573078721994,0.213785088413729
2017-11-27,-0.5029433617,0.911927397710329,-2.58365536572645,-4.20060268322885,-1.6289443285152,-3.07202693951637,0.636612737109918
2017-11-28,-0.58590384297,0.863092182235462,-2.44033387974331,-3.94319999719511,-1.53689359863753,-2.96066306266529,0.651944114680226
2017-11-29,-2.0743051945,0.902491935074552,-2.55640950489137,-4.14005341120123,-1.61178438703718,-3.05919314103422,2.38195888408264
2017-11-30,1.398395091,0.926691603232834,-2.62655488938919,-4.264420600574,-1.66692224518557,-3.10815166041677,1.8415045159517
2017-12-01,-0.46552225767,1.1741646877767,-3.35263308827409,-5.04244534270947,-2.13635079070597,-3.55657313487417,2.47755920448723
2017-12-04,-0.73078047362,1.19742103485159,-3.41972598016634,-5.09656758802174,-2.18052607437351,-3.61103522084892,1.87029966160337
2017-12-05,-0.094228504167,1.34487823738393,-3.85138551653101,-5.50264766580694,-2.46070623675214,-3.97634151176722,1.52794514801036
2017-12-06,-0.37137467571,1.35855415472705,-3.88978278721723,-5.57340096252319,-2.4865115013988,-4.01055323099432,1.61271255969004
2017-12-07,0.18342109943,1.37305478776414,-3.93229489702155,-5.57340096252319,-2.51420759728097,-4.0919739745976,1.32702822981249
2017-12-08,0.029529884159,1.34560295096839,-3.85356347094631,-5.47263552779014,-2.44802666669194,-3.93115022594286,0.659024154729201
2017-12-11,1.9483970005,1.30698232639759,-3.74484253645368,-5.34158402629221,-2.3783573219172,-3.82997242329846,0.73346789025691
2017-12-12,-0.56176521684,1.17770317311397,-3.36419281859068,-5.04830515594783,-2.13327444214992,-3.53927260547815,0.417953994693747
2017-12-13,0.33197437388,1.12790428153399,-3.21692263666721,-4.9408317070949,-2.03817396497229,-3.44804917494409,0.64584503903748
2017-12-14,-0.029024206196,1.043246548853,-2.96723741707681,-4.68538534205614,-1.87727739001555,-3.29059723181127,0.619370456118448
2017-12-15,1.0161421438,1.00956104462459,-2.86675913322295,-4.61028696551765,-1.81277901265143,-3.25646232382379,0.532016576331249
2017-12-18,1.4082887854,0.967676987676109,-2.74334791132543,-4.43249158576742,-1.73326817449981,-3.1649962375411,0.471311302535316
2017-12-19,-1.0656388165,0.952227056944138,-2.69547561699032,-4.3263611970777,-1.70272469825643,-3.11683325974322,0.612725914202741
2017-12-20,-0.10885756837,0.929192693374652,-2.62669876928121,-4.23744497589931,-1.65847413243859,-3.07378565397099,0.647637151961566
2017-12-21,0.37854889579,0.954090960161399,-2.70043014811878,-4.3292545625365,-1.70608995932592,-3.10909914344937,0.518280257793272
2017-12-22,0,0.957267052128693,-2.70962111862979,-4.34118350269706,-1.71208145509072,-3.11800118323089,0.309889824735062
2017-12-26,-2.5369978858,0.939820430822033,-2.65898868487414,-4.27628641789574,-1.67957233029126,-3.09434145585157,0.715605787896814
2017-12-27,0.01758808703,0.90598356604997,-2.55899482823577,-4.09248730737647,-1.61781023519064,-3.00486053922192,0.360243117442983
2017-12-28,0.28135990633,0.958042563369301,-2.71256013068459,-4.30008215943209,-1.71749608764389,-3.1015117268471,0.26675995955081
2017-12-29,-1.0813654432,0.910591591261187,-2.57234444657473,-4.12296576079597,-1.6269835249012,-3.01565295426341,0.323898020459641
2018-01-02,1.790462684,0.876456916497393,-2.47157376435103,-3.92535525468706,-1.56164762702747,-2.9413397100896,0.460431593355118
2018-01-03,-0.017415534694,0.868249825175273,-2.44728782174127,-3.88341351691086,-1.54596441256393,-2.91770319220653,0.591418205637877
2018-01-04,0.46449515175,0.884030527335904,-2.49465092011596,-3.96005517159337,-1.57684712850785,-2.9737515026142,0.68077134511518
2018-01-05,1.1385308906,0.883407960990467,-2.49466982254059,-3.96005517159337,-1.57722172645134,-2.9737515026142,0.393743619991726
2018-01-08,-0.37142857136,0.906204054851267,-2.5612126527449,-4.09229038914079,-1.62037422482826,-3.00721722833697,0.496635073025991
2018-01-09,-0.01147117864,0.881543611989942,-2.48871954269492,-3.94257073528452,-1.57357111573576,-2.96145779539531,0.421751873058511
2018-01-10,-0.02294498936,0.898651626169319,-2.53913901462852,-4.05284240232436,-1.60640408101897,-3.00262367863837,0.4669201625001
2018-01-11,0.5680188191,0.88518731385284,-2.49806215985963,-3.96740031368957,-1.57988264520791,-2.97349317955731,0.383144437631055
2018-01-12,1.0326335007,0.878592986441262,-2.47831831796223,-3.92347995653393,-1.56713688145546,-2.9448583342652,0.318119010414125
2018-01-16,-0.50821616132,0.849891536130676,-2.39391658299923,-3.79409140999511,-1.51234560156399,-2.89362429662845,1.0791603713739
2018-01-17,1.6516260855,0.836625260005211,-2.35567332220337,-3.72782480817409,-1.48750299853866,-2.86293520570661,1.24964160413841
2018-01-18,0.089335566736,0.947414928443935,-2.68377079193614,-4.27259930367368,-1.70092304552403,-3.07493107412226,1.0089673694619
2018-01-19,-0.44627914767,1.0116915696629,-2.87452186512158,-4.55417511784107,-1.82460748966118,-3.21571113138464,0.828794791026742
2018-01-22,-0.81811050095,1.02304971957207,-2.90758582052841,-4.58445814812273,-1.8460585994805,-3.22563258050504,0.550016605655282
2018-01-23,0.022598870055,1.03353416943153,-2.93831683454834,-4.63116982885607,-1.86613498499883,-3.23926973618,0.937988080450323
2018-01-24,-1.5928603706,1.02394265669117,-2.90888830489882,-4.58445814812273,-1.84698698231587,-3.23383961647681,1.66104636953947
2018-01-25,-1.7850992996,1.04931013462712,-2.9835622100126,-4.64701271399151,-1.89505667148961,-3.2538980894875,1.2613715271065
2018-01-26,0.23376775171,1.12993057127075,-3.2212047508799,-4.89719749007582,-2.04913555009219,-3.40737167945062,0.768802538778954
2018-01-29,-2.0698501546,1.11439901037851,-3.17518535034085,-4.80855584984896,-2.01951108476284,-3.38513125635385,1.57900403573606
2018-01-30,-0.58942605374,1.07445567670847,-3.05751648522455,-4.69411351797379,-1.95632738997786,-3.3000317945384,1.62590798258584
2018-01-31,0.27549859242,1.18917533254961,-3.3956398260421,-5.02983144901786,-2.17722883015311,-3.53560390217511,1.45106434252472
2018-02-01,0.20904258508,1.2279533305052,-3.51007188713128,-5.1090269484525,-2.25207474005246,-3.61183643773828,1.45555797730878
2018-02-02,-4.3390153774,1.20909391336168,-3.45438925208768,-5.0891787918037,-2.21598177852147,-3.59239249499859,2.95506849873057
2018-02-05,-2.4984423677,1.22152998986144,-3.52002021168954,-5.11621283557625,-2.24480023413978,-3.60163534949005,10.1788616686122
2018-02-06,4.1791807784,1.41893789887527,-4.1015791021869,-5.7381182222037,-2.623592227535,-4.20737502540504,13.5544343198797
2018-02-07,-2.1407102986,2.07042293499899,-6.02760140979788,-8.14900315889375,-3.87714435434233,-5.44126069753846,3.28751810685699
2018-02-08,-2.7516610256,2.50713629229217,-7.32413528539101,-10.7163412197833,-4.71888150887219,-6.68429993061562,5.21550419760652
2018-02-09,1.2231426352,2.18172570557241,-6.35852173479995,-8.42928391815,-4.09168894108611,-5.7381182222037,9.96007363078749
2018-02-12,4.0278754555,2.355681773549,-6.86987541844096,-9.4760124229,-4.42384988209471,-6.2595034132375,3.04393404563465
2018-02-13,1.0017823122,2.68377961834109,-7.84827179657544,-10.7163412197833,-5.05948213808647,-7.199616460404,1.74628242727589
2018-02-14,1.8437385907,2.28634357493257,-6.66947460910476,-9.20056322605,-4.28354205758535,-6.04675383552444,1.39403195499962
2018-02-15,3.3578299575,1.91758706240725,-5.57906745553017,-7.661668428325,-3.57624813515439,-5.15612252358205,1.80066107345899
2018-02-16,-0.32371813395,1.84628856721147,-5.36814859994155,-7.37564135011739,-3.43964410191375,-5.09627596427161,1.86450488298655
2018-02-20,-0.33636838125,1.75976527287117,-5.11136232909239,-7.199616460404,-3.27331713106209,-4.95960120482841,1.52545762213124
2018-02-21,-0.4538842014,1.48216880825601,-4.28751406608047,-6.04675383552444,-2.73921036507296,-4.3759943696472,1.66857118009403
2018-02-22,0.83591512248,1.40382248185458,-4.05412961627528,-5.70771293973455,-2.58843736168298,-4.14033192166897,1.67388618155785
2018-02-23,1.7391304347,1.41123882301893,-4.07632111063251,-5.7381182222037,-2.60259337694352,-4.18404801471702,0.632086722134142
2018-02-26,1.9772079771,1.424270141131,-4.11844503378998,-5.7381182222037,-2.60726932772054,-4.18404801471702,0.96825056657786
2018-02-27,-0.32407666095,1.31013513226055,-3.7793933257452,-5.30499697489718,-2.38924633312454,-3.78207034241405,1.28926356688847
2018-02-28,-0.15135377525,1.29058971302809,-3.72510027270076,-5.28348534000972,-2.35440833886395,-3.73762613944764,1.22638268283661
2018-03-01,-1.751628116,1.30153757737964,-3.75737754441648,-5.30499697489718,-2.37504576312962,-3.77457598800968,4.79558189599064
2018-03-02,0.69142857137,1.27999870477416,-3.69042017299137,-5.26208266402466,-2.33200909332215,-3.73254667903927,3.30931215039381
2018-03-05,0.34617785604,1.61922226926793,-4.69562587774075,-6.68429993061562,-2.97772200152526,-4.66516523197619,1.7613845408116
2018-03-06,-0.084832032644,1.63704036301388,-4.74954333730435,-6.81435591288333,-3.01238641582782,-4.68111828545865,1.29637363408212
2018-03-07,-0.928284372,1.58332753319052,-4.5891840675817,-6.51168192384571,-2.90902986123557,-4.60137062355872,1.16567562148892
2018-03-08,1.0912415015,1.55758856384974,-4.51474742223934,-6.40527930010811,-2.86129758260154,-4.5705100438973,0.894747528191718
2018-03-09,1.71809653,1.54449626040645,-4.4764622234536,-6.40527930010811,-2.8366177635925,-4.54012028459469,0.531833522929626
2018-03-12,0.96677408601,1.35703998117882,-3.92070836428443,-5.465691809575,-2.47974386178483,-3.93142649902229,0.777184318650266
2018-03-13,-0.96302003094,1.17727612146987,-3.3878265281426,-5.03667515104048,-2.13750190854005,-3.48861166643289,1.69564998685227
2018-03-14,-0.85014169026,1.14106979651743,-3.27964547786388,-4.97849467505057,-2.06802140762732,-3.4137017405834,1.50762970731667
2018-03-15,0.11768661734,1.21792479376341,-3.50727788595167,-5.11621283557625,-2.21420893059184,-3.60111197556619,0.894281456692663
2018-03-16,-0.35264483622,1.19935731458787,-3.45223623161335,-5.09627596427161,-2.17882509577194,-3.54344643063881,0.572913879663627
2018-03-19,-1.5279182115,1.14912232214989,-3.30308348775689,-4.98063339376163,-2.08310354484977,-3.43060676057119,1.53714587758918
2018-03-20,-0.034227039305,1.12391161078977,-3.228045348695,-4.92257762253258,-2.03487532124003,-3.39112051867366,1.01121516403857
2018-03-21,-2.2654645059,1.23048821136717,-3.54555002842035,-5.12028432886329,-2.23882209043284,-3.60202850401827,1.02966095961676
2018-03-22,-1.4129736674,1.15852636449397,-3.33155976104274,-5.00029889055294,-2.11963822665646,-3.45425471095948,2.72188090816827
2018-03-23,-2.3156647913,1.13411107830801,-3.25922124362254,-4.94163411075,-2.07294189373447,-3.42001245880336,3.19943010592788
2018-03-26,4.7471807931,1.33776886425461,-3.86281282526051,-5.4035708556197,-2.46413765282943,-3.91746051821807,2.17551225233865
2018-03-27,-2.564102564,1.47510676517881,-4.27238949220775,-6.07521267574318,-2.70488284343452,-4.29166691148077,4.22818097975557
2018-03-28,-1.1049067364,1.44063727939791,-4.17133615657897,-5.87554328566939,-2.64014932436115,-4.20494984502279,6.11731253852589
2018-03-29,0.7808745795,1.67743666133872,-4.87007800973298,-6.95979313423571,-3.0894491482448,-4.72867192519697,2.8758297511824
2018-04-02,-0.65562045538,1.93495838350395,-5.6311322831743,-7.89080332128333,-3.57901144512159,-5.16643953833684,3.89308802362885
2018-04-03,1.0259179266,1.79410440977974,-5.2120253704569,-7.37564135011739,-3.31073150064138,-5.00347403139405,3.45188887038425
2018-04-04,1.9122275669,1.86758101845066,-5.42830206345723,-7.37564135011739,-3.45008233415508,-5.10468609088861,3.35149358708816
2018-04-05,0.69343278374,1.88416836371755,-5.47566849412575,-7.55869608647143,-3.48120662125505,-5.10468609088861,1.76911614684315
2018-04-06,-2.5578703705,1.85283078655839,-5.38454255729408,-7.37564135011739,-3.42183991581447,-5.06350282935432,3.40940593963038
2018-04-09,0.99180425241,1.63421676885258,-4.73684550265583,-6.88400388002069,-3.0071233262498,-4.67949166433235,1.64437709585384
2018-04-10,1.8817994707,1.73858052260654,-5.04727135466558,-7.199616460404,-3.2055744543405,-4.88663012446444,1.77536223627476
2018-04-11,-0.46753246761,1.57162964111752,-4.55281415287625,-6.55723893122647,-2.88839998828988,-4.58258141980833,1.22441938514234
2018-04-12,0.98585015094,1.51884748989695,-4.39794680989704,-6.28868455706923,-2.78854761092543,-4.46168976004052,0.945606372552437
2018-04-13,0.33880785577,1.40320128914255,-4.0680661678515,-5.77558138602308,-2.57349498901307,-4.12641903257622,1.1521352244805
2018-04-16,0.62381960743,1.3524410273463,-3.91628438293858,-5.48832457882258,-2.47613474358755,-3.89632833472335,0.596479763370106
2018-04-17,1.3764076895,1.26705305933974,-3.66301631888141,-5.27611102180282,-2.31374813968397,-3.67397002388469,0.538974557688292
2018-04-18,-0.22441651699,1.1768161749614,-3.39674943120629,-5.04332391172683,-2.14306572498704,-3.48219288746991,0.724619129038556
2018-04-19,-2.8340080971,1.10897845713647,-3.20072782684621,-4.88663012446444,-2.01777118863158,-3.36390579944332,0.930489844848197
2018-04-20,-4.0972222223,1.09814546864204,-3.16715406048543,-4.83174420789355,-2.01141128608104,-3.36176911515968,1.87335901384622
2018-04-23,-0.28964518469,1.11219241955926,-3.21603926879056,-4.91542745581798,-2.04387396381968,-3.38644841048571,1.0962961451219
2018-04-24,-1.3919147906,1.21908939832216,-3.53300439829367,-5.11222907775443,-2.24836515669621,-3.57960270519151,2.34279773884032
2018-04-25,0.43574321844,1.18755694953673,-3.43744220091383,-5.07167126681358,-2.18689859216918,-3.52379885885023,1.85190519412936
2018-04-26,0.34830430795,1.35166862406174,-3.92375590244242,-5.46624358903651,-2.50148894723511,-3.95175942118395,1.01104110458052
2018-04-27,-1.156984533,1.364436219424,-3.96397759806442,-5.56541821191356,-2.52612150570172,-4.00626279632645,1.75640492285923
2018-04-30,1.8112370626,1.31137895651343,-3.80573920375365,-5.36553798249403,-2.42409407402934,-3.82427529458523,2.27017078115952
2018-05-01,2.3236112793,1.34908695699682,-3.91689013490067,-5.48751540385161,-2.49638609070914,-3.93271913180123,1.61931001781881
2018-05-02,4.4175044353,1.42045562752516,-4.13006917182097,-5.80750668632745,-2.62659615798214,-4.1945767749781,1.97543172111492
2018-05-03,0.18123123955,1.34736531641015,-3.91530683685861,-5.48751540385161,-2.486857774542,-3.90669976734157,1.7784850817003
2018-05-04,3.9233421903,1.37067965084794,-3.9853076796418,-5.62105784954737,-2.53170353738935,-4.0158587541013,1.21296918191264
2018-05-07,0.72349453294,1.3859557884105,-4.03369078400835,-5.71077253631296,-2.56159418849579,-4.07521692068986,1.44400007335953
2018-05-08,0.48066537056,1.32253951197389,-3.84578757910353,-5.41310647019692,-2.43998850152359,-3.84025052992874,1.23282603976797
2018-05-09,0.70411179804,1.30098415491322,-3.78260686432725,-5.34255885340735,-2.39884180172094,-3.77782593483297,0.552094305178248
2018-05-10,1.4304013663,1.26464440042227,-3.67484668975956,-5.27540441830704,-2.32910003134476,-3.70465664559427,0.6185174668696
2018-05-11,-0.38032856155,1.1464745541564,-3.32254196639608,-5.00287678320119,-2.10225106275686,-3.43313207645574,0.636731562210886
2018-05-14,-0.23331035591,1.08970878393761,-3.15305517934683,-4.79590767357789,-1.9929358461442,-3.33941158267143,0.540487739146635
2018-05-15,-0.90884932233,1.05850901699826,-3.06183381007976,-4.711743732517,-1.93332902208057,-3.2912199413954,1.03466361129943
2018-05-16,0.93327612085,0.998785722986666,-2.885521863807,-4.58211689343611,-1.8195510299332,-3.22451581925255,0.569177209243529
2018-05-17,-0.63237325958,1.02887651392038,-2.97627349137692,-4.66275755906311,-1.87715236810522,-3.24741310597918,0.616361702909129
2018-05-18,-0.36365581045,0.989188550625385,-2.86095188755748,-4.57011703793704,-1.80154253529723,-3.19782519677617,0.708281604485753
2018-05-21,0.70849659151,0.993672308303036,-2.87323128537009,-4.57011703793704,-1.80972864000283,-3.20795233355527,0.561067915003466
2018-05-22,-0.25049299156,1.00592533978819,-2.9085103502639,-4.60184361502358,-1.8327575873015,-3.23364758158778,0.436698675260924
2018-05-23,0.64116264184,0.993636051560898,-2.87096404611148,-4.57011703793704,-1.80902695695789,-3.20795233355527,0.729204418406326
2018-05-24,-0.11148863886,0.943089369318677,-2.71996936681699,-4.34052077224516,-1.71159110083518,-3.08259139400066,0.824068785997343
2018-05-25,0.22854105773,0.97644265495805,-2.82277946455121,-4.5235461755036,-1.77697898113767,-3.18270490098107,0.550178907748848
2018-05-29,-0.36058967025,0.99189025153439,-2.86962701107131,-4.58374227479346,-1.80644126574065,-3.20830173369854,0.989270941029657
2018-05-30,-0.21287919108,0.954730178853734,-2.75809297547167,-4.40462923949244,-1.73472700845596,-3.11964611355308,0.448209513260885
2018-05-31,-0.33599999988,1.01760337008193,-2.94596753424922,-4.66596060678726,-1.85552133229379,-3.23926768533097,0.634974996476585
2018-06-01,1.8033927328,0.96797414063275,-2.7970523920369,-4.47592142936754,-1.75256773804091,-3.13868207045451,0.398954352135778
2018-06-04,0.83578637514,0.973869864013869,-2.81460995888839,-4.49989338167928,-1.76356287169841,-3.15108614288763,0.643074910150482
2018-06-05,0.77151644691,0.923434259389764,-2.66322929566249,-4.21913338551894,-1.6666302337031,-3.03933998400391,0.63666245172899
2018-06-06,0.34659355442,0.947070828859054,-2.73417819886542,-4.35736961102066,-1.71195570860057,-3.07558843254147,0.489506473676948
2018-06-07,-0.26806887299,0.921325090509032,-2.65734351774826,-4.21913338551894,-1.66288839239972,-3.0348823082461,0.693417785167456
2018-06-08,-0.90974878531,0.907826409901053,-2.61669772328988,-4.18747835247537,-1.6367351805242,-3.01044941102724,0.71387360124419
2018-06-11,-0.24517475213,0.928204251987983,-2.67738812886219,-4.25928742610391,-1.67556030031459,-3.0506183574703,0.379956096815473
2018-06-12,0.54907702761,0.947366205033138,-2.73533348778889,-4.36267194117,-1.71272568099119,-3.07342231992215,0.344719702625873
2018-06-13,-0.82171832746,0.899608001386956,-2.59266146719511,-4.14152409026159,-1.62149915292244,-2.99294212328418,0.608997779579612
2018-06-14,0.052438384955,0.876859582518979,-2.52382845128061,-4.02188783364161,-1.57728695423651,-2.9541884872108,0.51093100978599
2018-06-15,-1.0272536687,0.909511195020838,-2.62199307741225,-4.20870743870227,-1.64013300465989,-3.01506726025,0.685651368431692
2018-06-18,-0.052954882449,0.888470636207447,-2.5590692329444,-4.09452576087394,-1.59984270479144,-2.98655433924557,0.566732388233359
2018-06-19,-1.6159796547,0.90199577824794,-2.60005247932008,-4.17321636925185,-1.6261041778213,-3.00409436499872,1.0272205326164
2018-06-20,0.43621088917,0.902777344112372,-2.60174755663607,-4.18494740178657,-1.62713455714948,-3.00591311437814,0.438828340456378
2018-06-21,-0.55764075069,0.986763490113181,-2.85340583593348,-4.58571119306476,-1.78813085648614,-3.19090336977353,0.950911303314979
2018-06-22,-0.29116790683,0.92329290439499,-2.66305004612992,-4.23271302223769,-1.66635528697597,-3.03730080563586,0.550655657084677
2018-06-25,-1.4871295694,0.996067192985112,-2.88109614681526,-4.62631973688431,-1.80571701674051,-3.2039072476541,1.81137109499048
2018-06-26,1.2405994401,0.953797184700912,-2.7537356682464,-4.42134555536,-1.72433377381936,-3.08522610168904,1.09288912944483
2018-06-27,-0.14639700703,1.12817889986387,-3.27634286086243,-5.02013265833704,-2.058633155465,-3.40381778463203,1.16222690115455
2018-06-28,0.72762814943,1.07688107181856,-3.12188235230364,-4.80264080945435,-1.95982004680701,-3.3075277595254,1.23205350018899
2018-06-29,-0.21024258749,1.12142218952796,-3.25513401215198,-4.98550566582927,-2.04501520652299,-3.39387572778701,2.8620603362201
2018-07-02,1.1182540109,1.14182823003754,-3.31468845924751,-5.05029200694937,-2.08338516358719,-3.42322539168274,0.80062525251293
2018-07-03,-1.7416390639,1.36334238970933,-3.97959861431976,-5.66577718632222,-2.50877981184537,-4.00509124335578,0.817207423097817
2018-07-05,0.80469769473,1.18024049740106,-3.43062748897899,-5.12084099103467,-2.15731099488984,-3.49031521376667,0.680338029584211
2018-07-06,1.3861920173,1.16899444186078,-3.39751546525155,-5.09831455146711,-2.13607295499761,-3.47163302474213,0.492510559971691
2018-07-09,1.3885194447,1.13461649979763,-3.29662684696287,-5.03190164498101,-2.0714222223173,-3.40543152824934,0.43052785563968
2018-07-10,-0.12068422711,1.0812811455166,-3.13864296458585,-4.8081382122,-1.97016789462685,-3.31938775860124,0.445004726367228
2018-07-11,-1.2976096665,0.93847019680285,-2.71113936119385,-4.30715293619917,-1.69636675791066,-3.06132093451233,0.792582154818307
2018-07-12,1.6766020864,0.916284025854915,-2.64706117368573,-4.21809645772578,-1.65537156910083,-3.01991364505914,0.443909205037087
2018-07-13,0.15704339639,0.94438526185614,-2.73790965941098,-4.38995293506783,-1.71273074923497,-3.06595919527251,0.384913848470319
2018-07-16,-0.21951601966,0.896690749777904,-2.59829948186848,-4.16967666220909,-1.62255856243392,-2.98851253265584,0.434024530469322
2018-07-17,0.2828557961,0.884196222952883,-2.56142518322898,-4.10049249544493,-1.59900952777515,-2.97091723740128,0.486570684092494
2018-07-18,-0.54844606957,0.888393284024695,-2.5743815218123,-4.14620604488209,-1.60735458633509,-2.97091723740128,0.585246991478133
2018-07-19,0.77731092442,0.896041158320897,-2.59705544176535,-4.1578600270609,-1.62215283950099,-2.98851253265584,0.700743946552475
2018-07-20,-0.22930998539,0.891238535141513,-2.58440081960092,-4.14620604488209,-1.61348930260858,-2.97529862340932,0.580863923157193
2018-07-23,0.088800668709,0.916097770434845,-2.66757583580602,-4.23043938939764,-1.66428774997997,-3.02445645144733,0.467270777285753
2018-07-24,0.7254318667,0.914268998086621,-2.66927588134082,-4.24283320778968,-1.66095822452423,-3.02789466378863,0.599952122164032
2018-07-25,0.9430051814,0.905808927661051,-2.65354876323931,-4.23043938939764,-1.64558577569557,-3.01422181487384,0.434693498534097
2018-07-26,-0.31310953709,0.922345157599803,-2.70276659540481,-4.2940362621377,-1.6781623885531,-3.05095035429898,0.872406130006876
2018-07-27,-1.6631481385,0.898212151859363,-2.62806431560381,-4.20591078659923,-1.63115110610529,-3.00519098607434,1.10408406276494
2018-07-30,-0.56026809098,0.94181976527273,-2.76052219170979,-4.43379409806696,-1.71454840083708,-3.06964722366517,0.760466891684309
2018-07-31,0.20009478194,0.99098722447266,-2.90973351808156,-4.64521768174949,-1.80767222113597,-3.20449786286122,1.00597113421733
2018-08-01,5.8910084608,0.981062089471926,-2.87893994983749,-4.61043334057327,-1.78464535590931,-3.18636056645301,2.46070813562844
2018-08-02,2.9230769231,1.02247751102394,-3.00426414926048,-4.69918047799271,-1.86494183553258,-3.2453968314302,1.91785501553527
2018-08-03,0.28930999579,1.21887757776848,-3.60556555684339,-5.31013375710448,-2.24891093456548,-3.58754810511818,1.11025059970154
2018-08-06,0.51925573334,1.24518834119426,-3.68199467151134,-5.36189581073692,-2.28248319195769,-3.65061252646825,0.621216078235722
2018-08-07,-0.93748505287,1.19158444852387,-3.51940314737841,-5.19011416764167,-2.17971594705216,-3.5329448995966,0.50962184699238
2018-08-08,0.067596929148,1.14964210531896,-3.39102668089185,-5.09831455146711,-2.09873303938864,-3.45026801866393,0.930673157366075
2018-08-09,0.78648974668,1.10190594015143,-3.19454407488576,-4.92519114704405,-1.99856618259153,-3.36051450781667,0.617215626712767
2018-08-10,-0.29786211862,1.07155439543592,-3.09439619032498,-4.78579889934835,-1.94014320176647,-3.30286995154609,0.744324884262853
2018-08-13,0.64568977978,0.990513524822319,-2.83570934746035,-4.58747838701078,-1.78830482156138,-3.19830361964427,0.952795928839408
2018-08-14,0.42131469327,0.999211316385185,-2.82289310309522,-4.57045440361359,-1.80581460306369,-3.21449169577336,0.658940784024503
2018-08-15,0.23361144231,1.03269345118607,-2.92320024876601,-4.72055328613617,-1.87337038761825,-3.25017355061155,0.815854612156829
2018-08-16,1.4649923896,1.06197838849732,-3.01684688928323,-4.73898883039785,-1.93380770757284,-3.30019020844876,0.523580193348525
2018-08-17,1.9969998126,1.0483912937705,-2.96148791247682,-4.72055328613617,-1.90805795802608,-3.27772948629675,0.810882412055708
2018-08-20,-0.9743542606,1.02116557516322,-2.87884896669836,-4.62893384249899,-1.86361900557197,-3.2534526594884,0.896551296147993
2018-08-21,-0.19493177388,1.06047607499002,-2.99328661391499,-4.70936881598495,-1.93908261062564,-3.29356218792917,0.732788677804665
2018-08-22,0.0046502977057,1.10062925115064,-3.10550600323734,-4.78422048370112,-2.01721609876774,-3.36902258425066,0.880022171853074
2018-08-23,0.20460358064,1.07340246251943,-3.02635042091454,-4.68517280746923,-1.96642355932909,-3.29938841768889,0.546697842758898
2018-08-24,0.31091930014,1.0930977553505,-3.08673654891734,-4.74069427627614,-2.0034656975979,-3.33406458416974,0.416969329583282
2018-08-27,0.82346410054,1.04153892689189,-2.94107957314597,-4.66692144727717,-1.90712389996878,-3.24903630267613,0.462294976878944
2018-08-28,0.80756171428,1.02300689026188,-2.88325930776182,-4.56854916676,-1.8675421239574,-3.20643949358057,0.414766223250935
2018-08-29,1.4929449249,1.03318678891077,-2.90783990278674,-4.60109794878925,-1.89452929994712,-3.21723345213729,0.423797158554073
2018-08-30,0.91936496538,1.02580730115418,-2.88636120330741,-4.58297506951702,-1.86767085968971,-3.20641479921463,1.72035956211084
2018-08-31,1.155401502,1.01856842327929,-2.86548277588889,-4.56504553833789,-1.86148536658197,-3.20641479921463,1.30584422086173
2018-09-04,0.32069586614,1.19740917069995,-3.39159502611044,-5.05225322483521,-2.21323003700719,-3.53493984504974,1.23607212713049
2018-09-05,-0.65247854263,1.15223794524251,-3.25253656188937,-4.76490809331733,-2.11038866692637,-3.33565426114857,1.79957456291291
2018-09-06,-1.6617446115,1.13567746304714,-3.20784449514485,-4.72496219749221,-2.09350239650974,-3.32978529751991,2.59937169955887
2018-09-07,-0.80681308827,1.21372665309447,-3.43971119340363,-4.92465184374776,-2.23919440643444,-3.46299252221862,2.86647829995766
2018-09-10,-1.3420695888,1.31602744343977,-3.74732821555406,-5.05205561838966,-2.44253969914441,-3.67524707271818,2.34426488144049
2018-09-11,2.5282828747,1.35211152338741,-3.87214043600393,-5.19551157291346,-2.52955393644054,-3.85864460222256,1.63857728356966
2018-09-12,-1.2419030601,1.29788929707764,-3.73342478758706,-5.05205561838966,-2.42805637708298,-3.67948415798431,4.52152096915659
2018-09-13,2.4155244944,1.22584289844974,-3.51991971320933,-4.82865663496875,-2.2862187896057,-3.48102525782931,2.02283699100954
2018-09-14,-1.1351088732,1.54985292495129,-4.49415907268841,-5.95740619875185,-2.93085854208656,-4.43281992836588,1.89433122234309
2018-09-17,-2.6626161544,1.30365603115549,-3.76357217314603,-5.00201558933393,-2.44637966648318,-3.6514234018106,1.95864786015223
2018-09-18,0.16522856622,1.29527308462027,-3.74206121170558,-4.98015846080175,-2.43506257202712,-3.63708169101373,1.42351627371509
2018-09-19,0.059567448625,1.30863323272641,-3.78741418065308,-5.02418928346727,-2.46312448775242,-3.67705840117297,1.69668045395793
2018-09-20,0.76017768006,1.26261249178259,-3.62175232191334,-4.92275573277586,-2.36409252311618,-3.54115238435276,1.30622401080076
2018-09-21,-1.0771258466,1.29303996054319,-3.71627864146144,-4.95226178622364,-2.42625818899764,-3.60913155431589,1.03375309618743
2018-09-24,1.4380226041,1.25035708183973,-3.58701846353269,-4.86166021289153,-2.34092933249311,-3.50532728525091,0.948141697540544
2018-09-25,0.63408668866,1.21888113547877,-3.49261707839131,-4.7844194153629,-2.27844214447533,-3.43783184617688,1.02350220028736
2018-09-26,-0.79661550926,1.20693904819761,-3.45718896535683,-4.7844194153629,-2.25491716588256,-3.39228273881944,1.11153403687402
2018-09-27,2.0551674077,1.22139684283582,-3.47227134168684,-4.74711255077541,-2.27721805670376,-3.41018879803757,0.894416634987503
2018-09-28,0.35118915312,1.23683081587207,-3.52036320947608,-4.76787565562333,-2.303110277152,-3.43676396632663,0.689765878313643
2018-10-01,0.67334101186,1.21454990251289,-3.45493476696959,-4.74711255077541,-2.25725525953258,-3.37179192643743,0.59464186737508
2018-10-02,0.88884977558,1.19289022957329,-3.39046716586612,-4.7050519995127,-2.20446574972158,-3.32271737524332,0.919209077848093
2018-10-03,1.2168527564,1.18191187745949,-3.35796744484955,-4.68807685651587,-2.18446248700258,-3.30476977148511,1.07217428734803
2018-10-04,-1.7580902315,1.21261954176699,-3.45138158495126,-4.75204557762,-2.25265360299534,-3.35951355388492,2.09561396324835
2018-10-05,-1.6228781964,1.22889892879233,-3.49956700769651,-4.75204557762,-2.28440343445327,-3.41072304265088,2.2034738096136
2018-10-08,-0.23184270358,1.34998095552451,-3.85591635619862,-5.05267474215106,-2.51527396931607,-3.71656368657099,2.98244182630827
2018-10-09,1.3853510301,1.36617525535622,-3.90348124304364,-5.10502494272667,-2.53674100510429,-3.74954763728819,2.50458306529815
2018-10-10,-4.6326089831,1.45094209988779,-4.15394962522592,-5.45139780394118,-2.70321151585941,-4.00215624539519,4.25179371889906
2018-10-11,-0.8827879461,1.40505834493285,-4.05009468744688,-5.29293344181282,-2.61687627620425,-3.90202136375088,10.1792473056494
2018-10-12,3.5719281885,1.58758788346409,-4.58825366095946,-5.95058114907273,-2.9710006979516,-4.35410311466962,3.95862948045083
2018-10-15,-2.1385799829,2.09177875644687,-6.08852737956844,-7.27195675506667,-3.96171692328646,-5.10260056537907,2.56519768477271
2018-10-16,2.2037173352,1.61595957879457,-4.6739008218554,-6.15530879563158,-3.03031545703834,-4.37535416497013,1.44933969165391
2018-10-17,-0.43214044563,1.48988493174252,-4.30013659035846,-5.58280640936897,-2.78712070587697,-4.15817088253444,2.08196144247694
2018-10-18,-2.3373570234,1.37528828903397,-3.96074484227424,-5.10260056537907,-2.56115023935936,-3.78767196034167,2.79475943001276
2018-10-19,1.5230071289,1.43508303840277,-4.13731268332584,-5.36153382038235,-2.68065261612751,-3.94551456535481,2.41854760900432
2018-10-22,0.61100724997,1.495622020885,-4.31751038107378,-5.65495190298148,-2.79820590097697,-4.14976138663371,2.22463328732258
2018-10-23,0.94266938595,1.45978493708847,-4.21091675250786,-5.36612807775,-2.71788641858271,-3.99669655304124,3.76718830593334
2018-10-24,-3.4301620796,1.44561316036383,-4.16739574257689,-5.36612807775,-2.68952768188542,-3.93355404221961,4.84812429905845
2018-10-25,2.1897810218,1.60792059127715,-4.64817678228558,-6.04972066258947,-3.015505052974,-4.32890722467105,2.93521348738645
2018-10-26,-1.5923566878,1.7220800188273,-4.98813762926532,-6.51709334965,-3.23988086259174,-4.51533945676308,5.79692816029154
2018-10-29,-1.8770226538,1.56676615561528,-4.52420380045094,-5.87105946854,-2.93074316253909,-4.283403037596,6.16131302743475
2018-10-30,0.49943460235,1.8340064956976,-5.31568619466028,-6.75432546621818,-3.4533018741556,-4.66686747635818,6.96008702338906
2018-10-31,2.6066572902,1.89027250737607,-5.47854308071294,-7.04338298795556,-3.56030690886713,-4.70985218396226,1.75996943241796
2018-11-01,1.5352279996,1.97790619686866,-5.74235827200154,-7.47103180737143,-3.7349803932748,-4.85130622484043,2.39391928989428
2018-11-02,-6.6330663307,1.55920324925112,-4.49808136785349,-5.80677370891905,-2.9141887269968,-4.24802378008312,6.64226797779821
2018-11-05,-2.8388278389,1.62459198246318,-4.81532755025601,-6.40744237182,-3.04632046855246,-4.331763286408,2.89159586108951
2018-11-06,1.0814028474,1.98463414376393,-5.91191532090671,-7.3662861227875,-3.75061752947018,-4.90656665635532,1.4207942993735
2018-11-07,3.0328311332,1.6915703325185,-5.0209876846385,-6.62572733434615,-3.17802510583005,-4.44318617937353,1.05387997782273
2018-11-08,-0.34891501764,1.54791584457083,-4.58486198163068,-5.97444237243,-2.89777363446851,-4.26420118854872,1.25406852276563
2018-11-09,-1.9281500312,1.50225252844384,-4.4466081450612,-5.77508805773913,-2.80932884221167,-4.0958206508046,1.20055380553552
2018-11-12,-5.0374138014,1.51087073547965,-4.47415502869343,-5.89968351631429,-2.82645452589353,-4.15762364408072,2.58215346956713
2018-11-13,-0.99912447859,1.48084931870811,-4.40127381879141,-5.74435163039167,-2.7769230008208,-4.07717039598,5.0028535210371
2018-11-14,-2.8247411954,1.57243759185848,-4.67962692021066,-6.22837545364706,-2.95566642456325,-4.32277228702533,4.28978791096033
2018-11-15,2.4678800855,1.78748789679018,-5.33728916700865,-6.74422053825833,-3.37636708449708,-4.63197753033559,3.92804075970412
2018-11-16,1.1075701375,1.74200277091607,-5.19888628371701,-6.62572733434615,-3.2879136182951,-4.58939838361475,2.5278758736013
2018-11-19,-3.9632098383,1.72347842569209,-5.15031599400962,-6.62572733434615,-3.25005478992033,-4.56796975840161,3.07784146463312
2018-11-20,-4.7777897343,1.606295451921,-4.79508603374462,-6.32181558616875,-3.02589188926279,-4.36047410117808,6.884968258592
2018-11-21,-0.1130071193,1.6555893667745,-4.94631936560188,-6.32181558616875,-3.12185633767184,-4.42033128874085,2.96914645098301
2018-11-23,-2.539880077,1.97249810526387,-5.91942021060807,-7.4800040083,-3.74471027898085,-4.85697551923125,1.55758303480271
2018-11-26,1.3523710024,1.6644610368345,-4.9833940903618,-6.40128611775714,-3.14328589097799,-4.38961800823429,2.48726595653388
2018-11-27,-0.21761539347,1.52473532271204,-4.55621463990217,-5.83891609226667,-2.86983067380176,-4.22861553641139,2.76832300579866
2018-11-28,3.8452708906,1.59811577898334,-4.78161654967307,-6.30525256363333,-3.01418051088223,-4.33040006753889,2.45623176797756
2018-11-29,-0.76821045659,1.62221344805129,-4.85479783048383,-6.30525256363333,-3.06151054099904,-4.34834042574366,2.34407294075007
2018-11-30,-0.54023948751,1.57299571101114,-4.70416400439813,-6.2097861368,-2.96493891228388,-4.31225825387123,1.40185166294491
2018-12-03,3.4942322769,1.544196598259,-4.61593431333772,-5.96413138691579,-2.90843758575113,-4.25723785708553,1.77992927706674
2018-12-04,-4.3988745808,1.42693309349615,-4.2563986013652,-5.50249575029259,-2.6781182223204,-3.88029641185294,2.96570688225452
2018-12-06,-1.1149470824,1.46252933881386,-4.38346485445595,-5.65572954945833,-2.75573717951869,-4.02481799983696,4.58952220396144
2018-12-07,-3.5657051281,1.57658566467869,-4.73346583365239,-6.2097861368,-2.980002328777,-4.31342874477568,3.28301580334074
2018-12-10,0.65879280664,1.71049765113582,-5.14505888255128,-6.63034953519167,-3.24875782271457,-4.52435146027937,5.95925943794732
2018-12-11,-0.57193396233,1.60210177159508,-4.80955485413477,-6.30525256363333,-3.0338589981962,-4.32099168340135,3.58404581572173
2018-12-12,0.27871671718,1.84729586766479,-5.56302218664224,-7.2442503810875,-3.51641127345466,-4.68998355679455,2.03615232490283
2018-12-13,1.0940272026,1.66835822567734,-5.01299148349341,-6.40128611775714,-3.16461580723932,-4.42711212261765,2.99072738653019
2018-12-14,-3.1997660134,1.5325223770935,-4.59731357172534,-5.96413138691579,-2.89147704674642,-4.2330658752481,2.76055418493176
2018-12-17,-0.93062605756,1.62313338580964,-4.87803537975919,-6.30525256363333,-3.07624073351671,-4.32292589121757,3.23301262292051
2018-12-18,1.2992558253,1.60156994366764,-4.81434556543,-6.30525256363333,-3.03444258192418,-4.30604200780133,2.31145080575365
2018-12-19,-3.1191666167,1.63124591556784,-4.90584676022817,-6.30525256363333,-3.09313579036777,-4.3398697869137,6.90349466356742
2018-12-20,-2.5234632357,1.53846158604522,-4.61817213982875,-5.96413138691579,-2.90920966662307,-4.22291986846875,6.32030888190517
2018-12-21,-3.889561946,1.93187614057616,-5.83005877723118,-7.4800040083,-3.68390035065071,-4.85000762855417,6.5144872452761
2018-12-24,-2.587407948,1.90727523343298,-5.75275780518539,-7.4800040083,-3.63859913086298,-4.83040669625714,5.64094441502004
2018-12-26,7.0421575972,1.93839529924609,-5.84995738524465,-7.4800040083,-3.70041748868044,-4.82653188941042,5.19961640955188
2018-12-27,-0.64897881284,1.87133393877105,-5.64496862941916,-7.4800040083,-3.56411581411247,-4.69014890657407,6.06278944156113
2018-12-28,0.051232789156,1.85038390716983,-5.57929126328931,-7.2442503810875,-3.52101003737881,-4.66949563899636,4.21704624854127
2018-12-31,0.96652371503,1.92857658448662,-5.82269627741769,-7.4800040083,-3.67611698802362,-4.82653188941042,2.64643912098624
2019-01-02,0.11411182968,1.78992493946701,-5.39714358164897,-6.76003504862727,-3.40420427056534,-4.58640947214068,2.96796190628842
2019-01-03,-9.9607396151,1.65034535662864,-4.97069673639172,-6.50781601720769,-3.13245296005862,-4.34135329842361,5.31212213196028
2019-01-04,4.2689359308,1.67506280566551,-5.10689655665168,-6.88653338749231,-3.17990885440656,-4.49127704593913,3.03340300427002
2019-01-07,-0.22258195077,1.86971361063293,-5.71867867994879,-7.79009595915,-3.56624966885931,-4.83203442688868,3.42797939946646
2019-01-08,1.9063070373,1.69177761394185,-5.16348945036849,-6.88653338749231,-3.2160521729929,-4.57097927374154,1.61468416672328
2019-01-09,1.6981757877,1.72677242650912,-5.27696997629596,-7.02676042916667,-3.28703611957371,-4.61281305576825,3.32808666523885
2019-01-10,0.3196138543,1.55715005109095,-4.75433244840475,-6.5188075236875,-2.95640706453481,-4.34839282470649,1.55151306056923
2019-01-11,-0.98179453835,1.69680008169706,-5.19571686847271,-6.88653338749231,-3.23435096270225,-4.57097927374154,1.03567907945153
2019-01-14,-1.5037100269,1.53055241675939,-4.67672183393307,-6.5188075236875,-2.9064861361673,-4.29476840135375,1.4360279557986
2019-01-15,2.0466666667,1.45694976518297,-4.44862628155511,-5.92534681723478,-2.7619833892026,-4.07613289215851,1.38349288536725
2019-01-16,1.2216632913,1.48240131627325,-4.5306622115297,-6.141412339725,-2.81297305852817,-4.14827923124494,1.30284727261266
2019-01-17,0.59377823673,1.47355237208427,-4.5044672517414,-6.139194852905,-2.7961576302077,-4.11390521488222,1.99363171925837
2019-01-18,0.61593737973,1.45538022020109,-4.44941271906112,-5.98716220652273,-2.76062840668875,-4.07087186677419,1.26127338538862
2019-01-22,-2.2446116567,1.5160113654052,-4.63939469347823,-6.31279053102778,-2.88085388240487,-4.2739201394075,1.90768691712247
2019-01-23,0.4044357469,1.43377524445098,-4.37698856154575,-5.91810622279565,-2.71762174048159,-3.99021352791515,1.5120085496989
2019-01-24,-0.7926195427,1.4929750836157,-4.56164090735096,-6.31075650452222,-2.83481250594981,-4.20084174006506,1.15678076387714
2019-01-25,3.3136869679,1.43407592630566,-4.37901306231709,-5.97487371200455,-2.71920026613885,-3.9832848755449,1.07025992944607
2019-01-28,-0.92545638936,1.37522308885159,-4.19455431702724,-5.5188626775,-2.60326435132259,-3.82845078006182,1.79477883072915
2019-01-29,-1.0364683302,1.3408423122944,-4.08586395142909,-5.39225219855151,-2.53487966452986,-3.6771113653656,1.73068340686268
2019-01-30,6.8334626327,1.39754812240028,-4.26159049889872,-5.8231498450875,-2.64665991859301,-3.8546205969283,3.44426101622218
2019-01-31,0.72012102883,1.3764775686029,-4.19480189240217,-5.5484756070931,-2.60453701921836,-3.82082108337156,1.76244103110868
2019-02-01,0.048065368901,1.53364406658114,-4.68843651441068,-6.5188075236875,-2.91607465720515,-4.30428808040533,1.23679144021488
2019-02-04,2.8404996398,1.36050388792829,-4.14562965078708,-5.50176587737,-2.57348011189398,-3.76689709548597,1.1050160373991
2019-02-05,1.710948905,1.29886037500534,-3.95303804409689,-5.2207343254,-2.45174193918282,-3.52052747828099,1.35504657759253
2019-02-06,0.034447123835,1.27516976329369,-3.87900489646251,-5.18570347331053,-2.4049863381874,-3.48350958142925,1.17375348682764
2019-02-07,-1.893939394,1.28385490438951,-3.90585017835662,-5.2207343254,-2.42226909678236,-3.49816211490345,1.5856234301965
2019-02-08,0.11750190933,1.25265150981829,-3.80775995519343,-5.05822492163095,-2.3602546153676,-3.43342858617597,1.35632746969986
2019-02-11,-0.57508362188,1.28944596885763,-3.92310872057793,-5.2207343254,-2.43334050977151,-3.51227512897483,1.21154742443181
2019-02-12,0.86171280182,1.26311777783865,-3.84110020069866,-5.14927258625128,-2.38141888494661,-3.45709636157852,0.643184492288017
2019-02-13,-0.41547194096,1.2369455530633,-3.7596342551993,-5.02432964522558,-2.32991911674492,-3.4131513353329,0.986335434148686
2019-02-14,0.36432013167,1.16514112067506,-3.53453180762875,-4.80296202864314,-2.18751284198498,-3.26351895484045,1.1095153266523
2019-02-15,-0.22248243558,1.20532356895479,-3.66075935812398,-4.99550759108409,-2.26730014949142,-3.36513785437531,1.06164894683505
2019-02-19,0.29926065017,1.21742046131696,-3.69888476596988,-4.99550759108409,-2.29138216348572,-3.37874178474375,0.788246436398374
2019-02-20,0.64353829057,1.20975166200119,-3.67524913181279,-4.99550759108409,-2.27656914489199,-3.3719042011559,1.20564213735001
2019-02-21,-0.56385514154,1.17439149011899,-3.56444313965454,-4.82793688542,-2.20661170949905,-3.28172513570686,0.786148569868025
2019-02-22,1.1165672864,1.22019270313903,-3.70849074941223,-4.99550759108409,-2.29755915561179,-3.37874178474375,0.573626936811076
2019-02-25,0.72845002014,1.16798681603703,-3.54529584953606,-4.80296202864314,-2.19457749140936,-3.26351895484045,0.639865616753606
2019-02-26,0.057395397016,1.13434926521488,-3.44030349636691,-4.77793057155192,-2.12836893413925,-3.20410777362234,0.705443655027005
2019-02-27,0.30975735681,1.13721631544728,-3.44993302092087,-4.77793057155192,-2.13462574936463,-3.22150919622757,0.933711587876432
2019-02-28,-0.98358780824,1.14250864048354,-3.46856451607042,-4.77793057155192,-2.14593261923025,-3.23934571167582,0.631162263297965
2019-03-01,1.0511117529,1.16904651360664,-3.55231431942132,-4.80296202864314,-2.19881218627186,-3.26954680027288,0.707052369053567
2019-03-04,0.50294336179,1.12587075551892,-3.4170206732455,-4.72811352941481,-2.11353889090049,-3.19266543389947,1.41555653965053
2019-03-05,-0.18197327263,1.13035764718175,-3.43136312412531,-4.75260317941132,-2.1224135214543,-3.20410777362234,0.772839242932382
2019-03-06,-0.57540021662,1.20652938585496,-3.67058907166348,-4.99550759108409,-2.27356029237935,-3.36896664221242,0.629005270315949
2019-03-07,-1.157460463,1.12411611300468,-3.41222824462944,-4.72811352941481,-2.11058568752567,-3.20026077467021,1.16781090393583
2019-03-08,0.23768115952,1.10242744991364,-3.34396901287587,-4.65730210610175,-2.06759085375991,-3.16000400418513,1.19708925525377
2019-03-11,3.4642299463,1.17008707952935,-3.55638826942452,-4.82793688542,-2.20163945134884,-3.27858501054514,0.721572878456242
2019-03-12,1.1235326998,1.17333307194078,-3.56664277230343,-4.880539340125,-2.2083134503686,-3.29730773496046,0.882719534923748
2019-03-13,0.44220883319,1.11148055659969,-3.37367523459591,-4.68051176970714,-2.08629722586862,-3.18859326156105,0.925414439260277
2019-03-14,1.1116614385,1.12815265840638,-3.4267588480363,-4.72811352941481,-2.11964944045864,-3.21190782063495,0.71105638773114
2019-03-15,1.3008218582,1.13145436598929,-3.43852327529994,-4.77793057155192,-2.12690096945763,-3.21352558529135,0.770942533557473
2019-03-18,1.0208467655,1.10117842642179,-3.34331953387815,-4.65730210610175,-2.06702913750188,-3.16127917245825,0.711213298053234
2019-03-19,-0.79246888627,1.10863880918748,-3.36805913966373,-4.68051176970714,-2.07623392732143,-3.18423052808947,1.07685073358366
2019-03-20,0.87385407169,1.09955282793846,-3.34040097070457,-4.65730210610175,-2.05380734937181,-3.16127917245825,1.56968315347144
2019-03-21,3.6830357145,1.14548020261858,-3.48461421614953,-4.77793057155192,-2.14422224863153,-3.24966978415028,1.31799028501037
2019-03-22,-2.0708391,1.20759490118756,-3.67979991313404,-4.99550759108409,-2.26672477237136,-3.37181880023125,2.97166877245756
2019-03-25,-1.2091075634,1.18163216707872,-3.59925325881553,-4.880539340125,-2.21555214219351,-3.30596854204941,4.05819476423502
2019-03-26,-1.0331673201,1.3744847434274,-4.2045681483924,-5.5484756070931,-2.59491637916253,-3.8038443187844,2.87262928491904
2019-03-27,0.89940574981,1.49746756226666,-4.5924353216604,-6.40785466835882,-2.83759859765216,-4.21721438582532,2.26445927245225
2019-03-28,0.1326471056,1.39306081601511,-4.26472122487203,-5.8231498450875,-2.63183633747148,-3.86144146350577,1.14414154652058
2019-03-29,0.65175922009,1.33773567136387,-4.09123434688015,-5.41513233852813,-2.52310627793124,-3.6703721081459,0.796145541331909
2019-04-01,0.67912608592,1.21577621352809,-3.70895969799806,-4.99550759108409,-2.28324287230315,-3.39217487991975,1.34501378221783
2019-04-02,1.45367078,1.171104893636,-3.56922727535309,-4.880539340125,-2.19543033865195,-3.27971517677988,0.741355358518365
2019-04-03,0.6854963407,1.23478619683315,-3.77012318233412,-5.02432964522558,-2.32139252607588,-3.42770544450658,0.935952464976507
2019-04-04,0.17404658302,1.16126524382065,-3.53863501790858,-4.80296202864314,-2.1763443333171,-3.27343661070571,0.810024243500399
2019-04-05,0.66942613321,1.18051121153941,-3.59908223248723,-4.880539340125,-2.21438063870805,-3.31153104797988,0.51753128702607
2019-04-08,1.573604061,1.16491810731205,-3.55055356315595,-4.80296202864314,-2.1839437605978,-3.27971517677988,0.75481341664707
2019-04-09,-0.29985007504,1.12803590810185,-3.43450549242404,-4.75260317941132,-2.11124161361977,-3.20629300666129,1.18619359955167
2019-04-10,0.5614035088,1.15438754477499,-3.51787362398076,-4.80296202864314,-2.16349966110869,-3.27343661070571,0.828891055356795
2019-04-11,-0.8324194996,1.20608775855072,-3.68119884657983,-4.99550759108409,-2.26578622982739,-3.37814530186918,0.599522284034984
2019-04-12,-0.040211108353,1.16358631348142,-3.54921005705809,-4.80296202864314,-2.18264351286448,-3.27971517677988,0.99745579799589
2019-04-15,0.18102277863,1.13378765984869,-3.45528064802471,-4.77793057155192,-2.12379391389794,-3.22153061106011,0.571334761276928
2019-04-16,0.010038648906,1.18286487295694,-3.61039875393439,-4.9360449573,-2.22100573223674,-3.32236826063653,0.917866215640634
2019-04-17,1.9473023838,1.12993771278272,-3.44452621320467,-4.77793057155192,-2.11689455204829,-3.21554204010272,1.25255149338722
2019-04-18,0.3593757694,1.17264558822248,-3.57803399393919,-4.89981282612128,-2.20075995709852,-3.28598209668421,0.650358632847205
2019-04-22,0.32865692137,1.21487399958413,-3.71172313077963,-5.04441102478333,-2.28457201253209,-3.38985817380195,0.57839626803011
2019-04-23,1.4423311985,1.14097983030303,-3.47890150628771,-4.810306375078,-2.13864937718489,-3.23769147308136,0.443904519293028
2019-04-24,-0.15423173318,1.12606569637632,-3.43349403841182,-4.78335093219608,-2.10987720288533,-3.20129618501148,0.623948356684434
2019-04-25,-0.90751110256,1.10456138564101,-3.36560029528875,-4.70688126179259,-2.06749321537584,-3.15423977034136,0.772654730916546
2019-04-26,-0.47739672636,1.11520598899605,-3.39906591151105,-4.73188473972642,-2.08861263034491,-3.19529622169891,1.06557823122013
2019-04-29,0.15173764077,1.11673559639988,-3.40478428374292,-4.73188473972642,-2.09201231001865,-3.19529622169891,0.507617920354324
2019-04-30,-1.925614584,1.1445897480956,-3.49373268650224,-4.810306375078,-2.14767452759348,-3.25023822252114,1.71971397286952
2019-05-01,4.9085563363,1.06484336513916,-3.24186228403055,-4.60939044012586,-1.98969479397887,-3.103286454309,2.44292527117417
2019-05-02,-0.65076952324,1.21905904921197,-3.72808497350975,-5.04441102478333,-2.29441449167927,-3.38985817380195,2.18693682581611
2019-05-03,1.2431269426,1.30927548174348,-4.01212556667251,-5.41513233852813,-2.47242576784855,-3.56662848461145,0.522056724137969
2019-05-06,-1.544273908,1.28666172862647,-3.94107648680349,-5.33074727919412,-2.42811082548352,-3.52579868356691,1.36571800716153
2019-05-07,-2.6957022255,1.0876809781083,-3.31381060606973,-4.68234816510909,-2.03489738416925,-3.13708519359897,2.78160899598697
2019-05-08,0.019718031945,1.19538273220651,-3.65285836240746,-5.04441102478333,-2.2532270805292,-3.3303874039454,2.38025551038813
2019-05-09,-1.0744208969,1.36122817077311,-4.17484585612066,-5.5484756070931,-2.58100297584393,-3.79045225499167,4.20804342872891
2019-05-10,-1.3853463366,1.3272717293332,-4.06745846152092,-5.41513233852813,-2.51291158233778,-3.6567431010405,4.75067928736961
2019-05-13,-5.8119484735,1.523976595126,-4.68578546801376,-6.5188075236875,-2.90037494731454,-4.31805338171111,5.49151859242169
2019-05-14,1.5830282146,1.59087174644994,-5.00027600488917,-6.69161975415333,-3.03748800225744,-4.39804487200286,2.58449402941335
2019-05-15,1.1979221881,1.67466128823987,-5.27018539974899,-6.93331335565385,-3.20385855648156,-4.606082825825,1.50040119112415
2019-05-16,-0.43997485845,1.41637669821659,-4.44098376928523,-6.10477180178571,-2.69353239659972,-3.95364253205773,1.44018341721842
2019-05-17,-0.56818181829,1.30490814381749,-4.08316157228138,-5.42715706989091,-2.47326115614958,-3.57696227205338,2.86768653556703
2019-05-20,-3.126984127,1.29868497659017,-4.06279195279929,-5.42715706989091,-2.46055015765288,-3.56045611760889,3.13917754387772
2019-05-21,1.9170899557,1.45063454981412,-4.54976417210029,-6.37474876864444,-2.76232824883832,-4.08424767998068,1.14262474468339
2019-05-22,-2.0471596999,1.48073755833916,-4.6471147646881,-6.47722757955882,-2.82254556416567,-4.19531540007901,1.53575873320112
2019-05-23,-1.7069701281,1.27711513264702,-3.99254994153318,-5.38512194493529,-2.41912120460432,-3.50991658857042,2.07286666686716
2019-05-24,-0.38405877758,1.32356824613335,-4.14247592224739,-5.51177176756774,-2.5112661334944,-3.66995811240976,1.07898916505001
2019-05-28,-0.41347711913,1.38664996626178,-4.34550806624287,-6.02723101901364,-2.63633259662578,-3.85988072441714,2.18855615379848
2019-05-29,-0.47691185546,1.28116322785318,-4.0070259165139,-5.42715706989091,-2.42757831948019,-3.53340471792158,1.75333294626931
2019-05-30,0.51866050289,1.40211725301603,-4.39539046161326,-6.02723101901364,-2.66686244085056,-3.89537422442745,1.19175460970182
2019-05-31,-1.8115535614,1.3610969887627,-4.26426835239886,-5.822701790224,-2.58613365919101,-3.80279796490545,1.3937964577001
2019-06-03,-1.0110241617,1.30405444892134,-4.0812595613155,-5.42715706989091,-2.47316570999744,-3.57360422619478,10.6972162670981
2019-06-04,3.6583958454,1.32529290176363,-4.14338256886124,-5.51177176756774,-2.5128098069357,-3.66995811240976,1.48176236478229
2019-06-05,1.6143397908,2.11932804895076,-6.6915959724493,-10.1028038915,-4.08240100984899,-5.42715706989091,2.19837638801161
2019-06-06,1.4681713596,1.37645534227932,-4.30850458436647,-5.822701790224,-2.61418001138363,-3.84819216398396,1.29824640538662
2019-06-07,2.6616996005,1.45441969906993,-4.55895703596976,-6.37474876864444,-2.76860773817366,-4.09937594005172,1.53350399613206
2019-06-10,1.2779384697,1.3645634435645,-4.27082586450464,-5.822701790224,-2.59117604673522,-3.81394833203303,1.58774262528448
2019-06-11,1.1579603281,1.3838007221177,-4.33231617846307,-5.95383033894348,-2.62934942140738,-3.85988072441714,1.51338959288139
2019-06-12,-0.31825881624,1.37460884207086,-4.30306106909159,-5.822701790224,-2.61132276194747,-3.83664528966822,0.990587766206616
2019-06-13,-0.020598383071,1.35606020506446,-4.24386285831237,-5.76260896423077,-2.57475702182853,-3.80279796490545,1.11183688789165
2019-06-14,-0.72624259592,1.2831879678262,-4.00994932722399,-5.42715706989091,-2.43037695377569,-3.54128483256377,0.943730273105104
2019-06-17,0.59665871122,1.27738925478324,-3.9915784271303,-5.38512194493529,-2.4189669956269,-3.51746245872128,0.670687983468335
2019-06-18,2.3518489865,1.25069547846016,-3.90617130633345,-5.34449588474571,-2.36617112466146,-3.47878319429658,1.51799392302213
2019-06-19,-0.29226505403,1.21461512274015,-3.79029044147709,-5.12533145949756,-2.29471767611013,-3.41232899655935,1.46426739316188
2019-06-20,0.80355789141,1.30922559882471,-4.09412225448373,-5.42715706989091,-2.48198258375498,-3.58185529517068,0.861529860058307
2019-06-21,-0.34092048527,1.29810433365983,-4.05872284057123,-5.42715706989091,-2.45994278051626,-3.55726882356029,0.697994397371143
2019-06-24,-0.10061374387,1.22051410034781,-3.73073866690552,-5.06226073289302,-2.30461605239179,-3.41955536494156,0.498209740699316
2019-06-25,-1.5157619095,1.19905729047298,-3.66366424933706,-5.06226073289302,-2.26232522049888,-3.38361685086289,1.07718969165705
2019-06-26,2.1629084215,1.17038556099468,-3.57356965666678,-4.93916523048298,-2.20551934326771,-3.31600889861598,0.8302141554538
2019-06-27,-0.030030030121,1.23287849796652,-3.76982480713788,-5.0933583869381,-2.32895665145551,-3.44150076895232,0.471860599937116
2019-06-28,-0.91118453993,1.2022557437035,-3.67394572551805,-5.06226073289302,-2.26853799920511,-3.39786395742994,0.711877037500728
2019-07-01,1.8340743734,1.15085100389758,-3.5125706992396,-4.85651881935,-2.16711120324765,-3.29012107047861,0.954997958082256
2019-07-02,0.58546266446,1.17495629336144,-3.58832831249519,-4.93916523048298,-2.21469021139249,-3.32927117022695,0.599448684599422
2019-07-03,0.82868840327,1.20318091753712,-3.67719059616243,-5.06226073289302,-2.27058701268716,-3.39786395742994,0.231909301648783
2019-07-05,-0.088058314122,1.15607074450872,-3.52953687302535,-4.85651881935,-2.17829240283254,-3.29012107047861,0.467471898955938
2019-07-08,-2.0614013611,1.05647359804587,-3.21657814166296,-4.62977277967458,-1.98192807502492,-3.12163161372438,0.830855364025716
2019-07-09,0.60993900606,1.08222469486131,-3.29792129288539,-4.67807304773684,-2.03419064315063,-3.15023771640867,0.627767292190451
2019-07-10,0.98886901214,1.12160109204603,-3.42204757403486,-4.77722656783208,-2.11253608197093,-3.22721697078689,0.676824400934534
2019-07-11,-0.72823894106,1.09179240957182,-3.32857448638117,-4.7025195991875,-2.05391309576204,-3.17325365256875,0.506840213459108
2019-07-12,0.7682775713,1.09385582162116,-3.33508637519154,-4.7025195991875,-2.05804189118517,-3.17325365256875,0.360278050315487
2019-07-15,0.93949827824,1.06668530834547,-3.2495080392458,-4.65363771278276,-2.00429698016233,-3.1275654199375,0.554119800573794
2019-07-16,-0.34598703751,1.04097233380063,-3.16839693934249,-4.5175036827375,-1.9533306707847,-3.08326848934279,0.463973627646781
2019-07-17,-0.56234718832,1.06361715591448,-3.24015130075559,-4.62977277967458,-1.99882657048881,-3.1275654199375,0.444722694222021
2019-07-18,1.1359724611,1.04777804972596,-3.19045804196094,-4.56057850927258,-1.9677404061698,-3.09968719382927,0.626490840136777
2019-07-19,-1.4927550325,1.04216100266859,-3.1724516282636,-4.5175036827375,-1.95647789386684,-3.08326848934279,0.893980361645649
2019-07-22,2.2854040179,1.06634566112283,-3.24881511421205,-4.65363771278276,-2.00446808530824,-3.1275654199375,0.531181729403157
2019-07-23,0.7817778207,1.09870324934373,-3.35050092019878,-4.7025195991875,-2.06852496717764,-3.17907486875445,0.541612656313423
2019-07-24,-0.081402030355,1.04625261562632,-3.18539335549786,-4.56057850927258,-1.96483343376721,-3.09968719382927,0.495246295001634
2019-07-25,-0.79072219278,1.04574898628252,-3.18359204266401,-4.54241917586935,-1.96405472426134,-3.09374905030147,0.840042713062648
2019-07-26,0.34779248381,1.03859847667913,-3.16136888690571,-4.52078043209048,-1.94999260000459,-3.07192814888077,0.743897605883328
2019-07-29,0.9338596321,1.08620889768557,-3.31116506007143,-4.70963689238182,-2.04435357923373,-3.15571392745181,0.606280451569427
2019-07-30,-0.42922548646,1.07162012540795,-3.26530622931413,-4.68462670084821,-2.01562122760691,-3.13293852899036,0.760635971012887
2019-07-31,2.0404253281,1.05214025746414,-3.20448654593274,-4.61108306908475,-1.97750442856374,-3.10483757706733,5.47368802176918
2019-08-01,-2.1639128802,1.07550215305048,-3.27743347796095,-4.68462670084821,-2.02231020928338,-3.13860560177194,5.85536354593233
2019-08-02,-2.1158182602,1.59823973916224,-4.9212071356841,-6.5834424448875,-3.05492164441027,-4.38112938133857,3.28238620248356
2019-08-05,-5.2347809038,1.65372552025874,-5.09503413089441,-6.80977732220714,-3.16367234822369,-4.52078043209048,2.91327545103867
2019-08-06,1.8930381711,1.43183007523186,-4.49154761184486,-6.225065862795,-2.72945024043104,-4.05039323924176,2.51116510764508
2019-08-07,1.0355329949,1.40862787642098,-4.41737965943018,-6.06522676096818,-2.68364864128375,-3.95463287925408,2.67325898644232
2019-08-08,2.2055868167,1.37869725733024,-4.32131215562422,-5.9238699458125,-2.62421976258105,-3.8686779856581,0.970240578501456
2019-08-09,-0.82404026443,1.39823520095318,-4.38415298034467,-5.99277666617826,-2.66326119015735,-3.90443022864608,1.68640475283014
2019-08-12,-0.25374396728,1.20893995792245,-3.77635843359754,-5.11535154004048,-2.28844466118734,-3.41828843159355,1.43171100237134
2019-08-13,4.2348363926,1.29156969385452,-4.04152545305985,-5.45514835565758,-2.4519400388612,-3.55599168943869,7.972524288868
2019-08-14,-2.9765038043,1.26645438891055,-3.95824515809726,-5.37088766846857,-2.40019690906818,-3.51610877775423,3.05612863348303
2019-08-15,-0.49815043158,1.88317354633862,-5.93634393178166,-7.79009595915,-3.61950000835986,-5.01903684384,2.91744257692636
2019-08-16,2.3594725884,1.48102806052387,-4.64589543493789,-6.40820276423889,-2.82405765953989,-4.19171662976829,1.01873879480611
2019-08-19,1.8644067797,1.47921886684065,-4.64025808192236,-6.40820276423889,-2.8207251140506,-4.19171662976829,0.61385734091841
2019-08-20,0.004753981375,1.28737941183307,-4.02516174308135,-5.45514835565758,-2.44160009694067,-3.54386707286619,1.05132044842025
2019-08-21,1.0838562463,1.2410009590293,-3.87640559774038,-5.29049459107027,-2.34990599409587,-3.45922521977,0.621350329611942
2019-08-22,-0.084650112785,1.28027045700065,-4.00251512333227,-5.45514835565758,-2.4275721846704,-3.54386707286619,0.908590210145389
2019-08-23,-4.6220465028,1.22879243401815,-3.83777647299358,-5.25316370528421,-2.32595318505952,-3.44451863385789,4.60851770678978
2019-08-26,1.8999210422,1.26044548758684,-4.1042906488963,-5.47105212173333,-2.38895718881255,-3.50457640561781,1.45354786305787
2019-08-27,-1.1283839411,1.63886682583852,-5.36851900758582,-6.93331335565385,-3.13716413790341,-4.47245407709265,1.56277351892011
2019-08-28,0.67104231985,1.34479500157721,-4.38739493849629,-5.93566290937083,-2.55625270573429,-3.74755452087203,0.948760732595483
2019-08-29,1.6931834769,1.35978152561055,-4.4387484528132,-6.00247979322174,-2.58653085914221,-3.81098248997321,1.03861487546206
2019-08-30,-0.12918042203,1.29660275000702,-4.22797106404192,-5.70010848249286,-2.46161029131382,-3.57554229748832,1.15367433242867
2019-09-03,-1.4563571907,1.30746160802624,-4.26478917117316,-5.81205014187308,-2.48336254875496,-3.60019939760075,1.14354630697307
2019-09-04,1.6966456004,1.29659774657837,-4.22964865505847,-5.7545774815963,-2.46260600738664,-3.57554229748832,0.364937979499523
2019-09-05,1.9551603806,1.27460297672978,-4.15793918098248,-5.55688709717097,-2.42016437463753,-3.5278634224972,0.594102477880473
2019-09-06,-0.0093773443041,1.17019438746217,-3.80921740349844,-5.16783881872927,-2.21344303906732,-3.34029910156982,0.61574481561547
2019-09-09,0.42670918119,1.18582221305688,-3.8627368929644,-5.23698121291282,-2.24447447718962,-3.3469852797506,0.852558219891838
2019-09-10,1.1813045712,1.17838253875963,-3.83968383180749,-5.23698121291282,-2.23125938628109,-3.35252113186407,2.05543040548577
2019-09-11,3.1795108445,1.19769327640048,-3.90406977545422,-5.35008652497778,-2.26959182171831,-3.41496459542468,1.37224132831638
2019-09-12,-0.22585983279,1.33690556300173,-4.37013723732437,-5.93566290937083,-2.54544192399077,-3.74755452087203,1.56782911775844
2019-09-13,-1.9432055045,1.26320357280755,-4.12332142689007,-5.47105212173333,-2.39921148587431,-3.52771677462517,1.71944422871031
2019-09-16,0.52571428569,1.28676072573706,-4.20198015504305,-5.55688709717097,-2.44575229247311,-3.55156835450857,0.854668646290605
2019-09-17,0.36380172824,1.27835628800171,-4.17394376246147,-5.55688709717097,-2.42906524237231,-3.55156835450857,0.514695798544407
2019-09-18,0.93792478474,1.16923014497481,-3.80904709502475,-5.16783881872927,-2.21309565513577,-3.34576220350298,1.44254099171575
2019-09-19,-0.81249719442,1.11358013649852,-3.62253480064992,-5.01040661903478,-2.10269755012791,-3.23096882556452,0.778131598106498
2019-09-20,-1.4618030412,1.22694817639232,-4.00170926652558,-5.43064535998529,-2.32729822026483,-3.45898934784474,1.85937733872119
2019-09-23,0.45469159049,1.14816582186282,-3.7374720290098,-5.07324932835227,-2.17106291433878,-3.30626844800805,0.797689075613594
2019-09-24,-0.47549378205,1.27713087340956,-4.1687534545026,-5.55688709717097,-2.4264545482894,-3.55156835450857,2.47885577151577
2019-09-25,1.5389562661,1.15559477481892,-3.76132506479646,-5.10387932987209,-2.18534143890813,-3.31277308577803,1.2036754570504
2019-09-26,-0.51576709056,1.35331637597153,-4.42242314159904,-6.00247979322174,-2.5768846567266,-3.81098248997321,0.948596913582984
2019-09-27,-0.48660693974,1.19794877173955,-3.9033422455337,-5.35008652497778,-2.26581393134234,-3.41496459542468,1.50612075999321
2019-09-30,2.3535325838,1.16573909963144,-3.79499215792695,-5.13534163744048,-2.20199781579391,-3.31926252050174,0.765718250025598
2019-10-01,0.27682278887,1.23027530165112,-4.01022734214198,-5.43064535998529,-2.32951651500331,-3.45898934784474,1.64158595451106
2019-10-02,-2.5067901511,1.14189613089235,-3.71443493561522,-5.07324932835227,-2.15471235335492,-3.28049551844494,1.42741725043514
2019-10-03,0.84947022297,1.24651719711783,-4.06336298324772,-5.43064535998529,-2.36498695477371,-3.48238221713154,2.8527768775167
2019-10-04,2.8031881169,1.2240218700308,-3.98726957406268,-5.38971157316857,-2.31991896233599,-3.45887805906974,0.993728155362837
2019-10-07,0.022025461476,1.38685165797601,-4.5315958288211,-6.23011526211,-2.64231375351339,-3.86738073645981,1.31190370182898
2019-10-08,-1.1714965209,1.18605722938884,-3.86041794791782,-5.23698121291282,-2.24482223669971,-3.36419023201394,2.459488399693
2019-10-09,1.1720142604,1.22723975341814,-3.99776544258573,-5.43064535998529,-2.32604925310894,-3.461555926458,0.681374392473275
2019-10-10,1.3478394925,1.36043448554141,-4.44347777750043,-6.00247979322174,-2.59012311515346,-3.82040607370545,1.01446784627618
2019-10-11,2.6598287626,1.16014364051276,-3.77532430790854,-5.1302106753119,-2.19424233321253,-3.31331433880643,0.929770270190597
2019-10-14,-0.14393971469,1.19212833263815,-3.88271010542035,-5.34707538955,-2.25785521986934,-3.38101708647516,0.832848404162555
2019-10-15,-0.23317929363,1.1797872720402,-3.8418820626127,-5.26958696005789,-2.23375022111542,-3.35356386131879,0.545399202237757
2019-10-16,-0.40370559245,1.16386360294051,-3.78902739477444,-5.16308258417317,-2.20243941847203,-3.31988330366235,0.66149771676483
2019-10-17,0.38827494991,1.11989077791303,-3.64239222407787,-5.09825599130465,-2.115652591465,-3.23668126888689,0.572857015710323
2019-10-18,0.48027881676,1.13325856209636,-3.68741262385329,-5.09825599130465,-2.1422721051166,-3.28065460442898,0.665590610202253
2019-10-21,1.7342751999,1.12167289428199,-3.6490147629688,-5.09825599130465,-2.11949099592904,-3.2428398568467,0.6734276393864
2019-10-22,-0.2286807201,1.12896745281388,-3.67344460760583,-5.09825599130465,-2.13384025000549,-3.26152788914302,0.550650095662569
2019-10-23,1.3418903151,1.12909738742902,-3.67414636710161,-5.09825599130465,-2.13425960665612,-3.26152788914302,0.666039252647467
2019-10-24,0.16448721126,1.10721050394332,-3.60099963884333,-4.97209706264681,-2.09090437547212,-3.22445682479351,0.644407732795502
2019-10-25,1.2316282124,1.12101378942534,-3.64735397735852,-5.09825599130465,-2.11833865614555,-3.2428398568467,0.415670861445211
2019-10-28,1.0017033012,1.10920136246273,-3.60803029153902,-5.03290537009333,-2.09496289494003,-3.22445682479351,0.419701338178203
2019-10-29,-2.3127885966,1.07537362084041,-3.49467197277994,-4.8602953595902,-2.02767234755952,-3.15065038342995,1.39718433555215
2019-10-30,-0.012330963181,1.07300836461112,-3.48637153625716,-4.8602953595902,-2.02394938397242,-3.14641875824394,1.15146534701748
2019-10-31,2.2609553565,1.1947450725318,-3.89381518801893,-5.38871863079429,-2.26553258076945,-3.41473114030513,2.39510681586842
2019-11-01,2.8380768612,1.16828450519081,-3.80477475253013,-5.1970857186625,-2.21267894563513,-3.34470904818675,0.766415996117225
2019-11-04,0.65671175034,1.31456050944626,-4.29435659401456,-5.81205014187308,-2.50293350887734,-3.65692901805556,0.819421032511545
2019-11-05,-0.14368932043,1.12463861716443,-3.65868663874499,-5.09825599130465,-2.12600959177532,-3.24720366909061,0.476086040343257
2019-11-06,0.042779916839,1.12187335095617,-3.64921617649482,-5.09825599130465,-2.12051860317753,-3.24720366909061,0.570613980218082
2019-11-07,1.1541310876,1.07390752842263,-3.48843387195051,-4.8602953595902,-2.02518734230619,-3.14641875824394,0.585144167824236
2019-11-08,0.27367690709,1.08141118995838,-3.5134832361015,-4.887474741584,-2.04003505499064,-3.15775555773367,0.498632828240487
2019-11-11,0.79188129475,1.07060632308675,-3.47753582049445,-4.8602953595902,-2.01871831611248,-3.14076937887487,0.498670177079466
2019-11-12,-0.091533180967,1.05756264697724,-3.43411701518607,-4.83289696398462,-1.99284033052729,-3.11833745532611,0.492854634529879
2019-11-13,0.95816155153,1.05430183073607,-3.42300870250321,-4.80643026805283,-1.98618192874455,-3.12258417181634,0.856745272842611
2019-11-14,-0.69194993757,1.05122426216352,-3.41269788634065,-4.80643026805283,-1.98004728463851,-3.12258417181634,0.800079176750517
2019-11-15,1.1879378615,1.0991213375421,-3.5737670697947,-4.97209706264681,-2.07580869303278,-3.21559542311505,0.473308227803519
2019-11-18,0.50421432898,1.09319374205785,-3.55427270326886,-4.91468403855918,-2.0641997520324,-3.18563322994398,0.465522214828352
2019-11-19,-0.303257207,1.04928361887733,-3.40714114460298,-4.78054881093889,-1.97685322887993,-3.11695027600148,0.572546278456408
2019-11-20,-1.164144354,1.04749125810123,-3.40140732305371,-4.78054881093889,-1.973525169961,-3.11135765430784,1.5542347475092
2019-11-21,-0.4483453019,1.06152955698345,-3.44821941643395,-4.8602953595902,-2.00126855414204,-3.1338286548735,0.666112445458832
2019-11-22,-0.087782909031,1.18908479549255,-3.87614165042116,-5.30736171759459,-2.25518742078011,-3.3859368369525,0.539096291287745
2019-11-25,1.7533807015,1.07909174107617,-3.50823477625887,-4.887474741584,-2.03695521729283,-3.15662877246582,0.331425354266016
2019-11-26,-0.78086871645,1.06100390490958,-3.30462572419006,-4.70522736548596,-2.00079853214745,-3.1338286548735,0.737276714661825
2019-11-27,1.3432214611,1.03113703761648,-3.20887414269923,-4.65600661207627,-1.94174591730346,-3.07305798982654,0.257335304193556
2019-11-29,-0.22028076464,1.08551539055463,-3.38536091669472,-4.78054881093889,-2.05200554654758,-3.17977785562708,0.281566668379341
2019-12-02,-1.156220767,1.01716961915753,-3.1676505992618,-4.54168799698281,-1.92003913842817,-3.0569731243972,1.14550877595511
2019-12-03,-1.7830102967,1.01376909325233,-3.15715730695876,-4.54168799698281,-1.91364223809363,-3.04644255838426,1.34130801726773
2019-12-04,0.88263634607,1.12708038220256,-3.52257560783101,-4.887474741584,-2.13953328896218,-3.27807990720455,0.523119854612462
2019-12-05,1.4671047604,1.14674866710266,-3.58623357278791,-4.97209706264681,-2.17939686571231,-3.3108997721614,0.540897146645622
2019-12-06,1.9316213569,1.04076597414999,-3.24494251506323,-4.65600661207627,-1.9680780115783,-3.10579766693756,0.37051774059479
2019-12-09,-1.4000221639,1.04176062587505,-3.24806393825712,-4.68032385263966,-1.97006188442522,-3.10579766693756,0.732745868460521
2019-12-10,0.58444477745,1.01808791183177,-3.17257740630262,-4.54168799698281,-1.92022081883208,-3.0569731243972,0.965131763091799
2019-12-11,0.85294994024,1.06684646612885,-3.33102186614577,-4.73015881546786,-2.01764947815517,-3.14521518016061,0.496459947577828
2019-12-12,0.25482882156,1.09814322979518,-3.43135533898178,-4.83289696398462,-2.08007983022874,-3.21559542311505,1.88669554900737
2019-12-13,1.3593162897,1.03707985398447,-3.23433357181433,-4.65600661207627,-1.95812369898685,-3.09476099784928,1.56549845050013
2019-12-16,1.7117935671,1.21765070481983,-3.81514508704698,-5.23256822905641,-2.3174342568739,-3.46702848380067,0.480286635810754
2019-12-17,0.19652683495,1.18644595653781,-3.71403259376279,-5.09825599130465,-2.25557104186383,-3.3859368369525,0.541383882174435
2019-12-18,-0.23893584403,1.04862577461485,-3.26983282022548,-4.70522736548596,-1.98111043280711,-3.12258417181634,0.393485821194616
2019-12-19,0.10009294346,1.05460603378592,-3.2879269690041,-4.70522736548596,-1.99298795141642,-3.12258417181634,0.411008288597999
2019-12-20,-0.20712806236,1.03410380573173,-3.22117680602479,-4.65600661207627,-1.95215012992679,-3.08385057621005,0.434896187448872
2019-12-23,1.6318350989,1.03431119831097,-3.22094320276102,-4.65600661207627,-1.95249802689685,-3.0892908306274,0.419789193009783
2019-12-24,0.095070422503,1.03537580820491,-3.22365494440942,-4.65600661207627,-1.9546802910831,-3.0892908306274,0.253704910963871
2019-12-26,1.9840292682,1.02672572167252,-3.19501548128077,-4.6084021586,-1.93745841706706,-3.07305798982654,0.284752167104538
2019-12-27,-0.037942810104,1.00099390154444,-3.11174065622277,-4.44021833571884,-1.88619084901994,-3.01543754770991,1.23912677045887
2019-12-30,0.59351276759,1.00385767357842,-3.11955495782372,-4.45216590659702,-1.89128747497281,-3.01171186150136,1.37569982245269
2019-12-31,0.73065312845,1.13421437734005,-3.53918365178662,-4.88597865863878,-2.15135068194589,-3.27494580783621,0.857137034313854
2020-01-02,2.2816277882,1.15491376821338,-3.6050809550402,-5.03454451927955,-2.19255383546034,-3.30782314863846,0.793854615399559
2020-01-03,-0.97219910094,1.09405768123996,-3.40846453077724,-4.77714816952453,-2.07100951737283,-3.19404218742139,1.27109611973399
2020-01-06,0.79682614378,1.08931119422327,-3.39261621766726,-4.78951570567885,-2.06126261809833,-3.16538173255263,0.756112266358245
2020-01-07,-0.47031354234,1.15030077933637,-3.58824215553738,-5.02198566415,-2.18290473943437,-3.30096827667066,0.821685362932217
2020-01-08,1.6086329972,1.0824653390678,-3.36979169500227,-4.78481038461923,-2.04737695479682,-3.15709553177474,0.90707483608641
2020-01-09,2.1240806096,1.09197083704836,-3.40016293302193,-4.81232241311569,-2.06628214256962,-3.16880188402926,1.18275308458388
2020-01-10,0.22607628453,1.10492850046564,-3.44156153947642,-4.89903897119375,-2.09191227791103,-3.2111020047232,1.15291356956378
2020-01-13,2.1364354076,1.14363886182481,-3.56596592130543,-5.05496498381628,-2.16929667858043,-3.29244786466647,0.545190103983483
2020-01-14,-1.350328117,1.14195509016794,-3.56049522346573,-4.98876556109111,-2.1660460357916,-3.29244786466647,1.95462500230201
2020-01-15,-0.42855315351,1.06295244124545,-3.30590342652473,-4.75231872061132,-2.00770376601192,-3.12591514449227,1.15994570129185
2020-01-16,1.2526498364,1.24191785701727,-3.88201756039051,-5.39411455671765,-2.36519933937055,-3.48130465088723,0.603514183311224
2020-01-17,1.1070930084,1.14542130451887,-3.57162249802895,-5.05496498381628,-2.17297862804624,-3.29244786466647,0.524712202465751
2020-01-21,-0.67768958061,1.06972970134105,-3.32796439876164,-4.78007357742115,-2.02174007845946,-3.12591514449227,0.627579865489127
2020-01-22,0.35695106944,1.05906814131843,-3.29373169804918,-4.75231872061132,-2.0004633328402,-3.11449318027755,0.545655453546536
2020-01-23,0.4815864022,1.07304762495135,-3.3388160955934,-4.78007357742115,-2.02846047062534,-3.13163391589482,0.720997973336063
2020-01-24,-0.28819346562,1.06184491409416,-3.30267170739136,-4.75231872061132,-2.00606930003205,-3.12017781803538,1.34203836613394
2020-01-27,-2.9405296723,1.08602383093469,-3.38040695007085,-4.80796598199412,-2.0541851862498,-3.16059723744734,2.45930586393298
2020-01-28,2.828936721,1.16856354120653,-3.64583218853111,-5.12512654952927,-2.22118757302687,-3.33763752881677,0.921591912126696
2020-01-29,2.0932355441,1.30562232283144,-4.08683710866522,-5.48584759825312,-2.49519147446168,-3.61016126572302,2.34419397124275
2020-01-30,-0.1449096625,1.13340757818623,-3.53204161344585,-4.95757977041087,-2.1503656080405,-3.26405125233372,1.63889202013509
2020-01-31,-4.4338777907,1.30733319892586,-4.09199467427453,-5.48584759825312,-2.49826844838076,-3.62812065060242,3.75544232037638
2020-02-03,-0.27462763701,1.23301557214267,-4.02139647068518,-5.45396972529697,-2.35146067120555,-3.46864506571103,2.88941033422773
2020-02-04,3.3013672002,1.4642814724044,-4.79643680503181,-6.60056732600625,-2.81333274515497,-4.15887555237683,1.16453977387616
2020-02-05,0.81543045308,1.38810682230222,-4.54109675076832,-6.29692223348947,-2.66123233400077,-3.87808261553627,1.53718604483873
2020-02-06,1.1696997977,1.20433134504035,-3.92483917834705,-5.41012384626765,-2.29383727396341,-3.41574836092434,0.838704608696715
2020-02-07,-1.3592651953,1.24712704716216,-4.06873743626271,-5.45396972529697,-2.37971920346496,-3.50002823193759,1.46247145469169
2020-02-10,0.47495547296,1.16627957861053,-3.79722164609106,-5.17563611616,-2.21784809668924,-3.34440444401358,1.47519312179233
2020-02-11,-0.60332763178,1.23982645555093,-4.04381379765594,-5.45396972529697,-2.36489557942771,-3.48418435830839,0.982739846418774
2020-02-12,2.3747692501,1.24267947171805,-4.05366952492792,-5.45396972529697,-2.37077278397505,-3.50002823193759,0.646678160398282
2020-02-13,-0.71210268952,1.18500933823626,-3.86029483576428,-5.28603684263514,-2.25546115208477,-3.37214704895633,1.19877078880826
2020-02-14,0.024625234801,1.14151547039523,-3.71431584863575,-5.10866824574762,-2.16847106267548,-3.29711953172959,0.651502141282141
2020-02-18,-1.8310509309,1.21055889666837,-3.94576614355696,-5.41012384626765,-2.30637542405355,-3.42314094433642,1.42795900791889
2020-02-19,1.4482758621,1.13857167989503,-3.70421705153225,-5.10866824574762,-2.16249776040805,-3.29045361025,0.461140584410186
2020-02-20,-1.0258945677,1.23121334036817,-4.01474961300251,-5.45396972529697,-2.34743710633343,-3.46864506571103,1.3913872549185
2020-02-21,-2.2635029659,1.11478485884839,-3.62528580539638,-5.07426573774651,-2.11536359769522,-3.226489750105,2.000644001783
2020-02-24,-4.7500399297,1.2304544221031,-4.0128052919129,-5.45396972529697,-2.34633032269708,-3.46864506571103,18.1989710241683
2020-02-25,-3.3872157758,1.30720372710021,-4.35401849023051,-5.867161789576,-2.49793218201665,-3.64341966980238,6.59842531920189
2020-02-26,1.5863648987,2.54434352071753,-8.57686526543232,-11.15783889805,-4.9638847544849,-6.60056732600625,7.24698925044744
2020-02-27,-6.5368187255,1.82110645310303,-6.10548059794456,-7.79009595915,-3.52057077222776,-4.94234556581875,13.3396969228158
2020-02-28,-0.058496636484,1.89976646262496,-6.40302377971386,-8.06907295864286,-3.67343853476089,-5.13297556765,35.4568026293769
2020-03-02,9.3100673104,2.38048488718823,-7.99443981632004,-11.15783889805,-4.61883122349436,-6.23468481388095,9.77841498260535
2020-03-03,-3.1759311937,3.53227942413604,-11.93658223499,-12.354938181,-6.87884179044483,-10.1028038915,26.6481821599994
2020-03-04,4.6384626021,2.35250327750174,-7.86498683684825,-10.1028038915,-4.5492736969479,-6.23468481388095,6.41472460887778
2020-03-05,-3.2437074719,3.26296880858498,-10.9672518004262,-12.354938181,-6.34899004294158,-8.06907295864286,5.57560905604489
2020-03-06,-1.3280076472,2.24612818355493,-7.51530809621753,-10.1028038915,-4.31854398027383,-5.83536588304815,8.35915378336637
2020-03-09,-7.9092135764,2.19839235610516,-7.34781825066101,-10.1028038915,-4.22148573327368,-5.67876637166,24.1263639092092
2020-03-10,7.2021640304,2.34925258097964,-7.86631376204538,-9.554406312725,-4.52295480786802,-6.31079975763182,15.3014070665459
2020-03-11,-3.4730496949,3.22398398886665,-10.8265540449733,-12.354938181,-6.25973501116514,-8.0490905358625,11.1942209329573
2020-03-12,-9.8754674509,2.77530996412636,-9.46654083689827,-11.15783889805,-5.47495736908244,-7.20553636066154,48.8753333064121
2020-03-13,11.980824235,2.82948622376408,-9.63455489477831,-10.730381749,-5.69209949874774,-7.704517991625,32.9631078308159
2020-03-16,-12.864697629,5.32420657988322,-17.4585438532798,NA,-10.6870195476062,-12.354938181,35.0360005864051
2020-03-17,4.3970108585,4.77709056568585,-15.4828741199867,NA,-9.59691832457037,-11.263960719,33.8630657164019
2020-03-18,-2.447994938,5.10199881983223,-16.6240914771275,NA,-10.2572739317835,-12.609817905,25.1339038336206
2020-03-19,-0.76620586196,5.32518504286422,-17.8607180724511,NA,-10.7496235859116,-12.609817905,18.8398224304762
2020-03-20,-6.3485578888,5.04851555577145,-16.6399644284333,NA,-10.1851016024084,-12.609817905,15.1947689151953
2020-03-23,-2.1244110974,4.51613261924156,-14.7248885744377,NA,-9.0948860285573,-11.263960719,42.3036966700474
2020-03-24,10.032535543,4.42948244278032,-15.0141482747123,NA,-8.93818519637574,-11.263960719,9.6882493426722
2020-03-25,-0.55087491892,5.307882237215,-17.7946035757988,NA,-10.7470335127661,-12.609817905,15.249853632722
2020-03-26,5.2623004236,3.97122433671544,-13.2851534229592,NA,-7.99894090439017,-11.263960719,16.7466475152325
2020-03-27,-4.1402259712,4.07317272959861,-13.63004999826,NA,-8.20357679508308,-11.263960719,6.91381846236976
2020-03-30,2.8537983369,4.05985939718347,-13.5500156017761,NA,-8.20138584837948,-11.263960719,4.96989225971035
2020-03-31,-0.20407362354,3.45854278225427,-11.4658407101022,-12.609817905,-6.96772813153988,-10.1596317218,6.38194511121395
2020-04-01,-5.2617090723,2.82250799999923,-9.3297163671498,-11.263960719,-5.6682484051036,-7.97624795837857,4.60640790213014
2020-04-02,1.6686729485,2.82797066890208,-9.34406174810958,-11.263960719,-5.68033655168522,-7.97624795837857,7.4301911878343
2020-04-03,-1.4371453069,2.55061694266173,-8.41947975413919,-11.263960719,-5.11338009218886,-7.11276798845714,3.93496134132932
2020-04-06,8.7237479807,2.53894865547127,-8.38301803841376,-11.263960719,-5.08863732895606,-7.11276798845714,3.09888410047093
2020-04-07,-1.158227607,2.23045934163664,-7.3548357572518,-10.1596317218,-4.46078701162836,-6.43595712795862,7.92838629908517
2020-04-08,2.5594572717,2.18813541025616,-7.21298040592834,-10.1596317218,-4.37665095849729,-6.3056615833,3.17153220842861
2020-04-09,0.72161461267,2.51267277828319,-8.3060174966929,-11.263960719,-5.03648473895265,-7.01843370722727,3.84640018446706
2020-04-13,1.9627598045,2.12013609947969,-6.9931560607132,-10.1596317218,-4.23454237769527,-6.12921150766176,2.61042234774864
2020-04-14,5.0503202196,2.04071928735103,-6.72771054949927,-10.1596317218,-4.07268122375916,-5.79677393118537,2.84884316063433
2020-04-15,-0.9127329733,1.8936103918062,-6.23634640243588,-8.31160279598333,-3.77253920427213,-5.5419657608,2.33877451979976
2020-04-16,0.79457159936,1.87934800030259,-6.18707033703838,-8.31160279598333,-3.74038376141339,-5.5047614587625,3.02084834519282
2020-04-17,-1.3568663016,1.67775631113875,-5.51180580084104,-7.81742976052667,-3.32820521714778,-5.07413857354918,3.07006504928154
2020-04-20,-2.0756718527,1.72755080455057,-5.67810720253666,-7.97624795837857,-3.42880026553945,-5.19275697809298,2.28381089461764
2020-04-21,-3.0910338352,1.69789967483585,-5.57887395387137,-7.81742976052667,-3.36715541711361,-5.102748200705,4.7198930654626
2020-04-22,2.8803517531,1.61013946440662,-5.28508864646219,-7.42599049411667,-3.18881696007746,-4.88501368351176,1.66620796457785
2020-04-23,-0.38754074631,1.87565905132083,-6.17480029726609,-8.31160279598333,-3.7312704138211,-5.5047614587625,3.90344571274077
2020-04-24,2.8869577867,1.56979739621958,-5.15089556664015,-7.11276798845714,-3.10646659707311,-4.70300346250658,1.6329071027385
2020-04-27,0.070678870543,1.79076241260605,-5.89181644262675,-8.14273253413846,-3.55883253897704,-5.35755407190385,1.44601182407045
2020-04-28,-1.620934421,1.52499305663892,-5.00261081036136,-7.01843370722727,-3.01562176104387,-4.64643416391795,2.23376520476365
2020-04-29,3.2845143227,1.47201162076821,-4.82584253092919,-7.01843370722727,-2.90749606729508,-4.54442830335783,1.68132146970334
2020-04-30,2.1096166545,1.47200553424462,-4.82615716147134,-7.01843370722727,-2.90758020904596,-4.54442830335783,2.28558948482887
2020-05-01,-1.6099387338,1.40830477158694,-4.61297547435711,-6.66107795034231,-2.77714896558351,-4.34366337895213,7.15231114442099
2020-05-04,1.4148822085,1.42414035255339,-4.66358396173256,-6.83055713429167,-2.80862669953999,-4.37753078700761,1.6878963813219
2020-05-05,1.5008868877,2.02630736441448,-6.68582015989086,-10.1596317218,-4.02782046494694,-5.87661932113333,1.83517596105817
2020-05-06,1.0317246943,1.53945544777925,-5.05406300505788,-7.11276798845714,-3.03496709579488,-4.64643416391795,1.75507386821488
2020-05-07,1.0344942288,1.53940118781311,-5.05577784384548,-7.11276798845714,-3.03615199633537,-4.64643416391795,1.08888900106132
2020-05-08,2.3801663807,1.53211293145661,-5.03021414499501,-7.01843370722727,-3.02101220208105,-4.64643416391795,0.870794232018665
2020-05-11,1.5735336792,1.42045367428737,-4.65590649834956,-6.83055713429167,-2.79313614355759,-4.37753078700761,0.896243174528999
2020-05-12,-1.1428208626,1.16133578861456,-3.78708626277679,-5.60954755624889,-2.26376919272256,-3.56640160175153,2.06604940200127
2020-05-13,-1.2074114513,1.13136042644786,-3.68629590293422,-5.53123961077021,-2.20241623208825,-3.47511298746057,5.05350094291336
2020-05-14,0.61433447117,1.2955345972243,-4.23476216829913,-6.18584554382121,-2.53678264037155,-3.94175776732602,3.75912546098611
2020-05-15,-0.59119984498,1.71892110450767,-5.6530210331272,-7.97624795837857,-3.40083661342552,-5.17781914071579,2.97614844069515
2020-05-18,2.3561145234,1.66930488966405,-5.48888301639649,-7.67254347858125,-3.30046807470583,-5.0585447678459,1.6417153100222
2020-05-19,-0.57785115569,1.65316716519513,-5.43341340959142,-7.42599049411667,-3.26738440475575,-5.0585447678459,1.45840356302318
2020-05-20,1.9448170147,1.53909289446059,-5.05140612917899,-7.11276798845714,-3.0349357026966,-4.64643416391795,1.03329109582799
2020-05-21,-0.74554396515,1.49949014374229,-4.91971241770262,-7.01843370722727,-2.95501664319289,-4.60505520324625,1.41088504990705
2020-05-22,0.64383777808,1.3164938608956,-4.30665682897521,-6.18584554382121,-2.58165300155181,-4.05116580230175,0.86637018358601
2020-05-26,-0.67734955637,1.2771680782322,-4.17500706243709,-6.02232004486944,-2.50145690397476,-3.86476943510923,1.45666632130465
2020-05-27,0.4357023332,1.12083435887622,-3.65156450919929,-5.53123961077021,-2.18279094401078,-3.47361585200171,2.54426297703365
2020-05-28,0.044009933663,1.19494270072768,-3.89863089333709,-5.8287840840625,-2.33330285260433,-3.64852039408431,1.79539095342527
2020-05-29,-0.097407698286,1.37214986398156,-4.49232212911522,-6.58181797131111,-2.69466393339051,-4.20195708681359,2.43508723722017
2020-06-01,1.2297917847,1.30889673038257,-4.27993525741961,-6.18584554382121,-2.56521891352035,-4.0256702078569,0.722848952441806
2020-06-02,0.46294857839,1.41971444982436,-4.65186744270038,-6.83055713429167,-2.79153436078649,-4.37753078700761,0.822485172795103
2020-06-03,0.55050411338,1.20317703284899,-3.92618290984422,-5.8287840840625,-2.34962037006223,-3.66583159545695,0.98559183968079
2020-06-04,-0.86122047251,1.19079997720738,-3.88495317489714,-5.78148598313415,-2.32448829961633,-3.64852039408431,0.829929367573877
2020-06-05,2.848101266,1.14725583277181,-3.73887530998014,-5.5532000693413,-2.23540071328833,-3.51263690931845,1.21642012774374
2020-06-08,0.59125188527,1.08388805943089,-3.52566966292552,-5.3601114529,-2.10541892085616,-3.36881161913085,0.788663554308287
2020-06-09,3.1578000362,1.08846712561053,-3.54097638113529,-5.3601114529,-2.11464929128206,-3.37551896765561,1.81681978234375
2020-06-10,2.5727492077,1.02549317223771,-3.32911873991137,-5.09730688399322,-1.98538738091678,-3.24202358805288,3.0314925585698
2020-06-11,-4.8010429656,1.21621721573128,-3.96781216280091,-5.91229197388684,-2.37483793317707,-3.69568464775753,5.39433936577956
2020-06-12,0.86335218803,1.43827491207414,-4.7353251263625,-6.749376567544,-2.83931304964652,-4.48920997920465,6.71725658575082
2020-06-15,1.2367178277,1.80895323369791,-5.97739317051011,-8.14273253413846,-3.59862058546338,-5.45880718221837,3.63463718744875
2020-06-16,2.6502230385,2.05420552459756,-6.80401290605156,-10.1596317218,-4.10161421777086,-5.93081357239474,3.93389057209373
2020-06-17,-0.13917291526,1.86559054169797,-6.16941576065763,-8.31160279598333,-3.69959076779849,-5.53719672670851,1.38479112942655
2020-06-18,0.039819107405,1.94204230344293,-6.42761795914806,-8.71328893668,-3.85760202065618,-5.69931395851163,1.03938554094146
2020-06-19,-0.57146106374,1.66811580031056,-5.50345591839621,-7.81742976052667,-3.29832843870303,-5.06313467684754,3.15215786660648
2020-06-22,2.6163788172,1.5057975527925,-4.95743833430015,-7.01843370722727,-2.96615558388835,-4.60855500886,1.13780604036552
2020-06-23,2.1344776658,1.62098818154741,-5.34599994100243,-7.42599049411667,-3.20219387270719,-4.95091890135538,1.7824096032277
2020-06-24,-1.7652033939,1.31927916041915,-4.32955615126967,-6.2529534034,-2.58491286732789,-4.05362180624123,3.22598460598134
2020-06-25,1.3275565183,1.323767393253,-4.34442948461101,-6.31469333972258,-2.59394288891551,-4.06659715011947,2.50143748728427
2020-06-26,-3.0725797609,1.54821000302179,-5.09975069093042,-7.11276798845714,-3.05269466108732,-4.65002370813718,4.16385206852031
2020-06-29,2.3046687214,1.51607419150648,-4.99089616735718,-7.01843370722727,-2.99899116624126,-4.6097559583175,2.21028428825893
2020-06-30,0.83476145719,1.71323370500334,-5.65598575217586,-7.97624795837857,-3.39007713756985,-5.18273114859474,1.28639986119212
2020-07-01,-0.18914473676,1.54861391352101,-5.10243551594065,-7.11276798845714,-3.05415669267871,-4.63005606323544,1.14378274602938
2020-07-02,0,1.43143224181627,-4.70792920907128,-6.749376567544,-2.81485558859348,-4.38343286145326,1.03538433684809
2020-07-06,2.675015792,1.34519040995502,-4.41800699440189,-6.37855396502,-2.63907159762881,-4.11059241451455,0.890916445467772
2020-07-07,-0.31028487365,1.28008740629925,-4.19810652454116,-6.03009739067778,-2.50566553064062,-3.87129682523154,1.58773199679004
2020-07-08,2.3290133891,1.13517240535918,-3.70998621438104,-5.53719672670851,-2.20924298822582,-3.5024610556093,1.35092720074654
2020-07-09,0.35660906724,1.20812421184338,-3.95531642379727,-5.83578369529,-2.35813902867156,-3.68118642556,2.33360038978731
2020-07-10,0.24821675852,1.17870243892633,-3.85580609917032,-5.69931395851163,-2.29759016918939,-3.60461227331069,1.11709665867568
2020-07-13,-0.46132193484,1.34968767641381,-4.43211370484554,-6.37855396502,-2.64735039519077,-4.11059241451455,3.89658204519878
2020-07-14,1.6548401454,1.19727977477773,-3.918102964216,-5.83578369529,-2.33510067274196,-3.64659860068117,6.26687032449461
2020-07-15,0.68773665098,1.61927622909577,-5.33479612605799,-7.42599049411667,-3.19718901566958,-4.92438628184091,4.49449147807317
2020-07-16,-1.2304937324,1.95730980828226,-6.47085798028596,-8.96648138362222,-3.88813158208809,-5.78831487213658,2.21916156719072
2020-07-17,-0.20202543437,1.8806638066986,-6.21406526597568,-8.31160279598333,-3.73196675305378,-5.53719672670851,1.00838447942656
2020-07-20,2.1073940465,1.66698154262477,-5.49456669274356,-7.67254347858125,-3.29567884675814,-5.08828326829833,0.773798522416954
2020-07-21,-1.3801692805,1.53800151173221,-5.05976645168762,-7.11276798845714,-3.03228967535692,-4.6438488436641,1.74665663257225
2020-07-22,0.28092783486,1.41444612204973,-4.64370551694215,-6.749376567544,-2.77927944636137,-4.34151811320957,1.32803014430837
2020-07-23,-4.5516461487,1.38041042699492,-4.52933016610878,-6.59218776572222,-2.70968744802727,-4.245017867181,4.0215024897983
2020-07-24,-0.24772470251,1.21487830583636,-4.05083442446131,-5.85049460305,-2.38014160807002,-3.70568248822973,4.39484536787683
2020-07-27,2.3700264537,1.59102545117057,-5.33794777184585,-7.42599049411667,-3.15069680149562,-4.76985254110137,2.24225853179333
2020-07-28,-1.6427592028,1.72261597889626,-5.79050830811271,-7.97624795837857,-3.42303352128093,-5.23221912223036,1.37107974262137
2020-07-29,1.9168386907,1.54699482543312,-5.18889325311585,-7.11276798845714,-3.06263638066156,-4.66301565794231,1.4252912818233
2020-07-30,1.2100168351,1.43888509136553,-4.81872152552806,-7.01843370722727,-2.84199383710926,-4.48439155093563,2.01932638998257
2020-07-31,10.468863707,1.44663385191615,-4.84525246297949,-7.01843370722727,-2.85784821888835,-4.50341982652674,4.64362274474469
2020-08-03,2.5197628458,1.45099731340851,-4.85910923187494,-7.01843370722727,-2.8656451228189,-4.52276573699765,5.06675491699068
2020-08-04,0.66781411351,1.7296757618184,-5.82626267128918,-8.14273253413846,-3.44688013377359,-5.29886166624444,2.58749848427638
2020-08-05,0.36246751479,1.86000115378504,-6.22132198970474,-8.31160279598333,-3.72519828413648,-5.516664423,1.43039157696108
2020-08-06,3.4889267461,1.63882488204613,-5.46827977442697,-7.67254347858125,-3.26803921005258,-5.07948593846885,2.27686010801462
2020-08-07,-2.2735768156,1.50988273304244,-5.03009864762011,-7.01843370722727,-2.99935688831783,-4.62222379530375,3.61659745590937
2020-08-10,1.4534818314,1.61462440027732,-5.38903657688427,-7.42599049411667,-3.21355483441418,-4.99373093747344,3.44464075644276
2020-08-11,-2.9739859396,1.73003587057788,-5.78604668651594,-7.97624795837857,-3.44877392526467,-5.29886166624444,2.79827348150221
2020-08-12,3.3234285715,1.67009047666495,-5.58142043161826,-7.81742976052667,-3.32535782722665,-5.10899293466833,1.87880425223424
2020-08-13,1.7697548888,1.6073236446386,-5.36744821442992,-7.42599049411667,-3.19599178452629,-4.93949881152121,2.95254469090911
2020-08-14,-0.08912268504,1.51617281475267,-5.05557717100269,-7.11276798845714,-3.00746328212515,-4.64268172094304,1.57435285829671
2020-08-17,-0.26107956392,1.65249376133314,-5.52118386313615,-7.81742976052667,-3.28891858141436,-5.07948593846885,1.18465076311867
2020-08-18,0.83327879929,1.43556154423938,-4.780739120136,-6.92202541411304,-2.84156635638592,-4.46722785080682,1.51932664501968
2020-08-19,0.12547322876,1.31211197420812,-4.35882214918427,-6.25959811500312,-2.58669367389284,-4.04445584974914,1.56202898488756
2020-08-20,2.2189572846,1.31378888341165,-4.36434791311409,-6.25959811500312,-2.59009734228547,-4.05712583150348,0.831878916142941
2020-08-21,5.1532445572,1.30896738063428,-4.34837931033263,-6.25959811500312,-2.5802685311831,-4.04445584974914,3.48017407111041
2020-08-24,1.1960279811,1.12626080422203,-3.72339238394236,-5.516664423,-2.20241497669376,-3.48236146186307,6.80618872989867
2020-08-25,-0.82037224638,1.53975652326986,-5.13471030673192,-7.11276798845714,-3.04419485511227,-4.64268172094304,2.57254565424964
2020-08-26,1.3599038653,2.01046219516182,-6.74279153609642,-10.1596317218,-4.01172048594823,-5.85049460305,2.13105674814946
2020-08-27,-1.1954395462,1.6269136774667,-5.4328763697826,-7.42599049411667,-3.22303974476577,-4.99373093747344,3.42743520777455
2020-08-28,-0.16198704107,1.59482897216933,-5.32252589451597,-7.42599049411667,-3.15575641212693,-4.83911932694857,2.33314740359714
2020-08-31,3.3912224826,1.79792207396905,-6.015756508333,-8.14273253413846,-3.57248461474897,-5.440663961548,6.92099253594751
2020-09-01,3.9832610042,1.65882519274882,-5.53992142183825,-7.81742976052667,-3.28452545019459,-5.07948593846885,4.68363122706046
2020-09-02,-2.071843792,2.09162979873321,-7.01769386239005,-10.1596317218,-4.17462790196345,-5.9901392490027,19.9075833912315
2020-09-03,-8.00608828,1.94785823463236,-6.51294279544838,-8.96648138362222,-3.87225204346899,-5.7151215217093,16.5729187851401
2020-09-04,0.066181336842,3.30353947879576,-11.0886270706577,-12.609817905,-6.67063544879044,-9.85198265868571,45.054254415107
2020-09-08,-6.7294973544,3.36422348801416,-11.1856095709348,-12.609817905,-6.78728951322222,-9.85198265868571,18.9114914338497
2020-09-09,3.9886544939,5.04826131513613,-16.9485498001129,NA,-10.2246600980022,-12.609817905,7.98550222144609
2020-09-10,-3.2645755199,4.07617015648644,-13.6378672719376,NA,-8.21678400225472,-11.263960719,10.951001002648
2020-09-11,-1.3128910036,3.56535607375874,-11.8918634261999,-12.609817905,-7.15744379594075,-9.85198265868571,10.8781297589086
2020-09-14,2.9955357144,3.60558794236421,-12.0133656567341,-12.609817905,-7.23437447952085,-9.85198265868571,4.70509640815385
2020-09-15,0.16037449623,3.50399434332303,-11.6370685549478,-12.609817905,-7.0370067758416,-9.85198265868571,6.56585665599961
2020-09-16,-2.9513588368,2.59305818407571,-8.58031495802981,-11.263960719,-5.17655304352116,-7.13494406052174,4.19485766949896
2020-09-17,-1.5963613663,2.5433974412637,-8.41381864325599,-11.263960719,-5.07603361766913,-7.13494406052174,7.67297316560294
2020-09-18,-3.1720137756,2.29656281175592,-7.58458078383735,-9.85198265868571,-4.57051526274963,-6.64567776927241,6.66626694876682
2020-09-21,3.0325720703,2.52490140198305,-8.35037287106308,-11.263960719,-5.0125897820575,-7.04754696639167,10.686896646464
2020-09-22,1.5715843025,2.38811595640328,-7.88406953012717,-9.85198265868571,-4.73290968546121,-6.79518517862963,6.33332101452973
2020-09-23,-4.1946158663,2.78129120100597,-9.20421351203147,-11.263960719,-5.53036999434481,-7.76453129660588,6.30562279411498
2020-09-24,1.0268857357,2.45976379803721,-8.12536889718491,-11.263960719,-4.87666377028119,-7.04754696639167,9.21588662272594
2020-09-25,3.7516170763,2.49696070992335,-8.24698143197781,-11.263960719,-4.95334824427648,-7.04754696639167,4.15953618673232
2020-09-28,2.3868899179,2.73089499223428,-9.03767447160239,-11.263960719,-5.42853232659245,-7.420170726425,3.02418916670795
2020-09-29,-0.75678496869,2.30155232614401,-7.60055175866927,-9.85198265868571,-4.5567514406096,-6.64567776927241,1.81284524239687
2020-09-30,1.5075817339,2.05802411314717,-6.78577786173573,-9.85198265868571,-4.06833546475346,-5.88255780517907,3.25161639936116
2020-10-01,0.84621362585,1.84568547219348,-6.07333630734754,-8.03940723854667,-3.63685817326182,-5.56333517264118,2.38047993866951
2020-10-02,-3.2280160973,1.92598992754773,-6.3442581509998,-8.32438714538462,-3.80387654855845,-5.63656065570816,4.0642047565527
2020-10-05,3.079101044,1.68508078757176,-5.53491348601158,-7.76453129660588,-3.31041587379321,-5.16618694572698,1.10844366646477
2020-10-06,-2.8669527896,1.85776065607519,-6.11822989044556,-8.17677279901429,-3.66858135769134,-5.56333517264118,5.1229027106669
2020-10-07,1.6967126192,1.46730534136853,-4.80473914684961,-7.04754696639167,-2.86871296016895,-4.50489504639462,1.40120993754408
2020-10-08,-0.095585679446,1.97894675642269,-6.52528715264499,-8.67581073518182,-3.92587291327956,-5.83893626047727,1.03008540662826
2020-10-09,1.7395842393,1.49886460876559,-4.91454443306365,-7.04754696639167,-2.94570505522014,-4.57611864155618,0.771113677533242
2020-10-12,6.3520560829,1.39959117066972,-4.58195976999019,-6.64567776927241,-2.74323454440594,-4.29766413949623,3.35185152020028
2020-10-13,-2.6527331191,1.26056438002138,-4.11412797558562,-5.92506579524762,-2.45831494588239,-3.8097273732723,10.8322964415255
2020-10-14,0.074318744919,1.6624143358853,-5.45415314052992,-7.52416057635789,-3.26011012663069,-5.08036731647879,4.19783636160497
2020-10-15,-0.39607228318,2.46691074042189,-8.15581975900128,-11.263960719,-4.89981420238603,-7.04754696639167,2.87728685709954
2020-10-16,-1.4000497059,1.9371428818688,-6.37975633262894,-8.48903958343333,-3.82443139093785,-5.67454592325833,1.75075120393888
2020-10-19,-2.5541925727,1.83863861522899,-6.04953451301655,-8.03940723854667,-3.62670332018197,-5.52614335012308,2.78223621762397
2020-10-20,1.3191929644,1.73747433958847,-5.71010273060443,-7.90019106573125,-3.4209713398663,-5.28702495501017,3.58544057462606
2020-10-21,-0.54463449924,1.83330911789883,-6.03174750554384,-8.03940723854667,-3.61611732244081,-5.52614335012308,2.74037506930389
2020-10-22,-0.95832976813,1.75839236436309,-5.78048007118858,-7.90019106573125,-3.46415253804908,-5.35208300838421,3.10255221180512
2020-10-23,-0.61339092872,1.62354237289984,-5.32761451150062,-7.420170726425,-3.18874879874795,-4.92528953736528,1.60607101796107
2020-10-26,0.0086926287622,1.66893466623005,-5.48068270557598,-7.63868229398333,-3.28290585918442,-5.13716943355156,3.03257506347375
2020-10-27,1.3472403301,1.47962077391491,-4.84509524176511,-7.04754696639167,-2.89618227758956,-4.50489504639462,2.33362694023382
2020-10-28,-4.6312178387,1.65672523874624,-5.43904316854162,-7.420170726425,-3.25720171765152,-5.08036731647879,3.72339389830695
2020-10-29,3.7050359713,1.5408631320086,-5.04925125576733,-7.13494406052174,-3.02675114843626,-4.65113814751977,4.62811751594515
2020-10-30,-5.6018036767,1.7288494293415,-5.67808477095657,-7.90019106573125,-3.4100636101621,-5.276094836405,7.09873117853215
2020-11-02,-0.082674995338,1.86189330732048,-6.11888958915204,-8.17677279901429,-3.68310895448513,-5.54647387396415,4.5974976643745
2020-11-03,1.5353498206,2.20429589235621,-7.2648398136542,-9.85198265868571,-4.38122900974358,-6.25765963416389,2.29677564962229
2020-11-04,4.0836653387,2.00530857917234,-6.59989870931685,-9.14738247732222,-3.97623158984133,-5.84851126973556,3.99248608299529
2020-11-05,3.5493692911,1.76895943111585,-5.8092699520441,-7.90019106573125,-3.49437074685528,-5.37635695342069,2.83938355685484
2020-11-06,-0.11361245533,1.95159622916896,-6.42158897125237,-8.48903958343333,-3.86742539628832,-5.68949733430204,3.1915959977505
2020-11-09,-1.9967983823,1.79416468489241,-5.89407887442395,-8.03940723854667,-3.54604694670531,-5.40925222874561,7.55856466425505
2020-11-10,-0.30089408529,1.74763643740575,-5.73512617752609,-7.90019106573125,-3.44949391757902,-5.34409750836102,8.20711038832899
2020-11-11,3.0352677417,2.23412493676254,-7.3575459503395,-9.85198265868571,-4.4382666763304,-6.36597042524706,1.82381582172884
2020-11-12,-0.23432923263,2.39002558965214,-7.88617658562022,-9.85198265868571,-4.76044911720032,-6.82673198407407,2.52279282772513
2020-11-13,0.041942790085,1.75472912703365,-5.75882730631411,-7.90019106573125,-3.46414718569232,-5.34409750836102,1.52203840317572
2020-11-16,0.87204427291,1.8174669393904,-5.96913949935375,-8.03940723854667,-3.59231099842041,-5.47629856533636,2.13760216400221
2020-11-17,-0.75644222779,1.6671925217555,-5.46567032530546,-7.53147815623158,-3.28557212944119,-5.13654341307121,1.28834796215284
2020-11-18,-1.1391238798,1.60938369314063,-5.27235850814543,-7.33358181929524,-3.16783807995615,-4.84059206788846,1.38652919648107
2020-11-19,0.51681775822,1.31123689107862,-4.2742324400227,-6.15613528141316,-2.55965100770515,-4.05285009178828,1.38491473768393
2020-11-20,-1.0957518543,1.3111865843674,-4.27541698844821,-6.15613528141316,-2.55878586628439,-4.05285009178828,0.711589271409263
2020-11-23,-2.974262826,1.27427106760879,-4.15308776733988,-5.97138988640952,-2.48399091001927,-3.85490959474694,1.7690250215284
2020-11-24,1.1594202901,1.13866021138926,-3.69888405931312,-5.54647387396415,-2.20886953603211,-3.55275877293152,2.25210293651705
2020-11-25,0.74672223654,1.29365702198846,-4.21727720297216,-6.01472583811951,-2.52472282052225,-3.95705190622117,1.33812789669056
2020-11-27,0.48263380158,1.39148109938533,-4.54517731083487,-6.48466634290625,-2.72445755503894,-4.28633649176091,0.551181939392911
2020-11-30,2.1099579724,1.25506915613376,-4.08882389137656,-5.84851126973556,-2.44638238588074,-3.79498850341494,3.32022208830122
2020-12-01,3.0827383451,1.09750789327761,-3.55995521086465,-5.40925222874561,-2.12415435739362,-3.45460543468737,2.74051468383016
2020-12-02,0.29335071704,1.57364344068229,-5.1539763890418,-7.07106321119583,-3.0954160829987,-4.71880281109881,1.87827852567412
2020-12-03,-0.11374715632,1.52462442014913,-4.99059389333444,-6.989717234804,-2.99335068348771,-4.64324695492273,1.25612681581775
2020-12-04,-0.56124938992,1.39684932975051,-4.56298297539575,-6.54702183304194,-2.73300377337524,-4.28633649176091,1.10478452060288
2020-12-07,1.226993865,1.30298169270827,-4.24825727788826,-6.15613528141316,-2.54140686806065,-3.98888617828731,1.2989066669636
2020-12-08,0.50909090896,1.29627523634925,-4.22568228419217,-6.10673297949744,-2.52769372497385,-3.95705190622117,1.14223759225499
2020-12-09,-2.0903682264,1.26124229676257,-4.10856631621834,-5.88831329354091,-2.45634253273217,-3.8126978731375,3.15029893045459
2020-12-10,1.1988832321,1.18428076698715,-3.8498477746294,-5.68949733430204,-2.29852603977838,-3.65967110173765,2.58219106519558
2020-12-11,-0.67348263547,1.50897693285212,-4.93651529675911,-6.989717234804,-2.96008773132765,-4.58824708355055,1.94803479128769
2020-12-14,-0.51466383475,1.46676438073239,-4.79507305820103,-6.90553745521923,-2.87387655641408,-4.50169295475104,1.48326965242525
2020-12-15,5.0090326818,1.39983742065418,-4.57116596127039,-6.54702183304194,-2.73754244695189,-4.30054755163303,2.63033467714482
2020-12-16,-0.054738817562,1.33925682208358,-4.3691065426175,-6.25765963416389,-2.61471161583259,-4.12812067708689,1.57692417793432
2020-12-17,0.69634613883,1.53398018847891,-5.02054271369941,-6.989717234804,-3.01175448210239,-4.66206533751035,1.26414528680875
2020-12-18,-1.588966589,1.35035685718402,-4.40556745164658,-6.31076777854571,-2.63726594540999,-4.14057710153802,1.7074319206163
2020-12-21,1.2435355888,1.26408012741367,-4.11652428487186,-5.88831329354091,-2.46106007014929,-3.8126978731375,2.96643016319821
2020-12-22,2.8464477889,1.32347801924715,-4.31465713963589,-6.15613528141316,-2.58151359442753,-4.07960420128492,6.41045375141307
2020-12-23,-0.69760388214,1.53591378036674,-5.02304321653209,-6.989717234804,-3.01345392837984,-4.66206533751035,1.94803489283522
2020-12-24,0.77122785569,1.9978624551624,-6.57256706816731,-9.14738247732222,-3.94387243294322,-5.8075264560087,1.14347659976578
2020-12-28,3.5765704328,1.51738743941599,-4.9654059189259,-6.989717234804,-2.96083793915664,-4.58824708355055,1.94975623716644
2020-12-29,-1.331479991,1.4077008964205,-4.59804890222002,-6.54702183304194,-2.73863680234506,-4.30054755163303,3.19353099518428
2020-12-30,-0.85267294453,1.52026130858807,-4.97491908658834,-6.989717234804,-2.9665429157765,-4.58824708355055,1.75250756815661
2020-12-31,-0.77026622794,1.67693662609733,-5.49960827359925,-7.64437976216667,-3.28428781329919,-5.13654341307121,1.9367616966828
2021-01-04,-2.471927048,1.37628911984456,-4.49233658650226,-6.48466634290625,-2.67413077668167,-4.20434750130948,5.19140239349181
2021-01-05,1.2363804963,1.40085408666679,-4.5731834941471,-6.54702183304194,-2.72245149525339,-4.28633649176091,2.25054739092466
2021-01-06,-3.3661552553,1.88067410373924,-6.18198328119133,-8.17677279901429,-3.69617070220373,-5.54647387396415,3.52500522447946
2021-01-07,3.4123222747,1.55917948620972,-5.10337957091479,-7.07106321119583,-3.05106361298512,-4.64733908657614,2.00447554729418
2021-01-08,0.86312251769,1.71811482154551,-5.63603106205978,-7.90019106573125,-3.37425369557054,-5.192894346125,3.95671222955527
2021-01-11,-2.3248769407,1.54578029101798,-5.05875154582066,-7.07106321119583,-3.02367531749688,-4.64733908657614,2.03217426214414
2021-01-12,-0.13955652039,1.81770986469056,-5.96949893988662,-8.03940723854667,-3.57618459839514,-5.47629856533636,2.04212066714831
2021-01-13,1.6226708074,1.52231649563278,-4.98062237502484,-6.989717234804,-2.97624722044735,-4.61053767880889,1.89142871073116
2021-01-14,-1.512720605,1.51730250225538,-4.96425889049528,-6.989717234804,-2.96633655979818,-4.57496347672174,1.21690730446288
2021-01-15,-1.3730509658,1.45399908429433,-4.75237086633161,-6.82673198407407,-2.83821008720805,-4.42516274085644,2.44844320319399
2021-01-19,0.54270882483,1.338537580384,-4.36561495800449,-6.25765963416389,-2.60333250922925,-4.10975447154919,1.37235257779696
2021-01-20,3.2856137057,1.46554352455665,-4.79177603669597,-6.90553745521923,-2.85417521034053,-4.45711766805556,1.81462970052199
2021-01-21,3.6658335228,1.29555414694297,-4.2247117160076,-6.10673297949744,-2.50864967075899,-3.94248726362086,1.83916312349668
2021-01-22,1.6073646526,1.35337097010531,-4.41661193590607,-6.31076777854571,-2.62501181683015,-4.13422938148689,2.30804300925987
2021-01-25,2.7683900193,1.3558606364365,-4.42471679426813,-6.31076777854571,-2.62997380116805,-4.13422938148689,9.28434672270063
2021-01-26,0.16792611259,1.45250652380871,-4.74357989168006,-6.75256441070357,-2.82331785224585,-4.39417656426214,2.6912918735999
2021-01-27,-0.76837105335,2.30921621907209,-7.61756775206127,-9.85198265868571,-4.55974836686361,-6.54702183304194,5.6821885555636
2021-01-28,-3.4985217512,1.70470125307583,-5.59137144728116,-7.64437976216667,-3.3338716387025,-5.13740839926515,6.7830629341034
2021-01-29,-3.7420672552,2.08962516200011,-6.87848589016046,-9.85198265868571,-4.11236724306286,-5.88831329354091,10.4347633787512
2021-02-01,1.6520157624,2.28021062884057,-7.51048207062934,-9.85198265868571,-4.49366418519256,-6.48466634290625,3.99108344685711
2021-02-02,0.63366631875,2.6925064316658,-8.89475698113542,-11.263960719,-5.32964711170782,-7.33358181929524,1.30661448150484
2021-02-03,-0.77783539518,2.08841665086356,-6.87225483890881,-9.85198265868571,-4.10784935351875,-5.88831329354091,1.56196360498366
2021-02-04,2.5757802001,1.79355372038609,-5.88386939687075,-8.03940723854667,-3.51107299951465,-5.38050766023621,1.53202725821205
2021-02-05,-0.3098006342,1.72842474980114,-5.66585043091987,-7.90019106573125,-3.38043321847793,-5.17195377806923,1.19756096075748
2021-02-08,0.10968119331,1.59846094936041,-5.23095877616063,-7.15224818179565,-3.11787580839871,-4.71142502742118,0.970468421253728
2021-02-09,-0.65736615297,1.30408680614511,-4.24638507203428,-6.15613528141316,-2.52244568198791,-3.94169633618429,0.945734127522048
2021-02-10,-0.45584883464,1.17077495295825,-3.80083326517239,-5.61616654206078,-2.25307043756243,-3.57669217962404,1.78469805135323
2021-02-11,-0.19203781676,1.15376260677671,-3.74356043567474,-5.54647387396415,-2.2183061946851,-3.56231757830649,0.951209725093723
2021-02-12,0.17760674928,1.29086112458416,-4.20268969798014,-6.01472583811951,-2.49610166257423,-3.86392676275878,0.730174743850946
2021-02-16,-1.6104011229,1.13902745121182,-3.69464057156193,-5.51305893657963,-2.18868042508408,-3.51972495709424,1.32390854720792
2021-02-17,-1.7643967265,1.08308482897177,-3.50732221156236,-5.38050766023621,-2.07537675072759,-3.40568709786875,2.52014554124652
2021-02-18,-0.86365025991,1.19541696440676,-3.88281081528327,-5.7667187004766,-2.30242234864602,-3.65225049535376,1.65292906604567
2021-02-19,0.12335209321,1.4196509431678,-4.63287038017582,-6.75256441070357,-2.75598078849819,-4.30187213436545,1.35603279574399
2021-02-22,-2.97990298,1.29211290043147,-4.20619996535132,-6.01472583811951,-2.49809344812794,-3.88265617864315,3.82476771449975
2021-02-23,-0.11111111116,1.26040859323068,-4.09883462084152,-5.9214368261907,-2.43425856017713,-3.77461127924904,10.4831881036455
2021-02-24,-0.4052121405,1.67086971109531,-5.46586536362461,-7.53147815623158,-3.26034365077852,-5.04740834335072,3.54192781672745
2021-02-25,-3.4782608695,2.46713901718538,-8.13014255427585,-11.263960719,-4.87202118872396,-6.989717234804,6.5699707728407
2021-02-26,0.22315893875,1.87030300341685,-6.13268739609351,-8.17677279901429,-3.66274899223986,-5.53285247520189,8.43102165752201
2021-03-01,5.3851228766,2.24643680908152,-7.38587348097578,-9.85198265868571,-4.42287699773771,-6.36508443704412,2.02029158127625
2021-03-02,-2.0893653651,2.51383408913391,-8.28410370318948,-11.263960719,-4.96089637851554,-6.989717234804,2.69595287965677
2021-03-03,-2.4456521738,1.92400208551393,-6.31156997767504,-8.32438714538462,-3.7687568377032,-5.60280303269608,3.92567045320828
2021-03-04,-1.581189579,1.82954321657022,-5.99544919403867,-8.03940723854667,-3.57755348834749,-5.46317249016545,8.71717521767189
2021-03-05,1.0738366769,1.95987174836821,-6.42879974866021,-8.48903958343333,-3.84139537283098,-5.71502849981667,7.46692866637689
2021-03-08,-4.1673529896,2.42190822496958,-7.96893802622843,-10.1757775057333,-4.77467847696917,-6.82673198407407,4.61023937040519
2021-03-09,4.060673771,2.30676939523942,-7.58455742980329,-9.85198265868571,-4.54151502628416,-6.48466634290625,2.74780692096999
2021-03-10,-0.91258207049,2.10449835157523,-6.91075894971542,-9.85198265868571,-4.13416535782243,-5.88157128445,3.52153792913052
2021-03-11,1.6502750459,1.92821462346873,-6.32282814090013,-8.32438714538462,-3.77849307982609,-5.575198224175,1.97173283068961
2021-03-12,-0.76254509677,1.99659813398159,-6.55138651394095,-8.88970993615,-3.91740038776299,-5.80107757774783,1.54637258690753
2021-03-15,2.4456746261,1.69247613748126,-5.53582501841562,-7.64437976216667,-3.30450062539512,-5.06364333927536,1.71626050793876
2021-03-16,1.2742963141,1.49693993772905,-4.88305690831659,-6.989717234804,-2.90986893204745,-4.47095358066869,2.37990650625476
2021-03-17,-0.64505853306,1.44276181318161,-4.70179134948208,-6.75256441070357,-2.80014480822553,-4.32143706882385,2.80788716659957
2021-03-18,-3.3905097787,1.5207575243377,-4.96190352992155,-6.989717234804,-2.95702934400057,-4.53568329189895,1.79335134892327
2021-03-19,-0.44802123948,1.55756977294056,-5.0854789391153,-7.07106321119583,-3.03497390321937,-4.60845845372967,2.47618042315116
2021-03-22,2.8335694642,1.42215284737203,-4.63270513522267,-6.75256441070357,-2.76050061771855,-4.28570245979732,1.61286147518769
2021-03-23,-0.68887268008,1.53534926308533,-5.0112336436141,-6.989717234804,-2.98739473776787,-4.5910409452087,2.02839987959371
2021-03-24,-1.9993471521,1.41986059914802,-4.62584280850553,-6.61118767738333,-2.75411554283702,-4.27219433635752,1.36411317560188
2021-03-25,0.41635440102,1.46620104990701,-4.78050927387861,-6.90553745521923,-2.84778403455289,-4.39890761190673,3.12636074779416
2021-03-26,0.51413881756,1.33321143519265,-4.33557807581926,-6.25418780049167,-2.57848009820423,-4.05175623868626,1.64240077940609
2021-03-29,0.14850259886,1.59491499012724,-5.20973207784953,-7.15224818179565,-3.10741933900824,-4.67865804113793,1.75755817170816
2021-03-30,-1.227448719,1.37921605826386,-4.48988537615134,-6.48466634290625,-2.67180314539304,-4.16904337237934,1.18453562923337
2021-03-31,1.8765638031,1.39529989838131,-4.54379458099722,-6.48466634290625,-2.70446339794107,-4.20661774333729,1.32517326969125
2021-04-01,0.69586573882,1.2822602822571,-4.16652184763179,-5.96432682926667,-2.47620910635184,-3.81518981244387,0.875680506169007
2021-04-05,2.3577235772,1.30135301112123,-4.23037614090044,-6.20186862984054,-2.51484689963044,-3.92580078527273,1.10145333492406
2021-04-06,0.24622716446,1.15798468888519,-3.75150810785331,-5.54087673434151,-2.22501522310826,-3.55705830384574,1.04828902529559
2021-04-07,1.3390381111,1.17453673382852,-3.80681926110428,-5.61034990676667,-2.2584464836036,-3.57826797705027,1.1638514734136
2021-04-08,1.9233776389,1.13436756813362,-3.67301030164198,-5.50756544769074,-2.1774223032459,-3.50844431823128,0.899004000385437
2021-04-09,2.0213255601,1.14715230128059,-3.7155794041017,-5.50756544769074,-2.20309235288431,-3.52211961465285,0.934145166699945
2021-04-12,-1.3195984813,1.08285842117281,-3.50063791789174,-5.34362918904407,-2.07293236156482,-3.3908206387446,1.15827634047704
2021-04-13,2.4306613839,1.08917376222152,-3.52229961255376,-5.37539303265,-2.08608997284316,-3.40957674764667,1.21749806858665
2021-04-14,-1.7853157777,1.12786876489419,-3.6512848166918,-5.50756544769074,-2.1640638483782,-3.50844431823128,1.49127435339051
2021-04-15,1.8707869423,1.14300344126164,-3.70200883499953,-5.50756544769074,-2.19483159194114,-3.51528698938814,1.00140366426037
2021-04-16,-0.25278810426,1.19890210175215,-3.88879218445343,-5.76040703239149,-2.30784936165659,-3.63749724914237,0.679852150676297
2021-04-19,0.50685748374,1.12016537173348,-3.62581377399152,-5.47341626503636,-2.1486590083418,-3.48799966381818,1.42834876891132
2021-04-20,-1.2830020765,1.05235870049682,-3.39896325581729,-5.19671398963906,-2.01127556049877,-3.32510077527991,1.72162119034428
2021-04-21,0.29299075941,1.1894220888342,-3.85658306177242,-5.68344328532245,-2.28838136375631,-3.63749724914237,1.26244312016379
2021-04-22,-1.1685393259,1.25173294826787,-4.06485140172557,-5.84191908306889,-2.41440501117766,-3.74808680038528,1.76024064009798
2021-04-23,1.803850235,1.17012917701675,-3.79215950704191,-5.61034990676667,-2.2492701261125,-3.5640767351139,0.831274994269794
2021-04-26,0.29779630731,1.27275867137529,-4.13599049077539,-5.88157128445,-2.45733810941902,-3.78956925108165,0.635766131831369
2021-04-27,-0.24495249427,1.12704743188654,-3.64966086364989,-5.50756544769074,-2.16282552744953,-3.50158446395561,0.760938449037578
2021-04-28,-0.60272341661,1.06372378857506,-3.43778727909305,-5.25361216885806,-2.03462038618647,-3.34232882329955,1.15827727843343
2021-04-29,-0.074861506346,1.04877656650568,-3.38759702374912,-5.16892623254769,-2.00418657148901,-3.31876071786933,3.28992403444964
2021-04-30,-1.5133353311,1.11559344356225,-3.61035933516863,-5.47341626503636,-2.1391586006214,-3.4812293655005,1.36651248875112
2021-05-03,0.82154267457,1.47946967078925,-4.82711398387493,-6.989717234804,-2.8757825498309,-4.44467783724851,1.1222315973023
2021-05-04,-3.5385543986,1.22054122645383,-3.96138665512492,-5.80107757774783,-2.35160773358046,-3.69159640053412,2.54387707183874
2021-05-05,0.19554165046,1.19749732996866,-3.88389536437176,-5.76040703239149,-2.31033473408072,-3.63694139043146,1.52560249232304
2021-05-06,1.2802498048,1.45745851944431,-4.75286727779054,-6.82673198407407,-2.83721017453874,-4.37607333845094,1.92567600060126
2021-05-07,0.5327362569,1.32733175528184,-4.31772141524673,-6.20186862984054,-2.57339758163509,-4.03678523236241,1.37020652159386
2021-05-10,-2.5804469702,1.34585346545769,-4.3796094665706,-6.30890701258,-2.61074962428346,-4.08164256993333,1.15759138054934
2021-05-11,-0.74103271581,1.26405958737373,-4.10661534284867,-5.88157128445,-2.45280245859099,-3.78044339399812,3.34150285775447
2021-05-12,-2.4938448098,1.23295458499819,-4.00205221808487,-5.84191908306889,-2.38873652191926,-3.71571925973036,2.16617613403407
2021-05-13,1.791968722,1.55846655934174,-5.08896391789514,-7.07106321119583,-3.04957722360086,-4.59682906182609,2.22614725406206
2021-05-14,1.9844762743,1.42422524121473,-4.64067638028906,-6.75256441070357,-2.7772810858034,-4.27909053005221,0.973768719701474
2021-05-17,-0.92585327575,1.44100370609015,-4.69753899389546,-6.75256441070357,-2.81225538472414,-4.31960119380091,1.25834942884071
2021-05-18,-1.1245743249,1.24970062539778,-4.05876441051757,-5.84191908306889,-2.42367125984705,-3.74822312702622,0.74554827341292
2021-05-19,-0.1281537845,1.29599940945379,-4.21319139658959,-6.0534939493325,-2.51794495740795,-3.91385181836414,2.20055526836428
2021-05-20,2.1012110034,1.13143543803367,-3.6629881732457,-5.50756544769074,-2.18286686706767,-3.5054747315731,0.732717855362531
2021-05-21,-1.4767103919,1.35819371995684,-4.42097349499678,-6.36508443704412,-2.64396032988281,-4.10471119362756,0.976692456981265
2021-05-24,1.3314199154,1.077332629251,-3.48253875803169,-5.28379013612131,-2.07302455690939,-3.38950281295907,0.540801775919099
2021-05-25,-0.15735641227,1.11977411666729,-3.62450137344446,-5.47341626503636,-2.15955770498516,-3.49207739253216,0.740033341493626
2021-05-26,-0.039401103277,1.01320977253725,-3.26889225392701,-5.0185979519338,-1.94321682410167,-3.25135269281213,0.494293672177891
2021-05-27,-1.237682302,1.05009323490741,-3.39186576303771,-5.17120384208462,-2.0182272985248,-3.32442868316947,0.94532359988738
2021-05-28,-0.53480204351,0.935354083040926,-3.00851399422715,-4.59682906182609,-1.78480579706493,-3.13507370623027,0.687976320250567
2021-06-01,-0.26482625781,1.03224204863917,-3.33240434504493,-5.04301983458286,-1.98187199386077,-3.29020010761121,0.5899808495503
2021-06-02,0.62761506288,0.970967326255016,-3.12801426157714,-4.70157736318488,-1.8574670605245,-3.17692848353597,0.669246276979206
2021-06-03,-1.2154166,0.949984211503823,-3.05804787417865,-4.61375427530769,-1.80899076219666,-3.15069105100155,0.689889441639195
2021-06-04,1.9022179051,0.962203505258244,-3.09936606538907,-4.64818006131348,-1.83420264816199,-3.17692848353597,0.524159363559863
2021-06-07,0.007943442688,0.973416424420324,-3.137232478095,-4.70157736318488,-1.85688290171179,-3.17692848353597,0.621407386391231
2021-06-08,0.66719618735,0.919897551307471,-2.95848880773658,-4.51359770007938,-1.74833522527647,-3.07486393805788,1.13164117409847
2021-06-09,0.30771658512,0.936297410830056,-3.01319109162071,-4.59682906182609,-1.7815204577445,-3.12479250847414,0.555100843035878
2021-06-10,-0.80232832543,1.05483715605574,-3.41053948003867,-5.17120384208462,-2.02175540011848,-3.32442868316947,0.839009400626362
2021-06-11,0.98326857515,0.937743351923967,-3.02015623247223,-4.59682906182609,-1.78185566792284,-3.12479250847414,0.452853961896212
2021-06-14,2.4577934824,0.997585712684627,-3.22574830835036,-4.90214715731842,-1.90238168415517,-3.21360035319594,1.14208979198987
2021-06-15,-0.64377682411,0.914335154375401,-2.95101449075489,-4.49765648718878,-1.73319033713049,-3.06034387172935,0.846076608486423
2021-06-16,0.39339709965,1.06488553585921,-3.45912098985656,-5.22638902964762,-2.03653756737686,-3.33601569699911,2.01650017421082
2021-06-17,1.2600845179,0.998794436053091,-3.23604825150691,-4.92446890478533,-1.90335953053049,-3.21360035319594,1.0783569969231
2021-06-18,-1.0091812732,1.24731481700171,-4.07249649093588,-5.84191908306889,-2.40741077062703,-3.73223490747831,1.20914677788442
2021-06-21,1.4103939906,1.10652443463483,-3.60388763053594,-5.44003285622679,-2.12601666463044,-3.45261529354537,1.11356647911287
2021-06-22,1.2698412698,1.1561065388377,-3.77223045400161,-5.575198224175,-2.2264892458316,-3.54628171362094,0.848685146366946
2021-06-23,-0.20898641587,1.13881763880681,-3.71455308805041,-5.50756544769074,-2.19089728558565,-3.5054747315731,0.460034376675602
2021-06-24,-0.21690351541,1.09509921363157,-3.56774928060102,-5.44003285622679,-2.10229324871434,-3.43339422158317,0.609941296390309
2021-06-25,-0.22487069928,0.962463211602243,-3.12266043825548,-4.68347859035517,-1.83262505221489,-3.17692848353597,0.53789320079849
2021-06-28,1.2546014575,0.97110187129275,-3.1527203712572,-4.71981126028118,-1.85082627874259,-3.17692848353597,0.569214271222072
2021-06-29,1.1500222587,0.927683741979885,-3.00683040750365,-4.59682906182609,-1.76315827361191,-3.09948042143358,0.664355932249838
2021-06-30,0.46211398785,0.909565935321299,-2.94624564928442,-4.49765648718878,-1.72684791699825,-3.0555313405213,0.520425615332139
2021-07-01,0.22634345805,0.920116362263453,-2.98176868732481,-4.57972388556774,-1.74813478198638,-3.07486393805788,0.620823834394066
2021-07-02,1.9596415823,0.893128380514638,-2.89177246634811,-4.43579427412451,-1.69460484451163,-3.04115496427536,0.537466898187629
2021-07-06,1.4718490998,0.914144523687331,-2.96150964568954,-4.51359770007938,-1.73645085108223,-3.06656580616825,2.05778326055858
2021-07-07,1.7955217574,0.897533507334668,-2.90427493811166,-4.45102444221287,-1.70132715021805,-3.04244177489677,1.72638715115751
2021-07-08,-0.91996956508,1.2216343566173,-3.99421166875583,-5.84191908306889,-2.35674733397799,-3.68315174109593,2.36310079035602
2021-07-09,1.3055012569,1.20841228896364,-3.94927516986121,-5.80107757774783,-2.32950898021305,-3.66773074051379,1.10184975379261
2021-07-12,-0.42037075327,1.36014463815675,-4.4596219630245,-6.4236058505697,-2.63614158325155,-4.11600148245873,1.227822941554
2021-07-13,0.78892733545,1.19317430512167,-3.8976601828249,-5.80107757774783,-2.29758519732377,-3.62998728757486,1.73407702441752
2021-07-14,2.4100521836,1.23629989661718,-4.04320082413594,-5.84191908306889,-2.38616890960382,-3.71365643540359,1.71098770955837
2021-07-15,-0.44921220242,1.30023346116732,-4.257158165599,-6.20186862984054,-2.51427554620967,-3.92275844706783,2.01565892627426
2021-07-16,-1.407596983,1.29751120545784,-4.24776923598752,-6.22239915680556,-2.5089331972277,-3.91191329768732,1.63567297730063
2021-07-19,-2.6914406721,1.33006353400819,-4.35803716893305,-6.33379340532941,-2.57532581145327,-4.03755571727308,2.50052505236805
2021-07-20,2.5974025973,1.29395007192552,-4.23666793160164,-6.22239915680556,-2.50519635615185,-3.87295694237603,1.64624850037138
2021-07-21,-0.51317139933,1.44894527285799,-4.75789263436278,-6.87919207349615,-2.81876957644309,-4.34139464696226,1.21776853687945
2021-07-22,0.96286107309,1.33332565361259,-4.36875961611361,-6.33379340532941,-2.5839504267978,-4.0483252126845,0.947739659876756
2021-07-23,1.1989100816,1.25655365599043,-4.11043107539331,-5.89131085713256,-2.42797511115286,-3.74300573665901,0.638987210928456
2021-07-26,0.28944534188,1.17943808453578,-3.85083365767807,-5.72668149767021,-2.27118637058447,-3.59551340951111,0.901821443299823
2021-07-27,-1.490032888,1.09271715060657,-3.55953755534145,-5.40068045184643,-2.09624776138454,-3.41824578541068,1.70527585825448
2021-07-28,-1.2195952852,1.07729485733858,-3.50795392158893,-5.39632495160714,-2.06536570360811,-3.35421903256558,3.32319591284041
2021-07-29,0.45523520494,1.21027420507083,-3.95523704550742,-5.80859553149556,-2.3351182246732,-3.66036953554353,0.795343234411968
2021-07-30,0.15105740185,1.49552830559677,-4.92055593359379,-7.05334005045833,-2.91540898910375,-4.45343179246122,0.970905570149869
2021-08-02,-0.23310023316,1.13732544887487,-3.71258530626087,-5.57434080731373,-2.18907291794684,-3.49986489329167,0.903193031545585
2021-08-03,1.2644310062,1.1766838950923,-3.84602014134614,-5.72668149767021,-2.26839354068011,-3.59928438390056,1.06421739359801
2021-08-04,-0.27823018463,1.16651020247732,-3.81091916203086,-5.64883989091429,-2.24841008174543,-3.54859855695676,0.969724282223276
2021-08-05,0.074855392995,1.16990534474062,-3.82265531234044,-5.68708097586458,-2.25588400759633,-3.56277573401639,0.578238947085677
2021-08-06,-0.47670934364,1.0679941496332,-3.47983925926394,-5.33093181553621,-2.04905104531135,-3.34506091609074,0.573423545366168
2021-08-09,-0.034213767412,0.987315705042567,-3.20843414806948,-4.92391823224521,-1.88560367709133,-3.18141992149551,0.581868798414615
2021-08-10,-0.33540967897,0.96804090611263,-3.14430727867904,-4.71347590640482,-1.84622490756427,-3.17077889990364,0.979496313965815
2021-08-11,0.17857142848,0.95319350016521,-3.10055953198043,-4.65780084249535,-1.81711226210198,-3.14934748820159,0.679835553600831
2021-08-12,2.0773344302,1.02326792873894,-3.33548441306357,-5.07304828982836,-1.95969957073836,-3.26363596404174,0.807760432245887
2021-08-13,0.14104372367,0.954996465147175,-3.1050886067028,-4.65780084249535,-1.82104888445043,-3.1599862889249,0.713856893211302
2021-08-16,1.3547954393,0.987670021848209,-3.21579466391973,-4.92391823224521,-1.88771607493821,-3.18141992149551,2.3515535791336
2021-08-17,-0.61540497627,0.975312456608513,-3.17505236614794,-4.79222283344304,-1.86212809117865,-3.17611749357805,2.14569763204468
2021-08-18,-2.5501032025,1.30236654769059,-4.28039567697872,-6.22239915680556,-2.5258993876285,-3.93079559582158,1.52830549781894
2021-08-19,0.23230390816,1.31146051605002,-4.31122419662564,-6.22239915680556,-2.5461453873475,-3.96161982639632,2.31667238450751
2021-08-20,1.015678255,1.25117531677669,-4.10690180000975,-5.89131085713256,-2.42211293642833,-3.74158895891813,0.695860467384657
2021-08-23,1.0257102369,1.4068206679734,-4.63247224457779,-6.72291581513214,-2.73557007991963,-4.26280844972252,0.649471245151484
2021-08-24,-0.06011622454,1.1778152602488,-3.86027598226566,-5.72668149767021,-2.27393378401367,-3.60083790292809,0.628432663546935
2021-08-25,-0.8421334046,1.10757565728684,-3.623099146427,-5.536937337975,-2.13080151644685,-3.44145162075323,0.643903521887141
2021-08-26,-0.55270962539,1.04471773703107,-3.32601822173668,-5.07304828982836,-2.00352754852511,-3.30035557274018,0.823587779241838
2021-08-27,0.71844923423,1.01104440505336,-3.21545899768379,-4.92391823224521,-1.93562736654624,-3.23823865630085,0.701856245136976
2021-08-30,3.0417227457,0.980208336690897,-3.1133667230487,-4.67605471735647,-1.87214815530863,-3.17358302276397,1.06202706109064
2021-08-31,-0.84247648911,0.955076623952437,-3.02961073186435,-4.60439461444607,-1.82024283754308,-3.16017142831606,1.31387680604841
2021-09-01,0.44786932758,1.03841277483085,-3.30431751336848,-5.04710737625,-1.98935343150065,-3.2809165729793,1.35778733383174
2021-09-02,0.74749196774,1.10817508630957,-3.53397709936411,-5.39632495160714,-2.13073933963286,-3.4461388613865,0.874923157070093
2021-09-03,0.42303937535,1.14223047121295,-3.64590568502014,-5.57434080731373,-2.19942386437163,-3.50692968014188,0.758109064436516
2021-09-07,1.5489306545,1.06446526031542,-3.38944561755276,-5.18097788114127,-2.04132771995278,-3.33334634136009,0.846222274984056
2021-09-08,-1.0083604569,1.04633126176399,-3.32927060258145,-5.07304828982836,-2.00449309424195,-3.30392665829462,1.18198144094907
2021-09-09,-0.67049190893,1.05318739252993,-3.35178071370796,-5.07304828982836,-2.01865315055949,-3.31997357288864,0.788676244225768
2021-09-10,-3.3101836829,1.10520417230986,-3.52290027626236,-5.39632495160714,-2.12394315872534,-3.444919249567,3.71197530693893
2021-09-13,0.38934013573,1.01616577376151,-3.29511457679936,-5.0219345691,-1.94306240259229,-3.24540141435128,1.72851942868611
2021-09-14,-0.95620193915,1.52904190289146,-5.01825427667074,-7.05334005045833,-2.98354379524987,-4.57260826415824,1.77998660486171
2021-09-15,0.6143667295,1.30406381505263,-4.26235684853191,-6.22239915680556,-2.52685921076741,-3.91660194825957,1.32134638261806
2021-09-16,-0.16104140104,1.34137785117575,-4.38776996424975,-6.33379340532941,-2.60315931491409,-4.0899009007712,0.844539121336586
2021-09-17,-1.8348007257,1.28264976133044,-4.19071813350969,-6.0217901045125,-2.48229510084472,-3.80550899240784,1.08001695476883
2021-09-20,-2.1361084487,1.21348678146591,-3.95974854538902,-5.80859553149556,-2.34289525585871,-3.67404386952071,2.16214044381827
2021-09-21,0.34280117525,1.15577284792482,-3.76641080080497,-5.64883989091429,-2.22590518255703,-3.54689943346075,1.65585108973615
2021-09-22,1.687234191,1.32912605863506,-4.34834228580736,-6.33379340532941,-2.57675720561474,-4.04344798226124,1.37698815302747
2021-09-23,0.67192320876,1.25343603483929,-4.09407055190722,-5.85053611543182,-2.42309804422364,-3.74662758509813,0.716307365443741
2021-09-24,0.061295375599,1.21472631160297,-3.96440107665092,-5.85053611543182,-2.34523435484005,-3.67404386952071,0.601980133485862
2021-09-27,-1.0549959161,1.10649454104652,-3.60152828881603,-5.50046579144151,-2.12666068548032,-3.44430711914229,1.05217045905976
2021-09-28,-2.3801334526,1.06903880801086,-3.47524138655424,-5.29445398586207,-2.05059252181573,-3.33362611696157,2.33193408627951
2021-09-29,0.64829821731,1.10212408614819,-3.58613809733283,-5.49866753761154,-2.11747922516845,-3.41544795104384,1.5557627384282
2021-09-30,-0.93117692377,1.31883847820093,-4.31387160628909,-6.24035413298286,-2.55648834832398,-3.96561350229104,1.77186153127598
2021-10-01,0.81272084808,1.21406633364609,-3.96216546036181,-5.81347327106136,-2.34409605035126,-3.65502705568639,2.15587156929971
2021-10-04,-2.4605678234,1.28175449564179,-4.18857081071368,-6.03275972281795,-2.48065256155715,-3.79374276873553,1.78291476164939
2021-10-05,1.4158401611,1.38359039435848,-4.53029422059264,-6.54841927744333,-2.68641946113764,-4.16328673966581,1.12355142019637
2021-10-06,0.63071362765,1.35650378495752,-4.44016810697823,-6.48136285222903,-2.63237462179612,-4.10172186618934,2.10166047017728
2021-10-07,0.90845070426,1.2249353832514,-3.99766354275447,-5.8565026532186,-2.36550601075795,-3.67125315321497,0.835800133123859
2021-10-08,-0.27217530878,1.37989156342372,-4.5182015673641,-6.54841927744333,-2.67941668851119,-4.16328673966581,1.10661812574823
2021-10-11,-0.062981105657,1.16864122253359,-3.80886972524511,-5.64998290967083,-2.25173710089509,-3.5377077718573,1.01318873165564
2021-10-12,-0.91030039912,1.17311434438718,-3.82390829694444,-5.68906195427447,-2.26078645165436,-3.55170550301366,1.54714740299736
2021-10-13,-0.423998304,1.13070311247388,-3.6814532359485,-5.573948123648,-2.17471662125796,-3.47623557650103,1.32870801930521
2021-10-14,2.0225675962,1.22620576389547,-4.00205875232523,-5.8565026532186,-2.36804421529141,-3.67911582839337,0.563004842177307
2021-10-15,0.75125208696,1.16544713663351,-3.79851884204463,-5.64998290967083,-2.24551946143253,-3.53078177017419,0.537397358307054
2021-10-18,1.1806130902,1.02702425429404,-3.3336606368347,-5.06515546102879,-1.96518272908632,-3.26764287891798,0.937381553126566
2021-10-19,1.5080177413,0.998174648417511,-3.23634768973664,-4.91575310484583,-1.90656310789748,-3.20848656294412,1.1669219305928
2021-10-20,0.33611185809,1.06561241233286,-3.46254807802824,-5.26358272669322,-2.04320173865612,-3.32585508549263,0.892113622591082
2021-10-21,0.14739380949,1.08944255567932,-3.54303281085262,-5.42706792408889,-2.09152840303959,-3.4057307568299,1.28022768723791
2021-10-22,-0.52849879585,1.0238660050205,-3.32212306394954,-5.06515546102879,-1.95821294214874,-3.26760296701542,0.943529315807658
2021-10-25,-0.033627009179,1.11746649800341,-3.63674589931651,-5.573948123648,-2.14800004799916,-3.46475099761231,0.71127503055154
2021-10-26,0.45748116263,1.07671754464582,-3.49991977554004,-5.35895622427321,-2.06546254979955,-3.34369157482383,1.04980726299325
2021-10-27,-0.31476024642,1.02773748891728,-3.33490697773872,-5.06515546102879,-1.96585677117681,-3.27337180400708,0.728031731636153
2021-10-28,2.4991602282,1.08172837929452,-3.51655095124911,-5.39273131453455,-2.07552671342597,-3.37413671272823,1.03513571891385
2021-10-29,-1.8155600707,1.01939684144024,-3.30632552060814,-5.01352220996029,-1.94863427574796,-3.25613588377991,2.68723668474155
2021-11-01,-0.56074766371,1.06239314081885,-3.45019589368221,-5.26358272669322,-2.03533164160262,-3.31995506588853,0.900157340067953
2021-11-02,0.71160042971,1.36993747129795,-4.48398759167261,-6.54841927744333,-2.659218041488,-4.13790985800756,1.17026539398699
2021-11-03,0.9798693507,1.11425605073965,-3.62463882237057,-5.53581895262941,-2.14054337463944,-3.46276240786667,0.874418814252612
2021-11-04,-0.34985807642,1.16090858704836,-3.78161998083024,-5.64998290967083,-2.23523457297494,-3.5391357984913,0.89941545622883
2021-11-05,0.35823271865,1.11834985777009,-3.63846145527576,-5.573948123648,-2.14882772883572,-3.46957710946082,0.86969158915002
2021-11-08,-0.55526176629,1.11708535242595,-3.63441893724804,-5.573948123648,-2.14634907231957,-3.46957710946082,0.511852309733313
2021-11-09,0.24594522729,1.04036982731395,-3.37705233945234,-5.11838350356875,-1.99103045352217,-3.28247606734464,1.12489442905455
2021-11-10,-1.9163185465,0.958874075400769,-3.10314421986833,-4.63124512961512,-1.82574315993027,-3.17014969415861,1.31233640830769
2021-11-11,-0.033802055077,1.06712431732203,-3.46665399851297,-5.26358272669322,-2.04484332151027,-3.32954661228194,0.504868950283996
2021-11-12,1.4336917562,1.11515660584598,-3.62842788749582,-5.53581895262941,-2.14262399620397,-3.46957710946082,0.651823747633676
2021-11-15,0.0066671111199,0.956611622683129,-3.09571729225727,-4.63124512961512,-1.82127909791114,-3.15957719779024,0.903874847285252
2021-11-16,0.66666666662,0.974159811809243,-3.15464184622071,-4.7238121476321,-1.85683159933124,-3.17599585294074,0.836945369969107
2021-11-17,1.6490066226,1.03637096164928,-3.36358409389594,-5.09142614590308,-1.98289602652683,-3.28247606734464,1.9030725293324
2021-11-18,2.8536060983,1.01339424632884,-3.28560907847905,-5.01352220996029,-1.93579588048816,-3.24790042396565,3.15699039598413
2021-11-19,1.6975992905,1.21114573764765,-3.94837860147183,-5.81347327106136,-2.3353746261147,-3.65909799566131,1.9839325441249
2021-11-22,0.29274369354,1.4657555838663,-4.80357481722073,-7.11679070523478,-2.85215527985809,-4.38392120670099,2.68454815622023
2021-11-23,0.24220593714,1.35504815746002,-4.43098739336913,-6.41737894405625,-2.62674923365173,-4.11334339138347,3.01733048279479
2021-11-24,0.32835635957,1.49768515776245,-4.90948107363848,-7.11679070523478,-2.91491799001184,-4.43012779952551,2.14476697775362
2021-11-26,-3.1678399407,1.59693794360834,-5.24313794724786,-7.41050913139,-3.11643021938208,-4.64918658432471,1.56358480271683
2021-11-29,2.1873604999,1.50187999597919,-4.92379372274147,-7.11679070523478,-2.92394948462271,-4.44822434069588,1.4573762034489
2021-11-30,3.1577633548,1.38253852803854,-4.52413589095657,-6.54841927744333,-2.68182561091584,-4.16732368516154,3.38643107330253
2021-12-01,-0.32062915916,1.35332026837467,-4.42473507189128,-6.41737894405625,-2.62314397789131,-4.10559336309918,4.30403960569236
2021-12-02,-0.61297566308,1.61165740776948,-5.29055367566501,-7.52360387134211,-3.14630541495251,-4.66788748648333,5.76067433080919
2021-12-03,-1.172447484,1.74481471634725,-5.7347802856312,-7.90019106573125,-3.41506168916654,-5.20355937282951,5.11966563252199
2021-12-06,2.1502718733,1.97194705884151,-6.49511777033563,-8.67581073518182,-3.87466097022251,-5.72956642173696,4.02347214513682
2021-12-07,3.5446406968,1.9899444919304,-6.55536379855832,-8.88970993615,-3.91121996757172,-5.81347327106136,1.67194335122863
2021-12-08,2.2783035402,1.94375805383831,-6.40165064348413,-8.48903958343333,-3.81952794235719,-5.68906195427447,2.57877477241552
2021-12-09,-0.29700708237,1.66697580775463,-5.47264696241746,-7.63911722098889,-3.25840753718857,-4.96349870596571,2.23598034161358
2021-12-10,2.8013290559,1.72297901211418,-5.66049753975374,-7.90019106573125,-3.37188136847563,-5.11838350356875,1.63459716989729
2021-12-13,-2.0674282531,1.59778815282369,-5.24081416177057,-7.41050913139,-3.11865467607676,-4.63196162335233,3.26482421705798
2021-12-14,-0.80232161135,1.43003110568628,-4.67706962601761,-6.84673303269231,-2.77750019956899,-4.24598311285225,3.38291935658864
2021-12-15,2.8509149315,1.60642533323516,-5.26922569354986,-7.52360387134211,-3.13508317587702,-4.66788748648333,4.75515840314977
2021-12-16,-3.9263803682,1.66516687986561,-5.46552877820568,-7.63911722098889,-3.25353876215974,-4.96349870596571,4.91924795788581
2021-12-17,-0.65017996058,1.86137362992856,-6.12147102004008,-8.17677279901429,-3.6503811958072,-5.54164287354118,5.78557291113414
2021-12-20,-0.81220053753,1.9384996988849,-6.37782040032024,-8.48903958343333,-3.80579428511467,-5.6148073476,3.62406310728724
2021-12-21,1.9086892489,2.1041604671974,-6.93820612777767,-9.85198265868571,-4.1373098818542,-5.89839028252619,1.70858598526772
2021-12-22,1.5318804553,1.91511510723617,-6.3038449069804,-8.32438714538462,-3.7566718102039,-5.6148073476,1.78537490098462
2021-12-23,0.36438168991,1.68006504009793,-5.51478990997647,-7.76499180755294,-3.28275212072915,-4.9977665310942,0.826810663019565
2021-12-27,2.2974812797,1.61348863920705,-5.29182784510558,-7.52360387134211,-3.14974872878379,-4.65916387332706,0.873615946971827
2021-12-28,-0.57672045696,1.38142875326748,-4.51359586655006,-6.54841927744333,-2.68086024381976,-4.16528179264492,1.39468177352005
2021-12-29,0.050198003191,1.23080788725648,-4.00830236171315,-5.8565026532186,-2.37558473089281,-3.69732372021515,0.917866328446814
2021-12-30,-0.65782138472,1.23300194349222,-4.01513165402555,-5.8565026532186,-2.38036036228929,-3.70535536818841,0.664157498625945
2021-12-31,-0.35353535341,1.13036594690482,-3.67150711595188,-5.54164287354118,-2.1727316610753,-3.49738472393854,0.999371687670313
2022-01-03,2.5004223686,1.04408292460967,-3.38207321185646,-5.12689418227031,-1.99775815143108,-3.29564695060134,1.68778533272144
2022-01-04,-1.2691610352,1.10563171195877,-3.58900051695714,-5.46900174196226,-2.12282576970592,-3.43674146012637,1.83266413998041
2022-01-05,-2.6599888703,1.24026505213501,-4.03995147760551,-5.8565026532186,-2.39544966853806,-3.72158099945,2.14899514201913
2022-01-06,-1.6693345529,1.27305148053343,-4.1491169875197,-5.9861245544875,-2.4626762896022,-3.78094374741355,2.74581302554425
2022-01-07,0.098837209225,1.35372729481242,-4.41999760891609,-6.41737894405625,-2.62490391075225,-4.0924899962629,2.05859262897833
2022-01-10,0.011616425763,1.49022670324201,-4.87872059564457,-7.11679070523478,-2.90176698368698,-4.412467446624,4.39544455785656
2022-01-11,1.6783785353,1.43431245513498,-4.69001615238066,-6.84673303269231,-2.78722141664254,-4.26962709707273,2.62199684288773
2022-01-12,0.25702535986,1.77338048420408,-5.8255553277432,-8.03940723854667,-3.47343153073068,-5.27126629742712,1.61660405304998
2022-01-13,-1.9028086366,1.59958362892489,-5.24327871012234,-7.41050913139,-3.12142361865144,-4.64134782976512,2.07999334977339
2022-01-14,0.51106336014,1.46483616952486,-4.79141359686665,-7.02030121608333,-2.84797853305915,-4.36767244840485,2.69914815094082
2022-01-18,-1.8894089097,1.50299298783912,-4.91858258388336,-7.11679070523478,-2.92428386215673,-4.44289940220102,2.44194186888808
2022-01-19,-2.1024734982,1.59256522043965,-5.22115999358976,-7.30690302531429,-3.10844782237896,-4.62385149398276,2.10126985317158
2022-01-20,-1.0347109426,1.50787258651324,-4.94102519022185,-7.11679070523478,-2.93811496521157,-4.44289940220102,2.01206158700894
2022-01-21,-1.2765181449,1.44936704874035,-4.74337958938515,-6.84673303269231,-2.81923137474585,-4.3104280296,5.75235506857622
2022-01-24,-0.48642324973,1.44742877476888,-4.73496550655122,-6.84673303269231,-2.81402508734965,-4.28302208547706,9.32712812683355
2022-01-25,-1.1384729613,1.94515265131495,-6.39388866069284,-8.48903958343333,-3.81776246619092,-5.65233942123125,5.94742856609914
2022-01-26,-0.056327450329,2.3802854906662,-7.84751784842847,-9.85198265868571,-4.69550294134008,-6.84673303269231,7.81621039310654
2022-01-27,-0.29432024548,2.17389494563163,-7.15415247105541,-9.85198265868571,-4.27737092390858,-6.24035413298286,4.84455662627803
2022-01-28,6.9777666124,2.42919829965601,-8.00737070325622,-11.263960719,-4.79161394328918,-7.02030121608333,6.22257566322681
2022-01-31,2.6125755885,2.24822054682138,-7.40398379003212,-9.85198265868571,-4.42830315522967,-6.41737894405625,2.94594021389088
2022-02-01,-0.097265133263,2.36701739414429,-7.80200863390251,-9.85198265868571,-4.66815644830921,-6.84673303269231,2.20909811221086
2022-02-02,0.7044270089,1.96654298282462,-6.46315666755637,-8.67581073518182,-3.86001995890857,-5.6912007610234,2.14476701785168
2022-02-03,-1.6719745224,1.81300288438223,-5.94965856385663,-8.03940723854667,-3.55016847142174,-5.3997826958,2.26295532396961
2022-02-04,-0.16794069961,1.67201904689458,-5.4782223014215,-7.63911722098889,-3.26531526408559,-4.9977665310942,2.55956302349829
2022-02-07,-0.42345843722,1.6207630119137,-5.30667104868658,-7.52360387134211,-3.16162145495032,-4.71424447096098,1.68721460007779
2022-02-08,1.8466736574,1.56009750166346,-5.10454302705955,-7.21130783722727,-3.03981737129138,-4.55606098557033,1.48053446369295
2022-02-09,0.82937710922,1.41663630853136,-4.62510455628132,-6.68853163113571,-2.75060929746679,-4.2299306807115,1.0089233464002
2022-02-10,-2.3598820059,1.3665104345589,-4.45764166655245,-6.48136285222903,-2.64975245541175,-4.0924899962629,2.07407761783906
2022-02-11,-2.0218452243,1.26403640045403,-4.1148652913303,-5.89839028252619,-2.44232632040651,-3.73945113525625,3.67177578031742
2022-02-14,0.14231499063,1.40410104798653,-4.58283794130757,-6.61727352326207,-2.72443451206112,-4.2299306807115,3.71054418870548
2022-02-15,2.3152534344,1.62993618407846,-5.33617989490181,-7.52360387134211,-3.17911746459542,-4.7728134393519,0.901097231182384
2022-02-16,-0.138896927,1.68528103744568,-5.52282590984463,-7.76499180755294,-3.29236847182464,-4.9977665310942,1.50646968107934
2022-02-17,-2.1269197334,1.32393347696486,-4.31585731635161,-6.24035413298286,-2.54124283254682,-3.93880577495435,1.10700491910048
2022-02-18,-0.93557555656,1.41848321048563,-4.63607180782368,-6.84673303269231,-2.72410572621484,-4.2299306807115,2.0584150589766
2022-02-22,-1.781231321,1.33491258972038,-4.3550943789288,-6.3562121451697,-2.55672967066074,-3.95919780270956,3.21124990250939
2022-02-23,-2.5864167476,1.4145226251774,-4.62083666757379,-6.61727352326207,-2.71545674097137,-4.2299306807115,2.03162268244589
2022-02-24,1.668020241,1.54512498785737,-5.05774280795475,-7.21130783722727,-2.97588481855819,-4.50600004405319,7.72830386682581
2022-02-25,1.2965466389,1.42902911201326,-4.6667235408251,-6.84673303269231,-2.7428847077868,-4.2299306807115,2.87355412140757
2022-02-28,0.16378525943,2.1564663787354,-7.09947342709194,-9.85198265868571,-4.19506896398657,-6.08113192956842,2.96081765816714
2022-03-01,-1.1627906979,1.73168697931383,-5.6797260454397,-7.90019106573125,-3.34792538669845,-5.04815881785224,2.79477768956898
2022-03-02,2.0588235295,1.75956389862719,-5.77247283793517,-7.90019106573125,-3.40293108588542,-5.18295971146452,2.39899908026473
2022-03-03,-0.19812680121,1.73135980268179,-5.67833431308818,-7.90019106573125,-3.34632961816408,-5.04815881785224,2.43880056374608
2022-03-04,-1.8408229562,1.69576336015041,-5.55926044001972,-7.76499180755294,-3.27470559403015,-4.9977665310942,2.70348790455917
2022-03-07,-2.3717595145,1.56610718839468,-5.12597143969216,-7.21130783722727,-2.99538678791541,-4.53921301474674,3.5424757335548
2022-03-08,-1.1676082862,1.59284524125518,-5.21505531814455,-7.30690302531429,-3.04803637185545,-4.55606098557033,8.90466493323364
2022-03-09,3.4997459348,1.70308880836429,-5.57825826484398,-7.76499180755294,-3.2624714675971,-4.97300665950571,3.09020365426298
2022-03-10,-2.7186253452,2.3212311676077,-7.64384023750301,-9.85198265868571,-4.48485830586144,-6.54841927744333,2.52851360998209
2022-03-11,-2.3908655059,1.81905272080813,-5.96740814498799,-8.03940723854667,-3.48432287181236,-5.30218018411552,2.88484514183372
2022-03-14,-2.6562399017,1.76376314503356,-5.7835286875549,-7.90019106573125,-3.37663715747633,-5.10004499379385,3.8763430928335
2022-03-15,2.9677333687,1.80564075216373,-5.92248777401207,-8.03940723854667,-3.45889863938201,-5.24129602071833,2.54837261946994
2022-03-16,2.9015410408,1.91241500197065,-6.27974013193066,-8.32438714538462,-3.67010775872648,-5.54164287354118,4.06695875351365
2022-03-17,0.64540384719,1.62670538730925,-5.3255952307383,-7.52360387134211,-3.10464227343569,-4.60660569836136,2.04269120559089
2022-03-18,2.0918939112,1.81252161925284,-5.94645385772688,-8.03940723854667,-3.47160550772338,-5.24129602071833,1.66115251304217
2022-03-21,0.85376265397,1.58036595796182,-5.17206833664498,-7.21130783722727,-3.01395816824897,-4.55606098557033,2.779111501134
2022-03-22,2.0800580482,1.50267321385987,-4.91289096681568,-7.11679070523478,-2.86060137288046,-4.38246318381569,1.27612526961781
2022-03-23,0.82336216074,1.60620237944618,-5.25997556395508,-7.41050913139,-3.06644713351423,-4.57750259928652,1.77006711369532
2022-03-24,2.2677868516,1.38634067838371,-4.52630136391936,-6.54841927744333,-2.62520123835497,-4.07967735466129,2.3631870154045
2022-03-25,0.37341299467,1.38274878502952,-4.51536783178072,-6.54841927744333,-2.61838473402996,-4.068007082372,1.76201029410523
2022-03-28,0.50366300384,1.46768794114381,-4.7997552393361,-7.02030121608333,-2.78587475169628,-4.27820894093704,1.54304019506941
2022-03-29,1.9134396354,1.39300868397624,-4.5510032823254,-6.54841927744333,-2.63907565871651,-4.08491392837317,1.41684927176372
2022-03-30,-0.6649530621,1.32083804037129,-4.31043350813221,-6.24035413298286,-2.49705522043378,-3.83497320421565,1.35979567260743
2022-03-31,-1.7775777689,1.30648426935425,-4.26243300873068,-6.24035413298286,-2.4687081436017,-3.77366419182857,1.7206729351319
2022-04-01,-0.1718114655,1.28424926433852,-4.18749212327536,-6.03275972281795,-2.42480791339211,-3.7321554972088,1.78245962327934
2022-04-04,2.3693419769,1.31390913590607,-4.28649792383247,-6.24035413298286,-2.48303480792022,-3.79942946175232,1.18216754493949
2022-04-05,-1.8941941268,1.32256582334066,-4.31569604554226,-6.24035413298286,-2.50005891392118,-3.85341708756828,1.39815248071152
2022-04-06,-1.8450816863,1.22347908346514,-3.984124511301,-5.89720072316667,-2.30453452578614,-3.5955673500642,3.18003024595586
2022-04-07,0.18041087114,1.25420972019628,-4.08593092227778,-5.89720072316667,-2.35092495294399,-3.64040260973647,2.14907842052439
2022-04-08,-1.190891135,1.54089896841108,-5.04685012240498,-7.21130783722727,-2.91532506193289,-4.43824487941443,1.58632581374469
2022-04-11,-2.5515903346,1.42099061693022,-4.64492385549757,-6.84673303269231,-2.6798352849648,-4.17972553415652,1.44484105965833
2022-04-12,1.1523378582,1.33938384488134,-4.37154857701885,-6.3562121451697,-2.53323657680114,-3.90462983407338,2.43131990222909
2022-04-13,1.6342598115,1.32754149228816,-4.33143927840177,-6.29688282847059,-2.50948084551899,-3.89476435837071,1.31915692834253
2022-04-14,-2.9988262911,1.48633377084055,-4.86241403384044,-7.11679070523478,-2.82220508361416,-4.34593056269806,1.53827260810843
2022-04-18,-0.13309940086,1.28120774125068,-4.17682253236558,-6.03275972281795,-2.42908689645215,-3.7293141633717,2.07175896721874
2022-04-19,1.4115223843,1.29192265506063,-4.21271355867449,-6.08113192956842,-2.45049680255141,-3.75395607046987,1.46481366774977
2022-04-20,-0.10155316604,1.37882475824883,-4.50297558292781,-6.54841927744333,-2.62186527427787,-4.09377910471475,1.75773316833582
2022-04-21,-0.4843628536,1.29586864825696,-4.22543936359121,-6.18449556003056,-2.45739123428137,-3.75395607046987,2.65366543590407
2022-04-22,-2.7821175338,1.31595108296878,-4.29155845162064,-6.24035413298286,-2.49613532603785,-3.82287504588784,3.56133972205901
2022-04-25,0.67371283749,1.47355881080594,-4.81745627102088,-7.11679070523478,-2.80780167084307,-4.30430572329906,6.51231094528582
2022-04-26,-3.7328094302,1.63682619346556,-5.36013936704827,-7.52360387134211,-3.13016587142952,-4.69868216919024,3.79117627765462
2022-04-27,-0.14668367339,2.03476910300905,-6.68934798926923,-9.46167199565,-3.91705573951025,-5.80845501317045,5.01675435215618
2022-04-28,4.515552149,1.82705607008668,-5.99332296215597,-8.03940723854667,-3.504706233771,-5.3591469354,4.69755532878597
2022-04-29,-3.6604742116,2.01641501213887,-6.62547417450079,-9.14738247732222,-3.87995766504684,-5.76581294501111,6.42658219492733
2022-05-02,0.19663812236,2.03159716306997,-6.67348536900058,-9.46167199565,-3.90756732979451,-5.80845501317045,7.29585467713328
2022-05-03,0.96226892892,2.2392417544123,-7.36476511829492,-9.85198265868571,-4.31817845261246,-6.24035413298286,4.25607769395483
2022-05-04,4.1008276899,2.32560517361349,-7.65371844595748,-9.85198265868571,-4.48884258748044,-6.54841927744333,6.78897684851709
2022-05-05,-5.5716178774,2.0831687812676,-6.84479961537657,-9.85198265868571,-4.01087815521844,-5.89720072316667,6.63311766476968
2022-05-06,0.47272262673,2.32996888686632,-7.66471415442088,-9.85198265868571,-4.50518872901136,-6.51690955486129,8.91838061049966
2022-05-09,-3.3189216684,2.35582858322025,-7.74939883533419,-9.85198265868571,-4.5557520920608,-6.58241833506667,5.9543305040848
2022-05-10,1.6112061028,2.57107363497233,-8.46629150906608,-11.263960719,-4.98095289425531,-7.052408504075,5.10128879045689
2022-05-11,-5.184130477,2.32692773836369,-7.65306122658476,-9.85198265868571,-4.49861846962487,-6.51690955486129,8.95032426139155
2022-05-12,-2.6894197952,2.27732581067351,-7.48599570745517,-9.85198265868571,-4.40498308593899,-6.35623160482941,18.4052129634215
2022-05-13,3.1916386084,2.61211946536152,-8.58844995607147,-11.263960719,-5.06478664515574,-7.05852169889167,4.24949697128745
2022-05-16,-1.0672286045,3.35239504252866,-11.0766891911274,-12.609817905,-6.52889028084859,-8.67581073518182,4.5010752382396
2022-05-17,2.5422564244,2.39200782051539,-7.87327519991232,-9.85198265868571,-4.62880720670714,-6.60115446754,3.05496743565367
2022-05-18,-5.6419190566,2.3839121110179,-7.8460453400361,-9.85198265868571,-4.61431447984831,-6.53731227512903,3.70074400615208
2022-05-19,-2.4641386165,2.23184263196019,-7.33562287752159,-9.85198265868571,-4.32412690187187,-6.22950496159459,7.39733209554264
2022-05-20,0.17473607568,2.18735723777878,-7.18725569662554,-9.85198265868571,-4.23480084640761,-6.17921215961579,6.29218269287313
2022-05-23,4.0119194709,2.28242122149665,-7.50243176861465,-9.85198265868571,-4.42296088861129,-6.33582267488,6.32685353517791
2022-05-24,-1.9215987702,2.23442958929921,-7.34159569334915,-9.85198265868571,-4.3283738122271,-6.22950496159459,5.61574107592497
2022-05-25,0.11399259037,2.27325473320111,-7.46909860184732,-9.85198265868571,-4.40357264305364,-6.33582267488,4.65056405520829
2022-05-26,2.319954455,2.26451599621777,-7.43980917510293,-9.85198265868571,-4.38591589705046,-6.28201856115556,2.85265518741996
2022-05-27,4.0756711642,2.20197765539134,-7.23394093680778,-9.85198265868571,-4.26405206630441,-6.17921215961579,1.70530016858745
2022-05-31,-0.53461641264,1.95022542702575,-6.39660651030998,-8.48903958343333,-3.76656664335702,-5.63482438682353,4.37053557481263
2022-06-01,-0.087342112329,1.73108122273452,-5.56614459882397,-7.53781040328421,-3.32004420679733,-5.06335470493429,3.49264439105008
2022-06-02,1.681124336,1.9495092869691,-6.28102702083215,-8.32438714538462,-3.75297719740725,-5.59869621136538,2.59082498488537
2022-06-03,-3.8555651082,1.81504497711932,-5.84100897768318,-8.03940723854667,-3.48940849028107,-5.27693900025968,2.98367237839074
2022-06-06,0.52276791848,1.66855424807703,-5.36120969889561,-7.34104811854762,-3.20766473825151,-4.8459958861125,2.82565758937176
2022-06-07,1.7585876558,1.71331811549545,-5.5076213172186,-7.53781040328421,-3.29639007488591,-4.97606170231622,2.27330474003215
2022-06-08,-0.50433730075,1.72151234756369,-5.53470750021871,-7.53781040328421,-3.31268133284034,-5.02235161280556,1.72790787520588
2022-06-09,-3.5955663694,1.60486540437564,-5.15304254118861,-7.0018575932,-3.08117791157727,-4.60968582538925,2.10146677303284
2022-06-10,-3.8628715648,1.48823932547663,-4.77107895181852,-6.773667368975,-2.86283588824963,-4.41523374293585,3.3149236143218
2022-06-13,-3.8284839202,1.51807496389621,-4.86844526450647,-6.92630206274615,-2.94274839855828,-4.45335886960481,5.64960395269533
2022-06-14,0.66727327867,1.66630384245747,-5.35098352355726,-7.34104811854762,-3.2472658019181,-4.8865935059,3.86719491471699
2022-06-15,2.011147936,1.96441544184491,-6.32500048338648,-8.32438714538462,-3.84484850589122,-5.63637953209216,7.99612965309541
2022-06-16,-3.9651480468,1.82210783833627,-5.85682895350356,-8.03940723854667,-3.5577962119876,-5.26625877093651,4.1868933882695
2022-06-17,1.1533138551,2.31464375225383,-7.46695677812228,-9.85198265868571,-4.54565311125935,-6.45000744649394,5.02446787345653
2022-06-21,3.2760717544,2.0360867508956,-6.55694772020209,-8.88970993615,-3.986768356947,-5.86844661742222,2.33622712912492
2022-06-22,-0.38271877538,2.14378184347844,-6.91004055984703,-9.85198265868571,-4.20455216607542,-6.03611416425854,3.20131631206104
2022-06-23,2.1573697821,1.82626754223514,-5.8720645360292,-8.03940723854667,-3.56742752448704,-5.30013701081935,3.03671986036577
2022-06-24,2.4517248861,1.89361466177468,-6.09210677249638,-8.03940723854667,-3.70279224994943,-5.41584738476552,1.75340403060905
2022-06-27,0,1.76124568031258,-5.65997816375728,-7.90019106573125,-3.43766182747959,-5.11926324043333,1.99575104238352
2022-06-28,-2.9789637159,1.55585046244293,-4.9886527018822,-6.92630206274615,-3.02543528293693,-4.54628349553838,2.10940875361515
2022-06-29,1.3023864958,1.49899478338473,-4.80388413844733,-6.92630206274615,-2.91273073809097,-4.40168157072752,3.40038431470315
2022-06-30,-1.802772391,1.50504567018218,-4.82331734157472,-6.92630206274615,-2.92449762167774,-4.41539303513056,4.97765001786012
2022-07-01,1.616442364,1.65985850335372,-5.32789150439051,-7.34104811854762,-3.23417950843127,-4.83530913590488,3.42459465693224
2022-07-05,1.8930396604,1.87074942579398,-6.01720266489544,-8.03940723854667,-3.65790047444564,-5.40450420761379,2.97829694825038
2022-07-06,0.96072336819,1.75261831274331,-5.6310521942714,-7.76735153578235,-3.42082635909499,-5.10639053888551,3.78018836065179
2022-07-07,2.3999440247,1.72949970564675,-5.55493286883006,-7.53781040328421,-3.37360105506424,-5.0347273565125,1.73435530070094
2022-07-08,0.47147249752,1.85073769169886,-5.95197283630147,-8.03940723854667,-3.61791385541635,-5.37441702446271,1.40999244765416
2022-07-11,-1.475788901,1.5926195889809,-5.10779945227227,-7.0018575932,-3.09946891465165,-4.59519409832421,1.46146484821166
2022-07-12,0.68337129851,1.45445860110767,-4.65622182294071,-6.70388711244828,-2.82223643369048,-4.33352619540177,2.34325820253321
2022-07-13,-0.25366790078,1.40293098553633,-4.48763239511119,-6.45000744649394,-2.71858967951151,-4.24282601352083,4.92526078476624
2022-07-14,2.0482507389,1.49658460785506,-4.79236944540164,-6.84758876285185,-2.90547116663098,-4.40245289558241,2.88022362498118
2022-07-15,1.1450124604,1.81181997485232,-5.82284164768939,-8.03940723854667,-3.53824901623185,-5.2337441645,2.18529658504163
2022-07-18,-2.0643270959,1.62232690642411,-5.20355086422319,-7.07759622304167,-3.15790779139099,-4.67649348177222,2.2234212628337
2022-07-19,2.672196913,1.56092090353792,-5.003168796398,-6.92630206274615,-3.03472362940376,-4.54860905685612,1.43172990903284
2022-07-20,1.3509933775,1.58438964220845,-5.08059453826486,-7.0018575932,-3.08246734843189,-4.57952576225,1.80257589931794
2022-07-21,1.5094093047,1.46001012545372,-4.67515344644888,-6.70388711244828,-2.83298674451028,-4.34699749004464,2.48788172038378
2022-07-22,-0.81107177348,1.41449383082921,-4.52505214490197,-6.45000744649394,-2.74147247074963,-4.25563442249832,2.11120634746374
2022-07-25,-0.73982737367,1.48765673076287,-4.76422264388655,-6.773667368975,-2.88822750031482,-4.40245289558241,1.56002528342918
2022-07-26,-0.88264138603,1.43842587657535,-4.60340356241457,-6.50933123705,-2.78915482052529,-4.30708863044435,1.06904919256638
2022-07-27,3.4234828498,1.34503280616987,-4.29823576051407,-6.22950496159459,-2.60157865570977,-4.06818476938,2.09978769677111
2022-07-28,0.35716563561,1.26351769631541,-4.03132760570332,-5.90367543858182,-2.43756237760394,-3.74242932019298,1.66203782962222
2022-07-29,3.2793136319,1.4134169831868,-4.52139299760457,-6.45000744649394,-2.7384579521519,-4.25563442249832,2.63985485350779
2022-08-01,-0.61534674787,1.32999232383367,-4.24795476759357,-6.22950496159459,-2.57062115222704,-3.99509422801549,1.81207375926369
2022-08-02,-0.92873506292,1.47309610334223,-4.7165343922123,-6.70388711244828,-2.85834313427746,-4.37446257226364,1.89361655986518
2022-08-03,3.8247609524,1.37347483057446,-4.390920074362,-6.28201856115556,-2.64816885789263,-4.09001033034286,1.55202207416703
2022-08-04,-0.19262023716,1.40664809731216,-4.50039141539775,-6.45000744649394,-2.71553197523814,-4.24282601352083,1.65948574547329
2022-08-05,-0.13890566488,1.34335827105522,-4.2933114117514,-6.22950496159459,-2.58871004397635,-4.04674646761606,1.56139847128865
2022-08-08,-0.29029331727,1.35677870891723,-4.33734647212101,-6.22950496159459,-2.61571420050486,-4.07904677055298,1.70906405956703
2022-08-09,0.030326924207,1.30765822315755,-4.1769165102853,-6.03309556376829,-2.51757258631287,-3.89997473436447,1.38168256406874
2022-08-10,2.6194518554,1.32459633871523,-4.23276180877714,-6.22950496159459,-2.55191130539868,-3.9462185366517,1.44298730477056
2022-08-11,-0.4431576459,1.26193613284449,-4.02713352833037,-5.90367543858182,-2.42637669270846,-3.74242932019298,1.30729023191822
2022-08-12,2.1425603894,1.26720344338107,-4.04449003108742,-5.90367543858182,-2.43680885928423,-3.74242932019298,0.805441665528408
2022-08-15,0.63335270188,1.23468672394952,-3.9380402371075,-5.81934950397174,-2.37202277635839,-3.68962078833539,0.808691018066744
2022-08-16,-0.092384086838,1.12666574121477,-3.58498139613446,-5.31623141285902,-2.15609710181305,-3.49142997059179,0.916497898604052
2022-08-17,0.87846038259,1.09101430121753,-3.46917615690192,-5.13104095740441,-2.08509030801001,-3.39873893124054,1.96425646858625
2022-08-18,-0.22916069902,1.09026003591892,-3.46559635884104,-5.13104095740441,-2.08301169215055,-3.39640759786216,1.16443422287364
2022-08-19,-1.5101923628,1.2702864289407,-4.05496749972536,-5.90367543858182,-2.44402988832213,-3.74914209260824,1.06714742504374
2022-08-22,-2.3029384328,1.14433796932409,-3.64317976219567,-5.40450420761379,-2.19169812555283,-3.51538117943842,0.90392903108749
2022-08-23,-0.20290028051,1.13777756493967,-3.62229140204353,-5.37441702446271,-2.18664407433185,-3.50943783264118,1.36855299315527
2022-08-24,0.17939364952,1.11371419042911,-3.5435847184947,-5.2606519385619,-2.13816440382739,-3.46446377787014,0.990966497702997
2022-08-25,1.4922700411,1.20256347472323,-3.83438903506302,-5.62945344504118,-2.31673759741715,-3.63768665145784,0.863965142827723
2022-08-26,-3.7699229547,1.1069591903094,-3.5217072755648,-5.2337441645,-2.1247864327255,-3.4457755098028,2.99276109839236
2022-08-29,-1.3690257915,1.07448266485084,-3.47642798084199,-5.13540674063676,-2.05932702739463,-3.34205837222232,2.39029506620841
2022-08-30,-1.5305490148,1.44687359147002,-4.71546285645206,-6.70388711244828,-2.8071006068184,-4.30245789186035,2.41422134469451
2022-08-31,-1.06349506,1.41371133854341,-4.60746850574727,-6.50933123705,-2.73163289922869,-4.25158682693333,2.36555975943053
2022-09-01,0.47067803062,1.4474996793464,-4.71921514273131,-6.70388711244828,-2.79902765843938,-4.30245789186035,2.83101496622872
2022-09-02,-1.3611040768,1.48145863787617,-4.83169249803769,-6.92630206274615,-2.86689828542051,-4.38274353152,2.74990905762109
2022-09-06,-0.82151338165,1.59086271563683,-5.19626511950653,-7.07759622304167,-3.08633423572603,-4.57117934155361,2.95815921087165
2022-09-07,0.92538665613,1.57585534446241,-5.14592015368752,-7.0018575932,-3.05582001022092,-4.54074354067273,2.12188628798303
2022-09-08,-0.9617850731,1.61560547120402,-5.27788974301822,-7.34104811854762,-3.13543943225091,-4.63398914056452,2.7210885625733
2022-09-09,1.8839829083,1.51083071694576,-4.92884586042489,-6.92630206274615,-2.90649973114251,-4.39664986860183,1.10597923050337
2022-09-12,3.8507974836,1.59109571412454,-5.19715832521433,-7.07759622304167,-3.06680613397419,-4.55588750909796,1.49781922146967
2022-09-13,-5.8679556997,1.34088579438494,-4.36373762132102,-6.28201856115556,-2.56861786958925,-4.00332426284014,2.48130847875686
2022-09-14,0.95553822157,1.35455963337297,-4.4368501366402,-6.37679632942286,-2.59644780460541,-4.06841222252319,2.55243882114524
2022-09-15,-1.892988217,1.4674269985687,-4.81862592880858,-6.8871040493,-2.80885082026348,-4.31583821500427,2.60912001051722
2022-09-16,-1.0960162764,1.48941022173026,-4.89255166118294,-6.8871040493,-2.85263996237746,-4.38239965717321,2.85911147780391
2022-09-19,2.5082946251,1.49450852980301,-4.90849540045491,-6.8871040493,-2.86210412381656,-4.39612382132342,2.07503796727576
2022-09-20,1.5665458312,1.57348002640049,-5.17372806798851,-6.95824598191154,-3.01891673366113,-4.554015662263,2.38582266824888
2022-09-21,-2.0267686424,1.49683735216614,-4.9169783657173,-6.8871040493,-2.86710131550522,-4.41002537615727,7.46911208756647
2022-09-22,-0.63752276874,1.53281850691984,-5.03369371997914,-6.8871040493,-2.93615722070264,-4.42368759598257,3.1031021825048
2022-09-23,-1.5123739689,2.14856565854235,-7.10055797934624,-9.85198265868571,-4.15797709929714,-5.98586573962326,2.42442245473272
2022-09-26,0.22601874643,1.75529286637453,-5.77965379852449,-7.78064780890588,-3.37734796617822,-5.02889524761216,3.69803892698455
2022-09-27,0.65662930283,1.67333741201926,-5.5051629484087,-7.454317668105,-3.21503797238454,-4.82193887392262,3.33873885256919
2022-09-28,-1.2651555086,1.84545777073001,-6.08122180367439,-8.03940723854667,-3.55588269055694,-5.24706078128923,4.89709520134426
2022-09-29,-4.9119060333,1.83393697359971,-6.04201435453674,-8.03940723854667,-3.53213842372099,-5.24605476631846,3.55569760218092
2022-09-30,-3.0039303761,1.92719072494095,-6.35304529121488,-8.48903958343333,-3.73330668444124,-5.43419906927966,4.15123285792927
2022-10-03,3.0752532561,1.80791174547854,-5.95406445995241,-8.03940723854667,-3.49625961103703,-5.18978402728088,2.70350244694139
2022-10-04,2.5623025625,1.906150536934,-6.28364396052134,-8.32438714538462,-3.69203121928395,-5.405842575295,1.85389594373434
2022-10-05,0.2053388087,1.73905001777417,-5.72485725160617,-7.78064780890588,-3.36037969040325,-5.024164856536,2.13963231377427
2022-10-06,-0.66256830596,1.60896315495398,-5.28861795151023,-7.27408937223636,-3.10150109517278,-4.6273797399625,2.59807235327502
2022-10-07,-3.6718696279,1.56793219363673,-5.15095671375485,-6.95824598191154,-3.01970859874644,-4.58028993199495,1.78424804019065
2022-10-10,0.2355628525,1.59450152933089,-5.24029744199082,-7.18659457658696,-3.09309255711768,-4.61752912025052,2.91738524576797
2022-10-11,-1.0254949439,1.42969294793155,-4.66332279115757,-6.61911574174194,-2.74581220370039,-4.27663013066446,2.9069866091949
2022-10-12,-0.46049791317,1.57074239754999,-5.13712556950694,-6.95824598191154,-3.027953469858,-4.58395461342323,2.3585655137428
2022-10-13,3.3612837935,1.59857904779582,-5.23083740515798,-7.1052690068875,-3.08379841674954,-4.61528136425773,8.91651287015362
2022-10-14,-3.2240016785,1.54350746631202,-5.04404549234255,-6.95824598191154,-2.9727548421825,-4.47054786679906,4.28676579157018
2022-10-17,2.9122705593,2.29793221088478,-7.55911505593617,-9.85198265868571,-4.47459850957163,-6.38943164192286,1.68362542241819
2022-10-18,0.94094515844,1.96074453105209,-6.43645542675812,-8.67581073518182,-3.80347951554223,-5.55497707570182,5.81330869974525
2022-10-19,0.076521739356,1.67752557092741,-5.49010733819916,-7.36121917197619,-3.23789143083282,-4.90961966202625,3.28241442486865
2022-10-20,-0.32670652054,2.1300996566962,-7.0000145567981,-9.85198265868571,-4.12366018006129,-5.92098575129556,2.95389565441489
2022-10-21,2.7059069671,1.92809647871288,-6.32872197124736,-8.32438714538462,-3.72465565442542,-5.43262200113051,3.00280996877879
2022-10-24,1.4802743261,1.75690392373617,-5.7580571497657,-7.78064780890588,-3.38485390717026,-5.0872384004,3.61080415660528
2022-10-25,1.9337571095,1.72812805238078,-5.66126360656351,-7.78064780890588,-3.32738173966105,-5.018487706128,1.47746096864255
2022-10-26,-1.9627149796,1.83555177153455,-6.01932682036608,-8.03940723854667,-3.5401762582082,-5.29036819094688,3.1098810481309
2022-10-27,-3.046534985,1.49523037956875,-4.88278424567034,-6.81656126301429,-2.86395733930171,-4.41047636246727,3.60596131510412
2022-10-28,7.5552486187,1.67369461057098,-5.47545721564838,-7.36121917197619,-3.21673641192987,-4.86855598460854,6.09451775349204
2022-10-31,-1.5410299215,1.74256831280153,-5.70378458326721,-7.78064780890588,-3.35313993135321,-5.018487706128,3.39288437393913
2022-11-01,-1.7542715535,2.0467365501886,-6.71669013991364,-9.46167199565,-3.95564198493441,-5.80145706074375,2.38223934584046
2022-11-02,-3.7305011615,1.79174860782134,-5.86689058238954,-7.90369151736875,-3.44996505860909,-5.16048227818406,11.1975548231651
2022-11-03,-4.2405019653,1.71231056652973,-5.59832144698717,-7.55340713077368,-3.30389449148576,-4.95828441631282,3.15909456876288
2022-11-04,-0.19473494413,2.59832632368561,-8.54674178752503,-11.263960719,-5.06571995541746,-6.95824598191154,7.40052720093865
2022-11-07,0.390229802,1.97371250637859,-6.46619564967446,-8.67581073518182,-3.82266724911805,-5.56274496937455,3.68397575110296
2022-11-08,0.41750647852,2.34589948727972,-7.70514339083907,-9.85198265868571,-4.54343294122811,-6.38943164192286,3.72167382675087
2022-11-09,-3.3189964155,2.05620404960204,-6.7435902835165,-9.85198265868571,-3.97146929539951,-5.84642729778511,2.4720512677701
2022-11-10,8.8974568102,2.08769213756672,-6.85006948342926,-9.85198265868571,-4.0351961802856,-5.8336418713413,3.48478381856681
2022-11-11,1.9268741062,1.77700674159176,-5.8166697287669,-8.00163382424667,-3.42077674343562,-5.08506880967465,4.07527811807018
2022-11-14,-0.94856379428,1.88215704024804,-6.16858972999503,-8.31078940553846,-3.63049395937583,-5.31279819546452,2.26638078075549
2022-11-15,1.1869436203,1.86053271360563,-6.09613397662976,-8.15403940457143,-3.58734078943118,-5.28554054743175,5.10993694489015
2022-11-16,-0.83311117032,1.64103100242328,-5.3639846125659,-7.31406710833333,-3.14405496458266,-4.6368416354117,2.04735126869804
2022-11-17,1.2971301834,1.95198121252271,-6.40195611462003,-8.67581073518182,-3.74800138037797,-5.45360993741053,2.2610086559933
2022-11-18,0.37818471337,1.64350269435815,-5.37407450989922,-7.31406710833333,-3.1394213076287,-4.6368416354117,2.39155836415298
2022-11-21,-2.1680216801,1.63175649160052,-5.33551311950789,-7.31406710833333,-3.11650534391179,-4.61424321273053,1.52949739279091
2022-11-22,1.4661171541,1.59974486689007,-5.2277248092146,-7.13443040222174,-3.05316420206412,-4.55231893858384,1.04632059888925
2022-11-23,0.59262218674,1.47959159931937,-4.82769971475633,-6.83070957222963,-2.8164821826306,-4.3031792465735,1.88325485898098
2022-11-25,-1.9593565896,1.28881023340628,-4.19178072408293,-5.9521563929907,-2.43962428799164,-3.76179006460409,0.804153464500802
2022-11-28,-2.6264263049,1.39054842325284,-4.47552577139809,-6.38810442803235,-2.64047717886737,-4.08042446062206,1.37102576568726
2022-11-29,-2.1148245735,1.19441789521418,-3.83208209020924,-5.57901759398491,-2.2565516395881,-3.56230847664271,2.61524320295628
2022-11-30,4.8593893889,1.23813606364383,-3.97650883466451,-5.8336418713413,-2.34223353029829,-3.65863874683459,3.83423711931316
2022-12-01,0.18915084765,1.43635245278582,-4.62760721099744,-6.500683059425,-2.732793115797,-4.24087581136311,2.48253421276083
2022-12-02,-0.33713168368,1.65195500225957,-5.3384951864856,-7.31406710833333,-3.15905584115818,-4.6791241835978,1.95633417736763
2022-12-05,-0.79832217043,1.51931355935832,-4.90164147371551,-6.83070957222963,-2.8970546348347,-4.38226365253964,2.52960865832359
2022-12-06,-2.5369978857,1.49195935535959,-4.81135228671302,-6.83070957222963,-2.84193444263666,-4.35537376688496,2.10618046756815
2022-12-07,-1.3784899588,1.58515336084026,-5.11838946737617,-6.97919354462,-3.02513237775916,-4.537261099048,3.67153817462652
2022-12-08,1.2132822478,1.52284344973927,-4.91290044429517,-6.90450970834231,-2.90168158592794,-4.38226365253964,2.22166626465831
2022-12-09,-0.3434980722,1.68598977953337,-5.45178123295834,-7.407552284865,-3.22570385344356,-4.84264478566463,2.87467769734717
2022-12-12,1.6389983119,1.52046287877022,-4.90745833522061,-6.83070957222963,-2.89965050469302,-4.38226365253964,1.5817245896051
2022-12-13,0.67824762973,1.61828825243829,-5.22914548442054,-7.13443040222174,-3.09284681065347,-4.59853465300729,4.5893279051876
2022-12-14,-1.5535849318,1.44398360780596,-4.65401517676738,-6.62526770266,-2.74750393483479,-4.25291008517603,6.98357596100545
2022-12-15,-4.6854269953,1.83164285008709,-5.92796756530199,-8.15403940457143,-3.51091902691739,-5.22926777798154,2.66412218425495
2022-12-16,-1.4578754578,2.11724265383522,-6.87102213444204,-9.85198265868571,-4.09409101062427,-5.80921176759574,3.64559254574257
2022-12-19,-1.5909597799,1.73797780011353,-5.62147331519776,-7.73402205257647,-3.34200506775153,-5.00382721450133,2.51264008909221
2022-12-20,-0.052882073032,1.85127302225139,-5.99477356217562,-8.15403940457143,-3.56583373986983,-5.30029082889683,4.0471794279819
2022-12-21,2.3809523809,1.76547897132387,-5.71181286888212,-7.864778489825,-3.39592813003714,-5.12005574860429,2.72488399644789
2022-12-22,-2.3772609819,1.89872818241596,-6.15120982425901,-8.31078940553846,-3.65978919863183,-5.32778638469516,2.90486431929959
2022-12-23,-0.15394132952,1.6643784177446,-5.37928403167271,-7.31406710833333,-3.19561371928184,-4.79822578639412,4.01812003115025
2022-12-27,-1.3878355832,1.69031016494256,-5.46371619823812,-7.407552284865,-3.24594402906524,-4.91771795410506,2.14365846972147
2022-12-28,-3.0685226487,1.81151216682235,-5.86326616298624,-8.00163382424667,-3.48617940947744,-5.19436462325821,2.97361713044045
2022-12-29,2.832434148,1.61166952096712,-5.20624679006851,-6.89713459409545,-3.09175905861696,-4.54329369189149,2.3046135872243
2022-12-30,0.24689452966,1.67118394590866,-5.40600673236141,-7.0620235547,-3.21293536915905,-4.74495258659024,1.88565094086158
2023-01-03,-3.7404756407,1.58916194736045,-5.13270962629925,-6.75520418477083,-3.04948421186397,-4.48324875426122,5.0704078883175
2023-01-04,1.0314224035,1.5133356483667,-4.88191571595621,-6.61823924112308,-2.89847458426811,-4.3139688654991,5.52833665818204
2023-01-05,-1.0604621716,1.86942725730233,-6.05263377770185,-7.83089334484615,-3.60408243846129,-5.18884344049677,3.24044483585897
2023-01-06,3.6794112944,1.98922993733984,-6.44810883511905,-8.3078979906,-3.8422033445658,-5.43430983576415,3.56324013298069
2023-01-09,0.40888751701,1.78522986261715,-5.77601730590446,-7.56543451041333,-3.43789257368246,-5.0196996780058,2.19886221716108
2023-01-10,0.44563964675,1.84700665357088,-5.98032927958502,-7.83089334484615,-3.56159726887479,-5.13858695012969,3.33484133202861
2023-01-11,2.1112216016,1.72187065472411,-5.56755897265576,-7.23871434816111,-3.31225587547644,-4.84818826793766,1.84610373497847
2023-01-12,-0.059929582767,1.79039326542391,-5.79421294378011,-7.56543451041333,-3.44933296168477,-5.0196996780058,3.42006918220366
2023-01-13,1.0119181472,1.53704563455286,-4.95914960724329,-6.686492569436,-2.9456383233433,-4.33935019250367,1.85246664043845
2023-01-17,0.87563075103,1.71065078515846,-5.53161760355977,-7.23871434816111,-3.29040523130356,-4.82847026043718,2.10038313642846
2023-01-18,-0.53700161834,1.49355045039611,-4.81607767105778,-6.61823924112308,-2.8593034848429,-4.30104907910714,2.20828558594824
2023-01-19,0.044375415928,1.51796178739319,-4.89637078074483,-6.61823924112308,-2.90778476438407,-4.3139688654991,2.40696327509482
2023-01-20,1.9220817625,1.49472267477287,-4.81979573184379,-6.61823924112308,-2.86170850771581,-4.30104907910714,1.85438006914699
2023-01-23,2.3500398927,1.53355927103562,-4.94837115075653,-6.686492569436,-2.93948197296717,-4.32663364232,2.24779689871828
2023-01-24,1.006307136,1.42087801011194,-4.57628346639236,-6.21134524905152,-2.71553309311875,-4.17819692040984,1.86191715265406
2023-01-25,-0.47007647499,1.47987593505437,-4.77093282869018,-6.48760903461071,-2.83297348902494,-4.2630378281087,2.48125717718507
2023-01-26,1.4803327222,1.42535690514486,-4.59064135770293,-6.21134524905152,-2.72430459202647,-4.19025949541157,2.11164803512611
2023-01-27,1.3684356767,1.50680494969959,-4.85947707994787,-6.61823924112308,-2.88670342755993,-4.3139688654991,2.00302883458848
2023-01-30,-2.0078119646,1.45427014664617,-4.68568815202902,-6.42769285857931,-2.7818587037042,-4.20224781599333,1.96554531957004
2023-01-31,0.90209790214,1.44457649355555,-4.65372013807678,-6.36961732980333,-2.76254768379961,-4.20224781599333,1.98050895315755
2023-02-01,0.79007554232,1.4313049112366,-4.60988417971171,-6.21134524905152,-2.73604869427992,-4.19025949541157,4.05492509652051
2023-02-02,3.7062504298,1.43646730321888,-4.62616777882028,-6.26101083487188,-2.74191767460655,-4.19025949541157,2.64205653829461
2023-02-03,2.4399946957,1.71049953013201,-5.53160902976255,-7.23871434816111,-3.28733884001275,-4.82847026043718,8.21399050448238
2023-02-06,-1.7928802589,1.57649305378321,-5.08639021293121,-6.75520418477083,-3.01756081888666,-4.461453885433,2.27286244662657
2023-02-07,1.9244711,2.22911216255634,-7.24571144555127,-9.43482340496667,-4.31561394032764,-5.97809150558158,4.36220473349607
2023-02-08,-1.7652764306,1.71276557371984,-5.54018675777544,-7.23871434816111,-3.28920234304382,-4.82847026043718,1.93982544175773
2023-02-09,-0.6911532384,1.9668272294321,-6.37972065278841,-8.3078979906,-3.79370375197425,-5.37563950961818,1.97066946035479
2023-02-10,0.24561869359,1.68506515032724,-5.44900169502409,-7.14716355348947,-3.23366233531576,-4.77005641932469,2.53792189963778
2023-02-13,1.8806701542,1.67037214149521,-5.40048007537912,-7.0620235547,-3.20446070042368,-4.71470194392619,1.28563635210279
2023-02-14,-0.42248943773,1.57579315161258,-5.08870736260682,-6.75520418477083,-3.0170931985247,-4.461453885433,2.57034149074909
2023-02-15,1.3903394256,1.40064009796428,-4.5099624535937,-6.16253056962941,-2.66852768157928,-4.08684734170923,1.8393297676066
2023-02-16,-1.0429408358,1.49885877691083,-4.83453039466499,-6.61823924112308,-2.8548551238964,-4.28828773713717,1.52316056011386
2023-02-17,-0.75466788103,1.40864449050648,-4.53691181798039,-6.16253056962941,-2.67621432026614,-4.10898850544453,1.52530211723587
2023-02-21,-2.6679777123,1.35364670559276,-4.25406154393722,-5.97809150558158,-2.56497508015621,-3.94395452320139,1.08247390655991
2023-02-22,0.28960129312,1.31984001873976,-4.14573226724788,-5.737285606875,-2.50240151276313,-3.82019742620127,2.41309719143746
2023-02-23,0.32905782027,1.25231824873398,-3.92881502221719,-5.59596609960625,-2.36901212175539,-3.67209591496328,1.2689426217058
2023-02-24,-1.8005354753,1.41967738049454,-4.46819926997817,-6.11416312752,-2.70080709060895,-4.1429917280328,1.14622776780955
2023-02-27,0.82475632207,1.25187987157694,-3.92728097093649,-5.59596609960625,-2.36858121717657,-3.67209591496328,1.15180522825849
2023-02-28,-0.34478096268,1.2200934452979,-3.82717277906556,-5.40457231880926,-2.30629952067184,-3.60750596013978,0.934440923862027
2023-03-01,-1.4245980597,1.20623385987414,-3.77817148750514,-5.37563950961818,-2.27862302717721,-3.60052966320214,1.42140049886595
2023-03-02,0.41291032958,1.16809776411922,-3.65513575030171,-5.18884344049677,-2.20307574976515,-3.5129983253585,1.34805863849727
2023-03-03,3.5090124049,1.2025230527846,-3.76573308489234,-5.34696599970893,-2.2712922902864,-3.57961195096947,1.5471756910896
2023-03-06,1.8539363042,1.19435646879407,-3.73862256310245,-5.29159722206207,-2.25524871233365,-3.54585440858923,1.48312508452078
2023-03-07,-1.4496522134,1.2371053297409,-3.87580124563907,-5.49607812985294,-2.34025051876936,-3.64602316393389,1.99507192310905
2023-03-08,0.83773087063,1.2383281459631,-3.87962442239298,-5.528446301906,-2.34189774117635,-3.64602316393389,1.37724415026003
2023-03-09,-1.4914633349,1.34326216387437,-4.21797445621623,-5.81139518682381,-2.54964524221916,-3.885509194468,1.72266786699153
2023-03-10,-1.3878743609,1.25441211249368,-3.93145583499026,-5.59596609960625,-2.37315401074706,-3.682759976884,2.71319956560134
2023-03-13,1.3265993266,1.3138684038051,-4.12297433937209,-5.70179539274889,-2.49056465769852,-3.79170340568634,5.73988536074214
2023-03-14,1.4089187214,1.47410869378831,-4.6378696108082,-6.36961732980333,-2.80609309314587,-4.23585130230171,2.14431277923141
2023-03-15,0.26214037607,1.89917112836962,-6.00991221428073,-7.83089334484615,-3.6497568456807,-5.18884344049677,2.85540120149165
2023-03-16,1.8694032289,1.53914858279756,-4.84886818842249,-6.61823924112308,-2.9357057575684,-4.33783008418257,1.889386489251
2023-03-17,-0.54539621442,1.6573313092694,-5.23020147374609,-6.89713459409545,-3.17045659106458,-4.61264638227556,2.32668733385837
2023-03-20,1.5483870968,1.5575875324506,-4.90857762490116,-6.61823924112308,-2.97308166696693,-4.36384664174579,1.78083019838765
2023-03-21,1.1944091488,1.59466343860536,-5.02871185432475,-6.686492569436,-3.04351412461634,-4.47514310165657,1.09479323600072
2023-03-22,-0.91034655943,1.41544788887017,-4.45112664695967,-6.11416312752,-2.68895800232845,-4.1168843088,3.01243958183266
2023-03-23,0.69695241709,1.29321233033951,-4.05578051833877,-5.67063923659111,-2.44610307429823,-3.72578532208383,2.68739226789474
2023-03-24,0.83055433224,1.53494270701843,-4.83562287343946,-6.662998840792,-2.92558233684931,-4.32707620302315,1.47532215312859
2023-03-27,-1.2293291733,1.52166104663618,-4.79317921051775,-6.59138515328462,-2.89986018034513,-4.31417498478624,0.906517396119539
2023-03-28,-0.39802880965,1.34785258893368,-4.23253234802176,-5.94496657705263,-2.55520367347748,-3.91036155544138,0.730850077829355
2023-03-29,1.9790675547,1.24128383970675,-3.88882636515705,-5.52904216012041,-2.34404118897176,-3.64110169655449,0.621167803176789
2023-03-30,0.98899048335,1.20291697593996,-3.76442934927078,-5.34419721335091,-2.26773557026226,-3.58353199697258,0.563281653298875
2023-03-31,1.5644247351,1.09402531961704,-3.41294564002787,-4.98971290742899,-2.05192723869115,-3.34525460503632,0.626220091978555
2023-04-03,0.77016373543,0.994517353574177,-3.0917391539097,-4.53983453709462,-1.85448286320002,-3.16538474366953,0.946403307874458
2023-04-04,-0.32496840577,0.96699276513487,-3.00324354449191,-4.435498958605,-1.79994443883131,-3.10998916420824,0.83420364481004
2023-04-05,-1.1290225201,1.02446724969173,-3.18925345170966,-4.66972484783294,-1.91405580022103,-3.21707056868659,0.922525402325361
2023-04-06,0.54958475812,1.00886094252853,-3.13906846711364,-4.57097210116593,-1.88345185851276,-3.17043714402196,0.815652714127429
2023-04-10,-1.597230657,1.0364872690402,-3.22821968971628,-4.76094150894875,-1.93817814936217,-3.25500035909038,0.911528302582706
2023-04-11,-0.7591186818,1.02815130894193,-3.20182928447442,-4.70524956675181,-1.92197479172375,-3.23852106855455,0.675010436600322
2023-04-12,-0.43532338295,1.05563366136584,-3.29116567205207,-4.8197588449961,-1.97689603919096,-3.28278019177692,1.40337188919576
2023-04-13,3.4103685197,1.0032667817962,-3.12219400539152,-4.55527657970761,-1.87305941262437,-3.16538474366953,0.880604316315173
2023-04-14,-0.21140372073,1.14335561954,-3.57402543971339,-5.15813887791613,-2.15084679433393,-3.48197673778458,1.10499772048892
2023-04-17,0.012105804671,1.05510602225319,-3.28915877045456,-4.8197588449961,-1.97591162686797,-3.28278019177692,0.732622545174905
2023-04-18,0.75046904312,1.10233174682083,-3.44132215771876,-5.01264747842647,-2.06938160076119,-3.37466990331835,0.988104699092242
2023-04-19,0.69682225021,1.0324791497299,-3.2159161092912,-4.72350412794756,-1.93095128584176,-3.25500035909038,0.674119408290541
2023-04-20,-0.58462089119,1.08683557595846,-3.3906895465129,-4.98971290742899,-2.038312151825,-3.3378839797192,0.854332601936366
2023-04-21,-0.97809780973,1.00238385996571,-3.11768987094831,-4.55242298933152,-1.87061645079859,-3.16757567508032,0.974437469032978
2023-04-24,0.18785601751,1.03143496099188,-3.21175929463552,-4.74006964889383,-1.92824293082487,-3.25810469583797,0.706113276494147
2023-04-25,-0.94356741065,1.04584286734986,-3.25824362891963,-4.8182377877052,-1.95685182716089,-3.26925672234766,1.04877120897404
2023-04-26,-0.0061061245106,0.996809861137048,-3.10072570010456,-4.55242298933152,-1.86017217942205,-3.16757567508032,1.19130080286745
2023-04-27,2.8395212506,1.05598772405018,-3.29176426825251,-4.83868071228158,-1.97759660647035,-3.28619091365,0.833589423086133
2023-04-28,0.75411198868,1.09956774958938,-3.43255566916917,-5.01264747842647,-2.06429795663921,-3.36120596883288,1.002401974273
2023-05-01,-0.053041018236,1.04062505610553,-3.24193101463711,-4.77840030107089,-1.94719520385551,-3.26367630258093,0.981518983162419
2023-05-02,-0.61914027956,1.0698479116449,-3.33637568654464,-4.90125523789863,-2.00520414798992,-3.30314953323581,0.912492351684416
2023-05-03,-0.64673074648,1.07809537834239,-3.36293326703934,-4.92269543642222,-2.02150432884884,-3.31456517471806,1.90743978544079
2023-05-04,-0.99134069878,1.06164775029734,-3.30998235548575,-4.83868071228158,-1.98887186729844,-3.2918501672961,1.84387987329748
2023-05-05,4.6926835153,1.24059750953054,-3.88751878592285,-5.52904216012041,-2.3434857351229,-3.64966948339602,1.62725032263015
2023-05-08,-0.040329550029,1.26787398842378,-3.97500033038808,-5.67063923659111,-2.39763938598497,-3.7185797190994,1.13440253146373
2023-05-09,-0.99711815565,1.26035438122378,-3.95083762749306,-5.59802390492979,-2.3827877949795,-3.70285953307574,0.644831261123215
2023-05-10,1.0391802991,1.19611578504782,-3.74363519961279,-5.34419721335091,-2.25543126991781,-3.55596834665926,1.02841588616336
2023-05-11,0.11235631354,1.11180458428495,-3.47129998708248,-5.01264747842647,-2.0882675366313,-3.41014813232512,0.747147475066418
2023-05-12,-0.54175551841,1.13660277466481,-3.5513222414761,-5.13286215172857,-2.13764852025404,-3.46792739189505,0.6475046907836
2023-05-15,-0.28973749786,1.04742387926903,-3.263718734758,-4.8182377877052,-1.96087866606649,-3.28051075942661,0.478312440026662
2023-05-16,0,0.987316685970848,-3.06948429952172,-4.52113328313404,-1.84146731188746,-3.16238942414392,0.526844552295034
2023-05-17,0.36031847503,0.925935884830071,-2.87126790163733,-4.32280904083704,-1.71959277459385,-3.03069476634858,0.781269672957354
2023-05-18,1.3666106895,0.928997959378991,-2.88079279323088,-4.32280904083704,-1.72538358907082,-3.03069476634858,0.796827598013429
2023-05-19,0.062839188649,0.964299451350021,-2.99468554329338,-4.431670252203,-1.79540173272655,-3.11167107145132,0.834008671099186
2023-05-22,-0.54807033557,0.969301505526732,-3.01050028124966,-4.47585794725052,-1.80507214423995,-3.12163317896692,0.827507282009652
2023-05-23,-1.5154994259,0.984581400223584,-3.05998147329946,-4.50584264487684,-1.83539083469377,-3.15722705512852,0.783441354079418
2023-05-24,0.16320820705,0.998870737445502,-3.10643149326045,-4.55242298933152,-1.86396303232546,-3.16757567508032,0.910632159168552
2023-05-25,0.66922718815,1.00229279692523,-3.1171308062225,-4.55242298933152,-1.87062527930436,-3.17206738128735,1.1182275561222
2023-05-26,1.4104861553,1.02996372649957,-3.20602990062344,-4.72139045255,-1.92527706812178,-3.25207312405084,0.76354450440958
2023-05-30,1.0659522317,1.07746891821742,-3.35932806347068,-4.92269543642222,-2.01973016371028,-3.32024389670929,1.20375934947766
2023-05-31,-0.02820078962,1.01526383360704,-3.15762081884413,-4.60028166477303,-1.89563767779052,-3.20546832021789,1.65739525678926
2023-06-01,1.6022566997,1.10377942690754,-3.44336716360454,-5.01264747842647,-2.07137478249981,-3.39489451936338,1.04253167912943
2023-06-02,0.47753900817,1.20595378004382,-3.7731953682381,-5.37335044036296,-2.27434559913537,-3.60350855811483,0.951101090709128
2023-06-05,-0.75711522504,1.11896582859064,-3.49187100612974,-5.05922299952424,-2.10122412411953,-3.42649508746971,4.06959752846735
2023-06-06,-0.20603630692,1.09868120879764,-3.42591326202793,-4.98971290742899,-2.06039010628651,-3.35851581917854,1.57344336684698
2023-06-07,-0.77562636016,1.60834246625788,-5.07331200733134,-6.8098109210913,-3.0732482837692,-4.53670912745914,1.68108359942782
2023-06-08,1.5465077044,1.32334417244945,-4.15290927650261,-5.74282133611861,-2.5068106944019,-3.84948304977285,0.926777528418937
2023-06-09,0.21598272124,1.33805185448389,-4.20057779601586,-5.81900850237073,-2.53628093357777,-3.8673821908094,1.03774138150394
2023-06-12,1.5638815208,1.23170824945641,-3.85709708718392,-5.4639922929,-2.32522371613176,-3.64789001116875,0.529166858799041
2023-06-13,-0.26116763693,1.25035010423966,-3.91724931661593,-5.56319799791458,-2.36234044637153,-3.67806930219186,1.075735038841
2023-06-14,0.34913534455,1.03612170821075,-3.22534060591845,-4.75902049852375,-1.93670884977111,-3.26591104158936,1.25206660332622
2023-06-15,1.1198695298,1.10477398652707,-3.44695192294116,-5.01264747842647,-2.07299286455302,-3.40113532468113,0.766579898849397
2023-06-16,-0.58599000067,1.11567676576164,-3.48242045465778,-5.05922299952424,-2.0948429618502,-3.42649508746971,0.756676782445448
2023-06-20,0.048669695025,1.02999452797324,-3.20635574692296,-4.72139045255,-1.92511851839321,-3.25461122104937,0.768341220204901
2023-06-21,-0.56753688987,1.01628388983995,-3.16225674688691,-4.60028166477303,-1.89797191269413,-3.21081456644612,0.710983816150621
2023-06-22,1.6525331594,1.02857050657242,-3.20208837443291,-4.72139045255,-1.92253069160182,-3.24901725857605,0.723621493438518
2023-06-23,-0.17112299474,1.00300490366861,-3.11898837305444,-4.55242298933152,-1.8714540090769,-3.17413691797738,0.826611005465678
2023-06-26,-0.75530319255,0.981684244825374,-3.05016172491033,-4.49074672810729,-1.82910310315855,-3.15325882667734,0.802586891787645
2023-06-27,1.5059102931,1.00239227407516,-3.11693029377902,-4.55242298933152,-1.87017400996612,-3.17413691797738,0.519630420287624
2023-06-28,0.63277677345,1.00016642627135,-3.10958899857059,-4.55242298933152,-1.86569402788149,-3.17413691797738,0.768079796524672
2023-06-29,0.17965653897,0.937717936510743,-2.90731834700669,-4.32280904083704,-1.74124756203228,-3.03562216417929,0.843181392828197
2023-06-30,2.3102484307,0.985117483520528,-3.06126307926219,-4.50584264487684,-1.83594549538912,-3.16365514949921,0.661571339094835
2023-07-03,-0.77847089751,1.00354851507938,-3.12037814755816,-4.56817305936044,-1.87232063379296,-3.17413691797738,0.427031702366429
2023-07-05,-0.58713498902,0.963223802558233,-2.99054864830986,-4.431670252203,-1.7866963625092,-3.11251513656591,0.763844972929067
2023-07-06,0.25087545073,0.900402546288366,-2.78809245770541,-4.23229266250957,-1.66261689190525,-2.99346345326367,0.663338658678486
2023-07-07,-0.58912465456,0.974242292351397,-3.02666338000116,-4.47585794725052,-1.80898719148251,-3.13270106476077,0.634647264191441
2023-07-10,-1.0855884204,0.95104004436973,-2.95177691960093,-4.36238709034381,-1.76306821602511,-3.06373537440949,1.33259896746062
2023-07-11,-0.2810031282,0.932809593557553,-2.89324246908102,-4.32280904083704,-1.72728921007607,-3.03562216417929,0.763503531037117
2023-07-12,0.89855380684,1.08242052856915,-3.37676059095894,-4.94461853756479,-2.02372052343393,-3.33489030956413,0.907020822953849
2023-07-13,0.40575433432,1.00111507346704,-3.11412292227204,-4.55242298933152,-1.86270883845498,-3.17413691797738,0.669120602295637
2023-07-14,0.078723627485,1.0317176638555,-3.21284023992036,-4.74006964889383,-1.92319267336858,-3.24901725857605,0.58415122907508
2023-07-17,1.7305574493,0.990775626827971,-3.08054135192526,-4.53670912745914,-1.84208363664866,-3.16888373524348,0.630329254833355
2023-07-18,-0.13402752729,0.972500109609241,-3.02170228916925,-4.47585794725052,-1.79869016529599,-3.1175327596749,0.552882005110977
2023-07-19,0.70716977243,0.948207683532119,-2.90385748619038,-4.32280904083704,-1.74791862126652,-3.04026009643835,3.13680414040815
2023-07-20,-1.0097385957,0.924007214609207,-2.82638778392276,-4.27019805868304,-1.70069562840591,-3.02623529889255,1.020574653046
2023-07-21,-0.61616527719,1.39771703773506,-4.33696465530571,-5.99103318818108,-2.63436264984029,-4.04529560494657,1.05310530341446
2023-07-24,0.42200687712,1.11748775312846,-3.44423726053071,-5.01264747842647,-2.08038685398429,-3.41376529421524,0.710202596454497
2023-07-25,0.45136186782,1.14096003169386,-3.5190680982983,-5.10795109308594,-2.12655715894342,-3.45878727689409,0.365572098702002
2023-07-26,0.45449850204,1.09032949480612,-3.35811618261046,-4.92269543642222,-2.02730917362207,-3.34078274950631,1.11492537045895
2023-07-27,-0.65809768648,1.02576862420964,-3.15211940311107,-4.60028166477303,-1.9002213873099,-3.21081456644612,1.05333272296107
2023-07-28,1.3507918437,1.06541908975399,-3.27835252608916,-4.83868071228158,-1.97807895775195,-3.29441119055087,0.647960666170377
2023-07-31,0.31660113364,1.05640760309409,-3.25011391012342,-4.8182377877052,-1.96066700510126,-3.28864627188874,0.420038939606057
2023-08-01,-0.4301348944,0.969203289587319,-2.97206762789647,-4.36238709034381,-1.7890984098966,-3.11251513656591,0.445681584998254
2023-08-02,-1.5464839855,0.913035879779106,-2.79308434782337,-4.23229266250957,-1.67865892757881,-3.02152508560353,0.79482061991654
2023-08-03,-0.73216325691,0.921591556552696,-2.82041929822636,-4.25740640502566,-1.69561758632633,-3.02623529889255,1.07590924004688
2023-08-04,-4.8020086834,0.971258184841584,-2.97814632392726,-4.40319501878627,-1.79281017353491,-3.11347900614791,3.38735414644494
2023-08-07,-1.7253695258,1.02253166791216,-3.19719651866481,-4.7042356167369,-1.89601657459204,-3.21874514296408,2.62249196684824
2023-08-08,0.53117137268,1.44821024767425,-4.57579222129194,-6.19021674705152,-2.73336374041686,-4.21167137738729,1.07998794566439
2023-08-09,-0.89543937711,1.42403144726372,-4.49805214073121,-6.14202349415882,-2.68562405392878,-4.1272508182704,0.987864752769589
2023-08-10,-0.1234637185,1.24376016715843,-3.91448953125524,-5.54766352210816,-2.33112609699276,-3.6589297341625,1.44588727668751
2023-08-11,0.033759072721,1.23749188989507,-3.89420545644795,-5.54766352210816,-2.31887584792408,-3.65139271273051,0.897698348596946
2023-08-14,0.93931042247,1.31315143486949,-4.13950192192098,-5.68630115794889,-2.46730519431108,-3.79346638829497,0.802584090811756
2023-08-15,-1.120026747,1.14611391821166,-3.59868305210742,-5.17759762491613,-2.13891595315532,-3.488376001457,0.566650131611005
2023-08-16,-0.4959143419,1.05834911890844,-3.31485737900557,-4.85830998860395,-1.96674324206579,-3.30285897858087,0.99109414862671
2023-08-17,-1.4555133942,0.996411932929007,-3.11384872573419,-4.55510670647204,-1.84468206506684,-3.1801297041127,1.56628457311746
2023-08-18,0.28160919537,1.06871306197655,-3.34721932262708,-4.89245585578493,-1.98616757782628,-3.30377271959207,1.34264601276486
2023-08-21,0.77368330549,1.16404732091199,-3.65615951167253,-5.17322441257541,-2.17371633786438,-3.51908716087668,0.786271589075943
2023-08-22,0.79049135584,1.14578712838711,-3.59695794161576,-5.17322441257541,-2.13754825033053,-3.47784686366583,0.959876855979636
2023-08-23,2.1948879987,1.05707815812782,-3.30875781648287,-4.83022867419868,-1.96242159021031,-3.29262652337982,0.627773431427605
2023-08-24,-2.6170494701,1.10104803729136,-3.45123460869752,-5.00320108292206,-2.04874068360274,-3.35764294194931,1.18266211415377
2023-08-25,1.2643156822,1.03189135714637,-3.2274681458904,-4.750991062345,-1.91637930757352,-3.23299438617448,2.11041568054053
2023-08-28,0.88460892439,1.10727493444048,-3.47155718491716,-5.00320108292206,-2.06478719867572,-3.37231555319767,1.01640687950199
2023-08-29,2.1810311338,1.27071729129115,-4.00418189018429,-5.65636468338444,-2.38843651717332,-3.70700129207126,0.966009253248002
2023-08-30,1.9172278948,1.12009102170354,-3.5143442272883,-5.0979142978625,-2.09093317845902,-3.42897857372864,1.08881942733197
2023-08-31,0.11723954194,1.11291672153743,-3.49039235451136,-5.04949034961061,-2.07635762326809,-3.41610249894038,0.890550061624471
2023-09-01,0.84632990893,1.15044659276198,-3.6117075013532,-5.17322441257541,-2.1500959641152,-3.49546487369745,0.776131270824579
2023-09-05,0.12667581541,1.10884377487991,-3.4767437264833,-5.0260391633403,-2.06806912385628,-3.37841315740374,0.715354005141217
2023-09-06,-3.5793357934,1.03474158217142,-3.23733334653246,-4.77026922645949,-1.92235519943117,-3.24968099803178,1.59633692299234
2023-09-07,-2.9249357607,1.01136935256971,-3.27631296560951,-4.81398331211039,-1.8852761030806,-3.1809736978572,3.52798014836937
2023-09-08,0.34917774265,1.17681246379726,-3.82895297122566,-5.42070802215,-2.21887394254829,-3.54103527905969,1.33155108565775
2023-09-11,0.66225165574,1.50881705379077,-4.94181157802512,-6.79211745255652,-2.87715875092917,-4.30776252066422,1.02055411192028
2023-09-12,-1.7060660125,1.24385592404725,-4.0540355988147,-5.65636468338444,-2.3517057008001,-3.65592207405943,2.45529745570566
2023-09-13,-1.1854792967,1.20861256982594,-3.93469874516997,-5.58435677951915,-2.28157950071329,-3.61174409449006,1.97769641749596
2023-09-14,0.87825038736,1.45513548911577,-4.76013183935778,-6.50042403057037,-2.77019654730664,-4.20603667662137,1.24230830242021
2023-09-15,-0.41538636624,1.40905829618,-4.60672773581171,-6.21352465859375,-2.67904712020589,-4.1102966555392,1.23464149408829
2023-09-18,1.6913319239,1.23616733860196,-4.02713015182896,-5.65636468338444,-2.33624319371674,-3.64107012622203,1.19815285706386
2023-09-19,0.61808169921,1.23201874977771,-4.01366501519519,-5.65636468338444,-2.32808768675273,-3.64107012622203,0.800387826043561
2023-09-20,-1.9992181829,1.23326716457744,-4.01799598473608,-5.65636468338444,-2.33058203700919,-3.64107012622203,1.49903481938811
2023-09-21,-0.88893954071,1.11146029720852,-3.60924942775411,-5.17322441257541,-2.08910997261416,-3.41454091111286,1.37455354038859
2023-09-22,0.49445179102,1.19921173339231,-3.90279565400615,-5.54981560428333,-2.26296347277445,-3.57563954235269,1.07646098935345
2023-09-25,0.73802849147,1.18630148836333,-3.85943577780084,-5.45139709889412,-2.23732496173735,-3.54103527905969,1.29540055310981
2023-09-26,-2.339845525,1.13548463687058,-3.68933060627649,-5.22431093775593,-2.13666760183405,-3.47280432127313,1.17293600832713
2023-09-27,-0.88974180035,1.17287868749183,-3.81444893499791,-5.39066605796226,-2.21523493315966,-3.53477908242396,1.42367003388146
2023-09-28,0.15255530125,1.16863289252459,-3.79985822046834,-5.36145497935741,-2.20651153664168,-3.5279023075544,2.93524940908178
2023-09-29,0.30464584925,1.2026487877049,-3.91226989853369,-5.54981560428333,-2.27313125841064,-3.59029814927174,1.52254475926498
2023-10-02,1.4835582033,1.45446768431411,-4.75450274557892,-6.50042403057037,-2.7721153831245,-4.20603667662137,2.14566543388279
2023-10-03,-0.77697841734,1.28917667932299,-4.20109375548373,-5.80334130982683,-2.44426414900049,-3.72525007228133,1.36643236445174
2023-10-04,0.73085846852,1.39868235076134,-4.56757251440716,-6.21352465859375,-2.66138028700727,-4.0764725254875,1.34022937730121
2023-10-05,0.7197973051,1.30445526063435,-4.25256567704091,-5.97367224509189,-2.47470485102813,-3.78105036364528,1.09434109039951
2023-10-06,1.4750443086,1.29846834260532,-4.23283346958668,-5.92806250088684,-2.46307983252382,-3.76457371283727,1.36989302000385
2023-10-09,0.84511803489,1.19937163245103,-3.90221253797805,-5.54981560428333,-2.26710050093636,-3.5963064920235,0.905847356605518
2023-10-10,-0.33521425785,1.23326361312002,-4.01586514683515,-5.65636468338444,-2.33449830370628,-3.64021743751751,0.980485103081921
2023-10-11,0.79040304954,1.11569162974694,-3.62276061343986,-5.17322441257541,-2.10138907498309,-3.42655255693029,0.76264742462911
2023-10-12,0.50611790866,1.11184229997905,-3.61011002655759,-5.17322441257541,-2.09389971438827,-3.42655255693029,1.05743637476768
2023-10-13,-1.0292734213,1.0531260052841,-3.41309398566095,-4.96038816445286,-1.97730113722147,-3.28885604180693,1.29369519925392
2023-10-16,-0.072686608928,1.09850305987108,-3.56458371380023,-5.09855150715625,-2.067146138732,-3.37051239442811,1.54664724407854
2023-10-17,-0.87846911374,1.13209699236066,-3.67668859681099,-5.22431093775593,-2.13362140519364,-3.46543985704901,1.59816396834362
2023-10-18,-0.73948631107,1.19458180373231,-3.88563113321923,-5.51593287656326,-2.25743002633792,-3.56084801612234,1.46149856488665
2023-10-19,-0.21610555041,1.22477476680695,-3.9864279562298,-5.65636468338444,-2.31718123831688,-3.63282788416461,1.91294492002555
2023-10-20,-1.4704206087,1.23062800384587,-4.00543079158929,-5.65636468338444,-2.32847234729434,-3.64021743751751,1.17423499348967
2023-10-23,0.069412309131,1.32259974467895,-4.3133514642829,-5.97367224509189,-2.5108797776762,-3.84903430491324,1.65969471249016
2023-10-24,0.25433526007,1.21653605952363,-3.95830531845164,-5.58435677951915,-2.30048063243039,-3.61091024973481,1.45266691951676
2023-10-25,-1.3491697417,1.28810249134846,-4.19956333335586,-5.80334130982683,-2.44326975618909,-3.73273176104848,1.53509050028152
2023-10-26,-2.4605493863,1.25502063542073,-4.08810249279434,-5.65636468338444,-2.3773011539943,-3.70096360566213,2.52547575214637
2023-10-27,0.79693211101,1.26949969863023,-4.13488431449999,-5.69179973931818,-2.40940738781784,-3.72506801180301,1.97554713202873
2023-10-30,1.2305314469,1.41928256769085,-4.63579337803215,-6.37747985346207,-2.7065290756316,-4.14516819057049,1.74716091231222
2023-10-31,0.28187210046,1.37608084935866,-4.49079044004064,-6.16316470374848,-2.62093019623761,-4.03321114741212,1.15632446406319
2023-11-01,1.8738654331,1.34878005285815,-4.39968631481722,-6.06537094600571,-2.56676875010626,-3.94135935717376,1.53346224511417
2023-11-02,2.069322297,1.25938327592868,-4.10044656653435,-5.69179973931818,-2.38923694548575,-3.70143943958935,1.01495586348945
2023-11-03,-0.51810553587,1.31013092408926,-4.2706626822185,-5.97367224509189,-2.48991856726643,-3.79754101068344,2.53023947926955
2023-11-06,1.4605151429,1.18424789959134,-3.84845598170121,-5.42070802215,-2.24026248115914,-3.53462167596875,1.16172785130036
2023-11-07,1.4450705796,1.40815953546211,-4.59728419134556,-6.21352465859375,-2.68461754160145,-4.1102966555392,0.970849214295048
2023-11-08,0.58849411507,1.20537222706077,-3.91982190421365,-5.54981560428333,-2.27782699021617,-3.60458958565,0.844665517146639
2023-11-09,-0.26245284052,1.1698067429088,-3.80210446602208,-5.36145497935741,-2.20799146426919,-3.53462167596875,1.07962372457747
2023-11-10,2.3220069164,1.12415922854435,-3.64934135806458,-5.17322441257541,-2.11749452438234,-3.44102118881505,0.667831534336056
2023-11-13,-0.85836909857,1.16259396432154,-3.77812240119048,-5.36145497935741,-2.19383133920597,-3.51412626732,0.593207001068951
2023-11-14,1.4285714286,1.02157411107653,-3.30670608228847,-4.81398331211039,-1.91450810098851,-3.21891430354426,0.87144194129158
2023-11-15,0.30409731098,0.983263858957668,-3.17843694529124,-4.6472916957686,-1.83851793952827,-3.15640675464766,0.652990165687859
2023-11-16,0.90420722318,1.0267921969292,-3.32453042191668,-4.87471099007703,-1.92507675403991,-3.24608611132092,0.924463575658225
2023-11-17,-0.010542406926,0.979625260825813,-3.16635456824929,-4.5975603454618,-1.83134536900029,-3.15126431873735,0.65333772694908
2023-11-20,0.92782961674,1.01966132365265,-3.30042867511464,-4.81398331211039,-1.91083766172237,-3.21891430354426,0.627360361348167
2023-11-21,-0.42308696793,0.970676964561882,-3.13634514089997,-4.58149518729,-1.81358842511483,-3.13089059192874,0.478409571881653
2023-11-22,0.35144775502,0.966328572059619,-3.12191980923432,-4.56551154926484,-1.80154502529959,-3.11584205127348,0.734366922643934
2023-11-24,-0.70043385094,0.919560106946972,-2.96577015215492,-4.36008044826095,-1.70900322158664,-3.02073406655775,0.335963573805852
2023-11-27,-0.094751802862,0.969614683234138,-3.13396544866055,-4.58149518729,-1.80837016067747,-3.12585495440763,0.432503731289177
2023-11-28,0.32140787171,0.864201952827243,-2.78124862835153,-4.20603667662137,-1.59954348919831,-2.93935996367748,0.368988360006342
2023-11-29,-0.54096638642,0.87127851997761,-2.80511808483619,-4.23075980081826,-1.61368197775316,-2.94822123057967,0.630198898019969
2023-11-30,0.30627871347,0.842743484897159,-2.71016334916192,-4.15705454999091,-1.55782288047844,-2.8875172908051,0.606789331615097
2023-12-01,0.67912608574,0.900576486413192,-2.80490035040504,-4.23075980081826,-1.66836432546815,-2.98860677236907,0.686620639390964
2023-12-04,-0.94645471672,0.888611092376957,-2.76585807589092,-4.20603667662137,-1.64449260887496,-2.97062003758847,0.561268153846186
2023-12-05,2.106318957,0.920720264819203,-2.86963772553699,-4.30776252066422,-1.70790331898607,-3.02073406655775,1.811129796505
2023-12-06,-0.56871057786,0.902465739561377,-2.80941411612011,-4.23075980081826,-1.67101438781654,-2.99315598691897,0.667780478154032
2023-12-07,1.0139351081,1.17445818623916,-3.69062941093352,-5.22431093775593,-2.20886134324929,-3.53462167596875,0.639695488014778
2023-12-08,0.74123642353,0.989847997286774,-3.09233039584501,-4.54979040869348,-1.84357334358258,-3.16156590679843,0.661675663009996
2023-12-11,-1.292729038,0.985863606963722,-3.07901026420675,-4.53410485413978,-1.83525134795422,-3.16017074069216,0.787411469790889
2023-12-12,0.79200745422,0.988452116991257,-3.08755528105128,-4.53410485413978,-1.84057443061611,-3.16017074069216,0.441692363098464
2023-12-13,1.6691489907,1.02015271419506,-3.19006354522414,-4.66449289451294,-1.90302046702106,-3.22312139815432,0.887418392283042
2023-12-14,0.075772883611,0.893446694430308,-2.77950938554408,-4.20603667662137,-1.65233150833737,-2.97325279175272,1.19132838763195
2023-12-15,-0.2725758417,0.986993970405763,-3.08208810885272,-4.53410485413978,-1.8370164624051,-3.16017074069216,0.810849639902653
2023-12-18,-0.85033152818,1.06294738091656,-3.32816363268142,-4.87471099007703,-1.98719848938827,-3.29569913656087,0.742795902163579
2023-12-19,0.53601511063,1.00496117370111,-3.1404624387108,-4.58149518729,-1.87267391603784,-3.17058353452174,0.533033619233003
2023-12-20,-1.0713923021,0.991069864714274,-3.09578939254592,-4.54979040869348,-1.84545148325995,-3.17058353452174,0.569237864735198
2023-12-21,-0.076990196703,0.957147122491147,-2.98644657313267,-4.429248278016,-1.77887660938701,-3.08480357688148,0.862416678193152
2023-12-22,-0.55475652343,0.9489200450004,-2.95984783100571,-4.36008044826095,-1.76259842257655,-3.06086772178873,0.467759051069613
2023-12-26,-0.2840909091,0.987037251904982,-3.08312702172597,-4.53410485413978,-1.83769575207392,-3.16296606695079,0.318357837153003
2023-12-27,0.051800051733,0.89775691505463,-2.79431659623467,-4.23075980081826,-1.66151526771242,-2.97955168210856,0.496761179839343
2023-12-28,0.22262490311,0.845821349716634,-2.62631732858727,-4.03321114741212,-1.55899116852748,-2.8954191912328,0.374443967881984
2023-12-29,-0.54241140615,0.880260905217247,-2.73796301595178,-4.19371145923983,-1.62716666174573,-2.96596552107627,0.474533175207142
2024-01-02,-3.5786630655,0.845319266411662,-2.6247192685488,-4.03321114741212,-1.55794067854776,-2.89458496555434,1.76026647578788
2024-01-03,-0.74876104281,0.84636577250115,-2.72282570579614,-4.18854298534286,-1.56482544141298,-2.90108126912476,0.906050867032729
2024-01-04,-1.2700135687,1.13206596782995,-3.67968044600208,-5.17657950774483,-2.13006239256835,-3.4498436891194,0.973474896159852
2024-01-05,-0.4012973448,1.01727067857209,-3.2952801594411,-4.75665771713766,-1.90258805888935,-3.20270403170453,1.28545959849719
2024-01-08,2.4174853737,1.04943456598967,-3.40244772852004,-4.89733000998286,-1.96622058209403,-3.27445859150652,0.855356554907198
2024-01-09,-0.22634188408,1.13657202010617,-3.69449639078999,-5.17657950774483,-2.13877538096032,-3.4630346386,0.569318890762771
2024-01-10,0.56713838185,1.08311756892576,-3.51533517583976,-5.00664276990308,-2.03279331605893,-3.32608802908281,0.631870772019452
2024-01-11,-0.32225146351,0.983961011685293,-3.18308582684214,-4.59596529096744,-1.83629706658774,-3.14558783540394,1.02143581586946
2024-01-12,0.17781130446,0.982910652234092,-3.17938241477357,-4.59596529096744,-1.83428161378531,-3.14044749379726,0.632721675350334
2024-01-16,-1.2317125646,1.05220138699651,-3.41164936422818,-4.89733000998286,-1.97167027826774,-3.27445859150652,1.20840089763615
2024-01-17,-0.51734466042,0.955906854698612,-3.08886028002906,-4.48664172711935,-1.78107401713411,-3.07542903072015,1.01163112817499
2024-01-18,3.2570615283,1.07112359550824,-3.47501940804795,-4.93985130771029,-2.00960575435731,-3.30864402034732,1.31395484558866
2024-01-19,1.5533054127,1.05723722888338,-3.42830173550017,-4.89733000998286,-1.98187606162686,-3.28011603810087,0.828349860129025
2024-01-22,1.2163290874,1.13301051562317,-3.68200903566089,-5.17657950774483,-2.13183577073841,-3.4498436891194,1.02039269180271
2024-01-23,0.66532570017,1.04741124080251,-3.39513185498587,-4.89733000998286,-1.96221721305802,-3.26878004773203,0.676675219593236
2024-01-24,-0.348396352,1.09480711321595,-3.55415548619413,-5.02958165070469,-2.05611632644661,-3.34370022218807,0.736079848205792
2024-01-25,-0.16966580988,1.01581324737967,-3.28959778613073,-4.75665771713766,-1.89966530526533,-3.19208355509837,0.899204531449414
2024-01-26,-0.90127208105,1.01433082379815,-3.28438840088226,-4.75665771713766,-1.89652299908845,-3.19208355509837,0.510934527047962
2024-01-29,-0.35859058316,1.02417445011893,-3.31814692985916,-4.77569027021974,-1.9161978541323,-3.20807550027934,0.833386676319941
2024-01-30,-1.9245814427,0.940998151347891,-3.03918515885809,-4.42785518197629,-1.75119694747585,-3.02815004419065,1.20034326478245
2024-01-31,-1.9357583493,0.991424081992084,-3.20800300987716,-4.64670996620843,-1.85464955183176,-3.15105923712569,1.5126338692133
2024-02-01,1.3340563994,1.07643637755314,-3.49255879056268,-4.96166609037015,-2.02348590628087,-3.3202352390527,1.10154524300651
2024-02-02,-0.54051161296,1.15691437841905,-3.76181699346705,-5.28325477706667,-2.1830024455103,-3.5035948348715,2.70778711353786
2024-02-05,0.98466505242,1.10206116654944,-3.5766474930102,-5.05281778598413,-2.07435672635535,-3.39227651273714,1.81990690717084
2024-02-06,0.86317135556,1.40398645827358,-4.58720646664344,-6.15613081279355,-2.67349406177737,-4.074984089036,0.959119642969406
2024-02-07,0.058108821941,1.32241974453333,-4.31460264089039,-5.91758719972222,-2.511536369347,-3.81980204787417,0.830342259481496
2024-02-08,-0.57547119995,1.19434446690302,-3.88582316044149,-5.46433285569167,-2.2572697726859,-3.53742419007128,0.530899323301122
2024-02-09,0.40940025519,1.1489928707217,-3.73455527589609,-5.22818394388393,-2.16721310680057,-3.48996303038,0.429896934110397
2024-02-12,-0.90018533228,1.07894622569583,-3.50075857254209,-4.98383494399394,-2.02803322464508,-3.32608802908281,0.436940663454166
2024-02-13,-1.127437884,0.963394046405537,-3.11415786774085,-4.50181137811848,-1.79885544690488,-3.09607803395909,0.941557679541769
2024-02-14,-0.48097708614,0.899480843076126,-2.89979438260655,-4.26726645816055,-1.67225039035442,-2.98376745013125,0.747852731081978
2024-02-15,-0.15748031483,0.991903473429107,-3.20942967713279,-4.66425062983659,-1.85584492414139,-3.14627458796102,1.28014000257358
2024-02-16,-0.84303274234,0.95351673103962,-3.08074711932255,-4.48664172711935,-1.77969586765351,-3.06694562972222,1.00535082395469
2024-02-20,-0.41138719771,1.07771020284372,-3.49640757228901,-4.96166609037015,-2.02604032411904,-3.3202352390527,0.981375177899425
2024-02-21,0.41859440407,1.05630454373741,-3.42483632949497,-4.89733000998286,-1.98349539559367,-3.28011603810087,1.03673921089359
2024-02-22,1.1243966652,1.07458372748139,-3.48587346888067,-4.96166609037015,-2.01978019829869,-3.30864402034732,0.86257449848824
2024-02-23,-1.0034170419,1.08765059967065,-3.52940958786138,-5.00664276990308,-2.04572699414247,-3.33193547097955,0.592036777739921
2024-02-26,-0.74512382207,1.06384206889698,-3.44983683039501,-4.91859331332174,-1.9986276297518,-3.28574462431053,0.557094870991412
2024-02-27,0.81143740335,0.988219704541294,-3.19659006815191,-4.62948444296071,-1.8486819857715,-3.14627458796102,1.42941261290119
2024-02-28,-0.66254175099,0.96179572443366,-3.10762995360197,-4.50181137811848,-1.79621735683038,-3.09607803395909,0.725281708881038
2024-02-29,-0.36930878632,1.1269902047002,-3.66115600086444,-5.15107595045932,-2.12415763883317,-3.43679759775271,1.58451385215286
2024-03-01,-0.6030428769,0.998656467088846,-3.23100322263812,-4.700206673385,-1.86937579322127,-3.14627458796102,1.02763708515437
2024-03-04,-2.5381275741,1.16685996753061,-3.79553711878949,-5.31180820767736,-2.20327587699255,-3.5103682012224,1.51084556808507
2024-03-05,-2.844089092,1.09766193063938,-3.56369665493396,-5.02958165070469,-2.06810231406125,-3.35773897824537,1.13936861639096
2024-03-06,-0.58782036213,1.20734876718829,-3.93065177831584,-5.53200075563043,-2.29649592850519,-3.57679394847268,1.57053357780654
2024-03-07,-0.070955534557,1.14132944465795,-3.70932021864514,-5.17657950774483,-2.16476198321895,-3.48185283040711,1.10471957394207
2024-03-08,1.023668639,1.23527282697507,-4.02317391789222,-5.60326538349773,-2.35166858723371,-3.62655755058636,1.56663793647094
2024-03-11,1.1831546886,1.14890032929483,-3.73373955738361,-5.22818394388393,-2.17937146095239,-3.48855605056173,1.88700020961077
2024-03-12,0.27785817656,1.23701913236089,-4.02808155476391,-5.60326538349773,-2.35463446656936,-3.62655755058636,1.21079397699608
2024-03-13,-1.2122611557,1.29491219563653,-4.22247044058199,-5.82902859636842,-2.47032543263143,-3.73997707636708,0.657281639147788
2024-03-14,1.0927365163,1.20321779244132,-3.91585903038411,-5.49783861972766,-2.28771721571793,-3.57679394847268,1.66304755033132
2024-03-15,-0.21965317919,1.08383602286228,-3.51590171513792,-5.00664276990308,-2.04953664402249,-3.33194959539231,0.970810732898899
2024-03-18,0.63723786334,1.25602280254943,-4.0919160152991,-5.60326538349773,-2.39263472393583,-3.68619526947976,1.31411876581373
2024-03-19,1.358507944,1.13289587844908,-3.67975841767114,-5.17657950774483,-2.14715419281517,-3.46857491433819,0.936728284844525
2024-03-20,1.470922308,1.16364288541194,-3.78274948592176,-5.31180820767736,-2.20844413804649,-3.50862875527565,0.856667006561975
2024-03-21,-4.0857446689,1.09421533851939,-3.55060708391955,-5.02958165070469,-2.07010652420933,-3.36733615082512,2.01132217921237
2024-03-22,0.53101476333,1.08958143921008,-3.56424349022774,-5.01506108175385,-2.06486394814047,-3.35282594207763,1.1336834376981
2024-03-25,-0.83004411417,1.27399750925107,-4.18636774074925,-5.71070428514146,-2.43305458988221,-3.69622037268095,0.753177834546555
2024-03-26,-0.66725197539,1.15350309291976,-3.78033327765787,-5.28910332732963,-2.19280317740794,-3.49827430849592,0.563205884743706
2024-03-27,2.1212656886,1.07145991631272,-3.50380469357479,-4.99268976837273,-2.02928693360097,-3.32380989179598,0.88780333290037
2024-03-28,-1.0559113728,1.02409524345435,-3.34386366078666,-4.80533716162267,-1.93448928063778,-3.2397645049272,0.676431841531198
